"row_number","attempt","question_number","instruction","input_text","reference_output","server_response","status","eval_tokens","prediction_tokens","total_tokens","eval_tokens_per_sec","eval_ms_per_token","prediction_tokens_per_sec","prediction_ms_per_token","eval_energy_j","prediction_energy_j","accumulated_energy_j","sent_at","eval_done_at","prediction_done_at","received_at"
"0","1","0","How can you use technology to improve your customer service?","","There are several ways technology can be used to improve customer service including the following: 1. Implementing Chatbots: Chatbots can help provide a faster more personalized service to your customers. Equipped with artificial intelligence and natural language processing algorithms chatbots can quickly respond to customer queries saving customers time and providing them with immediate assistance. 2. Using Social Media: Using social media platforms to interact with customers is an excellent way to improve customer service. By maintaining an active presence on social media companies can respond to messages and comments promptly providing customers with an additional convenient way to reach out for support. 3. Creating a customer-centered website: The company's website should be designed to provide customers with all the relevant information they need about products and services. Features like FAQs and tutorial videos can simplify the user experience and provide better customer service. 4. Collect feedback: Collecting and analyzing feedback can be a powerful tool for improving customer service. By using surveys feedback forms and other tools to gather customer feedback companies can identify areas in which their service needs improvement and take action to address customer concerns. 5. Personalization: By leveraging customer data companies can provide a personalized experience to their customers. An AI-powered customer relationship management tool can track customer interactions and provide product/service recommendations based on their past experiences. In summary technology can be used in various ways to improve customer service. By implementing chatbots using social media developing a customer-centered website collecting feedback and personalizing the experience companies can provide better more efficient service to their customers.","Using technology effectively can significantly enhance customer service improve efficiency and create a more personalized experience. Here are key ways technology can be used to improve customer service: --- ### 1. **Customer Relationship Management (CRM) Systems** - **Personalization**: Track customer interactions and preferences to provide tailored service. - **Automation**: Use CRM tools to automate follow-ups reminders and responses. - **Data Integration**: Combine data from multiple channels (social media email chat) for a unified view of the customer. --- ### 2. **Chatbots and AI Assistants** - **24/7 Support**: Handle basic inquiries and FAQs through chatbots. - **Natural Language Processing (NLP)**: Understand and respond to customer questions in natural language. - **Reduced Wait Times**: Speed up response times and reduce manual labor. --- ### 3. **Online Portals and Self-Service Tools** - **Live Chat**: Offer real-time support through web portals or apps. - **FAQ Sections**: Help customers find answers without needing support. - **Self-Service Knowledge Bases**: Allow customers to find solutions on their own. --- ### 4. **Social Media Integration** - **Customer Feedback**: Monitor social media for customer sentiment","","23","256","279","52.640","18.997","22.733","43.989","2.80394","74.35931","77.16325","2026-07-06T23:51:53.920212","2026-07-06T23:51:54.357143","2026-07-06T23:52:05.618373","2026-07-06T23:52:05.619134"
"1","1","1","Sort the numbers 15 11 9 22.","","The sorted numbers in ascending order are: 9 11 15 22.","To sort the numbers **15 11 9 22** in ascending order we arrange them from smallest to largest. ### Step-by-step: 1. **Identify the smallest number**: - 9 2. **Identify the next smallest number**: - 11 3. **Identify the next smallest number**: - 15 4. **Identify the largest number**: - 22 ### Final sorted list (ascending): **9 11 15 22**","","30","127","157","54.107","18.482","22.851","43.762","3.46935","37.24413","40.71348","2026-07-06T23:52:05.622110","2026-07-06T23:52:06.176563","2026-07-06T23:52:11.734284","2026-07-06T23:52:11.734663"
"2","1","2","Create a list of 8 questions to ask prospective online tutors.","","1. What is your experience and educational background in the subject(s) you tutor? 2. How do you assess and track the progress of your students? 3. How do you engage and motivate students during online sessions? 4. Can you provide references from past or current students or their parents? 5. What is your tutoring approach or teaching method? 6. How do you accommodate different learning styles and needs? 7. What scheduling options do you offer for online sessions and what is your policy for cancellations or rescheduling? 8. How do you use technology to enhance and facilitate the learning experience during online sessions?","Certainly! Here's a list of **8 thoughtful questions** to ask prospective online tutors to help assess their suitability expertise and teaching style: 1. **What is your experience with online tutoring?** *To gauge their familiarity with the platform teaching methods and student interaction.* 2. **How do you tailor your teaching style to different learning styles?** *To determine if they understand and adapt to various student needs.* 3. **Can you provide an example of how you’ve helped a student improve in a subject?** *To assess their ability to apply their skills in practice.* 4. **How do you handle students who are not very familiar with the subject matter?** *To check if they can support learners at all levels.* 5. **How do you ensure that the lessons are engaging and not boring?** *To evaluate their ability to make learning interesting and effective.* 6. **What is your process for assessing a student’s understanding and progress?** *To determine if they provide regular feedback and support.* 7. **How do you communicate with students and parents?** *To assess their communication skills and transparency.* 8. **What are your expectations for the","","25","256","281","54.143","18.470","22.717","44.020","2.83588","75.68121","78.51709","2026-07-06T23:52:11.737302","2026-07-06T23:52:12.199041","2026-07-06T23:52:23.468172","2026-07-06T23:52:23.468689"
"3","1","3","Rewrite the given poem so that it rhymes","This world was far from perfect As the shadows have shown. The wickedness won’t relent As the risks have grown.","This world was far from ideal As the darkness did reveal. Wickedness refused to yield As dangers in the shadows peeled.","This world was far from perfect And the shadows still keep their place. The wickedness won’t relent But the risks have grown they’ve been.","","49","39","88","55.005","18.180","22.887","43.693","5.53636","11.19349","16.72986","2026-07-06T23:52:23.471739","2026-07-06T23:52:24.362567","2026-07-06T23:52:26.066599","2026-07-06T23:52:26.066875"
"4","1","4","Provide a realistic context for the following sentence.","She was frustrated and angry.","She was frustrated and angry after spending over an hour on hold with customer service only to be transferred multiple times without getting any resolution to her issue.","She was frustrated and angry after learning that her favorite movie had been canceled by the studio and she felt betrayed by the production team's decision to cut her favorite scene.","","27","38","65","53.768","18.598","23.019","43.443","2.86973","11.26679","14.13652","2026-07-06T23:52:26.069505","2026-07-06T23:52:26.571662","2026-07-06T23:52:28.222481","2026-07-06T23:52:28.222755"
"5","1","5","Change the text so that it follows the humorous tone. John and Amy bought a new car.","","Well well well look at John and Amy rolling in dough and cruising through the town in their brand spanking new car! Next thing you know they'll be waving at the peasants from their shiny chariot.","John and Amy bought a new car. And it came with a manual.","","31","20","51","54.982","18.188","23.025","43.431","3.56715","5.92700","9.49415","2026-07-06T23:52:28.225121","2026-07-06T23:52:28.788938","2026-07-06T23:52:29.657561","2026-07-06T23:52:29.657776"
"6","1","6","List ten scientific names of animals.","","1. Panthera pardus - Leopard 2. Loxodonta africana - African Elephant 3. Gorilla gorilla - Western Gorilla 4. Balaenoptera musculus - Blue Whale 5. Canis lupus - Grey Wolf 6. Felis catus - Domestic cat 7. Dermochelys coriacea - Leatherback Sea Turtle 8. Struthio camelus - Ostrich 9. Ursus maritimus - Polar Bear 10. Oryctolagus cuniculus - European Rabbit.","Here are ten scientific names of animals along with their common names for reference: 1. **Canis lupus** – Wolf 2. **Gallus gallus domesticus** – Domestic chicken 3. **Aedes aegypti** – Asian tiger mosquito 4. **Drosophila melanogaster** – Fruit fly 5. **Homo sapiens** – Human 6. **Oryctolophus tetanus** – Black soldier fly 7. **Tyrannosaurus rex** – Tyrannosaurus rex (common name) 8. **Lepidodendron** – A group of extinct plants (not an animal) 9. **Pteropodius** – A group of small marine animals (not a common name) 10. **Rattus norvegicus** – Norway rat Note: Some of these are scientific names but not all are commonly used in everyday language. For example **Tyrannosaurus rex** is a common name while **Canis lupus** is the scientific name for the wolf.","","19","237","256","53.359","18.741","22.428","44.588","2.03066","70.74332","72.77398","2026-07-06T23:52:29.660107","2026-07-06T23:52:30.016183","2026-07-06T23:52:40.583441","2026-07-06T23:52:40.583801"
"7","1","7","Given a list of items indicate which items are difficult to recycle.","Cans Plastic bags Glass bottles","Plastic bags are difficult to recycle.","Among the items you listed **plastic bags** and **glass bottles** are generally **difficult to recycle** while **cans** are **more easily recyclable** under certain conditions. ### Explanation: - **Cans (metal)**: Many cans are made of aluminum which is highly recyclable. However they are often flattened and stamped with a code which can make them harder to recycle in some regions. In many places cans are accepted in recycling bins but they may not be processed in the same way as other materials. - **Plastic bags**: These are typically made of polyethylene or polypropylene which are not easily recyclable in standard facilities. They are often not accepted in curbside recycling programs and when they are they may end up in landfills or incinerators. - **Glass bottles**: Glass is a durable and recyclable material. However it can be challenging to recycle because of the need for clean uncontaminated glass. Many glass bottles are not recycled in large quantities and they can be expensive to recycle. ### Summary: - **Cans** are **moderately recyclable** but may require special handling. - **Plastic bags** and **glass","","34","256","290","52.341","19.106","22.328","44.787","4.15157","76.12125","80.27283","2026-07-06T23:52:40.586559","2026-07-06T23:52:41.236150","2026-07-06T23:52:52.701719","2026-07-06T23:52:52.702076"
"8","1","8","Identify a stylistic device used by the author in the following sentence.","The cold breeze chills my bones.","The author has used personification in the sentence The cold breeze chills my bones. Personification is a figure of speech in which a non-human subject is given human characteristics. In this case the non-human subject is the cold breeze which is given the human characteristic of being able to chill someone's bones.","The stylistic device used in the sentence ** The cold breeze chills my bones. ** is a **simile**. A simile is a figure of speech that compares two different things using the word like or as. However in this sentence the comparison is not explicitly made with like or as but the **effect** is similar to a simile—using the **cold breeze** (a metaphor for cold air) to **chill** the bones implying a physical sensation of cold. So the **effect** is similar to a simile but the device itself is **not** a simile. The sentence uses **metaphor** (cold breeze as a metaphor for cold air) and **personification** (the breeze chills the bones). Therefore the **stylistic device** used is **metaphor**.","","35","188","223","52.045","19.214","22.391","44.660","4.16204","56.08300","60.24504","2026-07-06T23:52:52.704690","2026-07-06T23:52:53.377188","2026-07-06T23:53:01.773276","2026-07-06T23:53:01.773670"
"9","1","9","Determine the product of 3x + 5y","x = 2 y = 3","To determine the product of 3x + 5y when x = 2 and y = 3 we need to substitute the values of x and y into the expression 3x + 5y. Plugging in the value of x = 2 and y = 3 we have: 3x + 5y = 3(2) + 5(3) = 6 + 15 = 21 Therefore the product of 3x + 5y when x = 2 and y = 3 is 21.","We are given the expression: $$ 3x + 5y $$ and the values: $$ x = 2 \quad y = \frac{3}{5} $$ ### Step 1: Substitute $x = 2$ and $y = \frac{3}{5}$ into the expression. $$ 3x + 5y = 3(2) + 5\left(\frac{3}{5}\right) $$ ### Step 2: Simplify each term. $$ 3(2) = 6 $$ $$ 5\left(\frac{3}{5}\right) = 3 $$ ### Step 3: Add the results. $$ 6 + 3 = 9 $$ ### Final Answer: $$ \boxed{9} $$","","34","177","211","52.416","19.078","22.447","44.549","4.07497","52.84889","56.92386","2026-07-06T23:53:01.776218","2026-07-06T23:53:02.424871","2026-07-06T23:53:10.310123","2026-07-06T23:53:10.310431"
"10","1","10","Generate a title for the article given the following text.","Scientists have found a new species of plant living in the high mountains of South America.","- Discovery of new plant species on South America's high mountains announced by scientists","**New Plant Species Discovered in the High Mountains of South America**","","40","18","58","54.027","18.509","22.631","44.188","4.90010","5.38835","10.28845","2026-07-06T23:53:10.313048","2026-07-06T23:53:11.053413","2026-07-06T23:53:11.848798","2026-07-06T23:53:11.848996"
"11","1","11","Create a small animation to represent a task.","Ticket Booking","I'm an AI language model so I do not have the ability to create animations. However I can describe an animation that could represent a ticket booking task: 1. The animated scene opens up on a calendar marked with a particular date. 2. An icon of a train moves across the screen and stops at the marked date. 3. The users hand moves about the screen selecting various options such as the place of departure destination and the class of seat. 4. The user taps on the icon of a train. 5. A series of train seats appear on the screen the user again moves about the screen selecting a seat. 6. A ticket stamped with the date seat number departure and destination details appear on the screen and the animation ends.","Creating a small animation to represent a **ticket booking** task can be done using HTML CSS and JavaScript. Here's a simple animation showing the process of booking a ticket such as selecting a seat confirming the booking and displaying a success message. --- ### 🎬 **Ticket Booking Animation (HTML + CSS + JavaScript)** #### ✅ Features: - User selects a seat. - Animation shows the seat being booked. - Confirmation message appears. --- ### 🧩 HTML (index.html) ```html <!DOCTYPE html> <html lang= en > <head> <meta charset= UTF-8 > <meta name= viewport content= width=device-width initial-scale=1.0 > <title>Ticket Booking Animation</title> <style> body { margin: 0 padding: 0 background: #f0f0f0 font-family: Arial sans-serif } .container { max-width: 600px margin: 40px auto background: #fff padding: 30px border-radius: 10px box-shadow: 0 0","","23","250","273","52.631","19.000","21.901","45.660","2.87026","76.52177","79.39203","2026-07-06T23:53:11.851250","2026-07-06T23:53:12.288258","2026-07-06T23:53:23.703147","2026-07-06T23:53:23.703591"
"12","1","12","Generate a deeper understanding of the idiom bringing home the bacon .","","The idiom bringing home the bacon is a colloquial expression which has its origins in the early 20th century. This phrase alludes to the idea of providing for one’s family or household by earning a steady income usually in the form of wages or salary in order to put food on the table or to fulfill the financial needs of the family. Often the expression is used to describe someone who is the primary breadwinner of the family the one who brings in the most financial resources thereby bringing home the bacon . The idiom has its origins in the rural setting where pig farming was a prominent source of livelihood. Bacon was and still is considered a staple food in many households and bringing a steady supply of it meant that the family was sufficiently provided for. In contemporary usage however the phrase has lost its direct reference to meat and has come to symbolize the act of providing for one's family through their earnings. In summary “bringing home the bacon” means to earn a living for one’s family while providing them with the necessities and comforts of life.","The idiom ** bringing home the bacon ** is a common expression used in English particularly in the United States to describe a person who **works hard and earns a living**. The phrase is a bit of a play on words as bacon is both a food item and a metaphor for **hard work** or **earnings**. ### Meaning: - ** Bacon ** is a food that is **earned** through labor. It is a **source of sustenance** and a **necessary part** of life. - ** Bringing home the bacon ** is a way of saying that a person **works hard** and **sustains themselves** through their labor. - The phrase can also be used **metaphorically** to describe someone who **works hard** and **supports their family**. ### Variations and Usage: - ** Bringing home the bacon ** is often used in a **lighthearted colloquial** tone especially in **American English**. - It can also be used in **more formal** contexts but it's usually **informal** and **relatable**. - The phrase is often associated with **working-class","","26","256","282","53.463","18.705","22.423","44.598","2.90877","76.31321","79.22198","2026-07-06T23:53:23.706222","2026-07-06T23:53:24.192544","2026-07-06T23:53:35.609622","2026-07-06T23:53:35.609975"
"13","1","13","Identify and correct the subject verb agreement error in the sentence.","The box of tools are in the garage.","The sentence should be corrected to: The box of tools is in the garage.","The sentence ** The box of tools are in the garage ** contains a **subject-verb agreement error**. ### Error: - **Subject:** The box of tools (singular but treated as plural) - **Verb:** are (plural) ### Corrected sentence: ** The box of tools is in the garage. ** ### Explanation: - The box of tools is a **singular** noun phrase. Even though it includes tools (a plural noun) the **subject** is the box (singular) so the verb should be **is**. - Tools is a plural noun but it's not the subject here—it's the object of the preposition of in the box of tools. ### Final corrected sentence: ** The box of tools is in the garage. **","","34","178","212","52.211","19.153","22.441","44.561","4.14284","52.88317","57.02601","2026-07-06T23:53:35.612734","2026-07-06T23:53:36.263938","2026-07-06T23:53:44.195725","2026-07-06T23:53:44.196222"
"14","1","14","Write a design document to describe a mobile game idea.","Game Idea: A battle royale game with a superhero and villain theme.","__Overview__ The game will be a multiplayer battle royale game where players can choose to play as superheroes or villains. The game will be set in an urban landscape and during the battle the players will need to fight to be the last one standing. __Gameplay__ The game begins with the players selecting their characters. There will be a selection of superheroes and villains to choose from each with its own unique abilities and powers. Once the players have chosen their characters they will be transported to an urban landscape that will serve as the battlefield. The objective of the game is to eliminate all other players and be the last one standing. The players' powers and abilities can be used to attack defend or move around the battlefield. The urban landscape will have plenty of hiding spots vantage points and areas with power-ups that will aid the players in the battle. As the battle progresses the playable area will shrink forcing players to move to a smaller area and increase the likelihood of encountering other players. The game will end when only one player is left standing. __Monetisation__ The game will be a free-to-play title with in-app purchases. These purchases can be used to buy new characters skins or power-ups. The game will also feature advertisements between rounds. __Target Audience__ The target audience for this game is teenagers and young adults who are fans of superhero and/or villain lore. The game will appeal to those who enjoy action-packed games with a competitive edge. __Design__ The game will feature colorful 3D graphics and will have a lively and action-packed soundtrack that will match the fast-paced gameplay. The controls will be intuitive with players able to move attack and activate their abilities through simple gestures. __Conclusion__ In conclusion this battle royale game with a superhero and villain theme promises to be an action-packed adrenaline-pumping experience for players. With a wide selection of characters to choose from and a dynamic urban battlefield the game will keep players engaged and entertained for hours on end.","# **Design Document: Hero vs. Villain: Battle Royale ** --- ## **1. Overview** **Game Title:** *Hero vs. Villain: Battle Royale* **Genre:** Battle Royale / Action / Survival **Platform:** Mobile (iOS & Android) **Target Audience:** 12–24 years old casual to mid-core gamers **Theme:** Superhero vs. Villain – dynamic fast-paced and action-packed. --- ## **2. Game Concept** **Core Idea:** A mobile battle royale game where players control a superhero or villain navigating through a shrinking world avoiding enemies and collecting resources to survive until the last player. **Gameplay:** - 2–4 players compete in a shrinking arena. - Players are given a starting Power Level (e.g. Hero: 100 Villain: 100). - Players can choose to be either Hero or Villain. - As the game progresses the arena shrinks and players must be strategic to survive. - The game features: - Resource collection (e.g. energy weapons shields). - Boss battles. - Leaderboards. - Multiplayer","","38","256","294","53.282","18.768","22.366","44.712","4.87524","76.34985","81.22510","2026-07-06T23:53:44.199001","2026-07-06T23:53:44.912181","2026-07-06T23:53:56.358326","2026-07-06T23:53:56.358692"
"15","1","15","Infer the meaning of the phrase “you’re going over the top with that.”","","The phrase “you’re going over the top with that” typically means that someone is behaving in an excessive or exaggerated manner. They may be putting too much effort or emotion into something or taking an approach that is considered extreme. The phrase can also imply that the actions being taken are unnecessary or unwarranted.","The phrase ** you’re going over the top with that ** is an idiomatic expression that means **something is too much excessive or unrealistic**. It is often used to criticize someone for being overly dramatic unrealistic or making a claim that seems out of proportion. ### Example: > You’re going over the top with that comment—there’s no way that’s true! ### Meaning: - ** Going over the top ** means being **too idealistic exaggerated or unrealistic**. - The phrase is **negative** implying that the person is **overdoing** something or making an **unrealistic claim**. ### Synonyms: - Too much - Excessive - Unrealistic - Over the top Let me know if you'd like the phrase used in different contexts!","","29","171","200","53.798","18.588","22.479","44.486","3.64952","50.78684","54.43636","2026-07-06T23:53:56.361514","2026-07-06T23:53:56.900569","2026-07-06T23:54:04.507669","2026-07-06T23:54:04.507989"
"16","1","16","Name two players from the Chiefs team?","","Two players from the Kansas City Chiefs team are Patrick Mahomes and Tyreek Hill.","Two players from the Kansas City Chiefs (NFL team) are: 1. **Mike Vinyard** – A former quarterback who played for the Chiefs from 1978 to 1980. 2. **Dakota Johnson** – A current linebacker for the Chiefs playing in the NFL since 2019.","","20","74","94","51.906","19.266","22.659","44.133","2.12057","21.91367","24.03424","2026-07-06T23:54:04.510462","2026-07-06T23:54:04.895775","2026-07-06T23:54:08.161609","2026-07-06T23:54:08.161974"
"17","1","17","Identify the chemical reaction type for the following equation.","Al + O2 → Al2O3","The chemical reaction type for the given equation Al + O2 → Al2O3 is a synthesis reaction or a direct combination reaction. In this reaction two or more substances Aluminum and Oxygen react to form a single product Aluminum oxide.","The chemical reaction given is: **Al + O₂ → Al₂O₃** ### Type of Reaction: **Combustion (or Oxidation)** ### Explanation: - **Aluminum (Al)** reacts with **oxygen (O₂)** to form **aluminum oxide (Al₂O₃)**. - This is a **combination reaction** where two elements combine to form a single compound. - The reaction is **oxidizing** because oxygen (a strong oxidizing agent) is being reduced (gaining electrons). ### Balanced Equation (if needed): $$ 4\text{Al} + 3\text{O}_2 \rightarrow 2\text{Al}_2\text{O}_3 $$ ### Summary: - **Type of reaction**: Combustion (oxidation) - **Reactants**: Aluminum oxygen - **Products**: Aluminum oxide Let me know if you'd like the reaction written in a different format or if you need more details!","","32","208","240","53.898","18.554","22.185","45.075","3.56444","62.74024","66.30469","2026-07-06T23:54:08.164480","2026-07-06T23:54:08.758196","2026-07-06T23:54:18.133698","2026-07-06T23:54:18.134161"
"18","1","18","Generate a phrase using these words","love summer","Summer is the season of love and sunshine.","Love the summer.","","22","8","30","53.523","18.683","22.784","43.890","2.72526","1.91521","4.64047","2026-07-06T23:54:18.136595","2026-07-06T23:54:18.547631","2026-07-06T23:54:18.898754","2026-07-06T23:54:18.899013"
"19","1","19","Split the following sentence into two separate sentences.","He said hello and waved goodbye.","He said hello. He waved goodbye.","He said hello. He waved goodbye.","","28","13","41","54.409","18.379","22.776","43.907","3.45127","3.31315","6.76442","2026-07-06T23:54:18.901261","2026-07-06T23:54:19.415881","2026-07-06T23:54:19.986669","2026-07-06T23:54:19.986928"
"20","1","20","Generate a list of 10 items one would need to prepare a simple sandwich","","Here is a list of 10 items one would need to prepare a simple sandwich: 1. Sliced bread - Both white and whole wheat are fantastic options for a sandwich. 2. Spread - There are many sandwich spreads to choose from including mayonnaise mustard or butter. 3. Protein filling - Choose what you like best or whatever you have on hand like chicken ham turkey or tuna. 4. Lettuce - Fresh leaves of lettuce add a crunch to your sandwich and are a great source of fiber. 5. Tomato - Slice it and layer it in they add flavor and moisture to the sandwich. 6. Cheese - Slices of cheese like swiss cheddar or mozzarella add an extra level of taste and richness. 7. Onion - Thinly sliced red onion adds a sweet and slightly spicy flavor to the mix. 8. Cucumber - Thinly sliced cucumber is crisp refreshing and low in calories. 9. Salt and pepper - A little seasoning brings out the flavor of all the other ingredients. 10. A knife - You will need a knife to spread condiments slice vegetables and cut your sandwich in half if preferred.","Sure! Here's a list of 10 simple items you would need to prepare a basic sandwich: 1. Bread – any type (white whole grain sourdough etc.) 2. Sandwich meat or fillings – like bread cheese meat or hummus 3. Cheese – optional but common in many sandwiches 4. Meat – like turkey ham beef or chicken 5. Egg – optional but common in some sandwiches (like a sandwich egg) 6. Lettuce or greens – for crunch and freshness 7. Tomato or avocado – for added flavor and texture 8. Condiments – like mayonnaise mustard or芥末 (wasabi) 9. Butter or spreads – for the bread 10. Butter or sauce – for the bread (optional) These are the basic ingredients needed to make a simple classic sandwich!","","28","190","218","54.436","18.370","22.456","44.532","3.52739","56.20029","59.72769","2026-07-06T23:54:19.989121","2026-07-06T23:54:20.503485","2026-07-06T23:54:28.964565","2026-07-06T23:54:28.965006"
"21","1","21","Create a list of website ideas that can help busy people.","","1. Virtual Assistant Services: A website that provides virtual assistance services to busy individuals to assist them with their daily tasks and commitments. 2. Online Grocery Delivery: A website that specializes in delivering groceries right to the doorstep saving busy people the time and effort of going to the grocery store. 3. Appointment Scheduling: A website that provides an easy and efficient way to schedule appointments book reservations and manage a busy calendar. 4. On-Demand Cleaning Services: A website that offers on-demand cleaning services making it easier for busy individuals to keep their homes tidy without sacrificing their time. 5. Personal Concierge: A website that provides personal concierge services for busy people such as booking travel arrangements conducting research or running errands. 6. Virtual Nutritionist: A website that provides personalized nutrition plans and meal recommendations for busy individuals who want to eat healthily but don't have the time to plan their meals. 7.Task Management: A website that helps busy people manage and organize their tasks and responsibilities prioritizing them and ensuring nothing falls through the cracks. 8. Virtual Fitness trainer: A website that provides personalized virtual fitness training for busy people who don't have the time to hit the gym. 9. Virtual Therapy: A website that offers virtual therapy and mental health services providing a convenient and accessible way for busy individuals to prioritize their mental health and well-being. 10. On-demand Child-care Services: A website that provides on-demand childcare services to help busy parents find reliable and trustworthy caregivers for their children when they need an extra hand.","Here’s a list of **website ideas** tailored for **busy people** focusing on **time-saving productivity and convenience**. These can be personal business-focused or niche tools that help busy individuals manage their time tasks and lifestyle more efficiently. --- ### **1. Time Management & Productivity Tools** - **TimeBlocker** – A personal time management tool with calendar task list and progress tracking. - **TodoList Pro** – A customizable task manager with reminders deadlines and project tracking. - **FocusTimer** – A single-task timer with background noise and break reminders. - **Pomodoro Tracker** – Tracks work-rest cycles with time-stamped progress. --- ### **2. Scheduling & Calendar Solutions** - **SmartCalendar** – A web-based calendar with AI scheduling event reminders and calendar sync. - **Deadline Alert** – A website that sends alerts when a task is due or has been delayed. - **TimeCrafter** – A tool to create and manage personal schedules with goals and milestones. --- ### **3. Task & Goal Management** - **GoalMaster** – A dashboard for tracking personal and professional goals. - **TaskPlanner** – A tool for","","24","256","280","53.193","18.799","22.422","44.599","2.76000","76.44967","79.20967","2026-07-06T23:54:28.967582","2026-07-06T23:54:29.418765","2026-07-06T23:54:40.836067","2026-07-06T23:54:40.836561"
"22","1","22","Write a general overview of quantum computing","","Quantum computing is a relatively new and rapidly evolving field that seeks to harness the principles of quantum mechanics to perform operations on data in ways that classical computers cannot. At its core a quantum computer uses qubits (quantum bits) rather than the traditional bits of classical computing. A qubit is a unit of quantum information that can exist in both a 0 and 1 state simultaneously due to the quantum phenomenon known as superposition. This ability to occupy multiple states at once allows qubits to perform multiple calculations simultaneously potentially allowing quantum computers to solve certain problems much faster than their classical counterparts. For certain tasks such as factoring large numbers quantum computers can offer significant advantages in speed and efficiency. Quantum mechanics also allows for another powerful capability called entanglement which is a kind of correlation between separated particles that allows them to behave as one system even when separated by large distances. This property can be leveraged to create quantum algorithms that are more efficient than classical algorithms for specific types of problems such as optimization or machine learning. The field of quantum computing is still in its early stages and both theoretical and practical challenges remain. However as technology improves quantum computers are expected to have major implications for fields such as cryptography chemistry and artificial intelligence among others.","Quantum computing is a revolutionary field of computer science that leverages the principles of quantum mechanics to process information in ways that classical computers cannot. Here's a general overview of quantum computing: --- ### **1. Basic Principles of Quantum Computing** Quantum computing uses **quantum bits (qubits)** which are the fundamental units of quantum information. Unlike classical bits which can be either 0 or 1 qubits can be in a state of **0 1 or both** at the same time due to the **superposition** principle. Other key quantum principles include: - **Entanglement**: Qubits can be entangled meaning the state of one qubit is directly related to the state of another regardless of the distance between them. - **Quantum Interference and Diffusion**: These are used to manipulate the quantum states of qubits in complex ways. - **Quantum Gates**: These are the operations that manipulate qubits similar to classical logic gates but using quantum states. --- ### **2. How Quantum Computers Work** Quantum computers are designed to solve certain problems much faster than classical computers particularly in areas like: - **Shor's Algorithm**: Factoring large numbers exponentially faster than classical computers","","19","256","275","53.012","18.864","22.458","44.528","2.18028","76.35041","78.53069","2026-07-06T23:54:40.839309","2026-07-06T23:54:41.197716","2026-07-06T23:54:52.596774","2026-07-06T23:54:52.597147"
"23","1","23","State the possible outcomes of a six-sided dice roll.","","The possible outcomes of rolling a six-sided dice are: 1 2 3 4 5 and 6. Each number has an equal probability of being rolled which is 1/6.","A six-sided die also known as a **d6** has **six faces** each marked with a distinct number from **1 to 6**. ### Possible Outcomes of a Six-Sided Die Roll: - **1** - **2** - **3** - **4** - **5** - **6** These are the **only possible outcomes** when rolling a six-sided die. Each outcome has an equal probability of **1/6**.","","23","101","124","52.651","18.993","22.604","44.240","2.87561","29.43286","32.30848","2026-07-06T23:54:52.599801","2026-07-06T23:54:53.036642","2026-07-06T23:54:57.504835","2026-07-06T23:54:57.505187"
"24","1","24","Rearrange the following words to make a meaningful sentence: the / project / was / but / on / successful / challenging.","","The project was challenging but successful.","The project was but a challenging one.","","38","12","50","53.060","18.847","22.704","44.044","4.75843","3.33760","8.09603","2026-07-06T23:54:57.507643","2026-07-06T23:54:58.223812","2026-07-06T23:54:58.752345","2026-07-06T23:54:58.752609"
"25","1","25","Create a quiz that asks about the first Thanksgiving.","","H Welcome to the Thanksgiving Quiz! Are you ready to test your knowledge about the first Thanksgiving? Let's begin! 1) In what year was the first Thanksgiving celebration held? a) 1512 b) 1621 c) 1700 d) 1776 2) The pilgrims celebrated the first Thanksgiving with which Native American tribe? a) Cherokee b) Sioux c) Wampanoag d) Navajo 3) Why did the pilgrims celebrate the first Thanksgiving? a) To celebrate their arrival in America b) To give thanks for a successful harvest c) To mark the end of a war d) To celebrate a wedding 4) What was the main dish served at the first Thanksgiving? a) Turkey b) Beef c) Venison d) Ham 5) How long did the first Thanksgiving celebration last? a) 1 day b) 3 days c) 1 week d) 2 weeks 6) True or False: The first Thanksgiving was actually called Thanksgiving by the pilgrims. 7) Which of these foods were NOT served at the first Thanksgiving? a) Pumpkins b) Potatoes c) Corn d) Cranberries 8) True or False: The first Thanksgiving was a religious event. 9) Who organized the first Thanksgiving feast? a) William Bradford b) John Smith c) Christopher Columbus d) George Washington 10) How many people attended the first Thanksgiving? a) 50 b) 90 c) 120 d) 140 Answers: 1) b) 1621 2) c) Wampanoag 3) b) To give thanks for a successful harvest 4) c) Venison 5) b) 3 days 6) False 7)b) Potatoes 8)False 9) a) William Bradford 10) b) 90 Congratulations for finishing the quiz! How many questions did you answer correctly?","Certainly! Here's a **quiz** about the **First Thanksgiving** (1621) the annual celebration of the first harvest in the New World held in **Wampanoag territory** in **Present-Day Massachusetts**. --- ### **Quiz: The First Thanksgiving – 1621** **1. When was the First Thanksgiving celebrated?** A. 1620 B. 1621 C. 1615 D. 1618 **Correct Answer: B. 1621** --- **2. Who was the leader of the Wampanoag tribe at the time?** A. Chief White Buffalo B. Chief Massaud C. Chief Osawatomie D. Chief Nipmuc **Correct Answer: B. Chief Massaud** (though this is slightly disputed as Massaud is a common variant of Mashaw or Massaw — a Wampanoag name) --- **3. What was the main food at the First Thanksgiving?** A. Corn B. Potatoes C. Wheat D. Grains **Correct","","22","256","278","53.526","18.682","22.359","44.724","2.84744","76.25226","79.09970","2026-07-06T23:54:58.754860","2026-07-06T23:54:59.165872","2026-07-06T23:55:10.615320","2026-07-06T23:55:10.615863"
"26","1","26","Given a quotation present an argument as to why it is relevant today.","Everybody is a genius. But if you judge a fish by its ability to climb a tree it will live its whole life believing that it is stupid. – Albert Einstein","The quotation by Albert Einstein is as relevant today as it was when he first spoke these words. The quote reminds us of the importance of recognizing the value of diverse talents skills and abilities. In today's society there is a lot of pressure to conform to certain standards and benchmarks of success which often involves excelling in traditional academic subjects and pursuing certain career paths. However Einstein's words remind us that everyone has their own unique strengths and abilities and judging someone by a narrow set of criteria is unfair and can lead to feelings of inadequacy and low self-esteem. This is especially relevant in the context of education where standardized testing and cookie-cutter curriculums often fail to account for the diverse range of abilities and learning styles among students. The quote also speaks to the importance of celebrating diversity and individuality rather than trying to fit everyone into the same mold. By recognizing and nurturing the unique talents and abilities of each person we can create a more inclusive and equitable society where everyone has the opportunity to reach their full potential.","This quotation by Albert Einstein is highly relevant today in the context of **education** **self-perception** and **critical thinking**. Einstein is critiquing the way people often judge others based on preconceived notions or limitations. Just as a fish cannot climb a tree humans often assume they are superior or more capable in certain areas leading them to believe they are stupid or unfit for those areas. This mindset can be harmful especially in a world where **individual differences** and **diversity of thought** are celebrated. Today this idea resonates in various fields: 1. **Education**: The pressure to conform and fit into a particular ideal or standard can stifle creativity and personal growth. 2. **Cultural and Social Contexts**: Judging someone based on a single aspect of their life or abilities can lead to misunderstandings and exclusion. 3. **Personal Development**: Embracing one's unique strengths and limitations rather than trying to fit into societal expectations is crucial for self-actualization. In a rapidly changing and often dehumanizing world Einstein's quote reminds us to **value individual potential** and **challenge assumptions**.","","62","256","318","55.228","18.107","22.280","44.883","7.66015","77.05960","84.71974","2026-07-06T23:55:10.619029","2026-07-06T23:55:11.741639","2026-07-06T23:55:23.231698","2026-07-06T23:55:23.232183"
"27","1","27","You are given an article about a new scientific discovery. Provide three potential implications of the discovery.","In a groundbreaking discovery researchers have successfully generated electricity from a material that mimics the way plants produce energy through photosynthesis. The material a synthetic polymer can absorb sunlight and produce electrical current with remarkable efficiency. This discovery has the potential to revolutionize the renewable energy landscape.","1. Reduction in the use of fossil fuels: If the synthetic material can be commercialized it could contribute to a shift away from fossil fuels reducing greenhouse gas emissions.\n2. Development of new technology: The discovery could pave the way for the development of new solar energy technologies such as flexible and portable solar panels.\n3. Widespread implementation of renewable energy: Given the potential efficiency of the new material more people and businesses may embrace renewable energy sources helping to combat climate change.","1. **Renewable Energy Revolution**: This discovery could lead to the development of more efficient and cost-effective solar energy technologies significantly enhancing the viability of renewable energy sources. 2. **Energy Storage and Conversion**: The ability to convert sunlight into electrical current with high efficiency could pave the way for new methods of energy storage and conversion improving the overall reliability of renewable power systems. 3. **Sustainable Industrial Applications**: The synthetic polymer's efficiency in capturing and converting sunlight may inspire new materials and processes for industries looking to reduce their carbon footprint and increase energy efficiency.","","87","117","204","55.370","18.060","22.352","44.738","10.23007","35.53235","45.76243","2026-07-06T23:55:23.235486","2026-07-06T23:55:24.806739","2026-07-06T23:55:30.041108","2026-07-06T23:55:30.041421"
"28","1","28","Answer the given open-ended question.","What is the most common emotion people feel when they lose a loved one?","The most common emotion people feel when they lose a loved one is grief. Grief is a natural response to loss and it involves a range of feelings from sadness and disbelief to anger guilt and loneliness. The grieving process is different for everyone and it can take time for people to come to terms with their loss and begin to heal.","The most common emotion people feel when they lose a loved one is **grief**. Grief is a complex and deeply personal experience but it is widely recognized as the primary and most prevalent emotion associated with loss of a loved one. Other emotions may accompany grief such as sadness anger confusion or depression but grief itself is the dominant and most common emotional response.","","34","81","115","52.413","19.079","22.644","44.163","4.15836","23.99890","28.15726","2026-07-06T23:55:30.046666","2026-07-06T23:55:30.695355","2026-07-06T23:55:34.272537","2026-07-06T23:55:34.272814"
"29","1","29","Construct a compound word using the following two words:","Computer science","The compound word constructed from the words computer and science is: Computer science","A compound word formed from computer and science could be ** computerscience **. This is a compound word where the two words are joined without a hyphen or space as it's a single term that combines the concepts of a computer and science.","","25","62","87","52.778","18.947","22.661","44.128","2.86175","18.64023","21.50198","2026-07-06T23:55:34.275341","2026-07-06T23:55:34.749025","2026-07-06T23:55:37.484988","2026-07-06T23:55:37.485246"
"30","1","30","Create a poetic metaphor that compares the provided person to an object or concept.","A runner","A runner is like a flame Fueled by the fire in their heart Racing with passion flickering with grace A force that cannot be easily extinguished Motion in its purest form A light that guides the way.","A runner is a compass always moving always true guiding the soul through the labyrinth of time.","","29","25","54","53.656","18.637","22.760","43.938","3.51516","7.32432","10.83948","2026-07-06T23:55:37.487611","2026-07-06T23:55:38.028090","2026-07-06T23:55:39.126528","2026-07-06T23:55:39.126746"
"31","1","31","List the advantages of eating a plant-based diet for athletes.","","1. Improved Heart Health: A plant-based diet has been shown to decrease the risk of heart disease and other cardiovascular issues making it an excellent choice for athletes who need to keep their heart in top condition. 2. Enhanced Recovery Time: The anti-inflammatory properties of plant foods can help speed up recovery time post-workout by reducing inflammation and muscle soreness. 3. Increased Energy: Many plant foods contain complex carbohydrates that provide sustained energy making it easier to train harder for longer. 4. Healthy Weight Maintenance: Plant-based diets are usually high in fiber and low in saturated fats which makes it easier to maintain a healthy weight reducing the risk of obesity and related health conditions. 5. Reduced Risk of Chronic Diseases: Plant-based diets have been linked to a lower risk of chronic diseases such as diabetes and certain types of cancer keeping athletes in excellent overall health. 6. Better Digestion: The high fiber content of plant-based diets aids in digestion reducing the risk of gastrointestinal problems that can interfere with athletic performance. 7. Increased Nutrient Intake: Plant foods are rich in essential vitamins and minerals that enhance overall health and improve athletic performance such as iron for oxygen transport and calcium for strong bones. 8. Positive Environmental Impact: Eating a plant-based diet is not just good for athletes' health it also has a positive impact on the environment by reducing the carbon footprint of food production. 9. Cost-Effective: Plant-based diets can be cost-effective making it easier for athletes to eat healthily on a budget. 10. Improved Mental Health: Plant foods have been shown to improve mood and reduce anxiety and depression improving the overall mental wellbeing of athletes.","Eating a plant-based diet can offer several advantages for athletes particularly in terms of health performance and recovery. Here are the key benefits: --- ### **1. Improved Energy and Performance** - **Higher Iron Content**: Plant-based diets are rich in iron (non-heme) which is better absorbed than in red meat. This can help prevent anemia and support energy production. - **Fiber and Bacteria**: Plant-based diets support gut health which is linked to better energy metabolism and digestion. --- ### **2. Reduced Risk of Injury** - **Lower Oxidative Stress**: Plant-based diets are generally lower in processed meats and higher in antioxidants which can reduce cellular damage and support recovery. - **Balanced Macronutrients**: Plant-based diets can provide adequate protein energy and nutrients to support athletic performance. --- ### **3. Weight Management** - **Satiety and Sustained Energy**: Plant-based foods are often more filling and have a lower glycemic index helping with weight management and energy stability. - **Lower Risk of Obesity**: Plant-based diets are associated with lower rates of obesity and related health issues. --- ### **4. Enhanced Recovery and Healing** - **Antioxidant-Rich**: Plant","","24","256","280","53.259","18.776","22.414","44.616","2.90738","76.40106","79.30844","2026-07-06T23:55:39.129022","2026-07-06T23:55:39.579646","2026-07-06T23:55:51.001323","2026-07-06T23:55:51.001841"
"32","1","32","Generate a conversation about sports between two friends.","","Friend 1: Hey did you watch the game last night? Friend 2: Which one? There were so many on! Friend 1: The football game between the Steelers and the Ravens. Friend 2: Oh yes I did catch that one. It was a great game! Friend 1: Yeah the Steelers really pulled through in the end. Friend 2: I know! I was biting my nails the whole time. Friend 1: Did you see that catch by Brown? Friend 2: Oh yeah! That was insane. Friend 1: It's always great to watch these two teams play against each other. Friend 2: Definitely. They have such a strong rivalry. Friend 1: Speaking of rivalries are you planning on watching the basketball game between the Lakers and the Celtics next week? Friend 2: Yeah I'm really looking forward to that one. It's always a classic matchup. Friend 1: I know right? It's going to be epic. Friend 2: I can't wait. It's going to be a great game. Friend 1: For sure. Sports are always so much more exciting when there's a good rivalry involved. Friend 2: Agreed. It just adds an extra layer of excitement to the game.","**Friend A:** Hey you look really excited. What’s up? **Friend B:** Oh thanks! I just finished a really big game. The team won the championship again! It’s crazy. **Friend A:** Oh my gosh you’re *so* excited! I thought you were going to be sad. **Friend B:** No I’m super happy. We just went 6-1 in the final and the coach was like “This is the best game we’ve ever had!” I mean it’s not every day. **Friend A:** I can’t believe it! I was so worried they’d lose. But they didn’t. We’re so proud. **Friend B:** Yeah and the fans were so loud. I never thought we’d be the ones to do it. It’s been a long time since we had that kind of support. **Friend A:** I know what you mean. I was so down when they lost last year but this time… it’s different. We’re in the best place ever. **Friend B:** I can’t believe we’re still in the playoffs. It’s like we’re in a different league. **Friend A:** Yeah and it’s","","21","256","277","52.797","18.940","22.427","44.589","2.11720","77.03097","79.14817","2026-07-06T23:55:51.004544","2026-07-06T23:55:51.402292","2026-07-06T23:56:02.817193","2026-07-06T23:56:02.817580"
"33","1","33","Create an algorithm to sort the following numbers from the smallest to the largest","[45 -102 10 3400]","Here is one potential algorithm to sort the provided list of numbers from smallest to largest: 1. Start by defining the input list of numbers: `numbers = [45 -102 10 3400]` 2. Create an empty list to store the sorted numbers: `sorted_numbers = []` 3. Find the smallest number in the input list: `smallest_number = min(numbers)` 4. Add the smallest number to the sorted list: `sorted_numbers.append(smallest_number)` 5. Remove the smallest number from the input list: `numbers.remove(smallest_number)` 6. Repeat steps 3-5 until the input list is empty. 7. The resulting sorted list should be: `sorted_numbers = [-102 10 45 3400]`","Sure! Here's a simple **algorithm to sort a list of numbers from smallest to largest**: --- ### **Algorithm: Bubble Sort (for small list)** #### **Input:** A list of numbers: `[45 -102 10 3400]` #### **Steps:** 1. Start with the first element `45`. 2. Compare it with the next element `-102`. 3. If `45` is **greater** than `-102` swap them. 4. Repeat this process for the entire list. 5. After all comparisons the list will be sorted in **ascending order**. --- ### **Implementation in Python (Bubble Sort):** ```python def bubble_sort(numbers): n = len(numbers) # Traverse through all elements for i in range(n): # Last i elements are already sorted for j in range(0 n - i - 1): # If current element is greater than next if numbers[j] > numbers[j + 1]: # Swap numbers[j] numbers[j + 1] = numbers[j + 1] numbers[j] # Test","","46","256","302","54.541","18.335","22.330","44.784","5.62646","76.44119","82.06764","2026-07-06T23:56:02.820300","2026-07-06T23:56:03.663698","2026-07-06T23:56:15.128284","2026-07-06T23:56:15.128749"
"34","1","34","Write a haiku about being happy.","","Blossom in the sun Laughter and joy become one Happiness has won.","Sunlight spills on my face. Joy hums in the air. Heartlight blooms.","","20","24","44","51.908","19.265","22.760","43.938","2.07333","7.41336","9.48669","2026-07-06T23:56:15.131242","2026-07-06T23:56:15.516542","2026-07-06T23:56:16.571044","2026-07-06T23:56:16.571270"
"35","1","35","Write a javascript function which calculates the square root of a number without any libraries.","","Sure here's an example: ``` function calculateSquareRoot(num) { if (num < 0) return NaN if (num === 0) return 0 let x = num while (true) { const new_x = (x + num / x) / 2 if (Math.abs(new_x - x) < 0.000001) return new_x x = new_x } } ``` This function uses the Babylonian method for computing square roots which is an iterative method that repeatedly improves the estimate of the square root using the formula: `x_(n+1) = (x_n + num / x_n) / 2`. The loop continues until the difference between the current estimate and the previous estimate is less than some small epsilon (in this case `0.000001`).","Certainly! Here's a JavaScript function that calculates the square root of a number using **binary search**. This method is efficient and avoids using any libraries. ### ✅ JavaScript Function to Calculate Square Root (No Libraries) ```javascript function sqrtApproximation(number tolerance = 1e-7) { // Handle edge cases if (number < 0) { throw new Error( Cannot compute square root of a negative number. ) } // Initial guess let low = 0 let high = number let mid while (high - low > tolerance) { mid = (low + high) / 2 // If mid squared is less than the target move low if (mid * mid < number) { low = mid } else { // If mid squared is greater than the target move high high = mid } } return low } // Example usage const number = 25 const result = sqrtApproximation(number) console.log(`The square root of ${number} is approximately ${result}`) ``` --- ### 🧪 How It Works - **Binary Search**: We start with `","","28","253","281","54.501","18.348","22.120","45.208","3.44638","76.25380","79.70018","2026-07-06T23:56:16.573724","2026-07-06T23:56:17.087480","2026-07-06T23:56:28.525057","2026-07-06T23:56:28.525568"
"36","1","36","Output a review of a movie.","Movie title: The Shawshank Redemption","The Shawshank Redemption is a timeless classic that redefines the genre of drama films. The story is set in a prison where the main character Andy is sentenced to life imprisonment. The film follows his journey as he navigates through the harsh environment of the prison while forming a close bond with a fellow inmate named Red. The performances by the lead actors Tim Robbins and Morgan Freeman are nothing short of exceptional. The depth of emotion they bring to each of their characters is truly remarkable and they manage to convey the resilience of the human spirit in the face of adversity. The direction by Frank Darabont is brilliant and the film is filled with moments that are both poignant and powerful. The screenplay is equally impressive and brings to life the characters in a manner that is both realistic and deeply moving. Overall The Shawshank Redemption is a film that leaves a lasting impression on the viewer. It is a tale of hope friendship and redemption that is sure to touch the hearts of all those who watch it. Highly recommended!","**Title:** *The Shawshank Redemption* **Rating:** 4.5/5 **Review:** *The Shawshank Redemption* is a masterclass in storytelling emotional depth and quiet power. Based on the novel by Stephen King the film is a tribute to the human spirit and the enduring strength of friendship. Set in the desolate town of Shawshank the movie follows Andy Dufresne a convicted thief who is imprisoned for life at the fictional Shawshank State Prison. There he befriends a kind and wise man Ellis Boyd Redding who becomes his mentor. Under the care of Redding Andy learns to adapt to survive and to find hope in the face of despair. The film is not just about prison life it's about the human condition. It showcases the resilience of the human spirit the power of friendship and the quiet strength of the heart. The performances are stellar with Tim Robbins delivering a heartfelt and nuanced portrayal of Andy and Robert Duvall embodying the wise and gruff figure of Ellis. What makes *The Shawshank Redemption* so special is its simplicity and emotional truth. It doesn't rely on grand gestures","","27","256","283","53.915","18.548","22.398","44.646","2.88584","77.01160","79.89743","2026-07-06T23:56:28.528265","2026-07-06T23:56:29.029052","2026-07-06T23:56:40.458556","2026-07-06T23:56:40.458943"
"37","1","37","Suggest three foods to help with weight loss.","","1. Leafy Greens: Foods such as spinach kale and collard greens are low in calories but high in fiber making them excellent choices for weight loss. These greens can help you feel full and reduce your overall calorie intake. 2. Lean Protein: Foods such as chicken turkey fish and tofu are great sources of lean protein. Protein is an important nutrient for weight loss because it can help you feel full reduce cravings and provide energy for workouts. 3. Whole Grains: Whole grains such as oats brown rice and quinoa can be great for weight loss because they are packed with fiber and nutrients. These foods can help you feel full for longer periods of time and provide sustained energy throughout the day.","Here are three foods that can support weight loss when included in a balanced diet: 1. **Oatmeal** – Rich in fiber oats help you feel full longer and can reduce overall food intake. They also contain beta-glucan which may support immune function and metabolism. 2. **Broccoli** – High in fiber and antioxidants broccoli can help you feel full and reduce appetite. It also contains compounds that may support weight management. 3. **Green Tea** – Rich in catechins and caffeine green tea has been shown to aid in fat oxidation and may help with weight loss. These foods can support weight management when consumed in moderation and as part of a healthy balanced diet.","","22","146","168","53.605","18.655","22.528","44.388","2.73674","42.71784","45.45458","2026-07-06T23:56:40.461587","2026-07-06T23:56:40.871995","2026-07-06T23:56:47.352701","2026-07-06T23:56:47.353145"
"38","1","38","You are provided with a definition of a word. Generate an example sentence that illustrates the meaning of the word.","Word: Dire Definition: Dire means very serious or desperate often has negative connotations.","The company was in dire financial straits and on the brink of bankruptcy.","The company's financial situation is **dire** and the team is under immense pressure to find a solution before the deadline.","","53","28","81","55.147","18.133","22.619","44.211","6.30666","7.90607","14.21274","2026-07-06T23:56:47.356029","2026-07-06T23:56:48.317089","2026-07-06T23:56:49.554987","2026-07-06T23:56:49.555316"
"39","1","39","Design the hierarchy of a database for a grocery store.","","A grocery store database hierarchy could be organized in the following structure: 1. **Store Information**: This would include details about the store such as its name location address and contact information. 2. **Department**: The store could be divided into different departments such as produce dairy meat bakery and others. Each department could have its own information such as its name description and location within the store. 3. **Product**: Each department would have its own set of products. Product information could include its name description brand packaging price and stock quantity. 4. **Employee**: The database would also contain information about the store's employees such as their name contact information role or position hire date and salary. 5. **Customer**: The database could also store information about the store's customers such as their name contact information and shopping history. 6. **Transaction**: The database would need to store information about the store's transactions or sales. This could include the date and time of the transaction the customer who made the purchase the products purchased the total cost and the payment method used. This hierarchical structure would enable the grocery store to keep track of all its departments products employees customers and transactions in an organized and efficient manner.","Designing a **database hierarchy** for a **grocery store** involves organizing the data into logical scalable and efficient structures. The hierarchy can be divided into **entities** (tables) and **relationships** (how they connect) with **attributes** (data stored in each entity). Below is a **hierarchical structure** for a grocery store database organized from the most general to the most specific. --- ## **1. Entities (Tables)** ### **1.1. Store Information** - **StoreID** (Primary Key) - **Name** - **Address** - **City** - **State** - **Country** - **Phone** - **Email** - **EstablishedDate** --- ### **1.2. Products** - **ProductID** (Primary Key) - **Name** - **Category** - **Price** - **QuantityInStock** - **Description** - **Barcode** --- ### **1.3. Inventory** - **InventoryID** (Primary Key) - **ProductID** (Foreign Key) - **Quantity** - **Location** (e.g. shelf aisle) - **LastRestockedDate** --- ### **1.4. Customers** - **CustomerID","","23","256","279","52.679","18.983","22.401","44.642","2.83554","76.19713","79.03267","2026-07-06T23:56:49.557773","2026-07-06T23:56:49.994383","2026-07-06T23:57:01.422675","2026-07-06T23:57:01.423464"
"40","1","40","Provide three tips for writing a good cover letter.","","1. Personalize it: Customize your cover letter for the specific job and company to which you're applying. Address it to the hiring manager if possible and mention the company's name and the job title at least once. Show an understanding of the company's mission and explain why you would be a good fit for both the position and the company culture. 2. Highlight your skills and achievements: Mention your relevant skills and give specific examples of how you have used them to achieve successes in the past. This will help the hiring manager see how your skills could be applied in the new position and it will help them understand what you might bring to the company. 3. Keep it brief and direct: A cover letter should be no more than one page with clear and concise paragraphs. Avoid repeating information from your resume and instead focus on the most important details that you want the hiring manager to know. End your letter with a call to action such as requesting an interview or stating that you are looking forward to hearing from them.","Certainly! Here are three key tips for writing a good cover letter: 1. **Be Concise and Clear**: Keep your letter to one or two pages and focus on the most important information. Avoid jargon and keep your language professional and direct. 2. **Customize It**: Tailor your letter to the specific job or company you're applying to. Use the details from the job description and company profile to make your letter more relevant and persuasive. 3. **Proofread and Edit**: Always proofread your cover letter for grammar spelling and formatting errors. A well-written error-free letter reflects professionalism and attention to detail. These tips will help you create a compelling and effective cover letter that stands out to the hiring manager.","","22","153","175","53.741","18.608","22.549","44.347","2.81698","44.77467","47.59165","2026-07-06T23:57:01.428565","2026-07-06T23:57:01.837936","2026-07-06T23:57:08.623096","2026-07-06T23:57:08.623795"
"41","1","41","Order the following list of ingredients from lowest to highest in calories","Almonds black beans cheddar cheese","Here is the list of ingredients ordered from lowest to highest in calories: 1. Black beans 2. Almonds 3. Cheddar cheese","To order the ingredients from **lowest to highest in calories** we need to look at the **calories per gram** of each ingredient. Here are the calories per gram for the listed items: - **Almonds**: ~64 kcal/100g - **Black beans**: ~140 kcal/100g - **Cheddar cheese**: ~520 kcal/100g ### Ordered list from lowest to highest in calories: 1. **Almonds** 2. **Black beans** 3. **Cheddar cheese**","","34","122","156","52.270","19.131","22.556","44.334","4.05013","36.12927","40.17940","2026-07-06T23:57:08.628998","2026-07-06T23:57:09.279464","2026-07-06T23:57:14.688219","2026-07-06T23:57:14.688775"
"42","1","42","Summarize the given film review: The movie has a strong premise but is filled with cliched dialogue and over-the-top acting.","","The film has a good idea but is hindered by unoriginal writing and exaggerated performances.","The film boasts a strong premise but it is hindered by clichéd dialogue and over-the-top acting which detract from the potential for a compelling narrative.","","39","37","76","54.524","18.340","22.673","44.105","4.83405","10.68741","15.52147","2026-07-06T23:57:14.693655","2026-07-06T23:57:15.408934","2026-07-06T23:57:17.040828","2026-07-06T23:57:17.041252"
"43","1","43","Which type of pronouns can be used to replace the word 'it'?","","The word it is a pronoun that is used to refer to a singular noun that is not a person such as an object or an animal. It can be replaced by other pronouns like that this he (if the object is personified) and she (if the object is personified). In cases where it is used to refer to an unspecific or unknown thing the pronouns something or anything may be used as replacements.","The pronouns **that can be used to replace the word it ** in English are: - **it** (used in the sentence e.g. It is a car. ) - **they** (used in the sentence e.g. It is **they** who are late. ) - **them** (used in the sentence e.g. It is **them** who are late. ) - **itself** (used in the sentence e.g. The problem is **itself**. ) ### Summary: - **It** (used in the sentence e.g. It is a car. ) - **They** (used in the sentence e.g. It is **they** who are late. ) - **Them** (used in the sentence e.g. It is **them** who are late. ) - **Itself** (used in the sentence e.g. The problem is **itself**. ) ### Note: - **It** is used in the **subject** position of the sentence. - **They** and **them** are used in the **object** or **complement** position. - **Itself** is used when referring to a **","","27","256","283","53.847","18.571","22.392","44.659","2.83067","76.97973","79.81040","2026-07-06T23:57:17.045600","2026-07-06T23:57:17.547024","2026-07-06T23:57:28.979764","2026-07-06T23:57:28.980655"
"44","1","44","Organize these three pieces of information in chronological order","- The acceptance of the Constitution - The signing of the Declaration of Independence - The Battle of Saratoga","1. The signing of the Declaration of Independence 2. The Battle of Saratoga 3. The acceptance of the Constitution","The correct chronological order of the events is: 1. **The signing of the Declaration of Independence** (June 1776) 2. **The Battle of Saratoga** (September–October 1777) 3. **The acceptance of the Constitution** (June 1787) This sequence reflects the historical progression of key events leading up to the adoption of the U.S. Constitution.","","46","93","139","54.633","18.304","22.560","44.327","5.69266","27.44733","33.13999","2026-07-06T23:57:28.985901","2026-07-06T23:57:29.827879","2026-07-06T23:57:33.950296","2026-07-06T23:57:33.950890"
"45","1","45","Describe the process of photosynthesis in 5 sentences.","","Photosynthesis is the process by which plants algae and some bacteria convert sunlight into chemical energy in the form of glucose or other sugars. This process takes place in the chloroplasts which contain chlorophyll the pigment that absorbs light energy. During photosynthesis carbon dioxide (CO2) and water (H2O) are used in the presence of light to produce glucose (C6H12O6) and oxygen (O2). The process can be simplified into two stages: the light-dependent reaction where light energy is converted into chemical energy in the form of ATP and NADPH and the light-independent reaction or Calvin cycle where CO2 is fixed into carbohydrates using the energy generated from the first stage. Photosynthesis is the primary source of energy for nearly all life on Earth and is essential for the Earth's ecosystem removing CO2 from the atmosphere and releasing O2.","Photosynthesis is the process by which plants and other organisms convert light energy into chemical energy. It occurs in the chloroplasts of plant cells where sunlight is absorbed by chlorophyll. Water is split into oxygen and protons and carbon dioxide is taken in through the stomata. The light energy is used to convert water and carbon dioxide into glucose and oxygen. Glucose is then used by the plant for energy and growth.","","23","91","114","52.729","18.965","22.671","44.108","2.89653","26.72425","29.62079","2026-07-06T23:57:33.955501","2026-07-06T23:57:34.391697","2026-07-06T23:57:38.405562","2026-07-06T23:57:38.406153"
"46","1","46","Look up the definition of the word 'acolyte'.","","An acolyte is an assistant or follower often in a religious service or ceremony such as an altar server or attendant. The term can also refer to anyone who is a devoted follower or supporter of a leader cause or organization.","An **acolyte** is a person who follows or adheres to a religious or spiritual leader or movement often in a close and devoted manner. The term is used in the context of religious or spiritual communities where members are expected to support and obey the leader or the teachings of the group. For example in the Christian tradition an acolyte might be a member of a religious community who assists in the daily operations of the church or who is committed to the teachings of the leader. In summary: - **Acolyte** = A follower or supporter of a religious or spiritual leader or movement. - **Usage**: Often used in religious or spiritual contexts especially in monastic or religious communities. Let me know if you'd like examples or more context!","","24","160","184","53.450","18.709","22.508","44.429","2.86958","47.41380","50.28338","2026-07-06T23:57:38.410910","2026-07-06T23:57:38.859928","2026-07-06T23:57:45.968513","2026-07-06T23:57:45.969236"
"47","1","47","For the following story rewrite it in the present continuous tense.","He visits the museum every week.","He is visiting the museum every week.","He is visiting the museum every week.","","32","12","44","54.092","18.487","22.733","43.989","3.59060","3.88166","7.47226","2026-07-06T23:57:45.974242","2026-07-06T23:57:46.565826","2026-07-06T23:57:47.093688","2026-07-06T23:57:47.094035"
"48","1","48","Compose a one-sentence summary of the article How AI is Transforming the Future of Healthcare","","The article discusses how AI is being integrated into the healthcare industry to improve patient care and outcomes by enhancing automation diagnostics and personalized treatment plans.","The article How AI is Transforming the Future of Healthcare discusses how artificial intelligence is revolutionizing medical diagnostics treatment personalization and patient care through advanced data analysis and machine learning technologies.","","32","43","75","54.079","18.492","22.738","43.978","3.54482","12.60414","16.14896","2026-07-06T23:57:47.098282","2026-07-06T23:57:47.690010","2026-07-06T23:57:49.581078","2026-07-06T23:57:49.581536"
"49","1","49","Assign a score out of 5 to the following book review.","I really enjoyed this book. It was an engaging read and had an interesting plot.","4/5","**Score: 5/5** **Reasoning:** The review is positive enthusiastic and highlights the book as an engaging read and had an interesting plot. These are strong positive statements indicating a high level of satisfaction and enjoyment.","","42","55","97","54.880","18.222","22.669","44.114","4.83225","16.05349","20.88574","2026-07-06T23:57:49.586319","2026-07-06T23:57:50.351631","2026-07-06T23:57:52.777896","2026-07-06T23:57:52.778345"
"50","1","50","Create a catchy headline for an article on data privacy","","Is Your Data Really Private? The Inside Scoop on Data Privacy and Protection","Protect Your Data: The Future of Privacy Is in Your Hands","","22","18","40","53.866","18.564","22.824","43.814","2.84964","4.62264","7.47229","2026-07-06T23:57:52.782504","2026-07-06T23:57:53.190923","2026-07-06T23:57:53.979569","2026-07-06T23:57:53.979944"
"51","1","51","Sort the following list into two groups: Apples and Oranges","Fuji Honeycrisp Granny Smith Navel Valencia","Apples: - Fuji - Honeycrisp - Granny Smith Oranges: - Navel - Valencia","Here is the sorted list into the two groups: **Apples**: - Fuji - Honeycrisp - Granny Smith **Oranges**: - Navel - Valencia","","40","42","82","54.079","18.491","22.671","44.110","4.90036","11.96825","16.86861","2026-07-06T23:57:53.984214","2026-07-06T23:57:54.723873","2026-07-06T23:57:56.576491","2026-07-06T23:57:56.576920"
"52","1","52","Name three European countries.","","Sure here are the names of three European countries: 1. France 2. Germany 3. Italy","1. **France** 2. **Germany** 3. **Italy**","","17","21","38","34.017","29.397","22.764","43.930","2.55842","6.38510","8.94352","2026-07-06T23:57:56.580955","2026-07-06T23:57:57.080711","2026-07-06T23:57:58.003240","2026-07-06T23:57:58.003609"
"53","1","53","Explain a procedure for given instructions.","How to bake a cake.","Baking a cake is a fun and relatively easy process that requires a few ingredients and some simple steps. Here is a simple procedure to follow to bake a cake: 1. Collect your ingredients: You will need flour sugar eggs butter baking powder milk and vanilla extract for a basic cake recipe. Make sure to measure out the correct quantities according to the recipe you are following. 2. Preheat the oven: Most cakes are baked at 350 degrees Fahrenheit so preheat your oven to this temperature to ensure that your cake will bake evenly. 3. Prepare the pan: Grease and flour a 9-inch cake pan to prevent the cake from sticking. 4. Mix the ingredients: In a mixing bowl cream together the butter and sugar until light and fluffy. This can be done using a stand mixer an electric hand mixer or by hand. Once the butter and sugar are creamed add the eggs one at a time mixing well after each addition. Stir in the vanilla extract. In a separate bowl mix together the flour baking powder and salt. Add the dry ingredients to the wet ingredients in three parts alternating with the milk beginning and ending with the dry ingredients. Mix until everything is well combined. 5. Pour the batter into the pan: Pour the batter into your prepared cake pan and smooth the top with a spatula. 6. Bake the cake: Place the cake on the middle rack of your preheated oven and bake for 30-35 minutes or until a toothpick inserted into the center of the cake comes out clean. 7. Cool the cake: Once the cake is finished baking remove it from the oven and let it cool in the pan for 10 minutes before transferring it to a wire rack to cool completely. 8. Serve and enjoy: Once the cake is completely cool you can decorate it if desired. Serve with your favorite frosting sliced fruit or whipped cream and enjoy.","Baking a cake is a step-by-step process that requires attention to detail and careful execution. Here's a **simple and clear procedure** to bake a basic cake: --- ### **Ingredients (for a standard 9-inch cake):** - 2 1/2 cups (60 g) all-purpose flour - 1 1/2 cups (375 ml) milk - 1 1/2 cups (300 g) sugar - 1 1/2 tsp baking powder - 1 1/2 tsp baking soda - 1 1/2 tsp salt - 1 1/2 cups (300 g) butter - 3 eggs - 1 1/2 cups (300 ml) buttermilk - 1 tsp vanilla extract - 1 1/2 cups (150 g) cocoa powder (optional for chocolate cake) --- ### **Equipment Needed:** - Mixing bowl - Electric mixer or hand mixer - Baking sheet - Cake pan (8 inches or 9 inches) - Spatula - Measuring cups and spoons - Parchment paper or foil","","26","256","282","53.366","18.738","22.406","44.630","2.78504","76.34143","79.12646","2026-07-06T23:57:58.007713","2026-07-06T23:57:58.494912","2026-07-06T23:58:09.920307","2026-07-06T23:58:09.921001"
"54","1","54","Describe an example of ocean acidification.","","Ocean acidification is the process of increasing acidity in the world's oceans due to the absorption of carbon dioxide from the atmosphere. An example of this is the impact it has on the Great Barrier Reef off the coast of Australia. As the ocean absorbs carbon dioxide it reacts with seawater to produce carbonic acid which in turn reduces the availability of carbonate ions. These ions are necessary for building shells and skeletons of marine organisms such as corals mollusks and some species of plankton. The reduction in carbonate ions makes it difficult for these organisms to form and maintain their hard outer shells or skeletons. In the case of the Great Barrier Reef ocean acidification is resulting in slower growth rates and weaker skeletons making the coral more vulnerable to stress factors and more susceptible to diseases storms and coral bleaching. This not only affects the coral but the entire ecosystem which relies on the coral for shelter and food. Hence ocean acidification is a major concern for the health and survival of coral reefs and marine biodiversity worldwide.","Ocean acidification is the process by which the pH of the world's oceans decreases due to the absorption of carbon dioxide (CO₂) from the atmosphere. When CO₂ is absorbed by the ocean it reacts with water and dissolved minerals to form carbonic acid (H₂CO₃) which then dissociates into hydrogen ions (H⁺) and bicarbonate ions (HCO₃⁻). The increase in H⁺ ions lowers the pH of the ocean making it more acidic. ### Example of Ocean Acidification: **The 2012 Ocean Acidification Event in the Pacific Northwest of the United States**: In 2012 a severe ocean acidification event occurred in the Pacific Northwest particularly in the **North Pacific Gyre**. This event was linked to a sudden and large increase in acidification which was attributed to the **upward shift in the thermocline** (the layer of water where temperature changes rapidly) in the North Pacific. This shift was caused by the **upward movement of the surface water** due to warming ocean temperatures which in turn led to a **reduction in the pH of the ocean**. This event had a significant impact on **oceanic ecosystems** particularly","","20","254","274","52.128","19.183","22.278","44.887","2.19960","76.37470","78.57429","2026-07-06T23:58:09.926273","2026-07-06T23:58:10.309943","2026-07-06T23:58:21.711122","2026-07-06T23:58:21.711936"
"55","1","55","Should I invest in stocks?","","I'm sorry but I'm an AI language model and I don’t have the ability to provide personalized financial advice. Investing in stocks carries inherent risks and potential rewards and the decision to invest should be based on your individual financial situation goals and risk tolerance. It's always a good idea to do your research carefully consider your options and/or consult a financial advisor before making any investment decisions.","Deciding whether to invest in stocks depends on your **risk tolerance** **financial goals** **current financial situation** and **long-term outlook**. Here's a structured guide to help you evaluate whether investing in stocks might be suitable for you: --- ### **1. Understand Your Risk Tolerance** - **Low-risk**: You're comfortable with losing money and you prefer stable predictable income. - **Moderate-risk**: You can tolerate some loss but are looking for growth and diversification. - **High-risk**: You're willing to take on more volatility in exchange for higher potential returns. **Stocks** are generally **higher risk** than savings accounts or bonds but they can offer higher returns over time. --- ### **2. Consider Your Financial Goals** - **Short-term**: If you need money quickly stocks may not be the best option. - **Long-term**: Stocks can offer higher growth over time but they also carry higher risk. --- ### **3. Evaluate Your Current Financial Situation** - **If you have a large sum of money** and are looking for growth stocks can be a good investment. - **If you have a small amount of money** and are looking for safety consider savings accounts or bonds.","","18","256","274","51.324","19.484","22.460","44.523","2.03699","76.35864","78.39562","2026-07-06T23:58:21.716740","2026-07-06T23:58:22.067453","2026-07-06T23:58:33.465301","2026-07-06T23:58:33.466247"
"56","1","56","Generate a new song verse with your own unique lyrics.","","Verse 1: There's a light that shines within us A beacon of hope and love Guiding us through the darkest times A force that will always rise above. Chorus: Let your light shine let it be free For you are beautiful inside and out Let your heart guide you let it lead the way For you have a strength that no one can doubt. Verse 2: In this world there is so much to see So many wonders to discover Take a chance and let your dreams fly For there is so much left to uncover. Chorus: Let your light shine let it be free For you are beautiful inside and out Let your heart guide you let it lead the way For you have a strength that no one can doubt. Bridge: Life it can be hard sometimes But don't give up keep on trying For your light will never fade And your spirit will keep on flying. Outro: So let your light shine let it be free For you are beautiful inside and out Let your heart guide you let it lead the way For you have a strength that no one can doubt.","(Verse) In the quiet of the night where the stars begin to gleam I find the peace that the world so often can’t seem to dream. A melody in the breeze a whisper in the wind I’m chasing the feeling that’s just out of my mind. I’ve walked the path of the heart through the fire and the rain But the songs that I write are the ones that I can’t refrain. From the edges of the world to the corners of the street I’ve learned that the music is in the way I choose to meet. So I’ll sing the love that the world won’t let me share A ballad of dreams and the dreams that I’ve dared to start. No need for a crown or a name just the truth I’ve seen A song that’s not just mine but the voices that I’ve been. (Chorus) Oh I’m chasing the light through the shadows and the noise A story that’s written in the silence the silence that I know. I’ll sing the song that the world can’t take the one that’s true A love that’s","","23","256","279","52.585","19.017","22.422","44.599","2.72370","76.49227","79.21597","2026-07-06T23:58:33.470947","2026-07-06T23:58:33.908335","2026-07-06T23:58:45.325737","2026-07-06T23:58:45.326755"
"57","1","57","Sing a children's song","","🎶 Twinkle twinkle little star How I wonder what you are Up above the world so high Like a diamond in the sky. When the blazing sun is gone When he nothing shines upon Then you show your little light Twinkle twinkle all the night. Then the traveler in the dark Thanks you for your tiny spark He could not see which way to go If you did not twinkle so. In the dark blue sky you keep And often through my curtains peep For you never shut your eye Till the sun is in the sky. As your bright and tiny spark Lights the traveler in the dark. Though I know not what you are Twinkle twinkle little star. Twinkle twinkle little star How I wonder what you are Up above the world so high Like a diamond in the sky. 🎶","Sure! Here's a simple and cheerful children's song: ** The Little Red Bird ** (Verse 1) Little red bird flying so high Singing a song the wind is his friend. He loves the sky he loves the trees He jumps and dances no one sees. (Verse 2) He plays with the clouds he plays with the breeze He paints the sky with colors he's so nice. He's a little bird so small and so sweet He's the joy of the forest the heart of the street. (Chorus) Red bird red bird you're the sun in the sky You bring life to the land you're so wise. You sing and you fly you're a wonder a dream Little red bird you're the heart of the spring. Let me know if you'd like a version in another language or with a different tune! 🎶","","17","210","227","50.883","19.653","22.344","44.755","2.14295","63.13493","65.27788","2026-07-06T23:58:45.331581","2026-07-06T23:58:45.665678","2026-07-06T23:58:55.064189","2026-07-06T23:58:55.065116"
"58","1","58","Identify the main character traits of a protagonist.","","The main character traits of a protagonist vary depending on the story and its genre. However there are some general traits that many protagonists tend to possess including: 1. Courage: Protagonists are brave enough to face and overcome challenges encountered in their journey. 2. Determination: They are often determined to achieve their goals and will persist even when faced with obstacles. 3. Empathy: Protagonists tend to have an ability to understand and share the feelings of others which makes them relatable and likeable to readers or viewers. 4. Intelligence: Protagonists often have strong problem-solving skills and are quick at thinking on their feet enabling them to navigate complex situations. 5. Resilience: They tend to bounce back from setbacks and continue to pursue their objectives with renewed vigor. 6. Leadership: Protagonists are often natural leaders who can rally others to their cause and inspire them to work towards a common goal. 7. Flawed: Many protagonists also have flaws or weaknesses which can serve to humanize them and make them more relatable. These traits not only make the protagonist a compelling and interesting character but also help drive the story forward as they work towards achieving their goals.","The main character traits of a protagonist are essential to their development and the success of the story. These traits are the qualities that define the protagonist and make them relatable believable and compelling. Here are the key traits: --- ### 1. **Motivation** - The protagonist has a **clear reason** for their actions and decisions. - They are **driven** by a goal or desire (e.g. revenge love redemption or freedom). --- ### 2. **Integrity** - The protagonist is **consistent** in their beliefs and actions. - They are **not easily swayed** by external pressures or influences. --- ### 3. **Growth Potential** - The protagonist is **evolving** and **learning** throughout the story. - They face challenges and **grow** in response to them. --- ### 4. **Conflict** - The protagonist is **conflicted** or **resistant** to change. - They may struggle with internal or external conflicts. --- ### 5. **Desire** - The protagonist has a **strong desire** or **need** for something (e.g. love justice power or freedom). --- ### 6. **Decision-Making** -","","22","256","278","39.110","25.569","22.389","44.665","3.32931","76.24356","79.57288","2026-07-06T23:58:55.069827","2026-07-06T23:58:55.632350","2026-07-06T23:59:07.066591","2026-07-06T23:59:07.067448"
"59","1","59","What are the 4 operations of computer?","","The four basic operations of a computer often abbreviated as the Four Functions of a Computer are: 1. Input: This refers to the process by which a computer receives data from an external source such as a keyboard mouse or scanner. The data is then converted into a format that the computer can process. 2. Processing: This is the operation where the computer performs calculations on the data it receives. The Central Processing Unit (CPU) carries out program instructions to manipulate calculate or organize data. 3. Output: This is the process by which the computer outputs the processed data in a form that can be understood by the user. Examples of output devices include a monitor printer or speakers. 4. Storage: This operation involves saving data for later use. Computers store data either temporarily (in RAM) or permanently (on a hard drive solid-state drive or external storage devices).","The four main operations of a computer are: 1. **Input** – Receiving data from the user or external sources (e.g. via a keyboard mouse scanner or network). 2. **Processing** – Performing calculations logic or data manipulation using the computer's central processing unit (CPU). 3. **Output** – Presenting the results of the processing to the user or another system (e.g. displaying text printing or connecting to a network). 4. **Storage** – Keeping data and programs for future use (e.g. hard drives solid-state drives or cloud storage). These operations are fundamental to how a computer functions and are often referred to as the ** Four Cs ** of computer science: **Input Process Output Storage**.","","21","165","186","52.600","19.011","22.525","44.396","2.11632","49.65496","51.77128","2026-07-06T23:59:07.072414","2026-07-06T23:59:07.471653","2026-07-06T23:59:14.796996","2026-07-06T23:59:14.797855"
"60","1","60","Add a transition between the following two sentences","The class is nearly finished. Some students can begin their summer jobs.","The class is nearly finished and as a result some students can begin their summer jobs.","Between the two sentences you can add a transition such as: ** And others will begin their summer jobs shortly. ** This creates a smooth flow and indicates that the action is about to happen. Alternatively if you want to emphasize the completion of the class: ** And others will begin their summer jobs soon. ** Both options are natural and grammatically correct.","","35","78","113","51.935","19.255","22.650","44.151","4.10964","23.35058","27.46022","2026-07-06T23:59:14.802982","2026-07-06T23:59:15.476897","2026-07-06T23:59:18.920663","2026-07-06T23:59:18.921172"
"61","1","61","Suggest an appropriate name for a puppy.","","Here are a few suggestions for puppy names - 1. Bella - This charming name meaning 'beautiful' is perfect for a furry friend with a pretty face and a captivating demeanor. 2. Max - A name befitting your furry friend who's always by your side watching over you and ever ready to come to your rescue. 3. Luna - A dreamy mystical name for a pup who strikes an other-worldly pose Luna means 'Moon' and is perfect for your regal starry-eyed companion. 4. Charlie - This name packs in heaps of playfulness and warmth much like your best friend who's always up for any adventure that comes his or her way. 5. Lucy - For the lively spirited friend who's always looking to raise the woof Lucy is perfect and encompasses boundless energy and joy.","**Bella** Bella is a classic and charming name for a puppy. It has a gentle sweet and affectionate ring to it which is perfect for a puppy that brings joy and love to your life. It's also a name that can be used for any gender making it very versatile. Other options could include: - **Max** - **Leo** - **Nina** - **Zoe** - **Charlie** - **Whiskers** Let me know if you'd like a name with a specific theme like a cute name for a male puppy or a name that sounds playful and energetic.","","21","131","152","37.728","26.505","22.603","44.242","3.30641","38.65466","41.96108","2026-07-06T23:59:18.925359","2026-07-06T23:59:19.481969","2026-07-06T23:59:25.277732","2026-07-06T23:59:25.278365"
"62","1","62","Construct a linear equation in one variable.","","A linear equation in one variable typically takes the form of: `ax + b = c` where `a` `b` and `c` are constants and `x` is the variable. Here is an example of a linear equation in one variable: `3x - 5 = 16` In this equation `a` is 3 `b` is -5 and `c` is 16. Solving for `x` we can determine the value of the variable `x` that makes the equation true. To solve this equation we follow these steps: 1. Move the constant term (-5) to the right-hand side of the equation by adding 5 to both sides: `3x - 5 + 5 = 16 + 5` which simplifies to: `3x = 21` 2. Divide both sides of the equation by the coefficient of the variable (`a` which is 3 in this case) to find the value of `x`: `(3x)/3 = 21/3` which simplifies to: `x = 7` Thus we have found that the value of `x` that satisfies the equation `3x - 5 = 16` is 7.","A linear equation in one variable can be written in the form: $$ ax + b = 0 $$ where $ a $ and $ b $ are real numbers and $ a \ne 0 $. ### Example: $$ 2x + 3 = 0 $$ This is a linear equation in one variable $ x $. Let me know if you'd like more examples or help solving such an equation!","","20","93","113","51.455","19.434","22.660","44.130","2.12441","27.34989","29.47430","2026-07-06T23:59:25.283156","2026-07-06T23:59:25.671846","2026-07-06T23:59:29.775912","2026-07-06T23:59:29.776442"
"63","1","63","Add two new recipes to the following Chinese dish","Beef and broccoli stir fry","**Beef and Broccoli Stir Fry with Ginger Honey Sauce** Ingredients (serves 4): - 1 lb flank steak sliced into thin strips - 4 cups broccoli florets - 1 tbsp vegetable oil - 2 cloves garlic minced - 1-inch piece of ginger peeled and grated - 1/2 cup soy sauce - 1/4 cup honey - 2 tbsp rice vinegar - 1 tsp sesame oil - 1 tbsp cornstarch - Salt and pepper to taste - Cooked rice for serving - Green onions sliced (optional) Instructions: 1. In a small mixing bowl whisk together the soy sauce honey rice vinegar sesame oil and cornstarch. Set aside. 2. Heat the vegetable oil in a large wok or frying pan over high heat. 3. Add the beef strips and cook for 3-4 minutes until browned. 4. Add the garlic and ginger and cook for another minute until fragrant. 5. Add the broccoli florets and stir fry for a few minutes until tender. 6. Pour in the sauce and stir everything together letting the sauce thicken for a couple of minutes. 7. Season with salt and pepper to taste. 8. Serve the beef and broccoli stir fry over rice garnished with sliced green onions if desired. **Spicy Szechuan Beef and Broccoli Stir Fry** Ingredients (serves 4): - 1 lb flank steak sliced into thin strips - 4 cups broccoli florets - 1 tbsp vegetable oil - 3 cloves garlic minced - 1/2 cup soy sauce - 1/4 cup hoisin sauce - 2 tbsp chili sauce (such as Sriracha) - 2 tbsp rice vinegar - 1 tbsp cornstarch - 1 tsp sugar - 1 tbsp sesame seeds - Cooked rice or noodles for serving Instructions: 1. In a small mixing bowl whisk together the soy sauce hoisin sauce chili sauce rice vinegar sugar and cornstarch. Set aside. 2. Heat the vegetable oil in a large wok or frying pan over high heat. 3. Add the beef strips and cook for 3-4 minutes until browned. 4. Add the garlic and stir fry for another minute until frag","Sure! Here are two new recipes you can add to the **Beef and Broccoli Stir-Fry** dish: --- ### **1. Spicy Garlic Broccoli with Beef (Sichuan Style)** **Ingredients**: - 200g beef strips (bò tóu) - 200g broccoli steamed and cut into pieces - 2 cloves garlic minced - 1 tablespoon Sichuan peppercorns (or 1/2 teaspoon of chili powder) - 1 tablespoon soy sauce - 1 tablespoon oyster sauce - 1 tablespoon cornstarch (to thicken the sauce) - 1 cup water (to make the sauce thick) - Sesame oil for frying **Instructions**: 1. Sear the beef in sesame oil until browned. 2. Add the broccoli garlic and soy sauce. 3. Cook for 5–7 minutes then add the cornstarch and water. 4. Stir until the sauce thickens. 5. Serve with rice or noodles. --- ### **2. Herbed Broccoli with Grilled Beef (French Fusion)** **Ingredients**: -","","28","256","284","54.699","18.282","22.406","44.631","3.61573","76.38465","80.00038","2026-07-06T23:59:29.781221","2026-07-06T23:59:30.293113","2026-07-06T23:59:41.718694","2026-07-06T23:59:41.719444"
"64","1","64","Suggest a short running route for someone who lives in the city.","","If you live in the city and want to engage in some short running activities there are several excellent routes that you can take. For a start you can consider heading down to your city's central park where you can find a scenic loop free of cars which usually ranges between 1.5 and 2 miles allowing you to take in the beauty and peace of the park while getting your exercise. Alternatively you can opt for a brisk run around your neighborhood sticking to sidewalks and quieter streets or even utilize riverfronts or waterfront paths that offer stunning city views while you run. Lastly many cities also have running or jogging-specific trails such as old railroad tracks converted into greenways so you might check to see if there's one near you.","A short city-friendly running route could be: ** Bike Street to Riverside Park ** **Route:** 1. **Bike Street** – Start here a narrow flat path with few pedestrians. 2. **Crosby Avenue** – Continue to the end passing some shops and cafes. 3. **Riverside Park** – Turn right into the park where you’ll pass a lake and some running trails. 4. **Back to Bike Street** – Finish by walking back passing the same shops and cafes. **Distance:** ~3–4 km **Suitable for:** Urban runners those looking for a casual scenic run or a 5K route. Let me know if you'd like this route adjusted for a different city or terrain!","","26","165","191","53.426","18.717","22.511","44.422","2.83593","49.36067","52.19660","2026-07-06T23:59:41.724776","2026-07-06T23:59:42.211428","2026-07-06T23:59:49.541037","2026-07-06T23:59:49.541748"
"65","1","65","If a b x and y are real numbers such that ax+by=3 ax^2+by^2=7 ax^3+by^3=16 and ax^4+by^4=42 find ax^5+by^5.","","We start with the system of equations: ax + by = 3 ax^2 + by^2 = 7 ax^3 + by^3 = 16 ax^4 + by^4 = 42 We want to find the value of ax^5 + by^5. We can simplify things by defining the following sequences: s1 = ax + by s2 = ax^2 + by^2 s3 = ax^3 + by^3 s4 = ax^4 + by^4 Then our goal is to find s5 = ax^5 + by^5. Next we notice that we can derive a relationship between the s values as follows: (x+y)(ax^n + by^n) = ax^(n+1) + bxy^n + ax^ny + by^(n+1) In other words (x+y)s_n = s_(n+1) + xys_(n-1) for all n. Using this relationship we can find x+y and xy as follows: s2(x+y) = s3 + s1xy s3(x+y) = s4 + s2xy Solving this system of equations gives us: x + y = -14 xy = -38 Now we can use the relationship we derived earlier with n = 4 to find s5: 42(x + y) = s5 + 16xy Plugging in our values for x+y and xy and solving for s5 we get: s5 = 20 Therefore the value of ax^5 + by^5 is 20.","We are given four equations involving real numbers $ a b x y $ and the expressions: $$ \begin{aligned} 1. &\quad ax + by = 3 \\ 2. &\quad ax^2 + by^2 = 7 \\ 3. &\quad ax^3 + by^3 = 16 \\ 4. &\quad ax^4 + by^4 = 42 \end{aligned} $$ We are to find the value of: $$ ax^5 + by^5 $$ --- ### Step 1: Let’s define some variables Let: $$ S_1 = ax + by = 3 \\ S_2 = ax^2 + by^2 = 7 \\ S_3 = ax^3 + by^3 = 16 \\ S_4 = ax^4 + by^4 = 42 $$ We are to find $ S_5 = ax^5 + by^5 $ --- ### Step 2: Use recurrence relations Let’s define: $$ S_n = ax^n + by^n $$ We can write recurrence relations for $ S_n $ in terms of $","","74","256","330","50.722","19.715","17.983","55.608","9.28316","89.80969","99.09285","2026-07-06T23:59:49.547038","2026-07-06T23:59:51.005971","2026-07-07T00:00:05.241565","2026-07-07T00:00:05.242671"
"66","1","66","Generate a list of the top 10 causes of global warming.","","1. Greenhouse gas emissions 2. Deforestation 3. Fossil fuel burning 4. Industrial processes 5. Agricultural practices and livestock raising 6. Transportation and travel 7. Waste production and disposal 8. Land-use changes 9. Energy production and usage 10. Water vapor increase in atmosphere.","Global warming driven by the increase in greenhouse gas emissions is primarily caused by the following factors: 1. **Fossil Fuel Combustion** – Burning of coal oil and natural gas releases carbon dioxide (CO₂) into the atmosphere. 2. **Deforestation** – Removing trees reduces the Earth’s capacity to absorb CO₂ and lowers the number of trees that can absorb future emissions. 3. **Industrial Processes** – Manufacturing agriculture and transportation use energy-intensive processes that emit greenhouse gases. 4. **Agricultural Practices** – Livestock farming produces methane (CH₄) a potent greenhouse gas and land use changes contribute to emissions. 5. **Aircraft and Long-Haul Aviation** – The aviation industry is a significant source of CO₂ emissions. 6. **Energy Consumption** – Raising the temperature of the Earth through human activities increases the energy needed for heating and cooling leading to more fossil fuel use. 7. **Methane Emissions** – From livestock landfills and fossil fuel extraction. 8. **Sustainable Practices** – While not a cause sustainable practices can mitigate global warming. 9. **Nuclear Power** – Though a cleaner alternative nuclear power still produces CO","","26","255","281","53.299","18.762","20.553","48.655","2.92075","81.05748","83.97822","2026-07-07T00:00:05.250521","2026-07-07T00:00:05.738331","2026-07-07T00:00:18.145236","2026-07-07T00:00:18.146113"
"67","1","67","Generate a smiley face using only ASCII characters","","Here's a smiley face using ASCII characters: ` :-) `","Sure! Here's a simple smiley face using only ASCII characters: ``` ⁣ ⁣ ⁣ ⁣ ⁣ ⁣ ⁣ ⁣ ⁣ ⁣ ⁣ ⁣ ⁣ ⁣ ⁣ ⁣ ⁣ ⁣ ⁣ ⁣ ⁣ ⁣ ⁣ ⁣ ⁣ ⁣ ⁣ ⁣ ⁣ ⁣ ⁣ ⁣ ⁣ ⁣ ⁣ ⁣ ⁣ ⁣ ⁣ ⁣ ⁣ ⁣ ⁣ ⁣ ⁣ ⁣ ⁣ ⁣ ⁣ ⁣ ⁣ ⁣ ⁣ ⁣ ⁣ ⁣ ⁣ ⁣ ⁣ ⁣ ⁣ ⁣ ⁣ ⁣ ⁣ ⁣ ⁣ ⁣ ⁣ ⁣ ⁣ ⁣ ⁣ ⁣ ⁣ ⁣ ⁣ ⁣","","21","178","199","52.671","18.986","14.463","69.144","2.18511","79.72559","81.91070","2026-07-07T00:00:18.150901","2026-07-07T00:00:18.549605","2026-07-07T00:00:30.857232","2026-07-07T00:00:30.858041"
"68","1","68","Offer advice to someone who is starting a business.","","Starting a business can seem overwhelming but taking small steps can make it manageable. Here are some tips to help you get started on the right path. 1. Develop a Business Plan: Creating a business plan will help you think through what you want your business to achieve who your customers are and how you will reach your goals. It’s also essential if you want to secure funding. 2. Research your Market: It's crucial to understand the needs of your target audience and to investigate your competition. You will want to offer something unique and valuable to your customers. 3. Secure Funding: Starting a business often requires investment. Consider all your options from bank loans to crowdfunding to personal investment and choose the option that's best for your business. 4. Create a Brand: Your business needs a strong identity that your customers can identify with. Be sure to create a clear and authoritative logo and make sure it's consistent across all aspects of your brand from business cards to websites. 5. Stay Organized: Starting a business can be a chaotic process with so many moving parts. It is essential to staying on top of your finances business plans and everyday responsibilities. 6. Be Flexible: Starting a business requires adaptability and you'll need to be prepared to make changes when required. Be open to feedback and listen to your customers when they offer critiques or suggestions. 7. Be Patient: Success doesn't happen overnight so be patient and persevering. Keep your goals in mind and work towards them every day. Remember starting a business is a huge undertaking so be kind to yourself and don't be afraid to seek help when you need it. Whether you turn to a business mentor or join a local networking group there are lots of resources out there to help you build a successful business.","Starting a business is an exciting but challenging journey. Here are some key pieces of advice to help you navigate this path successfully: --- ### **1. Define Your Vision and Purpose** - **Clarify your mission:** What problem are you solving? What value do you bring? - **Be specific:** Focus on a specific niche or problem. This will help you stay grounded. - **Be authentic:** Be true to your values and avoid copycat strategies. --- ### **2. Research and Validate** - **Do your homework:** Understand your target market competition and industry trends. - **Validate your idea:** Use surveys interviews or focus groups to test if your idea resonates. - **Be realistic:** Be prepared for a lot of early-stage work and be ready to pivot if needed. --- ### **3. Create a Solid Business Plan** - **Write it down:** A clear concise business plan will help you stay focused and communicate your vision. - **Include the 5 Cs:** Customers Costs Competitors Constraints and Growth. - **Be flexible:** Be willing to adjust as you learn and the market changes. --- ### **4. Build a Strong Brand** - **Know your audience:** Understand who you","","22","256","278","53.786","18.592","22.496","44.452","2.86759","75.45199","78.31958","2026-07-07T00:00:30.862743","2026-07-07T00:00:31.271775","2026-07-07T00:00:42.651415","2026-07-07T00:00:42.652244"
"69","1","69","Find the modifiers in the sentence and list them.","The girl with short curly hair laughed loudly.","1. Short (modifies hair) 2. Curly (modifies hair) 3. Loudly (modifies laughed)","In the sentence ** The girl with short curly hair laughed loudly. ** the **modifiers** are: 1. ** with short curly hair ** – this is a **prepositional phrase** acting as an **adjective phrase** describing the girl. 2. ** short ** – an **adjective** describing the hair. 3. ** curly ** – an **adjective** describing the hair. 4. ** laughed loudly ** – this is a **verb phrase** describing the action of the girl. ### Summary: - ** with short curly hair ** – adjective phrase describing the girl. - ** short ** – adjective describing the hair. - ** curly ** – adjective describing the hair. - ** laughed loudly ** – verb phrase describing the action. Let me know if you'd like the modifiers categorized as **noun modifiers** **verb modifiers** or **adjective modifiers**!","","31","206","237","54.973","18.191","22.448","44.547","3.48220","61.34006","64.82226","2026-07-07T00:00:42.657721","2026-07-07T00:00:43.221636","2026-07-07T00:00:52.398391","2026-07-07T00:00:52.399148"
"70","1","70","Edit the following sentence: The house was green but large.","","The house was large and painted green.","The house was green and large.","","26","11","37","53.057","18.848","22.780","43.898","2.79247","3.32017","6.11264","2026-07-07T00:00:52.403686","2026-07-07T00:00:52.893728","2026-07-07T00:00:53.376610","2026-07-07T00:00:53.377031"
"71","1","71","Identify the components of a good formal essay?","","A good formal essay consists of several components that help the writer convey their message effectively to the reader. These components include: 1. Introduction: The introduction should introduce the topic provide context and background information and present the thesis statement. It should effectively capture the reader's attention and provide a clear focus for the rest of the essay. 2. Thesis Statement: The thesis statement is a concise summary of the main point or argument of the essay. It should clearly state the main idea that the essay will support and develop. 3. Body Paragraphs: The body paragraphs should develop and support the thesis statement by presenting evidence examples and analysis. Each paragraph should have a topic sentence which introduces the main idea of the paragraph and should be organized in a logical and coherent manner. 4. Transitions: Transitions are words or phrases that help the reader move smoothly from one idea to the next. They should be used between paragraphs and within paragraphs to provide coherence and clarity to the essay. 5. Conclusion: The conclusion should restate the thesis statement summarize the main points and provide a sense of closure. It should bring the essay to a logical and satisfying end without introducing any new information or ideas. 6. Formal Language and Style: A formal essay should use formal language and a formal style avoiding slang contractions and colloquialisms. The tone should be objective and the writing should be clear and concise. 7. Proper Citations: A formal essay should properly cite any sources used using the appropriate citation style. This provides credit to the original authors and allows the reader to locate and verify the information presented in the essay. 8. Formatting: A formal essay should follow the standard formatting guidelines such as using a readable font double spacing and including page numbers. It should also follow any specific guidelines provided by the instructor or publisher.","A good formal essay also known as an academic or research essay typically includes several key components that ensure clarity coherence and effectiveness. These components are essential for conveying your argument or analysis clearly and persuasively. Here’s a breakdown of the main components of a good formal essay: --- ### **1. Title** - **Purpose**: To summarize the topic and the essay's focus. - **Example**: The Impact of Social Media on Modern Communication --- ### **2. Introduction** - **Purpose**: To introduce the topic present the thesis statement and outline the structure of the essay. - **Components**: - **Thesis Statement**: A clear concise statement that presents the argument or claim. - **Background Information**: To set the context of the topic. - **Hook**: A brief statement or question to engage the reader. --- ### **3. Body** - **Purpose**: To develop the argument or analysis. - **Components**: - **Paragraphs**: Each paragraph should focus on a single point or idea. - **Topic Sentences**: To guide each paragraph. - **Evidence**: Use of facts statistics quotes or examples to support the argument. - **Analysis**:","","22","256","278","53.657","18.637","22.480","44.485","2.79045","75.48375","78.27420","2026-07-07T00:00:53.380945","2026-07-07T00:00:53.790953","2026-07-07T00:01:05.179104","2026-07-07T00:01:05.180044"
"72","1","72","Rewrite this sentence to reflect a positive attitude","I can't do this.","I can do this if I put in some effort and seek the right support.","I'm ready to take on this challenge with enthusiasm and determination.","","28","17","45","42.970","23.272","22.729","43.997","4.06098","4.54250","8.60348","2026-07-07T00:01:05.185315","2026-07-07T00:01:05.836931","2026-07-07T00:01:06.584872","2026-07-07T00:01:06.585242"
"73","1","73","List some pros and cons of using a hot air balloon for transportation.","","Pros of using a hot air balloon for transportation: 1. Scenic and unique experience: Hot air ballooning is a unique way to travel that offers panoramic views of the surroundings. 2. Eco-friendly: Hot air balloons use wind currents to travel producing no harmful emissions and reducing the carbon footprint of travel. 3. Low noise levels: With no engine a hot air balloon ride is very peaceful and the low noise level makes for a tranquil and serene ride. 4. A good conversation starter: Taking a hot air balloon ride is not an everyday activity and the experience can make for an interesting conversation topic. Cons of using a hot air balloon for transportation: 1. Weather dependent: Hot air ballooning is very weather dependent with flights being canceled in high winds or thunderstorms making it an unreliable mode of transport. 2. Slow: Hot air balloons travel at the mercy of the wind currents and cannot be steered in a specific direction which makes for a slower and longer journey. 3. Limited capacity: Hot air balloons are not designed to carry large numbers of passengers limiting their use as a mass transportation option. 4. Expensive: Hot air balloon rides can be quite expensive and the cost can be prohibitive for regular use as a mode of transportation. 5. Low accessibility: Hot air balloons need a large open space to launch and land which makes them less accessible in urban areas.","Using a hot air balloon for transportation is a unique and imaginative concept but it presents several **practical and logistical challenges**. Here's a breakdown of the **pros** and **cons** of using hot air balloons for transportation: --- ### **Pros** #### 1. **Aesthetic and Environmental Benefits** - **Aesthetic Appeal**: Hot air balloons are visually striking and can be used for tourism advertising or special events. - **Low Carbon Footprint**: Balloons are powered by hot air which is a renewable resource (if the fuel is clean-burning). However the energy used to heat the balloon is not always carbon-free. #### 2. **Leisure and Tourism** - **Tourism Revenue**: Hot air ballooning is a popular tourist activity generating revenue for local economies. - **Cultural and Historical Value**: Ballooning has been a symbol of freedom and adventure for centuries. #### 3. **No Ground Contact** - **No Need for Roads**: Balloons can travel over land and water avoiding the need for infrastructure like roads or airports. #### 4. **Safe for Certain Routes** - **Avoiding Crowded Areas**: Balloons can avoid traffic crowds and","","26","256","282","53.177","18.805","22.455","44.533","2.77598","75.94051","78.71649","2026-07-07T00:01:06.589395","2026-07-07T00:01:07.078324","2026-07-07T00:01:18.478785","2026-07-07T00:01:18.479684"
"74","1","74","Summarize what we know about the coronavirus.","","Coronavirus also known as COVID-19 is a respiratory illness caused by the SARS-CoV-2 virus. The virus was first identified in Wuhan China in December 2019 and quickly spread globally becoming a pandemic. Common symptoms of COVID-19 include fever cough and difficulty breathing although some people may have mild or asymptomatic cases. The virus is primarily spread through respiratory droplets from an infected person and transmission can occur even if the person does not show symptoms. The best way to prevent the spread of the virus is through social distancing wearing a mask and practicing good hygiene. Several vaccines have been developed and are being distributed with the goal of achieving herd immunity and slowing the spread of the virus. However variants of the virus such as the Delta variant have emerged and are causing concern. It is important to continue practicing prevention measures and following guidance from health authorities to combat the pandemic.","The coronavirus most commonly known as **SARS-CoV-2** is the causative agent of the disease **coronavirus disease 2019 (COVID-19)**. Here is a summary of the key information about the virus: ### 1. **Origin and Discovery** - The virus was first identified in **Wuhan China** in 2019. - It was initially linked to **wildlife** (e.g. bats and pangolins) but the exact animal source remains under investigation. ### 2. **Structure** - The virus has a **spiky membrane-like surface** made of proteins called **spikes**. - It is **not** a type of influenza virus and it is **not** caused by a virus that can be transmitted through food or water. ### 3. **Transmission** - The virus spreads primarily through **respiratory droplets** (e.g. when someone coughs or sneezes). - It can also spread through **close contact** with an infected person and **touching contaminated surfaces** and then touching the face can lead to infection. ### 4. **Symptoms** - Common symptoms include **cough","","22","256","278","38.985","25.651","22.478","44.489","3.13476","75.73320","78.86796","2026-07-07T00:01:18.484618","2026-07-07T00:01:19.048933","2026-07-07T00:01:30.438005","2026-07-07T00:01:30.438742"
"75","1","75","Name a famous actor who has won an Oscar for Best Actor","","Tom Hanks is a famous actor who has won two Oscars for Best Actor for his roles in Philadelphia (1993) and Forrest Gump (1994).","**Tom Hanks** is a famous actor who has won an **Oscar for Best Actor**. He won the Academy Award for Best Actor in 1992 for his role in the film ** Philadelphia **.","","24","51","75","52.677","18.984","22.756","43.944","2.79561","14.46623","17.26184","2026-07-07T00:01:30.443623","2026-07-07T00:01:30.899231","2026-07-07T00:01:33.140395","2026-07-07T00:01:33.141034"
"76","1","76","Suggest a story title for the passage you just wrote.","","Journey into the Unknown: One Family's Discovery of the Past","** Echoes of the Forgotten **","","24","13","37","53.520","18.685","22.793","43.873","2.88214","3.92900","6.81114","2026-07-07T00:01:33.145292","2026-07-07T00:01:33.593723","2026-07-07T00:01:34.164069","2026-07-07T00:01:34.164423"
"77","1","77","What is the gravitational effect of the Moon on Earth?","","The gravitational effect of the Moon on the Earth is primarily responsible for the phenomenon of tides where the rise and fall of sea levels occur due to the gravitational pull between the two celestial bodies. The Moon's gravity causes a cyclical bulge of water on the Earth's surface that faces the Moon subsequently causing high tides with another bulge occurring on the opposite side because of the inertial force of the Earth's rotation. Additionally The Moon's gravitational force stabilizes the Earth's axial tilt which affects the climate and seasons. Without the Moon Earth's axial tilt could undergo large variations leading to dramatic climate change.","The gravitational effect of the Moon on Earth is one of the most significant and well-documented phenomena in astronomy. Here's a detailed explanation of its effects: --- ### 1. **Tides** The Moon exerts a **gravitational force** on Earth which pulls on the water in the oceans causing **tidal bulges**. These bulges are the result of the **Moon's gravity** pulling water on the side of Earth facing the Moon and the **opposite side** of Earth being pulled away by the Moon's gravity. - The **difference in tidal bulge** between the two sides of Earth is about **12 cm** (about 4.7 inches). - This effect is the **main reason** for the **tides** we observe on Earth with the Moon being the dominant contributor. --- ### 2. **Lunar Lock** The Moon's gravitational pull causes Earth's **rotation** to slow down over time. This is because the tidal forces between the Earth and Moon transfer angular momentum from Earth's rotation to the Moon's orbit. - **Earth's rotation** slows down and **the Moon's orbit** becomes larger over time (a process known as **潮汐锁定** or","","23","256","279","52.661","18.989","22.478","44.489","2.90262","75.97676","78.87938","2026-07-07T00:01:34.168362","2026-07-07T00:01:34.605117","2026-07-07T00:01:45.994204","2026-07-07T00:01:45.995213"
"78","1","78","Compose a love poem for someone special.","","My love my heart's pure essence my light In you my soul has found its greatest might Each breath of yours a symphony so grand A masterpiece so true in love's command In you I see the blossom of the dawn A beauty and a grace forever drawn Your smile like sunshine chasing clouds away Bringing warmth and hope to each new day. My love my passion my everything The rhythm to my heartbeat's softest string In you a love so enchanting so real A passion overwhelming all I feel. My heart will forever sing your praise As I am lost in love's sweetest maze You are my reason my north star my guide With you I am truly alive inside. My love in every moment of each day I thank the stars that you came my way For with you my heart has found its home My love in you I’m never alone.","In the quiet of the morning when the world is still I find you and the world begins to sing. Your smile is the sun that warms the heart of the land And your voice the wind that carries secrets to the heart. I love you like the first star that shines at night Loving you through every storm and every light. You are the reason my heart never grows old And every moment with you is a treasure I hold. So here's to the love that makes life so sweet To the moments we share and the dreams we pursue. You are my love my soul my heart's truest prize In every breath every word and every life.","","20","157","177","52.086","19.199","22.561","44.325","2.19343","46.47172","48.66515","2026-07-07T00:01:46.000172","2026-07-07T00:01:46.384155","2026-07-07T00:01:53.343124","2026-07-07T00:01:53.343784"
"79","1","79","Create a mnemonic to remember the capital cities of the three Baltic countries.","","Here's a possible mnemonic: LET's go to the Baltic capitals . Each letter in the word LET represents the first letter of each capital city in the region: L for Tallinn of Estonia E for Riga of Latvia and T for Vilnius of Lithuania.","A mnemonic to remember the capital cities of the three Baltic countries (Lithuania Latvia and Estonia) can be created using the **first letters** of their capital cities: - **Lithuania** → ** Vilnius **(V) - **Latvia** → ** Riga **(R) - **Estonia** → ** Tallinn **(T) So the mnemonic could be: ** V R T – Baltic capitals easy to remember! ** Alternatively you could use a simple phrase or sentence where the first letters of the capitals are the words: ** Vilnius Riga Tallinn – Baltic's capitals just one step! ** This is simple memorable and directly relates to the three Baltic capitals.","","26","162","188","52.325","19.111","22.546","44.354","2.80865","47.84596","50.65461","2026-07-07T00:01:53.348590","2026-07-07T00:01:53.845486","2026-07-07T00:02:01.030852","2026-07-07T00:02:01.031571"
"80","1","80","Generate an acrostic poem.","Spring","Sunshine and warmth bring us out doors Petals bloom and bees are buzzing Rain showers that make the gardens grow Incredible time for new beginnings Nature awakens from a winter slumber Green grass and leaves on the trees once more","Sure! Here's an acrostic poem with the word ** Spring **: **S**unlight dances on the meadow's face **p**each leaf whispers secrets to the breeze **r**aining clouds let dreams take flight **o**n a thawing earth the world begins to yield **n**ighttime ends and day awakes **g**lory blooms where snow once lay. Let me know if you'd like it in a different style or theme!","","20","115","135","52.058","19.209","22.635","44.179","2.11087","33.93445","36.04532","2026-07-07T00:02:01.035949","2026-07-07T00:02:01.420137","2026-07-07T00:02:06.500704","2026-07-07T00:02:06.501258"
"81","1","81","Brainstorm a creative idea for a team-building exercise.","","One creative idea for a team-building exercise could be a Virtual Escape Room challenge. In this activity team members work together to solve puzzles and complete tasks to escape a virtual room within a set time limit. To make it more interactive and engaging the escape room can be designed around a specific theme or storyline such as a heist or a treasure hunt. In the virtual escape room team members will have to communicate effectively delegate tasks and rely on each other's strengths to successfully complete the challenge. This activity not only promotes collaboration and problem solving but it also allows team members to get to know each other better and have some fun in the process.","**Idea: The Silent Symphony Team-Building Exercise** **Purpose:** To foster communication collaboration and creativity in a low-pressure engaging environment. **Concept:** Divide the team into small groups (3–5 people). Each group is given a **silent** (no talking) time for 2–3 minutes during which they must **create a visual or written representation** of a symphony — a composition of sounds colors or emotions. The group must **use only their hands and bodies** to form the symphony without speaking or using any tools. **Execution:** 1. **Silent Time:** Each group is given 2–3 minutes to silently create a symphony using only their bodies hands and movements. No words no tools. 2. **Rehearsal:** After the silent time the group shares their symphony in a **silent verbal-free** way (using gestures facial expressions or written symbols). 3. **Symphony Rehearsal:** The group then practices their symphony in a public setting ensuring everyone understands the composition. 4. **Feedback and Reflection:** The group reflects on the experience","","23","256","279","51.689","19.347","22.427","44.590","2.84759","75.59184","78.43943","2026-07-07T00:02:06.505705","2026-07-07T00:02:06.950678","2026-07-07T00:02:18.365730","2026-07-07T00:02:18.366529"
"82","1","82","Create an algorithm that classifies a given text into one of five categories.","This is a breathtaking landscape of mountains and lush vegetation.","Step 1: Define the categories and associated keywords - Nature: mountain vegetation landscape forest beach river lake ocean - Sports: football basketball hockey tennis running cycling fitness - Technology: computer internet software AI smartphone device gadget - Food: pizza pasta burger fruit vegetable cooking recipe cuisine - Art: painting sculpture music theater dance literature poetry Step 2: Tokenize and preprocess the input text - Convert the input text to lower case: this is a breathtaking landscape of mountains and lush vegetation. - Split the text into individual words: ['this' 'is' 'a' 'breathtaking' 'landscape' 'of' 'mountains' 'and' 'lush' 'vegetation'] Step 3: Count the number of keywords in the text for each category - Nature: 3 - Sports: 0 - Technology: 0 - Food: 0 - Art: 0 Step 4: Determine the category with the highest count - The category with the highest count is Nature. Step 5: Return the classification - The input text is classified as Nature.","To classify a given text into one of five categories we can use **text classification** with **machine learning** or **natural language processing (NLP)** techniques. Below is a **simple algorithmic approach** using **machine learning** specifically **Logistic Regression** with **TF-IDF** features which can be implemented in code. --- ### 🧪 Problem Overview You want to classify a sentence (like This is a breathtaking landscape of mountains and lush vegetation. ) into one of five categories: **Nature** **Travel** **Adventure** **Cultural** **Science**. --- ### 📦 Step-by-Step Algorithm #### 1. **Data Preparation** - **Collect a dataset** of sentences labeled with their category (e.g. 5 classes). - Use a **label encoding** or **one-hot encoding** to represent categories. - Split the dataset into: - **Training set** (80% of data) - **Test set** (20% of data) #### 2. **Feature Extraction** - Use **TF-IDF (Term Frequency-Inverse Document Frequency)** to convert text into numerical features. - For each sentence create a **TF-IDF vector","","38","254","292","52.868","18.915","22.171","45.104","4.79864","75.60812","80.40676","2026-07-07T00:02:18.371586","2026-07-07T00:02:19.090359","2026-07-07T00:02:30.546867","2026-07-07T00:02:30.547674"
"83","1","83","Suggest a way to organize a closet efficiently.","","One way to organize a closet efficiently is to follow these steps: 1. First clear out everything from the closet and sort through the items. Donate or get rid of anything that you no longer wear or use. 2. Organize your clothes by type such as separating shirts pants dresses and jackets. Within these groups you can then organize them by color length or season. 3. Utilize shelving hanging rods and storage boxes or bins to maximize space. Place the most frequently used items at eye-level and within easy reach. 4. Use space-saving hangers and slim velvet hangers these save a lot of horizontal space and give a cleaner look. 5. Use shelf dividers to keep stacks of folded clothes neat and tidy. 6. Store off-season clothing or items that you rarely use in vacuum-sealed storage bags or in boxes on a higher shelf to free up space. 7. Consider using drawer organizers or storage boxes to keep smaller items such as socks or undergarments neat and easily accessible. 8. Make use of the closet door by hanging an over-the-door shoe organizer or hooks to store shoes bags or accessories. 9. Finally make sure to maintain the organization by putting things back in their designated spot after use and regularly reassessing and decluttering your closet. By implementing these steps you should be able to efficiently organize your closet and easily find what you're looking for.","Organizing a closet efficiently can be done through a **systematic approach** that categorizes items uses space effectively and keeps the environment clean. Here's a step-by-step way to organize your closet: --- ### **1. Empty the Closet** - Remove all items from the closet. - This helps you see the space and plan better. --- ### **2. Sort by Function** - **Clothes** (t-shirts pants shirts etc.) - **Accessories** (socks shoes belts) - **Jewelry** (rings necklaces etc.) - **Shoes** (inside the closet) - **Other** (books papers etc.) --- ### **3. Use the First-In First-Out Principle** - If you're using the closet frequently organize items by date or usage (e.g. first in = first used last in = last used). --- ### **4. Use Storage Solutions** - **Baskets** for small items (e.g. socks jewelry) - **Pegboards** for clothes - **Tote bags** for larger items - **Vertical space** with shelving or wall organizers --- ###","","22","256","278","38.693","25.845","22.430","44.583","3.09788","75.52913","78.62700","2026-07-07T00:02:30.552612","2026-07-07T00:02:31.121197","2026-07-07T00:02:42.534456","2026-07-07T00:02:42.535212"
"84","1","84","Train a GPT 3 language model to generate a realistic fake review for a given product.","Product: IKEA side table","The IKEA side table is a fantastic addition to my home. It's simple yet stylish design adds a touch of elegance to any room. It's the perfect size for placing next to a sofa or armchair providing a convenient spot for a cup of coffee or book. The build quality and durability are excellent and it's really easy to put together. It's a great value for the price and I would highly recommend it to anyone in need of a functional well-made side table.","**Product:** IKEA Side Table **Review:** This side table is a disappointment. The IKEA brand is known for its high-quality functional designs but this one feels like it was rushed together. The legs are slightly loose and the surface is uneven. The wood is cheaply treated and the assembly process was a nightmare. I expected more from a product that's supposed to be a classic. The price is right but the quality is not. I would not recommend this side table to anyone who values craftsmanship or durability. **Rating:** 2/5 Let me know if you'd like a more formal professional or different tone version of this review.","","37","144","181","52.949","18.886","22.490","44.463","4.16380","42.52033","46.68412","2026-07-07T00:02:42.540509","2026-07-07T00:02:43.239292","2026-07-07T00:02:49.642006","2026-07-07T00:02:49.642635"
"85","1","85","Give me a strategy to increase my productivity.","","Here are some effective strategies that can help you increase your productivity: 1. Set Clear Goals: Start by setting clear goals and breaking them down into smaller manageable tasks. Having a clear understanding of what you want to achieve helps keep you focused and motivated. 2. Use a To-Do List: Write down all the tasks you need to complete for the day or week and prioritize them according to their importance and urgency. This helps you stay organized and on track. 3. Avoid Distractions: Identify and minimize distractions that take your attention away from your work. This could include turning off notifications for non-essential apps working in a quiet environment and avoiding multitasking. 4. Take Breaks Regularly: It's essential to take breaks regularly to recharge and refresh your mind. During your breaks you can do a quick exercise meditate or even take a short walk to clear your head. 5. Use Tools and Apps: There are plenty of tools and apps available to help you stay productive. Use apps like Trello or Asana to manage your tasks Pomodoro timers to maintain focus and blocking apps to minimize distraction. 6. Optimizing your daily routine: It is important to have a morning routine aimed at increasing your energy and concentration during the day. Sleeping well eating healthy and having a pleasant time to wake up are factors that have a strong influence on daily productivity. By implementing these strategies you can effectively increase your productivity achieve your goals and reach your fullest potential.","Increasing productivity is a key goal for many and it can be approached with a structured consistent and mindset-driven strategy. Here's a **comprehensive actionable and flexible productivity strategy** you can implement: --- ### **1. Set Clear Achievable Goals** - **Break tasks into smaller manageable parts**. - **Use the Two-Step method**: - Step 1: Define what you need to do. - Step 2: Decide when you will do it. - **Use the Eisenhower Matrix** to prioritize tasks by urgency and importance. --- ### **2. Prioritize and Focus** - **Use the 80/20 Rule (Pareto Principle)**: Focus on the 20% of tasks that contribute to 80% of the results. - **Time blocking**: Allocate specific blocks of time for specific tasks. - **Avoid multitasking** – it reduces efficiency and increases errors. --- ### **3. Eliminate Distractions** - **Turn off non-essential notifications** (email social media etc.). - **Create a productivity zone ** free from distractions (e.g. a dedicated workspace). - **Use the Pom","","21","256","277","52.349","19.103","22.438","44.567","2.08528","75.90454","77.98982","2026-07-07T00:02:49.647272","2026-07-07T00:02:50.048425","2026-07-07T00:03:01.457663","2026-07-07T00:03:01.458605"
"86","1","86","Write a story that uses the following four words: sunset starry journey adventure","","Once upon a time there was a young boy who dreamed of embarking on an epic journey. He longed for adventure and the thrill of exploring new lands. One warm summer evening as he gazed out at the beautiful sunset he knew that it was time to set out on his quest. The boy packed a small bag with everything he would need for his journey and set out into the night. The sky was starry and clear and the moon shone brightly lighting his way. As he walked he couldn't help but feel excited about the adventure that lay ahead. Days turned into weeks as the boy journeyed further and further from home. He encountered all sorts of obstacles and challenges but with each one he became stronger and more determined. The sun set and rose each day marking the passage of time as he continued on his quest. Finally after many long weeks of travel the boy reached his destination. He had discovered a new land filled with wonders and beauty beyond anything he could have ever imagined. The sunset over this new world was more breathtaking than any he had ever seen and the starry sky seemed to sparkle more brightly than ever before. The boy knew that his journey had been worth every step and he was grateful for the adventure that had brought him to this magical place. And so as he watched the sun set on another day he knew that this was just the beginning of a lifetime of exploration and discovery.","At the edge of the world where the last light of the day melted into the sky a young boy named Leo set out on a journey. He had always dreamed of the stars of the endless sky where the moon painted the heavens with silver and where the night brought with it a promise of wonder. Sunset was the first sign of the end. The sun dipped low casting long shadows across the land and the wind whispered through the trees like a secret. Leo packed his backpack with supplies a map and a heart full of hope. He had no destination but he knew he wanted to see the starry sky. The journey began at dawn when the world woke to the sound of birds and the first light of the sun. Leo wandered through the valleys across the plains and into the mountains. He passed fields of wildflowers where the wind carried the scent of rain and the promise of summer. He climbed a hill where the view was so vast it felt like the earth had been swallowed by the stars. One evening as the sun dipped below the horizon Leo stopped at a small clearing. The sky was a canvas of colors—reds purples golds and blues. The stars","","30","256","286","54.011","18.515","22.447","44.550","3.44130","75.68537","79.12667","2026-07-07T00:03:01.463806","2026-07-07T00:03:02.019252","2026-07-07T00:03:13.423950","2026-07-07T00:03:13.424969"
"87","1","87","Think of a creative way to transport a car from Denver to Texas.","","One idea for transporting a car from Denver to Texas in a creative way is to use helium filled balloons to float it through the sky. The car could be fitted with a harness and a large number of high-strength balloons could be attached to it. Once filled with helium the balloons would lift the car up into the air allowing it to be gently floated towards Texas. A small team of trained pilots could use drones to navigate the car and control its altitude making sure it stays on course and avoiding any obstacles or hazards along the way. This would be a unique and visually stunning way to transport the car and could draw a lot of attention and interest from people along the route.","Transporting a car from Denver to Texas could be a fun and creative challenge! Here's a unique and imaginative idea: ** Denver to Dallas: The 'Climb the Rockies' Car Journey ** To make the trip from Denver to Texas you could take the **Rocky Mountain Turnpike** (also known as the ** Climb the Rockies ** route) and then **drive through the Panhandle** of Texas. But instead of a regular road trip you could **build a custom elevated road** from Denver to Dallas complete with **art installations solar-powered stations and a themed park** along the way. ### Creative Twist: The Rocky Road to Texas - **Start in Denver** – you begin with a classic well-maintained car. - **Head to the Rockies** – you take a scenic route through the Rockies stopping at historic sites and natural wonders. - **Cross the Continental Divide** – you pass through the Continental Divide a unique and scenic route. - **Drive through the Panhandle** – you reach Texas where you can enjoy the **Texas Hill Country** and the **Texas Hill Country**. - **Customize the Journey** – add **art installations","","26","256","282","52.053","19.211","22.421","44.600","2.81333","76.57612","79.38945","2026-07-07T00:03:13.430073","2026-07-07T00:03:13.929560","2026-07-07T00:03:25.347284","2026-07-07T00:03:25.348365"
"88","1","88","Name a famous person who embodies the following values: knowledge and creativity.","","One famous person who embodies the values of knowledge and creativity is Albert Einstein. He is widely regarded as one of the most brilliant and influential scientists of all time and his groundbreaking theories and ideas have had a profound impact on our understanding of the universe. Einstein was a creative thinker who was able to develop new and innovative ideas and he also had a deep and expansive knowledge of the scientific principles and theories of his time.","A famous person who embodies both **knowledge** and **creativity** is **Leonardo da Vinci**. - **Knowledge**: Da Vinci was a polymath with a deep understanding of science art engineering anatomy and mathematics. He meticulously documented his observations and innovations such as his studies of human anatomy his notebooks and his inventions like the flying machine and the hydraulic lock. - **Creativity**: He was a master of artistic expression and innovation. His works such as *The Last Supper* and *Monte Carlo* showcase his creative genius. He also designed many practical inventions and artistic devices that reflect his creative and intellectual spirit. Da Vinci’s life exemplifies the fusion of knowledge and creativity making him a symbol of the ideal polymath.","","26","160","186","53.133","18.821","22.514","44.418","2.85379","47.20173","50.05551","2026-07-07T00:03:25.354065","2026-07-07T00:03:25.843403","2026-07-07T00:03:32.950213","2026-07-07T00:03:32.951020"
"89","1","89","Design a smartphone app","","The smartphone app I would design would be a personal organization and productivity tool. The app would feature a clean and intuitive user interface and it would be divided into several sections including a calendar to-do list goal tracker and note-taking section. The calendar section would allow users to add events and appointments set reminders and view their schedule in a daily weekly or monthly layout. The to-do list would enable users to organize tasks into categories and prioritize them based on urgency and importance. The goal tracker would help users set and track their personal and professional goals with features such as progress tracking and customizable milestones. Finally the note-taking section would provide a space for users to jot down ideas and reminders with the option to add images and voice recordings. The app would also integrate with other commonly used applications such as email and cloud storage to provide a seamless experience. Users could set up custom notifications and reminders to ensure they stay on track with their tasks and goals. Overall the app would be a comprehensive tool for managing time organizing tasks and achieving personal and professional goals.","Designing a smartphone app involves several key stages from understanding the problem and target audience to creating the app's core features UI/UX and technical implementation. Here's a step-by-step guide to **designing a smartphone app** for a **fitness tracker** — a common but versatile idea. --- ## 🔧 Step 1: Define the Purpose and Target Audience ### Purpose: - Track daily activity sleep diet and fitness goals. - Provide personalized recommendations. - Motivate users to stay active. ### Target Audience: - Fitness enthusiasts - Busy professionals - People with health goals - Individuals with chronic conditions (if applicable) --- ## 📦 Step 2: Define the Core Features ### Key Features for a Fitness Tracker App: 1. **User Profile**: - Personal data (name age height weight) - Progress tracking (weight BMI workout history) 2. **Activity Logging**: - Step count - Heart rate - Sleep tracking 3. **Goal Setting**: - Daily/weekly goals (e.g. 10 000 steps 8 hours of sleep) 4. **Fitness Recommendations**: - Push notifications","","16","255","271","51.605","19.378","22.370","44.702","1.95223","75.26612","77.21834","2026-07-07T00:03:32.955429","2026-07-07T00:03:33.265478","2026-07-07T00:03:44.664449","2026-07-07T00:03:44.665561"
"90","1","90","Create an appropriate title for a song.","","Heartbeats and Echoes","** Echoes of the Heart **","","20","13","33","52.095","19.196","22.788","43.883","2.06093","4.03170","6.09263","2026-07-07T00:03:44.670519","2026-07-07T00:03:45.054430","2026-07-07T00:03:45.624905","2026-07-07T00:03:45.625306"
"91","1","91","Write a 100-word description of a bustling city street scene.","","The city street is alive with energy and movement as people from all walks of life hurry along the crowded sidewalks. The sounds of car horns and chatter fill the air contributing to the lively atmosphere. Street vendors line the sidewalks selling everything from hot dogs to exotic souvenirs attracting customers with their colorful displays and enticing aromas. Traffic is heavy with cars buses and bikes all vying for space on the busy roads. The bright lights of towering buildings and flashing signs illuminate the scene creating a vibrant and bustling urban environment.","The city street buzzes with life as vendors call out their wares sunlight glinting off the rain slicker. Cars honk pedestrians hurry and the distant sound of laughter fills the air. Colorful signs and the smell of food blend with the city’s rhythm creating a vibrant ever-moving tapestry of motion and sound.","","27","74","101","54.028","18.509","22.667","44.117","2.85900","21.92455","24.78355","2026-07-07T00:03:45.629524","2026-07-07T00:03:46.129265","2026-07-07T00:03:49.393939","2026-07-07T00:03:49.394464"
"92","1","92","Rewrite the sentence using a different way of saying must .","Everyone must remember to bring their supplies to class.","It is imperative for everyone to remember to bring their supplies to class.","Everyone must remember to bring their supplies to class.","","35","14","49","52.058","19.209","22.738","43.979","4.14853","3.94554","8.09407","2026-07-07T00:03:49.399219","2026-07-07T00:03:50.071542","2026-07-07T00:03:50.687253","2026-07-07T00:03:50.687634"
"93","1","93","Convert the following graphic into a text description.","","I'm sorry but as an AI language model I cannot see the graphic you provided. Please provide a textual description of the graphic or any other text-based information so I can assist you better.","I'm unable to convert a graphic into a text description directly. If you can describe the graphic in text (such as the image's content colors layout and elements) I can help you translate that description into a textual representation. For example: - A blue background with a red circle in the center surrounded by green lines and a small green arrow pointing to the circle. - A landscape view of a mountain range with clouds in the distance and a few trees in the foreground. Please provide a description of the graphic and I'll help you convert it into text.","","21","123","144","52.892","18.907","22.591","44.265","2.11172","36.63626","38.74798","2026-07-07T00:03:50.691580","2026-07-07T00:03:51.088619","2026-07-07T00:03:56.533235","2026-07-07T00:03:56.533849"
"94","1","94","Imagine you are making an egg sandwich write out a step-by-step instruction to make the sandwich.","","Here is a step-by-step instruction to make an egg sandwich: 1. Start by gathering all the ingredients you will need. These include bread eggs butter mayonnaise lettuce salt pepper and any other toppings or condiments you want to add. 2. Heat a non-stick skillet over medium heat and add a small pat of butter to the skillet. 3. Crack the eggs into the skillet and cook until the whites are set but the yolks are still runny. You can also flip the eggs over and cook for a few seconds on the other side if you prefer your yolks more cooked. 4. While the eggs are cooking toast the bread to your desired level of toasty-ness. You can use a toaster or you can toast the bread in the skillet by melting some butter on it and cooking the bread over medium-low heat until it is lightly browned on both sides. 5. Once the bread is toasted spread one side of each slice with mayonnaise. Place the lettuce on top of one slice of bread. 6. When the eggs are cooked use a spatula to carefully transfer them on top of the lettuce. Season with salt and pepper to taste. 7. Add any other toppings or condiments you want to include such as cheese sliced tomato or bacon. 8. Top with the other slice of bread mayonnaise side down. Cut the sandwich in half if desired and serve immediately. Enjoy your delicious egg sandwich!","Sure! Here's a step-by-step guide to making a delicious egg sandwich: --- **Ingredients:** - 2 slices of bread (whole grain or white flour whichever you prefer) - 1–2 large eggs - 1–2 tablespoons ofanut butter or mayonnaise - 1–2 tablespoons of egg wash (optional) - Salt and pepper (to taste) - Optional: cheese lettuce tomato onion or other fillings --- **Steps:** 1. **Prepare the bread:** Place the bread slices on a counter or counter top. If you're using whole grain it will be a bit heavier but it adds a nice texture. 2. **Add the eggs:** On one slice of bread lightly brush with egg wash or use a small amount of egg yolk. Sprinkle a few grains of salt and pepper. 3. **Spread the condiments:** On the other side of the bread spread a small amount ofanut butter or mayonnaise. 4. **Add the eggs:** Carefully place the egg(s) on the bread making sure they are evenly distributed. 5. **Add the finishing touches:** If you want","","32","256","288","53.956","18.534","22.387","44.668","3.60138","76.55800","80.15938","2026-07-07T00:03:56.538452","2026-07-07T00:03:57.131530","2026-07-07T00:04:08.566647","2026-07-07T00:04:08.567443"
"95","1","95","Predict how technology will change in the next 5 years.","","In the next five years technology is expected to advance significantly driven by trends such as artificial intelligence (AI) virtual and augmented reality the Internet of Things (IoT) 5G connectivity and automation. Here are some ways technology may change in the coming years: 1. Greater adoption of AI and Machine Learning: The use of AI and machine learning will continue to grow with more businesses and organizations incorporating these technologies into their operations. This will lead to more automation of tasks improved accuracy and efficiency in data analysis and the development of smarter and more intuitive software. 2. Widespread implementation of 5G: The rollout of 5G networks will revolutionize the way we connect and communicate bringing faster internet speeds stronger connections and reduced response times. This will enable advancements in fields such as telemedicine remote work and gaming. 3. Advancements in VR and AR: Virtual and augmented reality technologies will continue to develop with more immersive and interactive experiences becoming available. This will not only impact the entertainment industry but will also have implications for education training and simulation. 4. Expansion of IoT: The Internet of Things (IoT) will continue to expand with more devices and appliances being connected and sharing data. This will result in more efficient and personalized interactions with technology from smart homes to connected cars. 5. Continued growth of remote work: Advances in technology and the normalization of remote work during the pandemic will lead to continued growth in remote work. Tools for collaboration communication and productivity will continue to improve making it easier for teams to work together despite geographic distances. Overall technology in the next five years is expected to continue driving innovation and change in virtually every industry allowing for greater connectivity automation and efficiency.","Over the next five years technology will continue to evolve at an unprecedented pace driven by advancements in artificial intelligence (AI) quantum computing the Internet of Things (IoT) and sustainability innovations. Here's a breakdown of how key technologies will shape the future: --- ### **1. Artificial Intelligence (AI) and Machine Learning** - **AI will become more integrated into daily life**: From personal assistants to medical diagnostics AI will transform industries like healthcare finance and education. - **Explainable AI (XAI)**: As AI becomes more critical in decision-making there will be a push for more transparent and explainable models. - **Ethical AI**: Increased focus on fairness bias reduction and data privacy will shape AI development. --- ### **2. Quantum Computing** - **Quantum Supremacy**: Companies like IBM Google and others will achieve quantum supremacy opening new frontiers in cryptography material science and complex simulations. - **Quantum-Driven Applications**: AI drug discovery and climate modeling will benefit from quantum computing. --- ### **3. The Internet of Things (IoT) and Edge Computing** - **Smart Cities**: IoT will enable smarter infrastructure including traffic systems energy grids","","24","256","280","53.420","18.719","22.425","44.593","2.72447","75.99833","78.72279","2026-07-07T00:04:08.572586","2026-07-07T00:04:09.021852","2026-07-07T00:04:20.437714","2026-07-07T00:04:20.438548"
"96","1","96","Find the minimum value of 132 - 5*3","","The minimum value of `132 - 5 * 3` can be found by following the order of operations. First you would solve the multiplication inside the expression which is: 5 * 3 = 15. Then you can substitute this value into the expression making it `132 - 15`. Now we will perform the subtraction: 132 - 15 = 117 So the minimum value of `132 - 5 * 3` is 117.","We are given the expression: $$ 132 - \frac{5 \times 3}{\text{no}} $$ However the expression is incomplete because it contains ** no ** which is not a valid mathematical operand. This may be a typo or formatting error. Let’s assume you meant to write: $$ 132 - \frac{5 \times 3}{\text{something}} $$ But since no is not a valid number or operation we cannot evaluate the expression. --- ### If no is a typo and you meant to write: - $ 132 - \frac{5 \times 3}{x} $ where $ x $ is a number Then we can evaluate it for some value of $ x $ but without knowing $ x $ we cannot find a numerical answer. --- ### If no is a typo and you meant to write: - $ 132 - 5 \times 3 $ then: $$ 132 - 15 = 117 $$ --- ### If no is a typo and you meant to write: - $ 132 - \frac","","26","256","282","53.315","18.756","22.433","44.577","2.89621","76.28483","79.18105","2026-07-07T00:04:20.443712","2026-07-07T00:04:20.931377","2026-07-07T00:04:32.343156","2026-07-07T00:04:32.343958"
"97","1","97","Provide a step-by-step explanation of how a physical computer is powered up.","","1. **Connect the power cable:** Start by confirming that the computer is correctly plugged into an electrical outlet surge protector or power strip (which should be turned on). Typically a computer uses a 3-pronged power cord with one end connecting to the power supply unit (PSU) at the back of the computer case and the other end is plugged into a wall socket. 2. **Turn on the power supply:** With the power cable connected locate the power supply unit (PSU) switch usually located at the back of the computer case near the power cord - this switches the PSU on or off - and move it to the 1 or ON position. 3. **Press the power button:** Find the power button on the front of the computer case and press it. This will send a signal to the power supply to start sending power throughout the system. 4. **The Boot Process:** Once the power button is pressed the power supply sends an electrical current to the motherboard and other components. The motherboard's BIOS (Basic Input/Output System) is activated and conducts a Power-On-Self-Test (POST) to ensure all hardware is functioning correctly. If the POST is successful it will then start the boot loader program which is responsible for loading the operating system. 5. **Loading the Operating System:** Once the boot loader is activated it will load the operating system (e.g. Windows macOS) from the hard drive or SSD into the computer's memory (RAM). The operating system then initializes the system and loads drivers and services responsible for controlling the computer's hardware and software. 6. **Ready to Use:** After the operating system has loaded the computer will display the login screen and the user can log in to the system. At this point the computer is powered up and the user can begin using it to perform tasks run applications and access the internet. Note: These steps assume that the computer is functioning correctly and has no issues with its hardware or software. If problems are encountered during the power-up process a user may need to troubleshoot the issue or seek the assistance of a professional technician.","Powering up a physical computer involves a sequence of steps that begins with the **power supply** and moves through the **motherboard** **CPU** **RAM** **hard drive** **cooling system** and **external devices**. Here's a step-by-step explanation of how a computer is powered up: --- ### **1. Connect the Power Cord** - **Step:** Insert the power cord into the **power supply unit (PSU)**. - **Purpose:** The PSU converts AC power (from the wall outlet) into DC power for the computer’s components. --- ### **2. Connect the Monitor and Peripherals** - **Step:** Plug in the monitor keyboard mouse and other external devices (e.g. printer speakers) into the **computer’s ports** (USB HDMI etc.). - **Purpose:** These devices are powered by the computer not by the wall outlet. --- ### **3. Place the Computer on a Stable Surface** - **Step:** Place the computer on a flat stable surface (e.g. a desk or table). - **Purpose:** To prevent damage from tipping or to allow proper airflow. --- ### **4. Ensure the Computer Is Plugged Into the Wall Outlet**","","27","256","283","53.897","18.554","22.468","44.507","2.88830","76.16497","79.05327","2026-07-07T00:04:32.348906","2026-07-07T00:04:32.849864","2026-07-07T00:04:44.243605","2026-07-07T00:04:44.244381"
"98","1","98","Come up with some creative ways to recycle cardboard.","","1. Create fun and functional storage containers: Cut and shape cardboard boxes into custom organizers for your drawers cabinets and desk. 2. Design a DIY pet toy or scratching post: Cats and rabbits both love to play and scratch on cardboard. Create a fun and sustainable toy for your furry friend by gluing together pieces of cardboard for them to chew or scratch on. 3. Make picture frames: Cut out and decorate cardboard frames for your favorite photos or artwork. You can even use different colors and patterns to create a gallery wall. 4. Build a fort: Let your imagination run wild and build a fort or playhouse for your kiddos using various sizes and shapes of cardboard boxes. 5. Craft homemade cards or stationery: Cut and fold your cardboard into unique cards or note paper and decorate with markers paint or collages. 6. Compost it: Cardboard can be an effective brown material in compost piles. Simply shred or tear up the cardboard and add it to the mix. 7. Use as mulch: In a similar vein cardboard can be used as a weed barrier and mulch in garden beds. Lay down a layer of cardboard over weedy areas and then cover with dirt mulch or compost. 8. DIY plant pots: Use cardboard to create biodegradable pots for starting seedlings. Once the seedlings are ready to be transplanted simply place the entire pot into the ground.","Sure! Cardboard is a versatile and often underutilized material. Here are some **creative and imaginative ways to recycle cardboard**: --- ### **1. Cardboard Art & Craft Supplies** - **Cardboard Sculptures**: Use cardboard to make 3D art such as figurines abstract shapes or even small sculptures. - **Cardboard Boxes**: Transform old boxes into storage containers plant pots or decorative items. - **Cardboard Paintings**: Use cardboard as a base for art then paint or draw on it. - **Cardboard Paper**: Use it as a substitute for regular paper for writing drawing or crafting. --- ### **2. Eco-Friendly Products** - **Cardboard Shopping Carts**: Make simple eco-friendly carts from cardboard for small purchases. - **Cardboard Pots**: Use cardboard for planters or as a base for terrariums. - **Cardboard Bags**: Create reusable biodegradable shopping bags from cardboard. --- ### **3. Decorative & Functional Uses** - **Cardboard Wall Art**: Use cardboard as a base for painted or decorated wall art. - **Cardboard Stickers**: Create custom stickers or gift cards from cardboard. - **Cardboard as a","","22","256","278","38.721","25.826","22.477","44.490","3.33243","76.05025","79.38268","2026-07-07T00:04:44.249690","2026-07-07T00:04:44.817852","2026-07-07T00:04:56.207302","2026-07-07T00:04:56.208064"
"99","1","99","Construct a regular expression that matches all 5-digit numbers that start with 4.","","The regular expression that matches all 5-digit numbers that start with 4 would be `4\d{4}`. The `4` at the start of the expression indicates that the number must start with 4. The `\d` represents any digit and the `{4}` indicates that there should be four digits following the leading 4. The entire expression therefore means that the number should start with 4 and be followed by four digits resulting in a 5-digit number that starts with 4.","To construct a regular expression that matches **all 5-digit numbers starting with 4** here's how you can approach it: ### Requirements: - The number must be exactly **5 digits**. - The first digit must be **4**. - The remaining four digits can be any digit from 0 to 9. ### Regular Expression: ```regex ^4\d\d\d\d$ ``` ### Explanation: - `^` — Start of the string. - `4` — Must be the first character. - `\d` — Matches any digit (0-9). - `\$` — End of the string. ### Example Matches: - `41234` ✅ - `40000` ✅ - `49999` ✅ ### Example Non-Matches: - `4123` ❌ (not 5 digits) - `412345` ❌ (too long) - `51234` ❌ (starts with 5) Let me know if you want to allow leading zeros or other variations!","","29","236","265","53.627","18.647","22.354","44.734","3.41516","69.93300","73.34815","2026-07-07T00:04:56.213169","2026-07-07T00:04:56.753938","2026-07-07T00:05:07.311221","2026-07-07T00:05:07.311970"
