"row_number","attempt","question_number","instruction","input_text","reference_output","server_response","status","eval_tokens","prediction_tokens","total_tokens","eval_tokens_per_sec","eval_ms_per_token","prediction_tokens_per_sec","prediction_ms_per_token","eval_energy_j","prediction_energy_j","accumulated_energy_j","sent_at","eval_done_at","prediction_done_at","received_at"
"0","1","0","How can you use technology to improve your customer service?","","There are several ways technology can be used to improve customer service including the following: 1. Implementing Chatbots: Chatbots can help provide a faster more personalized service to your customers. Equipped with artificial intelligence and natural language processing algorithms chatbots can quickly respond to customer queries saving customers time and providing them with immediate assistance. 2. Using Social Media: Using social media platforms to interact with customers is an excellent way to improve customer service. By maintaining an active presence on social media companies can respond to messages and comments promptly providing customers with an additional convenient way to reach out for support. 3. Creating a customer-centered website: The company's website should be designed to provide customers with all the relevant information they need about products and services. Features like FAQs and tutorial videos can simplify the user experience and provide better customer service. 4. Collect feedback: Collecting and analyzing feedback can be a powerful tool for improving customer service. By using surveys feedback forms and other tools to gather customer feedback companies can identify areas in which their service needs improvement and take action to address customer concerns. 5. Personalization: By leveraging customer data companies can provide a personalized experience to their customers. An AI-powered customer relationship management tool can track customer interactions and provide product/service recommendations based on their past experiences. In summary technology can be used in various ways to improve customer service. By implementing chatbots using social media developing a customer-centered website collecting feedback and personalizing the experience companies can provide better more efficient service to their customers.","Using technology to improve customer service can significantly enhance efficiency satisfaction and the overall customer experience. Here are several ways to leverage technology for better customer service: --- ### 1. **Implement a Customer Relationship Management (CRM) System** - **Purpose:** Centralize customer data track interactions and manage relationships. - **Benefits:** - Enables personalized service. - Improves response time and accuracy. - Helps identify customer needs and preferences. --- ### 2. **Use Chatbots and AI for 24/7 Support** - **Purpose:** Automate responses to common customer inquiries. - **Benefits:** - Reduces wait times. - Handles a high volume of queries simultaneously. - Free up human agents for more complex issues. --- ### 3. **Leverage Social Media Platforms** - **Purpose:** Engage customers directly on platforms they use. - **Benefits:** - Fast and real-time communication. - Builds brand loyalty and visibility. - Provides a channel for feedback and complaints. --- ### 4. **Deploy Omnichannel Support Systems** - **Purpose:** Provide a seamless experience across all customer touchpoints. - **Benefits:** - Customers can switch between channels","","23","256","279","11.215","89.169","4.445","224.967","15.83634","444.70933","460.54567","2026-07-08T22:11:42.088409","2026-07-08T22:11:44.139294","2026-07-08T22:12:41.730871","2026-07-08T22:12:41.732070"
"1","1","1","Sort the numbers 15 11 9 22.","","The sorted numbers in ascending order are: 9 11 15 22.","Sorted in ascending order: **9 11 15 22**.","","30","25","55","11.815","84.639","4.493","222.545","20.60975","43.35111","63.96086","2026-07-08T22:12:41.735130","2026-07-08T22:12:44.274286","2026-07-08T22:12:49.837909","2026-07-08T22:12:49.838197"
"2","1","2","Create a list of 8 questions to ask prospective online tutors.","","1. What is your experience and educational background in the subject(s) you tutor? 2. How do you assess and track the progress of your students? 3. How do you engage and motivate students during online sessions? 4. Can you provide references from past or current students or their parents? 5. What is your tutoring approach or teaching method? 6. How do you accommodate different learning styles and needs? 7. What scheduling options do you offer for online sessions and what is your policy for cancellations or rescheduling? 8. How do you use technology to enhance and facilitate the learning experience during online sessions?","Sure! Here's a list of 8 thoughtful questions to ask prospective online tutors to help assess their suitability teaching style and overall compatibility with your needs: 1. **What subjects or grade levels are you qualified to teach?** *This helps ensure they have the appropriate expertise for your child's needs.* 2. **Can you describe your teaching style and how you engage students?** *Understanding their approach can help determine if it aligns with your learning goals.* 3. **How do you handle difficult or disengaged students?** *This question reveals their patience adaptability and problem-solving skills.* 4. **What tools or platforms do you use for online instruction?** *Knowing their tech proficiency ensures smooth and effective sessions.* 5. **How do you track student progress and provide feedback?** *This helps assess their commitment to student development and improvement.* 6. **What is your availability and how flexible are you with scheduling?** *It’s important to know if their schedule aligns with your needs.* 7. **Can you provide references or examples of past tutoring experiences?** *This helps verify their experience and effectiveness.* 8. **What is your policy","","25","256","281","12.047","83.011","4.445","224.992","16.38486","455.01647","471.40133","2026-07-08T22:12:49.840623","2026-07-08T22:12:51.915895","2026-07-08T22:13:49.513813","2026-07-08T22:13:49.514232"
"3","1","3","Rewrite the given poem so that it rhymes","This world was far from perfect As the shadows have shown. The wickedness won’t relent As the risks have grown.","This world was far from ideal As the darkness did reveal. Wickedness refused to yield As dangers in the shadows peeled.","This world was far from perfect As the shadows have shown. The wickedness won’t relent And the risks have grown. Though darkness may surround us There’s still hope in the night. For every heart that’s true Can turn the world to light.","","49","65","114","11.831","84.525","4.476","223.432","34.32057","114.63009","148.95067","2026-07-08T22:13:49.517205","2026-07-08T22:13:53.658914","2026-07-08T22:14:08.181988","2026-07-08T22:14:08.182307"
"4","1","4","Provide a realistic context for the following sentence.","She was frustrated and angry.","She was frustrated and angry after spending over an hour on hold with customer service only to be transferred multiple times without getting any resolution to her issue.","**Realistic Context:** After spending hours trying to resolve a critical error in the company's new software system Maria finally discovered that the problem stemmed from a miscommunication during the initial development phase. Despite her repeated attempts to bring this to her manager's attention she was met with dismissiveness and a lack of support. When the system crashed during a major client demo the blame fell on her team. She was frustrated and angry—not just because of the technical failure but because she felt her concerns had been ignored and her efforts undervalued.","","27","115","142","11.677","85.640","4.474","223.509","19.29278","202.42891","221.72168","2026-07-08T22:14:08.184879","2026-07-08T22:14:10.497165","2026-07-08T22:14:36.200664","2026-07-08T22:14:36.201018"
"5","1","5","Change the text so that it follows the humorous tone. John and Amy bought a new car.","","Well well well look at John and Amy rolling in dough and cruising through the town in their brand spanking new car! Next thing you know they'll be waving at the peasants from their shiny chariot.","John and Amy bought a new car—because nothing says we're ready for the future like a vehicle that only has one seat and a GPS that thinks it's 2001.","","31","44","75","12.254","81.606","4.492","222.630","20.45454","77.46877","97.92331","2026-07-08T22:14:36.203627","2026-07-08T22:14:38.733410","2026-07-08T22:14:48.529119","2026-07-08T22:14:48.529419"
"6","1","6","List ten scientific names of animals.","","1. Panthera pardus - Leopard 2. Loxodonta africana - African Elephant 3. Gorilla gorilla - Western Gorilla 4. Balaenoptera musculus - Blue Whale 5. Canis lupus - Grey Wolf 6. Felis catus - Domestic cat 7. Dermochelys coriacea - Leatherback Sea Turtle 8. Struthio camelus - Ostrich 9. Ursus maritimus - Polar Bear 10. Oryctolagus cuniculus - European Rabbit.","Sure! Here are ten scientific names of animals: 1. **Panthera tigris** – Tiger 2. **Equus caballus** – Horse 3. **Canis lupus** – Wolf 4. **Felis catus** – Domestic cat 5. **Panthera leo** – Lion 6. **Gorilla gorilla** – Western lowland gorilla 7. **Ailuropoda melanoleuca** – Giant panda 8. **Dolphins: Tursiops truncatus** – Bottlenose dolphin 9. **Lemurs: Propithecus verreauxi** – Verreaux's sifaka 10. **Humans: Homo sapiens** – Modern human Each scientific name follows the binomial nomenclature system consisting of the genus and species. Let me know if you'd like more examples!","","19","194","213","11.749","85.115","4.448","224.801","13.39490","344.22942","357.62432","2026-07-08T22:14:48.531822","2026-07-08T22:14:50.149016","2026-07-08T22:15:33.760388","2026-07-08T22:15:33.760773"
"7","1","7","Given a list of items indicate which items are difficult to recycle.","Cans Plastic bags Glass bottles","Plastic bags are difficult to recycle.","Among the items listed — **Cans** **Plastic bags** and **Glass bottles** — the one that is **most difficult to recycle** is: **Plastic bags** ### Explanation: - **Cans** are generally easy to recycle and are commonly processed into new products like new cans or other metal products. - **Glass bottles** are also relatively easy to recycle as they can be melted down and reformed into new glass products. - **Plastic bags** however are **difficult to recycle** because they are made of thin flexible plastic that can clog machinery in recycling facilities. They are also often contaminated with food or dirt making them harder to process. Many recycling facilities do not accept plastic bags due to these challenges. ### Summary: - **Easy to recycle:** Cans Glass bottles - **Difficult to recycle:** Plastic bags","","34","181","215","11.345","88.148","4.446","224.916","24.21295","322.01364","346.22659","2026-07-08T22:15:33.763514","2026-07-08T22:15:36.760537","2026-07-08T22:16:17.470266","2026-07-08T22:16:17.470665"
"8","1","8","Identify a stylistic device used by the author in the following sentence.","The cold breeze chills my bones.","The author has used personification in the sentence The cold breeze chills my bones. Personification is a figure of speech in which a non-human subject is given human characteristics. In this case the non-human subject is the cold breeze which is given the human characteristic of being able to chill someone's bones.","The stylistic device used in the sentence ** The cold breeze chills my bones ** is **personification**. **Explanation:** Personification is the attribution of human characteristics or feelings to non-human things or abstract ideas. In this sentence the **cold breeze** is given the human ability to **chill my bones** which is a physical reaction typically associated with a person. This creates a vivid and emotional image making the breeze feel more intense and personal.","","35","100","135","11.577","86.379","4.473","223.547","25.08455","176.36207","201.44661","2026-07-08T22:16:17.473140","2026-07-08T22:16:20.496392","2026-07-08T22:16:42.851056","2026-07-08T22:16:42.851459"
"9","1","9","Determine the product of 3x + 5y","x = 2 y = 3","To determine the product of 3x + 5y when x = 2 and y = 3 we need to substitute the values of x and y into the expression 3x + 5y. Plugging in the value of x = 2 and y = 3 we have: 3x + 5y = 3(2) + 5(3) = 6 + 15 = 21 Therefore the product of 3x + 5y when x = 2 and y = 3 is 21.","We are given the expression: $$ 3x + 5y $$ and the values: $$ x = 2 \quad y = 3 $$ Now substitute the values into the expression: $$ 3(2) + 5(3) $$ Calculate each term: $$ 3 \cdot 2 = 6 \\ 5 \cdot 3 = 15 $$ Now add them: $$ 6 + 15 = 21 $$ ### ✅ Final Answer: **21**","","34","118","152","11.355","88.071","4.464","223.999","24.16289","209.69232","233.85521","2026-07-08T22:16:42.853844","2026-07-08T22:16:45.848245","2026-07-08T22:17:12.280157","2026-07-08T22:17:12.280514"
"10","1","10","Generate a title for the article given the following text.","Scientists have found a new species of plant living in the high mountains of South America.","- Discovery of new plant species on South America's high mountains announced by scientists","Discovery of a New Plant Species in the High Mountains of South America","","40","19","59","11.500","86.958","4.493","222.545","28.15032","34.04368","62.19400","2026-07-08T22:17:12.283045","2026-07-08T22:17:15.761373","2026-07-08T22:17:19.989736","2026-07-08T22:17:19.990026"
"11","1","11","Create a small animation to represent a task.","Ticket Booking","I'm an AI language model so I do not have the ability to create animations. However I can describe an animation that could represent a ticket booking task: 1. The animated scene opens up on a calendar marked with a particular date. 2. An icon of a train moves across the screen and stops at the marked date. 3. The users hand moves about the screen selecting various options such as the place of departure destination and the class of seat. 4. The user taps on the icon of a train. 5. A series of train seats appear on the screen the user again moves about the screen selecting a seat. 6. A ticket stamped with the date seat number departure and destination details appear on the screen and the animation ends.","Sure! Here's a **small animation** to represent a **Ticket Booking** process using **ASCII art** and a simple text-based animation. You can imagine this being displayed in a terminal or a basic animation tool. --- ### 🎟️ **Ticket Booking Animation** ``` [Loading...] [Searching for available seats...] [Seat selected: Row 5 Seat 12] [Booking confirmed!] [Your ticket ID: 789456] [Enjoy your trip!] ``` --- ### 🎬 **Animation Steps (text-based):** ``` [Loading...] [Searching for available seats...] [Seat selected: Row 5 Seat 12] [Booking confirmed!] [Your ticket ID: 789456] [Enjoy your trip!] ``` You can also animate this with a short delay between each line like this (using a simple loop in a script): ```python import time steps = [ [Loading...] [Searching for available seats...] [Seat selected: Row 5 Seat 12] [Booking confirmed!] [Your ticket ID: 789456]","","23","254","277","11.225","89.089","4.410","226.733","16.59679","455.79089","472.38769","2026-07-08T22:17:19.992291","2026-07-08T22:17:22.041327","2026-07-08T22:18:19.631568","2026-07-08T22:18:19.632142"
"12","1","12","Generate a deeper understanding of the idiom bringing home the bacon .","","The idiom bringing home the bacon is a colloquial expression which has its origins in the early 20th century. This phrase alludes to the idea of providing for one’s family or household by earning a steady income usually in the form of wages or salary in order to put food on the table or to fulfill the financial needs of the family. Often the expression is used to describe someone who is the primary breadwinner of the family the one who brings in the most financial resources thereby bringing home the bacon . The idiom has its origins in the rural setting where pig farming was a prominent source of livelihood. Bacon was and still is considered a staple food in many households and bringing a steady supply of it meant that the family was sufficiently provided for. In contemporary usage however the phrase has lost its direct reference to meat and has come to symbolize the act of providing for one's family through their earnings. In summary “bringing home the bacon” means to earn a living for one’s family while providing them with the necessities and comforts of life.","The idiom ** bringing home the bacon ** is a colorful way of expressing the idea of **earning money or providing for one's family**. It's often used to describe someone who is **working hard to support their household**. Let's break it down to understand its deeper meaning origin and usage. --- ### 📌 1. **Literal Meaning** - ** Bacon ** is a common food item often associated with being a **luxury or comfort** in earlier times. - ** Bringing home the bacon ** literally means **bringing home food** especially bacon which was once a prized and relatively expensive item. - In a broader sense it has evolved to mean **bringing home money or financial support**. --- ### 📌 2. **Historical and Cultural Context** - The phrase has its roots in **16th-century England** where bacon was a **luxury item** for the middle and upper classes. - In the **17th century** it became a **metaphor** for **earning money** because bacon was a valuable food that people would **bring home** from the market. - Over time the phrase took on a more **figur","","26","254","280","11.407","87.664","4.410","226.774","18.29125","456.23705","474.52830","2026-07-08T22:18:19.635535","2026-07-08T22:18:21.914800","2026-07-08T22:19:19.515508","2026-07-08T22:19:19.515936"
"13","1","13","Identify and correct the subject verb agreement error in the sentence.","The box of tools are in the garage.","The sentence should be corrected to: The box of tools is in the garage.","The sentence contains a subject-verb agreement error. The subject is box which is singular but the verb is are which is plural. **Corrected sentence:** **The box of tools is in the garage.**","","34","52","86","11.362","88.012","4.488","222.792","23.99155","91.76757","115.75912","2026-07-08T22:19:19.518667","2026-07-08T22:19:22.511075","2026-07-08T22:19:34.096274","2026-07-08T22:19:34.096612"
"14","1","14","Write a design document to describe a mobile game idea.","Game Idea: A battle royale game with a superhero and villain theme.","__Overview__ The game will be a multiplayer battle royale game where players can choose to play as superheroes or villains. The game will be set in an urban landscape and during the battle the players will need to fight to be the last one standing. __Gameplay__ The game begins with the players selecting their characters. There will be a selection of superheroes and villains to choose from each with its own unique abilities and powers. Once the players have chosen their characters they will be transported to an urban landscape that will serve as the battlefield. The objective of the game is to eliminate all other players and be the last one standing. The players' powers and abilities can be used to attack defend or move around the battlefield. The urban landscape will have plenty of hiding spots vantage points and areas with power-ups that will aid the players in the battle. As the battle progresses the playable area will shrink forcing players to move to a smaller area and increase the likelihood of encountering other players. The game will end when only one player is left standing. __Monetisation__ The game will be a free-to-play title with in-app purchases. These purchases can be used to buy new characters skins or power-ups. The game will also feature advertisements between rounds. __Target Audience__ The target audience for this game is teenagers and young adults who are fans of superhero and/or villain lore. The game will appeal to those who enjoy action-packed games with a competitive edge. __Design__ The game will feature colorful 3D graphics and will have a lively and action-packed soundtrack that will match the fast-paced gameplay. The controls will be intuitive with players able to move attack and activate their abilities through simple gestures. __Conclusion__ In conclusion this battle royale game with a superhero and villain theme promises to be an action-packed adrenaline-pumping experience for players. With a wide selection of characters to choose from and a dynamic urban battlefield the game will keep players engaged and entertained for hours on end.","**Design Document: Super Clash – A Battle Royale Mobile Game with Superhero and Villain Themes** --- ### **1. Game Title:** **Super Clash** --- ### **2. Genre:** **Battle Royale / Action / Superhero / Multiplayer** --- ### **3. Platform:** **iOS and Android (Mobile)** --- ### **4. Overview:** **Super Clash** is a fast-paced competitive battle royale mobile game that combines the intense action of battle royale gameplay with the rich world of superheroes and villains. Players take on the roles of powerful heroes and notorious villains competing in large-scale battles for ultimate supremacy. --- ### **5. Core Concept:** In **Super Clash** players are dropped into a dynamic open-world arena where they must survive level up and defeat opponents using unique powers abilities and strategies. The game features a mix of character progression customizable abilities and real-time combat with the ultimate goal of becoming the last survivor or the most powerful character in the game. --- ### **6. Game Modes:** #### **6.1. Classic Battle Royale (Solo/Team)** - 100 players are dropped into a shrinking map. - Players","","38","256","294","11.525","86.766","4.434","225.536","26.74699","456.62598","483.37297","2026-07-08T22:19:34.099201","2026-07-08T22:19:37.396297","2026-07-08T22:20:35.133528","2026-07-08T22:20:35.133966"
"15","1","15","Infer the meaning of the phrase “you’re going over the top with that.”","","The phrase “you’re going over the top with that” typically means that someone is behaving in an excessive or exaggerated manner. They may be putting too much effort or emotion into something or taking an approach that is considered extreme. The phrase can also imply that the actions being taken are unnecessary or unwarranted.","The phrase ** you're going over the top with that ** means that someone is **exceeding reasonable limits** **being too dramatic** or **taking something to an unnecessary or excessive degree**. ### Breakdown: - ** Going over the top ** means acting in a way that is **more extreme than needed** or **too much for the situation**. - ** With that ** refers to a particular action statement or behavior. ### Example: > *Person A: I think we should protest outside the building to show our support. * > *Person B: You're going over the top with that. It's not necessary to make a scene. * ### Meaning: Person B is saying that Person A's approach is **too extreme** or **unreasonable** for the situation. ### Synonyms or Similar Phrases: - You're being too dramatic. - You're overreacting. - That's taking it too far. - You're pushing it too much. Let me know if you'd like examples of how to use it in different contexts!","","29","229","258","11.558","86.517","4.433","225.557","20.70300","408.01615","428.71915","2026-07-08T22:20:35.136801","2026-07-08T22:20:37.645788","2026-07-08T22:21:29.298268","2026-07-08T22:21:29.298766"
"16","1","16","Name two players from the Chiefs team?","","Two players from the Kansas City Chiefs team are Patrick Mahomes and Tyreek Hill.","Sure! Two players from the Kansas City Chiefs team are: 1. **Patrick Mahomes** – The team's quarterback and current NFL MVP. 2. **Tyreek Hill** – A standout wide receiver known for his speed and skills.","","20","52","72","10.990","90.994","4.493","222.576","15.16185","90.98860","106.15045","2026-07-08T22:21:29.301279","2026-07-08T22:21:31.121168","2026-07-08T22:21:42.695114","2026-07-08T22:21:42.695443"
"17","1","17","Identify the chemical reaction type for the following equation.","Al + O2 → Al2O3","The chemical reaction type for the given equation Al + O2 → Al2O3 is a synthesis reaction or a direct combination reaction. In this reaction two or more substances Aluminum and Oxygen react to form a single product Aluminum oxide.","The chemical reaction: **Al + O₂ → Al₂O₃** is a **synthesis reaction**. ### Explanation: - A **synthesis reaction** (also called a **combination reaction**) occurs when two or more substances combine to form a single more complex product. - In this case **aluminum (Al)** reacts with **oxygen gas (O₂)** to form **aluminum oxide (Al₂O₃)**. - This is a classic example of a synthesis reaction where elements combine to form a compound. ### Balanced Equation: To balance the reaction: **4Al + 3O₂ → 2Al₂O₃** This is still a **synthesis reaction**. ### Type of Reaction: ✅ **Synthesis (Combination)**","","32","161","193","11.653","85.814","4.374","228.637","22.11245","291.41561","313.52807","2026-07-08T22:21:42.697863","2026-07-08T22:21:45.443900","2026-07-08T22:22:22.254453","2026-07-08T22:22:22.254821"
"18","1","18","Generate a phrase using these words","love summer","Summer is the season of love and sunshine.","The sweetest love blooms in the warmth of summer.","","22","15","37","11.930","83.822","4.499","222.290","15.14653","26.10344","41.24997","2026-07-08T22:22:22.257333","2026-07-08T22:22:24.101413","2026-07-08T22:22:27.435761","2026-07-08T22:22:27.435995"
"19","1","19","Split the following sentence into two separate sentences.","He said hello and waved goodbye.","He said hello. He waved goodbye.","He said hello. He waved goodbye.","","28","13","41","12.173","82.151","4.500","222.229","18.23465","22.95736","41.19201","2026-07-08T22:22:27.438244","2026-07-08T22:22:29.738480","2026-07-08T22:22:32.627454","2026-07-08T22:22:32.627665"
"20","1","20","Generate a list of 10 items one would need to prepare a simple sandwich","","Here is a list of 10 items one would need to prepare a simple sandwich: 1. Sliced bread - Both white and whole wheat are fantastic options for a sandwich. 2. Spread - There are many sandwich spreads to choose from including mayonnaise mustard or butter. 3. Protein filling - Choose what you like best or whatever you have on hand like chicken ham turkey or tuna. 4. Lettuce - Fresh leaves of lettuce add a crunch to your sandwich and are a great source of fiber. 5. Tomato - Slice it and layer it in they add flavor and moisture to the sandwich. 6. Cheese - Slices of cheese like swiss cheddar or mozzarella add an extra level of taste and richness. 7. Onion - Thinly sliced red onion adds a sweet and slightly spicy flavor to the mix. 8. Cucumber - Thinly sliced cucumber is crisp refreshing and low in calories. 9. Salt and pepper - A little seasoning brings out the flavor of all the other ingredients. 10. A knife - You will need a knife to spread condiments slice vegetables and cut your sandwich in half if preferred.","Sure! Here's a list of 10 items you would need to prepare a simple sandwich: 1. **Bread** – For the base of the sandwich (white whole grain sourdough etc.) 2. **Spread or Condiment** – Such as mayonnaise mustard or butter 3. **Protein** – Like deli meat chicken turkey or egg 4. **Cheese** – Optional but common (cheddar swiss or mozzarella) 5. **Vegetables** – Such as lettuce tomato cucumber or avocado 6. **Condiments or Seasonings** – Salt pepper or other seasonings 7. **Optional Toppings** – Such as pickles onions or olives 8. **Knife and Cutting Board** – For slicing ingredients 9. **Plate or Tray** – To serve the sandwich on 10. **Optional: Napkin or Serving Utensils** – For convenience Let me know if you'd like a specific type of sandwich! 🥪","","28","228","256","12.178","82.116","4.415","226.517","18.05078","409.33205","427.38283","2026-07-08T22:22:32.629807","2026-07-08T22:22:34.929051","2026-07-08T22:23:26.574836","2026-07-08T22:23:26.575218"
"21","1","21","Create a list of website ideas that can help busy people.","","1. Virtual Assistant Services: A website that provides virtual assistance services to busy individuals to assist them with their daily tasks and commitments. 2. Online Grocery Delivery: A website that specializes in delivering groceries right to the doorstep saving busy people the time and effort of going to the grocery store. 3. Appointment Scheduling: A website that provides an easy and efficient way to schedule appointments book reservations and manage a busy calendar. 4. On-Demand Cleaning Services: A website that offers on-demand cleaning services making it easier for busy individuals to keep their homes tidy without sacrificing their time. 5. Personal Concierge: A website that provides personal concierge services for busy people such as booking travel arrangements conducting research or running errands. 6. Virtual Nutritionist: A website that provides personalized nutrition plans and meal recommendations for busy individuals who want to eat healthily but don't have the time to plan their meals. 7.Task Management: A website that helps busy people manage and organize their tasks and responsibilities prioritizing them and ensuring nothing falls through the cracks. 8. Virtual Fitness trainer: A website that provides personalized virtual fitness training for busy people who don't have the time to hit the gym. 9. Virtual Therapy: A website that offers virtual therapy and mental health services providing a convenient and accessible way for busy individuals to prioritize their mental health and well-being. 10. On-demand Child-care Services: A website that provides on-demand childcare services to help busy parents find reliable and trustworthy caregivers for their children when they need an extra hand.","Here's a list of **website ideas** that can help **busy people** save time stay productive and manage their hectic lives more efficiently. These ideas cater to different needs such as time management task automation wellness and daily convenience: --- ### **1. Time Management Tools** - **Task Scheduler App**: Automate recurring tasks like grocery shopping bill payments or workout routines. - **Daily To-Do Planner**: A customizable daily planner with time blocks reminders and goal tracking. - **Productivity Hacks**: A blog or app that offers quick time-saving tips and hacks for busy professionals. --- ### **2. Personalized Productivity Platforms** - **Custom Workflow Builder**: A tool where users can create their own productivity workflows for work study or personal tasks. - **Focus Time Tracker**: A website that tracks focus time and helps users understand their peak productivity hours. - **Meeting Scheduler**: An AI-powered tool that suggests optimal meeting times based on participants' availability. --- ### **3. Convenience and Automation** - **Smart Grocery List Creator**: Automatically generates a grocery list based on your weekly meal plan. - **Bill Reminder & Tracker**: Sends reminders for upcoming bills and tracks payments. - **Smart Shopping Assistant**:","","24","256","280","11.466","87.216","4.441","225.171","16.47664","455.84810","472.32474","2026-07-08T22:23:26.577695","2026-07-08T22:23:28.670881","2026-07-08T22:24:26.314533","2026-07-08T22:24:26.314984"
"22","1","22","Write a general overview of quantum computing","","Quantum computing is a relatively new and rapidly evolving field that seeks to harness the principles of quantum mechanics to perform operations on data in ways that classical computers cannot. At its core a quantum computer uses qubits (quantum bits) rather than the traditional bits of classical computing. A qubit is a unit of quantum information that can exist in both a 0 and 1 state simultaneously due to the quantum phenomenon known as superposition. This ability to occupy multiple states at once allows qubits to perform multiple calculations simultaneously potentially allowing quantum computers to solve certain problems much faster than their classical counterparts. For certain tasks such as factoring large numbers quantum computers can offer significant advantages in speed and efficiency. Quantum mechanics also allows for another powerful capability called entanglement which is a kind of correlation between separated particles that allows them to behave as one system even when separated by large distances. This property can be leveraged to create quantum algorithms that are more efficient than classical algorithms for specific types of problems such as optimization or machine learning. The field of quantum computing is still in its early stages and both theoretical and practical challenges remain. However as technology improves quantum computers are expected to have major implications for fields such as cryptography chemistry and artificial intelligence among others.","**General Overview of Quantum Computing** Quantum computing is a revolutionary approach to computation that leverages the principles of **quantum mechanics** to process information in fundamentally different ways compared to classical computers. While classical computers use bits (0s and 1s) as the basic unit of data quantum computers use **qubits** which can exist in multiple states simultaneously due to a phenomenon called **superposition**. ### Key Concepts 1. **Qubits (Quantum Bits)**: - Unlike classical bits qubits can be in a **superposition** of both 0 and 1 at the same time. - This allows quantum computers to process a vast number of possibilities simultaneously. 2. **Entanglement**: - Qubits can be **entangled** meaning the state of one qubit is directly related to the state of another no matter the distance between them. - This property enables powerful correlations and is essential for many quantum algorithms. 3. **Quantum Interference**: - This is the ability to manipulate probabilities of quantum states to amplify correct answers and cancel out incorrect ones. - It's a key mechanism in quantum algorithms. 4. **Quantum Gates**: - Similar to classical","","19","256","275","11.710","85.399","4.443","225.068","13.30781","455.35819","468.66600","2026-07-08T22:24:26.317582","2026-07-08T22:24:27.940171","2026-07-08T22:25:25.557615","2026-07-08T22:25:25.558014"
"23","1","23","State the possible outcomes of a six-sided dice roll.","","The possible outcomes of rolling a six-sided dice are: 1 2 3 4 5 and 6. Each number has an equal probability of being rolled which is 1/6.","The possible outcomes of a six-sided dice roll are: 1. 1 2. 2 3. 3 4. 4 5. 5 6. 6 Each outcome has an equal probability of occurring assuming the die is fair.","","23","60","83","11.191","89.361","4.488","222.830","16.82562","105.92644","122.75206","2026-07-08T22:25:25.560717","2026-07-08T22:25:27.616028","2026-07-08T22:25:40.985849","2026-07-08T22:25:40.986272"
"24","1","24","Rearrange the following words to make a meaningful sentence: the / project / was / but / on / successful / challenging.","","The project was challenging but successful.","The project was challenging but successful.","","38","11","49","11.493","87.007","4.487","222.876","27.51334","19.01415","46.52749","2026-07-08T22:25:40.988861","2026-07-08T22:25:44.295109","2026-07-08T22:25:46.746748","2026-07-08T22:25:46.747018"
"25","1","25","Create a quiz that asks about the first Thanksgiving.","","H Welcome to the Thanksgiving Quiz! Are you ready to test your knowledge about the first Thanksgiving? Let's begin! 1) In what year was the first Thanksgiving celebration held? a) 1512 b) 1621 c) 1700 d) 1776 2) The pilgrims celebrated the first Thanksgiving with which Native American tribe? a) Cherokee b) Sioux c) Wampanoag d) Navajo 3) Why did the pilgrims celebrate the first Thanksgiving? a) To celebrate their arrival in America b) To give thanks for a successful harvest c) To mark the end of a war d) To celebrate a wedding 4) What was the main dish served at the first Thanksgiving? a) Turkey b) Beef c) Venison d) Ham 5) How long did the first Thanksgiving celebration last? a) 1 day b) 3 days c) 1 week d) 2 weeks 6) True or False: The first Thanksgiving was actually called Thanksgiving by the pilgrims. 7) Which of these foods were NOT served at the first Thanksgiving? a) Pumpkins b) Potatoes c) Corn d) Cranberries 8) True or False: The first Thanksgiving was a religious event. 9) Who organized the first Thanksgiving feast? a) William Bradford b) John Smith c) Christopher Columbus d) George Washington 10) How many people attended the first Thanksgiving? a) 50 b) 90 c) 120 d) 140 Answers: 1) b) 1621 2) c) Wampanoag 3) b) To give thanks for a successful harvest 4) c) Venison 5) b) 3 days 6) False 7)b) Potatoes 8)False 9) a) William Bradford 10) b) 90 Congratulations for finishing the quiz! How many questions did you answer correctly?","Sure! Here's a fun and educational quiz about the **first Thanksgiving**. It includes 10 multiple-choice questions with answers and explanations. This quiz is great for students history buffs or anyone interested in American history. --- ### **Quiz: The First Thanksgiving** **Instructions:** Choose the best answer for each question. --- #### **1. When was the first Thanksgiving celebrated?** A) 1607 B) 1620 C) 1621 D) 1630 **Answer:** C) 1621 **Explanation:** The first Thanksgiving is generally believed to have taken place in 1621 after the Pilgrims and Wampanoag people shared a harvest feast. --- #### **2. Where was the first Thanksgiving held?** A) Jamestown Virginia B) Plymouth Massachusetts C) Boston Massachusetts D) New York New York **Answer:** B) Plymouth Massachusetts **Explanation:** The Pilgrims who arrived on the *Mayflower* in 1620 settled in Plymouth Massachusetts and the first Thanksgiving feast occurred there. --- #### **3. Who was the leader of","","22","256","278","11.883","84.156","4.443","225.091","15.07187","455.28091","470.35277","2026-07-08T22:25:46.749207","2026-07-08T22:25:48.600629","2026-07-08T22:26:46.224048","2026-07-08T22:26:46.224518"
"26","1","26","Given a quotation present an argument as to why it is relevant today.","Everybody is a genius. But if you judge a fish by its ability to climb a tree it will live its whole life believing that it is stupid. – Albert Einstein","The quotation by Albert Einstein is as relevant today as it was when he first spoke these words. The quote reminds us of the importance of recognizing the value of diverse talents skills and abilities. In today's society there is a lot of pressure to conform to certain standards and benchmarks of success which often involves excelling in traditional academic subjects and pursuing certain career paths. However Einstein's words remind us that everyone has their own unique strengths and abilities and judging someone by a narrow set of criteria is unfair and can lead to feelings of inadequacy and low self-esteem. This is especially relevant in the context of education where standardized testing and cookie-cutter curriculums often fail to account for the diverse range of abilities and learning styles among students. The quote also speaks to the importance of celebrating diversity and individuality rather than trying to fit everyone into the same mold. By recognizing and nurturing the unique talents and abilities of each person we can create a more inclusive and equitable society where everyone has the opportunity to reach their full potential.","The quotation * Everybody is a genius. But if you judge a fish by its ability to climb a tree it will live its whole life believing that it is stupid * is highly relevant today especially in the context of education workplace performance and societal expectations. This statement reflects Einstein’s understanding of individual differences and the limitations of applying a single standard of success to all people. In today’s world where academic achievement career success and productivity are often measured by rigid metrics—such as standardized test scores corporate performance reviews or social media influence—this quote serves as a powerful reminder that people have diverse talents abilities and ways of contributing to society. For instance: - **In education** students are often measured by the same academic benchmarks which may not account for creativity emotional intelligence or practical skills. A student who excels in art or music may be undervalued in a system that prioritizes math and science. - **In the workplace** employees are frequently evaluated based on quantifiable metrics which can overlook those who contribute in less traditional ways—such as collaboration innovation or leadership in non-traditional settings. - **In society at large** there is increasing recognition of the value of diverse perspectives and","","62","256","318","12.123","82.491","4.415","226.506","42.40119","458.30696","500.70815","2026-07-08T22:26:46.227452","2026-07-08T22:26:51.341865","2026-07-08T22:27:49.327358","2026-07-08T22:27:49.327807"
"27","1","27","You are given an article about a new scientific discovery. Provide three potential implications of the discovery.","In a groundbreaking discovery researchers have successfully generated electricity from a material that mimics the way plants produce energy through photosynthesis. The material a synthetic polymer can absorb sunlight and produce electrical current with remarkable efficiency. This discovery has the potential to revolutionize the renewable energy landscape.","1. Reduction in the use of fossil fuels: If the synthetic material can be commercialized it could contribute to a shift away from fossil fuels reducing greenhouse gas emissions.\n2. Development of new technology: The discovery could pave the way for the development of new solar energy technologies such as flexible and portable solar panels.\n3. Widespread implementation of renewable energy: Given the potential efficiency of the new material more people and businesses may embrace renewable energy sources helping to combat climate change.","Certainly! Here are three potential implications of the new scientific discovery involving the synthetic polymer that generates electricity like photosynthesis: 1. **Revolutionized Renewable Energy Production**: The material's ability to convert sunlight into electricity with high efficiency could surpass traditional solar panels making solar energy more viable and cost-effective. This could lead to widespread adoption of solar power reducing reliance on fossil fuels and decreasing greenhouse gas emissions. 2. **Advancements in Sustainable Technology**: The development of such a material may inspire further innovations in sustainable technology such as self-powered devices portable energy sources and integrated solar solutions for remote or off-grid locations. It could also lead to new applications in wearable technology and smart infrastructure. 3. **Economic and Environmental Impact**: The widespread use of this material could significantly reduce energy costs and environmental damage associated with traditional energy production. It may also create new industries and job opportunities in the manufacturing installation and maintenance of this advanced solar technology.","","87","195","282","12.094","82.682","4.403","227.096","59.24464","350.26568","409.51033","2026-07-08T22:27:49.331045","2026-07-08T22:27:56.524418","2026-07-08T22:28:40.808171","2026-07-08T22:28:40.808568"
"28","1","28","Answer the given open-ended question.","What is the most common emotion people feel when they lose a loved one?","The most common emotion people feel when they lose a loved one is grief. Grief is a natural response to loss and it involves a range of feelings from sadness and disbelief to anger guilt and loneliness. The grieving process is different for everyone and it can take time for people to come to terms with their loss and begin to heal.","The most common emotion people feel when they lose a loved one is **grief**. Grief is a natural response to loss and can manifest in various ways such as sadness anger confusion or even numbness. It is a deeply personal experience and can vary in intensity and duration depending on the relationship with the deceased cultural background and individual coping mechanisms. While grief is often associated with sadness it encompasses a wide range of emotions and is not limited to one feeling.","","34","102","136","11.330","88.263","4.469","223.770","24.17032","180.99350","205.16382","2026-07-08T22:28:40.811249","2026-07-08T22:28:43.812181","2026-07-08T22:29:06.636684","2026-07-08T22:29:06.637028"
"29","1","29","Construct a compound word using the following two words:","Computer science","The compound word constructed from the words computer and science is: Computer science","A compound word formed from ** Computer ** and ** Science ** is ** Computerscience ** (or ** Computer science ** when written as two words). However if you're looking for a single compound word (one word) it's typically written as: ** Computerscience ** This is commonly used as a single term in academic and professional contexts such as: - She is studying **computerscience**. - The university offers a degree in **computerscience**. Note: While computerscience is often written as one word it's also acceptable to write it as two words computer science depending on the style guide or context.","","25","155","180","12.000","83.331","4.458","224.336","16.76315","274.87445","291.63761","2026-07-08T22:29:06.639445","2026-07-08T22:29:08.722728","2026-07-08T22:29:43.494754","2026-07-08T22:29:43.495101"
"30","1","30","Create a poetic metaphor that compares the provided person to an object or concept.","A runner","A runner is like a flame Fueled by the fire in their heart Racing with passion flickering with grace A force that cannot be easily extinguished Motion in its purest form A light that guides the way.","A runner is a whisper of wind through the trees carving paths through the silence with each step a fleeting shadow chasing the horizon's edge always moving never stopping a soul in motion driven by the promise of the next mile.","","29","58","87","11.531","86.725","4.483","223.065","20.73733","101.77697","122.51430","2026-07-08T22:29:43.497579","2026-07-08T22:29:46.012614","2026-07-08T22:29:58.950388","2026-07-08T22:29:58.950677"
"31","1","31","List the advantages of eating a plant-based diet for athletes.","","1. Improved Heart Health: A plant-based diet has been shown to decrease the risk of heart disease and other cardiovascular issues making it an excellent choice for athletes who need to keep their heart in top condition. 2. Enhanced Recovery Time: The anti-inflammatory properties of plant foods can help speed up recovery time post-workout by reducing inflammation and muscle soreness. 3. Increased Energy: Many plant foods contain complex carbohydrates that provide sustained energy making it easier to train harder for longer. 4. Healthy Weight Maintenance: Plant-based diets are usually high in fiber and low in saturated fats which makes it easier to maintain a healthy weight reducing the risk of obesity and related health conditions. 5. Reduced Risk of Chronic Diseases: Plant-based diets have been linked to a lower risk of chronic diseases such as diabetes and certain types of cancer keeping athletes in excellent overall health. 6. Better Digestion: The high fiber content of plant-based diets aids in digestion reducing the risk of gastrointestinal problems that can interfere with athletic performance. 7. Increased Nutrient Intake: Plant foods are rich in essential vitamins and minerals that enhance overall health and improve athletic performance such as iron for oxygen transport and calcium for strong bones. 8. Positive Environmental Impact: Eating a plant-based diet is not just good for athletes' health it also has a positive impact on the environment by reducing the carbon footprint of food production. 9. Cost-Effective: Plant-based diets can be cost-effective making it easier for athletes to eat healthily on a budget. 10. Improved Mental Health: Plant foods have been shown to improve mood and reduce anxiety and depression improving the overall mental wellbeing of athletes.","Eating a plant-based diet can offer numerous advantages for athletes including: 1. **Enhanced Nutrient Intake**: Plant-based diets are rich in antioxidants fiber and phytonutrients which support recovery reduce inflammation and improve overall health. 2. **Improved Cardiovascular Health**: Plant-based diets are typically lower in saturated fats and cholesterol which can lead to better heart health and improved circulation important for endurance athletes. 3. **Increased Antioxidant Consumption**: Foods like berries nuts seeds and leafy greens provide high levels of antioxidants that help reduce oxidative stress and muscle damage after intense training. 4. **Better Digestion and Gut Health**: High fiber content promotes healthy digestion and supports a balanced gut microbiome which is linked to immune function and overall performance. 5. **Weight Management**: Plant-based diets are often lower in calories and higher in fiber which can help athletes maintain a healthy weight and improve body composition. 6. **Sustainable Energy Sources**: Complex carbohydrates from whole grains fruits and vegetables provide sustained energy which is essential for endurance and long-duration activities. 7. **Reduced Inflammation**: Plant-based diets are associated with lower levels of inflammation which can help with recovery and reduce","","24","256","280","11.502","86.940","4.437","225.374","16.86138","455.43817","472.29955","2026-07-08T22:29:58.952958","2026-07-08T22:30:01.039515","2026-07-08T22:30:58.735339","2026-07-08T22:30:58.735747"
"32","1","32","Generate a conversation about sports between two friends.","","Friend 1: Hey did you watch the game last night? Friend 2: Which one? There were so many on! Friend 1: The football game between the Steelers and the Ravens. Friend 2: Oh yes I did catch that one. It was a great game! Friend 1: Yeah the Steelers really pulled through in the end. Friend 2: I know! I was biting my nails the whole time. Friend 1: Did you see that catch by Brown? Friend 2: Oh yeah! That was insane. Friend 1: It's always great to watch these two teams play against each other. Friend 2: Definitely. They have such a strong rivalry. Friend 1: Speaking of rivalries are you planning on watching the basketball game between the Lakers and the Celtics next week? Friend 2: Yeah I'm really looking forward to that one. It's always a classic matchup. Friend 1: I know right? It's going to be epic. Friend 2: I can't wait. It's going to be a great game. Friend 1: For sure. Sports are always so much more exciting when there's a good rivalry involved. Friend 2: Agreed. It just adds an extra layer of excitement to the game.","**Emma:** Hey Jake! Did you catch the game last night? **Jake:** Oh man you missed out! It was insane. The final minutes were wild. I was on the edge of my seat the whole time. **Emma:** I wish I had! What happened? Who won? **Jake:** It was a close one. The Tigers were down by 5 points in the 4th quarter but they made a comeback. That last touchdown with 30 seconds left? Unbelievable. They won 28-26. **Emma:** Oh wow! I love how unpredictable football can be. I thought the Lions had it locked up. **Jake:** Yeah I was thinking the same thing. But the Tigers had that fire in them. Their quarterback made some incredible plays under pressure. **Emma:** I’ve been wanting to talk about the new basketball team in town. I heard they’re really good this season. **Jake:** For sure! They’ve been dominating the league. Their three-point shooting is off the charts. I’ve been watching every game. It’s like they’re built for the playoffs. **Emma:** I can’t wait for the next game. Maybe I’ll go with you? I","","21","256","277","11.292","88.559","4.443","225.066","15.08746","454.77397","469.86143","2026-07-08T22:30:58.738246","2026-07-08T22:31:00.597990","2026-07-08T22:31:58.214795","2026-07-08T22:31:58.215294"
"33","1","33","Create an algorithm to sort the following numbers from the smallest to the largest","[45 -102 10 3400]","Here is one potential algorithm to sort the provided list of numbers from smallest to largest: 1. Start by defining the input list of numbers: `numbers = [45 -102 10 3400]` 2. Create an empty list to store the sorted numbers: `sorted_numbers = []` 3. Find the smallest number in the input list: `smallest_number = min(numbers)` 4. Add the smallest number to the sorted list: `sorted_numbers.append(smallest_number)` 5. Remove the smallest number from the input list: `numbers.remove(smallest_number)` 6. Repeat steps 3-5 until the input list is empty. 7. The resulting sorted list should be: `sorted_numbers = [-102 10 45 3400]`","To sort the list of numbers `[45 -102 10 3400]` from **smallest to largest** we can use a simple **comparison-based sorting algorithm** such as **Bubble Sort** **Selection Sort** or **Insertion Sort**. Since the list is small any of these would work well. Here's a step-by-step algorithm using **Bubble Sort**: --- ### ✅ **Algorithm: Bubble Sort** **Goal:** Sort the array in ascending order. **Input:** `[45 -102 10 3400]` **Steps:** 1. **Start with the array:** `[45 -102 10 3400]` 2. **Compare adjacent elements and swap them if they are in the wrong order.** Repeat this process for each pair of adjacent elements moving from the start to the end of the array. 3. **Repeat the above step for each element in the array.** Each pass will place the smallest unsorted element at the beginning of the array. 4. **Continue until the entire array is sorted.**","","46","256","302","11.707","85.417","4.426","225.922","32.16221","456.54446","488.70667","2026-07-08T22:31:58.217793","2026-07-08T22:32:02.146969","2026-07-08T22:32:59.982945","2026-07-08T22:32:59.983448"
"34","1","34","Write a haiku about being happy.","","Blossom in the sun Laughter and joy become one Happiness has won.","Sunlight on my face Laughter echoes through the trees— Heart full soul takes flight.","","20","26","46","10.953","91.298","4.494","222.519","15.01389","45.71221","60.72611","2026-07-08T22:32:59.985851","2026-07-08T22:33:01.811813","2026-07-08T22:33:07.597311","2026-07-08T22:33:07.597646"
"35","1","35","Write a javascript function which calculates the square root of a number without any libraries.","","Sure here's an example: ``` function calculateSquareRoot(num) { if (num < 0) return NaN if (num === 0) return 0 let x = num while (true) { const new_x = (x + num / x) / 2 if (Math.abs(new_x - x) < 0.000001) return new_x x = new_x } } ``` This function uses the Babylonian method for computing square roots which is an iterative method that repeatedly improves the estimate of the square root using the formula: `x_(n+1) = (x_n + num / x_n) / 2`. The loop continues until the difference between the current estimate and the previous estimate is less than some small epsilon (in this case `0.000001`).","Certainly! Here's a JavaScript function that calculates the square root of a number **without using any libraries**. It uses the **Newton-Raphson method** which is an efficient way to compute square roots manually. ```javascript function sqrt(number) { if (number < 0) { throw new Error( Cannot compute square root of a negative number. ) } if (number === 0 || number === 1) { return number } let guess = number let nextGuess // Newton-Raphson method while (true) { nextGuess = (guess + number / guess) / 2 if (Math.abs(nextGuess - guess) < 1e-15) { break } guess = nextGuess } return guess } ``` ### How it works: - It starts with an initial guess for the square root. - It repeatedly improves the guess using the formula: `nextGuess = (guess + number / guess) / 2` - It stops when the guess is accurate enough (within `1e-15`). ### Example usage: ```javascript console.log(sqrt(25))","","28","254","282","12.130","82.443","4.402","227.148","19.23073","455.44084","474.67157","2026-07-08T22:33:07.600005","2026-07-08T22:33:09.908420","2026-07-08T22:34:07.603908","2026-07-08T22:34:07.604391"
"36","1","36","Output a review of a movie.","Movie title: The Shawshank Redemption","The Shawshank Redemption is a timeless classic that redefines the genre of drama films. The story is set in a prison where the main character Andy is sentenced to life imprisonment. The film follows his journey as he navigates through the harsh environment of the prison while forming a close bond with a fellow inmate named Red. The performances by the lead actors Tim Robbins and Morgan Freeman are nothing short of exceptional. The depth of emotion they bring to each of their characters is truly remarkable and they manage to convey the resilience of the human spirit in the face of adversity. The direction by Frank Darabont is brilliant and the film is filled with moments that are both poignant and powerful. The screenplay is equally impressive and brings to life the characters in a manner that is both realistic and deeply moving. Overall The Shawshank Redemption is a film that leaves a lasting impression on the viewer. It is a tale of hope friendship and redemption that is sure to touch the hearts of all those who watch it. Highly recommended!","**Movie Review: *The Shawshank Redemption*** *The Shawshank Redemption* is a cinematic masterpiece that has captured the hearts of audiences since its release in 1994. Directed by Frank Darabont and based on Stephen King's novella *Rita Hayworth and Shawshank Redemption* this film is a powerful exploration of hope resilience and the human spirit. The story follows Andy Dufresne (played brilliantly by Tim Robbins) a man wrongfully convicted of murdering his wife and her lover. Condemned to life in Shawshank State Penitentiary Andy slowly learns to navigate the harsh realities of prison life while maintaining his dignity and a quiet hope for freedom. His friendship with Ellis Redding (Morgan Freeman in a career-defining role) becomes the emotional core of the film offering both camaraderie and a glimpse into the possibility of redemption. What sets *The Shawshank Redemption* apart is its ability to balance the grimness of its setting with moments of profound warmth and humanity. The film’s themes of perseverance and the power of hope resonate deeply especially in the face of despair. The iconic lines such as “Hope is a good thing maybe the best of things","","27","256","283","11.644","85.884","4.438","225.325","19.13577","454.84141","473.97719","2026-07-08T22:34:07.606904","2026-07-08T22:34:09.925778","2026-07-08T22:35:07.608875","2026-07-08T22:35:07.609291"
"37","1","37","Suggest three foods to help with weight loss.","","1. Leafy Greens: Foods such as spinach kale and collard greens are low in calories but high in fiber making them excellent choices for weight loss. These greens can help you feel full and reduce your overall calorie intake. 2. Lean Protein: Foods such as chicken turkey fish and tofu are great sources of lean protein. Protein is an important nutrient for weight loss because it can help you feel full reduce cravings and provide energy for workouts. 3. Whole Grains: Whole grains such as oats brown rice and quinoa can be great for weight loss because they are packed with fiber and nutrients. These foods can help you feel full for longer periods of time and provide sustained energy throughout the day.","Certainly! Here are three foods that are often recommended to support weight loss due to their high nutrient density satiety and low calorie content: 1. **Leafy Greens (e.g. Spinach Kale Arugula)** - **Why:** They are low in calories but high in fiber vitamins and minerals. They help you feel full without adding many calories making them ideal for weight management. - **How to Include:** Add to salads smoothies or sauté with healthy fats like avocado or olive oil. 2. **Salmon** - **Why:** Rich in protein and omega-3 fatty acids which can help reduce inflammation boost metabolism and increase feelings of fullness. It also supports heart health. - **How to Include:** Grilled baked or added to salads. Aim for 2–3 servings per week. 3. **Greeks Yogurt (Low-Fat or Non-Fat)** - **Why:** High in protein and probiotics which can aid digestion and help you feel satisfied longer. Choose plain versions to avoid added sugars. - **How to Include:** As a snack mixed with fruits or nuts or used","","22","256","278","11.887","84.125","4.442","225.118","15.08190","454.94147","470.02336","2026-07-08T22:35:07.611679","2026-07-08T22:35:09.462419","2026-07-08T22:36:07.092652","2026-07-08T22:36:07.093171"
"38","1","38","You are provided with a definition of a word. Generate an example sentence that illustrates the meaning of the word.","Word: Dire Definition: Dire means very serious or desperate often has negative connotations.","The company was in dire financial straits and on the brink of bankruptcy.","The dire situation forced the team to make immediate and difficult decisions to prevent further losses.","","53","21","74","11.984","83.443","4.478","223.290","36.60145","37.02895","73.63040","2026-07-08T22:36:07.095808","2026-07-08T22:36:11.518278","2026-07-08T22:36:16.207370","2026-07-08T22:36:16.207691"
"39","1","39","Design the hierarchy of a database for a grocery store.","","A grocery store database hierarchy could be organized in the following structure: 1. **Store Information**: This would include details about the store such as its name location address and contact information. 2. **Department**: The store could be divided into different departments such as produce dairy meat bakery and others. Each department could have its own information such as its name description and location within the store. 3. **Product**: Each department would have its own set of products. Product information could include its name description brand packaging price and stock quantity. 4. **Employee**: The database would also contain information about the store's employees such as their name contact information role or position hire date and salary. 5. **Customer**: The database could also store information about the store's customers such as their name contact information and shopping history. 6. **Transaction**: The database would need to store information about the store's transactions or sales. This could include the date and time of the transaction the customer who made the purchase the products purchased the total cost and the payment method used. This hierarchical structure would enable the grocery store to keep track of all its departments products employees customers and transactions in an organized and efficient manner.","Designing a **database hierarchy** for a **grocery store** involves organizing data into logical groups or tables that represent different aspects of the store’s operations. The goal is to store information efficiently and ensure that data can be easily accessed updated and queried. Below is a **hierarchical design** of a database for a **grocery store**: --- ## **1. Main Entities (Tables)** ### **1.1. Store** - Stores information about the physical location(s) of the grocery store. | Field Name | Data Type | Description | |-------------------|-----------------|------------------------------------| | StoreID | Integer | Unique identifier for a store | | StoreName | String | Name of the store | | Address | String | Physical address of the store | | City | String | City where the store is located | | State | String | State/Province | | PostalCode | String | Postal/ZIP code | | Country | String | Country | | Phone | String | Contact phone number | | OpeningHours | String | Store hours of operation | --- ### **1.","","23","256","279","11.188","89.383","4.442","225.144","16.63769","455.13300","471.77070","2026-07-08T22:36:16.209958","2026-07-08T22:36:18.265767","2026-07-08T22:37:15.902732","2026-07-08T22:37:15.903256"
"40","1","40","Provide three tips for writing a good cover letter.","","1. Personalize it: Customize your cover letter for the specific job and company to which you're applying. Address it to the hiring manager if possible and mention the company's name and the job title at least once. Show an understanding of the company's mission and explain why you would be a good fit for both the position and the company culture. 2. Highlight your skills and achievements: Mention your relevant skills and give specific examples of how you have used them to achieve successes in the past. This will help the hiring manager see how your skills could be applied in the new position and it will help them understand what you might bring to the company. 3. Keep it brief and direct: A cover letter should be no more than one page with clear and concise paragraphs. Avoid repeating information from your resume and instead focus on the most important details that you want the hiring manager to know. End your letter with a call to action such as requesting an interview or stating that you are looking forward to hearing from them.","1. **Tailor the Letter to the Job**: Customize your cover letter for each application. Mention specific skills and experiences that align with the job description showing that you've researched the role and the company. 2. **Be Concise and Clear**: Keep your cover letter focused and to the point. Avoid unnecessary fluff and ensure each paragraph has a clear purpose such as introducing yourself highlighting relevant experience and expressing enthusiasm for the position. 3. **Proofread for Errors**: Make sure your letter is free from spelling grammar and formatting mistakes. A polished letter reflects your professionalism and attention to detail which are important qualities in any candidate.","","22","136","158","11.881","84.166","4.467","223.866","15.08376","240.01757","255.10133","2026-07-08T22:37:15.905833","2026-07-08T22:37:17.757491","2026-07-08T22:37:48.203275","2026-07-08T22:37:48.203734"
"41","1","41","Order the following list of ingredients from lowest to highest in calories","Almonds black beans cheddar cheese","Here is the list of ingredients ordered from lowest to highest in calories: 1. Black beans 2. Almonds 3. Cheddar cheese","Here is the list of ingredients ordered from **lowest to highest in calories**: 1. **Black beans** 2. **Almonds** 3. **Cheddar cheese** ### Explanation: - **Black beans** (about 1 cup cooked): ~120–150 calories - **Almonds** (about 1 ounce or 28 grams): ~160–170 calories - **Cheddar cheese** (about 1 ounce): ~110–120 calories (varies by fat content) Note: Cheddar cheese has fewer calories than almonds so it comes before almonds.","","34","137","171","11.326","88.296","4.459","224.254","24.05146","243.29315","267.34461","2026-07-08T22:37:48.206275","2026-07-08T22:37:51.208339","2026-07-08T22:38:21.931135","2026-07-08T22:38:21.931585"
"42","1","42","Summarize the given film review: The movie has a strong premise but is filled with cliched dialogue and over-the-top acting.","","The film has a good idea but is hindered by unoriginal writing and exaggerated performances.","The film has a compelling concept but suffers from predictable dialogue and exaggerated performances.","","39","19","58","11.852","84.375","4.485","222.951","26.43938","33.88329","60.32267","2026-07-08T22:38:21.934005","2026-07-08T22:38:25.224648","2026-07-08T22:38:29.460714","2026-07-08T22:38:29.461026"
"43","1","43","Which type of pronouns can be used to replace the word 'it'?","","The word it is a pronoun that is used to refer to a singular noun that is not a person such as an object or an animal. It can be replaced by other pronouns like that this he (if the object is personified) and she (if the object is personified). In cases where it is used to refer to an unspecific or unknown thing the pronouns something or anything may be used as replacements.","The pronoun that can be used to replace the word ** it ** depends on the **context** of the sentence. Here are the common types of pronouns that can replace ** it **: ### 1. **Demonstrative Pronouns** These are used to point to specific things often when it refers to something previously mentioned. - **This** (for singular near object) Example: *I saw a bird. It was singing.* → *I saw a bird. **This** was singing.* - **That** (for singular distant object) Example: *I saw a bird. It was singing.* → *I saw a bird. **That** was singing.* - **These** (plural near) Example: *Those books are on the table. It is interesting.* → *Those books are on the table. **These** are interesting.* - **Those** (plural distant) Example: *Those books are on the table. It is interesting.* → *Those books are on the table. **Those** are interesting.* ### 2. **Personal Pronouns** These are used when it refers to a person","","27","256","283","11.634","85.954","4.438","225.309","19.26221","455.07879","474.34100","2026-07-08T22:38:29.463175","2026-07-08T22:38:31.783925","2026-07-08T22:39:29.462929","2026-07-08T22:39:29.463324"
"44","1","44","Organize these three pieces of information in chronological order","- The acceptance of the Constitution - The signing of the Declaration of Independence - The Battle of Saratoga","1. The signing of the Declaration of Independence 2. The Battle of Saratoga 3. The acceptance of the Constitution","Here is the chronological order of the events: 1. **The signing of the Declaration of Independence** (July 4 1776) 2. **The Battle of Saratoga** (October 7 1777) 3. **The acceptance of the Constitution** (September 17 1787)","","46","79","125","11.704","85.440","4.469","223.781","32.17044","139.15868","171.32913","2026-07-08T22:39:29.465884","2026-07-08T22:39:33.396117","2026-07-08T22:39:51.074816","2026-07-08T22:39:51.075233"
"45","1","45","Describe the process of photosynthesis in 5 sentences.","","Photosynthesis is the process by which plants algae and some bacteria convert sunlight into chemical energy in the form of glucose or other sugars. This process takes place in the chloroplasts which contain chlorophyll the pigment that absorbs light energy. During photosynthesis carbon dioxide (CO2) and water (H2O) are used in the presence of light to produce glucose (C6H12O6) and oxygen (O2). The process can be simplified into two stages: the light-dependent reaction where light energy is converted into chemical energy in the form of ATP and NADPH and the light-independent reaction or Calvin cycle where CO2 is fixed into carbohydrates using the energy generated from the first stage. Photosynthesis is the primary source of energy for nearly all life on Earth and is essential for the Earth's ecosystem removing CO2 from the atmosphere and releasing O2.","Photosynthesis is the process by which green plants and some other organisms use sunlight to synthesize food from carbon dioxide and water. This process occurs primarily in the chloroplasts of plant cells where chlorophyll captures light energy. The light-dependent reactions produce ATP and NADPH which are used in the Calvin cycle to convert carbon dioxide into glucose. Oxygen is released as a byproduct of the light reactions. Overall photosynthesis converts light energy into chemical energy stored in glucose which fuels the plant's growth and other life processes.","","23","112","135","11.191","89.357","4.470","223.706","16.93088","197.60610","214.53699","2026-07-08T22:39:51.077615","2026-07-08T22:39:53.132827","2026-07-08T22:40:18.187892","2026-07-08T22:40:18.188319"
"46","1","46","Look up the definition of the word 'acolyte'.","","An acolyte is an assistant or follower often in a religious service or ceremony such as an altar server or attendant. The term can also refer to anyone who is a devoted follower or supporter of a leader cause or organization.","An **acolyte** is a person especially a young one who assists a religious leader or priest during religious ceremonies. Acolytes are often seen in Christian traditions where they help with tasks such as carrying the processional cross lighting candles or carrying the gifts during the Mass or service. The word can also be used more generally to refer to someone who follows or supports a leader or authority though this usage is less common.","","24","95","119","11.502","86.942","4.474","223.507","17.01295","168.21506","185.22801","2026-07-08T22:40:18.190644","2026-07-08T22:40:20.277246","2026-07-08T22:40:41.510445","2026-07-08T22:40:41.510850"
"47","1","47","For the following story rewrite it in the present continuous tense.","He visits the museum every week.","He is visiting the museum every week.","He is visiting the museum every week.","","32","12","44","11.651","85.833","4.493","222.560","22.43300","21.30762","43.74062","2026-07-08T22:40:41.513279","2026-07-08T22:40:44.259922","2026-07-08T22:40:46.930645","2026-07-08T22:40:46.930909"
"48","1","48","Compose a one-sentence summary of the article How AI is Transforming the Future of Healthcare","","The article discusses how AI is being integrated into the healthcare industry to improve patient care and outcomes by enhancing automation diagnostics and personalized treatment plans.","Artificial intelligence is revolutionizing healthcare by enhancing diagnostics personalizing treatments and improving patient outcomes through advanced data analysis and automation.","","32","30","62","11.649","85.842","4.490","222.733","22.19815","52.93016","75.12830","2026-07-08T22:40:46.933162","2026-07-08T22:40:49.680101","2026-07-08T22:40:56.362087","2026-07-08T22:40:56.362473"
"49","1","49","Assign a score out of 5 to the following book review.","I really enjoyed this book. It was an engaging read and had an interesting plot.","4/5","The book review is positive but somewhat brief and lacks depth. Here's a score based on the content: **Score: 3/5** **Reasoning:** - The review mentions enjoyment engagement and an interesting plot which are positive indicators. - However it doesn't provide specific examples character development writing style or any critical analysis which limits its depth. - It’s a good start for a review but would benefit from more detailed feedback to be more informative and helpful to readers.","","42","109","151","11.972","83.529","4.462","224.119","29.14534","192.79783","221.94317","2026-07-08T22:40:56.364923","2026-07-08T22:40:59.873123","2026-07-08T22:41:24.302078","2026-07-08T22:41:24.302396"
"50","1","50","Create a catchy headline for an article on data privacy","","Is Your Data Really Private? The Inside Scoop on Data Privacy and Protection","Your Data Your Rights: How to Protect Your Privacy in the Digital Age","","22","21","43","11.884","84.148","4.499","222.294","14.89585","37.09570","51.99155","2026-07-08T22:41:24.304667","2026-07-08T22:41:26.155931","2026-07-08T22:41:30.824099","2026-07-08T22:41:30.824412"
"51","1","51","Sort the following list into two groups: Apples and Oranges","Fuji Honeycrisp Granny Smith Navel Valencia","Apples: - Fuji - Honeycrisp - Granny Smith Oranges: - Navel - Valencia","Here is the list sorted into two groups: **Apples** and **Oranges**. **Apples:** - Fuji - Honeycrisp - Granny Smith **Oranges:** - Navel - Valencia","","40","51","91","11.470","87.187","4.478","223.321","28.23968","90.07442","118.31410","2026-07-08T22:41:30.826825","2026-07-08T22:41:34.314299","2026-07-08T22:41:45.703659","2026-07-08T22:41:45.703960"
"52","1","52","Name three European countries.","","Sure here are the names of three European countries: 1. France 2. Germany 3. Italy","1. France 2. Germany 3. Italy","","17","15","32","10.638","93.999","4.498","222.328","12.39082","26.80654","39.19736","2026-07-08T22:41:45.706237","2026-07-08T22:41:47.304213","2026-07-08T22:41:50.639127","2026-07-08T22:41:50.639424"
"53","1","53","Explain a procedure for given instructions.","How to bake a cake.","Baking a cake is a fun and relatively easy process that requires a few ingredients and some simple steps. Here is a simple procedure to follow to bake a cake: 1. Collect your ingredients: You will need flour sugar eggs butter baking powder milk and vanilla extract for a basic cake recipe. Make sure to measure out the correct quantities according to the recipe you are following. 2. Preheat the oven: Most cakes are baked at 350 degrees Fahrenheit so preheat your oven to this temperature to ensure that your cake will bake evenly. 3. Prepare the pan: Grease and flour a 9-inch cake pan to prevent the cake from sticking. 4. Mix the ingredients: In a mixing bowl cream together the butter and sugar until light and fluffy. This can be done using a stand mixer an electric hand mixer or by hand. Once the butter and sugar are creamed add the eggs one at a time mixing well after each addition. Stir in the vanilla extract. In a separate bowl mix together the flour baking powder and salt. Add the dry ingredients to the wet ingredients in three parts alternating with the milk beginning and ending with the dry ingredients. Mix until everything is well combined. 5. Pour the batter into the pan: Pour the batter into your prepared cake pan and smooth the top with a spatula. 6. Bake the cake: Place the cake on the middle rack of your preheated oven and bake for 30-35 minutes or until a toothpick inserted into the center of the cake comes out clean. 7. Cool the cake: Once the cake is finished baking remove it from the oven and let it cool in the pan for 10 minutes before transferring it to a wire rack to cool completely. 8. Serve and enjoy: Once the cake is completely cool you can decorate it if desired. Serve with your favorite frosting sliced fruit or whipped cream and enjoy.","Sure! Here's a clear step-by-step procedure for baking a basic cake: --- ### **How to Bake a Cake** #### **Ingredients:** - 1 ¾ cups (200g) all-purpose flour - 1 ½ cups (300g) granulated sugar - 1 ½ teaspoons baking powder - ½ teaspoon baking soda - ½ teaspoon salt - 1 cup (240ml) whole milk - ½ cup (120ml) vegetable oil or melted butter - 1 egg - 1 teaspoon vanilla extract - 1 cup (240ml) buttermilk (or regular milk + 1 tbsp vinegar let sit 5 minutes) - Optional: ½ cup (120ml) sour cream (for a richer texture) --- ### **Equipment:** - 9-inch round cake pans (2 pans or 1 pan with parchment paper) - Mixing bowls - Whisk or electric mixer - Oven - Parchment paper or non-stick spray - Cooling rack --- ### **Procedure:** #### **1. Preheat the Oven** - Preheat your oven to","","26","256","282","11.365","87.988","4.439","225.274","18.23757","455.76092","473.99848","2026-07-08T22:41:50.641524","2026-07-08T22:41:52.929204","2026-07-08T22:42:50.599306","2026-07-08T22:42:50.599782"
"54","1","54","Describe an example of ocean acidification.","","Ocean acidification is the process of increasing acidity in the world's oceans due to the absorption of carbon dioxide from the atmosphere. An example of this is the impact it has on the Great Barrier Reef off the coast of Australia. As the ocean absorbs carbon dioxide it reacts with seawater to produce carbonic acid which in turn reduces the availability of carbonate ions. These ions are necessary for building shells and skeletons of marine organisms such as corals mollusks and some species of plankton. The reduction in carbonate ions makes it difficult for these organisms to form and maintain their hard outer shells or skeletons. In the case of the Great Barrier Reef ocean acidification is resulting in slower growth rates and weaker skeletons making the coral more vulnerable to stress factors and more susceptible to diseases storms and coral bleaching. This not only affects the coral but the entire ecosystem which relies on the coral for shelter and food. Hence ocean acidification is a major concern for the health and survival of coral reefs and marine biodiversity worldwide.","Ocean acidification occurs when the ocean absorbs excess carbon dioxide (CO₂) from the atmosphere leading to a chemical reaction that lowers the pH of seawater making it more acidic. Here's an example: **Example: Impact on Shellfish in the Pacific Northwest** In the Pacific Northwest of the United States oyster larvae have been experiencing high mortality rates in recent years. Scientists discovered that the increasing acidity of the ocean water—due to higher CO₂ absorption—is dissolving the calcium carbonate shells of young oysters. Oyster larvae rely on their shells for protection and proper development. As the water becomes more acidic the availability of carbonate ions which are essential for shell formation decreases. This makes it harder for the larvae to build and maintain their shells leading to higher mortality and reduced oyster populations. This example illustrates how ocean acidification driven by human-induced CO₂ emissions can have direct and harmful effects on marine life particularly species that rely on calcium carbonate for their survival.","","20","205","225","10.943","91.385","4.444","225.045","15.11032","364.13083","379.24115","2026-07-08T22:42:50.602278","2026-07-08T22:42:52.429983","2026-07-08T22:43:38.564194","2026-07-08T22:43:38.564716"
"55","1","55","Should I invest in stocks?","","I'm sorry but I'm an AI language model and I don’t have the ability to provide personalized financial advice. Investing in stocks carries inherent risks and potential rewards and the decision to invest should be based on your individual financial situation goals and risk tolerance. It's always a good idea to do your research carefully consider your options and/or consult a financial advisor before making any investment decisions.","Whether or not you should invest in stocks depends on several factors including your financial goals risk tolerance time horizon and overall investment strategy. Here's a structured way to evaluate whether stocks are right for you: --- ### **1. Understand What Stocks Are** Stocks represent ownership in a company. When you buy a stock you become a partial owner and can benefit from: - **Capital gains** if the stock price increases. - **Dividends** if the company distributes profits to shareholders. --- ### **2. Consider Your Financial Goals** - **Short-term goals** (e.g. saving for a vacation in 1 year): Stocks may not be ideal due to market volatility. - **Long-term goals** (e.g. retirement in 20+ years): Stocks can be a good fit as they historically outperform other investments over time. --- ### **3. Assess Your Risk Tolerance** - **High risk tolerance**: You can handle market fluctuations and may be comfortable with potential losses. - **Low risk tolerance**: Stocks may not be suitable unless you diversify heavily or use other strategies like index funds or ETFs. --- ### **4. Time Horizon** - **Longer time horizons** (10","","18","256","274","11.039","90.591","4.445","224.982","13.39641","453.77475","467.17115","2026-07-08T22:43:38.567088","2026-07-08T22:43:40.197727","2026-07-08T22:44:37.793037","2026-07-08T22:44:37.793511"
"56","1","56","Generate a new song verse with your own unique lyrics.","","Verse 1: There's a light that shines within us A beacon of hope and love Guiding us through the darkest times A force that will always rise above. Chorus: Let your light shine let it be free For you are beautiful inside and out Let your heart guide you let it lead the way For you have a strength that no one can doubt. Verse 2: In this world there is so much to see So many wonders to discover Take a chance and let your dreams fly For there is so much left to uncover. Chorus: Let your light shine let it be free For you are beautiful inside and out Let your heart guide you let it lead the way For you have a strength that no one can doubt. Bridge: Life it can be hard sometimes But don't give up keep on trying For your light will never fade And your spirit will keep on flying. Outro: So let your light shine let it be free For you are beautiful inside and out Let your heart guide you let it lead the way For you have a strength that no one can doubt.","**Verse:** Beneath the stars where the silence sings We chase the echoes of dreams we cling. Through every shadow we find the light A whisper in the dark a spark a fight. The world may spin but we stay true To the rhythm of the heart we knew. With every step we rise and soar A symphony of hope forevermore.","","23","92","115","11.183","89.421","4.477","223.361","16.60978","161.97057","178.58035","2026-07-08T22:44:37.795932","2026-07-08T22:44:39.852619","2026-07-08T22:45:00.401833","2026-07-08T22:45:00.402225"
"57","1","57","Sing a children's song","","🎶 Twinkle twinkle little star How I wonder what you are Up above the world so high Like a diamond in the sky. When the blazing sun is gone When he nothing shines upon Then you show your little light Twinkle twinkle all the night. Then the traveler in the dark Thanks you for your tiny spark He could not see which way to go If you did not twinkle so. In the dark blue sky you keep And often through my curtains peep For you never shut your eye Till the sun is in the sky. As your bright and tiny spark Lights the traveler in the dark. Though I know not what you are Twinkle twinkle little star. Twinkle twinkle little star How I wonder what you are Up above the world so high Like a diamond in the sky. 🎶","Of course! Here's a classic **children's song** for you: --- **Twinkle Twinkle Little Star** Twinkle twinkle little star How I wonder what you are! Up above the world so high Like a diamond in the sky. When the blazing sun is gone When you yawn and turn you're gone Then you'll come again Like the birds in the sky. Twinkle twinkle little star How I wonder what you are! --- Would you like me to sing it with a melody or add some actions? 😊","","17","133","150","10.522","95.040","4.467","223.855","13.15137","234.36232","247.51369","2026-07-08T22:45:00.404550","2026-07-08T22:45:02.020228","2026-07-08T22:45:31.792910","2026-07-08T22:45:31.793256"
"58","1","58","Identify the main character traits of a protagonist.","","The main character traits of a protagonist vary depending on the story and its genre. However there are some general traits that many protagonists tend to possess including: 1. Courage: Protagonists are brave enough to face and overcome challenges encountered in their journey. 2. Determination: They are often determined to achieve their goals and will persist even when faced with obstacles. 3. Empathy: Protagonists tend to have an ability to understand and share the feelings of others which makes them relatable and likeable to readers or viewers. 4. Intelligence: Protagonists often have strong problem-solving skills and are quick at thinking on their feet enabling them to navigate complex situations. 5. Resilience: They tend to bounce back from setbacks and continue to pursue their objectives with renewed vigor. 6. Leadership: Protagonists are often natural leaders who can rally others to their cause and inspire them to work towards a common goal. 7. Flawed: Many protagonists also have flaws or weaknesses which can serve to humanize them and make them more relatable. These traits not only make the protagonist a compelling and interesting character but also help drive the story forward as they work towards achieving their goals.","The main character traits of a **protagonist** typically include a combination of **personal qualities** **emotional depth** and **behavioral characteristics** that shape their journey and development throughout a story. Here are the key traits that define a protagonist: ### 1. **Internal Motivation** - The protagonist is driven by **personal goals desires or beliefs**. - Their actions are often rooted in **emotional or psychological needs** (e.g. seeking love redemption power or self-discovery). ### 2. **Relatability** - The protagonist is often **relatable** to the audience making their struggles and triumphs meaningful. - They may have **flaws fears or doubts** that make them human and believable. ### 3. **Courage or Resilience** - Protagonists often demonstrate **courage** in the face of adversity. - They show **resilience** when overcoming challenges setbacks or personal crises. ### 4. **Determination or Willpower** - A strong sense of **purpose** or **will to achieve** their goals. - They persist despite obstacles often showing **perseverance**. ### 5. **Emotional","","22","256","278","11.904","84.006","4.441","225.153","14.87730","454.62524","469.50254","2026-07-08T22:45:31.795699","2026-07-08T22:45:33.643832","2026-07-08T22:46:31.283096","2026-07-08T22:46:31.283531"
"59","1","59","What are the 4 operations of computer?","","The four basic operations of a computer often abbreviated as the Four Functions of a Computer are: 1. Input: This refers to the process by which a computer receives data from an external source such as a keyboard mouse or scanner. The data is then converted into a format that the computer can process. 2. Processing: This is the operation where the computer performs calculations on the data it receives. The Central Processing Unit (CPU) carries out program instructions to manipulate calculate or organize data. 3. Output: This is the process by which the computer outputs the processed data in a form that can be understood by the user. Examples of output devices include a monitor printer or speakers. 4. Storage: This operation involves saving data for later use. Computers store data either temporarily (in RAM) or permanently (on a hard drive solid-state drive or external storage devices).","The four basic operations of a computer are: 1. **Input** – Entering data or instructions into the computer. 2. **Processing** – The computer's central processing unit (CPU) performs calculations and processes data. 3. **Output** – The processed data or results are sent to the user in a usable form. 4. **Storage** – Data and instructions are stored for future use either temporarily or permanently. These four operations are often referred to as the **Input-Process-Output-Storage (IPOS)** cycle which is fundamental to how a computer functions.","","21","122","143","11.310","88.413","4.470","223.718","15.02013","215.43622","230.45635","2026-07-08T22:46:31.286017","2026-07-08T22:46:33.142700","2026-07-08T22:47:00.436321","2026-07-08T22:47:00.436702"
"60","1","60","Add a transition between the following two sentences","The class is nearly finished. Some students can begin their summer jobs.","The class is nearly finished and as a result some students can begin their summer jobs.","The class is nearly finished. As the final bell approaches some students can begin their summer jobs.","","35","24","59","11.547","86.601","4.487","222.888","24.92984","41.83386","66.76370","2026-07-08T22:47:00.439288","2026-07-08T22:47:03.470310","2026-07-08T22:47:08.819631","2026-07-08T22:47:08.819942"
"61","1","61","Suggest an appropriate name for a puppy.","","Here are a few suggestions for puppy names - 1. Bella - This charming name meaning 'beautiful' is perfect for a furry friend with a pretty face and a captivating demeanor. 2. Max - A name befitting your furry friend who's always by your side watching over you and ever ready to come to your rescue. 3. Luna - A dreamy mystical name for a pup who strikes an other-worldly pose Luna means 'Moon' and is perfect for your regal starry-eyed companion. 4. Charlie - This name packs in heaps of playfulness and warmth much like your best friend who's always up for any adventure that comes his or her way. 5. Lucy - For the lively spirited friend who's always looking to raise the woof Lucy is perfect and encompasses boundless energy and joy.","Sure! Here's a suggested name for a puppy along with a little inspiration: **Name:** **Biscuit** **Reason:** Biscuit is a sweet playful and gentle name that's easy to say and remember. It's also a great fit for a puppy with a soft cuddly demeanor. Plus it's versatile and can work for both male and female puppies. Would you like some alternative names based on a specific trait personality or breed?","","21","103","124","11.310","88.414","4.475","223.468","15.07736","181.48957","196.56693","2026-07-08T22:47:08.822128","2026-07-08T22:47:10.678815","2026-07-08T22:47:33.695972","2026-07-08T22:47:33.696297"
"62","1","62","Construct a linear equation in one variable.","","A linear equation in one variable typically takes the form of: `ax + b = c` where `a` `b` and `c` are constants and `x` is the variable. Here is an example of a linear equation in one variable: `3x - 5 = 16` In this equation `a` is 3 `b` is -5 and `c` is 16. Solving for `x` we can determine the value of the variable `x` that makes the equation true. To solve this equation we follow these steps: 1. Move the constant term (-5) to the right-hand side of the equation by adding 5 to both sides: `3x - 5 + 5 = 16 + 5` which simplifies to: `3x = 21` 2. Divide both sides of the equation by the coefficient of the variable (`a` which is 3 in this case) to find the value of `x`: `(3x)/3 = 21/3` which simplifies to: `x = 7` Thus we have found that the value of `x` that satisfies the equation `3x - 5 = 16` is 7.","Sure! Here's an example of a **linear equation in one variable**: $$ 3x + 5 = 14 $$ This is a linear equation because the variable $ x $ is raised to the first power and there is only one variable involved.","","20","60","80","10.956","91.278","4.487","222.881","14.72531","104.84419","119.56950","2026-07-08T22:47:33.698664","2026-07-08T22:47:35.524226","2026-07-08T22:47:48.897066","2026-07-08T22:47:48.897417"
"63","1","63","Add two new recipes to the following Chinese dish","Beef and broccoli stir fry","**Beef and Broccoli Stir Fry with Ginger Honey Sauce** Ingredients (serves 4): - 1 lb flank steak sliced into thin strips - 4 cups broccoli florets - 1 tbsp vegetable oil - 2 cloves garlic minced - 1-inch piece of ginger peeled and grated - 1/2 cup soy sauce - 1/4 cup honey - 2 tbsp rice vinegar - 1 tsp sesame oil - 1 tbsp cornstarch - Salt and pepper to taste - Cooked rice for serving - Green onions sliced (optional) Instructions: 1. In a small mixing bowl whisk together the soy sauce honey rice vinegar sesame oil and cornstarch. Set aside. 2. Heat the vegetable oil in a large wok or frying pan over high heat. 3. Add the beef strips and cook for 3-4 minutes until browned. 4. Add the garlic and ginger and cook for another minute until fragrant. 5. Add the broccoli florets and stir fry for a few minutes until tender. 6. Pour in the sauce and stir everything together letting the sauce thicken for a couple of minutes. 7. Season with salt and pepper to taste. 8. Serve the beef and broccoli stir fry over rice garnished with sliced green onions if desired. **Spicy Szechuan Beef and Broccoli Stir Fry** Ingredients (serves 4): - 1 lb flank steak sliced into thin strips - 4 cups broccoli florets - 1 tbsp vegetable oil - 3 cloves garlic minced - 1/2 cup soy sauce - 1/4 cup hoisin sauce - 2 tbsp chili sauce (such as Sriracha) - 2 tbsp rice vinegar - 1 tbsp cornstarch - 1 tsp sugar - 1 tbsp sesame seeds - Cooked rice or noodles for serving Instructions: 1. In a small mixing bowl whisk together the soy sauce hoisin sauce chili sauce rice vinegar sugar and cornstarch. Set aside. 2. Heat the vegetable oil in a large wok or frying pan over high heat. 3. Add the beef strips and cook for 3-4 minutes until browned. 4. Add the garlic and stir fry for another minute until frag","Sure! Here are two new recipes that can be added to the existing **Beef and Broccoli Stir Fry** dish offering variations that can be enjoyed with or without the original recipe: --- ### 1. **Teriyaki Beef and Broccoli Stir Fry** **Ingredients:** - 1 lb (450g) beef sirloin or flank steak sliced into strips - 2 cups broccoli florets - 1/4 cup soy sauce - 2 tablespoons teriyaki sauce - 1 tablespoon ginger minced - 1 garlic clove minced - 1/4 cup water or broth - 1 tablespoon sesame oil - Sesame seeds and sliced green onions for garnish **Instructions:** 1. Heat sesame oil in a wok or large skillet over medium-high heat. 2. Add garlic and ginger sauté for 1 minute. 3. Add beef strips and cook until browned and almost cooked through. 4. Add broccoli and stir fry for 3–4 minutes until tender-crisp. 5. Pour in soy sauce and teriyaki sauce stir to coat. 6. Add water or broth cover and let simmer for","","28","256","284","12.129","82.445","4.439","225.280","19.22502","454.64964","473.87466","2026-07-08T22:47:48.899899","2026-07-08T22:47:51.208365","2026-07-08T22:48:48.880045","2026-07-08T22:48:48.880564"
"64","1","64","Suggest a short running route for someone who lives in the city.","","If you live in the city and want to engage in some short running activities there are several excellent routes that you can take. For a start you can consider heading down to your city's central park where you can find a scenic loop free of cars which usually ranges between 1.5 and 2 miles allowing you to take in the beauty and peace of the park while getting your exercise. Alternatively you can opt for a brisk run around your neighborhood sticking to sidewalks and quieter streets or even utilize riverfronts or waterfront paths that offer stunning city views while you run. Lastly many cities also have running or jogging-specific trails such as old railroad tracks converted into greenways so you might check to see if there's one near you.","Sure! Here's a short and scenic running route for someone living in the city: **Route Name: Riverside Loop** **Distance:** ~3 miles (5 km) **Terrain:** Paved paths sidewalks and a small scenic riverwalk **Time:** ~35–40 minutes **Difficulty:** Easy to moderate **Route Description:** 1. **Start at your local park entrance** (or a nearby plaza if you don’t have a park). 2. **Run east along the park’s main path** (or a quiet street) heading toward the river. 3. **Follow the riverwalk** for about 1 mile. This path is usually flat shaded and perfect for a relaxed run. You’ll pass trees benches and maybe some ducks or wildlife. 4. **At the river’s end** turn around and head back the way you came or continue to a small overlook or café for a short break. 5. **Return to your starting point** via the same path. **Why It Works:** - No need for a car—most city parks are walkable. - Safe and scenic with minimal traffic. - Great for warming up cooling down or a quick daily run","","26","256","282","11.373","87.924","4.439","225.290","18.31147","455.54444","473.85591","2026-07-08T22:48:48.883208","2026-07-08T22:48:51.169233","2026-07-08T22:49:48.843429","2026-07-08T22:49:48.843857"
"65","1","65","If a b x and y are real numbers such that ax+by=3 ax^2+by^2=7 ax^3+by^3=16 and ax^4+by^4=42 find ax^5+by^5.","","We start with the system of equations: ax + by = 3 ax^2 + by^2 = 7 ax^3 + by^3 = 16 ax^4 + by^4 = 42 We want to find the value of ax^5 + by^5. We can simplify things by defining the following sequences: s1 = ax + by s2 = ax^2 + by^2 s3 = ax^3 + by^3 s4 = ax^4 + by^4 Then our goal is to find s5 = ax^5 + by^5. Next we notice that we can derive a relationship between the s values as follows: (x+y)(ax^n + by^n) = ax^(n+1) + bxy^n + ax^ny + by^(n+1) In other words (x+y)s_n = s_(n+1) + xys_(n-1) for all n. Using this relationship we can find x+y and xy as follows: s2(x+y) = s3 + s1xy s3(x+y) = s4 + s2xy Solving this system of equations gives us: x + y = -14 xy = -38 Now we can use the relationship we derived earlier with n = 4 to find s5: 42(x + y) = s5 + 16xy Plugging in our values for x+y and xy and solving for s5 we get: s5 = 20 Therefore the value of ax^5 + by^5 is 20.","We are given: - $ ax + by = 3 $ - $ ax^2 + by^2 = 7 $ - $ ax^3 + by^3 = 16 $ - $ ax^4 + by^4 = 42 $ We are to find: $$ ax^5 + by^5 $$ --- ### Step 1: Define a recurrence Let’s denote: $$ S_n = ax^n + by^n $$ So we have: - $ S_1 = 3 $ - $ S_2 = 7 $ - $ S_3 = 16 $ - $ S_4 = 42 $ We are to find $ S_5 $. --- ### Step 2: Assume a recurrence relation We assume that $ S_n $ satisfies a **linear recurrence relation** of the form: $$ S_n = p \cdot S_{n-1} + q \cdot S_{n-2} $$ This is because $ S_n = ax^n + by^n $ and if $ x $ and $ y $ are roots of a quadratic equation then such a recurrence is natural. Let’s try to find constants $ p $","","74","256","330","12.182","82.087","4.403","227.105","50.09999","458.65849","508.75847","2026-07-08T22:49:48.846529","2026-07-08T22:49:54.920945","2026-07-08T22:50:53.059826","2026-07-08T22:50:53.060317"
"66","1","66","Generate a list of the top 10 causes of global warming.","","1. Greenhouse gas emissions 2. Deforestation 3. Fossil fuel burning 4. Industrial processes 5. Agricultural practices and livestock raising 6. Transportation and travel 7. Waste production and disposal 8. Land-use changes 9. Energy production and usage 10. Water vapor increase in atmosphere.","Certainly! Here is a list of the **top 10 causes of global warming** which are the primary human activities and natural factors contributing to the increase in Earth's average temperature: --- ### **1. Greenhouse Gas Emissions (CO₂ CH₄ N₂O)** - **Cause:** Burning of fossil fuels (coal oil natural gas) for energy transportation and industry. - **Impact:** These gases trap heat in the atmosphere leading to the greenhouse effect. --- ### **2. Deforestation** - **Cause:** Clearing forests for agriculture logging and urban development. - **Impact:** Loss of carbon sinks that absorb CO₂ from the atmosphere. --- ### **3. Industrial Processes** - **Cause:** Emissions from manufacturing cement production chemical processes and waste management. - **Impact:** Release of greenhouse gases and other pollutants. --- ### **4. Agricultural Practices** - **Cause:** Livestock farming (especially ruminants like cows) rice paddies and fertilizer use. - **Impact:** Emissions of methane (CH₄) and nitrous oxide (N₂O) both potent greenhouse gases. --- ### **5. Fossil Fuel Use** - **","","26","254","280","11.373","87.924","4.404","227.064","17.79829","455.57011","473.36840","2026-07-08T22:50:53.062863","2026-07-08T22:50:55.348885","2026-07-08T22:51:53.023192","2026-07-08T22:51:53.023617"
"67","1","67","Generate a smiley face using only ASCII characters","","Here's a smiley face using ASCII characters: ` :-) `","Sure! Here's a simple smiley face using only ASCII characters: ``` (o o) | | | | / \ | | | | | | | | | | | | | | | | | | | | | | | | | | | | | | | | | | | | | | | | | | | | | | | | | | | | | | | | | | | | | | | | | | | | | | | | | | | | | | | | | | | | | | | | | | | | | | | | | | | | | | | | | | | | | |","","21","256","277","11.296","88.524","4.443","225.075","15.09392","454.78962","469.88354","2026-07-08T22:51:53.026031","2026-07-08T22:51:54.885042","2026-07-08T22:52:52.504161","2026-07-08T22:52:52.504552"
"68","1","68","Offer advice to someone who is starting a business.","","Starting a business can seem overwhelming but taking small steps can make it manageable. Here are some tips to help you get started on the right path. 1. Develop a Business Plan: Creating a business plan will help you think through what you want your business to achieve who your customers are and how you will reach your goals. It’s also essential if you want to secure funding. 2. Research your Market: It's crucial to understand the needs of your target audience and to investigate your competition. You will want to offer something unique and valuable to your customers. 3. Secure Funding: Starting a business often requires investment. Consider all your options from bank loans to crowdfunding to personal investment and choose the option that's best for your business. 4. Create a Brand: Your business needs a strong identity that your customers can identify with. Be sure to create a clear and authoritative logo and make sure it's consistent across all aspects of your brand from business cards to websites. 5. Stay Organized: Starting a business can be a chaotic process with so many moving parts. It is essential to staying on top of your finances business plans and everyday responsibilities. 6. Be Flexible: Starting a business requires adaptability and you'll need to be prepared to make changes when required. Be open to feedback and listen to your customers when they offer critiques or suggestions. 7. Be Patient: Success doesn't happen overnight so be patient and persevering. Keep your goals in mind and work towards them every day. Remember starting a business is a huge undertaking so be kind to yourself and don't be afraid to seek help when you need it. Whether you turn to a business mentor or join a local networking group there are lots of resources out there to help you build a successful business.","Starting a business is an exciting and challenging journey. Here's some essential advice to help you navigate the early stages and increase your chances of success: ### 1. **Have a Clear Vision and Purpose** - Understand why you're starting the business. What problem are you solving? What value are you bringing to the market? - Your vision should guide your decisions and keep you motivated during tough times. ### 2. **Conduct Market Research** - Know your target audience competitors and market trends. - Validate your idea with real customers before investing heavily. Use surveys interviews or even a minimum viable product (MVP) to test your concept. ### 3. **Create a Solid Business Plan** - A business plan outlines your goals strategies target market marketing plan financial projections and operational structure. - It's not just for investors—it's a roadmap for your business. ### 4. **Secure Funding** - Determine how much money you need and explore funding options (personal savings loans investors crowdfunding etc.). - Be realistic about your financial needs and have a plan for managing cash flow. ### 5. **Build a Strong Brand and Online Presence**","","22","256","278","11.892","84.089","4.442","225.124","14.94718","455.04800","469.99518","2026-07-08T22:52:52.506974","2026-07-08T22:52:54.356925","2026-07-08T22:53:51.988552","2026-07-08T22:53:51.989011"
"69","1","69","Find the modifiers in the sentence and list them.","The girl with short curly hair laughed loudly.","1. Short (modifies hair) 2. Curly (modifies hair) 3. Loudly (modifies laughed)","Sure! Let's identify the **modifiers** in the sentence: ** The girl with short curly hair laughed loudly. ** ### Step-by-step analysis: 1. ** The girl ** – This is the subject of the sentence. 2. ** with short curly hair ** – This is a **prepositional phrase** acting as an **appositive modifier** of the girl. It provides more information about the girl. - ** short ** – an **adjective** modifying ** curly **. - ** curly ** – an **adjective** modifying ** hair **. - ** with ** – a **preposition** introducing the phrase. 3. ** laughed ** – the main verb. 4. ** loudly ** – an **adverb** modifying the verb ** laughed **. --- ### List of modifiers: 1. ** short ** – adjective modifying ** curly ** 2. ** curly ** – adjective modifying ** hair ** 3. ** loudly ** – adverb modifying ** laughed ** --- ### Optional: If you consider","","31","256","287","12.225","81.798","4.437","225.371","20.64581","454.89894","475.54475","2026-07-08T22:53:51.991836","2026-07-08T22:53:54.527588","2026-07-08T22:54:52.222605","2026-07-08T22:54:52.223049"
"70","1","70","Edit the following sentence: The house was green but large.","","The house was large and painted green.","The house was green but large. **Edited version:** *The house was green though it was large.* Or for a more vivid alternative: *The house was a striking green yet quite large.*","","26","51","77","11.378","87.888","4.482","223.106","18.37617","90.05017","108.42633","2026-07-08T22:54:52.225444","2026-07-08T22:54:54.510521","2026-07-08T22:55:05.888910","2026-07-08T22:55:05.889252"
"71","1","71","Identify the components of a good formal essay?","","A good formal essay consists of several components that help the writer convey their message effectively to the reader. These components include: 1. Introduction: The introduction should introduce the topic provide context and background information and present the thesis statement. It should effectively capture the reader's attention and provide a clear focus for the rest of the essay. 2. Thesis Statement: The thesis statement is a concise summary of the main point or argument of the essay. It should clearly state the main idea that the essay will support and develop. 3. Body Paragraphs: The body paragraphs should develop and support the thesis statement by presenting evidence examples and analysis. Each paragraph should have a topic sentence which introduces the main idea of the paragraph and should be organized in a logical and coherent manner. 4. Transitions: Transitions are words or phrases that help the reader move smoothly from one idea to the next. They should be used between paragraphs and within paragraphs to provide coherence and clarity to the essay. 5. Conclusion: The conclusion should restate the thesis statement summarize the main points and provide a sense of closure. It should bring the essay to a logical and satisfying end without introducing any new information or ideas. 6. Formal Language and Style: A formal essay should use formal language and a formal style avoiding slang contractions and colloquialisms. The tone should be objective and the writing should be clear and concise. 7. Proper Citations: A formal essay should properly cite any sources used using the appropriate citation style. This provides credit to the original authors and allows the reader to locate and verify the information presented in the essay. 8. Formatting: A formal essay should follow the standard formatting guidelines such as using a readable font double spacing and including page numbers. It should also follow any specific guidelines provided by the instructor or publisher.","A **good formal essay** is characterized by its **clarity structure and academic tone**. It is typically written for an educational or scholarly audience and follows a specific format. Here are the **key components** of a good formal essay: --- ### 1. **Clear Purpose or Thesis** - The essay should have a **central idea** or **thesis statement** that clearly states the main argument or purpose. - The thesis should be **specific debatable and focused**. --- ### 2. **Well-Defined Structure** A formal essay usually follows a **logical and organized structure**. The most common format is: - **Introduction** - Introduces the topic. - Provides background information. - Presents the **thesis statement**. - **Body Paragraphs** - Each paragraph should focus on a **single supporting point**. - Each paragraph should have: - A **topic sentence**. - **Evidence or examples**. - **Analysis or explanation** of the evidence. - A **transition to the next paragraph**. - **Conclusion** - Restates the **main argument** or thesis. - Summarizes the key points. - Provides a **","","22","256","278","11.899","84.042","4.442","225.112","14.84378","454.76440","469.60818","2026-07-08T22:55:05.891545","2026-07-08T22:55:07.740470","2026-07-08T22:56:05.369072","2026-07-08T22:56:05.369509"
"72","1","72","Rewrite this sentence to reflect a positive attitude","I can't do this.","I can do this if I put in some effort and seek the right support.","I can do this.","","28","9","37","12.140","82.375","4.492","222.614","19.11702","15.77604","34.89306","2026-07-08T22:56:05.372150","2026-07-08T22:56:07.678653","2026-07-08T22:56:09.682180","2026-07-08T22:56:09.682386"
"73","1","73","List some pros and cons of using a hot air balloon for transportation.","","Pros of using a hot air balloon for transportation: 1. Scenic and unique experience: Hot air ballooning is a unique way to travel that offers panoramic views of the surroundings. 2. Eco-friendly: Hot air balloons use wind currents to travel producing no harmful emissions and reducing the carbon footprint of travel. 3. Low noise levels: With no engine a hot air balloon ride is very peaceful and the low noise level makes for a tranquil and serene ride. 4. A good conversation starter: Taking a hot air balloon ride is not an everyday activity and the experience can make for an interesting conversation topic. Cons of using a hot air balloon for transportation: 1. Weather dependent: Hot air ballooning is very weather dependent with flights being canceled in high winds or thunderstorms making it an unreliable mode of transport. 2. Slow: Hot air balloons travel at the mercy of the wind currents and cannot be steered in a specific direction which makes for a slower and longer journey. 3. Limited capacity: Hot air balloons are not designed to carry large numbers of passengers limiting their use as a mass transportation option. 4. Expensive: Hot air balloon rides can be quite expensive and the cost can be prohibitive for regular use as a mode of transportation. 5. Low accessibility: Hot air balloons need a large open space to launch and land which makes them less accessible in urban areas.","**Pros of Using a Hot Air Balloon for Transportation:** 1. **Unique and Spectacular Experience:** - Offers a breathtaking peaceful view of the landscape from above which is both visually stunning and memorable. 2. **Scenic Travel:** - Provides a different perspective of the environment making it ideal for tourism and photography. 3. **Low Environmental Impact:** - Compared to other forms of air travel hot air balloons burn minimal fuel and produce very little noise or pollution. 4. **Versatile for Short Distances:** - Suitable for short trips or sightseeing especially in remote or difficult-to-reach areas. 5. **Cost-Effective for Small Groups:** - Can be more affordable than other forms of air transport for small groups or individual travelers. **Cons of Using a Hot Air Balloon for Transportation:** 1. **Limited Range and Speed:** - Hot air balloons are slow and have limited range making them unsuitable for long-distance or time-sensitive travel. 2. **Weather Dependent:** - Balloons are highly affected by weather conditions such as wind temperature and cloud cover which can limit flight times or safety. 3. **Safety Concern","","26","256","282","11.370","87.951","4.438","225.313","18.33388","455.14597","473.47985","2026-07-08T22:56:09.684536","2026-07-08T22:56:11.971270","2026-07-08T22:57:09.651428","2026-07-08T22:57:09.651813"
"74","1","74","Summarize what we know about the coronavirus.","","Coronavirus also known as COVID-19 is a respiratory illness caused by the SARS-CoV-2 virus. The virus was first identified in Wuhan China in December 2019 and quickly spread globally becoming a pandemic. Common symptoms of COVID-19 include fever cough and difficulty breathing although some people may have mild or asymptomatic cases. The virus is primarily spread through respiratory droplets from an infected person and transmission can occur even if the person does not show symptoms. The best way to prevent the spread of the virus is through social distancing wearing a mask and practicing good hygiene. Several vaccines have been developed and are being distributed with the goal of achieving herd immunity and slowing the spread of the virus. However variants of the virus such as the Delta variant have emerged and are causing concern. It is important to continue practicing prevention measures and following guidance from health authorities to combat the pandemic.","The coronavirus specifically **SARS-CoV-2** is a novel virus that causes the disease **COVID-19**. Here's a summary of what we know: ### **1. Origin and Transmission:** - **Origin:** Likely originated in **Wuhan China** in late 2019 possibly from a wildlife source. - **Transmission:** Primarily spreads through **respiratory droplets** when an infected person coughs sneezes or talks. It can also spread through **contact with contaminated surfaces** and **close prolonged exposure**. - **Asymptomatic Spread:** Some people can spread the virus without showing symptoms. ### **2. Symptoms:** - **Common symptoms:** Fever dry cough fatigue loss of taste or smell muscle or body aches headache sore throat and congestion. - **Severe symptoms:** Difficulty breathing chest pain confusion or bluish lips or face. - **Most people:** Experience mild symptoms and recover at home. ### **3. Risk Groups:** - **Older adults** and those with **underlying health conditions** (e.g. heart disease diabetes lung disease cancer) are at higher risk","","22","256","278","11.890","84.105","4.442","225.119","14.96341","454.47614","469.43955","2026-07-08T22:57:09.654310","2026-07-08T22:57:11.504609","2026-07-08T22:58:09.135062","2026-07-08T22:58:09.135445"
"75","1","75","Name a famous actor who has won an Oscar for Best Actor","","Tom Hanks is a famous actor who has won two Oscars for Best Actor for his roles in Philadelphia (1993) and Forrest Gump (1994).","A famous actor who has won an Oscar for Best Actor is **Daniel Day-Lewis**. He won the award for his role as William William Shakespeare's Lincoln in *Lincoln* (2012). He is also known for his performances in *There Will Be Blood* and *My Left Foot*.","","24","70","94","11.513","86.860","4.483","223.070","16.83003","122.95875","139.78879","2026-07-08T22:58:09.137916","2026-07-08T22:58:11.222558","2026-07-08T22:58:26.837453","2026-07-08T22:58:26.837755"
"76","1","76","Suggest a story title for the passage you just wrote.","","Journey into the Unknown: One Family's Discovery of the Past","Sure! Could you please share the passage you're referring to? That way I can help suggest an appropriate story title based on its content and tone.","","24","35","59","11.513","86.858","4.492","222.636","16.59842","61.54607","78.14449","2026-07-08T22:58:26.840036","2026-07-08T22:58:28.924638","2026-07-08T22:58:36.716899","2026-07-08T22:58:36.717178"
"77","1","77","What is the gravitational effect of the Moon on Earth?","","The gravitational effect of the Moon on the Earth is primarily responsible for the phenomenon of tides where the rise and fall of sea levels occur due to the gravitational pull between the two celestial bodies. The Moon's gravity causes a cyclical bulge of water on the Earth's surface that faces the Moon subsequently causing high tides with another bulge occurring on the opposite side because of the inertial force of the Earth's rotation. Additionally The Moon's gravitational force stabilizes the Earth's axial tilt which affects the climate and seasons. Without the Moon Earth's axial tilt could undergo large variations leading to dramatic climate change.","The Moon has several significant gravitational effects on Earth the most notable of which are: 1. **Tidal Forces**: - The Moon's gravitational pull is the primary cause of the **tides** on Earth. It creates a bulge of water on the side of Earth facing the Moon and another on the opposite side. - These tidal bulges are constantly moving due to Earth's rotation causing the **tides** to rise and fall. 2. **Earth's Rotation and Day Length**: - The Moon's gravitational pull **slows down Earth's rotation** over time. This is because the tidal bulge created by the Moon is slightly ahead of the Earth-Moon center line due to Earth's rotation. The Moon exerts a torque on Earth which gradually transfers angular momentum from Earth to the Moon. - As a result the length of a day is increasing very slowly by about **1.8 milliseconds every century**. 3. **Stabilization of Earth's Axial Tilt**: - The Moon's gravitational influence helps **stabilize Earth's axial tilt** (approximately 23.5 degrees). This stability is crucial for maintaining Earth's climate patterns and seasons over long periods","","23","256","279","11.198","89.302","4.441","225.155","16.59629","454.55541","471.15170","2026-07-08T22:58:36.719456","2026-07-08T22:58:38.773408","2026-07-08T22:59:36.413083","2026-07-08T22:59:36.413492"
"78","1","78","Compose a love poem for someone special.","","My love my heart's pure essence my light In you my soul has found its greatest might Each breath of yours a symphony so grand A masterpiece so true in love's command In you I see the blossom of the dawn A beauty and a grace forever drawn Your smile like sunshine chasing clouds away Bringing warmth and hope to each new day. My love my passion my everything The rhythm to my heartbeat's softest string In you a love so enchanting so real A passion overwhelming all I feel. My heart will forever sing your praise As I am lost in love's sweetest maze You are my reason my north star my guide With you I am truly alive inside. My love in every moment of each day I thank the stars that you came my way For with you my heart has found its home My love in you I’m never alone.","**For You My Constant Star** In the quiet of dawn where the world is still I find my heart whispering your name A melody that only you can keep A secret that only you can claim. Your laughter is the sunrise that breaks the night A warmth that turns cold days to gold Your presence is the calm in every storm The reason my soul dares to unfold. I’ve traced the stars but none shine as bright As the way your eyes light up my skies Each glance a promise each touch a song A love that grows deeper with each sigh. You are the poem I’ve never written The verse that lingers in my mind The rhythm of my heartbeat the reason I choose to love and to be kind. So here’s to the moments we’ll never forget To the dreams we’ll chase hand in hand For you are my forever my everything My love my life my only plan.","","20","218","238","10.965","91.199","4.434","225.519","14.84269","387.39249","402.23519","2026-07-08T22:59:36.415922","2026-07-08T22:59:38.239909","2026-07-08T23:00:27.403050","2026-07-08T23:00:27.403466"
"79","1","79","Create a mnemonic to remember the capital cities of the three Baltic countries.","","Here's a possible mnemonic: LET's go to the Baltic capitals . Each letter in the word LET represents the first letter of each capital city in the region: L for Tallinn of Estonia E for Riga of Latvia and T for Vilnius of Lithuania.","Sure! Here's a mnemonic to help you remember the **capital cities of the three Baltic countries**: ** Lithuania's capital is Vilnius Latvia's is Riga and Estonia's is Tallinn. ** To make it easier to remember here's a simple **mnemonic phrase**: ** Vilnius Riga Tallinn — Baltic capitals all in one line. ** Or if you want a more poetic or memorable version: ** Vilnius is where the Lithuanians stay Riga's the hub for Latvians and Tallinn shines bright for Estonians. ** If you want a **word-based mnemonic** you could use: ** V R T ** — standing for **Vilnius Riga Tallinn** Or for a fun twist: ** Vilnius Riga Tallinn — like a Baltic trio they shine! ** Let me know if you'd like a version that's more structured or rhyming!","","26","218","244","11.382","87.855","4.434","225.515","18.43166","388.16094","406.59260","2026-07-08T23:00:27.406064","2026-07-08T23:00:29.690294","2026-07-08T23:01:18.852657","2026-07-08T23:01:18.853072"
"80","1","80","Generate an acrostic poem.","Spring","Sunshine and warmth bring us out doors Petals bloom and bees are buzzing Rain showers that make the gardens grow Incredible time for new beginnings Nature awakens from a winter slumber Green grass and leaves on the trees once more","Serenity blooms in morning light Rivers hum with waking might. New life sprouts from frozen ground Hope returns and hearts are bound. Nature stirs with vibrant hue A season's gift both fresh and true.","","20","57","77","10.948","91.340","4.489","222.756","15.10139","100.21847","115.31987","2026-07-08T23:01:18.855410","2026-07-08T23:01:20.682207","2026-07-08T23:01:33.379292","2026-07-08T23:01:33.379590"
"81","1","81","Brainstorm a creative idea for a team-building exercise.","","One creative idea for a team-building exercise could be a Virtual Escape Room challenge. In this activity team members work together to solve puzzles and complete tasks to escape a virtual room within a set time limit. To make it more interactive and engaging the escape room can be designed around a specific theme or storyline such as a heist or a treasure hunt. In the virtual escape room team members will have to communicate effectively delegate tasks and rely on each other's strengths to successfully complete the challenge. This activity not only promotes collaboration and problem solving but it also allows team members to get to know each other better and have some fun in the process.","**Creative Team-Building Exercise: Escape the Island ** **Concept:** Transform your office or a rented space into a mysterious island where teams must work together to escape by solving a series of puzzles riddles and challenges to uncover clues and ultimately escape before time runs out. **Overview:** Teams are stranded on a deserted island after a mysterious storm. They must collaborate to find their way off the island using clues hidden throughout the space which they discover through a mix of logic puzzles teamwork challenges and role-playing elements. **Setup:** - Create a themed environment with props sound effects and a storyline. - Divide the group into teams of 4–6 people. - Each team receives a starting clue and a limited time (e.g. 60–90 minutes) to escape. **Key Elements:** 1. **Puzzle Stations:** - Each station features a unique challenge (e.g. decoding a message building a bridge with limited materials or solving a riddle). - Stations are connected by clues so teams must work together to unlock the next step. 2. **Role-Playing Elements:** - Introduce characters like a stranded sailor a lost","","23","256","279","11.201","89.279","4.441","225.171","16.52171","454.73897","471.26069","2026-07-08T23:01:33.381904","2026-07-08T23:01:35.435315","2026-07-08T23:02:33.079109","2026-07-08T23:02:33.079576"
"82","1","82","Create an algorithm that classifies a given text into one of five categories.","This is a breathtaking landscape of mountains and lush vegetation.","Step 1: Define the categories and associated keywords - Nature: mountain vegetation landscape forest beach river lake ocean - Sports: football basketball hockey tennis running cycling fitness - Technology: computer internet software AI smartphone device gadget - Food: pizza pasta burger fruit vegetable cooking recipe cuisine - Art: painting sculpture music theater dance literature poetry Step 2: Tokenize and preprocess the input text - Convert the input text to lower case: this is a breathtaking landscape of mountains and lush vegetation. - Split the text into individual words: ['this' 'is' 'a' 'breathtaking' 'landscape' 'of' 'mountains' 'and' 'lush' 'vegetation'] Step 3: Count the number of keywords in the text for each category - Nature: 3 - Sports: 0 - Technology: 0 - Food: 0 - Art: 0 Step 4: Determine the category with the highest count - The category with the highest count is Nature. Step 5: Return the classification - The input text is classified as Nature.","To classify a given text into one of five categories you can use a **text classification algorithm**. Here's a step-by-step explanation of how to create such an algorithm including a sample classification for the given text: --- ### ✅ **Step 1: Define the Categories** Let's define the five categories for classification: 1. **Nature** 2. **Technology** 3. **Politics** 4. **Sports** 5. **Entertainment** --- ### ✅ **Step 2: Preprocess the Text** - Tokenize the text into words. - Remove punctuation and stopwords. - Convert text to lowercase. - Use a bag-of-words or TF-IDF vectorizer to convert text into numerical features. --- ### ✅ **Step 3: Choose a Classifier** Use a machine learning classifier like: - **Naive Bayes** - **Logistic Regression** - **Support Vector Machine (SVM)** - **Random Forest** - **Neural Networks** --- ### ✅ **Step 4: Train the Model** - Use a labeled dataset with examples for each category. - Train the model using the features and labels. --- ### ✅ **Step 5: Make Predictions** - For a new","","38","256","294","11.478","87.120","4.432","225.645","27.47637","455.70520","483.18157","2026-07-08T23:02:33.082161","2026-07-08T23:02:36.392732","2026-07-08T23:03:34.157828","2026-07-08T23:03:34.158370"
"83","1","83","Suggest a way to organize a closet efficiently.","","One way to organize a closet efficiently is to follow these steps: 1. First clear out everything from the closet and sort through the items. Donate or get rid of anything that you no longer wear or use. 2. Organize your clothes by type such as separating shirts pants dresses and jackets. Within these groups you can then organize them by color length or season. 3. Utilize shelving hanging rods and storage boxes or bins to maximize space. Place the most frequently used items at eye-level and within easy reach. 4. Use space-saving hangers and slim velvet hangers these save a lot of horizontal space and give a cleaner look. 5. Use shelf dividers to keep stacks of folded clothes neat and tidy. 6. Store off-season clothing or items that you rarely use in vacuum-sealed storage bags or in boxes on a higher shelf to free up space. 7. Consider using drawer organizers or storage boxes to keep smaller items such as socks or undergarments neat and easily accessible. 8. Make use of the closet door by hanging an over-the-door shoe organizer or hooks to store shoes bags or accessories. 9. Finally make sure to maintain the organization by putting things back in their designated spot after use and regularly reassessing and decluttering your closet. By implementing these steps you should be able to efficiently organize your closet and easily find what you're looking for.","Organizing a closet efficiently involves a combination of decluttering categorization and smart storage solutions. Here's a step-by-step approach to help you maximize space and make your closet more functional: ### 1. **Declutter First** Before organizing remove everything from the closet. This gives you a clear view of what you have and helps you make decisions about what to keep donate or discard. - **Sort into categories**: Keep Donate Discard or Maybe. - **Use the one-year rule **: If you haven’t worn it in a year consider donating it. - **Be honest**: Ask yourself Do I love this item? or Will I wear this again? ### 2. **Categorize Your Items** Group similar items together for easy access and visual organization. - **Clothing by type**: Tops Bottoms Dresses Outerwear etc. - **Seasonal grouping**: Store off-season items in a separate area or storage box. - **Footwear and accessories**: Group by type (shoes bags belts jewelry). ### 3. **Use Vertical Space** Maximize vertical space with shelves hanging rods or storage cubes. - **Install additional","","22","256","278","11.890","84.106","4.442","225.123","15.07256","454.69908","469.77164","2026-07-08T23:03:34.160988","2026-07-08T23:03:36.011310","2026-07-08T23:04:33.642786","2026-07-08T23:04:33.643193"
"84","1","84","Train a GPT 3 language model to generate a realistic fake review for a given product.","Product: IKEA side table","The IKEA side table is a fantastic addition to my home. It's simple yet stylish design adds a touch of elegance to any room. It's the perfect size for placing next to a sofa or armchair providing a convenient spot for a cup of coffee or book. The build quality and durability are excellent and it's really easy to put together. It's a great value for the price and I would highly recommend it to anyone in need of a functional well-made side table.","Sure! Here's a realistic fake review for an IKEA side table: --- **Product:** IKEA Side Table **Rating:** ⭐ 4.5/5 I recently purchased the IKEA EKTORP side table and I have to say it's been a game-changer for my living room! I was initially hesitant because I’ve seen some of their cheaper knockoffs online but this one is definitely worth the price. The design is modern and sleek and it fits perfectly with my existing furniture. The assembly was a bit of a puzzle but the instructions were clear and I had all the tools I needed. It took me about an hour to put it together but it was a fun DIY project. The quality of the wood is solid and it feels durable. I’ve had it for a few weeks now and it’s holding up well. I love how much space it provides for my coffee table books and even my plants. It’s also great for placing my laptop or a lamp. The only downside is that it’s a bit heavy so I had to be careful moving it around. But overall I’m very happy with my purchase. If you’re looking for a","","37","256","293","11.307","88.440","4.431","225.663","26.37558","456.24717","482.62275","2026-07-08T23:04:33.645863","2026-07-08T23:04:36.918137","2026-07-08T23:05:34.687987","2026-07-08T23:05:34.688414"
"85","1","85","Give me a strategy to increase my productivity.","","Here are some effective strategies that can help you increase your productivity: 1. Set Clear Goals: Start by setting clear goals and breaking them down into smaller manageable tasks. Having a clear understanding of what you want to achieve helps keep you focused and motivated. 2. Use a To-Do List: Write down all the tasks you need to complete for the day or week and prioritize them according to their importance and urgency. This helps you stay organized and on track. 3. Avoid Distractions: Identify and minimize distractions that take your attention away from your work. This could include turning off notifications for non-essential apps working in a quiet environment and avoiding multitasking. 4. Take Breaks Regularly: It's essential to take breaks regularly to recharge and refresh your mind. During your breaks you can do a quick exercise meditate or even take a short walk to clear your head. 5. Use Tools and Apps: There are plenty of tools and apps available to help you stay productive. Use apps like Trello or Asana to manage your tasks Pomodoro timers to maintain focus and blocking apps to minimize distraction. 6. Optimizing your daily routine: It is important to have a morning routine aimed at increasing your energy and concentration during the day. Sleeping well eating healthy and having a pleasant time to wake up are factors that have a strong influence on daily productivity. By implementing these strategies you can effectively increase your productivity achieve your goals and reach your fullest potential.","Increasing productivity is a common goal and there are several effective strategies to help you achieve it. Here’s a structured approach to boost your productivity: --- ### **1. Set Clear Goals** - **Break Down Large Tasks**: Divide big projects into smaller manageable tasks. - **Use SMART Goals**: Make your goals Specific Measurable Achievable Relevant and Time-bound. - **Prioritize**: Use tools like the **Eisenhower Matrix** to prioritize tasks based on urgency and importance. --- ### **2. Time Management Techniques** - **Time Blocking**: Allocate specific time slots for tasks meetings and breaks. - **Pomodoro Technique**: Work for 25 minutes then take a 5-minute break. After 4 cycles take a longer break. - **Time Tracking**: Use apps like **Toggl** **RescueTime** or **Focus To-Do** to track where your time goes. --- ### **3. Minimize Distractions** - **Digital Detox**: Turn off notifications use **Focus Mode** on your phone or use apps like **Forest** to stay off your phone. - **Designate a Workspace**: Keep your work area clean and organized to reduce mental","","21","256","277","11.291","88.563","4.443","225.064","15.16324","454.61990","469.78314","2026-07-08T23:05:34.690893","2026-07-08T23:05:36.550706","2026-07-08T23:06:34.167114","2026-07-08T23:06:34.167618"
"86","1","86","Write a story that uses the following four words: sunset starry journey adventure","","Once upon a time there was a young boy who dreamed of embarking on an epic journey. He longed for adventure and the thrill of exploring new lands. One warm summer evening as he gazed out at the beautiful sunset he knew that it was time to set out on his quest. The boy packed a small bag with everything he would need for his journey and set out into the night. The sky was starry and clear and the moon shone brightly lighting his way. As he walked he couldn't help but feel excited about the adventure that lay ahead. Days turned into weeks as the boy journeyed further and further from home. He encountered all sorts of obstacles and challenges but with each one he became stronger and more determined. The sun set and rose each day marking the passage of time as he continued on his quest. Finally after many long weeks of travel the boy reached his destination. He had discovered a new land filled with wonders and beauty beyond anything he could have ever imagined. The sunset over this new world was more breathtaking than any he had ever seen and the starry sky seemed to sparkle more brightly than ever before. The boy knew that his journey had been worth every step and he was grateful for the adventure that had brought him to this magical place. And so as he watched the sun set on another day he knew that this was just the beginning of a lifetime of exploration and discovery.","Once upon a time in a quiet village nestled between emerald hills and a winding river there lived a curious young girl named Lila. From the moment she could walk she had been captivated by the sky—especially the way the sun dipped below the horizon painting the sky in hues of gold and rose. One evening as the sun dipped below the horizon Lila watched the **sunset** with a dreamy gaze. One day she whispered I’ll see the stars up close. Her father a quiet but wise man smiled at her. The stars are not for the timid he said. They belong to those who take a **journey**. Inspired Lila set off the next morning with a satchel filled with bread water and a map she had copied from the village elder. Her **adventure** began with a trek through the Whispering Woods where the trees seemed to murmur secrets of the past. She followed a path that led to a hidden glade where the sky stretched wide and clear. As night fell Lila lay on a soft patch of grass gazing up at the **starry** sky. It was unlike anything","","30","256","286","11.787","84.841","4.436","225.417","20.71197","455.32545","476.03743","2026-07-08T23:06:34.170247","2026-07-08T23:06:36.715471","2026-07-08T23:07:34.422319","2026-07-08T23:07:34.422762"
"87","1","87","Think of a creative way to transport a car from Denver to Texas.","","One idea for transporting a car from Denver to Texas in a creative way is to use helium filled balloons to float it through the sky. The car could be fitted with a harness and a large number of high-strength balloons could be attached to it. Once filled with helium the balloons would lift the car up into the air allowing it to be gently floated towards Texas. A small team of trained pilots could use drones to navigate the car and control its altitude making sure it stays on course and avoiding any obstacles or hazards along the way. This would be a unique and visually stunning way to transport the car and could draw a lot of attention and interest from people along the route.","Sure! Here's a **creative and whimsical way** to transport a car from Denver to Texas: --- ** The Great Car Odyssey: A Road Trip with a Twist ** **Concept:** Instead of using traditional shipping methods or driving the car yourself you can turn the journey into an **artistic immersive experience** that blends travel storytelling and a touch of humor. --- ### **1. The Car as a Character – A Narrative Journey** - **Step 1:** Reimagine your car as a **traveling protagonist** – give it a name a backstory and a personality. *Example:* Old Faithful the 2005 Honda Civic who's seen it all from Denver's snowstorms to the Texas sun. - **Step 2:** Create a **story map** of the journey with stops at iconic landmarks and write a **travelling blog or comic strip** chronicling the car's adventures. *Include funny or surreal encounters – like getting stuck in a desert meeting a quirky roadside attraction or dodging a tornado.* - **Step 3:** Host a ** Car Odyssey event** in Denver and Texas where fans","","26","256","282","11.374","87.919","4.440","225.218","18.17031","455.46864","473.63895","2026-07-08T23:07:34.425459","2026-07-08T23:07:36.711353","2026-07-08T23:08:34.367149","2026-07-08T23:08:34.367566"
"88","1","88","Name a famous person who embodies the following values: knowledge and creativity.","","One famous person who embodies the values of knowledge and creativity is Albert Einstein. He is widely regarded as one of the most brilliant and influential scientists of all time and his groundbreaking theories and ideas have had a profound impact on our understanding of the universe. Einstein was a creative thinker who was able to develop new and innovative ideas and he also had a deep and expansive knowledge of the scientific principles and theories of his time.","A famous person who embodies both **knowledge** and **creativity** is **Leonardo da Vinci**. He was a polymath of the Renaissance known for his work in art science engineering and anatomy. His notebooks reflect a deep thirst for knowledge across multiple disciplines while his masterpieces like *The Mona Lisa* and *The Last Supper* showcase extraordinary creativity. Da Vinci's ability to merge scientific inquiry with artistic expression makes him a perfect example of someone who embodies both values.","","26","105","131","11.373","87.929","4.472","223.598","18.13015","185.44069","203.57084","2026-07-08T23:08:34.370210","2026-07-08T23:08:36.656367","2026-07-08T23:09:00.134129","2026-07-08T23:09:00.134465"
"89","1","89","Design a smartphone app","","The smartphone app I would design would be a personal organization and productivity tool. The app would feature a clean and intuitive user interface and it would be divided into several sections including a calendar to-do list goal tracker and note-taking section. The calendar section would allow users to add events and appointments set reminders and view their schedule in a daily weekly or monthly layout. The to-do list would enable users to organize tasks into categories and prioritize them based on urgency and importance. The goal tracker would help users set and track their personal and professional goals with features such as progress tracking and customizable milestones. Finally the note-taking section would provide a space for users to jot down ideas and reminders with the option to add images and voice recordings. The app would also integrate with other commonly used applications such as email and cloud storage to provide a seamless experience. Users could set up custom notifications and reminders to ensure they stay on track with their tasks and goals. Overall the app would be a comprehensive tool for managing time organizing tasks and achieving personal and professional goals.","Sure! Let's design a **smartphone app** with a clear purpose user-friendly interface and a modern look. Here's a conceptual outline for a **fitness and wellness app** called ** FitTrack **. --- ### 📱 App Name: **FitTrack** --- ### 🎯 Purpose: **FitTrack** is a comprehensive fitness and wellness app designed to help users monitor their health set goals and stay motivated through personalized workout plans nutrition tracking and progress visualization. --- ### 📱 Platform: - **Available on:** iOS and Android (cross-platform) - **Design Style:** Modern clean and motivational with a color palette of greens blues and whites. --- ### 🎯 Key Features: #### 1. **User Profile & Goals** - Set personal goals (e.g. lose 10kg run a marathon build muscle) - Input age height weight and fitness level - Track progress over time #### 2. **Workout Tracker** - Choose from pre-designed workout routines (cardio strength yoga HIIT) - Record workouts manually or via integration with wearables (like Apple Watch or Fitbit) - Add notes duration","","16","252","268","11.479","87.117","4.377","228.459","10.80530","454.71018","465.51549","2026-07-08T23:09:00.136860","2026-07-08T23:09:01.530732","2026-07-08T23:09:59.102504","2026-07-08T23:09:59.102962"
"90","1","90","Create an appropriate title for a song.","","Heartbeats and Echoes","Echoes of the Heart","","20","11","31","10.962","91.222","4.502","222.147","15.16036","18.93921","34.09957","2026-07-08T23:09:59.105370","2026-07-08T23:10:00.929820","2026-07-08T23:10:03.373434","2026-07-08T23:10:03.373733"
"91","1","91","Write a 100-word description of a bustling city street scene.","","The city street is alive with energy and movement as people from all walks of life hurry along the crowded sidewalks. The sounds of car horns and chatter fill the air contributing to the lively atmosphere. Street vendors line the sidewalks selling everything from hot dogs to exotic souvenirs attracting customers with their colorful displays and enticing aromas. Traffic is heavy with cars buses and bikes all vying for space on the busy roads. The bright lights of towering buildings and flashing signs illuminate the scene creating a vibrant and bustling urban environment.","The city street pulses with energy a vibrant tapestry of life. Motorists weave through traffic honking horns as pedestrians cross with practiced ease. Street vendors shout over the din offering fresh pastries and colorful trinkets. Tourists snap photos while locals chat over steaming cups of coffee. Above billboards flash bold messages while cyclists dart between lanes. The air is thick with the scent of street food and exhaust. Laughter music and the constant rhythm of footsteps create a symphony of urban life where every corner holds a new discovery and every moment is alive with motion and possibility.","","27","128","155","11.586","86.312","4.463","224.069","19.01459","225.71105","244.72564","2026-07-08T23:10:03.376207","2026-07-08T23:10:05.706623","2026-07-08T23:10:34.387435","2026-07-08T23:10:34.387886"
"92","1","92","Rewrite the sentence using a different way of saying must .","Everyone must remember to bring their supplies to class.","It is imperative for everyone to remember to bring their supplies to class.","Everyone should remember to bring their supplies to class.","","35","14","49","11.558","86.524","4.491","222.688","24.87617","24.47138","49.34756","2026-07-08T23:10:34.390531","2026-07-08T23:10:37.418860","2026-07-08T23:10:40.536496","2026-07-08T23:10:40.536782"
"93","1","93","Convert the following graphic into a text description.","","I'm sorry but as an AI language model I cannot see the graphic you provided. Please provide a textual description of the graphic or any other text-based information so I can assist you better.","Sure! Please provide the graphic you'd like me to describe and I'll convert it into a detailed text description for you.","","21","30","51","11.305","88.453","4.495","222.450","15.19976","52.83889","68.03865","2026-07-08T23:10:40.538992","2026-07-08T23:10:42.396508","2026-07-08T23:10:49.070008","2026-07-08T23:10:49.070306"
"94","1","94","Imagine you are making an egg sandwich write out a step-by-step instruction to make the sandwich.","","Here is a step-by-step instruction to make an egg sandwich: 1. Start by gathering all the ingredients you will need. These include bread eggs butter mayonnaise lettuce salt pepper and any other toppings or condiments you want to add. 2. Heat a non-stick skillet over medium heat and add a small pat of butter to the skillet. 3. Crack the eggs into the skillet and cook until the whites are set but the yolks are still runny. You can also flip the eggs over and cook for a few seconds on the other side if you prefer your yolks more cooked. 4. While the eggs are cooking toast the bread to your desired level of toasty-ness. You can use a toaster or you can toast the bread in the skillet by melting some butter on it and cooking the bread over medium-low heat until it is lightly browned on both sides. 5. Once the bread is toasted spread one side of each slice with mayonnaise. Place the lettuce on top of one slice of bread. 6. When the eggs are cooked use a spatula to carefully transfer them on top of the lettuce. Season with salt and pepper to taste. 7. Add any other toppings or condiments you want to include such as cheese sliced tomato or bacon. 8. Top with the other slice of bread mayonnaise side down. Cut the sandwich in half if desired and serve immediately. Enjoy your delicious egg sandwich!","Sure! Here's a step-by-step instruction to make an egg sandwich: --- **Step 1: Gather your ingredients** - 1 slice of bread (white whole wheat or your preferred type) - 1-2 eggs - Optional: butter oil or cooking spray - Optional: salt and pepper - Optional: cheese avocado or other toppings --- **Step 2: Prepare the bread** - Place one slice of bread on a plate. - If you're using both slices you can toast them now or wait until after cooking the egg. --- **Step 3: Cook the egg** - Heat a non-stick pan over medium heat and add a small amount of butter or oil. - Crack the egg into the pan and cook to your desired style: - **Fried egg**: Let it cook until the whites are set and the yolk is runny or solid. - **Scrambled egg**: Whisk the egg and cook until curds form. - **Poached egg**: Bring a pot of water to a gentle simmer crack the egg into a small bowl then gently slide it into the water and cook","","32","256","288","11.643","85.887","4.436","225.410","22.37851","455.16914","477.54765","2026-07-08T23:10:49.072794","2026-07-08T23:10:51.821172","2026-07-08T23:11:49.526113","2026-07-08T23:11:49.526613"
"95","1","95","Predict how technology will change in the next 5 years.","","In the next five years technology is expected to advance significantly driven by trends such as artificial intelligence (AI) virtual and augmented reality the Internet of Things (IoT) 5G connectivity and automation. Here are some ways technology may change in the coming years: 1. Greater adoption of AI and Machine Learning: The use of AI and machine learning will continue to grow with more businesses and organizations incorporating these technologies into their operations. This will lead to more automation of tasks improved accuracy and efficiency in data analysis and the development of smarter and more intuitive software. 2. Widespread implementation of 5G: The rollout of 5G networks will revolutionize the way we connect and communicate bringing faster internet speeds stronger connections and reduced response times. This will enable advancements in fields such as telemedicine remote work and gaming. 3. Advancements in VR and AR: Virtual and augmented reality technologies will continue to develop with more immersive and interactive experiences becoming available. This will not only impact the entertainment industry but will also have implications for education training and simulation. 4. Expansion of IoT: The Internet of Things (IoT) will continue to expand with more devices and appliances being connected and sharing data. This will result in more efficient and personalized interactions with technology from smart homes to connected cars. 5. Continued growth of remote work: Advances in technology and the normalization of remote work during the pandemic will lead to continued growth in remote work. Tools for collaboration communication and productivity will continue to improve making it easier for teams to work together despite geographic distances. Overall technology in the next five years is expected to continue driving innovation and change in virtually every industry allowing for greater connectivity automation and efficiency.","In the next five years technology is expected to continue evolving at a rapid pace driven by advancements in artificial intelligence quantum computing biotechnology and the continued expansion of the internet. Here's a prediction of how technology might change in the next five years: ### 1. **Artificial Intelligence (AI) and Machine Learning** - **Widespread AI Integration**: AI will be embedded in more aspects of daily life from healthcare to education transportation and entertainment. - **AI as a Service**: More businesses will use AI as a service rather than building their own systems making AI more accessible and affordable. - **AI in Decision-Making**: AI will assist in making complex decisions in fields like finance law and medicine with increased transparency and ethical considerations. ### 2. **Quantum Computing** - **Breakthroughs in Quantum Algorithms**: We may see more practical applications of quantum computing such as solving complex optimization problems and accelerating drug discovery. - **Quantum Cloud Services**: Cloud providers like IBM and Google may offer quantum computing as a service making it more accessible to researchers and businesses. ### 3. **Biotechnology and Genetic Engineering** - **Personalized Medicine**: Advances in genomics and CRIS","","24","256","280","11.499","86.967","4.442","225.143","16.83148","454.76725","471.59873","2026-07-08T23:11:49.529302","2026-07-08T23:11:51.616511","2026-07-08T23:12:49.253126","2026-07-08T23:12:49.253540"
"96","1","96","Find the minimum value of 132 - 5*3","","The minimum value of `132 - 5 * 3` can be found by following the order of operations. First you would solve the multiplication inside the expression which is: 5 * 3 = 15. Then you can substitute this value into the expression making it `132 - 15`. Now we will perform the subtraction: 132 - 15 = 117 So the minimum value of `132 - 5 * 3` is 117.","We are asked to find the **minimum value** of the expression: $$ 132 - 5 \times 3 $$ Let's evaluate the expression step by step. ### Step 1: Perform the multiplication $$ 5 \times 3 = 15 $$ ### Step 2: Subtract from 132 $$ 132 - 15 = 117 $$ So the **value** of the expression is **117**. Since the expression is fixed and doesn't involve any variables or parameters that can be changed the **minimum value** is: $$ \boxed{117} $$","","26","145","171","11.364","87.999","4.461","224.189","18.21307","256.80773","275.02079","2026-07-08T23:12:49.256290","2026-07-08T23:12:51.544263","2026-07-08T23:13:24.051608","2026-07-08T23:13:24.052074"
"97","1","97","Provide a step-by-step explanation of how a physical computer is powered up.","","1. **Connect the power cable:** Start by confirming that the computer is correctly plugged into an electrical outlet surge protector or power strip (which should be turned on). Typically a computer uses a 3-pronged power cord with one end connecting to the power supply unit (PSU) at the back of the computer case and the other end is plugged into a wall socket. 2. **Turn on the power supply:** With the power cable connected locate the power supply unit (PSU) switch usually located at the back of the computer case near the power cord - this switches the PSU on or off - and move it to the 1 or ON position. 3. **Press the power button:** Find the power button on the front of the computer case and press it. This will send a signal to the power supply to start sending power throughout the system. 4. **The Boot Process:** Once the power button is pressed the power supply sends an electrical current to the motherboard and other components. The motherboard's BIOS (Basic Input/Output System) is activated and conducts a Power-On-Self-Test (POST) to ensure all hardware is functioning correctly. If the POST is successful it will then start the boot loader program which is responsible for loading the operating system. 5. **Loading the Operating System:** Once the boot loader is activated it will load the operating system (e.g. Windows macOS) from the hard drive or SSD into the computer's memory (RAM). The operating system then initializes the system and loads drivers and services responsible for controlling the computer's hardware and software. 6. **Ready to Use:** After the operating system has loaded the computer will display the login screen and the user can log in to the system. At this point the computer is powered up and the user can begin using it to perform tasks run applications and access the internet. Note: These steps assume that the computer is functioning correctly and has no issues with its hardware or software. If problems are encountered during the power-up process a user may need to troubleshoot the issue or seek the assistance of a professional technician.","Sure! Here's a **step-by-step explanation** of how a **physical computer is powered up** including the components involved and the sequence of events: --- ### **Step 1: Connect the Power Supply** - **Plug in the power cable** from the **power supply unit (PSU)** to a **wall outlet**. - Ensure that the **power cable is securely connected** to both the PSU and the wall socket. --- ### **Step 2: Connect the Power Supply to the Motherboard** - The **PSU** has a **24-pin ATX power connector** that connects to the **motherboard**. - Connect this cable to the **24-pin motherboard power connector** (usually labeled **ATX** or **24-pin**). - Some motherboards also require a **CPU power connector** (usually an 8-pin or 4-pin **CPU_PWR** connector) which must be connected to the **CPU socket** on the motherboard. --- ### **Step 3: Connect Other Components** - **Graphics card (if applicable)**: Connect the **PCIe power cable** from the PSU to the **PCIe power connector** on the graphics card. - **Hard drives and SSDs**:","","27","256","283","11.646","85.869","4.439","225.282","19.13126","454.59547","473.72672","2026-07-08T23:13:24.054642","2026-07-08T23:13:26.373105","2026-07-08T23:14:24.045226","2026-07-08T23:14:24.045612"
"98","1","98","Come up with some creative ways to recycle cardboard.","","1. Create fun and functional storage containers: Cut and shape cardboard boxes into custom organizers for your drawers cabinets and desk. 2. Design a DIY pet toy or scratching post: Cats and rabbits both love to play and scratch on cardboard. Create a fun and sustainable toy for your furry friend by gluing together pieces of cardboard for them to chew or scratch on. 3. Make picture frames: Cut out and decorate cardboard frames for your favorite photos or artwork. You can even use different colors and patterns to create a gallery wall. 4. Build a fort: Let your imagination run wild and build a fort or playhouse for your kiddos using various sizes and shapes of cardboard boxes. 5. Craft homemade cards or stationery: Cut and fold your cardboard into unique cards or note paper and decorate with markers paint or collages. 6. Compost it: Cardboard can be an effective brown material in compost piles. Simply shred or tear up the cardboard and add it to the mix. 7. Use as mulch: In a similar vein cardboard can be used as a weed barrier and mulch in garden beds. Lay down a layer of cardboard over weedy areas and then cover with dirt mulch or compost. 8. DIY plant pots: Use cardboard to create biodegradable pots for starting seedlings. Once the seedlings are ready to be transplanted simply place the entire pot into the ground.","Sure! Here are some **creative and practical ways to recycle cardboard** that go beyond the usual paper towel or packaging use: --- ### 🧸 **1. DIY Cardboard Projects** - **Cardboard Furniture**: Build shelves storage boxes or even a small bookshelf. - **Cardboard Art**: Create sculptures collages or murals using cardboard as the base material. - **Cardboard Toys**: Make stuffed animals dollhouses or puzzle pieces for kids. --- ### 📦 **2. Upcycling into New Products** - **Cardboard Planters**: Cut out sections for pots drill drainage holes and plant herbs or flowers. - **Cardboard Baskets**: Use as storage for office supplies toys or kitchen items. - **Cardboard Coasters**: Cut into shapes and paint for a fun eco-friendly decor item. --- ### 🧱 **3. Building and Construction** - **Cardboard Houses**: Use for outdoor events children's play areas or as part of a garden. - **Cardboard Panels**: Use as lightweight building materials for temporary structures. - **Cardboard Walls**: Create textured walls in your home using cardboard layers and paint. --- ### 🎨 **4","","22","252","274","11.902","84.019","4.370","228.827","14.94351","454.36572","469.30923","2026-07-08T23:14:24.048328","2026-07-08T23:14:25.896745","2026-07-08T23:15:23.561046","2026-07-08T23:15:23.561453"
"99","1","99","Construct a regular expression that matches all 5-digit numbers that start with 4.","","The regular expression that matches all 5-digit numbers that start with 4 would be `4\d{4}`. The `4` at the start of the expression indicates that the number must start with 4. The `\d` represents any digit and the `{4}` indicates that there should be four digits following the leading 4. The entire expression therefore means that the number should start with 4 and be followed by four digits resulting in a 5-digit number that starts with 4.","To construct a regular expression that matches **all 5-digit numbers that start with 4** follow these rules: - A **5-digit number** must be between **10000** and **99999**. - It must **start with the digit 4** so the first digit is **4**. - The remaining **4 digits** can be **any digit from 0 to 9**. ### Regular Expression: ``` ^4\d{4}$ ``` ### Explanation: - `^` — Asserts the start of the string. - `4` — Matches the digit **4** as the first character. - `\d{4}` — Matches exactly **4 digits** (0–9). - `$` — Asserts the end of the string. ### Example Matches: - 40000 - 41234 - 49999 ### Example Non-Matches: - 04123 (not 5 digits) - 4123 (only 4 digits) - 54123 (starts with 5) This regex ensures that the input is **exactly 5 digits long","","29","256","285","11.534","86.697","4.437","225.360","20.91214","454.66129","475.57343","2026-07-08T23:15:23.564034","2026-07-08T23:15:26.078251","2026-07-08T23:16:23.770459","2026-07-08T23:16:23.770849"
