"row_number","attempt","question_number","instruction","input_text","reference_output","server_response","status","eval_tokens","prediction_tokens","total_tokens","eval_tokens_per_sec","eval_ms_per_token","prediction_tokens_per_sec","prediction_ms_per_token","eval_energy_j","prediction_energy_j","accumulated_energy_j","sent_at","eval_done_at","prediction_done_at","received_at"
"0","1","0","How can you use technology to improve your customer service?","","There are several ways technology can be used to improve customer service including the following: 1. Implementing Chatbots: Chatbots can help provide a faster more personalized service to your customers. Equipped with artificial intelligence and natural language processing algorithms chatbots can quickly respond to customer queries saving customers time and providing them with immediate assistance. 2. Using Social Media: Using social media platforms to interact with customers is an excellent way to improve customer service. By maintaining an active presence on social media companies can respond to messages and comments promptly providing customers with an additional convenient way to reach out for support. 3. Creating a customer-centered website: The company's website should be designed to provide customers with all the relevant information they need about products and services. Features like FAQs and tutorial videos can simplify the user experience and provide better customer service. 4. Collect feedback: Collecting and analyzing feedback can be a powerful tool for improving customer service. By using surveys feedback forms and other tools to gather customer feedback companies can identify areas in which their service needs improvement and take action to address customer concerns. 5. Personalization: By leveraging customer data companies can provide a personalized experience to their customers. An AI-powered customer relationship management tool can track customer interactions and provide product/service recommendations based on their past experiences. In summary technology can be used in various ways to improve customer service. By implementing chatbots using social media developing a customer-centered website collecting feedback and personalizing the experience companies can provide better more efficient service to their customers.","You can use technology to improve customer service in several effective ways: 1. **Chatbots and AI Assistants**: Implement 24/7 chatbots to handle common inquiries provide instant responses and route complex issues to human agents—reducing wait times and increasing availability. 2. **Customer Relationship Management (CRM) Systems**: Use CRM software (like Salesforce or HubSpot) to track customer interactions preferences and history enabling personalized and proactive service. 3. **Omnichannel Support Platforms**: Integrate communication channels (email phone social media live chat) into a single system so customers can switch platforms seamlessly and agents have a complete view of the conversation. 4. **Self-Service Portals**: Create knowledge bases FAQs and interactive guides that empower customers to resolve issues independently reducing service volume and improving satisfaction. 5. **Automated Feedback Collection**: Send automated surveys after interactions to gather real-time feedback helping identify service gaps and track customer satisfaction (CSAT) over time. 6. **Voice and Sentiment Analysis**: Use AI to analyze customer calls or messages for tone and sentiment alerting agents to frustrated customers and enabling timely intervention. 7. **Live Chat with AI Assistance**: Equip live chat agents with real-time","","23","256","279","18.622","53.701","12.358","80.921","8.43446","145.01998","153.45444","2026-07-10T15:20:44.428168","2026-07-10T15:20:45.663291","2026-07-10T15:21:06.379166","2026-07-10T15:21:06.380303"
"1","1","1","Sort the numbers 15 11 9 22.","","The sorted numbers in ascending order are: 9 11 15 22.","Let's sort the numbers: 15 11 9 22. Step 1: Identify the smallest number. - 9 is smaller than 11 15 and 22. Step 2: Next smallest is 11 (since 11 < 15 < 22). Step 3: Then 15 (since 15 < 22). Step 4: Largest is 22. So the sorted order is: 9 11 15 22. Final answer: **9 11 15 22**","","30","138","168","20.725","48.252","12.139","82.381","10.65560","79.29324","89.94885","2026-07-10T15:21:06.383281","2026-07-10T15:21:07.830835","2026-07-10T15:21:19.199464","2026-07-10T15:21:19.199982"
"2","1","2","Create a list of 8 questions to ask prospective online tutors.","","1. What is your experience and educational background in the subject(s) you tutor? 2. How do you assess and track the progress of your students? 3. How do you engage and motivate students during online sessions? 4. Can you provide references from past or current students or their parents? 5. What is your tutoring approach or teaching method? 6. How do you accommodate different learning styles and needs? 7. What scheduling options do you offer for online sessions and what is your policy for cancellations or rescheduling? 8. How do you use technology to enhance and facilitate the learning experience during online sessions?","1. What qualifications and certifications do you have in the subject you're tutoring? 2. How many years of tutoring experience do you have and what age groups or levels have you worked with? 3. What teaching methods or tools do you typically use to engage online students? 4. How do you assess a student’s progress and adapt your lessons accordingly? 5. What is your availability for sessions and how flexible are you with scheduling? 6. Can you provide examples or testimonials from previous students or parents? 7. How do you handle students who are struggling or losing motivation? 8. What technology or platforms do you use for online tutoring and are you comfortable with screen sharing and virtual whiteboards?","","25","148","173","17.177","58.216","12.382","80.761","9.86369","83.62429","93.48799","2026-07-10T15:21:19.202763","2026-07-10T15:21:20.658163","2026-07-10T15:21:32.610822","2026-07-10T15:21:32.611320"
"3","1","3","Rewrite the given poem so that it rhymes","This world was far from perfect As the shadows have shown. The wickedness won’t relent As the risks have grown.","This world was far from ideal As the darkness did reveal. Wickedness refused to yield As dangers in the shadows peeled.","This world was far from perfect With darkness deep and wide The wicked rise they won’t relent As danger fills the tide.","","49","31","80","20.740","48.216","12.445","80.354","17.52229","18.04974","35.57202","2026-07-10T15:21:32.614442","2026-07-10T15:21:34.977042","2026-07-10T15:21:37.468013","2026-07-10T15:21:37.468308"
"4","1","4","Provide a realistic context for the following sentence.","She was frustrated and angry.","She was frustrated and angry after spending over an hour on hold with customer service only to be transferred multiple times without getting any resolution to her issue.","She had been working late into the night to meet a critical deadline for her team's client presentation only to discover that her colleague had accidentally deleted the entire project folder just before she saved her final version. With no backup available and the presentation scheduled to start in two hours she slammed her laptop shut her face flushed with anger and helplessness. The weight of missed expectations and the pressure of a looming failure overwhelmed her—she wasn't just frustrated she was furious at the careless mistake that threatened her professional reputation and the team’s success.","","27","109","136","20.401","49.018","12.401","80.642","10.22185","63.68011","73.90196","2026-07-10T15:21:37.471055","2026-07-10T15:21:38.794545","2026-07-10T15:21:47.584500","2026-07-10T15:21:47.584948"
"5","1","5","Change the text so that it follows the humorous tone. John and Amy bought a new car.","","Well well well look at John and Amy rolling in dough and cruising through the town in their brand spanking new car! Next thing you know they'll be waving at the peasants from their shiny chariot.","John and Amy bought a new car. They’re not sure if it’s a car or a magic portal to a better life—so far it only plays “Don’t Stop Believin’” on repeat and has a suspiciously accurate GPS that says “You’re 50 miles from your destination… and your therapist’s office.”","","31","69","100","18.768","53.281","12.469","80.199","11.82547","39.67837","51.50384","2026-07-10T15:21:47.587673","2026-07-10T15:21:49.239389","2026-07-10T15:21:54.773087","2026-07-10T15:21:54.773530"
"6","1","6","List ten scientific names of animals.","","1. Panthera pardus - Leopard 2. Loxodonta africana - African Elephant 3. Gorilla gorilla - Western Gorilla 4. Balaenoptera musculus - Blue Whale 5. Canis lupus - Grey Wolf 6. Felis catus - Domestic cat 7. Dermochelys coriacea - Leatherback Sea Turtle 8. Struthio camelus - Ostrich 9. Ursus maritimus - Polar Bear 10. Oryctolagus cuniculus - European Rabbit.","1. Panthera leo 2. Ursus arctos 3. Canis lupus 4. Homo sapiens 5. Equus ferus caballus 6. Felis catus 7. Gallus gallus domesticus 8. Corvus corax 9. Lepus europaeus 10. Crocodylus niloticus","","19","81","100","19.370","51.627","12.426","80.474","7.01615","46.99674","54.01289","2026-07-10T15:21:54.776194","2026-07-10T15:21:55.757108","2026-07-10T15:22:02.275541","2026-07-10T15:22:02.275949"
"7","1","7","Given a list of items indicate which items are difficult to recycle.","Cans Plastic bags Glass bottles","Plastic bags are difficult to recycle.","Items that are difficult to recycle: - Plastic bags Explanation: While cans and glass bottles are widely recyclable in most recycling programs plastic bags are often difficult to recycle due to their tendency to tangle in recycling machinery. Many recycling facilities do not accept plastic bags and they can contaminate other recyclables. Special collection programs are usually required for recycling plastic bags.","","34","75","109","19.946","50.135","12.450","80.324","13.45572","43.48939","56.94511","2026-07-10T15:22:02.278819","2026-07-10T15:22:03.983422","2026-07-10T15:22:10.007708","2026-07-10T15:22:10.008119"
"8","1","8","Identify a stylistic device used by the author in the following sentence.","The cold breeze chills my bones.","The author has used personification in the sentence The cold breeze chills my bones. Personification is a figure of speech in which a non-human subject is given human characteristics. In this case the non-human subject is the cold breeze which is given the human characteristic of being able to chill someone's bones.","The stylistic device used in the sentence The cold breeze chills my bones is **personification**. Explanation: While the breeze is a natural element the phrase chills my bones gives it a human-like ability to affect the body deeply suggesting a deliberate or emotional action. However a more accurate device here is **imagery**—specifically **tactile imagery** as it evokes a physical sensation of cold. But if we're focusing on the action of the breeze chilling bones which is not literally capable of such an action it leans toward **personification**—attributing human qualities (the ability to chill) to a non-human entity (the breeze). So the best answer is: **personification**.","","35","158","193","20.274","49.325","12.385","80.745","13.09147","92.30217","105.39364","2026-07-10T15:22:10.010801","2026-07-10T15:22:11.737185","2026-07-10T15:22:24.494865","2026-07-10T15:22:24.495318"
"9","1","9","Determine the product of 3x + 5y","x = 2 y = 3","To determine the product of 3x + 5y when x = 2 and y = 3 we need to substitute the values of x and y into the expression 3x + 5y. Plugging in the value of x = 2 and y = 3 we have: 3x + 5y = 3(2) + 5(3) = 6 + 15 = 21 Therefore the product of 3x + 5y when x = 2 and y = 3 is 21.","We are given the expression: $$ 3x + 5y $$ and the values: $$ x = 2 \quad y = 3 $$ Substitute the values into the expression: $$ 3(2) + 5(3) = 6 + 15 = 21 $$ So the **value** of the expression is **21**. But the question says: * Determine the product of 3x + 5y * Wait — product implies multiplication but $3x + 5y$ is a **sum** not a product. So if the question is asking for the **product** of $3x + 5y$ that would be ambiguous unless we interpret it as: > What is the **value** of the expression $3x + 5y$ when $x = 2$ $y = 3$? Since it says product but the expression is a sum this may be a wording error. Assuming the intended question is: ** Evaluate $3x + 5y$ when $x = 2$ $y = 3$ ** then: $$ 3(","","34","256","290","17.977","55.626","12.361","80.900","13.25412","150.82920","164.08332","2026-07-10T15:22:24.497942","2026-07-10T15:22:26.389226","2026-07-10T15:22:47.099566","2026-07-10T15:22:47.100042"
"10","1","10","Generate a title for the article given the following text.","Scientists have found a new species of plant living in the high mountains of South America.","- Discovery of new plant species on South America's high mountains announced by scientists","New Plant Species Discovered in South American High Mountains","","40","10","50","20.515","48.745","12.486","80.090","14.96607","5.79891","20.76498","2026-07-10T15:22:47.102846","2026-07-10T15:22:49.052631","2026-07-10T15:22:49.853531","2026-07-10T15:22:49.853835"
"11","1","11","Create a small animation to represent a task.","Ticket Booking","I'm an AI language model so I do not have the ability to create animations. However I can describe an animation that could represent a ticket booking task: 1. The animated scene opens up on a calendar marked with a particular date. 2. An icon of a train moves across the screen and stops at the marked date. 3. The users hand moves about the screen selecting various options such as the place of departure destination and the class of seat. 4. The user taps on the icon of a train. 5. A series of train seats appear on the screen the user again moves about the screen selecting a seat. 6. A ticket stamped with the date seat number departure and destination details appear on the screen and the animation ends.","Here's a simple **CSS/HTML animation** that represents a **ticket booking process** — smooth minimal and intuitive. It's perfect for a website or app UI to visually convey that a ticket is being booked. --- ### ✅ **Animation Concept:** - A **ticket** (rectangle) slides in from the right. - A ** Booking... ** message appears above it. - The ticket **fades in** and **bounces slightly** to show success. - A **green checkmark** appears briefly to confirm booking. --- ### 📄 **HTML + CSS Code (Copy & Paste into an HTML file):** ```html <!DOCTYPE html> <html lang= en > <head> <meta charset= UTF-8 /> <meta name= viewport content= width=device-width initial-scale=1.0 /> <title>Ticket Booking Animation</title> <style> body { display: flex justify-content: center align-items: center height: 100vh background-color: #f0f2f5 font-family: 'Segoe UI' sans-serif overflow: hidden } .container { position: relative","","23","251","274","19.905","50.239","12.127","82.464","8.64640","151.07308","159.71949","2026-07-10T15:22:49.856296","2026-07-10T15:22:51.011786","2026-07-10T15:23:11.710234","2026-07-10T15:23:11.710734"
"12","1","12","Generate a deeper understanding of the idiom bringing home the bacon .","","The idiom bringing home the bacon is a colloquial expression which has its origins in the early 20th century. This phrase alludes to the idea of providing for one’s family or household by earning a steady income usually in the form of wages or salary in order to put food on the table or to fulfill the financial needs of the family. Often the expression is used to describe someone who is the primary breadwinner of the family the one who brings in the most financial resources thereby bringing home the bacon . The idiom has its origins in the rural setting where pig farming was a prominent source of livelihood. Bacon was and still is considered a staple food in many households and bringing a steady supply of it meant that the family was sufficiently provided for. In contemporary usage however the phrase has lost its direct reference to meat and has come to symbolize the act of providing for one's family through their earnings. In summary “bringing home the bacon” means to earn a living for one’s family while providing them with the necessities and comforts of life.","The idiom * bringing home the bacon * is a vivid expression rooted in American English carrying both literal and metaphorical weight. At its core it means **earning money to support one’s family or household** particularly through work or employment. But to fully grasp its depth one must explore its historical origins cultural evolution and nuanced implications. ### Historical Roots The phrase emerged in the late 19th and early 20th centuries during a time when food security was a tangible concern for many families. Bacon was a prized high-protein food—symbolic of sustenance nourishment and prosperity. To bring home the bacon was not merely a matter of convenience it was a **literal act of provision**. A man who returned from work with a side of bacon was fulfilling his role as provider—a central theme in patriarchal family structures of the era. ### Evolution and Cultural Significance As society shifted toward industrialization and gender roles evolved the phrase retained its symbolic power. It came to represent **economic responsibility self-reliance and achievement**. Over time it expanded beyond gendered expectations—women too could bring home the bacon as they entered the workforce in greater numbers. The id","","26","256","282","20.166","49.589","12.378","80.789","9.47008","151.11828","160.58836","2026-07-10T15:23:11.713494","2026-07-10T15:23:13.002804","2026-07-10T15:23:33.684770","2026-07-10T15:23:33.685188"
"13","1","13","Identify and correct the subject verb agreement error in the sentence.","The box of tools are in the garage.","The sentence should be corrected to: The box of tools is in the garage.","The subject-verb agreement error in the sentence is: ** The box of tools are in the garage. ** **Correction:** The box of tools **is** in the garage. **Explanation:** The subject is The box which is singular even though it contains multiple tools. Therefore the verb should agree with the singular subject box not the plural noun tools. The correct verb is **is** not **are**.","","34","92","126","20.168","49.583","12.436","80.411","12.83602","53.77457","66.61059","2026-07-10T15:23:33.688056","2026-07-10T15:23:35.373886","2026-07-10T15:23:42.771710","2026-07-10T15:23:42.772133"
"14","1","14","Write a design document to describe a mobile game idea.","Game Idea: A battle royale game with a superhero and villain theme.","__Overview__ The game will be a multiplayer battle royale game where players can choose to play as superheroes or villains. The game will be set in an urban landscape and during the battle the players will need to fight to be the last one standing. __Gameplay__ The game begins with the players selecting their characters. There will be a selection of superheroes and villains to choose from each with its own unique abilities and powers. Once the players have chosen their characters they will be transported to an urban landscape that will serve as the battlefield. The objective of the game is to eliminate all other players and be the last one standing. The players' powers and abilities can be used to attack defend or move around the battlefield. The urban landscape will have plenty of hiding spots vantage points and areas with power-ups that will aid the players in the battle. As the battle progresses the playable area will shrink forcing players to move to a smaller area and increase the likelihood of encountering other players. The game will end when only one player is left standing. __Monetisation__ The game will be a free-to-play title with in-app purchases. These purchases can be used to buy new characters skins or power-ups. The game will also feature advertisements between rounds. __Target Audience__ The target audience for this game is teenagers and young adults who are fans of superhero and/or villain lore. The game will appeal to those who enjoy action-packed games with a competitive edge. __Design__ The game will feature colorful 3D graphics and will have a lively and action-packed soundtrack that will match the fast-paced gameplay. The controls will be intuitive with players able to move attack and activate their abilities through simple gestures. __Conclusion__ In conclusion this battle royale game with a superhero and villain theme promises to be an action-packed adrenaline-pumping experience for players. With a wide selection of characters to choose from and a dynamic urban battlefield the game will keep players engaged and entertained for hours on end.","**Design Document: Hero vs. Villain: Last Stand ** --- **1. Game Title** *Hero vs. Villain: Last Stand* **2. Genre** Mobile Battle Royale (30-player solo and duo modes) Superhero/Villain Themed Action Shooter **3. Target Platforms** iOS (iPhone and iPad) and Android (high-end devices) **4. Core Concept** A fast-paced skill-based battle royale where players choose to play as either a Superhero or a Villain. The map is a fractured cityscape filled with dynamic environments hidden loot and shifting hazards. The objective is to be the last player standing—survival through strategy powers and combat. Unique abilities thematic progression and team-based dynamics create deep player engagement. --- **5. Gameplay Overview** - **Match Format**: - 30 players (15 Heroes 15 Villains) spawn into a shared map. - Players choose their faction at the start of each match (in-game unlockable and customizable). - Matches last 10–15 minutes the play zone shrinks over time forcing confrontations. - **Core Mechanics**:","","38","256","294","20.258","49.362","12.372","80.827","14.05300","151.42712","165.48012","2026-07-10T15:23:42.774872","2026-07-10T15:23:44.650645","2026-07-10T15:24:05.342361","2026-07-10T15:24:05.342835"
"15","1","15","Infer the meaning of the phrase “you’re going over the top with that.”","","The phrase “you’re going over the top with that” typically means that someone is behaving in an excessive or exaggerated manner. They may be putting too much effort or emotion into something or taking an approach that is considered extreme. The phrase can also imply that the actions being taken are unnecessary or unwarranted.","The phrase “you’re going over the top with that” means that someone is being excessive exaggerated or overly dramatic in their behavior words or actions. It suggests that the person’s response or expression goes beyond what is reasonable or appropriate for the situation. For example if someone is reacting with intense anger to a minor inconvenience another person might say “You’re going over the top with that ” to point out the overreaction.","","29","91","120","20.666","48.389","12.446","80.349","10.23488","53.71565","63.95053","2026-07-10T15:24:05.345715","2026-07-10T15:24:06.749002","2026-07-10T15:24:14.060760","2026-07-10T15:24:14.061209"
"16","1","16","Name two players from the Chiefs team?","","Two players from the Kansas City Chiefs team are Patrick Mahomes and Tyreek Hill.","Patrick Mahomes and Travis Kelce.","","20","8","28","19.512","51.251","12.479","80.132","7.67823","4.34116","12.01938","2026-07-10T15:24:14.063685","2026-07-10T15:24:15.088707","2026-07-10T15:24:15.729767","2026-07-10T15:24:15.730026"
"17","1","17","Identify the chemical reaction type for the following equation.","Al + O2 → Al2O3","The chemical reaction type for the given equation Al + O2 → Al2O3 is a synthesis reaction or a direct combination reaction. In this reaction two or more substances Aluminum and Oxygen react to form a single product Aluminum oxide.","The given chemical equation is: **Al + O₂ → Al₂O₃** This is a **combination reaction** (also known as a **synthesis reaction**). ### Explanation: - Two or more substances combine to form a single product. - In this case aluminum (Al) reacts with oxygen gas (O₂) to form aluminum oxide (Al₂O₃). - The reaction is also an **oxidation reaction** (aluminum is oxidized) and more specifically a **redox reaction**. However the primary **reaction type** based on the pattern is: > ✅ **Combination (Synthesis) Reaction** ✅ Final Answer: **Combination reaction**","","32","141","173","20.671","48.377","12.244","81.675","11.87718","83.67495","95.55213","2026-07-10T15:24:15.732398","2026-07-10T15:24:17.280453","2026-07-10T15:24:28.796568","2026-07-10T15:24:28.796994"
"18","1","18","Generate a phrase using these words","love summer","Summer is the season of love and sunshine.","Love in summer no think — just feel.","","22","10","32","17.355","57.621","12.509","79.944","8.94352","5.60386","14.54737","2026-07-10T15:24:28.799540","2026-07-10T15:24:30.067213","2026-07-10T15:24:30.866651","2026-07-10T15:24:30.866946"
"19","1","19","Split the following sentence into two separate sentences.","He said hello and waved goodbye.","He said hello. He waved goodbye.","He said hello. He waved goodbye.","","28","8","36","18.487","54.093","12.485","80.093","11.24861","4.34339","15.59200","2026-07-10T15:24:30.869383","2026-07-10T15:24:32.383977","2026-07-10T15:24:33.024722","2026-07-10T15:24:33.024999"
"20","1","20","Generate a list of 10 items one would need to prepare a simple sandwich","","Here is a list of 10 items one would need to prepare a simple sandwich: 1. Sliced bread - Both white and whole wheat are fantastic options for a sandwich. 2. Spread - There are many sandwich spreads to choose from including mayonnaise mustard or butter. 3. Protein filling - Choose what you like best or whatever you have on hand like chicken ham turkey or tuna. 4. Lettuce - Fresh leaves of lettuce add a crunch to your sandwich and are a great source of fiber. 5. Tomato - Slice it and layer it in they add flavor and moisture to the sandwich. 6. Cheese - Slices of cheese like swiss cheddar or mozzarella add an extra level of taste and richness. 7. Onion - Thinly sliced red onion adds a sweet and slightly spicy flavor to the mix. 8. Cucumber - Thinly sliced cucumber is crisp refreshing and low in calories. 9. Salt and pepper - A little seasoning brings out the flavor of all the other ingredients. 10. A knife - You will need a knife to spread condiments slice vegetables and cut your sandwich in half if preferred.","Sure! Here’s a no-think list of 10 basic items needed to prepare a simple sandwich: 1. Bread (any type – white wheat sliced) 2. Butter or margarine 3. Peanut butter or jam (your choice) 4. Knife (for spreading) 5. Plate (to assemble on) 6. Paper towel or napkin (optional for cleanup) 7. Butter knife or spreading utensil 8. Sandwich bag or wrap (if packing to go) 9. Clean counter or surface (for prep) 10. Your hands (to hold and eat it!) Simple fast and ready to go—no thinking required. 🥪","","28","146","174","18.493","54.074","12.331","81.095","11.10050","86.24273","97.34323","2026-07-10T15:24:33.027260","2026-07-10T15:24:34.541329","2026-07-10T15:24:46.381265","2026-07-10T15:24:46.381679"
"21","1","21","Create a list of website ideas that can help busy people.","","1. Virtual Assistant Services: A website that provides virtual assistance services to busy individuals to assist them with their daily tasks and commitments. 2. Online Grocery Delivery: A website that specializes in delivering groceries right to the doorstep saving busy people the time and effort of going to the grocery store. 3. Appointment Scheduling: A website that provides an easy and efficient way to schedule appointments book reservations and manage a busy calendar. 4. On-Demand Cleaning Services: A website that offers on-demand cleaning services making it easier for busy individuals to keep their homes tidy without sacrificing their time. 5. Personal Concierge: A website that provides personal concierge services for busy people such as booking travel arrangements conducting research or running errands. 6. Virtual Nutritionist: A website that provides personalized nutrition plans and meal recommendations for busy individuals who want to eat healthily but don't have the time to plan their meals. 7.Task Management: A website that helps busy people manage and organize their tasks and responsibilities prioritizing them and ensuring nothing falls through the cracks. 8. Virtual Fitness trainer: A website that provides personalized virtual fitness training for busy people who don't have the time to hit the gym. 9. Virtual Therapy: A website that offers virtual therapy and mental health services providing a convenient and accessible way for busy individuals to prioritize their mental health and well-being. 10. On-demand Child-care Services: A website that provides on-demand childcare services to help busy parents find reliable and trustworthy caregivers for their children when they need an extra hand.","1. **Time-Blocking Scheduler App** – A simple tool that helps users plan their day with pre-set time blocks for work breaks and personal tasks optimized for busy professionals. 2. **One-Click Meal Planner** – A website that generates healthy quick meal plans based on ingredients already in the user’s fridge and preferred cooking time (under 30 minutes). 3. **Automated To-Do List with Priority AI** – A to-do app that learns user habits and auto-prioritizes tasks based on deadlines energy levels and past behavior. 4. **Commute Productivity Hub** – A website that offers audio summaries quick reading lists or skill-building micro-lessons tailored to a user’s daily commute. 5. **Digital Declutter Assistant** – A tool that scans your email calendar and apps and suggests which notifications subscriptions or files to unsubscribe from or archive. 6. **Habit Builder with Reminders & Rewards** – A minimalist website that helps users build small daily habits (like drinking water or stretching) with gentle nudges and celebration features. 7. **Quick Decision Maker** – A decision-making tool for everyday choices (e.g. “What should I wear?” or “Where should I eat","","24","256","280","20.103","49.745","12.347","80.989","8.54971","151.01822","159.56793","2026-07-10T15:24:46.384260","2026-07-10T15:24:47.578138","2026-07-10T15:25:08.311209","2026-07-10T15:25:08.311702"
"22","1","22","Write a general overview of quantum computing","","Quantum computing is a relatively new and rapidly evolving field that seeks to harness the principles of quantum mechanics to perform operations on data in ways that classical computers cannot. At its core a quantum computer uses qubits (quantum bits) rather than the traditional bits of classical computing. A qubit is a unit of quantum information that can exist in both a 0 and 1 state simultaneously due to the quantum phenomenon known as superposition. This ability to occupy multiple states at once allows qubits to perform multiple calculations simultaneously potentially allowing quantum computers to solve certain problems much faster than their classical counterparts. For certain tasks such as factoring large numbers quantum computers can offer significant advantages in speed and efficiency. Quantum mechanics also allows for another powerful capability called entanglement which is a kind of correlation between separated particles that allows them to behave as one system even when separated by large distances. This property can be leveraged to create quantum algorithms that are more efficient than classical algorithms for specific types of problems such as optimization or machine learning. The field of quantum computing is still in its early stages and both theoretical and practical challenges remain. However as technology improves quantum computers are expected to have major implications for fields such as cryptography chemistry and artificial intelligence among others.","Quantum computing is a revolutionary computing paradigm that leverages the principles of quantum mechanics to process information in ways fundamentally different from classical computers. While classical computers use bits—units of information that exist as either 0 or 1—quantum computers use quantum bits or qubits. Qubits can exist in a superposition of states meaning they can be both 0 and 1 simultaneously. This allows quantum computers to explore multiple computational paths at once offering exponential speedups for certain problems. Another key principle is entanglement where qubits become correlated in such a way that the state of one instantly influences the state of another regardless of distance. This enables highly coordinated computation across qubits enhancing processing power. Quantum computers also utilize quantum interference to amplify correct computation paths and cancel out incorrect ones increasing the likelihood of obtaining accurate results. Although still in early stages of development quantum computing holds promise for solving complex problems in fields such as cryptography materials science drug discovery optimization and artificial intelligence. However challenges remain including quantum decoherence (loss of quantum state) error correction and scaling up hardware. In summary quantum computing is not meant to replace classical computers but to complement them tackling specific problems that are currently intractable for","","19","256","275","19.424","51.482","12.404","80.619","6.99694","150.55494","157.55187","2026-07-10T15:25:08.314509","2026-07-10T15:25:09.292665","2026-07-10T15:25:29.931215","2026-07-10T15:25:29.931718"
"23","1","23","State the possible outcomes of a six-sided dice roll.","","The possible outcomes of rolling a six-sided dice are: 1 2 3 4 5 and 6. Each number has an equal probability of being rolled which is 1/6.","The possible outcomes of a six-sided dice roll are: 1 2 3 4 5 6.","","23","29","52","19.778","50.562","12.487","80.080","8.59539","16.63930","25.23469","2026-07-10T15:25:29.934483","2026-07-10T15:25:31.097401","2026-07-10T15:25:33.419732","2026-07-10T15:25:33.420143"
"24","1","24","Rearrange the following words to make a meaningful sentence: the / project / was / but / on / successful / challenging.","","The project was challenging but successful.","Let's look at the words: - the - project - was - but - on - successful - challenging - no_think First identify the subject and verb. The project was... — that’s a likely start. Next what was the project? It was successful but challenging. That makes sense as a contrast. So: The project was successful but challenging. Now where does on fit in? The word on might be part of a phrase like on the project — but we already have the project as the subject. Wait — maybe on is meant to be part of on the project — but that would require on to be before the project which would change the subject. Alternatively could on be part of but on — that doesn’t make sense. Wait — perhaps there’s a typo or misplacement. The word no_think is written with an underscore. Maybe it's meant to be no think or nothink ? But that doesn’t help. Alternatively could no_think be a typo for no think — but that still doesn’t help. Wait —","","38","256","294","20.033","49.917","12.363","80.888","14.17724","151.40959","165.58683","2026-07-10T15:25:33.422834","2026-07-10T15:25:35.319665","2026-07-10T15:25:56.026991","2026-07-10T15:25:56.027553"
"25","1","25","Create a quiz that asks about the first Thanksgiving.","","H Welcome to the Thanksgiving Quiz! Are you ready to test your knowledge about the first Thanksgiving? Let's begin! 1) In what year was the first Thanksgiving celebration held? a) 1512 b) 1621 c) 1700 d) 1776 2) The pilgrims celebrated the first Thanksgiving with which Native American tribe? a) Cherokee b) Sioux c) Wampanoag d) Navajo 3) Why did the pilgrims celebrate the first Thanksgiving? a) To celebrate their arrival in America b) To give thanks for a successful harvest c) To mark the end of a war d) To celebrate a wedding 4) What was the main dish served at the first Thanksgiving? a) Turkey b) Beef c) Venison d) Ham 5) How long did the first Thanksgiving celebration last? a) 1 day b) 3 days c) 1 week d) 2 weeks 6) True or False: The first Thanksgiving was actually called Thanksgiving by the pilgrims. 7) Which of these foods were NOT served at the first Thanksgiving? a) Pumpkins b) Potatoes c) Corn d) Cranberries 8) True or False: The first Thanksgiving was a religious event. 9) Who organized the first Thanksgiving feast? a) William Bradford b) John Smith c) Christopher Columbus d) George Washington 10) How many people attended the first Thanksgiving? a) 50 b) 90 c) 120 d) 140 Answers: 1) b) 1621 2) c) Wampanoag 3) b) To give thanks for a successful harvest 4) c) Venison 5) b) 3 days 6) False 7)b) Potatoes 8)False 9) a) William Bradford 10) b) 90 Congratulations for finishing the quiz! How many questions did you answer correctly?","**First Thanksgiving Quiz** 1. In which year did the first Thanksgiving take place? A) 1619 B) 1621 C) 1625 D) 1630 2. Which Native American tribe helped the Pilgrims survive their first winter in Plymouth? A) The Narragansett B) The Wampanoag C) The Iroquois D) The Lenape 3. How many Native Americans attended the first Thanksgiving celebration? A) About 50 B) About 90 C) About 150 D) About 200 4. What was the main reason for the first Thanksgiving celebration? A) To celebrate the Pilgrims’ arrival in America B) To give thanks for a successful harvest C) To honor the signing of a peace treaty D) To celebrate the birth of a Pilgrim child 5. Which Pilgrim leader was instrumental in establishing relations with the Wampanoag? A) William Bradford B) John Winthrop C) Captain John Smith D) Miles Standish 6. What was the original name of the settlement","","22","256","278","19.827","50.435","12.388","80.721","8.65051","150.68343","159.33394","2026-07-10T15:25:56.030151","2026-07-10T15:25:57.139732","2026-07-10T15:26:17.804278","2026-07-10T15:26:17.804740"
"26","1","26","Given a quotation present an argument as to why it is relevant today.","Everybody is a genius. But if you judge a fish by its ability to climb a tree it will live its whole life believing that it is stupid. – Albert Einstein","The quotation by Albert Einstein is as relevant today as it was when he first spoke these words. The quote reminds us of the importance of recognizing the value of diverse talents skills and abilities. In today's society there is a lot of pressure to conform to certain standards and benchmarks of success which often involves excelling in traditional academic subjects and pursuing certain career paths. However Einstein's words remind us that everyone has their own unique strengths and abilities and judging someone by a narrow set of criteria is unfair and can lead to feelings of inadequacy and low self-esteem. This is especially relevant in the context of education where standardized testing and cookie-cutter curriculums often fail to account for the diverse range of abilities and learning styles among students. The quote also speaks to the importance of celebrating diversity and individuality rather than trying to fit everyone into the same mold. By recognizing and nurturing the unique talents and abilities of each person we can create a more inclusive and equitable society where everyone has the opportunity to reach their full potential.","This quotation by Albert Einstein—“Everybody is a genius. But if you judge a fish by its ability to climb a tree it will live its whole life believing that it is stupid”—remains profoundly relevant today especially in the context of education mental health and societal expectations. In modern society we often measure success through narrow standardized criteria—academic achievement test scores career paths or social media influence. These metrics favor certain types of intelligence—logical linguistic or analytical—while undervaluing others such as emotional intelligence creativity adaptability and practical problem-solving. As a result many individuals particularly children and young adults internalize failure when they don’t thrive in these rigid systems. A student who excels in art or interpersonal skills but struggles with math may be labeled “not smart” by an education system that prizes quantitative performance. This misjudgment can lead to diminished self-esteem anxiety and a lifelong belief in personal inadequacy—exactly what Einstein warned against. Moreover in an age of rapid technological change and increasing mental health challenges it’s more important than ever to recognize diverse forms of intelligence. Neurodiverse individuals—those with autism ADHD or other cognitive differences—are frequently misunderstood or marginalized","","62","256","318","21.233","47.096","12.325","81.136","22.90192","151.43229","174.33421","2026-07-10T15:26:17.807884","2026-07-10T15:26:20.727806","2026-07-10T15:26:41.498658","2026-07-10T15:26:41.499167"
"27","1","27","You are given an article about a new scientific discovery. Provide three potential implications of the discovery.","In a groundbreaking discovery researchers have successfully generated electricity from a material that mimics the way plants produce energy through photosynthesis. The material a synthetic polymer can absorb sunlight and produce electrical current with remarkable efficiency. This discovery has the potential to revolutionize the renewable energy landscape.","1. Reduction in the use of fossil fuels: If the synthetic material can be commercialized it could contribute to a shift away from fossil fuels reducing greenhouse gas emissions.\n2. Development of new technology: The discovery could pave the way for the development of new solar energy technologies such as flexible and portable solar panels.\n3. Widespread implementation of renewable energy: Given the potential efficiency of the new material more people and businesses may embrace renewable energy sources helping to combat climate change.","1. **Advancement in Renewable Energy Technology**: The ability to generate electricity using a synthetic material inspired by photosynthesis could lead to more efficient and affordable solar energy systems reducing reliance on traditional fossil fuels and accelerating the transition to sustainable energy sources. 2. **Development of Bio-Inspired Energy Devices**: This discovery may spur the creation of new types of solar cells wearable electronics and portable power sources that mimic natural processes offering enhanced performance and adaptability in diverse environments. 3. **Environmental and Economic Impact**: Widespread adoption of this technology could significantly reduce carbon emissions and lower energy costs while also creating new industries and job opportunities in green technology and advanced materials science.","","87","137","224","20.983","47.658","12.356","80.932","32.35962","81.20276","113.56237","2026-07-10T15:26:41.502591","2026-07-10T15:26:45.648826","2026-07-10T15:26:56.736488","2026-07-10T15:26:56.736931"
"28","1","28","Answer the given open-ended question.","What is the most common emotion people feel when they lose a loved one?","The most common emotion people feel when they lose a loved one is grief. Grief is a natural response to loss and it involves a range of feelings from sadness and disbelief to anger guilt and loneliness. The grieving process is different for everyone and it can take time for people to come to terms with their loss and begin to heal.","The most common emotion people feel when they lose a loved one is grief.","","34","15","49","20.416","48.980","12.475","80.161","12.57226","8.72183","21.29410","2026-07-10T15:26:56.739747","2026-07-10T15:26:58.405071","2026-07-10T15:26:59.607482","2026-07-10T15:26:59.607741"
"29","1","29","Construct a compound word using the following two words:","Computer science","The compound word constructed from the words computer and science is: Computer science","A compound word formed from computer and science is **computerscience**. This is a common compound term used to describe the field that combines computing technology with theoretical and practical aspects of information processing. While it's often written as two words ( computer science ) the joined form **computerscience** is a valid compound word especially in contexts like academic disciplines course titles or technical documentation.","","25","85","110","19.992","50.020","12.434","80.425","9.30512","49.80629","59.11141","2026-07-10T15:26:59.610120","2026-07-10T15:27:00.860623","2026-07-10T15:27:07.696729","2026-07-10T15:27:07.697079"
"30","1","30","Create a poetic metaphor that compares the provided person to an object or concept.","A runner","A runner is like a flame Fueled by the fire in their heart Racing with passion flickering with grace A force that cannot be easily extinguished Motion in its purest form A light that guides the way.","The runner is a breath unspooled— not thought but motion made divine. Each footfall a silent hymn each stride a wordless vow. She is the arrow that forgets the bow the wind that never names its flight. Not mind but muscle memory of sky— a hymn without a singer a road that runs itself. No thought—only the pulse of earth remembering how to hold her.","","29","96","125","20.103","49.743","12.430","80.448","11.05729","56.23254","67.28983","2026-07-10T15:27:07.699557","2026-07-10T15:27:09.142114","2026-07-10T15:27:16.865110","2026-07-10T15:27:16.865489"
"31","1","31","List the advantages of eating a plant-based diet for athletes.","","1. Improved Heart Health: A plant-based diet has been shown to decrease the risk of heart disease and other cardiovascular issues making it an excellent choice for athletes who need to keep their heart in top condition. 2. Enhanced Recovery Time: The anti-inflammatory properties of plant foods can help speed up recovery time post-workout by reducing inflammation and muscle soreness. 3. Increased Energy: Many plant foods contain complex carbohydrates that provide sustained energy making it easier to train harder for longer. 4. Healthy Weight Maintenance: Plant-based diets are usually high in fiber and low in saturated fats which makes it easier to maintain a healthy weight reducing the risk of obesity and related health conditions. 5. Reduced Risk of Chronic Diseases: Plant-based diets have been linked to a lower risk of chronic diseases such as diabetes and certain types of cancer keeping athletes in excellent overall health. 6. Better Digestion: The high fiber content of plant-based diets aids in digestion reducing the risk of gastrointestinal problems that can interfere with athletic performance. 7. Increased Nutrient Intake: Plant foods are rich in essential vitamins and minerals that enhance overall health and improve athletic performance such as iron for oxygen transport and calcium for strong bones. 8. Positive Environmental Impact: Eating a plant-based diet is not just good for athletes' health it also has a positive impact on the environment by reducing the carbon footprint of food production. 9. Cost-Effective: Plant-based diets can be cost-effective making it easier for athletes to eat healthily on a budget. 10. Improved Mental Health: Plant foods have been shown to improve mood and reduce anxiety and depression improving the overall mental wellbeing of athletes.","1. **Improved Recovery Time**: Plant-based diets are rich in antioxidants and anti-inflammatory compounds which help reduce muscle soreness and speed up recovery after intense training. 2. **Enhanced Cardiovascular Health**: High intake of fruits vegetables whole grains and legumes supports healthy blood flow and lowers the risk of heart disease—key for endurance athletes. 3. **Optimal Weight Management**: Plant-based diets are typically lower in saturated fat and higher in fiber aiding in maintaining a lean body composition. 4. **Improved Digestion and Gut Health**: The high fiber content in plant foods promotes healthy digestion and a balanced gut microbiome supporting overall energy levels and immunity. 5. **Increased Energy Availability**: Complex carbohydrates from whole grains fruits and vegetables provide sustained energy for prolonged athletic performance. 6. **Lower Risk of Chronic Disease**: Long-term adherence to plant-based eating is linked to reduced risks of type 2 diabetes hypertension and certain cancers—important for long-term athletic careers. 7. **Better Oxygen Utilization**: Nutrient-dense plant foods improve blood flow and oxygen delivery to muscles enhancing aerobic capacity. 8. **High Nutrient Density**: Plant-based diets offer abundant vitamins (like C E and folate) minerals (such as","","24","256","280","19.974","50.065","12.382","80.762","8.68973","151.12977","159.81949","2026-07-10T15:27:16.868036","2026-07-10T15:27:18.069584","2026-07-10T15:27:38.744577","2026-07-10T15:27:38.745112"
"32","1","32","Generate a conversation about sports between two friends.","","Friend 1: Hey did you watch the game last night? Friend 2: Which one? There were so many on! Friend 1: The football game between the Steelers and the Ravens. Friend 2: Oh yes I did catch that one. It was a great game! Friend 1: Yeah the Steelers really pulled through in the end. Friend 2: I know! I was biting my nails the whole time. Friend 1: Did you see that catch by Brown? Friend 2: Oh yeah! That was insane. Friend 1: It's always great to watch these two teams play against each other. Friend 2: Definitely. They have such a strong rivalry. Friend 1: Speaking of rivalries are you planning on watching the basketball game between the Lakers and the Celtics next week? Friend 2: Yeah I'm really looking forward to that one. It's always a classic matchup. Friend 1: I know right? It's going to be epic. Friend 2: I can't wait. It's going to be a great game. Friend 1: For sure. Sports are always so much more exciting when there's a good rivalry involved. Friend 2: Agreed. It just adds an extra layer of excitement to the game.","Jake: Hey did you see last night’s game? The Lakers pulled off such a comeback! Mia: No way! I missed it—was it that close? Jake: Super close. Down by 12 with five minutes left. But LeBron hit that three-pointer at the 2:30 mark—crazy shot. Mia: Oh my gosh I’ve been meaning to watch the highlights. Did Davis block that final shot? Jake: Yep! Right at the buzzer. I was on my feet screaming. I still can’t believe it. Mia: That’s amazing. I love how they never give up even when it looks bad. Jake: Exactly. That’s what makes basketball special. You’ve got to believe until the final whistle. Mia: True. Speaking of belief—did you hear about the soccer game this weekend? My cousin’s team is playing in the championship. Jake: Wait which team? The one with the red jerseys? Mia: Yeah that’s them! They’ve been undefeated all season. Jake: No way! That’s huge. I’ll be there if I can make it. Your cousin’s a beast on the field. Mia: He’s got some serious skills.","","21","256","277","19.772","50.576","12.392","80.696","8.06317","150.46770","158.53087","2026-07-10T15:27:38.747952","2026-07-10T15:27:39.810046","2026-07-10T15:28:00.468211","2026-07-10T15:28:00.468692"
"33","1","33","Create an algorithm to sort the following numbers from the smallest to the largest","[45 -102 10 3400]","Here is one potential algorithm to sort the provided list of numbers from smallest to largest: 1. Start by defining the input list of numbers: `numbers = [45 -102 10 3400]` 2. Create an empty list to store the sorted numbers: `sorted_numbers = []` 3. Find the smallest number in the input list: `smallest_number = min(numbers)` 4. Add the smallest number to the sorted list: `sorted_numbers.append(smallest_number)` 5. Remove the smallest number from the input list: `numbers.remove(smallest_number)` 6. Repeat steps 3-5 until the input list is empty. 7. The resulting sorted list should be: `sorted_numbers = [-102 10 45 3400]`","Here is a simple algorithm to sort the numbers `[45 -102 10 3400]` from smallest to largest: ### Algorithm: Bubble Sort (Simple and Easy to Understand) 1. **Start with the list**: `numbers = [45 -102 10 3400]` 2. **Repeat the following steps until no swaps are needed**: - Initialize a flag `swapped = False` - Loop through the list from index `0` to `len(numbers) - 2` (i.e. second-to-last element) - For each pair of adjacent elements `numbers[i]` and `numbers[i+1]`: - If `numbers[i] > numbers[i+1]` swap them - Set `swapped = True` - If no swaps occurred in a full pass the list is sorted — stop 3. **Return the sorted list** --- ### Step-by-step execution for `[45 -102 10 3400]`: **Pass 1:** - Compare 45 and -102 → 45 >","","46","256","302","20.725","48.252","12.350","80.971","17.23116","151.57782","168.80898","2026-07-10T15:28:00.471537","2026-07-10T15:28:02.691132","2026-07-10T15:28:23.419793","2026-07-10T15:28:23.420260"
"34","1","34","Write a haiku about being happy.","","Blossom in the sun Laughter and joy become one Happiness has won.","Sun on my face laughing with friends in the breeze— joy blooms free and light.","","20","23","43","19.402","51.542","12.463","80.239","7.69473","13.06573","20.76046","2026-07-10T15:28:23.422828","2026-07-10T15:28:24.453671","2026-07-10T15:28:26.299161","2026-07-10T15:28:26.299443"
"35","1","35","Write a javascript function which calculates the square root of a number without any libraries.","","Sure here's an example: ``` function calculateSquareRoot(num) { if (num < 0) return NaN if (num === 0) return 0 let x = num while (true) { const new_x = (x + num / x) / 2 if (Math.abs(new_x - x) < 0.000001) return new_x x = new_x } } ``` This function uses the Babylonian method for computing square roots which is an iterative method that repeatedly improves the estimate of the square root using the formula: `x_(n+1) = (x_n + num / x_n) / 2`. The loop continues until the difference between the current estimate and the previous estimate is less than some small epsilon (in this case `0.000001`).","```javascript function sqrt(num) { if (num < 0) { return NaN } if (num === 0 || num === 1) { return num } let guess = num / 2 let epsilon = 1e-10 while (Math.abs(guess * guess - num) > epsilon) { guess = (guess + num / guess) / 2 } return guess } ```","","28","99","127","20.290","49.285","12.312","81.221","10.22060","59.02784","69.24843","2026-07-10T15:28:26.301929","2026-07-10T15:28:27.681923","2026-07-10T15:28:35.722773","2026-07-10T15:28:35.723125"
"36","1","36","Output a review of a movie.","Movie title: The Shawshank Redemption","The Shawshank Redemption is a timeless classic that redefines the genre of drama films. The story is set in a prison where the main character Andy is sentenced to life imprisonment. The film follows his journey as he navigates through the harsh environment of the prison while forming a close bond with a fellow inmate named Red. The performances by the lead actors Tim Robbins and Morgan Freeman are nothing short of exceptional. The depth of emotion they bring to each of their characters is truly remarkable and they manage to convey the resilience of the human spirit in the face of adversity. The direction by Frank Darabont is brilliant and the film is filled with moments that are both poignant and powerful. The screenplay is equally impressive and brings to life the characters in a manner that is both realistic and deeply moving. Overall The Shawshank Redemption is a film that leaves a lasting impression on the viewer. It is a tale of hope friendship and redemption that is sure to touch the hearts of all those who watch it. Highly recommended!","**Movie Review: *The Shawshank Redemption* (1994)** *The Shawshank Redemption* is not just a film—it’s a profound meditation on hope friendship and the enduring human spirit. Directed by Frank Darabont and based on a Stephen King novella this cinematic masterpiece transcends the boundaries of genre blending elements of drama prison life and quiet resilience into a story that lingers long after the credits roll. At its heart the film follows Andy Dufresne (Tim Robbins) a banker wrongfully convicted of murdering his wife and her lover. Sentenced to life at Shawshank Prison Andy’s journey is one of quiet defiance and unwavering dignity. His unlikely friendship with fellow inmate Ellis Red Redding (Morgan Freeman in a career-defining performance) forms the emotional backbone of the story. Freeman’s narration—rich reflective and deeply soulful—gives the film its voice and warmth grounding the narrative in a sense of time memory and wisdom. What makes *The Shawshank Redemption* so enduring is its refusal to sensationalize suffering. Instead it shows how hope can be cultivated in the most hopeless places. Andy’s subtle acts of resistance—","","27","256","283","20.310","49.237","12.361","80.901","10.26726","151.15144","161.41870","2026-07-10T15:28:35.725606","2026-07-10T15:28:37.054994","2026-07-10T15:28:57.765609","2026-07-10T15:28:57.766092"
"37","1","37","Suggest three foods to help with weight loss.","","1. Leafy Greens: Foods such as spinach kale and collard greens are low in calories but high in fiber making them excellent choices for weight loss. These greens can help you feel full and reduce your overall calorie intake. 2. Lean Protein: Foods such as chicken turkey fish and tofu are great sources of lean protein. Protein is an important nutrient for weight loss because it can help you feel full reduce cravings and provide energy for workouts. 3. Whole Grains: Whole grains such as oats brown rice and quinoa can be great for weight loss because they are packed with fiber and nutrients. These foods can help you feel full for longer periods of time and provide sustained energy throughout the day.","1. Greek yogurt – High in protein and low in sugar it helps keep you full longer and supports muscle maintenance during weight loss. 2. Leafy greens (like spinach and kale) – Low in calories and high in fiber they promote satiety and support digestion. 3. Berries (such as blueberries and strawberries) – Packed with antioxidants and fiber they are naturally sweet with fewer calories than many other fruits.","","22","90","112","19.874","50.317","12.426","80.474","8.45621","52.27750","60.73371","2026-07-10T15:28:57.768772","2026-07-10T15:28:58.875737","2026-07-10T15:29:06.118420","2026-07-10T15:29:06.118818"
"38","1","38","You are provided with a definition of a word. Generate an example sentence that illustrates the meaning of the word.","Word: Dire Definition: Dire means very serious or desperate often has negative connotations.","The company was in dire financial straits and on the brink of bankruptcy.","The village faced dire consequences after the flood destroyed their crops and homes.","","53","14","67","20.705","48.298","12.445","80.355","19.68787","7.98068","27.66854","2026-07-10T15:29:06.121703","2026-07-10T15:29:08.681483","2026-07-10T15:29:09.806453","2026-07-10T15:29:09.806763"
"39","1","39","Design the hierarchy of a database for a grocery store.","","A grocery store database hierarchy could be organized in the following structure: 1. **Store Information**: This would include details about the store such as its name location address and contact information. 2. **Department**: The store could be divided into different departments such as produce dairy meat bakery and others. Each department could have its own information such as its name description and location within the store. 3. **Product**: Each department would have its own set of products. Product information could include its name description brand packaging price and stock quantity. 4. **Employee**: The database would also contain information about the store's employees such as their name contact information role or position hire date and salary. 5. **Customer**: The database could also store information about the store's customers such as their name contact information and shopping history. 6. **Transaction**: The database would need to store information about the store's transactions or sales. This could include the date and time of the transaction the customer who made the purchase the products purchased the total cost and the payment method used. This hierarchical structure would enable the grocery store to keep track of all its departments products employees customers and transactions in an organized and efficient manner.","**Database Hierarchy for a Grocery Store** 1. **Store** - StoreID (Primary Key) - StoreName - Address - PhoneNumber - ManagerName - OpeningHours 2. **Department** - DepartmentID (Primary Key) - StoreID (Foreign Key → Store) - DepartmentName - LocationInStore (e.g. Aisle 3) - ManagerID (Optional Foreign Key → Employee) 3. **Product** - ProductID (Primary Key) - DepartmentID (Foreign Key → Department) - ProductName - Brand - Description - UnitOfMeasure (e.g. kg liter piece) - Barcode - Weight (if applicable) - Price - SupplierID (Foreign Key → Supplier) 4. **Supplier** - SupplierID (Primary Key) - SupplierName - ContactPerson - PhoneNumber - Email - Address - PaymentTerms 5. **Inventory** - InventoryID (Primary Key) - ProductID (Foreign Key → Product) - StoreID (Foreign Key → Store) - QuantityInStock -","","23","256","279","19.848","50.383","12.380","80.773","8.83281","151.56562","160.39842","2026-07-10T15:29:09.809224","2026-07-10T15:29:10.968024","2026-07-10T15:29:31.645806","2026-07-10T15:29:31.646267"
"40","1","40","Provide three tips for writing a good cover letter.","","1. Personalize it: Customize your cover letter for the specific job and company to which you're applying. Address it to the hiring manager if possible and mention the company's name and the job title at least once. Show an understanding of the company's mission and explain why you would be a good fit for both the position and the company culture. 2. Highlight your skills and achievements: Mention your relevant skills and give specific examples of how you have used them to achieve successes in the past. This will help the hiring manager see how your skills could be applied in the new position and it will help them understand what you might bring to the company. 3. Keep it brief and direct: A cover letter should be no more than one page with clear and concise paragraphs. Avoid repeating information from your resume and instead focus on the most important details that you want the hiring manager to know. End your letter with a call to action such as requesting an interview or stating that you are looking forward to hearing from them.","1. **Tailor Your Letter to the Job**: Customize your cover letter for each specific position by referencing the job description company values and the role’s requirements. This shows genuine interest and helps you stand out. 2. **Highlight Relevant Achievements**: Focus on 2–3 key accomplishments that directly relate to the job you're applying for. Use specific examples and quantify results when possible (e.g. “increased sales by 25%”). 3. **Keep It Concise and Professional**: Limit your cover letter to one page use a clear and professional tone and structure it with a strong opening body and closing. Avoid重复 (repetition) of your resume—instead explain why you’re a great fit.","","22","152","174","20.028","49.930","12.402","80.629","7.68166","89.81747","97.49913","2026-07-10T15:29:31.648999","2026-07-10T15:29:32.747450","2026-07-10T15:29:45.003069","2026-07-10T15:29:45.003518"
"41","1","41","Order the following list of ingredients from lowest to highest in calories","Almonds black beans cheddar cheese","Here is the list of ingredients ordered from lowest to highest in calories: 1. Black beans 2. Almonds 3. Cheddar cheese","Here is the list of ingredients ordered from **lowest to highest in calories** (per 1-ounce / ~28 grams serving unless otherwise noted): 1. **Black beans** – ~110–115 calories 2. **Almonds** – ~160–170 calories 3. **Cheddar cheese** – ~110–120 calories (per 1-ounce serving) Wait — that doesn't seem right. Let's double-check: Actually **per 1-ounce (28g) serving**: - **Black beans** (cooked 1/4 cup): ~110–115 calories - **Almonds** (raw 1 oz): ~160–170 calories - **Cheddar cheese** (1 oz): ~110–120 calories But wait — black beans and cheddar are similar in calorie count but let's clarify **per standardized serving**. Let’s standardize to **1 oz (28g) or equivalent common serving size**: | Ingredient | Calories per 1 oz (28g) or standard serving | |-------------------|---------------------------------------------| |","","34","256","290","20.104","49.741","12.322","81.153","12.80603","151.92729","164.73332","2026-07-10T15:29:45.006346","2026-07-10T15:29:46.697526","2026-07-10T15:30:07.472629","2026-07-10T15:30:07.473145"
"42","1","42","Summarize the given film review: The movie has a strong premise but is filled with cliched dialogue and over-the-top acting.","","The film has a good idea but is hindered by unoriginal writing and exaggerated performances.","The film starts with a promising idea but falls short due to predictable dialogue and exaggerated performances.","","39","18","57","18.557","53.887","12.464","80.232","15.04848","10.91052","25.95900","2026-07-10T15:30:07.475891","2026-07-10T15:30:09.577468","2026-07-10T15:30:11.021637","2026-07-10T15:30:11.021911"
"43","1","43","Which type of pronouns can be used to replace the word 'it'?","","The word it is a pronoun that is used to refer to a singular noun that is not a person such as an object or an animal. It can be replaced by other pronouns like that this he (if the object is personified) and she (if the object is personified). In cases where it is used to refer to an unspecific or unknown thing the pronouns something or anything may be used as replacements.","The pronoun that can be used to replace the word *it* is a **singular pronoun**. More specifically *it* is a **third-person singular pronoun** used to refer to non-human things animals (when the gender is unknown or not important) or abstract concepts. Examples of pronouns that can replace *it*: - **it** (same pronoun used when referring back to a previously mentioned non-human noun) - **that** (in some contexts e.g. I saw the book. That was interesting. ) - **this** (if referring to something close in space or time) - **one** (used in more formal or general contexts e.g. I need a pen. Do you have one? ) But most directly: **it** is replaced by **it** or sometimes by **that** **this** or **one** depending on context. So the main answer is: **third-person singular pronouns** can be used to replace *it*.","","27","209","236","20.423","48.965","12.354","80.946","10.07654","123.36028","133.43683","2026-07-10T15:30:11.024322","2026-07-10T15:30:12.346388","2026-07-10T15:30:29.264008","2026-07-10T15:30:29.264457"
"44","1","44","Organize these three pieces of information in chronological order","- The acceptance of the Constitution - The signing of the Declaration of Independence - The Battle of Saratoga","1. The signing of the Declaration of Independence 2. The Battle of Saratoga 3. The acceptance of the Constitution","Here is the correct chronological order of the three events: 1. **The signing of the Declaration of Independence** – July 4 1776 2. **The Battle of Saratoga** – October 1777 3. **The acceptance of the Constitution** – June 21 1788 (when New Hampshire became the ninth state to ratify) So the correct sequence is: 1. The signing of the Declaration of Independence 2. The Battle of Saratoga 3. The acceptance of the Constitution","","46","116","162","20.430","48.948","12.402","80.635","17.32784","67.80646","85.13430","2026-07-10T15:30:29.267259","2026-07-10T15:30:31.518872","2026-07-10T15:30:40.872487","2026-07-10T15:30:40.872871"
"45","1","45","Describe the process of photosynthesis in 5 sentences.","","Photosynthesis is the process by which plants algae and some bacteria convert sunlight into chemical energy in the form of glucose or other sugars. This process takes place in the chloroplasts which contain chlorophyll the pigment that absorbs light energy. During photosynthesis carbon dioxide (CO2) and water (H2O) are used in the presence of light to produce glucose (C6H12O6) and oxygen (O2). The process can be simplified into two stages: the light-dependent reaction where light energy is converted into chemical energy in the form of ATP and NADPH and the light-independent reaction or Calvin cycle where CO2 is fixed into carbohydrates using the energy generated from the first stage. Photosynthesis is the primary source of energy for nearly all life on Earth and is essential for the Earth's ecosystem removing CO2 from the atmosphere and releasing O2.","Photosynthesis is the process by which green plants algae and some bacteria convert light energy into chemical energy. It occurs primarily in the chloroplasts of plant cells where the pigment chlorophyll absorbs sunlight. Using this light energy carbon dioxide from the air and water from the soil are transformed into glucose a type of sugar and oxygen is released as a byproduct. The overall chemical equation for photosynthesis is 6CO₂ + 6H₂O + light energy → C₆H₁₂O₆ + 6O₂. This process not only fuels the plant’s growth but also produces oxygen essential for most life on Earth.","","23","132","155","19.743","50.651","12.238","81.715","8.54048","78.68513","87.22561","2026-07-10T15:30:40.875447","2026-07-10T15:30:42.040430","2026-07-10T15:30:52.826853","2026-07-10T15:30:52.827320"
"46","1","46","Look up the definition of the word 'acolyte'.","","An acolyte is an assistant or follower often in a religious service or ceremony such as an altar server or attendant. The term can also refer to anyone who is a devoted follower or supporter of a leader cause or organization.","An acolyte is a person who assists a priest or minister in a religious ceremony especially in the Christian church. The term can also refer to a devoted follower or helper of a person cause or idea often used in a more general or metaphorical sense.","","24","55","79","20.091","49.773","12.479","80.136","8.79663","31.86875","40.66538","2026-07-10T15:30:52.829960","2026-07-10T15:30:54.024521","2026-07-10T15:30:58.431991","2026-07-10T15:30:58.432339"
"47","1","47","For the following story rewrite it in the present continuous tense.","He visits the museum every week.","He is visiting the museum every week.","He is visiting the museum every week.","","32","8","40","20.357","49.122","12.486","80.092","11.98539","5.02064","17.00603","2026-07-10T15:30:58.434918","2026-07-10T15:31:00.006824","2026-07-10T15:31:00.647558","2026-07-10T15:31:00.647811"
"48","1","48","Compose a one-sentence summary of the article How AI is Transforming the Future of Healthcare","","The article discusses how AI is being integrated into the healthcare industry to improve patient care and outcomes by enhancing automation diagnostics and personalized treatment plans.","The article explores how artificial intelligence is revolutionizing healthcare by enhancing diagnostics personalizing treatment accelerating drug discovery and improving patient outcomes through advanced data analysis and predictive modeling.","","32","34","66","20.511","48.755","12.476","80.153","12.25428","19.56353","31.81781","2026-07-10T15:31:00.650213","2026-07-10T15:31:02.210386","2026-07-10T15:31:04.935589","2026-07-10T15:31:04.935852"
"49","1","49","Assign a score out of 5 to the following book review.","I really enjoyed this book. It was an engaging read and had an interesting plot.","4/5","Score: 4/5 Reasoning: The review is positive and expresses genuine enjoyment which is a strong indicator of a good reading experience. It highlights key strengths—engagement and an interesting plot—both important elements in a compelling book. However the review is very brief and lacks depth such as specific examples character analysis or discussion of themes. It also includes the phrase /no_think which suggests it may be a rushed or automatic response further reducing its analytical value. While it effectively communicates enjoyment it doesn’t offer much insight for potential readers. Hence a score of 4 reflects a solid but superficial review.","","42","131","173","18.763","53.296","12.395","80.680","16.75195","76.37302","93.12497","2026-07-10T15:31:04.938466","2026-07-10T15:31:07.176892","2026-07-10T15:31:17.745974","2026-07-10T15:31:17.746426"
"50","1","50","Create a catchy headline for an article on data privacy","","Is Your Data Really Private? The Inside Scoop on Data Privacy and Protection","Your Data Their Profit: The Hidden Cost of Clicking 'Accept' – Why Privacy Can’t Wait","","22","23","45","19.950","50.126","12.487","80.083","7.92074","13.79406","21.71480","2026-07-10T15:31:17.748950","2026-07-10T15:31:18.851726","2026-07-10T15:31:20.693643","2026-07-10T15:31:20.693957"
"51","1","51","Sort the following list into two groups: Apples and Oranges","Fuji Honeycrisp Granny Smith Navel Valencia","Apples: - Fuji - Honeycrisp - Granny Smith Oranges: - Navel - Valencia","Let's sort the given list into two groups: **Apples** and **Oranges**. List: Fuji Honeycrisp Granny Smith Navel Valencia Step-by-step: 1. **Fuji** – A type of apple. ✅ Apple 2. **Honeycrisp** – A popular variety of apple. ✅ Apple 3. **Granny Smith** – A well-known green apple. ✅ Apple 4. **Navel** – A type of orange commonly found in grocery stores. ✅ Orange 5. **Valencia** – A type of orange often used for juice. ✅ Orange Now grouping: **Apples**: - Fuji - Honeycrisp - Granny Smith **Oranges**: - Navel - Valencia ✅ Final Answer: **Apples**: Fuji Honeycrisp Granny Smith **Oranges**: Navel Valencia","","40","195","235","20.160","49.604","12.321","81.163","14.91307","115.59560","130.50866","2026-07-10T15:31:20.696402","2026-07-10T15:31:22.680567","2026-07-10T15:31:38.507444","2026-07-10T15:31:38.508163"
"52","1","52","Name three European countries.","","Sure here are the names of three European countries: 1. France 2. Germany 3. Italy","France Germany Italy","","17","5","22","19.094","52.373","12.479","80.135","6.16192","2.81477","8.97669","2026-07-10T15:31:38.512692","2026-07-10T15:31:39.403025","2026-07-10T15:31:39.803699","2026-07-10T15:31:39.804079"
"53","1","53","Explain a procedure for given instructions.","How to bake a cake.","Baking a cake is a fun and relatively easy process that requires a few ingredients and some simple steps. Here is a simple procedure to follow to bake a cake: 1. Collect your ingredients: You will need flour sugar eggs butter baking powder milk and vanilla extract for a basic cake recipe. Make sure to measure out the correct quantities according to the recipe you are following. 2. Preheat the oven: Most cakes are baked at 350 degrees Fahrenheit so preheat your oven to this temperature to ensure that your cake will bake evenly. 3. Prepare the pan: Grease and flour a 9-inch cake pan to prevent the cake from sticking. 4. Mix the ingredients: In a mixing bowl cream together the butter and sugar until light and fluffy. This can be done using a stand mixer an electric hand mixer or by hand. Once the butter and sugar are creamed add the eggs one at a time mixing well after each addition. Stir in the vanilla extract. In a separate bowl mix together the flour baking powder and salt. Add the dry ingredients to the wet ingredients in three parts alternating with the milk beginning and ending with the dry ingredients. Mix until everything is well combined. 5. Pour the batter into the pan: Pour the batter into your prepared cake pan and smooth the top with a spatula. 6. Bake the cake: Place the cake on the middle rack of your preheated oven and bake for 30-35 minutes or until a toothpick inserted into the center of the cake comes out clean. 7. Cool the cake: Once the cake is finished baking remove it from the oven and let it cool in the pan for 10 minutes before transferring it to a wire rack to cool completely. 8. Serve and enjoy: Once the cake is completely cool you can decorate it if desired. Serve with your favorite frosting sliced fruit or whipped cream and enjoy.","1. Preheat your oven to 350°F (175°C). 2. Gather ingredients: flour sugar eggs butter baking powder milk and vanilla extract. 3. Grease and flour a cake pan or line it with parchment paper. 4. In a large bowl mix the dry ingredients: 2 cups flour 1 ½ cups sugar and 2 tsp baking powder. 5. Add ½ cup melted butter 2 eggs 1 cup milk and 2 tsp vanilla extract. 6. Stir until smooth and well combined. 7. Pour the batter into the prepared pan. 8. Bake for 30–35 minutes or until a toothpick inserted in the center comes out clean. 9. Let the cake cool in the pan for 10 minutes then remove and cool completely on a wire rack. 10. Serve or frost as desired.","","26","199","225","20.080","49.801","12.339","81.041","9.48080","117.20603","126.68683","2026-07-10T15:31:39.808312","2026-07-10T15:31:41.103139","2026-07-10T15:31:57.230372","2026-07-10T15:31:57.231178"
"54","1","54","Describe an example of ocean acidification.","","Ocean acidification is the process of increasing acidity in the world's oceans due to the absorption of carbon dioxide from the atmosphere. An example of this is the impact it has on the Great Barrier Reef off the coast of Australia. As the ocean absorbs carbon dioxide it reacts with seawater to produce carbonic acid which in turn reduces the availability of carbonate ions. These ions are necessary for building shells and skeletons of marine organisms such as corals mollusks and some species of plankton. The reduction in carbonate ions makes it difficult for these organisms to form and maintain their hard outer shells or skeletons. In the case of the Great Barrier Reef ocean acidification is resulting in slower growth rates and weaker skeletons making the coral more vulnerable to stress factors and more susceptible to diseases storms and coral bleaching. This not only affects the coral but the entire ecosystem which relies on the coral for shelter and food. Hence ocean acidification is a major concern for the health and survival of coral reefs and marine biodiversity worldwide.","An example of ocean acidification is the increased absorption of carbon dioxide (CO₂) from the atmosphere by seawater. When CO₂ dissolves in ocean water it forms carbonic acid which lowers the pH of the water making it more acidic. This process reduces the availability of carbonate ions which are essential for marine organisms like corals mollusks and some plankton to build their calcium carbonate shells and skeletons. For instance coral reefs in the Great Barrier Reef have experienced weakened skeletal structures and reduced growth rates due to more acidic waters making them more vulnerable to erosion and bleaching.","","20","123","143","19.429","51.469","12.422","80.505","8.02858","72.05083","80.07942","2026-07-10T15:31:57.236509","2026-07-10T15:31:58.265882","2026-07-10T15:32:08.167970","2026-07-10T15:32:08.168601"
"55","1","55","Should I invest in stocks?","","I'm sorry but I'm an AI language model and I don’t have the ability to provide personalized financial advice. Investing in stocks carries inherent risks and potential rewards and the decision to invest should be based on your individual financial situation goals and risk tolerance. It's always a good idea to do your research carefully consider your options and/or consult a financial advisor before making any investment decisions.","The question Should I invest in stocks? is deeply personal and depends on your financial goals risk tolerance time horizon and current financial situation. Here’s a straightforward breakdown—no fluff no jargon: **Ask yourself these questions:** 1. **Do you have an emergency fund?** → If not build one (3–6 months of living expenses) before investing. 2. **Are you free of high-interest debt?** → Credit cards personal loans at high rates? Pay those off first. Investing won’t help if you’re paying 18% interest. 3. **Can you handle losing money in the short term?** → Stocks go up and down. If a 20% drop scares you into selling you’re not ready. 4. **How long until you need the money?** → If you need it in less than 5 years stocks might be too risky. Savings accounts or bonds may be better. 5. **Do you have a plan?** → Random stock picks? Avoid. A diversified low-cost index fund (like S&P 500) over time? That’s smart. **Bottom line:** If you’re young","","18","256","274","19.320","51.761","12.378","80.788","6.94217","150.47553","157.41770","2026-07-10T15:32:08.173335","2026-07-10T15:32:09.105031","2026-07-10T15:32:29.786840","2026-07-10T15:32:29.787627"
"56","1","56","Generate a new song verse with your own unique lyrics.","","Verse 1: There's a light that shines within us A beacon of hope and love Guiding us through the darkest times A force that will always rise above. Chorus: Let your light shine let it be free For you are beautiful inside and out Let your heart guide you let it lead the way For you have a strength that no one can doubt. Verse 2: In this world there is so much to see So many wonders to discover Take a chance and let your dreams fly For there is so much left to uncover. Chorus: Let your light shine let it be free For you are beautiful inside and out Let your heart guide you let it lead the way For you have a strength that no one can doubt. Bridge: Life it can be hard sometimes But don't give up keep on trying For your light will never fade And your spirit will keep on flying. Outro: So let your light shine let it be free For you are beautiful inside and out Let your heart guide you let it lead the way For you have a strength that no one can doubt.","(Verse) Beneath the clock that never ticks I dance with shadows in the cracks. The moon’s a coin I’ve lost in flight And stars are whispers in the night. I speak in colors soft and low Where silence sings and rivers grow. The wind wears someone else’s name— I trade my breath for ghostly flame. No map no key no ending near Just dust that hums a lullaby here. And if I fade I’ll leave a trace— A breath a note a silent grace.","","23","126","149","20.199","49.506","12.414","80.557","8.40812","73.70698","82.11510","2026-07-10T15:32:29.792428","2026-07-10T15:32:30.931073","2026-07-10T15:32:41.081233","2026-07-10T15:32:41.081986"
"57","1","57","Sing a children's song","","🎶 Twinkle twinkle little star How I wonder what you are Up above the world so high Like a diamond in the sky. When the blazing sun is gone When he nothing shines upon Then you show your little light Twinkle twinkle all the night. Then the traveler in the dark Thanks you for your tiny spark He could not see which way to go If you did not twinkle so. In the dark blue sky you keep And often through my curtains peep For you never shut your eye Till the sun is in the sky. As your bright and tiny spark Lights the traveler in the dark. Though I know not what you are Twinkle twinkle little star. Twinkle twinkle little star How I wonder what you are Up above the world so high Like a diamond in the sky. 🎶","🎵 *Twinkle twinkle little star * *How I wonder what you are!* *Up above the world so high * *Like a diamond in the sky.* *When the blazing sun is gone * *When he's gone the grass is gone * *And the little birds are sleeping * *Then you show your little light.* *Twinkle twinkle little star * *How I wonder what you are!* 🎵 😊 (Now you sing along!)","","17","107","124","19.347","51.686","12.324","81.144","6.30831","63.25101","69.55933","2026-07-10T15:32:41.087091","2026-07-10T15:32:41.965760","2026-07-10T15:32:50.648128","2026-07-10T15:32:50.648776"
"58","1","58","Identify the main character traits of a protagonist.","","The main character traits of a protagonist vary depending on the story and its genre. However there are some general traits that many protagonists tend to possess including: 1. Courage: Protagonists are brave enough to face and overcome challenges encountered in their journey. 2. Determination: They are often determined to achieve their goals and will persist even when faced with obstacles. 3. Empathy: Protagonists tend to have an ability to understand and share the feelings of others which makes them relatable and likeable to readers or viewers. 4. Intelligence: Protagonists often have strong problem-solving skills and are quick at thinking on their feet enabling them to navigate complex situations. 5. Resilience: They tend to bounce back from setbacks and continue to pursue their objectives with renewed vigor. 6. Leadership: Protagonists are often natural leaders who can rally others to their cause and inspire them to work towards a common goal. 7. Flawed: Many protagonists also have flaws or weaknesses which can serve to humanize them and make them more relatable. These traits not only make the protagonist a compelling and interesting character but also help drive the story forward as they work towards achieving their goals.","The main character traits of a protagonist typically include: 1. **Relatability** – The protagonist often possesses qualities that allow readers or viewers to empathize with them such as fears desires or moral dilemmas. 2. **Motivation** – They have clear goals or desires that drive the story forward whether it’s achieving a dream overcoming an obstacle or seeking justice. 3. **Growth (Character Arc)** – A protagonist usually undergoes development or change throughout the narrative evolving emotionally morally or mentally. 4. **Courage** – They face challenges dangers or inner conflicts with bravery even when afraid. 5. **Resilience** – The protagonist persists despite setbacks showing determination and strength in the face of adversity. 6. **Flaws** – Realistic protagonists have weaknesses or mistakes that make them believable and add depth to their journey. 7. **Agency** – They actively shape the story’s events through their choices and actions rather than being passive recipients of fate. These traits help define a compelling protagonist who anchors the narrative and engages the audience.","","22","224","246","19.953","50.117","12.348","80.986","7.82752","133.17213","140.99965","2026-07-10T15:32:50.653580","2026-07-10T15:32:51.756157","2026-07-10T15:33:09.897105","2026-07-10T15:33:09.898090"
"59","1","59","What are the 4 operations of computer?","","The four basic operations of a computer often abbreviated as the Four Functions of a Computer are: 1. Input: This refers to the process by which a computer receives data from an external source such as a keyboard mouse or scanner. The data is then converted into a format that the computer can process. 2. Processing: This is the operation where the computer performs calculations on the data it receives. The Central Processing Unit (CPU) carries out program instructions to manipulate calculate or organize data. 3. Output: This is the process by which the computer outputs the processed data in a form that can be understood by the user. Examples of output devices include a monitor printer or speakers. 4. Storage: This operation involves saving data for later use. Computers store data either temporarily (in RAM) or permanently (on a hard drive solid-state drive or external storage devices).","The four basic operations of a computer are: 1. **Input** – Receiving data and instructions from external sources (e.g. keyboard mouse scanner). 2. **Processing** – Performing operations on the input data using the CPU (Central Processing Unit). 3. **Output** – Sending processed information to external devices (e.g. monitor printer speakers). 4. **Storage** – Saving data and instructions for future use (e.g. hard drive SSD memory). These operations form the fundamental cycle of how a computer functions.","","21","114","135","19.856","50.363","12.405","80.615","7.83250","66.80596","74.63846","2026-07-10T15:33:09.903156","2026-07-10T15:33:10.960786","2026-07-10T15:33:20.150875","2026-07-10T15:33:20.151526"
"60","1","60","Add a transition between the following two sentences","The class is nearly finished. Some students can begin their summer jobs.","The class is nearly finished and as a result some students can begin their summer jobs.","The class is nearly finished and with that milestone approaching some students can begin their summer jobs.","","35","20","55","20.185","49.542","12.467","80.213","13.19090","11.60421","24.79511","2026-07-10T15:33:20.156629","2026-07-10T15:33:21.890590","2026-07-10T15:33:23.494857","2026-07-10T15:33:23.495461"
"61","1","61","Suggest an appropriate name for a puppy.","","Here are a few suggestions for puppy names - 1. Bella - This charming name meaning 'beautiful' is perfect for a furry friend with a pretty face and a captivating demeanor. 2. Max - A name befitting your furry friend who's always by your side watching over you and ever ready to come to your rescue. 3. Luna - A dreamy mystical name for a pup who strikes an other-worldly pose Luna means 'Moon' and is perfect for your regal starry-eyed companion. 4. Charlie - This name packs in heaps of playfulness and warmth much like your best friend who's always up for any adventure that comes his or her way. 5. Lucy - For the lively spirited friend who's always looking to raise the woof Lucy is perfect and encompasses boundless energy and joy.","Buddy","","21","2","23","19.682","50.807","12.522","79.861","7.80912","1.45515","9.26427","2026-07-10T15:33:23.500110","2026-07-10T15:33:24.567050","2026-07-10T15:33:24.726772","2026-07-10T15:33:24.727192"
"62","1","62","Construct a linear equation in one variable.","","A linear equation in one variable typically takes the form of: `ax + b = c` where `a` `b` and `c` are constants and `x` is the variable. Here is an example of a linear equation in one variable: `3x - 5 = 16` In this equation `a` is 3 `b` is -5 and `c` is 16. Solving for `x` we can determine the value of the variable `x` that makes the equation true. To solve this equation we follow these steps: 1. Move the constant term (-5) to the right-hand side of the equation by adding 5 to both sides: `3x - 5 + 5 = 16 + 5` which simplifies to: `3x = 21` 2. Divide both sides of the equation by the coefficient of the variable (`a` which is 3 in this case) to find the value of `x`: `(3x)/3 = 21/3` which simplifies to: `x = 7` Thus we have found that the value of `x` that satisfies the equation `3x - 5 = 16` is 7.","Sure! Here's a linear equation in one variable: $$ 2x + 5 = 11 $$ This is a linear equation because the variable $ x $ is raised to the first power and it has only one variable.","","20","50","70","19.531","51.200","12.450","80.319","7.72565","29.02517","36.75082","2026-07-10T15:33:24.731336","2026-07-10T15:33:25.755333","2026-07-10T15:33:29.771293","2026-07-10T15:33:29.771774"
"63","1","63","Add two new recipes to the following Chinese dish","Beef and broccoli stir fry","**Beef and Broccoli Stir Fry with Ginger Honey Sauce** Ingredients (serves 4): - 1 lb flank steak sliced into thin strips - 4 cups broccoli florets - 1 tbsp vegetable oil - 2 cloves garlic minced - 1-inch piece of ginger peeled and grated - 1/2 cup soy sauce - 1/4 cup honey - 2 tbsp rice vinegar - 1 tsp sesame oil - 1 tbsp cornstarch - Salt and pepper to taste - Cooked rice for serving - Green onions sliced (optional) Instructions: 1. In a small mixing bowl whisk together the soy sauce honey rice vinegar sesame oil and cornstarch. Set aside. 2. Heat the vegetable oil in a large wok or frying pan over high heat. 3. Add the beef strips and cook for 3-4 minutes until browned. 4. Add the garlic and ginger and cook for another minute until fragrant. 5. Add the broccoli florets and stir fry for a few minutes until tender. 6. Pour in the sauce and stir everything together letting the sauce thicken for a couple of minutes. 7. Season with salt and pepper to taste. 8. Serve the beef and broccoli stir fry over rice garnished with sliced green onions if desired. **Spicy Szechuan Beef and Broccoli Stir Fry** Ingredients (serves 4): - 1 lb flank steak sliced into thin strips - 4 cups broccoli florets - 1 tbsp vegetable oil - 3 cloves garlic minced - 1/2 cup soy sauce - 1/4 cup hoisin sauce - 2 tbsp chili sauce (such as Sriracha) - 2 tbsp rice vinegar - 1 tbsp cornstarch - 1 tsp sugar - 1 tbsp sesame seeds - Cooked rice or noodles for serving Instructions: 1. In a small mixing bowl whisk together the soy sauce hoisin sauce chili sauce rice vinegar sugar and cornstarch. Set aside. 2. Heat the vegetable oil in a large wok or frying pan over high heat. 3. Add the beef strips and cook for 3-4 minutes until browned. 4. Add the garlic and stir fry for another minute until frag","Sure! Here are two new delicious recipes inspired by the classic **Beef and Broccoli Stir Fry**—each keeping the stir-fry spirit but offering fresh twists with different flavors and ingredients: --- **1. Spicy Sichuan Beef & Broccoli with Dried Chili and Garlic** *Ingredients:* - 1 lb (450g) flank steak sliced thin - 4 cups broccoli florets - 3 tbsp soy sauce - 1 tbsp fermented black beans (optional for umami) - 1 tbsp Sichuan chili paste (or chili oil) - 2 tsp hoisin sauce - 1 tsp sugar - 2 cloves garlic minced - 1 small dried red chili crushed (or 1 tsp chili flakes) - 1 tbsp cooking oil - 1 tbsp cornstarch - 2 tbsp water - Sesame seeds (for garnish) *Instructions:* 1. Marinate beef in 1 tbsp soy sauce 1 tsp cornstarch and 1 tsp oil for 15 minutes. 2. Blanch broccoli in boiling water for 1 minute then drain and set aside. 3. Heat oil in a wok over high heat.","","28","256","284","20.257","49.365","12.374","80.815","10.24792","151.40637","161.65429","2026-07-10T15:33:29.776424","2026-07-10T15:33:31.158649","2026-07-10T15:33:51.847317","2026-07-10T15:33:51.848266"
"64","1","64","Suggest a short running route for someone who lives in the city.","","If you live in the city and want to engage in some short running activities there are several excellent routes that you can take. For a start you can consider heading down to your city's central park where you can find a scenic loop free of cars which usually ranges between 1.5 and 2 miles allowing you to take in the beauty and peace of the park while getting your exercise. Alternatively you can opt for a brisk run around your neighborhood sticking to sidewalks and quieter streets or even utilize riverfronts or waterfront paths that offer stunning city views while you run. Lastly many cities also have running or jogging-specific trails such as old railroad tracks converted into greenways so you might check to see if there's one near you.","Start at your apartment building head east on Main Street for 0.5 miles to City Park. Loop around the lake (0.7 miles) then jog west on Oak Avenue back toward home (0.4 miles). Total: 1.6 miles — scenic flat and all within city limits.","","26","64","90","20.178","49.560","12.452","80.306","9.40743","37.88497","47.29239","2026-07-10T15:33:51.853936","2026-07-10T15:33:53.142488","2026-07-10T15:33:58.282100","2026-07-10T15:33:58.282678"
"65","1","65","If a b x and y are real numbers such that ax+by=3 ax^2+by^2=7 ax^3+by^3=16 and ax^4+by^4=42 find ax^5+by^5.","","We start with the system of equations: ax + by = 3 ax^2 + by^2 = 7 ax^3 + by^3 = 16 ax^4 + by^4 = 42 We want to find the value of ax^5 + by^5. We can simplify things by defining the following sequences: s1 = ax + by s2 = ax^2 + by^2 s3 = ax^3 + by^3 s4 = ax^4 + by^4 Then our goal is to find s5 = ax^5 + by^5. Next we notice that we can derive a relationship between the s values as follows: (x+y)(ax^n + by^n) = ax^(n+1) + bxy^n + ax^ny + by^(n+1) In other words (x+y)s_n = s_(n+1) + xys_(n-1) for all n. Using this relationship we can find x+y and xy as follows: s2(x+y) = s3 + s1xy s3(x+y) = s4 + s2xy Solving this system of equations gives us: x + y = -14 xy = -38 Now we can use the relationship we derived earlier with n = 4 to find s5: 42(x + y) = s5 + 16xy Plugging in our values for x+y and xy and solving for s5 we get: s5 = 20 Therefore the value of ax^5 + by^5 is 20.","We are given a sequence defined by: $$ S_n = ax^n + by^n $$ And the values: - $ S_1 = 3 $ - $ S_2 = 7 $ - $ S_3 = 16 $ - $ S_4 = 42 $ We are to find $ S_5 = ax^5 + by^5 $. --- This kind of recurrence is well-known: if $ S_n = ax^n + by^n $ and $ x \ne y $ then the sequence $ S_n $ satisfies a **linear recurrence** of order 2 because it's a linear combination of geometric sequences. Assume that $ S_n $ satisfies a recurrence of the form: $$ S_n = p S_{n-1} + q S_{n-2} $$ We will use the known values to solve for $ p $ and $ q $. Use $ n = 3 $: $$ S_3 = p S_2 + q S_1 \Rightarrow 16 = p \cdot 7 + q \cdot 3 $$ So: $$ 7p + 3q = 16 \quad \text{(1)} $$","","74","256","330","21.147","47.289","12.290","81.364","26.86617","152.39728","179.26346","2026-07-10T15:33:58.287819","2026-07-10T15:34:01.787187","2026-07-10T15:34:22.616328","2026-07-10T15:34:22.617246"
"66","1","66","Generate a list of the top 10 causes of global warming.","","1. Greenhouse gas emissions 2. Deforestation 3. Fossil fuel burning 4. Industrial processes 5. Agricultural practices and livestock raising 6. Transportation and travel 7. Waste production and disposal 8. Land-use changes 9. Energy production and usage 10. Water vapor increase in atmosphere.","1. Burning of fossil fuels (coal oil and natural gas) for energy and transportation 2. Deforestation and land-use changes 3. Industrial processes including cement and steel production 4. Agricultural activities such as livestock farming and rice paddies 5. Waste management and landfill emissions (methane from decomposing organic waste) 6. Increased use of refrigerants and aerosols (hydrofluorocarbons HFCs) 7. Energy production from coal-fired power plants 8. Transportation emissions (cars trucks planes ships) 9. Urbanization and expansion of infrastructure (increasing heat islands and energy demand) 10. Methane emissions from fossil fuel extraction and distribution (leaks from oil and gas operations)","","26","157","183","20.096","49.761","12.402","80.635","9.27932","92.58278","101.86211","2026-07-10T15:34:22.622388","2026-07-10T15:34:23.916167","2026-07-10T15:34:36.575914","2026-07-10T15:34:36.576619"
"67","1","67","Generate a smiley face using only ASCII characters","","Here's a smiley face using ASCII characters: ` :-) `",":)","","21","1","22","19.888","50.282","12.565","79.589","7.75506","0.73149","8.48655","2026-07-10T15:34:36.581268","2026-07-10T15:34:37.637200","2026-07-10T15:34:37.716789","2026-07-10T15:34:37.717177"
"68","1","68","Offer advice to someone who is starting a business.","","Starting a business can seem overwhelming but taking small steps can make it manageable. Here are some tips to help you get started on the right path. 1. Develop a Business Plan: Creating a business plan will help you think through what you want your business to achieve who your customers are and how you will reach your goals. It’s also essential if you want to secure funding. 2. Research your Market: It's crucial to understand the needs of your target audience and to investigate your competition. You will want to offer something unique and valuable to your customers. 3. Secure Funding: Starting a business often requires investment. Consider all your options from bank loans to crowdfunding to personal investment and choose the option that's best for your business. 4. Create a Brand: Your business needs a strong identity that your customers can identify with. Be sure to create a clear and authoritative logo and make sure it's consistent across all aspects of your brand from business cards to websites. 5. Stay Organized: Starting a business can be a chaotic process with so many moving parts. It is essential to staying on top of your finances business plans and everyday responsibilities. 6. Be Flexible: Starting a business requires adaptability and you'll need to be prepared to make changes when required. Be open to feedback and listen to your customers when they offer critiques or suggestions. 7. Be Patient: Success doesn't happen overnight so be patient and persevering. Keep your goals in mind and work towards them every day. Remember starting a business is a huge undertaking so be kind to yourself and don't be afraid to seek help when you need it. Whether you turn to a business mentor or join a local networking group there are lots of resources out there to help you build a successful business.","Start with a clear purpose—know why your business exists beyond making money. Validate your idea by talking to potential customers before investing heavily. Keep initial costs low and focus on solving a real problem. Build a strong network of mentors and peers. Stay adaptable listen to feedback and iterate quickly. Protect your personal finances—don’t pour everything into the business too soon. Finally prioritize consistent action over perfection. Progress beats delay every time.","","22","88","110","19.945","50.137","12.432","80.434","7.85633","51.50195","59.35827","2026-07-10T15:34:37.721223","2026-07-10T15:34:38.824235","2026-07-10T15:34:45.902458","2026-07-10T15:34:45.903063"
"69","1","69","Find the modifiers in the sentence and list them.","The girl with short curly hair laughed loudly.","1. Short (modifies hair) 2. Curly (modifies hair) 3. Loudly (modifies laughed)","Modifiers in the sentence: - with short curly hair (prepositional phrase modifying the girl ) - short (adjective modifying curly hair ) - curly (adjective modifying hair ) - loudly (adverb modifying laughed ) These words or phrases modify other words in the sentence to provide more detail.","","31","81","112","20.388","49.049","12.412","80.567","11.73524","47.32162","59.05686","2026-07-10T15:34:45.908299","2026-07-10T15:34:47.428810","2026-07-10T15:34:53.954706","2026-07-10T15:34:53.955376"
"70","1","70","Edit the following sentence: The house was green but large.","","The house was large and painted green.","The house was large though green.","","26","8","34","20.280","49.311","12.470","80.193","9.52613","5.07465","14.60078","2026-07-10T15:34:53.960100","2026-07-10T15:34:55.242182","2026-07-10T15:34:55.883727","2026-07-10T15:34:55.884211"
"71","1","71","Identify the components of a good formal essay?","","A good formal essay consists of several components that help the writer convey their message effectively to the reader. These components include: 1. Introduction: The introduction should introduce the topic provide context and background information and present the thesis statement. It should effectively capture the reader's attention and provide a clear focus for the rest of the essay. 2. Thesis Statement: The thesis statement is a concise summary of the main point or argument of the essay. It should clearly state the main idea that the essay will support and develop. 3. Body Paragraphs: The body paragraphs should develop and support the thesis statement by presenting evidence examples and analysis. Each paragraph should have a topic sentence which introduces the main idea of the paragraph and should be organized in a logical and coherent manner. 4. Transitions: Transitions are words or phrases that help the reader move smoothly from one idea to the next. They should be used between paragraphs and within paragraphs to provide coherence and clarity to the essay. 5. Conclusion: The conclusion should restate the thesis statement summarize the main points and provide a sense of closure. It should bring the essay to a logical and satisfying end without introducing any new information or ideas. 6. Formal Language and Style: A formal essay should use formal language and a formal style avoiding slang contractions and colloquialisms. The tone should be objective and the writing should be clear and concise. 7. Proper Citations: A formal essay should properly cite any sources used using the appropriate citation style. This provides credit to the original authors and allows the reader to locate and verify the information presented in the essay. 8. Formatting: A formal essay should follow the standard formatting guidelines such as using a readable font double spacing and including page numbers. It should also follow any specific guidelines provided by the instructor or publisher.","A good formal essay typically includes the following components: 1. **Clear Thesis Statement**: A concise arguable claim that presents the main argument or central idea of the essay. It appears in the introduction and guides the entire piece. 2. **Introduction**: Sets the context for the topic provides background information and ends with the thesis statement. It engages the reader and establishes the essay’s purpose. 3. **Well-Structured Body Paragraphs**: Each paragraph focuses on a single main idea that supports the thesis. They begin with a topic sentence include evidence (facts quotes examples) and provide analysis explaining how the evidence supports the argument. 4. **Evidence and Support**: Use of credible relevant sources and specific examples to back up claims. Evidence should be properly cited according to a required citation style (e.g. MLA APA Chicago). 5. **Logical Organization and Transitions**: Smooth flow between paragraphs and ideas using transitional phrases to maintain coherence and guide the reader through the argument. 6. **Formal Tone and Style**: Objective precise and academic language. Avoids slang contractions personal anecdotes and emotional appeals. 7. **Conclusion**: Restates the thesis in light of the evidence presented summarizes the main points and offers a","","22","256","278","19.929","50.179","12.343","81.018","8.43591","151.30257","159.73848","2026-07-10T15:34:55.888587","2026-07-10T15:34:56.992528","2026-07-10T15:35:17.733022","2026-07-10T15:35:17.733561"
"72","1","72","Rewrite this sentence to reflect a positive attitude","I can't do this.","I can do this if I put in some effort and seek the right support.","I can do this! I'm capable and ready to give it my best.","","28","16","44","20.692","48.329","12.470","80.190","10.20524","9.44110","19.64634","2026-07-10T15:35:17.736331","2026-07-10T15:35:19.089542","2026-07-10T15:35:20.372585","2026-07-10T15:35:20.372924"
"73","1","73","List some pros and cons of using a hot air balloon for transportation.","","Pros of using a hot air balloon for transportation: 1. Scenic and unique experience: Hot air ballooning is a unique way to travel that offers panoramic views of the surroundings. 2. Eco-friendly: Hot air balloons use wind currents to travel producing no harmful emissions and reducing the carbon footprint of travel. 3. Low noise levels: With no engine a hot air balloon ride is very peaceful and the low noise level makes for a tranquil and serene ride. 4. A good conversation starter: Taking a hot air balloon ride is not an everyday activity and the experience can make for an interesting conversation topic. Cons of using a hot air balloon for transportation: 1. Weather dependent: Hot air ballooning is very weather dependent with flights being canceled in high winds or thunderstorms making it an unreliable mode of transport. 2. Slow: Hot air balloons travel at the mercy of the wind currents and cannot be steered in a specific direction which makes for a slower and longer journey. 3. Limited capacity: Hot air balloons are not designed to carry large numbers of passengers limiting their use as a mass transportation option. 4. Expensive: Hot air balloon rides can be quite expensive and the cost can be prohibitive for regular use as a mode of transportation. 5. Low accessibility: Hot air balloons need a large open space to launch and land which makes them less accessible in urban areas.","**Pros of using a hot air balloon for transportation:** 1. **Scenic and peaceful travel** – Offers breathtaking views of landscapes ideal for sightseeing and leisure. 2. **Low environmental impact** – Produces minimal emissions compared to motorized vehicles especially when using propane efficiently. 3. **Quiet operation** – Operates with little noise preserving the natural ambiance of the environment. 4. **Simple navigation** – Pilots can glide with wind currents using natural air patterns to move across regions. 5. **Low infrastructure needs** – Requires no runways or roads can launch and land in open fields or designated areas. **Cons of using a hot air balloon for transportation:** 1. **Limited control over direction** – Movement is largely dependent on wind direction making precise routing difficult. 2. **Weather-dependent** – Cannot operate safely in strong winds rain fog or low visibility. 3. **Slow travel speed** – Typically moves at 5–10 mph making it impractical for time-sensitive journeys. 4. **Limited passenger capacity** – Usually carries only 1–6 people restricting its use for large groups or freight. 5. **High operational costs** – Requires skilled pilots expensive equipment and ongoing","","26","256","282","17.152","58.302","12.355","80.936","11.01868","151.29494","162.31362","2026-07-10T15:35:20.375418","2026-07-10T15:35:21.891265","2026-07-10T15:35:42.610918","2026-07-10T15:35:42.611454"
"74","1","74","Summarize what we know about the coronavirus.","","Coronavirus also known as COVID-19 is a respiratory illness caused by the SARS-CoV-2 virus. The virus was first identified in Wuhan China in December 2019 and quickly spread globally becoming a pandemic. Common symptoms of COVID-19 include fever cough and difficulty breathing although some people may have mild or asymptomatic cases. The virus is primarily spread through respiratory droplets from an infected person and transmission can occur even if the person does not show symptoms. The best way to prevent the spread of the virus is through social distancing wearing a mask and practicing good hygiene. Several vaccines have been developed and are being distributed with the goal of achieving herd immunity and slowing the spread of the virus. However variants of the virus such as the Delta variant have emerged and are causing concern. It is important to continue practicing prevention measures and following guidance from health authorities to combat the pandemic.","The coronavirus specifically SARS-CoV-2 is a virus that causes the disease known as COVID-19. It was first identified in late 2019 in Wuhan China and quickly spread globally leading to a pandemic declared by the World Health Organization in March 2020. The virus spreads primarily through respiratory droplets when an infected person talks coughs or sneezes. Common symptoms include fever cough fatigue shortness of breath loss of taste or smell and body aches. Some individuals may be asymptomatic but still capable of transmitting the virus. The virus can cause severe respiratory illness especially in older adults and people with underlying health conditions. Vaccines were developed rapidly and have proven effective in reducing severe illness hospitalization and death. Multiple variants of the virus have emerged over time some of which are more transmissible or capable of evading immunity. Ongoing public health measures such as masking hand hygiene and social distancing have been recommended to control spread. Antiviral treatments and monoclonal antibodies are also available for certain high-risk patients. Research continues on long-term effects (long COVID) transmission dynamics and variant monitoring.","","22","246","268","19.984","50.039","12.342","81.022","7.83647","146.03094","153.86741","2026-07-10T15:35:42.614126","2026-07-10T15:35:43.714986","2026-07-10T15:36:03.646346","2026-07-10T15:36:03.646735"
"75","1","75","Name a famous actor who has won an Oscar for Best Actor","","Tom Hanks is a famous actor who has won two Oscars for Best Actor for his roles in Philadelphia (1993) and Forrest Gump (1994).","Daniel Day-Lewis","","24","4","28","20.166","49.587","12.441","80.382","8.54057","2.79174","11.33231","2026-07-10T15:36:03.649366","2026-07-10T15:36:04.839465","2026-07-10T15:36:05.160995","2026-07-10T15:36:05.161241"
"76","1","76","Suggest a story title for the passage you just wrote.","","Journey into the Unknown: One Family's Discovery of the Past","Whispers of the Forgotten Forest","","24","8","32","20.284","49.299","12.465","80.225","9.01251","5.00587","14.01838","2026-07-10T15:36:05.163282","2026-07-10T15:36:06.346469","2026-07-10T15:36:06.988266","2026-07-10T15:36:06.988527"
"77","1","77","What is the gravitational effect of the Moon on Earth?","","The gravitational effect of the Moon on the Earth is primarily responsible for the phenomenon of tides where the rise and fall of sea levels occur due to the gravitational pull between the two celestial bodies. The Moon's gravity causes a cyclical bulge of water on the Earth's surface that faces the Moon subsequently causing high tides with another bulge occurring on the opposite side because of the inertial force of the Earth's rotation. Additionally The Moon's gravitational force stabilizes the Earth's axial tilt which affects the climate and seasons. Without the Moon Earth's axial tilt could undergo large variations leading to dramatic climate change.","The Moon's gravity causes Earth's tides. It pulls on Earth's oceans creating bulges on the side facing the Moon and the opposite side resulting in high and low tides. The Moon's gravitational pull also slightly slows Earth's rotation over time and stabilizes Earth's axial tilt contributing to a stable climate.","","23","66","89","19.832","50.423","12.481","80.123","8.85614","38.55225","47.40839","2026-07-10T15:36:06.990712","2026-07-10T15:36:08.150431","2026-07-10T15:36:13.438531","2026-07-10T15:36:13.438861"
"78","1","78","Compose a love poem for someone special.","","My love my heart's pure essence my light In you my soul has found its greatest might Each breath of yours a symphony so grand A masterpiece so true in love's command In you I see the blossom of the dawn A beauty and a grace forever drawn Your smile like sunshine chasing clouds away Bringing warmth and hope to each new day. My love my passion my everything The rhythm to my heartbeat's softest string In you a love so enchanting so real A passion overwhelming all I feel. My heart will forever sing your praise As I am lost in love's sweetest maze You are my reason my north star my guide With you I am truly alive inside. My love in every moment of each day I thank the stars that you came my way For with you my heart has found its home My love in you I’m never alone.","Beneath the hush where stars still speak Your name is whispered in the dark— Not loud but deep a steady beat That stirs the silence like a spark. I trace your smile in morning light A brush of gold on window glass And in your laugh the world feels right— A fragile fleeting perfect pass. No grand design no spoken vow Just moments caught like dandelion down— A hand that finds mine soft and now And time that slows when you’re around. You are the quiet in my storm The breath I never knew I lacked. The place my restless heart returns— Not found but *home* when I am back. So let the seasons turn and fade And let the years forget my face— I’ll love you in the quiet way That never needs to be a place. Just here. Just you. Just me. And this. Always.","","20","210","230","19.683","50.804","12.366","80.866","7.77933","123.64413","131.42346","2026-07-10T15:36:13.441188","2026-07-10T15:36:14.457272","2026-07-10T15:36:31.439108","2026-07-10T15:36:31.439635"
"79","1","79","Create a mnemonic to remember the capital cities of the three Baltic countries.","","Here's a possible mnemonic: LET's go to the Baltic capitals . Each letter in the word LET represents the first letter of each capital city in the region: L for Tallinn of Estonia E for Riga of Latvia and T for Vilnius of Lithuania.","Sure! Here's a simple mnemonic to remember the capital cities of the three Baltic countries: ** Tallinn Riga Vilnius — Three Baltic Cities Always Fresh! ** Break it down: - **Tallinn** – Capital of **Estonia** - **Riga** – Capital of **Latvia** - **Vilnius** – Capital of **Lithuania** Mnemonic: ** T-R-V – Three Rivers Vivid Visions! ** Or even simpler: ** T-R-V — Tallinn Riga Vilnius — Three Baltic Capitals Always Remembered! ** Just remember the order: **Tallinn (Estonia) Riga (Latvia) Vilnius (Lithuania)** — the first letters spell **T-R-V** which you can link to “Three Rivers Vivid!” for easy recall.","","26","187","213","17.216","58.086","12.394","80.683","11.26370","109.50502","120.76871","2026-07-10T15:36:31.442297","2026-07-10T15:36:32.952533","2026-07-10T15:36:48.040214","2026-07-10T15:36:48.040676"
"80","1","80","Generate an acrostic poem.","Spring","Sunshine and warmth bring us out doors Petals bloom and bees are buzzing Rain showers that make the gardens grow Incredible time for new beginnings Nature awakens from a winter slumber Green grass and leaves on the trees once more","**S**oft breezes dance through dawn’s first light **P**eace settles where the wildflowers bloom. **R**ivers hum a gentle lullaby **I**n every leaf a whispered vow. **N**ature wakes in colors bright and bold— **G**rowth stirs beneath the warming sky. *(Note: The acrostic spells SPRING using the first letter of each line. no_think was interpreted as a prompt to avoid overthinking—so this poem embraces simplicity natural imagery and quiet joy.)*","","20","124","144","19.611","50.992","12.413","80.562","7.73927","72.33288","80.07214","2026-07-10T15:36:48.043103","2026-07-10T15:36:49.062942","2026-07-10T15:36:59.052645","2026-07-10T15:36:59.052957"
"81","1","81","Brainstorm a creative idea for a team-building exercise.","","One creative idea for a team-building exercise could be a Virtual Escape Room challenge. In this activity team members work together to solve puzzles and complete tasks to escape a virtual room within a set time limit. To make it more interactive and engaging the escape room can be designed around a specific theme or storyline such as a heist or a treasure hunt. In the virtual escape room team members will have to communicate effectively delegate tasks and rely on each other's strengths to successfully complete the challenge. This activity not only promotes collaboration and problem solving but it also allows team members to get to know each other better and have some fun in the process.","Sure! Here's a creative team-building exercise: ** The Story Circle: Co-Create a Myth ** **Concept:** Teams collaboratively invent a mythical tale set in a fictional world where each member contributes a unique element—character setting challenge or magical rule—until they’ve built a full-blown legend together. **How It Works:** 1. **Gather the team** in a circle (or online via video). 2. **Set the stage**: “Welcome to the Council of Legends. Your team is tasked with creating a myth that will be told for generations.” 3. **Each person takes a turn** to add one element to the story—no more no less. - *Example:* - Person 1: “In the land of Ember Hollow there is a tree made of glass that sings at midnight.” - Person 2: “A thief with a heart of clockwork stole a note from its leaves.” - Person 3: “The thief was pursued by a silent owl made of storm clouds.” - Person 4: “The note revealed that the song would awaken the forgotten king.” - And so on… 4. **After","","23","256","279","19.922","50.195","12.383","80.759","8.89475","150.54770","159.44245","2026-07-10T15:36:59.055473","2026-07-10T15:37:00.209965","2026-07-10T15:37:20.884162","2026-07-10T15:37:20.884657"
"82","1","82","Create an algorithm that classifies a given text into one of five categories.","This is a breathtaking landscape of mountains and lush vegetation.","Step 1: Define the categories and associated keywords - Nature: mountain vegetation landscape forest beach river lake ocean - Sports: football basketball hockey tennis running cycling fitness - Technology: computer internet software AI smartphone device gadget - Food: pizza pasta burger fruit vegetable cooking recipe cuisine - Art: painting sculpture music theater dance literature poetry Step 2: Tokenize and preprocess the input text - Convert the input text to lower case: this is a breathtaking landscape of mountains and lush vegetation. - Split the text into individual words: ['this' 'is' 'a' 'breathtaking' 'landscape' 'of' 'mountains' 'and' 'lush' 'vegetation'] Step 3: Count the number of keywords in the text for each category - Nature: 3 - Sports: 0 - Technology: 0 - Food: 0 - Art: 0 Step 4: Determine the category with the highest count - The category with the highest count is Nature. Step 5: Return the classification - The input text is classified as Nature.","Here's a well-structured algorithm that classifies a given text into one of five predefined categories. The categories are: 1. **Nature** – Texts describing landscapes animals weather or natural phenomena. 2. **Technology** – Texts involving devices software digital systems or innovation. 3. **Health** – Texts related to medicine wellness fitness or bodily conditions. 4. **Entertainment** – Texts about movies music games celebrities or leisure activities. 5. **Business** – Texts involving finance companies markets or professional activities. --- ### ✅ Algorithm: Text Classifier (5 Categories) #### **Input**: - `text` (a string of input text) #### **Output**: - One of the five categories: ` Nature ` ` Technology ` ` Health ` ` Entertainment ` ` Business ` --- ### 🔍 Step-by-Step Algorithm: 1. **Preprocessing**: - Convert `text` to lowercase. - Remove punctuation and extra whitespace. - Tokenize into words (split by whitespace). 2. **Define Category Keywords** (weighted for accuracy): - **Nature**: `mountain` `forest`","","38","256","294","20.088","49.781","12.343","81.019","14.01211","152.24628","166.25838","2026-07-10T15:37:20.887472","2026-07-10T15:37:22.779138","2026-07-10T15:37:43.519996","2026-07-10T15:37:43.520631"
"83","1","83","Suggest a way to organize a closet efficiently.","","One way to organize a closet efficiently is to follow these steps: 1. First clear out everything from the closet and sort through the items. Donate or get rid of anything that you no longer wear or use. 2. Organize your clothes by type such as separating shirts pants dresses and jackets. Within these groups you can then organize them by color length or season. 3. Utilize shelving hanging rods and storage boxes or bins to maximize space. Place the most frequently used items at eye-level and within easy reach. 4. Use space-saving hangers and slim velvet hangers these save a lot of horizontal space and give a cleaner look. 5. Use shelf dividers to keep stacks of folded clothes neat and tidy. 6. Store off-season clothing or items that you rarely use in vacuum-sealed storage bags or in boxes on a higher shelf to free up space. 7. Consider using drawer organizers or storage boxes to keep smaller items such as socks or undergarments neat and easily accessible. 8. Make use of the closet door by hanging an over-the-door shoe organizer or hooks to store shoes bags or accessories. 9. Finally make sure to maintain the organization by putting things back in their designated spot after use and regularly reassessing and decluttering your closet. By implementing these steps you should be able to efficiently organize your closet and easily find what you're looking for.","Start by removing everything from the closet. Sort items into categories: clothing (by type—shirts pants etc.) shoes accessories and seasonal items. Keep only what you wear regularly. Use uniform hangers for a clean look install shelves and bins for folded clothes and accessories and label storage bins. Place frequently used items at eye level and seasonal items on high or low shelves. Finally maintain the system with a weekly 5-minute tidy-up.","","22","94","116","19.880","50.302","12.449","80.326","8.61589","54.52027","63.13616","2026-07-10T15:37:43.524941","2026-07-10T15:37:44.631578","2026-07-10T15:37:52.182212","2026-07-10T15:37:52.182558"
"84","1","84","Train a GPT 3 language model to generate a realistic fake review for a given product.","Product: IKEA side table","The IKEA side table is a fantastic addition to my home. It's simple yet stylish design adds a touch of elegance to any room. It's the perfect size for placing next to a sofa or armchair providing a convenient spot for a cup of coffee or book. The build quality and durability are excellent and it's really easy to put together. It's a great value for the price and I would highly recommend it to anyone in need of a functional well-made side table.","I can't train or generate GPT-3 models nor can I create fake reviews that mimic real user behavior. However I can help you write a realistic fictional review for an IKEA side table that sounds authentic—complete with natural language minor imperfections and personal details—without violating ethical guidelines. Here’s a realistic fake review you could use for illustrative purposes: --- ⭐️⭐️⭐️⭐️⭐️ **Solid little table—great for the living room!** I picked up this IKEA side table (the FÖRNUFTIG model I think?) to go next to my couch. The reason I bought it was purely practical: I needed a spot for my coffee mug and remote and I didn’t want to spend a fortune. It arrived in one box—standard IKEA flat-pack style. Assembly took about 15 minutes with the included instructions (and one Allen key I had to hunt for). The wood is particleboard with a laminate finish so it's not exactly solid oak but for the price? I’ll take it. The table is small—about 24” wide 18” tall—perfect for a cozy corner. It doesn’t w","","37","256","293","20.030","49.924","12.355","80.938","14.07886","151.44697","165.52583","2026-07-10T15:37:52.185263","2026-07-10T15:37:54.032461","2026-07-10T15:38:14.752579","2026-07-10T15:38:14.753095"
"85","1","85","Give me a strategy to increase my productivity.","","Here are some effective strategies that can help you increase your productivity: 1. Set Clear Goals: Start by setting clear goals and breaking them down into smaller manageable tasks. Having a clear understanding of what you want to achieve helps keep you focused and motivated. 2. Use a To-Do List: Write down all the tasks you need to complete for the day or week and prioritize them according to their importance and urgency. This helps you stay organized and on track. 3. Avoid Distractions: Identify and minimize distractions that take your attention away from your work. This could include turning off notifications for non-essential apps working in a quiet environment and avoiding multitasking. 4. Take Breaks Regularly: It's essential to take breaks regularly to recharge and refresh your mind. During your breaks you can do a quick exercise meditate or even take a short walk to clear your head. 5. Use Tools and Apps: There are plenty of tools and apps available to help you stay productive. Use apps like Trello or Asana to manage your tasks Pomodoro timers to maintain focus and blocking apps to minimize distraction. 6. Optimizing your daily routine: It is important to have a morning routine aimed at increasing your energy and concentration during the day. Sleeping well eating healthy and having a pleasant time to wake up are factors that have a strong influence on daily productivity. By implementing these strategies you can effectively increase your productivity achieve your goals and reach your fullest potential.","Set a daily time block for deep work: Choose one 90-minute period each day to focus solely on your most important task—no emails no messages no distractions. Use the Pomodoro Technique (25 minutes work 5 minutes rest) within that block to maintain focus. At the end of the day review what you accomplished and plan the next day’s deep work block. Consistency beats intensity.","","21","86","107","19.815","50.467","12.450","80.320","7.72260","50.11987","57.84247","2026-07-10T15:38:14.755769","2026-07-10T15:38:15.815586","2026-07-10T15:38:22.723063","2026-07-10T15:38:22.723409"
"86","1","86","Write a story that uses the following four words: sunset starry journey adventure","","Once upon a time there was a young boy who dreamed of embarking on an epic journey. He longed for adventure and the thrill of exploring new lands. One warm summer evening as he gazed out at the beautiful sunset he knew that it was time to set out on his quest. The boy packed a small bag with everything he would need for his journey and set out into the night. The sky was starry and clear and the moon shone brightly lighting his way. As he walked he couldn't help but feel excited about the adventure that lay ahead. Days turned into weeks as the boy journeyed further and further from home. He encountered all sorts of obstacles and challenges but with each one he became stronger and more determined. The sun set and rose each day marking the passage of time as he continued on his quest. Finally after many long weeks of travel the boy reached his destination. He had discovered a new land filled with wonders and beauty beyond anything he could have ever imagined. The sunset over this new world was more breathtaking than any he had ever seen and the starry sky seemed to sparkle more brightly than ever before. The boy knew that his journey had been worth every step and he was grateful for the adventure that had brought him to this magical place. And so as he watched the sun set on another day he knew that this was just the beginning of a lifetime of exploration and discovery.","The dust of the Forgotten Vale still clung to Elara’s boots as she paused on the crumbling edge of the Whispering Cliffs. Below the valley plunged into twilight the last molten gold of the **sunset** bleeding across the jagged peaks. It was a beauty that felt heavy like a promise that had been made and then forgotten. She wasn’t supposed to be here. The elders spoke of the Cliffs as a dead end a place of swallowed light and silent tombs. But Elara had found the map – a scrap of star-chart etched on obsidian its lines pulsing faintly blue under her lamp. It pointed *here* to this desolate edge and whispered of the *Starry Path*. Her **adventure** had begun years ago chasing whispers of the Sky-Singer a mythical being said to weave constellations from starlight. Her village nestled in the valley had long since stopped looking up. But Elara remembered her grandmother’s stories the way her eyes would light with a memory of the **starry** vault. She’d packed her meager supplies traded her mother’s heirloom locket for a map and walked into the unknown. Now standing on","","30","256","286","20.449","48.901","12.367","80.859","11.11594","151.26180","162.37773","2026-07-10T15:38:22.726048","2026-07-10T15:38:24.193077","2026-07-10T15:38:44.892856","2026-07-10T15:38:44.893350"
"87","1","87","Think of a creative way to transport a car from Denver to Texas.","","One idea for transporting a car from Denver to Texas in a creative way is to use helium filled balloons to float it through the sky. The car could be fitted with a harness and a large number of high-strength balloons could be attached to it. Once filled with helium the balloons would lift the car up into the air allowing it to be gently floated towards Texas. A small team of trained pilots could use drones to navigate the car and control its altitude making sure it stays on course and avoiding any obstacles or hazards along the way. This would be a unique and visually stunning way to transport the car and could draw a lot of attention and interest from people along the route.","How about a *car-powered hot air balloon*? Here’s the wild plan: 1. **Modify the car** — Remove the engine and replace it with a lightweight solar-powered blower to inflate a massive custom-designed balloon made from heat-resistant UV-treated fabric. 2. **Attach the car** — Secure the car (with wheels detached) to the balloon’s gondola using modular aerodynamic brackets. 3. **Launch in Denver** — At dawn when thermals are stable ignite the solar-assisted blower to lift the balloon carrying the car across the Rockies. 4. **Navigate via GPS & wind currents** — Use real-time weather drones to ride thermal updrafts and steer toward Texas adjusting altitude like a pilot. 5. **Land in Texas** — At sunset deploy parachutes and touch down gently in a wide-open field near Austin. Bonus: The car’s original engine becomes a backup generator for the balloon’s control systems. It’s not practical but it’s *legendary*—a mobile art piece that turns a cross-country journey into a story worth telling. 🚗🎈✨","","26","240","266","20.089","49.779","12.290","81.368","9.36813","143.06351","152.43165","2026-07-10T15:38:44.896081","2026-07-10T15:38:46.190331","2026-07-10T15:39:05.718602","2026-07-10T15:39:05.719088"
"88","1","88","Name a famous person who embodies the following values: knowledge and creativity.","","One famous person who embodies the values of knowledge and creativity is Albert Einstein. He is widely regarded as one of the most brilliant and influential scientists of all time and his groundbreaking theories and ideas have had a profound impact on our understanding of the universe. Einstein was a creative thinker who was able to develop new and innovative ideas and he also had a deep and expansive knowledge of the scientific principles and theories of his time.","Leonardo da Vinci","","26","4","30","17.524","57.063","12.458","80.269","10.47917","2.90986","13.38903","2026-07-10T15:39:05.721747","2026-07-10T15:39:07.205391","2026-07-10T15:39:07.526469","2026-07-10T15:39:07.526755"
"89","1","89","Design a smartphone app","","The smartphone app I would design would be a personal organization and productivity tool. The app would feature a clean and intuitive user interface and it would be divided into several sections including a calendar to-do list goal tracker and note-taking section. The calendar section would allow users to add events and appointments set reminders and view their schedule in a daily weekly or monthly layout. The to-do list would enable users to organize tasks into categories and prioritize them based on urgency and importance. The goal tracker would help users set and track their personal and professional goals with features such as progress tracking and customizable milestones. Finally the note-taking section would provide a space for users to jot down ideas and reminders with the option to add images and voice recordings. The app would also integrate with other commonly used applications such as email and cloud storage to provide a seamless experience. Users could set up custom notifications and reminders to ensure they stay on track with their tasks and goals. Overall the app would be a comprehensive tool for managing time organizing tasks and achieving personal and professional goals.","Sure! Here's a concept for a smartphone app called **no_think**—a minimalist mindfulness-driven app designed to help users disconnect from mental clutter and return to the present moment. --- ### 🌿 **no_think: The App That Asks Nothing** > * Stop thinking. Just be. * **Core Philosophy**: In a world saturated with notifications decisions and overstimulation *no_think* is a digital sanctuary built for stillness. It doesn’t ask you to journal meditate or track habits. It asks nothing—because the goal is to *stop asking*. --- ### 📱 Key Features #### 1. **The Blank Screen (Home Screen)** - Upon opening you’re met with a full-screen softly glowing neutral color (e.g. warm gray or pale beige). - No icons. No text. No buttons. - The screen changes *only* when you close the app or touch it—then it slowly fades to black. - **Purpose**: To resist the urge to “do” something. Just *look*. Just *be*. #### 2. **No Notifications No Prompts** - No push notifications. - No onboarding tutorial. - No settings menu","","16","254","270","15.900","62.894","12.296","81.324","7.44543","150.43527","157.88070","2026-07-10T15:39:07.529059","2026-07-10T15:39:08.535366","2026-07-10T15:39:29.191749","2026-07-10T15:39:29.192244"
"90","1","90","Create an appropriate title for a song.","","Heartbeats and Echoes","Echoes in the Rain","","20","7","27","19.649","50.893","12.476","80.151","7.69906","3.63337","11.33243","2026-07-10T15:39:29.194821","2026-07-10T15:39:30.212688","2026-07-10T15:39:30.773748","2026-07-10T15:39:30.774008"
"91","1","91","Write a 100-word description of a bustling city street scene.","","The city street is alive with energy and movement as people from all walks of life hurry along the crowded sidewalks. The sounds of car horns and chatter fill the air contributing to the lively atmosphere. Street vendors line the sidewalks selling everything from hot dogs to exotic souvenirs attracting customers with their colorful displays and enticing aromas. Traffic is heavy with cars buses and bikes all vying for space on the busy roads. The bright lights of towering buildings and flashing signs illuminate the scene creating a vibrant and bustling urban environment.","Sunlight glints off polished steel and glass as honking taxis weave through a crowded artery. Pedestrians surge past a blur of scarves briefcases and coffee cups dodging street performers and food vendors. The air hums with chatter distant sirens and the rhythmic clatter of a newsstand delivery bike. A saxophonist plays a mournful tune near a subway grate drowned by the rumble of a passing train. Vendors shout over the din their wares—fresh flowers steaming dumplings designer sunglasses—vibrant against the grey pavement. Neon signs flicker to life as dusk approaches casting long shadows. Cars stall horns blare and a child’s laughter rings out swallowed by the city’s endless pulsing rhythm.","","27","164","191","20.565","48.626","12.392","80.697","10.18104","96.17299","106.35404","2026-07-10T15:39:30.776323","2026-07-10T15:39:32.089236","2026-07-10T15:39:45.323502","2026-07-10T15:39:45.323987"
"92","1","92","Rewrite the sentence using a different way of saying must .","Everyone must remember to bring their supplies to class.","It is imperative for everyone to remember to bring their supplies to class.","Everyone is required to remember to bring their supplies to class.","","35","12","47","20.274","49.324","12.468","80.208","13.46519","6.53107","19.99626","2026-07-10T15:39:45.326781","2026-07-10T15:39:47.053112","2026-07-10T15:39:48.015604","2026-07-10T15:39:48.015892"
"93","1","93","Convert the following graphic into a text description.","","I'm sorry but as an AI language model I cannot see the graphic you provided. Please provide a textual description of the graphic or any other text-based information so I can assist you better.","I cannot convert a graphic into a text description because no graphic was provided. Please share the image or describe it in detail so I can assist you.","","21","30","51","19.966","50.085","12.466","80.219","7.94899","17.45567","25.40466","2026-07-10T15:39:48.018180","2026-07-10T15:39:49.069958","2026-07-10T15:39:51.476524","2026-07-10T15:39:51.476815"
"94","1","94","Imagine you are making an egg sandwich write out a step-by-step instruction to make the sandwich.","","Here is a step-by-step instruction to make an egg sandwich: 1. Start by gathering all the ingredients you will need. These include bread eggs butter mayonnaise lettuce salt pepper and any other toppings or condiments you want to add. 2. Heat a non-stick skillet over medium heat and add a small pat of butter to the skillet. 3. Crack the eggs into the skillet and cook until the whites are set but the yolks are still runny. You can also flip the eggs over and cook for a few seconds on the other side if you prefer your yolks more cooked. 4. While the eggs are cooking toast the bread to your desired level of toasty-ness. You can use a toaster or you can toast the bread in the skillet by melting some butter on it and cooking the bread over medium-low heat until it is lightly browned on both sides. 5. Once the bread is toasted spread one side of each slice with mayonnaise. Place the lettuce on top of one slice of bread. 6. When the eggs are cooked use a spatula to carefully transfer them on top of the lettuce. Season with salt and pepper to taste. 7. Add any other toppings or condiments you want to include such as cheese sliced tomato or bacon. 8. Top with the other slice of bread mayonnaise side down. Cut the sandwich in half if desired and serve immediately. Enjoy your delicious egg sandwich!","1. Gather your ingredients: 2 slices of bread 1 egg butter or margarine salt pepper and optional additions like lettuce tomato or cheese. 2. Heat a non-stick skillet over medium heat. 3. Place a small pat of butter in the skillet and let it melt. 4. Crack the egg into a small bowl then carefully pour it into the skillet. 5. Cook the egg for 2–3 minutes or until the whites are set and the edges begin to lightly brown. Flip the egg gently with a spatula and cook for another 1 minute or until fully cooked to your preference. 6. While the egg is cooking place the bread slices on a clean surface. 7. Once the egg is cooked remove it from the skillet and set it aside on a plate. 8. Spread a thin layer of butter on one side of each bread slice. 9. Place the cooked egg onto one slice of bread on the buttered side. 10. Add optional ingredients: place a slice of cheese on top of the egg then add lettuce and/or tomato slices if desired. 11. Top with the second slice of bread buttered side facing outward. 12. Place the sandwich on","","32","256","288","20.355","49.128","12.362","80.893","11.85678","151.24318","163.09996","2026-07-10T15:39:51.479288","2026-07-10T15:39:53.051400","2026-07-10T15:40:13.760088","2026-07-10T15:40:13.760498"
"95","1","95","Predict how technology will change in the next 5 years.","","In the next five years technology is expected to advance significantly driven by trends such as artificial intelligence (AI) virtual and augmented reality the Internet of Things (IoT) 5G connectivity and automation. Here are some ways technology may change in the coming years: 1. Greater adoption of AI and Machine Learning: The use of AI and machine learning will continue to grow with more businesses and organizations incorporating these technologies into their operations. This will lead to more automation of tasks improved accuracy and efficiency in data analysis and the development of smarter and more intuitive software. 2. Widespread implementation of 5G: The rollout of 5G networks will revolutionize the way we connect and communicate bringing faster internet speeds stronger connections and reduced response times. This will enable advancements in fields such as telemedicine remote work and gaming. 3. Advancements in VR and AR: Virtual and augmented reality technologies will continue to develop with more immersive and interactive experiences becoming available. This will not only impact the entertainment industry but will also have implications for education training and simulation. 4. Expansion of IoT: The Internet of Things (IoT) will continue to expand with more devices and appliances being connected and sharing data. This will result in more efficient and personalized interactions with technology from smart homes to connected cars. 5. Continued growth of remote work: Advances in technology and the normalization of remote work during the pandemic will lead to continued growth in remote work. Tools for collaboration communication and productivity will continue to improve making it easier for teams to work together despite geographic distances. Overall technology in the next five years is expected to continue driving innovation and change in virtually every industry allowing for greater connectivity automation and efficiency.","Over the next five years technology is expected to evolve rapidly across several key areas: 1. **Artificial Intelligence (AI) Integration**: AI will become more embedded in everyday tools—personal assistants healthcare diagnostics customer service and creative applications like writing and design. Generative AI will improve in accuracy and context awareness enabling real-time content creation and personalized experiences. 2. **Edge Computing Growth**: With increased demand for low-latency processing AI and data analysis will shift closer to the source—on devices or local networks—enabling faster decision-making in applications like autonomous vehicles smart homes and industrial automation. 3. **Quantum Computing Progress**: While not mainstream quantum computing will see experimental breakthroughs in specialized fields like drug discovery materials science and complex optimization problems with cloud-based access expanding for researchers and enterprises. 4. **Advancements in Human-Computer Interaction**: Brain-computer interfaces (BCIs) and augmented reality (AR) glasses will see improved consumer adoption enhancing how we interact with digital environments—especially in education remote work and gaming. 5. **5G and Beyond**: 6G research will begin in earnest with faster more reliable connectivity enabling smart cities remote surgery and immersive telepresence. 5","","24","256","280","20.030","49.926","12.395","80.678","8.86093","151.29038","160.15131","2026-07-10T15:40:13.763122","2026-07-10T15:40:14.961344","2026-07-10T15:40:35.615028","2026-07-10T15:40:35.615523"
"96","1","96","Find the minimum value of 132 - 5*3","","The minimum value of `132 - 5 * 3` can be found by following the order of operations. First you would solve the multiplication inside the expression which is: 5 * 3 = 15. Then you can substitute this value into the expression making it `132 - 15`. Now we will perform the subtraction: 132 - 15 = 117 So the minimum value of `132 - 5 * 3` is 117.","Let's evaluate the expression step by step: We are given: $$ 132 - 5 \times 3 \div \text{no\_think} $$ But wait — **no_think** is not a number. It seems like a placeholder or a typo. Since it's not a valid mathematical expression we can't compute a numerical value unless we know what **no_think** represents. However if this is a trick or a playful expression (as suggested by no_think ) perhaps it's meant to imply that **no_think** is not affecting the math — or maybe it's a placeholder for **1** or **0** or perhaps it's meant to be ignored. Let’s consider possible interpretations: --- ### Interpretation 1: no_think is a variable Then the expression becomes: $$ 132 - \frac{5 \times 3}{\text{no\_think}} = 132 - \frac{15}{\text{no\_think}} $$ To **minimize** this expression we want to **maximize** the subtracted term $\frac{15}{\text{no\_think}}$. But we don’t know the","","26","256","282","20.656","48.412","12.400","80.642","9.26684","150.57275","159.83959","2026-07-10T15:40:35.618320","2026-07-10T15:40:36.877041","2026-07-10T15:40:57.521396","2026-07-10T15:40:57.521772"
"97","1","97","Provide a step-by-step explanation of how a physical computer is powered up.","","1. **Connect the power cable:** Start by confirming that the computer is correctly plugged into an electrical outlet surge protector or power strip (which should be turned on). Typically a computer uses a 3-pronged power cord with one end connecting to the power supply unit (PSU) at the back of the computer case and the other end is plugged into a wall socket. 2. **Turn on the power supply:** With the power cable connected locate the power supply unit (PSU) switch usually located at the back of the computer case near the power cord - this switches the PSU on or off - and move it to the 1 or ON position. 3. **Press the power button:** Find the power button on the front of the computer case and press it. This will send a signal to the power supply to start sending power throughout the system. 4. **The Boot Process:** Once the power button is pressed the power supply sends an electrical current to the motherboard and other components. The motherboard's BIOS (Basic Input/Output System) is activated and conducts a Power-On-Self-Test (POST) to ensure all hardware is functioning correctly. If the POST is successful it will then start the boot loader program which is responsible for loading the operating system. 5. **Loading the Operating System:** Once the boot loader is activated it will load the operating system (e.g. Windows macOS) from the hard drive or SSD into the computer's memory (RAM). The operating system then initializes the system and loads drivers and services responsible for controlling the computer's hardware and software. 6. **Ready to Use:** After the operating system has loaded the computer will display the login screen and the user can log in to the system. At this point the computer is powered up and the user can begin using it to perform tasks run applications and access the internet. Note: These steps assume that the computer is functioning correctly and has no issues with its hardware or software. If problems are encountered during the power-up process a user may need to troubleshoot the issue or seek the assistance of a professional technician.","1. **Connect the power cable**: Plug the power cord into the computer’s power supply unit (PSU) and into a wall outlet or surge protector. 2. **Ensure power source is active**: Confirm that the wall outlet or power strip is turned on and supplying electricity. 3. **Press the power button**: Locate the power button on the computer case (typically on the front or top) and press it firmly for about 1–2 seconds. 4. **Power supply activates**: The PSU receives the signal and begins converting AC power from the wall into DC power used by internal components. 5. **Motherboard initializes**: The power signal triggers the motherboard’s power management circuitry which starts the POST (Power-On Self-Test). 6. **POST runs**: The system checks hardware components (RAM CPU GPU storage) for proper functionality and integrity. 7. **BIOS/UEFI loads**: The system firmware (BIOS or UEFI) initializes and configures basic system settings such as boot order and hardware detection. 8. **Boot device is accessed**: The system checks the configured boot device (e.g. SSD HDD USB) for the operating system. 9. **Operating system loads**: The bootloader transfers control to the OS","","27","256","283","20.227","49.439","12.361","80.897","10.23384","151.23839","161.47223","2026-07-10T15:40:57.524441","2026-07-10T15:40:58.859291","2026-07-10T15:41:19.569036","2026-07-10T15:41:19.569553"
"98","1","98","Come up with some creative ways to recycle cardboard.","","1. Create fun and functional storage containers: Cut and shape cardboard boxes into custom organizers for your drawers cabinets and desk. 2. Design a DIY pet toy or scratching post: Cats and rabbits both love to play and scratch on cardboard. Create a fun and sustainable toy for your furry friend by gluing together pieces of cardboard for them to chew or scratch on. 3. Make picture frames: Cut out and decorate cardboard frames for your favorite photos or artwork. You can even use different colors and patterns to create a gallery wall. 4. Build a fort: Let your imagination run wild and build a fort or playhouse for your kiddos using various sizes and shapes of cardboard boxes. 5. Craft homemade cards or stationery: Cut and fold your cardboard into unique cards or note paper and decorate with markers paint or collages. 6. Compost it: Cardboard can be an effective brown material in compost piles. Simply shred or tear up the cardboard and add it to the mix. 7. Use as mulch: In a similar vein cardboard can be used as a weed barrier and mulch in garden beds. Lay down a layer of cardboard over weedy areas and then cover with dirt mulch or compost. 8. DIY plant pots: Use cardboard to create biodegradable pots for starting seedlings. Once the seedlings are ready to be transplanted simply place the entire pot into the ground.","Sure! Here are some creative ways to recycle cardboard—no thinking required just fun and eco-friendly ideas: 1. **Cardboard Pet Houses** – Build cozy little homes for hamsters guinea pigs or even outdoor birdhouses using sturdy corrugated cardboard. Line with soft paper and seal with non-toxic glue. 2. **Handmade Greeting Cards** – Cut and layer cardboard for a textured eco-chic card base. Decorate with paint stamps or pressed flowers for a unique gift. 3. **Furniture Prototypes** – Use cardboard to prototype furniture designs (like a chair or table) before building with wood. Great for designers and DIYers! 4. **Craft Paper Rolls** – Unroll cardboard tubes and use them as rolling pins paintbrush handles or even as part of a cardboard sculpture. 5. **Gardening Planters** – Line cardboard boxes with plastic or wax paper fill with soil and plant herbs or seedlings. They biodegrade over time—perfect for indoor or raised beds. 6. **Cardboard Jewelry Boxes** – Transform a small box into a jewelry organizer with compartments made from folded cardboard strips. 7. **Kids’ Art Studio** – Turn a large box into a","","22","256","278","19.887","50.284","12.380","80.777","8.51953","150.57818","159.09771","2026-07-10T15:41:19.572376","2026-07-10T15:41:20.678621","2026-07-10T15:41:41.357449","2026-07-10T15:41:41.357995"
"99","1","99","Construct a regular expression that matches all 5-digit numbers that start with 4.","","The regular expression that matches all 5-digit numbers that start with 4 would be `4\d{4}`. The `4` at the start of the expression indicates that the number must start with 4. The `\d` represents any digit and the `{4}` indicates that there should be four digits following the leading 4. The entire expression therefore means that the number should start with 4 and be followed by four digits resulting in a 5-digit number that starts with 4.","`^4\d{4}$`","","29","8","37","20.274","49.324","12.515","79.902","10.85760","4.36468","15.22228","2026-07-10T15:41:41.360833","2026-07-10T15:41:42.791236","2026-07-10T15:41:43.430452","2026-07-10T15:41:43.430751"
