"row_number","attempt","question_number","instruction","input_text","reference_output","server_response","status","eval_tokens","prediction_tokens","total_tokens","eval_tokens_per_sec","eval_ms_per_token","prediction_tokens_per_sec","prediction_ms_per_token","eval_energy_j","prediction_energy_j","accumulated_energy_j","sent_at","eval_done_at","prediction_done_at","received_at"
"0","1","0","How can you use technology to improve your customer service?","","There are several ways technology can be used to improve customer service including the following: 1. Implementing Chatbots: Chatbots can help provide a faster more personalized service to your customers. Equipped with artificial intelligence and natural language processing algorithms chatbots can quickly respond to customer queries saving customers time and providing them with immediate assistance. 2. Using Social Media: Using social media platforms to interact with customers is an excellent way to improve customer service. By maintaining an active presence on social media companies can respond to messages and comments promptly providing customers with an additional convenient way to reach out for support. 3. Creating a customer-centered website: The company's website should be designed to provide customers with all the relevant information they need about products and services. Features like FAQs and tutorial videos can simplify the user experience and provide better customer service. 4. Collect feedback: Collecting and analyzing feedback can be a powerful tool for improving customer service. By using surveys feedback forms and other tools to gather customer feedback companies can identify areas in which their service needs improvement and take action to address customer concerns. 5. Personalization: By leveraging customer data companies can provide a personalized experience to their customers. An AI-powered customer relationship management tool can track customer interactions and provide product/service recommendations based on their past experiences. In summary technology can be used in various ways to improve customer service. By implementing chatbots using social media developing a customer-centered website collecting feedback and personalizing the experience companies can provide better more efficient service to their customers.","Technology plays a crucial role in improving customer service. Here are some ways you can use technology to enhance your customer service: ### 1. **Customer Relationship Management (CRM) Systems** - CRM tools help track customer interactions orders and preferences in real time. These systems allow businesses to analyze customer data personalize communication and improve service quality. ### 2. **Automated Messaging and Chatbots** - Chatbots and automated systems can handle customer queries 24/7 providing immediate support. These systems can be integrated with existing customer service systems to increase response times. ### 3. **Self-Service Questioning Platforms** - Platforms like Intuit or QuickBooks allow customers to ask questions and get answers without needing to be called. These tools can reduce wait times and improve overall customer satisfaction. ### 4. **Phone and Email Support Systems** - These systems enable businesses to respond faster to customer issues even if the customer is online or offline. Integration with mobile apps can provide seamless experience. ### 5. **Email Marketing and Social Media Analytics** - Email marketing tools allow businesses to personalize communication with customers. Social media analytics tools help track customer engagement and tailor future interactions. ### 6. **Data","","23","256","279","84.556","11.826","47.648","20.987","1.20141","34.56591","35.76732","2026-07-06T13:51:42.919904","2026-07-06T13:51:43.191912","2026-07-06T13:51:48.564677","2026-07-06T13:51:48.565794"
"1","1","1","Sort the numbers 15 11 9 22.","","The sorted numbers in ascending order are: 9 11 15 22.","To sort the numbers **15 11 9 22** in ascending order: 1. Start with the smallest number: **9** 2. Next smallest: **11** 3. Next smallest: **15** 4. Largest: **22** So the sorted list is: **9 11 15 22**.","","30","87","117","86.506","11.560","49.327","20.273","1.87936","11.47835","13.35771","2026-07-06T13:51:48.568620","2026-07-06T13:51:48.915418","2026-07-06T13:51:50.679158","2026-07-06T13:51:50.679421"
"2","1","2","Create a list of 8 questions to ask prospective online tutors.","","1. What is your experience and educational background in the subject(s) you tutor? 2. How do you assess and track the progress of your students? 3. How do you engage and motivate students during online sessions? 4. Can you provide references from past or current students or their parents? 5. What is your tutoring approach or teaching method? 6. How do you accommodate different learning styles and needs? 7. What scheduling options do you offer for online sessions and what is your policy for cancellations or rescheduling? 8. How do you use technology to enhance and facilitate the learning experience during online sessions?","Certainly! Here are eight thoughtful questions you can ask prospective online tutors: 1. **What do you think is the most important skill for an online tutor to develop or improve?** This can help you understand what areas of instruction need focus and how to build that. 2. **How do you approach lesson planning when there is limited time or resources?** It shows a clear understanding of your educational philosophy and how you can adapt your approach. 3. **What do you think is the core of effective online teaching?** This could reveal your passion for learning and your approach to engaging students. 4. **How do you balance teaching and personal development?** It shows you value both teaching and personal growth which is important for long-term success. 5. **What do you find most challenging about online teaching?** This can highlight areas where you need to improve or where you need to support others. 6. **How do you plan to engage students in active learning?** This shows your approach to engaging students in a way that aligns with their learning style. 7. **How do you handle challenges in teaching like student engagement or feedback?** This shows your ability to handle challenges","","25","256","281","85.713","11.667","45.126","22.160","1.29782","35.67866","36.97648","2026-07-06T13:51:50.681797","2026-07-06T13:51:50.973469","2026-07-06T13:51:56.646433","2026-07-06T13:51:56.646814"
"3","1","3","Rewrite the given poem so that it rhymes","This world was far from perfect As the shadows have shown. The wickedness won’t relent As the risks have grown.","This world was far from ideal As the darkness did reveal. Wickedness refused to yield As dangers in the shadows peeled.","This world was far from perfect With every shadow it grows. The wickedness never stops And risks grow the path is now.","","49","36","85","87.228","11.464","47.226","21.175","3.12758","5.16801","8.29560","2026-07-06T13:51:56.649578","2026-07-06T13:51:57.211325","2026-07-06T13:51:57.973612","2026-07-06T13:51:57.973844"
"4","1","4","Provide a realistic context for the following sentence.","She was frustrated and angry.","She was frustrated and angry after spending over an hour on hold with customer service only to be transferred multiple times without getting any resolution to her issue.","In a busy office a woman felt frustrated and angry because her manager had been ignoring her for a long time. The company was growing quickly and she was already working hard but the frustration she felt was due to the lack of attention she was receiving.","","27","56","83","86.305","11.587","48.823","20.482","1.93830","6.90761","8.84591","2026-07-06T13:51:57.976283","2026-07-06T13:51:58.289127","2026-07-06T13:51:59.436137","2026-07-06T13:51:59.436372"
"5","1","5","Change the text so that it follows the humorous tone. John and Amy bought a new car.","","Well well well look at John and Amy rolling in dough and cruising through the town in their brand spanking new car! Next thing you know they'll be waving at the peasants from their shiny chariot.","John and Amy bought a new car! 🚗✨","","31","15","46","86.385","11.576","46.242","21.625","2.03158","1.83876","3.87034","2026-07-06T13:51:59.438670","2026-07-06T13:51:59.797529","2026-07-06T13:52:00.121907","2026-07-06T13:52:00.122166"
"6","1","6","List ten scientific names of animals.","","1. Panthera pardus - Leopard 2. Loxodonta africana - African Elephant 3. Gorilla gorilla - Western Gorilla 4. Balaenoptera musculus - Blue Whale 5. Canis lupus - Grey Wolf 6. Felis catus - Domestic cat 7. Dermochelys coriacea - Leatherback Sea Turtle 8. Struthio camelus - Ostrich 9. Ursus maritimus - Polar Bear 10. Oryctolagus cuniculus - European Rabbit.","1. **Barnacle** 2. **Whale** 3. **Fish** 4. **Insect** 5. **Mammal** 6. **Bird** 7. **Reptile** 8. **Aquatic** 9. **Mammal** 10. **Reptile**","","19","77","96","85.769","11.659","43.929","22.764","1.27616","10.47932","11.75548","2026-07-06T13:52:00.124261","2026-07-06T13:52:00.345787","2026-07-06T13:52:02.098622","2026-07-06T13:52:02.098850"
"7","1","7","Given a list of items indicate which items are difficult to recycle.","Cans Plastic bags Glass bottles","Plastic bags are difficult to recycle.","From the list provided the items that are difficult to recycle are: - **Cans** – These are typically made of plastic or steel and are not easily recyclable. - **Plastic bags** – These can be tricky because they might be used for food or used in ways that make them unsuitable for recycling especially if they are not properly sorted. - **Glass bottles** – These can be a problem because they might be broken so they may need to be disposed of rather than recycled. So the items that are difficult to recycle are **Cans Plastic bags and Glass bottles**.","","34","128","162","85.302","11.723","48.115","20.783","1.88358","17.37687","19.26044","2026-07-06T13:52:02.101188","2026-07-06T13:52:02.499774","2026-07-06T13:52:05.160044","2026-07-06T13:52:05.160353"
"8","1","8","Identify a stylistic device used by the author in the following sentence.","The cold breeze chills my bones.","The author has used personification in the sentence The cold breeze chills my bones. Personification is a figure of speech in which a non-human subject is given human characteristics. In this case the non-human subject is the cold breeze which is given the human characteristic of being able to chill someone's bones.","The sentence uses the **simile** as a stylistic device. A simile is a comparison between two unlike things that is used to highlight a particular quality or trait. In this case the cold breeze is compared to a person who is chilling – the breeze is likened to a person who is chills. This simile is used to convey the emotional or physical impact of the cold breeze on the speaker.","","35","91","126","85.744","11.663","49.532","20.189","2.60628","11.55803","14.16431","2026-07-06T13:52:05.162661","2026-07-06T13:52:05.570854","2026-07-06T13:52:07.408047","2026-07-06T13:52:07.408348"
"9","1","9","Determine the product of 3x + 5y","x = 2 y = 3","To determine the product of 3x + 5y when x = 2 and y = 3 we need to substitute the values of x and y into the expression 3x + 5y. Plugging in the value of x = 2 and y = 3 we have: 3x + 5y = 3(2) + 5(3) = 6 + 15 = 21 Therefore the product of 3x + 5y when x = 2 and y = 3 is 21.","We are given the expression: $$ 3x + 5y $$ And the values: $$ x = 2 \quad y = \frac{3}{1} $$ Let's substitute the values into the expression: $$ 3x + 5y = 3(2) + 5\left(\frac{3}{1}\right) $$ Now calculate each term: $$ 3(2) = 6 \quad 5\left(\frac{3}{1}\right) = 15 $$ Add the results: $$ 6 + 15 = 21 $$ ### Final Answer: $$ \boxed{21} $$","","34","152","186","85.135","11.746","48.168","20.761","1.98713","20.43049","22.41761","2026-07-06T13:52:07.410563","2026-07-06T13:52:07.809927","2026-07-06T13:52:10.965571","2026-07-06T13:52:10.965879"
"10","1","10","Generate a title for the article given the following text.","Scientists have found a new species of plant living in the high mountains of South America.","- Discovery of new plant species on South America's high mountains announced by scientists","**A New Discovery: A Plant Species Found in South America's High Mountains**","","40","20","60","86.252","11.594","50.161","19.936","2.51530","2.59626","5.11156","2026-07-06T13:52:10.968252","2026-07-06T13:52:11.432010","2026-07-06T13:52:11.830729","2026-07-06T13:52:11.830948"
"11","1","11","Create a small animation to represent a task.","Ticket Booking","I'm an AI language model so I do not have the ability to create animations. However I can describe an animation that could represent a ticket booking task: 1. The animated scene opens up on a calendar marked with a particular date. 2. An icon of a train moves across the screen and stops at the marked date. 3. The users hand moves about the screen selecting various options such as the place of departure destination and the class of seat. 4. The user taps on the icon of a train. 5. A series of train seats appear on the screen the user again moves about the screen selecting a seat. 6. A ticket stamped with the date seat number departure and destination details appear on the screen and the animation ends.","Certainly! Here's a small animation that represents the task of **ticket booking**: --- ### 🎬 Ticket Booking Animation (Small Screen) **Scene Overview:** - A small screen shows a group of people standing in a row probably at a ticket booth. - A single person is holding a ticket in front of them. - The person is waiting for a ticket to be given which represents the booking process. **Animation Steps:** 1. **Start:** Two people stand in a line at a ticket booth. One is waiting for a ticket the other is waiting for another person to help them. 2. **Middle:** One person holds a ticket in front of them showing that they are waiting to get a ticket. 3. **End:** One person gives the ticket to another who now starts the process of booking a ticket. **Visual Elements:** - Two people in a line. - A single person holding a ticket. - A person waiting with a ticket. - The scene ends with a smile and a sense of completion. --- This animation visually represents the process of **ticket booking** showing the waiting line the waiting for a ticket and the act of booking in the end. Let me know if you'd like","","23","255","278","85.424","11.706","43.051","23.228","1.32501","36.40111","37.72613","2026-07-06T13:52:11.832951","2026-07-06T13:52:12.102197","2026-07-06T13:52:18.025404","2026-07-06T13:52:18.025852"
"12","1","12","Generate a deeper understanding of the idiom bringing home the bacon .","","The idiom bringing home the bacon is a colloquial expression which has its origins in the early 20th century. This phrase alludes to the idea of providing for one’s family or household by earning a steady income usually in the form of wages or salary in order to put food on the table or to fulfill the financial needs of the family. Often the expression is used to describe someone who is the primary breadwinner of the family the one who brings in the most financial resources thereby bringing home the bacon . The idiom has its origins in the rural setting where pig farming was a prominent source of livelihood. Bacon was and still is considered a staple food in many households and bringing a steady supply of it meant that the family was sufficiently provided for. In contemporary usage however the phrase has lost its direct reference to meat and has come to symbolize the act of providing for one's family through their earnings. In summary “bringing home the bacon” means to earn a living for one’s family while providing them with the necessities and comforts of life.","The idiom ** bringing home the bacon ** is a metaphor used to describe the act of contributing to someone's life or to live in a way that benefits the other person. It is commonly used in English especially in conversations about how to share responsibilities or support others. Here's a deeper understanding of the idiom: - ** Bringing home the bacon ** means to do something that benefits someone else especially in a way that they are not taking part in. This is often used in situations where one person is working and the other is left to handle responsibilities and they want to help but feel it's not their turn. The idiom is often used in romantic or platonic relationships to show that one is supporting the other. - The phrase bringing home the bacon is a two-syllable idiom and it's often used in informal English to show that one is helping another even if it's not their turn. It can also refer to sharing household responsibilities in a relationship. In summary bringing home the bacon is a way to show that one is helping another even if it means doing something that benefits the other person. It's a common expression used in everyday language.","","26","251","277","85.229","11.733","48.368","20.675","1.87558","32.99345","34.86904","2026-07-06T13:52:18.028269","2026-07-06T13:52:18.333328","2026-07-06T13:52:23.522674","2026-07-06T13:52:23.523116"
"13","1","13","Identify and correct the subject verb agreement error in the sentence.","The box of tools are in the garage.","The sentence should be corrected to: The box of tools is in the garage.","The box of tools are in the garage.","","34","13","47","84.827","11.789","50.464","19.816","2.03118","1.82892","3.86010","2026-07-06T13:52:23.525622","2026-07-06T13:52:23.926436","2026-07-06T13:52:24.184043","2026-07-06T13:52:24.184244"
"14","1","14","Write a design document to describe a mobile game idea.","Game Idea: A battle royale game with a superhero and villain theme.","__Overview__ The game will be a multiplayer battle royale game where players can choose to play as superheroes or villains. The game will be set in an urban landscape and during the battle the players will need to fight to be the last one standing. __Gameplay__ The game begins with the players selecting their characters. There will be a selection of superheroes and villains to choose from each with its own unique abilities and powers. Once the players have chosen their characters they will be transported to an urban landscape that will serve as the battlefield. The objective of the game is to eliminate all other players and be the last one standing. The players' powers and abilities can be used to attack defend or move around the battlefield. The urban landscape will have plenty of hiding spots vantage points and areas with power-ups that will aid the players in the battle. As the battle progresses the playable area will shrink forcing players to move to a smaller area and increase the likelihood of encountering other players. The game will end when only one player is left standing. __Monetisation__ The game will be a free-to-play title with in-app purchases. These purchases can be used to buy new characters skins or power-ups. The game will also feature advertisements between rounds. __Target Audience__ The target audience for this game is teenagers and young adults who are fans of superhero and/or villain lore. The game will appeal to those who enjoy action-packed games with a competitive edge. __Design__ The game will feature colorful 3D graphics and will have a lively and action-packed soundtrack that will match the fast-paced gameplay. The controls will be intuitive with players able to move attack and activate their abilities through simple gestures. __Conclusion__ In conclusion this battle royale game with a superhero and villain theme promises to be an action-packed adrenaline-pumping experience for players. With a wide selection of characters to choose from and a dynamic urban battlefield the game will keep players engaged and entertained for hours on end.","**Design Document: Battle Royale Mobile Game – *HeroVillain: Clash of Legends*** --- ## **1. Project Overview** ### **Game Title:** *HeroVillain: Clash of Legends* **Target Audience:** High school and college students as well as younger audiences interested in strategy and team play. **Game Type:** Battle Royale Mobile Game **Core Idea:** The game features a superhero and villain theme where players must navigate a deadly competitive environment to outwit each other while protecting their hero and villain characters. --- ## **2. Game Mechanics and Features** ### **2.1. Battle Royale System** - **Teams:** Players form squads of 4–6 members with each squad having a hero and a villain. - **Enemy:** The game begins with enemies and villains in a dangerous setting which players must defeat to advance. - **Scoring System:** Points are awarded for defeating enemies and teams earn victory points based on team performance. ### **2.2. Hero & Villain Interaction** - Players interact with their hero and villain characters which can be either friendly or hostile depending on the game state. - The hero and villain can be shielded or attacked with special abilities that vary based","","38","256","294","85.791","11.656","46.705","21.411","2.53911","35.45399","37.99310","2026-07-06T13:52:24.186510","2026-07-06T13:52:24.629448","2026-07-06T13:52:30.110689","2026-07-06T13:52:30.111160"
"15","1","15","Infer the meaning of the phrase “you’re going over the top with that.”","","The phrase “you’re going over the top with that” typically means that someone is behaving in an excessive or exaggerated manner. They may be putting too much effort or emotion into something or taking an approach that is considered extreme. The phrase can also imply that the actions being taken are unnecessary or unwarranted.","The phrase you're going over the top with that means that someone is acting in a way that exceeds expectations or expectations possibly because they're being pushy self-centered or trying too hard to meet or exceed something. It can be used in a playful or teasing way indicating that the person is doing something that seems excessive or unnecessary in the context.","","29","78","107","85.966","11.632","42.851","23.337","1.95888","11.15307","13.11195","2026-07-06T13:52:30.113771","2026-07-06T13:52:30.451112","2026-07-06T13:52:32.271369","2026-07-06T13:52:32.271632"
"16","1","16","Name two players from the Chiefs team?","","Two players from the Kansas City Chiefs team are Patrick Mahomes and Tyreek Hill.","The New England Patriots and the Kansas City Blues are the two teams mentioned.","","20","19","39","84.869","11.783","50.571","19.774","1.30623","2.48817","3.79440","2026-07-06T13:52:32.273799","2026-07-06T13:52:32.509456","2026-07-06T13:52:32.885169","2026-07-06T13:52:32.885367"
"17","1","17","Identify the chemical reaction type for the following equation.","Al + O2 → Al2O3","The chemical reaction type for the given equation Al + O2 → Al2O3 is a synthesis reaction or a direct combination reaction. In this reaction two or more substances Aluminum and Oxygen react to form a single product Aluminum oxide.","The equation: **Al + O₂ → Al₂O₃** is a **synthesis reaction**. **Explanation:** Synthesis reactions are chemical reactions in which a **single substance (or compound) reacts with another compound to form a new compound**. In this reaction: - **Aluminum (Al)** is the reactant. - **Oxygen gas (O₂)** is the reactant. - The products are **aluminum oxide (Al₂O₃)** which is a compound. So the chemical reaction is: **Aluminum metal reacts with oxygen gas to form aluminum oxide.** This is a **synthesis reaction**.","","32","137","169","86.045","11.622","48.265","20.719","1.92528","18.74131","20.66659","2026-07-06T13:52:32.887427","2026-07-06T13:52:33.259324","2026-07-06T13:52:36.097815","2026-07-06T13:52:36.098219"
"18","1","18","Generate a phrase using these words","love summer","Summer is the season of love and sunshine.","Summer with love! 🌞❤️","","22","12","34","86.191","11.602","46.688","21.419","1.29939","1.95368","3.25307","2026-07-06T13:52:36.100446","2026-07-06T13:52:36.355692","2026-07-06T13:52:36.612716","2026-07-06T13:52:36.612908"
"19","1","19","Split the following sentence into two separate sentences.","He said hello and waved goodbye.","He said hello. He waved goodbye.","He said hello then waved goodbye.","","28","12","40","86.084","11.617","26.372","37.919","2.05951","2.10684","4.16635","2026-07-06T13:52:36.614975","2026-07-06T13:52:36.940238","2026-07-06T13:52:37.395260","2026-07-06T13:52:37.395512"
"20","1","20","Generate a list of 10 items one would need to prepare a simple sandwich","","Here is a list of 10 items one would need to prepare a simple sandwich: 1. Sliced bread - Both white and whole wheat are fantastic options for a sandwich. 2. Spread - There are many sandwich spreads to choose from including mayonnaise mustard or butter. 3. Protein filling - Choose what you like best or whatever you have on hand like chicken ham turkey or tuna. 4. Lettuce - Fresh leaves of lettuce add a crunch to your sandwich and are a great source of fiber. 5. Tomato - Slice it and layer it in they add flavor and moisture to the sandwich. 6. Cheese - Slices of cheese like swiss cheddar or mozzarella add an extra level of taste and richness. 7. Onion - Thinly sliced red onion adds a sweet and slightly spicy flavor to the mix. 8. Cucumber - Thinly sliced cucumber is crisp refreshing and low in calories. 9. Salt and pepper - A little seasoning brings out the flavor of all the other ingredients. 10. A knife - You will need a knife to spread condiments slice vegetables and cut your sandwich in half if preferred.","Sure! Here are ten items you would need to prepare a simple sandwich: 1. Bread (whole grain or rolled) 2. Slices of cheese 3. Slices of ham 4. Slices of other cheese (e.g. whoopee or feta) 5. Slices of lettuce 6. Slices of tomato 7. Slices of whole grain mustard 8. Slices of pickles 9. Slices of bread crumbs 10. Slices of relish (e.g. mayonnaise or tomato)","","28","117","145","86.958","11.500","49.583","20.168","2.05419","14.72829","16.78249","2026-07-06T13:52:37.397458","2026-07-06T13:52:37.719453","2026-07-06T13:52:40.079124","2026-07-06T13:52:40.079449"
"21","1","21","Create a list of website ideas that can help busy people.","","1. Virtual Assistant Services: A website that provides virtual assistance services to busy individuals to assist them with their daily tasks and commitments. 2. Online Grocery Delivery: A website that specializes in delivering groceries right to the doorstep saving busy people the time and effort of going to the grocery store. 3. Appointment Scheduling: A website that provides an easy and efficient way to schedule appointments book reservations and manage a busy calendar. 4. On-Demand Cleaning Services: A website that offers on-demand cleaning services making it easier for busy individuals to keep their homes tidy without sacrificing their time. 5. Personal Concierge: A website that provides personal concierge services for busy people such as booking travel arrangements conducting research or running errands. 6. Virtual Nutritionist: A website that provides personalized nutrition plans and meal recommendations for busy individuals who want to eat healthily but don't have the time to plan their meals. 7.Task Management: A website that helps busy people manage and organize their tasks and responsibilities prioritizing them and ensuring nothing falls through the cracks. 8. Virtual Fitness trainer: A website that provides personalized virtual fitness training for busy people who don't have the time to hit the gym. 9. Virtual Therapy: A website that offers virtual therapy and mental health services providing a convenient and accessible way for busy individuals to prioritize their mental health and well-being. 10. On-demand Child-care Services: A website that provides on-demand childcare services to help busy parents find reliable and trustworthy caregivers for their children when they need an extra hand.","Certainly! Here are a few **website ideas** that can help busy people manage their time and stay organized: --- ### 1. **Time Blocking App** - **What it does:** Schedule and prioritize tasks based on time blocks. - **Example:** Use a time-tracking app to set time limits for each day or night. --- ### 2. **Task Management Platform** - **What it does:** Track tasks deadlines and progress in a user-friendly way. - **Example:** Use Notion or Trello to organize tasks. --- ### 3. **Diary or Note-Taking App** - **What it does:** Create a personal journal or note-taking tool for daily inspiration or reflection. - **Example:** Google Keep or Evernote. --- ### 4. **Plan Your Schedule App** - **What it does:** Create and schedule your day week or month in a structured way. - **Example:** Google Calendar or Outlook. --- ### 5. **Productivity Tools** - **What it does:** Improve efficiency through automation and planning. - **Example:** Trello Asana or Hot Topic for project management. --- ### 6. **Personal Organization Site** - **What it does:** Help users","","24","256","280","85.935","11.637","46.601","21.459","1.33151","35.24791","36.57942","2026-07-06T13:52:40.081767","2026-07-06T13:52:40.361049","2026-07-06T13:52:45.854444","2026-07-06T13:52:45.854808"
"22","1","22","Write a general overview of quantum computing","","Quantum computing is a relatively new and rapidly evolving field that seeks to harness the principles of quantum mechanics to perform operations on data in ways that classical computers cannot. At its core a quantum computer uses qubits (quantum bits) rather than the traditional bits of classical computing. A qubit is a unit of quantum information that can exist in both a 0 and 1 state simultaneously due to the quantum phenomenon known as superposition. This ability to occupy multiple states at once allows qubits to perform multiple calculations simultaneously potentially allowing quantum computers to solve certain problems much faster than their classical counterparts. For certain tasks such as factoring large numbers quantum computers can offer significant advantages in speed and efficiency. Quantum mechanics also allows for another powerful capability called entanglement which is a kind of correlation between separated particles that allows them to behave as one system even when separated by large distances. This property can be leveraged to create quantum algorithms that are more efficient than classical algorithms for specific types of problems such as optimization or machine learning. The field of quantum computing is still in its early stages and both theoretical and practical challenges remain. However as technology improves quantum computers are expected to have major implications for fields such as cryptography chemistry and artificial intelligence among others.","Quantum computing is a revolutionary field that leverages the principles of quantum mechanics to solve problems in a new way. Unlike classical computing which relies on binary bits (0 and 1) quantum computing uses superposition entanglement and quantum tunneling to process information in unexpected ways. Here's a general overview of quantum computing: ### 1. **Core Principles**: - **Quantum Mechanics**: The fundamental theory behind quantum computing is quantum mechanics which deals with the behavior of particles at the smallest scales. Quantum mechanics includes concepts like superposition which describes the ability of a quantum particle to exist in multiple states at the same time and entanglement which describes correlations between particles. - **Quantum Computers**: These devices mimic the behavior of quantum computers capable of performing calculations in a quantum manner. Quantum computers are based on quantum bits (qubits) that can exist in superpositions allowing for parallel processing of information. ### 2. **Applications**: - **Quantum Simulation**: Quantum computers can simulate quantum systems which is a crucial application. This has applications in chemistry and materials science. - **Quantum Cryptography**: Quantum computers can enable secure communication through quantum key distribution (QKD)","","19","256","275","0.457","2190.408","46.981","21.285","178.77362","35.14494","213.91856","2026-07-06T13:52:45.857275","2026-07-06T13:53:27.475020","2026-07-06T13:53:32.924038","2026-07-06T13:53:32.924431"
"23","1","23","State the possible outcomes of a six-sided dice roll.","","The possible outcomes of rolling a six-sided dice are: 1 2 3 4 5 and 6. Each number has an equal probability of being rolled which is 1/6.","The possible outcomes of a six-sided dice roll are: - 1 - 2 - 3 - 4 - 5 - 6 These are the six outcomes each representing one of the numbers from 1 to 6.","","23","58","81","85.581","11.685","41.830","23.906","1.31709","8.34224","9.65933","2026-07-06T13:53:32.926921","2026-07-06T13:53:33.195673","2026-07-06T13:53:34.582243","2026-07-06T13:53:34.582478"
"24","1","24","Rearrange the following words to make a meaningful sentence: the / project / was / but / on / successful / challenging.","","The project was challenging but successful.","The project was successful but challenging.","","38","11","49","86.411","11.573","50.536","19.788","2.52661","1.17604","3.70265","2026-07-06T13:53:34.584743","2026-07-06T13:53:35.024503","2026-07-06T13:53:35.242171","2026-07-06T13:53:35.242350"
"25","1","25","Create a quiz that asks about the first Thanksgiving.","","H Welcome to the Thanksgiving Quiz! Are you ready to test your knowledge about the first Thanksgiving? Let's begin! 1) In what year was the first Thanksgiving celebration held? a) 1512 b) 1621 c) 1700 d) 1776 2) The pilgrims celebrated the first Thanksgiving with which Native American tribe? a) Cherokee b) Sioux c) Wampanoag d) Navajo 3) Why did the pilgrims celebrate the first Thanksgiving? a) To celebrate their arrival in America b) To give thanks for a successful harvest c) To mark the end of a war d) To celebrate a wedding 4) What was the main dish served at the first Thanksgiving? a) Turkey b) Beef c) Venison d) Ham 5) How long did the first Thanksgiving celebration last? a) 1 day b) 3 days c) 1 week d) 2 weeks 6) True or False: The first Thanksgiving was actually called Thanksgiving by the pilgrims. 7) Which of these foods were NOT served at the first Thanksgiving? a) Pumpkins b) Potatoes c) Corn d) Cranberries 8) True or False: The first Thanksgiving was a religious event. 9) Who organized the first Thanksgiving feast? a) William Bradford b) John Smith c) Christopher Columbus d) George Washington 10) How many people attended the first Thanksgiving? a) 50 b) 90 c) 120 d) 140 Answers: 1) b) 1621 2) c) Wampanoag 3) b) To give thanks for a successful harvest 4) c) Venison 5) b) 3 days 6) False 7)b) Potatoes 8)False 9) a) William Bradford 10) b) 90 Congratulations for finishing the quiz! How many questions did you answer correctly?","Sure! Here's a fun and engaging quiz about the **First Thanksgiving**: --- ### **First Thanksgiving Quiz: A Holiday Quiz** 1. **Who was the first person to attend the First Thanksgiving?** A. Mr. Peabody B. Mr. Darcy C. Mr. Johnson D. Mr. Duff ✅ Correct answer: **A. Mr. Peabody** 2. **Who was the first person to participate in the First Thanksgiving?** A. Mr. Peabody B. Mr. Darcy C. Mr. Johnson D. Mr. Duff ✅ Correct answer: **A. Mr. Peabody** 3. **What was the main reason that the First Thanksgiving was held?** A. To thank the god of all nations B. To thank the king of England C. To thank the American farmers D. To thank the members of the house ✅ Correct answer: **C. To thank the American farmers** 4. **What was the main feature of the First Thanksgiving?** A. A large gathering of people","","22","256","278","84.426","11.845","48.745","20.515","1.30517","34.47909","35.78426","2026-07-06T13:53:35.244404","2026-07-06T13:53:35.504986","2026-07-06T13:53:40.756818","2026-07-06T13:53:40.757211"
"26","1","26","Given a quotation present an argument as to why it is relevant today.","Everybody is a genius. But if you judge a fish by its ability to climb a tree it will live its whole life believing that it is stupid. – Albert Einstein","The quotation by Albert Einstein is as relevant today as it was when he first spoke these words. The quote reminds us of the importance of recognizing the value of diverse talents skills and abilities. In today's society there is a lot of pressure to conform to certain standards and benchmarks of success which often involves excelling in traditional academic subjects and pursuing certain career paths. However Einstein's words remind us that everyone has their own unique strengths and abilities and judging someone by a narrow set of criteria is unfair and can lead to feelings of inadequacy and low self-esteem. This is especially relevant in the context of education where standardized testing and cookie-cutter curriculums often fail to account for the diverse range of abilities and learning styles among students. The quote also speaks to the importance of celebrating diversity and individuality rather than trying to fit everyone into the same mold. By recognizing and nurturing the unique talents and abilities of each person we can create a more inclusive and equitable society where everyone has the opportunity to reach their full potential.","**Argument:** The quotation by Albert Einstein is highly relevant today because it reflects a timeless principle about intelligence and perspective—** Everybody is a genius ** but the way we judge intelligence is what determines whether someone is truly intelligent or not. Today as we face complex global challenges like climate change inequality and uncertainty the importance of critical thinking and perspective becomes even more crucial. Einstein’s analogy about the fish is a powerful reminder that intelligence isn’t measured by external attributes but by how one interprets and applies knowledge. In today’s world where misunderstandings and assumptions are prevalent this quote offers a timeless lesson: intelligence lies in perspective not in perfection in appearance. This message resonates today encouraging us to embrace curiosity and challenge assumptions even in a world that often reduces complexity to personal flaws.","","62","169","231","87.822","11.387","45.036","22.205","4.60536","23.60087","28.20622","2026-07-06T13:53:40.760071","2026-07-06T13:53:41.466044","2026-07-06T13:53:45.218619","2026-07-06T13:53:45.218956"
"27","1","27","You are given an article about a new scientific discovery. Provide three potential implications of the discovery.","In a groundbreaking discovery researchers have successfully generated electricity from a material that mimics the way plants produce energy through photosynthesis. The material a synthetic polymer can absorb sunlight and produce electrical current with remarkable efficiency. This discovery has the potential to revolutionize the renewable energy landscape.","1. Reduction in the use of fossil fuels: If the synthetic material can be commercialized it could contribute to a shift away from fossil fuels reducing greenhouse gas emissions.\n2. Development of new technology: The discovery could pave the way for the development of new solar energy technologies such as flexible and portable solar panels.\n3. Widespread implementation of renewable energy: Given the potential efficiency of the new material more people and businesses may embrace renewable energy sources helping to combat climate change.","1. **Revolution in Renewable Energy Production**: The discovery could significantly enhance the efficiency of solar energy generation allowing for broader and more reliable solar power systems. This could reduce reliance on fossil fuels promoting a cleaner and sustainable energy future. 2. **Improved Solar Panel Technology**: By mimicking how plants generate energy this material may lead to the development of more efficient and scalable solar panels. This innovation could replace traditional solar panels reducing costs and improving global energy access. 3. **Potential for Medical Applications**: The synthetic polymer may also be used in medical devices or other industries where energy efficiency is crucial potentially revolutionizing industries like electronics and healthcare.","","87","135","222","87.438","11.437","45.249","22.100","5.61113","19.05206","24.66319","2026-07-06T13:53:45.222057","2026-07-06T13:53:46.217048","2026-07-06T13:53:49.200519","2026-07-06T13:53:49.200826"
"28","1","28","Answer the given open-ended question.","What is the most common emotion people feel when they lose a loved one?","The most common emotion people feel when they lose a loved one is grief. Grief is a natural response to loss and it involves a range of feelings from sadness and disbelief to anger guilt and loneliness. The grieving process is different for everyone and it can take time for people to come to terms with their loss and begin to heal.","The most common emotion people feel when they lose a loved one is often sadness. This is because losing a loved one is deeply emotional and may lead to feelings of sorrow loss and grief.","","34","43","77","85.287","11.725","50.288","19.886","2.02175","5.73511","7.75686","2026-07-06T13:53:49.203311","2026-07-06T13:53:49.601966","2026-07-06T13:53:50.457048","2026-07-06T13:53:50.457264"
"29","1","29","Construct a compound word using the following two words:","Computer science","The compound word constructed from the words computer and science is: Computer science","Sure! Here's a compound word made from the words **Computer** and **Science**: **Computer Science** This word combines the meanings of both concepts. It is a common compound word in education and everyday language.","","25","48","73","57.526","17.384","30.580","32.701","2.23692","8.94059","11.17751","2026-07-06T13:53:50.459428","2026-07-06T13:53:50.894016","2026-07-06T13:53:52.463647","2026-07-06T13:53:52.463888"
"30","1","30","Create a poetic metaphor that compares the provided person to an object or concept.","A runner","A runner is like a flame Fueled by the fire in their heart Racing with passion flickering with grace A force that cannot be easily extinguished Motion in its purest form A light that guides the way.","Certainly! Here's a poetic metaphor comparing a runner to a **symbol of perseverance and strength**: ** Like a runner who walks forward even when the wind is a storm he carries his spirit not lost but bright just as the sun rises on a lonely path. ** This metaphor captures the essence of a runner—resilient driven and full of purpose.","","29","83","112","86.451","11.567","50.070","19.972","2.00258","10.24037","12.24296","2026-07-06T13:53:52.466133","2026-07-06T13:53:52.801584","2026-07-06T13:53:54.459255","2026-07-06T13:53:54.459488"
"31","1","31","List the advantages of eating a plant-based diet for athletes.","","1. Improved Heart Health: A plant-based diet has been shown to decrease the risk of heart disease and other cardiovascular issues making it an excellent choice for athletes who need to keep their heart in top condition. 2. Enhanced Recovery Time: The anti-inflammatory properties of plant foods can help speed up recovery time post-workout by reducing inflammation and muscle soreness. 3. Increased Energy: Many plant foods contain complex carbohydrates that provide sustained energy making it easier to train harder for longer. 4. Healthy Weight Maintenance: Plant-based diets are usually high in fiber and low in saturated fats which makes it easier to maintain a healthy weight reducing the risk of obesity and related health conditions. 5. Reduced Risk of Chronic Diseases: Plant-based diets have been linked to a lower risk of chronic diseases such as diabetes and certain types of cancer keeping athletes in excellent overall health. 6. Better Digestion: The high fiber content of plant-based diets aids in digestion reducing the risk of gastrointestinal problems that can interfere with athletic performance. 7. Increased Nutrient Intake: Plant foods are rich in essential vitamins and minerals that enhance overall health and improve athletic performance such as iron for oxygen transport and calcium for strong bones. 8. Positive Environmental Impact: Eating a plant-based diet is not just good for athletes' health it also has a positive impact on the environment by reducing the carbon footprint of food production. 9. Cost-Effective: Plant-based diets can be cost-effective making it easier for athletes to eat healthily on a budget. 10. Improved Mental Health: Plant foods have been shown to improve mood and reduce anxiety and depression improving the overall mental wellbeing of athletes.","A plant-based diet has several advantages for athletes: 1. **Increased Protein Intake**: Plant-based foods (grains legumes nuts seeds) provide high-quality protein which is essential for muscle repair and recovery. This supports muscle growth and development which is crucial for athletic performance. 2. **Lower Risk of Inflammation**: Plant-based diets are linked to lower rates of chronic inflammation which is linked to injuries and recovery. This reduces the risk of injuries in athletes. 3. **Lower Risk of Obesity**: A plant-based diet is associated with lower obesity risk. Obesity is a major risk factor for athlete-related injuries such as injuries to muscles and joints. 4. **Improved Energy Levels**: Plant-based diets may enhance energy levels due to better satiety and lower calorie intake which supports sustained energy production during training and recovery. 5. **Reduced Chronic Disease Risk**: Plant-based diets are associated with lower rates of chronic disease including heart disease and diabetes which are significant risks for athletes. 6. **Support for Muscle Repair and Recovery**: The natural sugars in plant-based diets support muscle repair and recovery which is vital for athletes to perform at their best.","","24","256","280","55.321","18.076","48.895","20.452","2.41511","33.77427","36.18939","2026-07-06T13:53:54.461549","2026-07-06T13:53:54.895380","2026-07-06T13:54:00.131057","2026-07-06T13:54:00.131404"
"32","1","32","Generate a conversation about sports between two friends.","","Friend 1: Hey did you watch the game last night? Friend 2: Which one? There were so many on! Friend 1: The football game between the Steelers and the Ravens. Friend 2: Oh yes I did catch that one. It was a great game! Friend 1: Yeah the Steelers really pulled through in the end. Friend 2: I know! I was biting my nails the whole time. Friend 1: Did you see that catch by Brown? Friend 2: Oh yeah! That was insane. Friend 1: It's always great to watch these two teams play against each other. Friend 2: Definitely. They have such a strong rivalry. Friend 1: Speaking of rivalries are you planning on watching the basketball game between the Lakers and the Celtics next week? Friend 2: Yeah I'm really looking forward to that one. It's always a classic matchup. Friend 1: I know right? It's going to be epic. Friend 2: I can't wait. It's going to be a great game. Friend 1: For sure. Sports are always so much more exciting when there's a good rivalry involved. Friend 2: Agreed. It just adds an extra layer of excitement to the game.","**Friend A:** How are you today? I was thinking about how we could play a game together. What if we have a sports meeting? Maybe a game night? **Friend B:** That's a great idea! I haven't had time to think about it. If we have a game together it might be a fun time. Let's plan something. What do you think? **Friend A:** Maybe a soccer game? I can go. We could meet at our house. **Friend B:** That's a great plan! I'll set a time for us to play. We can have a time. Let's go! **Friend A:** Great! I will join you. I'll be there. We can have a great time together. Let's make it a fun time! **Friend B:** You're right! I'll make it a fun time. We can play together. Have a great time together!","","21","191","212","85.728","11.665","43.960","22.748","1.35647","26.71412","28.07059","2026-07-06T13:54:00.133843","2026-07-06T13:54:00.378803","2026-07-06T13:54:04.723642","2026-07-06T13:54:04.724015"
"33","1","33","Create an algorithm to sort the following numbers from the smallest to the largest","[45 -102 10 3400]","Here is one potential algorithm to sort the provided list of numbers from smallest to largest: 1. Start by defining the input list of numbers: `numbers = [45 -102 10 3400]` 2. Create an empty list to store the sorted numbers: `sorted_numbers = []` 3. Find the smallest number in the input list: `smallest_number = min(numbers)` 4. Add the smallest number to the sorted list: `sorted_numbers.append(smallest_number)` 5. Remove the smallest number from the input list: `numbers.remove(smallest_number)` 6. Repeat steps 3-5 until the input list is empty. 7. The resulting sorted list should be: `sorted_numbers = [-102 10 45 3400]`","To sort the numbers from **smallest to largest** we can use a **simple comparison algorithm**. Here's the algorithm: --- ### **Step-by-Step Algorithm:** 1. **List the numbers**: `[45 -102 10 3400]` 2. **Sort the numbers in ascending order** (smallest to largest). --- ### **Final Sorted Array:** ``` [-102 10 45 3400] ``` --- ### **Algorithm Summary:** - Use a comparison-based sort algorithm (e.g. `sort()` in Python). - Place the numbers in a list and sort them in ascending order. Let me know if you want a custom implementation!","","46","164","210","61.692","16.210","48.868","20.463","4.26451","21.24187","25.50637","2026-07-06T13:54:04.726472","2026-07-06T13:54:05.472117","2026-07-06T13:54:08.828093","2026-07-06T13:54:08.828406"
"34","1","34","Write a haiku about being happy.","","Blossom in the sun Laughter and joy become one Happiness has won.","Sunlight dances on your face A smile like a warm breeze Happy days forever.","","20","25","45","82.107","12.179","50.432","19.829","1.31064","3.19061","4.50125","2026-07-06T13:54:08.830727","2026-07-06T13:54:09.074311","2026-07-06T13:54:09.570031","2026-07-06T13:54:09.570286"
"35","1","35","Write a javascript function which calculates the square root of a number without any libraries.","","Sure here's an example: ``` function calculateSquareRoot(num) { if (num < 0) return NaN if (num === 0) return 0 let x = num while (true) { const new_x = (x + num / x) / 2 if (Math.abs(new_x - x) < 0.000001) return new_x x = new_x } } ``` This function uses the Babylonian method for computing square roots which is an iterative method that repeatedly improves the estimate of the square root using the formula: `x_(n+1) = (x_n + num / x_n) / 2`. The loop continues until the difference between the current estimate and the previous estimate is less than some small epsilon (in this case `0.000001`).","Certainly! Here's a JavaScript function that calculates the square root of a number without using any external libraries: ```javascript function calculateSquareRoot(number) { if (number < 0) { throw new Error( Square root of a negative number is undefined. ) } return Math.sqrt(number) } // Example usage: const result = calculateSquareRoot(16) console.log( Square root of 16 is: result) // Output: 4 ``` This function uses the built-in `Math.sqrt()` function which is available in JavaScript without external dependencies.","","28","122","150","86.389","11.575","48.949","20.430","2.07033","16.19160","18.26193","2026-07-06T13:54:09.572459","2026-07-06T13:54:09.896573","2026-07-06T13:54:12.388983","2026-07-06T13:54:12.389416"
"36","1","36","Output a review of a movie.","Movie title: The Shawshank Redemption","The Shawshank Redemption is a timeless classic that redefines the genre of drama films. The story is set in a prison where the main character Andy is sentenced to life imprisonment. The film follows his journey as he navigates through the harsh environment of the prison while forming a close bond with a fellow inmate named Red. The performances by the lead actors Tim Robbins and Morgan Freeman are nothing short of exceptional. The depth of emotion they bring to each of their characters is truly remarkable and they manage to convey the resilience of the human spirit in the face of adversity. The direction by Frank Darabont is brilliant and the film is filled with moments that are both poignant and powerful. The screenplay is equally impressive and brings to life the characters in a manner that is both realistic and deeply moving. Overall The Shawshank Redemption is a film that leaves a lasting impression on the viewer. It is a tale of hope friendship and redemption that is sure to touch the hearts of all those who watch it. Highly recommended!","**Review of *The Shawshank Redemption* – A Heartwarming Journey Through Redemption and Hope** **Overview:** *The Shawshank Redemption* is a 2012 romantic comedy film directed by Judd Apathe. The story follows the lives of the characters in the film particularly the central character Andy who is left behind in a movie. The film is set in a small town in the US where a group of friends and their family gather to meet their future selves. The film explores themes of friendship loyalty and hope. **Key Moments and Themes:** 1. **The Redemption Journey:** The film opens with a heartfelt scene that sets the tone. Andy is left behind in the movie and his reunion with his family is heartwarming. The message of redemption is conveyed through the characters' interactions showing that their love and support for each other can change the course of their lives. The film uses Andy’s journey as a metaphor for personal growth and hope especially in a time of hardship. 2. **Themes of Hope and Redemption:** The film highlights how personal experiences can bring hope back into a person’s life. It’s a touching story that shows how love and support","","27","256","283","85.821","11.652","46.429","21.538","1.93930","35.50475","37.44405","2026-07-06T13:54:12.391859","2026-07-06T13:54:12.706468","2026-07-06T13:54:18.220272","2026-07-06T13:54:18.220679"
"37","1","37","Suggest three foods to help with weight loss.","","1. Leafy Greens: Foods such as spinach kale and collard greens are low in calories but high in fiber making them excellent choices for weight loss. These greens can help you feel full and reduce your overall calorie intake. 2. Lean Protein: Foods such as chicken turkey fish and tofu are great sources of lean protein. Protein is an important nutrient for weight loss because it can help you feel full reduce cravings and provide energy for workouts. 3. Whole Grains: Whole grains such as oats brown rice and quinoa can be great for weight loss because they are packed with fiber and nutrients. These foods can help you feel full for longer periods of time and provide sustained energy throughout the day.","Certainly! Here are three foods that can help with weight loss: 1. **Greek Yogurts** – These creamy low-fat Greek yogurts are rich in protein and natural sugars making them a great low-carb snack. They can be easily incorporated into meals or enjoyed as a side. 2. **Papaya** – Papaya is packed with nutrients like potassium vitamin C and fiber. It can be eaten raw added to smoothies or blended into yogurt to help with weight loss while keeping it healthy. 3. **Cherries** – Cherries are a good source of natural sugars and can be enjoyed as a sweet snack. They are rich in polyphenols and can support weight loss when consumed in moderation. These foods offer a balanced approach to weight loss combining nutrition and flavor. Let me know if you'd like more suggestions!","","22","181","203","86.274","11.591","46.506","21.503","1.23690","24.74919","25.98609","2026-07-06T13:54:18.223096","2026-07-06T13:54:18.478097","2026-07-06T13:54:22.370096","2026-07-06T13:54:22.370479"
"38","1","38","You are provided with a definition of a word. Generate an example sentence that illustrates the meaning of the word.","Word: Dire Definition: Dire means very serious or desperate often has negative connotations.","The company was in dire financial straits and on the brink of bankruptcy.","**Example sentence:** * The dire situation in the village left everyone in despair. *","","53","22","75","68.275","14.647","50.219","19.913","4.16896","3.02364","7.19260","2026-07-06T13:54:22.373137","2026-07-06T13:54:23.149406","2026-07-06T13:54:23.587491","2026-07-06T13:54:23.587771"
"39","1","39","Design the hierarchy of a database for a grocery store.","","A grocery store database hierarchy could be organized in the following structure: 1. **Store Information**: This would include details about the store such as its name location address and contact information. 2. **Department**: The store could be divided into different departments such as produce dairy meat bakery and others. Each department could have its own information such as its name description and location within the store. 3. **Product**: Each department would have its own set of products. Product information could include its name description brand packaging price and stock quantity. 4. **Employee**: The database would also contain information about the store's employees such as their name contact information role or position hire date and salary. 5. **Customer**: The database could also store information about the store's customers such as their name contact information and shopping history. 6. **Transaction**: The database would need to store information about the store's transactions or sales. This could include the date and time of the transaction the customer who made the purchase the products purchased the total cost and the payment method used. This hierarchical structure would enable the grocery store to keep track of all its departments products employees customers and transactions in an organized and efficient manner.","Certainly! Here's a **hierarchy of a database for a grocery store** organized into logical levels for clarity and efficiency. --- ### **1. Basic Level: Database Structure Overview** **1.1. Database Model:** This is a conceptual model that defines the structure of the database including tables relationships and data types. - **Tables:** - `Customers` (store members) - `Items` (products available) - `Orders` (customer order details) - `Suppliers` (vendors) **1.2. Database Structure:** - Tables: Customers Items Orders Suppliers - Relationships: Customers → Items Items → Suppliers - Data Types: String Integer Date Boolean **1.3. Database Management:** The basic structure includes tables relationships and a conceptual model that defines the relationships and data types. --- ### **2. Intermediate Level: Data Flow and Relationships** **2.1. Data Flow:** - From Customers to Items - From Items to Suppliers - From Suppliers to Suppliers (if there are multiple suppliers) **2.2. Relationships:** - Customers → Items - Items → Suppliers - Suppliers → Suppliers (if","","23","256","279","85.411","11.708","47.719","20.956","1.28106","34.81090","36.09196","2026-07-06T13:54:23.590074","2026-07-06T13:54:23.859360","2026-07-06T13:54:29.224096","2026-07-06T13:54:29.224512"
"40","1","40","Provide three tips for writing a good cover letter.","","1. Personalize it: Customize your cover letter for the specific job and company to which you're applying. Address it to the hiring manager if possible and mention the company's name and the job title at least once. Show an understanding of the company's mission and explain why you would be a good fit for both the position and the company culture. 2. Highlight your skills and achievements: Mention your relevant skills and give specific examples of how you have used them to achieve successes in the past. This will help the hiring manager see how your skills could be applied in the new position and it will help them understand what you might bring to the company. 3. Keep it brief and direct: A cover letter should be no more than one page with clear and concise paragraphs. Avoid repeating information from your resume and instead focus on the most important details that you want the hiring manager to know. End your letter with a call to action such as requesting an interview or stating that you are looking forward to hearing from them.","Certainly! Here are three effective tips to write a good cover letter: 1. **Be concise and to the point** Keep your letter short and to the point. Aim for a maximum of 3–4 paragraphs focusing on one main message or purpose. Use bullet points or short sentences to highlight key points without unnecessary details. 2. **Start with a strong opening** Begin with a compelling subject line that grabs attention. The subject line should clearly communicate what you're writing. Avoid using clichés and ensure it's tailored to the recipient. 3. **Tailor it to the recipient** Customize your cover letter based on the person or company you're addressing. Research their values interests and the position they're applying for. Personalize the tone and message to make the cover letter stand out. Let me know if you'd like more tips!","","22","181","203","86.290","11.589","43.982","22.736","1.32870","25.82984","27.15854","2026-07-06T13:54:29.226995","2026-07-06T13:54:29.481948","2026-07-06T13:54:33.597242","2026-07-06T13:54:33.597602"
"41","1","41","Order the following list of ingredients from lowest to highest in calories","Almonds black beans cheddar cheese","Here is the list of ingredients ordered from lowest to highest in calories: 1. Black beans 2. Almonds 3. Cheddar cheese","1. **Almonds** – 120–140 calories 2. **Black beans** – 100–120 calories 3. **Cheese /cheddar** – 160–180 calories","","34","57","91","85.349","11.717","48.139","20.773","1.90209","7.59839","9.50047","2026-07-06T13:54:33.600096","2026-07-06T13:54:33.998461","2026-07-06T13:54:35.182527","2026-07-06T13:54:35.182813"
"42","1","42","Summarize the given film review: The movie has a strong premise but is filled with cliched dialogue and over-the-top acting.","","The film has a good idea but is hindered by unoriginal writing and exaggerated performances.","The movie has a compelling premise but it's filled with cliched dialogue and over-the-top acting.","","39","25","64","86.632","11.543","50.416","19.835","2.62301","3.19992","5.82293","2026-07-06T13:54:35.185214","2026-07-06T13:54:35.635395","2026-07-06T13:54:36.131268","2026-07-06T13:54:36.131530"
"43","1","43","Which type of pronouns can be used to replace the word 'it'?","","The word it is a pronoun that is used to refer to a singular noun that is not a person such as an object or an animal. It can be replaced by other pronouns like that this he (if the object is personified) and she (if the object is personified). In cases where it is used to refer to an unspecific or unknown thing the pronouns something or anything may be used as replacements.","To replace the word *it* in a sentence you can use the following pronouns: - **It** - **It's** (if you're using a possessive form e.g. It's my favorite book ) These pronouns can be used in either **active voice** or **passive voice** depending on the context. Let me know if you need help with a specific example!","","27","88","115","85.848","11.648","49.791","20.084","1.97703","10.98064","12.95767","2026-07-06T13:54:36.133810","2026-07-06T13:54:36.448319","2026-07-06T13:54:38.215702","2026-07-06T13:54:38.216099"
"44","1","44","Organize these three pieces of information in chronological order","- The acceptance of the Constitution - The signing of the Declaration of Independence - The Battle of Saratoga","1. The signing of the Declaration of Independence 2. The Battle of Saratoga 3. The acceptance of the Constitution","1. **The signing of the Declaration of Independence** 2. **The acceptance of the Constitution** 3. **The Battle of Saratoga**","","46","36","82","87.239","11.463","50.205","19.919","3.24065","4.50360","7.74425","2026-07-06T13:54:38.218670","2026-07-06T13:54:38.745956","2026-07-06T13:54:39.463023","2026-07-06T13:54:39.463276"
"45","1","45","Describe the process of photosynthesis in 5 sentences.","","Photosynthesis is the process by which plants algae and some bacteria convert sunlight into chemical energy in the form of glucose or other sugars. This process takes place in the chloroplasts which contain chlorophyll the pigment that absorbs light energy. During photosynthesis carbon dioxide (CO2) and water (H2O) are used in the presence of light to produce glucose (C6H12O6) and oxygen (O2). The process can be simplified into two stages: the light-dependent reaction where light energy is converted into chemical energy in the form of ATP and NADPH and the light-independent reaction or Calvin cycle where CO2 is fixed into carbohydrates using the energy generated from the first stage. Photosynthesis is the primary source of energy for nearly all life on Earth and is essential for the Earth's ecosystem removing CO2 from the atmosphere and releasing O2.","1. Photosynthesis is the process by which plants algae and other organisms convert sunlight into chemical energy using carbon dioxide and water. This process occurs in the chloroplasts of these organisms. 2. During photosynthesis plants absorb carbon dioxide from the air and use it to synthesize glucose and other sugars from carbon dioxide water and sunlight. 3. The chemical reaction involved is the synthesis of glucose from carbon dioxide and water resulting in the release of oxygen which is essential for sustaining life on Earth. 4. This process is vital for producing food for plant and animal life and it supports the balance of ecosystems on our planet. 5. Photosynthesis plays a crucial role in the carbon cycle ensuring that carbon is transferred between the atmosphere water and plants contributing to the global greenhouse effect and climate regulation.","","23","172","195","85.588","11.684","43.791","22.836","1.35266","24.34490","25.69755","2026-07-06T13:54:39.465433","2026-07-06T13:54:39.734163","2026-07-06T13:54:43.661949","2026-07-06T13:54:43.662338"
"46","1","46","Look up the definition of the word 'acolyte'.","","An acolyte is an assistant or follower often in a religious service or ceremony such as an altar server or attendant. The term can also refer to anyone who is a devoted follower or supporter of a leader cause or organization.","The word **acolyte** is a term used in the context of **academic or religious institutions**. It refers to a person who is trained in a field of study such as law medicine or science and is expected to perform specific tasks or responsibilities. In some cases particularly in religious contexts the term can also refer to a person who is involved in the **pastoral care** or **religious activities**. The term acolyte often carries a connotation of service or devotion to a cause particularly in religious communities.","","24","117","141","86.072","11.618","48.719","20.526","1.30311","15.28553","16.58863","2026-07-06T13:54:43.664671","2026-07-06T13:54:43.943507","2026-07-06T13:54:46.345030","2026-07-06T13:54:46.345357"
"47","1","47","For the following story rewrite it in the present continuous tense.","He visits the museum every week.","He is visiting the museum every week.","He visits the museum **every week**.","","32","13","45","86.577","11.550","50.607","19.760","1.93455","1.89170","3.82625","2026-07-06T13:54:46.347736","2026-07-06T13:54:46.717348","2026-07-06T13:54:46.974230","2026-07-06T13:54:46.974425"
"48","1","48","Compose a one-sentence summary of the article How AI is Transforming the Future of Healthcare","","The article discusses how AI is being integrated into the healthcare industry to improve patient care and outcomes by enhancing automation diagnostics and personalized treatment plans.","AI is revolutionizing the future of healthcare by enhancing diagnostic accuracy personalizing treatment plans and improving patient outcomes through advanced technologies.","","32","30","62","86.605","11.547","48.727","20.522","2.03180","3.74629","5.77809","2026-07-06T13:54:46.976551","2026-07-06T13:54:47.346045","2026-07-06T13:54:47.961715","2026-07-06T13:54:47.961919"
"49","1","49","Assign a score out of 5 to the following book review.","I really enjoyed this book. It was an engaging read and had an interesting plot.","4/5","The score for this book review is **4 out of 5**.","","42","19","61","87.358","11.447","50.320","19.873","2.63030","2.55885","5.18915","2026-07-06T13:54:47.964215","2026-07-06T13:54:48.444995","2026-07-06T13:54:48.822582","2026-07-06T13:54:48.822767"
"50","1","50","Create a catchy headline for an article on data privacy","","Is Your Data Really Private? The Inside Scoop on Data Privacy and Protection","Sure! Here's a catchy headline for an article on data privacy: ** Protect Your Data: How to Safeguard Your Personal Information ** Or another option: ** Data Privacy: The Hidden Power of Being Protected ** Let me know if you'd like variations!","","22","59","81","86.301","11.587","48.769","20.505","1.29028","7.59047","8.88075","2026-07-06T13:54:48.824822","2026-07-06T13:54:49.079744","2026-07-06T13:54:50.289525","2026-07-06T13:54:50.289765"
"51","1","51","Sort the following list into two groups: Apples and Oranges","Fuji Honeycrisp Granny Smith Navel Valencia","Apples: - Fuji - Honeycrisp - Granny Smith Oranges: - Navel - Valencia","Here's how the list has been sorted into two groups: **Group 1: Apples** **Fuji Navel Valencia** **Group 2: Oranges** **Honeycrisp Granny Smith**","","40","52","92","86.870","11.511","50.196","19.922","2.52471","6.50502","9.02973","2026-07-06T13:54:50.292028","2026-07-06T13:54:50.752488","2026-07-06T13:54:51.788424","2026-07-06T13:54:51.788674"
"52","1","52","Name three European countries.","","Sure here are the names of three European countries: 1. France 2. Germany 3. Italy","Three European countries are **Germany** **France** and **Italy**.","","17","19","36","83.624","11.958","46.354","21.573","1.33706","2.56601","3.90306","2026-07-06T13:54:51.790785","2026-07-06T13:54:51.994075","2026-07-06T13:54:52.403966","2026-07-06T13:54:52.404265"
"53","1","53","Explain a procedure for given instructions.","How to bake a cake.","Baking a cake is a fun and relatively easy process that requires a few ingredients and some simple steps. Here is a simple procedure to follow to bake a cake: 1. Collect your ingredients: You will need flour sugar eggs butter baking powder milk and vanilla extract for a basic cake recipe. Make sure to measure out the correct quantities according to the recipe you are following. 2. Preheat the oven: Most cakes are baked at 350 degrees Fahrenheit so preheat your oven to this temperature to ensure that your cake will bake evenly. 3. Prepare the pan: Grease and flour a 9-inch cake pan to prevent the cake from sticking. 4. Mix the ingredients: In a mixing bowl cream together the butter and sugar until light and fluffy. This can be done using a stand mixer an electric hand mixer or by hand. Once the butter and sugar are creamed add the eggs one at a time mixing well after each addition. Stir in the vanilla extract. In a separate bowl mix together the flour baking powder and salt. Add the dry ingredients to the wet ingredients in three parts alternating with the milk beginning and ending with the dry ingredients. Mix until everything is well combined. 5. Pour the batter into the pan: Pour the batter into your prepared cake pan and smooth the top with a spatula. 6. Bake the cake: Place the cake on the middle rack of your preheated oven and bake for 30-35 minutes or until a toothpick inserted into the center of the cake comes out clean. 7. Cool the cake: Once the cake is finished baking remove it from the oven and let it cool in the pan for 10 minutes before transferring it to a wire rack to cool completely. 8. Serve and enjoy: Once the cake is completely cool you can decorate it if desired. Serve with your favorite frosting sliced fruit or whipped cream and enjoy.","To bake a cake follow these steps: 1. **Prep the ingredients:** - Gather all the required ingredients (flour sugar eggs butter vanilla extract baking powder baking soda optional: corn syrup vanilla nuts etc.) - Ensure all the ingredients are properly mixed. 2. **Mix the batter:** - In a bowl combine the dry ingredients (flour baking powder baking soda) with the liquid ingredients (eggs sugar vanilla extract milk oil etc.). - Whisk or stir until the mixture is combined well. 3. **Bake the cake:** - Place the baking sheet or pan into a preheated oven (e.g. 350°F or 200°C). - Bake the cake for approximately 30–35 minutes depending on the type of cake and its desired level of softness. 4. **Cool the cake:** - Once the cake is done baking let it cool completely in the oven then transfer it to a wire rack to cool. 5. **Optional:** - If you want to decorate you can add fruits nuts or a","","26","256","282","86.012","11.626","47.132","21.217","1.75290","34.85238","36.60528","2026-07-06T13:54:52.406589","2026-07-06T13:54:52.708872","2026-07-06T13:54:58.140377","2026-07-06T13:54:58.140757"
"54","1","54","Describe an example of ocean acidification.","","Ocean acidification is the process of increasing acidity in the world's oceans due to the absorption of carbon dioxide from the atmosphere. An example of this is the impact it has on the Great Barrier Reef off the coast of Australia. As the ocean absorbs carbon dioxide it reacts with seawater to produce carbonic acid which in turn reduces the availability of carbonate ions. These ions are necessary for building shells and skeletons of marine organisms such as corals mollusks and some species of plankton. The reduction in carbonate ions makes it difficult for these organisms to form and maintain their hard outer shells or skeletons. In the case of the Great Barrier Reef ocean acidification is resulting in slower growth rates and weaker skeletons making the coral more vulnerable to stress factors and more susceptible to diseases storms and coral bleaching. This not only affects the coral but the entire ecosystem which relies on the coral for shelter and food. Hence ocean acidification is a major concern for the health and survival of coral reefs and marine biodiversity worldwide.","Ocean acidification is a significant environmental phenomenon that occurs when the pH of ocean water decreases which in turn affects marine organisms including coral reefs which are vital ecosystems. Here's an example of how ocean acidification affects the ocean: **Example:** When ocean pH decreases due to increased CO₂ levels especially from natural sources like fossil fuel burning the ocean becomes more acidic. This leads to lower pH which affects marine life. For example when ocean acidification reaches a certain level the ocean's carbonate system breaks down and calcium carbonate structures (like coral skeletons) can no longer form as efficiently as before. This results in coral reef degradation which in turn affects marine biodiversity and the overall health of ocean ecosystems. In summary ocean acidification can disrupt marine ecosystems affecting species and their interactions and it is a critical issue for addressing climate change.","","20","179","199","50.301","19.880","48.511","20.614","1.75487","23.64585","25.40072","2026-07-06T13:54:58.143220","2026-07-06T13:54:58.540824","2026-07-06T13:55:02.230713","2026-07-06T13:55:02.231087"
"55","1","55","Should I invest in stocks?","","I'm sorry but I'm an AI language model and I don’t have the ability to provide personalized financial advice. Investing in stocks carries inherent risks and potential rewards and the decision to invest should be based on your individual financial situation goals and risk tolerance. It's always a good idea to do your research carefully consider your options and/or consult a financial advisor before making any investment decisions.","Investing in stocks can be a great way to grow your wealth but it's not without its risks. Here's what you should consider: 1. **Your Risk Tolerance**: If you're risk-averse even small stock investments may not be worth it. If you're a high-risk investor you might look for a more diversified approach. 2. **Education**: Learn about stocks including how to analyze them. A good understanding will help you make informed decisions. 3. **Diversification**: Don't put all your money into one investment. Diversification can reduce overall risk. 4. **Market Volatility**: Stock markets can be volatile so consider how much risk you're willing to take with each investment. 5. **Review Your Financial Plan**: Evaluate how much risk you're willing to take and what's your financial goal. 6. **Research Companies**: When investing in stocks research companies their financials and their potential to grow. If you're willing to take on some risk stocks can be a way to build wealth. But it's important to assess your risk tolerance and how much you are willing to take on each investment.","","18","240","258","85.020","11.762","48.746","20.515","1.33390","31.87311","33.20701","2026-07-06T13:55:02.233451","2026-07-06T13:55:02.445167","2026-07-06T13:55:07.368693","2026-07-06T13:55:07.369046"
"56","1","56","Generate a new song verse with your own unique lyrics.","","Verse 1: There's a light that shines within us A beacon of hope and love Guiding us through the darkest times A force that will always rise above. Chorus: Let your light shine let it be free For you are beautiful inside and out Let your heart guide you let it lead the way For you have a strength that no one can doubt. Verse 2: In this world there is so much to see So many wonders to discover Take a chance and let your dreams fly For there is so much left to uncover. Chorus: Let your light shine let it be free For you are beautiful inside and out Let your heart guide you let it lead the way For you have a strength that no one can doubt. Bridge: Life it can be hard sometimes But don't give up keep on trying For your light will never fade And your spirit will keep on flying. Outro: So let your light shine let it be free For you are beautiful inside and out Let your heart guide you let it lead the way For you have a strength that no one can doubt.","Certainly! Here's a unique and original verse for you: --- ** Echoes in the Mirror ** *Verse:* The air hums with secrets A ghost in my heart whispers I’ll hold the echo And let it echo in my soul Through every night through every pain I’ll find the truth in the light. The sun’s a promise a promise To tell the story I’m meant to share To carry the pain to bear it all And never forget I’m not alone. So let the shadows fall let the light come In every heart in every face I’ll be there I’ll be there For the truth it’s in the mirror. Let the echoes let them be My voice my song my soul For the world we’ll face we’ll face Together we’ll face the truth. --- Let me know if you'd like a different tone or style!","","23","222","245","84.858","11.784","44.079","22.687","1.32416","32.20219","33.52635","2026-07-06T13:55:07.371405","2026-07-06T13:55:07.642445","2026-07-06T13:55:12.678914","2026-07-06T13:55:12.679391"
"57","1","57","Sing a children's song","","🎶 Twinkle twinkle little star How I wonder what you are Up above the world so high Like a diamond in the sky. When the blazing sun is gone When he nothing shines upon Then you show your little light Twinkle twinkle all the night. Then the traveler in the dark Thanks you for your tiny spark He could not see which way to go If you did not twinkle so. In the dark blue sky you keep And often through my curtains peep For you never shut your eye Till the sun is in the sky. As your bright and tiny spark Lights the traveler in the dark. Though I know not what you are Twinkle twinkle little star. Twinkle twinkle little star How I wonder what you are Up above the world so high Like a diamond in the sky. 🎶","Sure! Here's a children's song for you: ** The Little Blue Boat ** *The little blue boat went on the way It sailed far and far away It called to the sea and the sky. The little blue boat went on the way. It went to the sky the sea And found a little star Who was just waiting to see. The little blue boat went on the way. Now this is a simple warm and fun song for children. Let me know if you'd like another version!","","17","122","139","82.641","12.101","49.640","20.145","1.25267","15.49496","16.74763","2026-07-06T13:55:12.681748","2026-07-06T13:55:12.887457","2026-07-06T13:55:15.345148","2026-07-06T13:55:15.345463"
"58","1","58","Identify the main character traits of a protagonist.","","The main character traits of a protagonist vary depending on the story and its genre. However there are some general traits that many protagonists tend to possess including: 1. Courage: Protagonists are brave enough to face and overcome challenges encountered in their journey. 2. Determination: They are often determined to achieve their goals and will persist even when faced with obstacles. 3. Empathy: Protagonists tend to have an ability to understand and share the feelings of others which makes them relatable and likeable to readers or viewers. 4. Intelligence: Protagonists often have strong problem-solving skills and are quick at thinking on their feet enabling them to navigate complex situations. 5. Resilience: They tend to bounce back from setbacks and continue to pursue their objectives with renewed vigor. 6. Leadership: Protagonists are often natural leaders who can rally others to their cause and inspire them to work towards a common goal. 7. Flawed: Many protagonists also have flaws or weaknesses which can serve to humanize them and make them more relatable. These traits not only make the protagonist a compelling and interesting character but also help drive the story forward as they work towards achieving their goals.","The main character traits of a protagonist are essential to the story's development and can be summarized as follows: 1. **Intelligence and Decision-Making**: Protagonists often demonstrate intelligence and logical thinking which guides their decisions in the story. This trait is crucial as it gives the protagonist a reason to make choices even when facing challenges. 2. **Resilience and Perseverance**: Protagonists often face adversity and their resilience and perseverance allow them to overcome obstacles showing strength in tough situations. 3. **Originality and Creativity**: Protagonists often bring a unique perspective and creativity to the story making their actions stand out and contributing to the story's uniqueness. 4. **Empathy and Connection**: Protagonists often show empathy understanding others and relating to their experiences. This trait makes the story more touching and relatable. These traits when combined define the protagonist's character and contribute to the story's overall success.","","22","203","225","86.269","11.592","48.192","20.751","1.27948","27.14668","28.42616","2026-07-06T13:55:15.347757","2026-07-06T13:55:15.602773","2026-07-06T13:55:19.815132","2026-07-06T13:55:19.815490"
"59","1","59","What are the 4 operations of computer?","","The four basic operations of a computer often abbreviated as the Four Functions of a Computer are: 1. Input: This refers to the process by which a computer receives data from an external source such as a keyboard mouse or scanner. The data is then converted into a format that the computer can process. 2. Processing: This is the operation where the computer performs calculations on the data it receives. The Central Processing Unit (CPU) carries out program instructions to manipulate calculate or organize data. 3. Output: This is the process by which the computer outputs the processed data in a form that can be understood by the user. Examples of output devices include a monitor printer or speakers. 4. Storage: This operation involves saving data for later use. Computers store data either temporarily (in RAM) or permanently (on a hard drive solid-state drive or external storage devices).","The four primary operations or functions of a computer are: 1. **Input Operations** - These allow users to interact with the computer such as entering data sending messages or using input devices. 2. **Processing Operations** - These handle the data and information that the computer processes including calculations logical operations and data manipulation. 3. **Storage Operations** - These are used to store and manage data such as storing programs documents or images on the computer. 4. **Output Operations** - These are used to deliver the results of processing operations to users such as displaying information generating reports or providing audio/video output. These operations form the basic functions of a computer enabling users to perform tasks like data entry analysis and display of results.","","21","161","182","85.583","11.685","45.210","22.119","1.33275","22.71201","24.04476","2026-07-06T13:55:19.817855","2026-07-06T13:55:20.063232","2026-07-06T13:55:23.624414","2026-07-06T13:55:23.624741"
"60","1","60","Add a transition between the following two sentences","The class is nearly finished. Some students can begin their summer jobs.","The class is nearly finished and as a result some students can begin their summer jobs.","The class is nearly finished. Some students can begin their summer jobs.","","35","18","53","85.846","11.649","50.474","19.812","2.55612","1.95957","4.51569","2026-07-06T13:55:23.627179","2026-07-06T13:55:24.034886","2026-07-06T13:55:24.391503","2026-07-06T13:55:24.391702"
"61","1","61","Suggest an appropriate name for a puppy.","","Here are a few suggestions for puppy names - 1. Bella - This charming name meaning 'beautiful' is perfect for a furry friend with a pretty face and a captivating demeanor. 2. Max - A name befitting your furry friend who's always by your side watching over you and ever ready to come to your rescue. 3. Luna - A dreamy mystical name for a pup who strikes an other-worldly pose Luna means 'Moon' and is perfect for your regal starry-eyed companion. 4. Charlie - This name packs in heaps of playfulness and warmth much like your best friend who's always up for any adventure that comes his or her way. 5. Lucy - For the lively spirited friend who's always looking to raise the woof Lucy is perfect and encompasses boundless energy and joy.","Certainly! Here are some names you could consider for a puppy: 1. **Maxie** – A classic and whimsical name. 2. **Miley** – A friendly and easy-to-naminate name. 3. **Buddy** – A strong and protective name suitable for a puppy. 4. **Lucky** – A simple and warm name. 5. **Kitty** – A beloved and affectionate name. 6. **Maxie** again – another great option. 7. **Fido** – A classic and recognizable name. 8. **Slick** – A cute and playful name. Let me know which name you'd like for your puppy! 😊","","21","145","166","52.296","19.122","48.978","20.417","1.88183","19.21543","21.09726","2026-07-06T13:55:24.393724","2026-07-06T13:55:24.795286","2026-07-06T13:55:27.755811","2026-07-06T13:55:27.756115"
"62","1","62","Construct a linear equation in one variable.","","A linear equation in one variable typically takes the form of: `ax + b = c` where `a` `b` and `c` are constants and `x` is the variable. Here is an example of a linear equation in one variable: `3x - 5 = 16` In this equation `a` is 3 `b` is -5 and `c` is 16. Solving for `x` we can determine the value of the variable `x` that makes the equation true. To solve this equation we follow these steps: 1. Move the constant term (-5) to the right-hand side of the equation by adding 5 to both sides: `3x - 5 + 5 = 16 + 5` which simplifies to: `3x = 21` 2. Divide both sides of the equation by the coefficient of the variable (`a` which is 3 in this case) to find the value of `x`: `(3x)/3 = 21/3` which simplifies to: `x = 7` Thus we have found that the value of `x` that satisfies the equation `3x - 5 = 16` is 7.","A linear equation in one variable is an equation that contains only one variable (e.g. x) and is in the standard form: $$ ax + b = 0 $$ Where: - $ a $ is the coefficient of the variable $ x $ - $ b $ is a constant term - The equation is valid only if $ a \neq 0 $ (i.e. $ x $ is the only variable in the equation). ### Example: Let’s construct a linear equation in one variable: **Example:** $$ 2x + 5 = 0 $$ ### Explanation: This equation is in the form $ ax + b = 0 $ where: - $ a = 2 $ $ b = 5 $ - Solving for $ x $ we get: $$ 2x = -5 \Rightarrow x = -\frac{5}{2} $$ So the solution is: $$ x = -\frac{5}{2} $$ This is a linear equation in one variable $ x $ and it is a simple example of such an equation.","","20","237","257","84.957","11.771","48.459","20.636","1.32617","31.81017","33.13635","2026-07-06T13:55:27.758316","2026-07-06T13:55:27.993730","2026-07-06T13:55:32.884441","2026-07-06T13:55:32.884804"
"63","1","63","Add two new recipes to the following Chinese dish","Beef and broccoli stir fry","**Beef and Broccoli Stir Fry with Ginger Honey Sauce** Ingredients (serves 4): - 1 lb flank steak sliced into thin strips - 4 cups broccoli florets - 1 tbsp vegetable oil - 2 cloves garlic minced - 1-inch piece of ginger peeled and grated - 1/2 cup soy sauce - 1/4 cup honey - 2 tbsp rice vinegar - 1 tsp sesame oil - 1 tbsp cornstarch - Salt and pepper to taste - Cooked rice for serving - Green onions sliced (optional) Instructions: 1. In a small mixing bowl whisk together the soy sauce honey rice vinegar sesame oil and cornstarch. Set aside. 2. Heat the vegetable oil in a large wok or frying pan over high heat. 3. Add the beef strips and cook for 3-4 minutes until browned. 4. Add the garlic and ginger and cook for another minute until fragrant. 5. Add the broccoli florets and stir fry for a few minutes until tender. 6. Pour in the sauce and stir everything together letting the sauce thicken for a couple of minutes. 7. Season with salt and pepper to taste. 8. Serve the beef and broccoli stir fry over rice garnished with sliced green onions if desired. **Spicy Szechuan Beef and Broccoli Stir Fry** Ingredients (serves 4): - 1 lb flank steak sliced into thin strips - 4 cups broccoli florets - 1 tbsp vegetable oil - 3 cloves garlic minced - 1/2 cup soy sauce - 1/4 cup hoisin sauce - 2 tbsp chili sauce (such as Sriracha) - 2 tbsp rice vinegar - 1 tbsp cornstarch - 1 tsp sugar - 1 tbsp sesame seeds - Cooked rice or noodles for serving Instructions: 1. In a small mixing bowl whisk together the soy sauce hoisin sauce chili sauce rice vinegar sugar and cornstarch. Set aside. 2. Heat the vegetable oil in a large wok or frying pan over high heat. 3. Add the beef strips and cook for 3-4 minutes until browned. 4. Add the garlic and stir fry for another minute until frag","当然！以下是两个适合搭配“牛肉和菠菜炒饭”的新配方： --- ### **1. 鸭蛋牛肉菠菜炒饭（辣椒酱调味）** **食材：** - 150克牛肉（切块） - 100克菠菜（嫩） - 100克鸡蛋（破） - 200克新鲜辣椒（切丁） - 200克黑胡椒（可根据口味调整） - 2汤匙橄榄油 - 1汤匙柠檬汁 **步骤：** 1. 将牛肉切块，放入碗中，加橄榄油、辣椒丁和黑胡椒，翻炒均匀。 2. 加入菠菜，搅拌均匀。 3. 倒入鸡蛋，翻炒均匀。 4. 最后撒上额外的辣椒丁和调味料，翻炒至香。 --- ### **2. 豇肉菠菜牛肉炒饭（酱油调味）** **食材：** - 100克牛腩（切块） - 100克菠菜（嫩） - 1","","28","253","281","86.908","11.506","47.670","20.978","2.05285","34.43903","36.49188","2026-07-06T13:55:32.887150","2026-07-06T13:55:33.209329","2026-07-06T13:55:38.516684","2026-07-06T13:55:38.516977"
"64","1","64","Suggest a short running route for someone who lives in the city.","","If you live in the city and want to engage in some short running activities there are several excellent routes that you can take. For a start you can consider heading down to your city's central park where you can find a scenic loop free of cars which usually ranges between 1.5 and 2 miles allowing you to take in the beauty and peace of the park while getting your exercise. Alternatively you can opt for a brisk run around your neighborhood sticking to sidewalks and quieter streets or even utilize riverfronts or waterfront paths that offer stunning city views while you run. Lastly many cities also have running or jogging-specific trails such as old railroad tracks converted into greenways so you might check to see if there's one near you.","Sure! Here's a short running route for someone living in the city: **Route: 10-15 Minutes in the City** 1. Start at your home or a nearby park (e.g. a café or bike path). 2. Walk 10–15 minutes to the first major thoroughfare like a street or a park. 3. Continue to the next major point such as a nearby building or a café. 4. Walk for 10–15 minutes to reach another significant landmark. 5. Take the train or a bike to your workplace or a nearby place. 6. Walk for 10–15 minutes to get to your car or home. 7. Walk for 10–15 minutes to a place you’ve been to before. 8. Walk for 10–15 minutes to a nearby park or coffee shop. 9. Walk for 10–15 minutes to a nearby store or place of interest. 10. Walk for 10–15 minutes to a familiar spot in the city like a market or a café. 11. Finish with a short walk to your car or home","","26","256","282","86.235","11.596","48.265","20.719","1.32080","35.11118","36.43198","2026-07-06T13:55:38.519455","2026-07-06T13:55:38.820957","2026-07-06T13:55:44.125030","2026-07-06T13:55:44.125355"
"65","1","65","If a b x and y are real numbers such that ax+by=3 ax^2+by^2=7 ax^3+by^3=16 and ax^4+by^4=42 find ax^5+by^5.","","We start with the system of equations: ax + by = 3 ax^2 + by^2 = 7 ax^3 + by^3 = 16 ax^4 + by^4 = 42 We want to find the value of ax^5 + by^5. We can simplify things by defining the following sequences: s1 = ax + by s2 = ax^2 + by^2 s3 = ax^3 + by^3 s4 = ax^4 + by^4 Then our goal is to find s5 = ax^5 + by^5. Next we notice that we can derive a relationship between the s values as follows: (x+y)(ax^n + by^n) = ax^(n+1) + bxy^n + ax^ny + by^(n+1) In other words (x+y)s_n = s_(n+1) + xys_(n-1) for all n. Using this relationship we can find x+y and xy as follows: s2(x+y) = s3 + s1xy s3(x+y) = s4 + s2xy Solving this system of equations gives us: x + y = -14 xy = -38 Now we can use the relationship we derived earlier with n = 4 to find s5: 42(x + y) = s5 + 16xy Plugging in our values for x+y and xy and solving for s5 we get: s5 = 20 Therefore the value of ax^5 + by^5 is 20.","We are given: - $ ax + by = 3 $ - $ ax^2 + by^2 = 7 $ - $ ax^3 + by^3 = 16 $ - $ ax^4 + by^4 = 42 $ We are to find: - $ ax^5 + by^5 $ Let’s denote: Let $ S_n = ax^n + by^n $ so: - $ S_1 = ax + by = 3 $ - $ S_2 = ax^2 + by^2 = 7 $ - $ S_3 = ax^3 + by^3 = 16 $ - $ S_4 = ax^4 + by^4 = 42 $ We want $ S_5 $. We are told that $ S_5 $ is unknown and we need to find it. Let’s denote: Let’s consider the **polynomial** $ P(t) = a t^2 + b t^2 = a t^2 + b t^2 $ but this seems not directly helpful. Instead let's notice that: Let’s think of this as a **linear combination of two sequences**: Let’s define: Let","","74","256","330","87.842","11.384","42.948","23.284","5.02786","37.16163","42.18949","2026-07-06T13:55:44.127772","2026-07-06T13:55:44.970196","2026-07-06T13:55:50.930958","2026-07-06T13:55:50.931392"
"66","1","66","Generate a list of the top 10 causes of global warming.","","1. Greenhouse gas emissions 2. Deforestation 3. Fossil fuel burning 4. Industrial processes 5. Agricultural practices and livestock raising 6. Transportation and travel 7. Waste production and disposal 8. Land-use changes 9. Energy production and usage 10. Water vapor increase in atmosphere.","Here are some of the top causes of global warming ranked by their prominence: 1. **Fossil fuel burning (coal oil natural gas)** – the primary source of greenhouse gas emissions that drive global warming. 2. **Deforestation and land-use changes** – deforestation removes trees that absorb CO₂ leading to increased greenhouse gas concentrations. 3. **Agricultural practices** – intensive farming and deforestation contribute to greenhouse gas emissions. 4. **Industrialized agriculture** – practices like methane emissions from livestock contribute to global warming. 5. **Urbanization and land-use changes** – cities encroach on natural habitats reducing carbon sinks. 6. **Resource extraction** – oil and gas extraction from deep-sea formations emit methane. 7. **Oil spills** – oil contamination of ecosystems can lead to long-term environmental damage. 8. **Air pollution** – pollutants like sulfur dioxide and nitrogen oxides also contribute to global warming. 9. **Liquefied petroleum gas (LPG)** – LPG combustion is another source of greenhouse gas emissions. 10. **Petroleum refining** – refining crude oil produces large amounts of greenhouse gases. These causes are interconnected and climate action is essential to mitigate global warming.","","26","254","280","86.071","11.618","43.821","22.820","1.66853","36.09235","37.76087","2026-07-06T13:55:50.933824","2026-07-06T13:55:51.235901","2026-07-06T13:55:57.032259","2026-07-06T13:55:57.032618"
"67","1","67","Generate a smiley face using only ASCII characters","","Here's a smiley face using ASCII characters: ` :-) `","```ascii \ / \ / \ / \ / \ / \ / \ / \ \ \ \ \ / \ \ \ / \ \ \ / \ \ / \ \ / \ \ / \ \ / \ \ \ \ \ \ \ \ \ / \ \ \ / \ \ \ / \ \ \ / \ \ \ / \ \ \ / \ \ \ / \ \ \ / \ \ \ / \ \ \ / \ \ \ / \ \ \ / \ \ \ / \ \ \ / \ \ \ / \ \ \ / \ \ \ / \ \ \ / \ \ \ / \ \ \ / \ \ \ / \ \ \ / \ \ \ / \ \ \ / \ \ \ / \ \ \ / \ \ \ / \ \ \ / \ \ \ / \ \ \ / \ \ \ / \ \ \ / \ \ \ / \ \ \ / \ \ \ / \ \ \ / \ \","","21","256","277","85.536","11.691","46.590","21.464","1.30964","35.57229","36.88193","2026-07-06T13:55:57.034880","2026-07-06T13:55:57.280390","2026-07-06T13:56:02.775092","2026-07-06T13:56:02.775418"
"68","1","68","Offer advice to someone who is starting a business.","","Starting a business can seem overwhelming but taking small steps can make it manageable. Here are some tips to help you get started on the right path. 1. Develop a Business Plan: Creating a business plan will help you think through what you want your business to achieve who your customers are and how you will reach your goals. It’s also essential if you want to secure funding. 2. Research your Market: It's crucial to understand the needs of your target audience and to investigate your competition. You will want to offer something unique and valuable to your customers. 3. Secure Funding: Starting a business often requires investment. Consider all your options from bank loans to crowdfunding to personal investment and choose the option that's best for your business. 4. Create a Brand: Your business needs a strong identity that your customers can identify with. Be sure to create a clear and authoritative logo and make sure it's consistent across all aspects of your brand from business cards to websites. 5. Stay Organized: Starting a business can be a chaotic process with so many moving parts. It is essential to staying on top of your finances business plans and everyday responsibilities. 6. Be Flexible: Starting a business requires adaptability and you'll need to be prepared to make changes when required. Be open to feedback and listen to your customers when they offer critiques or suggestions. 7. Be Patient: Success doesn't happen overnight so be patient and persevering. Keep your goals in mind and work towards them every day. Remember starting a business is a huge undertaking so be kind to yourself and don't be afraid to seek help when you need it. Whether you turn to a business mentor or join a local networking group there are lots of resources out there to help you build a successful business.","Absolutely! Starting a business is a big step and it can be overwhelming at first. Here are some tips to help you get started: ### 1. **Know Your Business Model** - Understand your business structure customer relationships and how you generate revenue. Knowing what your business is really about will help you make better decisions. ### 2. **Start Small and Build** - Start with a small business idea like a clothing store bakery or an online service. Building small businesses can be a great way to learn and grow. ### 3. **Create a Business Plan** - Develop a detailed business plan that includes your goals strategies and financial projections. This will help you manage your business and keep track of your progress. ### 4. **Network with Others** - Connect with other entrepreneurs investors or mentors. Networking can provide support ideas and opportunities. ### 5. **Get Legal and Financial Advice** - Consult with legal professionals and financial advisors as your business grows. You’ll need a legal structure and business financing when you start. ### 6. **Think of a Business Model** - Think about your business model. If you're not sure start with a small","","22","256","278","86.210","11.600","46.154","21.667","1.31486","35.25572","36.57058","2026-07-06T13:56:02.777661","2026-07-06T13:56:03.032852","2026-07-06T13:56:08.579509","2026-07-06T13:56:08.579909"
"69","1","69","Find the modifiers in the sentence and list them.","The girl with short curly hair laughed loudly.","1. Short (modifies hair) 2. Curly (modifies hair) 3. Loudly (modifies laughed)","The sentence is: ** The girl with short curly hair laughed loudly. ** **Modifiers:** - ** with ** – This is a prepositional phrase that modifies the girl . - ** curly ** – This is a noun phrase that modifies the girl . - ** short ** – This is a adjective that modifies the girl . **List of modifiers:** - with - curly - short","","31","99","130","87.294","11.456","48.956","20.426","2.01648","12.88583","14.90231","2026-07-06T13:56:08.582497","2026-07-06T13:56:08.937619","2026-07-06T13:56:10.959827","2026-07-06T13:56:10.960093"
"70","1","70","Edit the following sentence: The house was green but large.","","The house was large and painted green.","The house was green and large.","","26","11","37","86.099","11.614","50.732","19.711","1.36663","1.96682","3.33345","2026-07-06T13:56:10.962292","2026-07-06T13:56:11.264269","2026-07-06T13:56:11.481094","2026-07-06T13:56:11.481262"
"71","1","71","Identify the components of a good formal essay?","","A good formal essay consists of several components that help the writer convey their message effectively to the reader. These components include: 1. Introduction: The introduction should introduce the topic provide context and background information and present the thesis statement. It should effectively capture the reader's attention and provide a clear focus for the rest of the essay. 2. Thesis Statement: The thesis statement is a concise summary of the main point or argument of the essay. It should clearly state the main idea that the essay will support and develop. 3. Body Paragraphs: The body paragraphs should develop and support the thesis statement by presenting evidence examples and analysis. Each paragraph should have a topic sentence which introduces the main idea of the paragraph and should be organized in a logical and coherent manner. 4. Transitions: Transitions are words or phrases that help the reader move smoothly from one idea to the next. They should be used between paragraphs and within paragraphs to provide coherence and clarity to the essay. 5. Conclusion: The conclusion should restate the thesis statement summarize the main points and provide a sense of closure. It should bring the essay to a logical and satisfying end without introducing any new information or ideas. 6. Formal Language and Style: A formal essay should use formal language and a formal style avoiding slang contractions and colloquialisms. The tone should be objective and the writing should be clear and concise. 7. Proper Citations: A formal essay should properly cite any sources used using the appropriate citation style. This provides credit to the original authors and allows the reader to locate and verify the information presented in the essay. 8. Formatting: A formal essay should follow the standard formatting guidelines such as using a readable font double spacing and including page numbers. It should also follow any specific guidelines provided by the instructor or publisher.","A good formal essay contains the following components: 1. **Introduction**: - Sets the context of the essay. - States the thesis or main argument. - Introduces the topic and provides background. 2. **Body Paragraphs**: - Develop the main argument. - Support it with examples evidence or analysis. - Provide evidence examples or personal opinions. 3. **Conclusion**: - Restates the thesis. - Summarizes the main points. - Reaffirms the importance of the argument. - Provides a closing thought or suggestions.","","22","128","150","85.806","11.654","49.815","20.074","1.31113","16.84111","18.15224","2026-07-06T13:56:11.483348","2026-07-06T13:56:11.739739","2026-07-06T13:56:14.309270","2026-07-06T13:56:14.309578"
"72","1","72","Rewrite this sentence to reflect a positive attitude","I can't do this.","I can do this if I put in some effort and seek the right support.","I can't do this.","","28","10","38","56.784","17.611","50.704","19.722","2.40913","1.05901","3.46814","2026-07-06T13:56:14.311985","2026-07-06T13:56:14.805084","2026-07-06T13:56:15.002307","2026-07-06T13:56:15.002481"
"73","1","73","List some pros and cons of using a hot air balloon for transportation.","","Pros of using a hot air balloon for transportation: 1. Scenic and unique experience: Hot air ballooning is a unique way to travel that offers panoramic views of the surroundings. 2. Eco-friendly: Hot air balloons use wind currents to travel producing no harmful emissions and reducing the carbon footprint of travel. 3. Low noise levels: With no engine a hot air balloon ride is very peaceful and the low noise level makes for a tranquil and serene ride. 4. A good conversation starter: Taking a hot air balloon ride is not an everyday activity and the experience can make for an interesting conversation topic. Cons of using a hot air balloon for transportation: 1. Weather dependent: Hot air ballooning is very weather dependent with flights being canceled in high winds or thunderstorms making it an unreliable mode of transport. 2. Slow: Hot air balloons travel at the mercy of the wind currents and cannot be steered in a specific direction which makes for a slower and longer journey. 3. Limited capacity: Hot air balloons are not designed to carry large numbers of passengers limiting their use as a mass transportation option. 4. Expensive: Hot air balloon rides can be quite expensive and the cost can be prohibitive for regular use as a mode of transportation. 5. Low accessibility: Hot air balloons need a large open space to launch and land which makes them less accessible in urban areas.","Here are some pros and cons of using a hot air balloon for transportation: **Pros:** 1. **Versatility:** Hot air balloons can be used for a variety of purposes including travel entertainment and event participation. 2. **Reliable and Safe:** They have been used for years in real-world conditions and they are generally safe for ordinary use. 3. **Cost-Effective:** Hot air balloons are cheaper than other transportation methods. 4. **Quick and Easy:** The operation of a hot air balloon is very quick making it a great tool for short trips. 5. **Inspiration:** Hot air balloons have been used as symbols of travel and excitement in history. **Cons:** 1. **Weather Sensitivity:** Weather conditions can affect the ability to launch or land a hot air balloon. If the balloon is too hot or too cold it may not be able to stay aloft. 2. **Safety Concerns:** Some people are concerned about the safety of using a hot air balloon. 3. **Regulation Issues:** The use of hot air balloons has been regulated by local governments but regulations vary. 4. **Environmental Impact:** The environmental impact of using a hot air balloon","","26","256","282","85.517","11.694","44.542","22.451","2.03679","36.47343","38.51023","2026-07-06T13:56:15.004588","2026-07-06T13:56:15.308620","2026-07-06T13:56:21.056054","2026-07-06T13:56:21.056435"
"74","1","74","Summarize what we know about the coronavirus.","","Coronavirus also known as COVID-19 is a respiratory illness caused by the SARS-CoV-2 virus. The virus was first identified in Wuhan China in December 2019 and quickly spread globally becoming a pandemic. Common symptoms of COVID-19 include fever cough and difficulty breathing although some people may have mild or asymptomatic cases. The virus is primarily spread through respiratory droplets from an infected person and transmission can occur even if the person does not show symptoms. The best way to prevent the spread of the virus is through social distancing wearing a mask and practicing good hygiene. Several vaccines have been developed and are being distributed with the goal of achieving herd immunity and slowing the spread of the virus. However variants of the virus such as the Delta variant have emerged and are causing concern. It is important to continue practicing prevention measures and following guidance from health authorities to combat the pandemic.","As of the latest updates the coronavirus (SARS-CoV-2) has been identified as a global health threat with a high contagiousness. It has caused widespread outbreaks in various countries and there has been significant concern about its potential to spread globally. The situation has been evolving with the virus showing some limitations such as reduced transmission rates in certain regions but ongoing concerns remain due to its potential impact on public health. International cooperation is crucial in addressing this virus to prevent future outbreaks and implement effective public health measures.","","22","110","132","86.370","11.578","49.453","20.221","1.30676","14.27354","15.58030","2026-07-06T13:56:21.058834","2026-07-06T13:56:21.313552","2026-07-06T13:56:23.537866","2026-07-06T13:56:23.538154"
"75","1","75","Name a famous actor who has won an Oscar for Best Actor","","Tom Hanks is a famous actor who has won two Oscars for Best Actor for his roles in Philadelphia (1993) and Forrest Gump (1994).","One famous actor who has won an Oscar for Best Actor is **Tom Hulmes**. He was nominated for an Oscar in 1995 and he won the 1995 Oscar for Best Actor. Let me know if you have more questions!","","24","59","83","85.949","11.635","48.920","20.442","1.28723","7.56304","8.85028","2026-07-06T13:56:23.540443","2026-07-06T13:56:23.819679","2026-07-06T13:56:25.025737","2026-07-06T13:56:25.025950"
"76","1","76","Suggest a story title for the passage you just wrote.","","Journey into the Unknown: One Family's Discovery of the Past","**Title: The Whispering Winds ** This title evokes a sense of mystery and atmosphere fitting for a story about a group of travelers who encounter unusual phenomena in a distant land.","","24","43","67","85.519","11.693","50.347","19.862","1.32388","5.83273","7.15661","2026-07-06T13:56:25.028066","2026-07-06T13:56:25.308705","2026-07-06T13:56:26.162782","2026-07-06T13:56:26.163030"
"77","1","77","What is the gravitational effect of the Moon on Earth?","","The gravitational effect of the Moon on the Earth is primarily responsible for the phenomenon of tides where the rise and fall of sea levels occur due to the gravitational pull between the two celestial bodies. The Moon's gravity causes a cyclical bulge of water on the Earth's surface that faces the Moon subsequently causing high tides with another bulge occurring on the opposite side because of the inertial force of the Earth's rotation. Additionally The Moon's gravitational force stabilizes the Earth's axial tilt which affects the climate and seasons. Without the Moon Earth's axial tilt could undergo large variations leading to dramatic climate change.","The gravitational effect of the Moon on Earth is a result of the gravitational pull of the Moon on Earth which in turn influences Earth's orbit around the Sun. The Moon's gravitational force causes Earth to experience a slight adjustment in its orbit known as the tidal force. This tidal force is responsible for the regular lunar tides that occur on Earth. The gravitational interaction between the Moon and Earth contributes to the stability of Earth's orbital mechanics around the Sun and thus affects the time it takes for the moon to complete one full orbit around the Earth.","","23","114","137","85.712","11.667","49.644","20.143","1.32777","14.76490","16.09267","2026-07-06T13:56:26.165074","2026-07-06T13:56:26.433415","2026-07-06T13:56:28.729755","2026-07-06T13:56:28.730034"
"78","1","78","Compose a love poem for someone special.","","My love my heart's pure essence my light In you my soul has found its greatest might Each breath of yours a symphony so grand A masterpiece so true in love's command In you I see the blossom of the dawn A beauty and a grace forever drawn Your smile like sunshine chasing clouds away Bringing warmth and hope to each new day. My love my passion my everything The rhythm to my heartbeat's softest string In you a love so enchanting so real A passion overwhelming all I feel. My heart will forever sing your praise As I am lost in love's sweetest maze You are my reason my north star my guide With you I am truly alive inside. My love in every moment of each day I thank the stars that you came my way For with you my heart has found its home My love in you I’m never alone.","**Ode to a Heart That Rises Above Me** In the quiet hours where the world hums Where shadows dance softly and the stars whisper I find a soul so radiant so kind And I walk beside it as if my heart were yours. Your eyes like fire never dim Your voice a song forever true. In every smile in every glance I feel the light that draws you close. You are not just a person but a spark A flame that guides my soul A beacon like a star that never leaves. I hold you dear soul and never leave. So let me sing with you in this sacred way For you are the love the warmth the truth. Together we are one and that is all. Your heart is not just a gift but a gift to me. Let me carry you as I carry my heart. For love is deep and it's you that gives it. In this moment where you smile and I hear your voice Let me be the voice the light the soul. **","","20","256","276","44.445","22.500","46.947","21.300","2.18738","34.52882","36.71620","2026-07-06T13:56:28.732275","2026-07-06T13:56:29.182270","2026-07-06T13:56:34.635192","2026-07-06T13:56:34.635635"
"79","1","79","Create a mnemonic to remember the capital cities of the three Baltic countries.","","Here's a possible mnemonic: LET's go to the Baltic capitals . Each letter in the word LET represents the first letter of each capital city in the region: L for Tallinn of Estonia E for Riga of Latvia and T for Vilnius of Lithuania.","Sure! Here's a mnemonic to remember the capital cities of the three Baltic countries: ** Baltic Blue Europe and our home ** ** Baltic Blue: The capital is here!** **Europe: The capital is there!** **Our Home: The capital is here!** Let me know if you'd like a variation with a different mnemonic style!","","26","86","112","86.112","11.613","44.170","22.640","1.91799","11.89092","13.80891","2026-07-06T13:56:34.638084","2026-07-06T13:56:34.940015","2026-07-06T13:56:36.887046","2026-07-06T13:56:36.887325"
"80","1","80","Generate an acrostic poem.","Spring","Sunshine and warmth bring us out doors Petals bloom and bees are buzzing Rain showers that make the gardens grow Incredible time for new beginnings Nature awakens from a winter slumber Green grass and leaves on the trees once more","Certainly! Here's an acrostic poem that starts with Spring : **Spring** **Roses bloom in blue** **Lilies sway in green** **Blossoms begin to sing** **Morning rises in time** **A new season starts in you** Let me know if you'd like to adjust the rhythm or rhyme!","","20","78","98","85.068","11.755","49.709","20.117","1.35024","10.27679","11.62703","2026-07-06T13:56:36.889502","2026-07-06T13:56:37.124607","2026-07-06T13:56:38.693740","2026-07-06T13:56:38.693966"
"81","1","81","Brainstorm a creative idea for a team-building exercise.","","One creative idea for a team-building exercise could be a Virtual Escape Room challenge. In this activity team members work together to solve puzzles and complete tasks to escape a virtual room within a set time limit. To make it more interactive and engaging the escape room can be designed around a specific theme or storyline such as a heist or a treasure hunt. In the virtual escape room team members will have to communicate effectively delegate tasks and rely on each other's strengths to successfully complete the challenge. This activity not only promotes collaboration and problem solving but it also allows team members to get to know each other better and have some fun in the process.","**Creative Team-Building Exercise Idea: The Hidden Map of Trust ** **What It Does:** This activity encourages your team to explore their own beliefs values and trust in a hidden collaborative way. The participants are encouraged to share their thoughts and experiences in a safe supportive environment helping them grow closer and build stronger connections. **How It Works:** 1. **Preparation:** - Create a Map of Trust with numbered spaces labeled Open Close Shared Seek Learn Take Create Support. - Each participant receives a small card that they can use to write their thoughts on the map. 2. **Activity:** - ** Build Your Map Session:** - During this session the team comes together in small groups or pairs. - Each member is asked to write a short personal reflection on the map sharing what they think is their role or what they believe in the group. - **Discussion:** - After writing the team gathers to share their thoughts where they can express their beliefs feelings and expectations for each other. This includes discussing how they can support each other or how they can trust each other. 3.","","23","256","279","85.611","11.681","48.465","20.633","1.31720","34.43168","35.74888","2026-07-06T13:56:38.696141","2026-07-06T13:56:38.964797","2026-07-06T13:56:44.246920","2026-07-06T13:56:44.247282"
"82","1","82","Create an algorithm that classifies a given text into one of five categories.","This is a breathtaking landscape of mountains and lush vegetation.","Step 1: Define the categories and associated keywords - Nature: mountain vegetation landscape forest beach river lake ocean - Sports: football basketball hockey tennis running cycling fitness - Technology: computer internet software AI smartphone device gadget - Food: pizza pasta burger fruit vegetable cooking recipe cuisine - Art: painting sculpture music theater dance literature poetry Step 2: Tokenize and preprocess the input text - Convert the input text to lower case: this is a breathtaking landscape of mountains and lush vegetation. - Split the text into individual words: ['this' 'is' 'a' 'breathtaking' 'landscape' 'of' 'mountains' 'and' 'lush' 'vegetation'] Step 3: Count the number of keywords in the text for each category - Nature: 3 - Sports: 0 - Technology: 0 - Food: 0 - Art: 0 Step 4: Determine the category with the highest count - The category with the highest count is Nature. Step 5: Return the classification - The input text is classified as Nature.","Certainly! Here's an algorithm that classifies the given text into one of five categories: ### Algorithm: 1. **Analyze the context**: - The text describes a scene: a breathtaking landscape of mountains and lush vegetation. - The key elements are: mountains lush vegetation and a scene of breathtaking beauty. 2. **Classify based on key elements**: - **Category 1**: Breathtaking landscape of mountains and lush vegetation. This is the most fitting category. 3. **Decision Rule**: - If the text describes a scene of beauty (mountains lush vegetation breathtaking) then classify it as Breathtaking landscape of mountains and lush vegetation. ### Final Classification: **Category 1: Breathtaking landscape of mountains and lush vegetation.** Let me know if you'd like to adjust the categories or test this with another example!","","38","188","226","84.750","11.799","43.659","22.905","2.54103","27.47852","30.01955","2026-07-06T13:56:44.249772","2026-07-06T13:56:44.698152","2026-07-06T13:56:49.004230","2026-07-06T13:56:49.004554"
"83","1","83","Suggest a way to organize a closet efficiently.","","One way to organize a closet efficiently is to follow these steps: 1. First clear out everything from the closet and sort through the items. Donate or get rid of anything that you no longer wear or use. 2. Organize your clothes by type such as separating shirts pants dresses and jackets. Within these groups you can then organize them by color length or season. 3. Utilize shelving hanging rods and storage boxes or bins to maximize space. Place the most frequently used items at eye-level and within easy reach. 4. Use space-saving hangers and slim velvet hangers these save a lot of horizontal space and give a cleaner look. 5. Use shelf dividers to keep stacks of folded clothes neat and tidy. 6. Store off-season clothing or items that you rarely use in vacuum-sealed storage bags or in boxes on a higher shelf to free up space. 7. Consider using drawer organizers or storage boxes to keep smaller items such as socks or undergarments neat and easily accessible. 8. Make use of the closet door by hanging an over-the-door shoe organizer or hooks to store shoes bags or accessories. 9. Finally make sure to maintain the organization by putting things back in their designated spot after use and regularly reassessing and decluttering your closet. By implementing these steps you should be able to efficiently organize your closet and easily find what you're looking for.","To organize a closet efficiently you can follow these steps: 1. **Count the Total Number of Clothes:** - Count how many clothes you have in total. This will help you know exactly how many items to sort and place. 2. **Sort by Color:** - Group all clothes by color. This makes it easier to find and organize items of the same color. 3. **Sort by Size:** - Sort items by size either by being small or large. This ensures that small clothes are grouped together and large ones are separated if necessary. 4. **Sort by Texture:** - Group items by texture such as soft and hard. This can help you identify which ones are more similar in texture. 5. **Create a Sort List:** - Use a list to organize your clothes. You can write down the items in a sort list sorted by color size texture and other relevant categories. 6. **Use a Closet Organizer:** - If possible use a closet organizer like a closet rack that can help you organize items in a clear and efficient way. By following these steps you can organize your closet efficiently making it easier to find and manage your clothes","","22","256","278","86.355","11.580","44.852","22.295","1.32927","36.13109","37.46035","2026-07-06T13:56:49.006922","2026-07-06T13:56:49.261683","2026-07-06T13:56:54.969319","2026-07-06T13:56:54.969708"
"84","1","84","Train a GPT 3 language model to generate a realistic fake review for a given product.","Product: IKEA side table","The IKEA side table is a fantastic addition to my home. It's simple yet stylish design adds a touch of elegance to any room. It's the perfect size for placing next to a sofa or armchair providing a convenient spot for a cup of coffee or book. The build quality and durability are excellent and it's really easy to put together. It's a great value for the price and I would highly recommend it to anyone in need of a functional well-made side table.","Certainly! Here's a realistic fake review for an IKEA side table: --- **[Customer Name]** **[Location]** **[Date of Review]** I hope this review helps! If you need more feel free to ask. 😊 --- Let me know if you'd like a different product or style!","","37","71","108","83.117","12.031","49.561","20.177","2.56874","9.05042","11.61916","2026-07-06T13:56:54.972331","2026-07-06T13:56:55.417484","2026-07-06T13:56:56.850068","2026-07-06T13:56:56.850321"
"85","1","85","Give me a strategy to increase my productivity.","","Here are some effective strategies that can help you increase your productivity: 1. Set Clear Goals: Start by setting clear goals and breaking them down into smaller manageable tasks. Having a clear understanding of what you want to achieve helps keep you focused and motivated. 2. Use a To-Do List: Write down all the tasks you need to complete for the day or week and prioritize them according to their importance and urgency. This helps you stay organized and on track. 3. Avoid Distractions: Identify and minimize distractions that take your attention away from your work. This could include turning off notifications for non-essential apps working in a quiet environment and avoiding multitasking. 4. Take Breaks Regularly: It's essential to take breaks regularly to recharge and refresh your mind. During your breaks you can do a quick exercise meditate or even take a short walk to clear your head. 5. Use Tools and Apps: There are plenty of tools and apps available to help you stay productive. Use apps like Trello or Asana to manage your tasks Pomodoro timers to maintain focus and blocking apps to minimize distraction. 6. Optimizing your daily routine: It is important to have a morning routine aimed at increasing your energy and concentration during the day. Sleeping well eating healthy and having a pleasant time to wake up are factors that have a strong influence on daily productivity. By implementing these strategies you can effectively increase your productivity achieve your goals and reach your fullest potential.","Certainly! Here's a strategy to increase your productivity: ### 1. **Set Clear and Achievable Goals** - **Prioritize** your short-term goals. Use the **SMART goal framework** (Specific Measurable Achievable Relevant Time-bound). - Break down large goals into smaller manageable tasks to avoid feeling overwhelmed. ### 2. **Create a Routine** - Develop a daily or weekly routine that aligns with your goals. Schedule time for work rest and personal activities. - Schedule **non-pertinent** activities (like watching TV or social media) to focus on what’s important. ### 3. **Minimize Distractions** - Use tools like **time-blocking** to avoid distractions (e.g. using the Pomodoro technique where you work for 25 minutes and then take a 5-minute break). - Turn off notifications and set boundaries to avoid distractions during work. ### 4. **Leverage the 80/20 Rule** - The **80/20 rule** (80% of effort goes to 20% of work) helps you prioritize what truly matters. Focus on high-impact tasks","","21","256","277","85.705","11.668","48.825","20.481","1.34140","33.88417","35.22556","2026-07-06T13:56:56.852545","2026-07-06T13:56:57.097571","2026-07-06T13:57:02.340813","2026-07-06T13:57:02.341181"
"86","1","86","Write a story that uses the following four words: sunset starry journey adventure","","Once upon a time there was a young boy who dreamed of embarking on an epic journey. He longed for adventure and the thrill of exploring new lands. One warm summer evening as he gazed out at the beautiful sunset he knew that it was time to set out on his quest. The boy packed a small bag with everything he would need for his journey and set out into the night. The sky was starry and clear and the moon shone brightly lighting his way. As he walked he couldn't help but feel excited about the adventure that lay ahead. Days turned into weeks as the boy journeyed further and further from home. He encountered all sorts of obstacles and challenges but with each one he became stronger and more determined. The sun set and rose each day marking the passage of time as he continued on his quest. Finally after many long weeks of travel the boy reached his destination. He had discovered a new land filled with wonders and beauty beyond anything he could have ever imagined. The sunset over this new world was more breathtaking than any he had ever seen and the starry sky seemed to sparkle more brightly than ever before. The boy knew that his journey had been worth every step and he was grateful for the adventure that had brought him to this magical place. And so as he watched the sun set on another day he knew that this was just the beginning of a lifetime of exploration and discovery.","**The Journey of Starlight and the Adventure of the Sunset** In a quiet village nestled between mountains a young girl named Lila began her journey one summer morning. She had always been curious and her heart wove stories through the stars. One evening as the sun dipped below the horizon Lila noticed the sky filled with a brilliant display of colors. The stars began to glow and the world seemed to hold its breath. The sky was painted with a symphony of colors a canvas of light that seemed to dance with the stars. As the sun disappeared behind the hills the sky seemed to hold its breath and the stars began to twinkle like a beacon. The stars were not just there—they were part of something larger. Lila’s heart swelled with wonder. She could not stop watching the stars. The journey had not ended it had only begun. The stars had taught her about the beauty of the night sky and she felt a sense of adventure that filled her heart. One night as the sun faded into the distance Lila looked up and saw the stars not just above her but beneath her. She had not only seen the stars but they had become part of her journey. And in","","30","256","286","86.144","11.608","44.306","22.570","1.94326","36.78278","38.72604","2026-07-06T13:57:02.343709","2026-07-06T13:57:02.691962","2026-07-06T13:57:08.470004","2026-07-06T13:57:08.470394"
"87","1","87","Think of a creative way to transport a car from Denver to Texas.","","One idea for transporting a car from Denver to Texas in a creative way is to use helium filled balloons to float it through the sky. The car could be fitted with a harness and a large number of high-strength balloons could be attached to it. Once filled with helium the balloons would lift the car up into the air allowing it to be gently floated towards Texas. A small team of trained pilots could use drones to navigate the car and control its altitude making sure it stays on course and avoiding any obstacles or hazards along the way. This would be a unique and visually stunning way to transport the car and could draw a lot of attention and interest from people along the route.","Certainly! Here's a creative and unique way to transport a car from Denver to Texas: **The Car Ride Through Time Project**: 1. **Destination**: Texas specifically a region known for its beauty like the Great Plains where the car can travel to a city in Texas. 2. **Method**: - **Transportation**: Use a car to drive from Denver to a city in Texas say a city in Texas that's experiencing a time travel phenomenon such as a city that is now in Texas but with a car. - **Vehicle**: A car is used but instead of a car it's a **time machine** so the car becomes a tool for time travel. 3. **Purpose**: To show that the car is still functional—car time machine time traveler—without losing its purpose as a vehicle. This is a fun imaginative way to transport the car while keeping it as a time-travel device. Let me know if you'd like to expand on this idea!","","26","214","240","86.076","11.618","44.544","22.450","2.04489","30.26642","32.31131","2026-07-06T13:57:08.472868","2026-07-06T13:57:08.774928","2026-07-06T13:57:13.579154","2026-07-06T13:57:13.579517"
"88","1","88","Name a famous person who embodies the following values: knowledge and creativity.","","One famous person who embodies the values of knowledge and creativity is Albert Einstein. He is widely regarded as one of the most brilliant and influential scientists of all time and his groundbreaking theories and ideas have had a profound impact on our understanding of the universe. Einstein was a creative thinker who was able to develop new and innovative ideas and he also had a deep and expansive knowledge of the scientific principles and theories of his time.","One famous person who embodies both knowledge and creativity is **Bill Gates**. He is known for his groundbreaking work in technology and business as well as his commitment to education and innovation. His approach combines his passion for creativity with his dedication to sharing knowledge making him a great example of someone who can embody both values.","","26","68","94","86.027","11.624","48.997","20.409","1.29004","8.80071","10.09075","2026-07-06T13:57:13.582066","2026-07-06T13:57:13.884296","2026-07-06T13:57:15.272142","2026-07-06T13:57:15.272373"
"89","1","89","Design a smartphone app","","The smartphone app I would design would be a personal organization and productivity tool. The app would feature a clean and intuitive user interface and it would be divided into several sections including a calendar to-do list goal tracker and note-taking section. The calendar section would allow users to add events and appointments set reminders and view their schedule in a daily weekly or monthly layout. The to-do list would enable users to organize tasks into categories and prioritize them based on urgency and importance. The goal tracker would help users set and track their personal and professional goals with features such as progress tracking and customizable milestones. Finally the note-taking section would provide a space for users to jot down ideas and reminders with the option to add images and voice recordings. The app would also integrate with other commonly used applications such as email and cloud storage to provide a seamless experience. Users could set up custom notifications and reminders to ensure they stay on track with their tasks and goals. Overall the app would be a comprehensive tool for managing time organizing tasks and achieving personal and professional goals.","Certainly! Here's a **simplified and engaging smartphone app design** for a user to explore and learn about a new topic such as **climate change**: --- ### **Title:** *Climate Change: Discover the Future of Our Planet* **Purpose:** To educate users about climate change and inspire action to reduce environmental impact. --- ### **Features of the App:** 1. **Introductory Screen** - Displays a globe and mentions climate change. - Shows a short video or animation explaining climate change basics. 2. **Content Highlights** - **Global Climate Data:** Charts showing temperature trends CO2 levels and other climate-related statistics. - **Climate Action Tips:** Interactive quizzes or tips on reducing carbon footprint sustainable energy practices and reducing plastic waste. - **Real-World Examples:** Short videos or stories about communities affected by climate change. 3. **Interactive Activities** - **Quiz:** Test your understanding of climate change and its causes. - **Role-Play:** Simulate climate-related scenarios (e.g. emergency preparedness community action). 4. **Visual Storytelling** - Short documentaries or infographics about climate-related events or solutions. 5. **","","16","256","272","84.963","11.770","48.770","20.505","0.63328","34.46685","35.10013","2026-07-06T13:57:15.274549","2026-07-06T13:57:15.462867","2026-07-06T13:57:20.712038","2026-07-06T13:57:20.712408"
"90","1","90","Create an appropriate title for a song.","","Heartbeats and Echoes","**Title: Echoes in Time **","","20","14","34","84.175","11.880","47.231","21.172","1.28773","1.90600","3.19373","2026-07-06T13:57:20.714732","2026-07-06T13:57:20.952331","2026-07-06T13:57:21.248745","2026-07-06T13:57:21.249027"
"91","1","91","Write a 100-word description of a bustling city street scene.","","The city street is alive with energy and movement as people from all walks of life hurry along the crowded sidewalks. The sounds of car horns and chatter fill the air contributing to the lively atmosphere. Street vendors line the sidewalks selling everything from hot dogs to exotic souvenirs attracting customers with their colorful displays and enticing aromas. Traffic is heavy with cars buses and bikes all vying for space on the busy roads. The bright lights of towering buildings and flashing signs illuminate the scene creating a vibrant and bustling urban environment.","A bustling city street thrives with vibrant energy as people walk the cobblestone paths their laughter echoing in the open air. The sun shines brightly casting golden hues across the buildings creating a lively atmosphere that brings joy and connection to the community. From the corner shops selling fresh produce to the market stalls offering their wares the scene is alive with color and sound. This dynamic scene highlights the city's spirit and the harmony it fosters among its diverse residents.","","27","100","127","86.004","11.627","44.697","22.373","2.00549","13.68227","15.68777","2026-07-06T13:57:21.251126","2026-07-06T13:57:21.565066","2026-07-06T13:57:23.802373","2026-07-06T13:57:23.802787"
"92","1","92","Rewrite the sentence using a different way of saying must .","Everyone must remember to bring their supplies to class.","It is imperative for everyone to remember to bring their supplies to class.","Everyone must remember to bring their supplies to class.","","35","14","49","85.920","11.639","50.472","19.813","2.59312","1.28940","3.88252","2026-07-06T13:57:23.805086","2026-07-06T13:57:24.212444","2026-07-06T13:57:24.489823","2026-07-06T13:57:24.490002"
"93","1","93","Convert the following graphic into a text description.","","I'm sorry but as an AI language model I cannot see the graphic you provided. Please provide a textual description of the graphic or any other text-based information so I can assist you better.","The graphic depicts a vibrant scene filled with energy and joy. It shows a group of children playing in a colorful playground surrounded by colorful decorations and laughter. The setting is bright and inviting with diverse colors that create a warm and cheerful atmosphere. The scene features a large open space with various games and activities and the participants are engaged in a positive and fun-filled experience. The overall mood is upbeat and inviting capturing the spirit of a joyful and engaging time for the children.","","21","100","121","50.249","19.901","49.173","20.336","2.36318","12.95813","15.32131","2026-07-06T13:57:24.492006","2026-07-06T13:57:24.909922","2026-07-06T13:57:26.943546","2026-07-06T13:57:26.943817"
"94","1","94","Imagine you are making an egg sandwich write out a step-by-step instruction to make the sandwich.","","Here is a step-by-step instruction to make an egg sandwich: 1. Start by gathering all the ingredients you will need. These include bread eggs butter mayonnaise lettuce salt pepper and any other toppings or condiments you want to add. 2. Heat a non-stick skillet over medium heat and add a small pat of butter to the skillet. 3. Crack the eggs into the skillet and cook until the whites are set but the yolks are still runny. You can also flip the eggs over and cook for a few seconds on the other side if you prefer your yolks more cooked. 4. While the eggs are cooking toast the bread to your desired level of toasty-ness. You can use a toaster or you can toast the bread in the skillet by melting some butter on it and cooking the bread over medium-low heat until it is lightly browned on both sides. 5. Once the bread is toasted spread one side of each slice with mayonnaise. Place the lettuce on top of one slice of bread. 6. When the eggs are cooked use a spatula to carefully transfer them on top of the lettuce. Season with salt and pepper to taste. 7. Add any other toppings or condiments you want to include such as cheese sliced tomato or bacon. 8. Top with the other slice of bread mayonnaise side down. Cut the sandwich in half if desired and serve immediately. Enjoy your delicious egg sandwich!","Certainly! Here's a step-by-step instruction to make an egg sandwich: **Step 1: Prepare the Egg Mosaic** 1. In a bowl combine 2 eggs 1 slice of whole wheat toast and 1 slice of whole grain toast. 2. Add 2 tablespoons of whole wheat mustard and 1 tablespoon of olive oil to the mixture. 3. Stir thoroughly to combine everything. **Step 2: Prepare the Sandwich** 1. Place the egg mosaic on a plate or sandwich board. 2. Add 2 slices of bread and 1 slice of whole grain bread. 3. Add 2 tablespoons of melted butter and 2 tablespoons of melted yogurt. **Step 3: Add the Egg Sandwich** 1. Add 2 whole wheat eggs into the sandwich and 2 whole wheat eggs into the other slice. 2. Add 2 more slices of bread and 1 slice of whole grain bread. 3. Add 1 more slice of whole wheat bread and 1 tablespoon of melted butter. **Step 4: Serve** Once all ingredients are mixed you can simply bite into the egg sandwich. Enjoy!","","32","238","270","86.164","11.606","48.487","20.624","2.05262","31.80979","33.86240","2026-07-06T13:57:26.946083","2026-07-06T13:57:27.317469","2026-07-06T13:57:32.225969","2026-07-06T13:57:32.226403"
"95","1","95","Predict how technology will change in the next 5 years.","","In the next five years technology is expected to advance significantly driven by trends such as artificial intelligence (AI) virtual and augmented reality the Internet of Things (IoT) 5G connectivity and automation. Here are some ways technology may change in the coming years: 1. Greater adoption of AI and Machine Learning: The use of AI and machine learning will continue to grow with more businesses and organizations incorporating these technologies into their operations. This will lead to more automation of tasks improved accuracy and efficiency in data analysis and the development of smarter and more intuitive software. 2. Widespread implementation of 5G: The rollout of 5G networks will revolutionize the way we connect and communicate bringing faster internet speeds stronger connections and reduced response times. This will enable advancements in fields such as telemedicine remote work and gaming. 3. Advancements in VR and AR: Virtual and augmented reality technologies will continue to develop with more immersive and interactive experiences becoming available. This will not only impact the entertainment industry but will also have implications for education training and simulation. 4. Expansion of IoT: The Internet of Things (IoT) will continue to expand with more devices and appliances being connected and sharing data. This will result in more efficient and personalized interactions with technology from smart homes to connected cars. 5. Continued growth of remote work: Advances in technology and the normalization of remote work during the pandemic will lead to continued growth in remote work. Tools for collaboration communication and productivity will continue to improve making it easier for teams to work together despite geographic distances. Overall technology in the next five years is expected to continue driving innovation and change in virtually every industry allowing for greater connectivity automation and efficiency.","Technology will continue to drive significant changes in the next five years with several key areas expected to evolve: 1. **Artificial Intelligence (AI) and Automation**: - AI will become increasingly integrated into everyday applications particularly in industries like healthcare finance and education. Automation will likely develop to a degree where tasks can be performed by machines reducing human labor in manufacturing and other sectors. - AI will also enhance personalized experiences such as personalized content or recommendations in search engines or social media platforms. 2. **Healthcare and Biotechnology**: - There will be more advancements in personalized medicine and genetic testing. AI and big data will play a larger role in diagnosing and treating diseases. - Biotechnology will lead to breakthroughs in drug development making treatments more efficient and effective. 3. **Education and Learning Technology**: - Online learning platforms will continue to grow with AI helping in personalized learning. Virtual classrooms and interactive tools will be widespread. - There may be a shift toward hybrid learning models where students work remotely and in-person simultaneously. 4. **The Internet of Everything (IoE)**: - The IoE will become more prevalent with real-time data gathering and analysis across various industries.","","24","256","280","85.985","11.630","45.140","22.153","1.32751","36.14961","37.47712","2026-07-06T13:57:32.228836","2026-07-06T13:57:32.507955","2026-07-06T13:57:38.179241","2026-07-06T13:57:38.179647"
"96","1","96","Find the minimum value of 132 - 5*3","","The minimum value of `132 - 5 * 3` can be found by following the order of operations. First you would solve the multiplication inside the expression which is: 5 * 3 = 15. Then you can substitute this value into the expression making it `132 - 15`. Now we will perform the subtraction: 132 - 15 = 117 So the minimum value of `132 - 5 * 3` is 117.","We are given the expression: $$ 132 - 5 \times 3 $$ Let's solve it step by step: 1. First perform the multiplication: $$ 5 \times 3 = 15 $$ 2. Then subtract from 132: $$ 132 - 15 = 117 $$ So the minimum value is: $$ \boxed{117} $$","","26","108","134","85.519","11.693","44.971","22.236","2.01004","14.99476","17.00480","2026-07-06T13:57:38.182110","2026-07-06T13:57:38.486137","2026-07-06T13:57:40.887668","2026-07-06T13:57:40.888015"
"97","1","97","Provide a step-by-step explanation of how a physical computer is powered up.","","1. **Connect the power cable:** Start by confirming that the computer is correctly plugged into an electrical outlet surge protector or power strip (which should be turned on). Typically a computer uses a 3-pronged power cord with one end connecting to the power supply unit (PSU) at the back of the computer case and the other end is plugged into a wall socket. 2. **Turn on the power supply:** With the power cable connected locate the power supply unit (PSU) switch usually located at the back of the computer case near the power cord - this switches the PSU on or off - and move it to the 1 or ON position. 3. **Press the power button:** Find the power button on the front of the computer case and press it. This will send a signal to the power supply to start sending power throughout the system. 4. **The Boot Process:** Once the power button is pressed the power supply sends an electrical current to the motherboard and other components. The motherboard's BIOS (Basic Input/Output System) is activated and conducts a Power-On-Self-Test (POST) to ensure all hardware is functioning correctly. If the POST is successful it will then start the boot loader program which is responsible for loading the operating system. 5. **Loading the Operating System:** Once the boot loader is activated it will load the operating system (e.g. Windows macOS) from the hard drive or SSD into the computer's memory (RAM). The operating system then initializes the system and loads drivers and services responsible for controlling the computer's hardware and software. 6. **Ready to Use:** After the operating system has loaded the computer will display the login screen and the user can log in to the system. At this point the computer is powered up and the user can begin using it to perform tasks run applications and access the internet. Note: These steps assume that the computer is functioning correctly and has no issues with its hardware or software. If problems are encountered during the power-up process a user may need to troubleshoot the issue or seek the assistance of a professional technician.","To power up a **physical computer** follow these steps: --- ### **1. Turn the computer on** - Turn the computer on from the power button (on a desktop or laptop). - Ensure the display is on and the screen is working properly. --- ### **2. Connect the power supply** - Ensure the power supply (or power cable) is connected to the computer. - If the power supply is not working the computer may need a power source like a USB port or a wall socket to power it. --- ### **3. Turn on the power supply itself** - Turn on the power supply itself (on a desktop or laptop). - If the power supply is not working the computer may need to be unplugged or disconnected from power. --- ### **4. Power down the computer if necessary** - If the computer is unplugged or the power supply is faulty turn it off. - This will stop the computer from drawing power from the power supply and allow it to function normally. --- ### **5. Reboot the computer** - Once the computer is off turn it back on. - Reboot is necessary for the operating system (e.g. Windows Linux or macOS) to boot up properly. --- ###","","27","256","283","85.829","11.651","43.307","23.091","1.98734","37.08639","39.07372","2026-07-06T13:57:40.890348","2026-07-06T13:57:41.204926","2026-07-06T13:57:47.116258","2026-07-06T13:57:47.116735"
"98","1","98","Come up with some creative ways to recycle cardboard.","","1. Create fun and functional storage containers: Cut and shape cardboard boxes into custom organizers for your drawers cabinets and desk. 2. Design a DIY pet toy or scratching post: Cats and rabbits both love to play and scratch on cardboard. Create a fun and sustainable toy for your furry friend by gluing together pieces of cardboard for them to chew or scratch on. 3. Make picture frames: Cut out and decorate cardboard frames for your favorite photos or artwork. You can even use different colors and patterns to create a gallery wall. 4. Build a fort: Let your imagination run wild and build a fort or playhouse for your kiddos using various sizes and shapes of cardboard boxes. 5. Craft homemade cards or stationery: Cut and fold your cardboard into unique cards or note paper and decorate with markers paint or collages. 6. Compost it: Cardboard can be an effective brown material in compost piles. Simply shred or tear up the cardboard and add it to the mix. 7. Use as mulch: In a similar vein cardboard can be used as a weed barrier and mulch in garden beds. Lay down a layer of cardboard over weedy areas and then cover with dirt mulch or compost. 8. DIY plant pots: Use cardboard to create biodegradable pots for starting seedlings. Once the seedlings are ready to be transplanted simply place the entire pot into the ground.","Certainly! Here are some creative and fun ways to recycle cardboard: 1. **Cardboard Art Projects** - Create cardboard sculptures or murals. Use cut-out cardboard to design interesting art pieces. 2. **Cardboard Dog Houses** - Build cardboard dog houses in a box format. These can be reused for small pets or as toy houses. 3. **Cardboard Watering Pots** - Make small watering cups out of cardboard. These are eco-friendly and can be used for home gardening. 4. **Cardboard Boats** - Craft small boats from cardboard. These can be used for small boats or as toy boats. 5. **Cardboard Decorations** - Use cardboard to create small decor items such as posters boxes or picture frames. 6. **Cardboard Rugs** - Create small rug patterns using cardboard. These can be sold or used as decor. 7. **Cardboard Chairs** - Cut cardboard into chairs. These can be used for seating in a room or as decor items. 8. **Cardboard Boilers** - Make small cardboard ones to cook food. These can be placed in a kitchen and used for cooking. 9","","22","256","278","86.319","11.585","45.259","22.095","1.28665","35.90569","37.19234","2026-07-06T13:57:47.119282","2026-07-06T13:57:47.374150","2026-07-06T13:57:53.030475","2026-07-06T13:57:53.030834"
"99","1","99","Construct a regular expression that matches all 5-digit numbers that start with 4.","","The regular expression that matches all 5-digit numbers that start with 4 would be `4\d{4}`. The `4` at the start of the expression indicates that the number must start with 4. The `\d` represents any digit and the `{4}` indicates that there should be four digits following the leading 4. The entire expression therefore means that the number should start with 4 and be followed by four digits resulting in a 5-digit number that starts with 4.","To construct a regular expression that matches all **5-digit numbers starting with 4** we can use the following structure: ```regex 4[0-9]{3} ``` ### Explanation: - `4[0-9]{3}` matches exactly 5 digits in total starting with 4. - The `[0-9]` part ensures that the remaining 3 digits are digits. - The pattern ensures that the 5-digit number is valid — it starts with 4 and has exactly 5 digits (no leading zeros allowed in the remaining 3 digits). ### Example Matches: ``` 40123 40145 44444 ``` This regex will match all 5-digit numbers starting with 4 regardless of their value.","","29","169","198","60.950","16.407","41.207","24.268","2.45933","24.84622","27.30556","2026-07-06T13:57:53.033325","2026-07-06T13:57:53.509128","2026-07-06T13:57:57.610341","2026-07-06T13:57:57.610709"
