row_number,timestamp,datetime,voltage_v_0x40,current_a_0x40,power_w_0x40,shunt_mv_0x40,energy_j_0x40,voltage_v_0x41,current_a_0x41,power_w_0x41,shunt_mv_0x41,energy_j_0x41,voltage_v_0x44,current_a_0x44,power_w_0x44,shunt_mv_0x44,energy_j_0x44,voltage_v_0x45,current_a_0x45,power_w_0x45,shunt_mv_0x45,energy_j_0x45,total_power_w,total_energy_j
0-1,1783321100.254838,2026-07-06T13:58:20.254838,5.07931,1.27982,6.50062,13.05000,0.65049,5.05485,1.19437,6.03737,12.14000,0.60414,5.04527,1.03934,5.24374,10.28000,0.52472,5.08194,1.15555,5.87244,11.70000,0.58763,23.65417,2.36698
0-1,1783321100.354893,2026-07-06T13:58:20.354893,5.07803,1.30326,6.61800,13.29000,1.31265,5.05463,1.28764,6.50852,13.09000,1.25534,5.03727,1.03934,5.23543,10.28000,1.04855,5.07699,1.17411,5.96094,11.89000,1.18405,24.32289,4.80060
0-1,1783321100.454947,2026-07-06T13:58:20.454947,5.08866,1.18168,6.01315,12.05000,1.91430,5.06563,1.04471,5.29211,10.62000,1.78484,5.03490,1.36479,6.87157,13.50000,1.73608,5.07219,1.11112,5.63580,11.25000,1.74794,23.81263,7.18316
0-1,1783321100.555001,2026-07-06T13:58:20.555001,5.08054,1.25712,6.38685,12.82000,2.55333,5.03845,1.20316,6.06207,12.23000,2.39138,5.04854,1.12308,5.66992,11.11000,2.30338,5.07029,1.14847,5.82309,11.63000,2.33056,23.94193,9.57864
0-1,1783321100.655055,2026-07-06T13:58:20.655055,5.08854,1.25712,6.39690,12.82000,3.19336,5.05445,1.20316,6.08132,12.23000,2.99984,5.02844,1.19584,6.01319,11.83000,2.90502,5.07849,1.14457,5.81267,11.59000,2.91214,24.30408,12.01036
0-1,1783321100.755109,2026-07-06T13:58:20.755109,5.08897,1.24931,6.35768,12.74000,3.82947,5.05432,1.20609,6.09597,12.26000,3.60976,5.02844,1.19584,6.01319,11.83000,3.50667,5.07449,1.14457,5.80809,11.59000,3.49326,24.27493,14.43916
0-1,1783321100.855163,2026-07-06T13:58:20.855163,5.08913,1.24638,6.34297,12.71000,4.46411,5.05427,1.20707,6.10085,12.27000,4.22018,5.03038,1.23222,6.19852,12.19000,4.12685,5.07444,1.14554,5.81299,11.60000,4.07488,24.45533,16.88602
0-1,1783321100.955217,2026-07-06T13:58:20.955217,5.08508,1.24735,6.34288,12.72000,5.09874,5.05543,1.18143,5.97266,12.01000,4.81777,5.02649,1.23026,6.18391,12.17000,4.74558,5.07415,1.15140,5.84238,11.66000,4.65943,24.34183,19.32152
0-1,1783321101.055271,2026-07-06T13:58:21.055271,5.09308,1.24735,6.35286,12.72000,5.73437,5.05543,1.18143,5.97266,12.01000,5.41535,5.02764,1.21000,6.08343,11.97000,5.35425,5.07525,1.12967,5.73337,11.44000,5.23308,24.14232,21.73705
0-1,1783321101.155326,2026-07-06T13:58:21.155326,5.09201,1.26688,6.45099,12.92000,6.37982,5.05392,1.21488,6.13991,12.35000,6.02968,5.03066,1.22733,6.17429,12.14000,5.97202,5.07125,1.12967,5.72885,11.44000,5.80628,24.49404,24.18780
0-1,1783321101.255380,2026-07-06T13:58:21.255380,5.09222,1.26298,6.43137,12.88000,7.02331,5.05419,1.20902,6.11062,12.29000,6.64108,5.02666,1.22733,6.16938,12.14000,6.58929,5.07434,1.14750,5.82279,11.62000,6.38887,24.53416,26.64255
0-1,1783321101.355434,2026-07-06T13:58:21.355434,5.08785,1.26981,6.46063,12.95000,7.66972,5.05521,1.18632,5.99708,12.06000,7.24111,5.03038,1.23222,6.19852,12.19000,7.20948,5.07474,1.13968,5.78360,11.54000,6.96755,24.43983,29.08786
0-1,1783321101.455488,2026-07-06T13:58:21.455488,5.08785,1.26981,6.46063,12.95000,8.31614,5.05521,1.18632,5.99708,12.06000,7.84114,5.03209,1.20194,6.04828,11.89000,7.81463,5.08198,1.15458,5.86754,11.69000,7.55462,24.37353,31.52653
0-1,1783321101.555543,2026-07-06T13:58:21.555543,5.09196,1.26786,6.45589,12.93000,8.96208,5.05788,1.21586,6.14966,12.36000,8.45644,5.02204,1.23832,6.21889,12.25000,8.43686,5.07798,1.15458,5.86292,11.69000,8.14123,24.68736,33.99661
0-1,1783321101.655597,2026-07-06T13:58:21.655597,5.09190,1.26884,6.46080,12.94000,9.60851,5.05801,1.21293,6.13500,12.33000,9.07027,5.02604,1.23832,6.22384,12.25000,9.05958,5.07805,1.15336,5.85679,11.68000,8.72722,24.67643,36.46559
0-1,1783321101.755652,2026-07-06T13:58:21.755652,5.09190,1.26884,6.46080,12.94000,10.25494,5.05121,1.18632,5.99233,12.06000,9.66984,5.02631,1.23344,6.19964,12.20000,9.67989,5.08184,1.15751,5.88226,11.72000,9.31577,24.53503,38.92044
0-1,1783321101.855706,2026-07-06T13:58:21.855706,5.08790,1.26884,6.45572,12.94000,10.90086,5.05121,1.18632,5.99233,12.06000,10.26939,5.02695,1.22221,6.14396,12.09000,10.29461,5.08184,1.15751,5.88226,11.72000,9.90432,24.47427,41.36918
0-1,1783321101.955761,2026-07-06T13:58:21.955761,5.08768,1.27299,6.47655,12.98000,11.54887,5.05807,1.12333,5.68185,11.42000,10.83789,5.05955,0.85720,4.33707,8.48000,10.72856,5.09887,0.82156,4.18901,8.32000,10.32345,20.68448,43.43877
0-1,1783321102.055815,2026-07-06T13:58:22.055815,5.09891,0.84719,4.31976,8.64000,11.98108,5.07031,0.85281,4.32401,8.67000,11.27053,5.04355,0.85720,4.32335,8.48000,11.16113,5.08687,0.82156,4.17916,8.32000,10.74159,17.14628,45.15432
0-1,1783321102.155869,2026-07-06T13:58:22.155869,5.08462,1.10916,5.63968,11.31000,12.54535,5.04685,1.19437,6.02782,12.14000,11.87363,5.04132,0.89676,4.52083,8.87000,11.61345,5.08406,0.87698,4.45861,8.88000,11.18769,20.64694,47.22013
0-1,1783321102.255923,2026-07-06T13:58:22.255923,5.08379,1.27103,6.46167,12.96000,13.19187,5.06285,1.19437,6.04693,12.14000,12.47865,5.02255,1.22929,6.17415,12.16000,12.23120,5.07044,1.14554,5.80841,11.60000,11.76885,24.49116,49.67058
0-1,1783321102.355977,2026-07-06T13:58:22.355977,5.08379,1.27103,6.46167,12.96000,13.83839,5.05765,1.22074,6.17408,12.41000,13.09640,5.03031,1.23344,6.20457,12.20000,12.85200,5.07384,1.15751,5.87300,11.72000,12.35647,24.71332,52.14324
0-1,1783321102.456031,2026-07-06T13:58:22.456031,5.09297,1.24931,6.36268,12.74000,14.47500,5.05801,1.21293,6.13500,12.33000,13.71023,5.03031,1.23344,6.20457,12.20000,13.47279,5.07384,1.15751,5.87300,11.72000,12.94408,24.57525,54.60210
0-1,1783321102.556086,2026-07-06T13:58:22.556086,5.09168,1.27299,6.48165,12.98000,15.12352,5.05014,1.21000,6.11066,12.30000,14.32163,5.03071,1.22636,6.16945,12.13000,14.09007,5.07774,1.15946,5.88743,11.74000,13.53315,24.64919,57.06836
0-1,1783321102.656140,2026-07-06T13:58:22.656140,5.08736,1.27885,6.50596,13.04000,15.77447,5.05814,1.21000,6.12034,12.30000,14.93399,5.03009,1.23734,6.22395,12.24000,14.71280,5.07789,1.15653,5.87272,11.71000,14.12074,24.72297,59.54200
0-1,1783321102.756194,2026-07-06T13:58:22.756194,5.08736,1.27885,6.50596,13.04000,16.42542,5.04965,1.22074,6.16432,12.41000,15.55076,5.02684,1.22416,6.15365,12.11000,15.32850,5.07364,1.16141,5.89259,11.76000,14.71032,24.71652,62.01499
0-1,1783321102.856313,2026-07-06T13:58:22.856313,5.08763,1.27396,6.48145,12.99000,17.07433,5.05063,1.19926,6.05699,12.19000,16.15718,5.03084,1.22416,6.15854,12.11000,15.94509,5.06964,1.16141,5.88794,11.76000,15.29981,24.58492,64.47641
0-1,1783321102.956432,2026-07-06T13:58:22.956432,5.08828,1.26200,6.42141,12.87000,17.71723,5.05365,1.22074,6.16920,12.41000,16.77483,5.02181,1.24247,6.23944,12.29000,16.56977,5.07859,1.14261,5.80286,11.57000,15.88078,24.63291,66.94262
0-1,1783321103.056550,2026-07-06T13:58:23.056550,5.08444,1.25907,6.40167,12.84000,18.35816,5.05365,1.22074,6.16920,12.41000,17.39248,5.02249,1.23026,6.17898,12.17000,17.18840,5.07359,1.16239,5.89748,11.77000,16.47123,24.64733,69.41027
0-1,1783321103.156668,2026-07-06T13:58:23.156668,5.08844,1.25907,6.40671,12.84000,18.99959,5.05494,1.19242,6.02760,12.12000,17.99595,5.02981,1.24247,6.24938,12.29000,17.81408,5.07349,1.16434,5.90728,11.79000,17.06266,24.59097,71.87228
0-1,1783321103.256786,2026-07-06T13:58:23.256786,5.08731,1.27982,6.51086,13.05000,19.65144,5.05370,1.21976,6.16432,12.40000,18.61311,5.02581,1.24247,6.24441,12.29000,18.43926,5.07754,1.16337,5.90703,11.78000,17.65406,24.82662,74.35786
0-1,1783321103.356904,2026-07-06T13:58:23.356904,5.09120,1.28178,6.52578,13.07000,20.30479,5.05099,1.19120,6.01673,12.11000,19.21549,5.03398,1.23930,6.23859,12.26000,19.06385,5.07354,1.16337,5.90238,11.78000,18.24499,24.68348,76.82912
0-1,1783321103.457022,2026-07-06T13:58:23.457022,5.09190,1.26884,6.46080,12.94000,20.95163,5.05499,1.19120,6.02150,12.11000,19.81836,5.03426,1.23441,6.21435,12.21000,19.68602,5.07349,1.16434,5.90728,11.79000,18.83642,24.60393,79.29243
0-1,1783321103.557142,2026-07-06T13:58:23.557142,5.08741,1.27787,6.50106,13.03000,21.60252,5.05361,1.22172,6.17408,12.42000,20.43650,5.01758,1.24638,6.25380,12.33000,20.31215,5.07339,1.16630,5.91707,11.81000,19.42883,24.84601,81.77999
0-1,1783321103.657261,2026-07-06T13:58:23.657261,5.09141,1.27787,6.50617,13.03000,22.25391,5.05383,1.21683,6.14967,12.37000,21.05220,5.02958,1.24638,6.26875,12.33000,20.93977,5.07739,1.16630,5.92174,11.81000,20.02171,24.84633,84.26759
0-1,1783321103.757379,2026-07-06T13:58:23.757379,5.09190,1.26884,6.46080,12.94000,22.90075,5.05329,1.22880,6.20947,12.49000,21.67388,5.02278,1.22514,6.15359,12.12000,21.55585,5.06939,1.16630,5.91241,11.81000,20.61365,24.73627,86.74414
0-1,1783321103.857497,2026-07-06T13:58:23.857497,5.09265,1.25517,6.39212,12.80000,23.54071,5.04529,1.22880,6.19964,12.49000,22.29457,5.02164,1.24540,6.25395,12.32000,22.18198,5.07334,1.16727,5.92197,11.82000,21.20654,24.76768,89.22381
0-1,1783321103.957615,2026-07-06T13:58:23.957615,5.08749,1.20316,6.12107,12.27000,24.15355,5.05967,1.08792,5.50453,11.06000,22.84568,5.03009,1.16654,5.86780,11.54000,22.76946,5.07704,1.09427,5.55566,11.08000,21.76277,23.04906,91.53145
0-1,1783321104.057734,2026-07-06T13:58:24.057734,5.08749,1.20316,6.12107,12.27000,24.76638,5.05325,1.22977,6.21435,12.50000,23.46785,5.03009,1.16654,5.86780,11.54000,23.35694,5.06919,1.17020,5.93198,11.85000,22.35667,24.13520,93.94783
0-1,1783321104.157853,2026-07-06T13:58:24.157853,5.08806,1.26591,6.44102,12.91000,25.41125,5.05851,1.11356,5.63295,11.32000,24.03182,5.03369,1.24442,6.26404,12.31000,23.98409,5.07719,1.17020,5.94134,11.85000,22.95151,24.27935,96.37866
0-1,1783321104.257970,2026-07-06T13:58:24.257970,5.08704,1.28471,6.53536,13.10000,26.06555,5.04651,1.11356,5.61959,11.32000,24.59444,5.03431,1.23344,6.20951,12.20000,24.60577,5.07765,1.08231,5.49558,10.96000,23.50171,23.86004,98.76747
0-1,1783321104.358090,2026-07-06T13:58:24.358090,5.08683,1.28861,6.55495,13.14000,26.72183,5.04916,1.23173,6.21918,12.52000,25.21710,5.02964,1.24540,6.26391,12.32000,25.23291,5.07344,1.16532,5.91217,11.80000,24.09364,24.95021,101.26549
0-1,1783321104.458209,2026-07-06T13:58:24.458209,5.08683,1.28861,6.55495,13.14000,27.37811,5.04948,1.22465,6.18383,12.45000,25.83622,5.02141,1.24955,6.27450,12.36000,25.86110,5.07314,1.17118,5.94156,11.86000,24.68850,24.95484,103.76393
0-1,1783321104.558327,2026-07-06T13:58:24.558327,5.09281,1.25224,6.37740,12.77000,28.01660,5.06785,1.08402,5.49363,11.02000,26.38623,5.04141,1.24955,6.29949,12.36000,26.49180,5.08445,0.86917,4.41924,8.80000,25.13095,22.58976,106.02558
0-1,1783321104.658445,2026-07-06T13:58:24.658445,5.11528,0.84036,4.29866,8.57000,28.44697,5.05585,1.08402,5.48062,11.02000,26.93494,5.04349,0.85818,4.32823,8.49000,26.92513,5.08445,0.86917,4.41924,8.80000,25.57339,18.52675,107.88044
0-1,1783321104.758564,2026-07-06T13:58:24.758564,5.09409,0.86209,4.39155,8.79000,28.88665,5.05808,0.85794,4.33951,8.72000,27.36941,5.04315,0.86428,4.35871,8.55000,27.36152,5.07487,0.82156,4.16930,8.32000,25.99082,17.25907,109.60840
0-1,1783321104.858683,2026-07-06T13:58:24.858683,5.07985,1.26981,6.45047,12.95000,29.53247,5.04125,1.22977,6.19959,12.50000,27.99010,5.01758,1.24638,6.25380,12.33000,27.98765,5.05729,1.16825,5.90817,11.83000,26.58234,24.81203,112.09255
0-1,1783321104.958802,2026-07-06T13:58:24.958802,5.07985,1.26981,6.45047,12.95000,30.17828,5.05586,1.26029,6.37187,12.81000,28.62804,5.02558,1.24638,6.26377,12.33000,28.61476,5.07374,1.15946,5.88279,11.74000,27.17132,24.96890,114.59240
0-1,1783321105.058921,2026-07-06T13:58:25.058921,5.09093,1.28666,6.55030,13.12000,30.83409,5.06386,1.26029,6.38195,12.81000,29.26700,5.02141,1.24955,6.27450,12.36000,29.24296,5.07774,1.15946,5.88743,11.74000,27.76076,25.09418,117.10481
0-1,1783321105.159040,2026-07-06T13:58:25.159040,5.09045,1.29545,6.59443,13.21000,31.49432,5.05124,1.27396,6.43511,12.95000,29.91128,5.02271,1.22636,6.15963,12.13000,29.85966,5.07309,1.17215,5.94645,11.87000,28.35611,25.13562,119.62137
0-1,1783321105.259158,2026-07-06T13:58:25.259158,5.09157,1.27494,6.49146,13.00000,32.14423,5.05142,1.27006,6.41560,12.91000,30.55360,5.02901,1.25663,6.31960,12.43000,30.49237,5.07294,1.17508,5.96114,11.90000,28.95293,25.18780,122.14313
0-1,1783321105.359275,2026-07-06T13:58:25.359275,5.09557,1.27494,6.49655,13.00000,32.79465,5.05623,1.25224,6.33159,12.73000,31.18750,5.02901,1.25663,6.31960,12.43000,31.12507,5.07709,1.17215,5.95114,11.87000,29.54874,25.09888,124.65595
0-1,1783321105.459392,2026-07-06T13:58:25.459392,5.09936,1.27885,6.52130,13.04000,33.44754,5.05623,1.25224,6.33159,12.73000,31.82139,5.02541,1.24955,6.27949,12.36000,31.75375,5.07309,1.17215,5.94645,11.87000,30.14408,25.07883,127.16676
0-1,1783321105.559510,2026-07-06T13:58:25.559510,5.09883,1.28861,6.57042,13.14000,34.10536,5.04729,1.27299,6.42514,12.94000,32.46467,5.02541,1.24955,6.27949,12.36000,32.38244,5.07314,1.17118,5.94156,11.86000,30.73894,25.21661,129.69141
0-1,1783321105.659630,2026-07-06T13:58:25.659630,5.08683,1.28861,6.55495,13.14000,34.76163,5.04716,1.27592,6.43976,12.97000,33.10941,5.02175,1.24345,6.24428,12.30000,33.00761,5.07359,1.16239,5.89748,11.77000,31.32939,25.13647,132.20805
0-1,1783321105.759748,2026-07-06T13:58:25.759748,5.08683,1.28861,6.55495,13.14000,35.41791,5.04720,1.27494,6.43488,12.96000,33.75367,5.02175,1.24345,6.24428,12.30000,33.63278,5.07299,1.17411,5.95624,11.89000,31.92573,25.19035,134.73008
0-1,1783321105.859866,2026-07-06T13:58:25.859866,5.09585,1.26981,6.47078,12.95000,36.06575,5.05614,1.25419,6.34135,12.96000,34.38855,5.02975,1.24345,6.25422,12.30000,34.25894,5.06904,1.17313,5.94666,11.89000,32.52109,25.01301,137.23433
0-1,1783321105.959985,2026-07-06T13:58:25.959985,5.09429,1.29838,6.61433,13.24000,36.72797,5.04814,1.25419,6.33132,12.75000,35.02244,5.02918,1.25346,6.30386,12.40000,34.89008,5.07304,1.17313,5.95135,11.88000,33.11694,25.20086,139.75742
0-1,1783321106.060104,2026-07-06T13:58:26.060104,5.08406,1.26591,6.43596,12.91000,37.37233,5.05098,1.27982,6.46437,13.01000,35.66964,5.02890,1.25858,6.32928,12.45000,35.52376,5.07273,1.17924,5.98195,11.94000,33.71584,25.21156,142.28156
0-1,1783321106.160220,2026-07-06T13:58:26.160220,5.08768,1.27299,6.47655,12.91000,38.02074,5.05111,1.27689,6.44974,12.98000,36.31536,5.02890,1.25858,6.32928,12.45000,36.15742,5.07288,1.17631,5.96726,11.91000,34.31326,25.22283,144.80678
1-1,1783321106.260365,2026-07-06T13:58:26.260365,5.08368,1.27299,6.47146,12.98000,0.64809,5.04942,1.31425,6.63620,13.36000,0.66458,5.01781,1.24247,6.23447,12.29000,0.62435,5.07853,1.22269,6.20949,12.38000,0.62185,25.55162,2.55887
1-1,1783321106.360482,2026-07-06T13:58:26.360482,5.08715,1.28275,6.52556,13.08000,1.30140,5.04942,1.31425,6.63620,13.36000,1.32898,5.01501,1.29203,6.47955,12.78000,1.27306,5.07053,1.22269,6.19971,12.38000,1.24254,25.84102,5.14599
1-1,1783321106.460600,2026-07-06T13:58:26.460600,5.08404,1.33964,6.81079,13.66000,1.98329,5.06150,1.40092,7.09076,14.24000,2.03889,5.03785,1.09989,5.54107,10.88000,1.82782,5.08818,1.26908,6.45732,12.85000,1.88904,25.89994,7.73904
1-1,1783321106.560719,2026-07-06T13:58:26.560719,5.09438,1.15018,5.85946,11.73000,2.56993,5.08061,0.97879,4.97285,9.95000,2.53677,5.03385,1.09989,5.53667,10.88000,2.38215,5.10945,0.84939,4.33993,8.60000,2.32355,20.70891,9.81239
1-1,1783321106.660838,2026-07-06T13:58:26.660838,5.09438,1.15018,5.85946,11.73000,3.15657,5.04823,1.25224,6.32157,12.73000,3.16968,5.02780,1.20707,6.06890,11.94000,2.98976,5.06615,1.15140,5.83317,11.66000,2.90756,24.08310,12.22357
1-1,1783321106.760956,2026-07-06T13:58:26.760956,5.08892,1.25028,6.36258,12.75000,3.79358,5.05223,1.25224,6.32658,12.73000,3.80308,5.02706,1.22025,6.13428,12.07000,3.60391,5.07815,1.15140,5.84699,11.66000,3.49295,24.67043,14.69352
1-1,1783321106.861074,2026-07-06T13:58:26.861074,5.08977,1.23466,6.28412,12.59000,4.42274,5.05325,1.22977,6.21435,12.50000,4.42525,5.02226,1.23441,6.19954,12.21000,4.22460,5.07410,1.15238,5.84728,11.67000,4.07837,24.54529,17.15096
1-1,1783321106.961193,2026-07-06T13:58:26.961193,5.08854,1.25712,6.39690,12.82000,5.06318,5.05272,1.24149,6.27291,12.62000,5.05329,5.03026,1.23441,6.20942,12.21000,4.84628,5.07499,1.13480,5.75910,11.49000,4.65496,24.63833,19.61771
1-1,1783321107.061310,2026-07-06T13:58:27.061310,5.08454,1.25712,6.39187,12.82000,5.70312,5.05214,1.25419,6.33634,12.75000,5.68766,5.02684,1.22416,6.15365,12.11000,5.46237,5.07405,1.15336,5.85218,11.68000,5.24087,24.73404,22.09402
1-1,1783321107.161428,2026-07-06T13:58:27.161428,5.08817,1.26395,6.43122,12.89000,6.34700,5.05214,1.25419,6.33634,12.75000,6.32205,5.02706,1.22025,6.13428,12.07000,6.07652,5.07805,1.15336,5.85679,11.68000,5.82724,24.75863,24.57280
1-1,1783321107.261546,2026-07-06T13:58:27.261546,5.08779,1.27103,6.46675,12.96000,6.99444,5.05258,1.24442,6.28755,12.65000,6.95154,5.02244,1.23124,6.18382,12.18000,6.69563,5.07069,1.14066,5.78393,11.55000,6.40631,24.72205,27.04792
1-1,1783321107.361664,2026-07-06T13:58:27.361664,5.09168,1.27299,6.48165,12.98000,7.64337,5.05280,1.23954,6.26315,12.60000,7.57860,5.02644,1.23124,6.18875,12.18000,7.31524,5.07774,1.15946,5.88743,11.74000,6.99575,24.82098,29.53295
1-1,1783321107.461782,2026-07-06T13:58:27.461782,5.08368,1.27299,6.47146,12.98000,8.29128,5.05201,1.25712,6.35097,12.78000,8.21444,5.02751,1.21220,6.09433,11.99000,7.92539,5.07815,1.15140,5.84699,11.66000,7.58114,24.76375,32.01226
1-1,1783321107.561902,2026-07-06T13:58:27.561902,5.08406,1.26591,6.43596,12.91000,8.93565,5.05201,1.25712,6.35097,12.78000,8.85030,5.02991,1.16971,5.88355,11.57000,8.51445,5.07379,1.15848,5.87789,11.73000,8.16963,24.54837,34.47002
1-1,1783321107.662020,2026-07-06T13:58:27.662020,5.08902,1.24833,6.35278,12.73000,9.57168,5.05578,1.26225,6.38163,12.83000,9.48922,5.02678,1.22514,6.15849,12.12000,9.13103,5.07379,1.15848,5.87789,11.73000,8.75812,24.77079,36.95004
1-1,1783321107.762139,2026-07-06T13:58:27.762139,5.08768,1.27299,6.47655,12.98000,10.22010,5.05586,1.26029,6.37187,12.81000,10.12716,5.02620,1.23539,6.20932,12.22000,9.75270,5.07764,1.16141,5.89723,11.76000,9.34854,24.95497,39.44850
1-1,1783321107.862258,2026-07-06T13:58:27.862258,5.08950,1.23954,6.30864,12.64000,10.85172,5.05702,1.23466,6.24369,12.55000,10.75228,5.02220,1.23539,6.20438,12.22000,10.37387,5.07774,1.15946,5.88743,11.74000,9.93799,24.64414,41.91585
1-1,1783321107.962378,2026-07-06T13:58:27.962378,5.08950,1.23954,6.30864,12.64000,11.48334,5.04902,1.23466,6.23381,12.55000,11.37640,5.02375,1.20804,6.06891,11.95000,10.98149,5.07369,1.16044,5.88769,11.75000,10.52746,24.49905,44.36868
1-1,1783321108.062498,2026-07-06T13:58:28.062498,5.08844,1.25907,6.40671,12.84000,12.12477,5.05191,1.25932,6.36195,12.80000,12.01336,5.02181,1.24247,6.23944,12.29000,11.60618,5.07769,1.16044,5.89233,11.75000,11.11740,24.90043,46.86171
2-1,1783321108.162640,2026-07-06T13:58:28.162640,5.09111,1.21000,6.16024,12.34000,0.61690,5.05370,1.21976,6.16432,12.40000,0.61731,5.03031,1.23344,6.20457,12.20000,0.62134,5.07379,1.15848,5.87789,11.73000,0.58863,24.40702,2.44417
2-1,1783321108.262757,2026-07-06T13:58:28.262757,5.08277,1.28959,6.55469,13.15000,1.27314,5.04098,1.32402,6.67433,13.46000,1.28552,5.03031,1.23344,6.20457,12.20000,1.24252,5.07028,1.22758,6.22416,12.43000,1.21177,25.65775,5.01295
2-1,1783321108.362875,2026-07-06T13:58:28.362875,5.09077,1.28959,6.56501,13.15000,1.93041,5.05698,1.32402,6.69552,13.46000,1.95587,5.02969,1.24442,6.25907,12.31000,1.86917,5.09482,0.82253,4.19066,8.33000,1.63133,23.71026,7.38678
2-1,1783321108.462994,2026-07-06T13:58:28.462994,5.09134,1.13260,5.76646,11.55000,2.50774,5.06043,0.98270,4.97287,9.99000,2.45374,5.03284,1.18876,5.98282,11.76000,2.46816,5.07882,0.82253,4.17750,8.33000,2.04958,20.89965,9.47923
2-1,1783321108.563113,2026-07-06T13:58:28.563113,5.08454,1.25712,6.39187,12.82000,3.14769,5.04836,1.24931,6.30695,12.70000,3.08519,5.02666,1.22733,6.16938,12.14000,3.08583,5.07469,1.14066,5.78849,11.55000,2.62912,24.65669,11.94783
2-1,1783321108.663230,2026-07-06T13:58:28.663230,5.08763,1.27396,6.48145,12.99000,3.79660,5.05627,1.25126,6.32671,12.72000,3.71860,5.02666,1.22733,6.16938,12.14000,3.70350,5.07794,1.15555,5.86782,11.70000,3.21659,24.84536,14.43529
2-1,1783321108.763349,2026-07-06T13:58:28.763349,5.08363,1.27396,6.47636,12.99000,4.44500,5.04827,1.25126,6.31670,12.72000,4.35102,5.02729,1.21610,6.11370,12.03000,4.31559,5.07794,1.15555,5.86782,11.70000,3.80406,24.77458,16.91567
2-1,1783321108.863466,2026-07-06T13:58:28.863466,5.08860,1.25614,6.39200,12.81000,5.08495,5.05757,1.22269,6.18385,12.43000,4.97013,5.02729,1.21610,6.11370,12.03000,4.92768,5.07899,1.13480,5.76364,11.49000,4.38110,24.45319,19.36387
2-1,1783321108.963583,2026-07-06T13:58:28.963583,5.09120,1.28178,6.52578,13.07000,5.73829,5.05627,1.25126,6.32671,12.72000,5.60354,5.02631,1.23344,6.19964,12.20000,5.54837,5.07499,1.13480,5.75910,11.49000,4.95769,24.81123,21.84789
2-1,1783321109.063700,2026-07-06T13:58:29.063700,5.09190,1.26884,6.46080,12.94000,6.38513,5.05632,1.25028,6.32182,12.71000,6.23647,5.02631,1.23344,6.19964,12.20000,6.16906,5.07389,1.15653,5.86810,11.71000,5.54518,24.85036,24.33584
2-1,1783321109.163817,2026-07-06T13:58:29.163817,5.08379,1.27103,6.46167,12.96000,7.03205,5.05232,1.25028,6.31682,12.71000,6.86888,5.02711,1.21928,6.12944,12.06000,6.78272,5.07494,1.13578,5.76400,11.50000,6.12226,24.67193,26.80590
2-1,1783321109.263936,2026-07-06T13:58:29.263936,5.08779,1.27103,6.46675,12.96000,7.67950,5.04894,1.23661,6.24357,12.57000,7.49399,5.02660,1.22831,6.17422,12.15000,7.40087,5.07374,1.15946,5.88279,11.74000,6.71124,24.76733,29.28559
2-1,1783321109.364054,2026-07-06T13:58:29.364054,5.08390,1.26884,6.45065,12.94000,8.32532,5.04841,1.24833,6.30207,12.69000,8.12494,5.03038,1.23222,6.19852,12.19000,8.02146,5.07374,1.15946,5.88279,11.74000,7.30021,24.83403,31.77193
2-1,1783321109.464174,2026-07-06T13:58:29.464174,5.08454,1.25712,6.39187,12.82000,8.96528,5.05201,1.25712,6.35097,12.78000,8.76080,5.02238,1.23222,6.18866,12.19000,8.64107,5.07449,1.14457,5.80809,11.59000,7.88172,24.73959,34.24886
2-1,1783321109.564293,2026-07-06T13:58:29.564293,5.08373,1.27201,6.46657,12.97000,9.61270,5.05201,1.25712,6.35097,12.78000,9.39665,5.03198,1.20389,6.05797,11.91000,9.24759,5.07374,1.15946,5.88279,11.74000,8.47070,24.75830,36.72763
2-1,1783321109.664412,2026-07-06T13:58:29.664412,5.08773,1.27201,6.47165,12.97000,10.26064,5.05738,1.22684,6.20461,12.47000,10.01785,5.03020,1.23539,6.21426,12.22000,9.86975,5.07530,1.12870,5.72847,11.43000,9.04422,24.61899,39.19246
2-1,1783321109.764529,2026-07-06T13:58:29.764529,5.09218,1.19047,6.06207,12.14000,10.86756,5.05779,1.21781,6.15943,12.38000,10.63451,5.03004,1.16752,5.87265,11.55000,10.45770,5.06730,1.12870,5.71944,11.43000,9.61684,23.81359,41.57661
2-1,1783321109.864648,2026-07-06T13:58:29.864648,5.08902,1.24833,6.35278,12.73000,11.50359,5.05338,1.22684,6.19971,12.47000,11.25522,5.02204,1.16752,5.86331,11.55000,11.04473,5.07694,1.09622,5.56547,11.10000,10.17405,23.98127,43.97759
2-1,1783321109.964767,2026-07-06T13:58:29.964767,5.08417,1.26395,6.42616,12.89000,12.14697,5.05338,1.22684,6.19971,12.47000,11.87593,5.02620,1.23539,6.20932,12.22000,11.66640,5.07779,1.15848,5.88253,11.73000,10.76300,24.71772,46.45229
2-1,1783321110.064885,2026-07-06T13:58:30.064885,5.08817,1.26395,6.43122,12.89000,12.79085,5.05196,1.25810,6.35585,12.79000,12.51226,5.02764,1.21000,6.08343,11.97000,12.27546,5.07764,1.16141,5.89723,11.76000,11.35342,24.76773,48.93200
2-1,1783321110.165004,2026-07-06T13:58:30.165004,5.08854,1.25712,6.39690,12.82000,13.43130,5.05214,1.25419,6.33634,12.75000,13.14665,5.02598,1.23930,6.22868,12.26000,12.89907,5.06969,1.16044,5.88305,11.75000,11.94242,24.84497,51.41944
2-1,1783321110.265131,2026-07-06T13:58:30.265131,5.08747,1.27689,6.49616,13.02000,14.08174,5.05969,1.26420,6.39645,12.85000,13.78711,5.02598,1.23930,6.22868,12.26000,13.52273,5.07769,1.16044,5.89233,11.75000,12.53240,25.01362,53.92399
2-1,1783321110.365250,2026-07-06T13:58:30.365250,5.08401,1.26688,6.44085,12.92000,14.72659,5.05569,1.26420,6.39139,12.85000,14.42701,5.02289,1.22318,6.14391,12.10000,14.13785,5.07779,1.15848,5.88253,11.73000,13.12136,24.85868,56.41281
2-1,1783321110.465369,2026-07-06T13:58:30.465369,5.08747,1.27689,6.49616,13.02000,15.37698,5.05191,1.25932,6.36195,12.80000,15.06396,5.02209,1.23734,6.21405,12.24000,14.76000,5.07779,1.15848,5.88253,11.73000,13.71031,24.95469,58.91125
2-1,1783321110.565487,2026-07-06T13:58:30.565487,5.08347,1.27689,6.49105,13.02000,16.02686,5.05699,1.14701,5.80041,11.66000,15.64469,5.03642,1.12528,5.66737,11.13000,15.32741,5.07924,1.05081,5.33734,10.64000,14.24468,23.29617,61.24363
2-1,1783321110.665606,2026-07-06T13:58:30.665606,5.09099,1.28568,6.54540,13.11000,16.68217,5.04364,1.26518,6.38109,12.86000,16.28355,5.03242,1.12528,5.66287,11.13000,15.89436,5.07924,1.05081,5.33734,10.64000,14.77904,23.92670,63.63912
2-1,1783321110.765724,2026-07-06T13:58:30.765724,5.09393,1.23173,6.27433,12.56000,17.31034,5.05564,1.26518,6.39627,12.86000,16.92394,5.03741,1.24955,6.29449,12.36000,16.52456,5.08539,1.16630,5.93107,11.81000,15.37285,24.89616,66.13169
2-1,1783321110.865842,2026-07-06T13:58:30.865842,5.10264,0.85208,4.34784,8.69000,17.74564,5.06035,0.89627,4.53542,9.11000,17.37801,5.04343,0.85940,4.33433,8.50000,16.95850,5.10277,0.82351,4.20219,8.34000,15.79356,17.41978,67.87571
2-1,1783321110.965960,2026-07-06T13:58:30.965960,5.09864,0.85208,4.34443,8.69000,18.18060,5.06044,0.89431,4.52562,9.09000,17.83111,5.04297,0.86746,4.37457,8.58000,17.39647,5.08256,0.90652,4.60745,9.18000,16.25486,17.85207,69.66304
2-1,1783321111.066077,2026-07-06T13:58:31.066077,5.08941,1.16800,5.94445,11.91000,18.77574,5.03969,1.26420,6.37117,12.85000,18.46897,5.01386,1.24149,6.22467,12.28000,18.01967,5.08256,0.90652,4.60745,9.18000,16.71614,23.14774,71.98053
2-1,1783321111.166196,2026-07-06T13:58:31.166196,5.08390,1.26884,6.45065,12.94000,19.42157,5.05169,1.26420,6.38634,12.85000,19.10836,5.02186,1.24149,6.23460,12.28000,18.64387,5.07039,1.14652,5.81330,11.61000,17.29816,24.88489,74.47196
2-1,1783321111.266315,2026-07-06T13:58:31.266315,5.08822,1.26298,6.42632,12.88000,20.06496,5.05272,1.24149,6.27291,12.62000,19.73640,5.02740,1.21415,6.10401,12.01000,19.25499,5.06944,1.16532,5.90751,11.80000,17.88961,24.71075,76.94597
2-1,1783321111.366432,2026-07-06T13:58:31.366432,5.08822,1.26298,6.42632,12.88000,20.70835,5.05173,1.26322,6.38146,12.84000,20.37530,5.02575,1.24345,6.24925,12.30000,19.88066,5.07349,1.16434,5.90728,11.79000,18.48103,24.96431,79.44534
2-1,1783321111.466550,2026-07-06T13:58:31.466550,5.08331,1.27982,6.50574,13.05000,21.35969,5.05623,1.25224,6.33159,12.73000,21.00920,5.02238,1.23222,6.18866,12.19000,20.50025,5.07359,1.16239,5.89748,11.77000,19.07148,24.92347,81.94063
2-1,1783321111.566668,2026-07-06T13:58:31.566668,5.08357,1.27494,6.48126,13.00000,22.00858,5.05623,1.25224,6.33159,12.73000,21.64311,5.03038,1.23222,6.19852,12.19000,21.12084,5.07359,1.16239,5.89748,11.77000,19.66192,24.90885,84.43445
2-1,1783321111.666786,2026-07-06T13:58:31.666786,5.08709,1.28373,6.53046,13.09000,22.66240,5.05186,1.26029,6.36683,12.81000,22.28054,5.03386,1.24149,6.24950,12.28000,21.74652,5.07739,1.16630,5.92174,11.81000,20.25479,25.06853,86.94425
2-1,1783321111.766904,2026-07-06T13:58:31.766904,5.11064,0.85208,4.35466,13.09000,23.09838,5.06666,0.93362,4.73034,9.49000,22.75413,5.05537,0.86038,4.34953,8.51000,22.18199,5.09477,0.82351,4.19560,8.34000,20.67485,17.63013,88.70934
2-1,1783321111.867022,2026-07-06T13:58:31.867022,5.09464,0.85208,4.34102,8.69000,23.53299,5.06439,0.89529,4.53410,9.10000,23.20808,5.04737,0.86038,4.34265,8.51000,22.61676,5.08682,0.82253,4.18408,8.33000,21.09375,17.40185,90.45158
2-1,1783321111.967141,2026-07-06T13:58:31.967141,5.09652,1.03763,5.28830,10.58000,24.06245,5.05639,0.89529,4.52694,9.10000,23.66131,5.03137,0.86038,4.32888,8.51000,23.05017,5.07482,0.82253,4.17421,8.33000,21.51167,18.31833,92.28561
2-1,1783321112.067260,2026-07-06T13:58:32.067260,5.08309,1.28373,6.52532,13.09000,24.71576,5.05164,1.26518,6.39121,12.86000,24.30119,5.02678,1.22514,6.15849,12.12000,23.66675,5.07805,1.15336,5.85679,11.68000,22.09804,24.93181,94.78174
2-1,1783321112.167376,2026-07-06T13:58:32.167376,5.08801,1.26688,6.44592,12.92000,25.36110,5.05155,1.26713,6.40097,12.88000,24.94203,5.02546,1.24857,6.27466,12.35000,24.29494,5.07724,1.16923,5.93644,11.84000,22.69238,25.05799,97.29046
2-1,1783321112.267495,2026-07-06T13:58:32.267495,5.08801,1.26688,6.44592,12.92000,26.00646,5.05254,1.24540,6.29243,12.66000,25.57202,5.02952,1.24760,6.27481,12.34000,24.92317,5.07724,1.16923,5.93644,11.84000,23.28673,24.94960,99.78838
2-1,1783321112.367612,2026-07-06T13:58:32.367612,5.08709,1.28373,6.53046,13.09000,26.66027,5.04454,1.24540,6.28246,12.66000,26.20101,5.02952,1.24760,6.27481,12.34000,25.55139,5.07324,1.16923,5.93176,11.84000,23.88060,25.01949,102.29326
2-1,1783321112.467730,2026-07-06T13:58:32.467730,5.08693,1.28666,6.54515,13.12000,27.31556,5.05151,1.26811,6.40585,12.89000,26.84235,5.02181,1.24247,6.23944,12.29000,26.17607,5.07324,1.16923,5.93176,11.84000,24.47447,25.12220,104.80845
2-1,1783321112.567848,2026-07-06T13:58:32.567848,5.09568,1.27299,6.48674,12.98000,27.96500,5.05160,1.26615,6.39609,12.87000,27.48271,5.02164,1.24540,6.25395,12.32000,26.80220,5.07379,1.15848,5.87789,11.73000,25.06296,25.01467,107.31286
2-1,1783321112.667966,2026-07-06T13:58:32.667966,5.08768,1.27299,6.47655,12.98000,28.61342,5.06347,1.26908,6.42595,12.90000,28.12606,5.02135,1.25053,6.27933,12.37000,27.43087,5.07314,1.17118,5.94156,11.86000,25.65781,25.12339,109.82816
2-1,1783321112.768085,2026-07-06T13:58:32.768085,5.09173,1.27201,6.47674,12.97000,29.26186,5.05947,1.26908,6.42088,12.90000,28.76891,5.02535,1.25053,6.28433,12.37000,28.06005,5.07304,1.17313,5.95135,11.88000,26.25365,25.13330,112.34447
2-1,1783321112.868201,2026-07-06T13:58:32.868201,5.09061,1.29252,6.57972,13.18000,29.92060,5.04729,1.27299,6.42514,12.94000,29.41218,5.02564,1.24540,6.25893,12.32000,28.68668,5.07304,1.17313,5.95135,11.88000,26.84948,25.21514,114.86893
2-1,1783321112.968321,2026-07-06T13:58:32.968321,5.07985,1.26981,6.45047,12.95000,30.56641,5.04791,1.25932,6.35691,12.80000,30.04863,5.02552,1.24760,6.26982,12.34000,29.31440,5.07724,1.16923,5.93644,11.84000,27.44383,25.01364,117.37328
2-1,1783321113.068439,2026-07-06T13:58:33.068439,5.09185,1.26981,6.46571,12.95000,31.21375,5.05938,1.27103,6.43065,12.92000,30.69245,5.03324,1.25248,6.30403,12.39000,29.94555,5.07779,1.15848,5.88253,11.73000,28.03278,25.08292,119.88454
2-1,1783321113.168558,2026-07-06T13:58:33.168558,5.08672,1.29057,6.56475,13.16000,31.87100,5.05138,1.27103,6.42048,12.92000,31.33526,5.03724,1.25248,6.30904,12.39000,30.57721,5.07304,1.17313,5.95135,11.88000,28.62862,25.24562,122.41210
2-1,1783321113.268675,2026-07-06T13:58:33.268675,5.08704,1.28471,6.53536,13.10000,32.52531,5.05116,1.27592,6.44486,12.97000,31.98050,5.02220,1.23539,6.20438,12.22000,31.19837,5.07304,1.17313,5.95135,11.88000,29.22446,25.13595,124.92864
2-1,1783321113.368793,2026-07-06T13:58:33.368793,5.08677,1.28959,6.55985,13.15000,33.18207,5.05160,1.26615,6.39609,12.87000,32.62087,5.02112,1.25468,6.29988,12.41000,31.82910,5.07294,1.17508,5.96114,11.90000,29.82127,25.21696,127.45331
2-1,1783321113.468913,2026-07-06T13:58:33.468913,5.08651,1.29447,6.58435,13.20000,33.84129,5.05929,1.27299,6.44041,12.94000,33.26568,5.02918,1.25346,6.30386,12.40000,32.46024,5.07283,1.17728,5.97216,11.92000,30.41921,25.30078,129.98642
2-1,1783321113.569031,2026-07-06T13:58:33.569031,5.09451,1.29447,6.59470,13.20000,34.50154,5.04720,1.27494,6.43488,12.94000,33.90993,5.02918,1.25346,6.30386,12.40000,33.09138,5.07288,1.17631,5.96726,11.91000,31.01664,25.30070,132.51949
2-1,1783321113.669150,2026-07-06T13:58:33.669150,5.08661,1.29252,6.57455,13.18000,35.15978,5.05520,1.27494,6.44508,12.96000,34.55520,5.02946,1.24857,6.27965,12.35000,33.72009,5.08088,1.17631,5.97667,11.91000,31.61502,25.27595,135.05008
2-1,1783321113.769226,2026-07-06T13:58:33.769226,5.08833,1.26102,6.41651,12.86000,35.80192,5.04454,1.24540,6.28246,12.66000,35.18393,5.03204,1.20292,6.05313,11.90000,34.32586,5.07294,1.17508,5.96114,11.90000,32.21158,24.71324,137.52329
2-1,1783321113.869345,2026-07-06T13:58:33.869345,5.09957,1.27494,6.50165,13.00000,36.45285,5.04704,1.19022,6.00709,12.10000,35.78535,5.02729,1.21610,6.11370,12.03000,34.93796,5.07709,1.09330,5.55076,11.07000,32.76732,24.17320,139.94348
2-1,1783321113.969412,2026-07-06T13:58:33.969412,5.08757,1.27494,6.48636,13.00000,37.10192,5.05120,1.27494,6.43998,12.96000,36.42978,5.01929,1.21610,6.10397,12.03000,35.54876,5.07278,1.17826,5.97705,11.93000,33.36542,25.00736,142.44589
2-1,1783321114.069530,2026-07-06T13:58:34.069530,5.08677,1.28959,6.55985,13.15000,37.75868,5.04720,1.27494,6.43488,12.96000,37.07403,5.02598,1.23930,6.22868,12.26000,36.17237,5.07278,1.17826,5.97705,11.93000,33.96384,25.20046,144.96892
3-1,1783321114.169677,2026-07-06T13:58:34.169677,5.08731,1.27982,6.51086,13.05000,0.65204,5.05533,1.27201,6.43044,12.93000,0.64399,5.02152,1.24760,6.26483,12.34000,0.62740,5.07678,1.17826,5.98176,11.93000,0.59905,25.18789,2.52249
3-1,1783321114.269794,2026-07-06T13:58:34.269794,5.08272,1.29057,6.55959,13.16000,1.30877,5.05302,1.32304,6.68534,13.45000,1.31331,5.01906,1.29106,6.47989,12.77000,1.27615,5.07004,1.23246,6.24861,12.48000,1.22465,25.97343,5.12289
3-1,1783321114.369913,2026-07-06T13:58:34.369913,5.08672,1.29057,6.56475,13.16000,1.96602,5.04501,1.41166,7.12186,14.35000,2.02634,5.01925,1.35868,6.81957,13.44000,1.95892,5.07004,1.23246,6.24861,12.48000,1.85025,26.75479,7.80153
3-1,1783321114.470031,2026-07-06T13:58:34.470031,5.08186,1.37968,7.01134,14.07000,2.66799,5.05701,1.41166,7.13880,14.35000,2.74106,5.03125,1.35868,6.83587,13.44000,2.64332,5.10670,0.82473,4.21166,8.35000,2.27192,25.19767,10.32429
3-1,1783321114.570148,2026-07-06T13:58:34.570148,5.09993,1.04837,5.34662,10.69000,3.20328,5.06158,0.95730,4.84548,9.73000,3.22618,5.03886,0.94021,4.73761,9.30000,3.11763,5.07070,0.82473,4.18197,8.35000,2.69060,19.11168,12.23769
3-1,1783321114.670267,2026-07-06T13:58:34.670267,5.08560,1.31108,6.66760,13.37000,3.87083,5.05032,1.20609,6.09115,12.26000,3.83601,5.02460,1.19291,5.99389,11.80000,3.71773,5.08108,1.25126,6.35775,12.67000,3.32713,25.11039,14.75170
3-1,1783321114.770386,2026-07-06T13:58:34.770386,5.11064,0.85208,4.35466,8.69000,4.30681,5.07214,0.81252,4.12124,8.26000,4.24863,5.04743,0.85940,4.33776,8.50000,4.15202,5.10270,0.82473,4.20836,8.35000,3.74847,17.02202,16.45592
3-1,1783321114.870504,2026-07-06T13:58:34.870504,5.09464,0.85208,4.34102,8.69000,4.74143,5.06414,0.81252,4.11474,8.26000,4.66059,5.04343,0.85940,4.33433,8.50000,4.58597,5.08210,0.91556,4.65294,9.27000,4.21431,17.44303,18.20229
3-1,1783321114.970623,2026-07-06T13:58:34.970623,5.09602,1.19340,6.08157,12.17000,5.35030,5.05410,1.21097,6.12038,12.31000,5.27335,5.03300,1.18583,5.96827,11.73000,5.18350,5.08610,0.91556,4.65661,9.27000,4.68052,22.82683,20.48768
3-1,1783321115.070741,2026-07-06T13:58:35.070741,5.09340,1.24149,6.32342,12.66000,5.98340,5.05227,1.25126,6.32170,12.72000,5.90627,5.03055,1.22929,6.18398,12.16000,5.80263,5.07010,1.15238,5.84267,11.67000,5.26548,24.67177,22.95779
3-1,1783321115.170859,2026-07-06T13:58:35.170859,5.08850,1.18461,6.02787,12.08000,6.58690,5.05458,1.20023,6.06667,12.20000,6.51366,5.03004,1.16752,5.87265,11.55000,6.39059,5.07294,1.09622,5.56109,11.10000,5.82225,23.52828,25.31340
3-1,1783321115.270977,2026-07-06T13:58:35.270977,5.08850,1.18461,6.02787,12.08000,7.19039,5.05858,1.20023,6.07147,12.20000,7.12152,5.03004,1.16752,5.87265,11.55000,6.97855,5.07024,1.14945,5.82799,11.64000,6.40573,23.79998,27.69619
3-1,1783321115.371096,2026-07-06T13:58:35.371096,5.08747,1.27689,6.49616,13.02000,7.84078,5.04814,1.25419,6.33132,12.75000,7.75540,5.02666,1.22733,6.16938,12.14000,7.59622,5.07424,1.14945,5.83259,11.64000,6.98969,24.82945,30.18208
3-1,1783321115.471214,2026-07-06T13:58:35.471214,5.08806,1.26591,6.44102,12.91000,8.48564,5.04916,1.23173,6.21918,12.52000,8.37805,5.02671,1.22636,6.16454,12.13000,8.21340,5.07384,1.15751,5.87300,11.72000,7.57768,24.69774,32.65477
4-1,1783321115.571360,2026-07-06T13:58:35.571360,5.08694,1.21317,6.17133,12.37000,0.61803,5.05227,1.25126,6.32170,12.72000,0.63309,5.03071,1.22636,6.16945,12.13000,0.61785,5.07410,1.15238,5.84728,11.67000,0.58558,24.50976,2.45456
4-1,1783321115.671479,2026-07-06T13:58:35.671479,5.09094,1.21317,6.17619,12.37000,1.23639,5.05227,1.25126,6.32170,12.72000,1.26601,5.02671,1.22636,6.16454,12.13000,1.23503,5.07004,1.23246,6.24861,12.48000,1.21119,24.91104,4.94862
4-1,1783321115.771598,2026-07-06T13:58:35.771598,5.08955,1.31205,6.67775,13.38000,1.90496,5.05866,1.37529,6.95710,13.98000,1.96256,5.03701,1.32743,6.68629,13.13000,1.90446,5.08746,0.80984,4.12002,8.20000,1.62368,24.44116,7.39565
4-1,1783321115.871716,2026-07-06T13:58:35.871716,5.10319,1.06204,5.41981,10.83000,2.44758,5.07465,1.02200,5.18632,10.39000,2.48180,5.05716,0.97049,4.90791,9.60000,2.39583,5.07546,0.80984,4.11031,8.20000,2.03520,19.62435,9.36041
4-1,1783321115.971835,2026-07-06T13:58:35.971835,5.07212,1.26493,6.41588,12.90000,3.08993,5.04854,1.24540,6.28745,12.66000,3.11129,5.02284,1.22416,6.14875,12.11000,3.01144,5.07415,1.15140,5.84238,11.66000,2.62013,24.69446,11.83278
4-1,1783321116.071953,2026-07-06T13:58:36.071953,5.08892,1.25028,6.36258,12.75000,3.72694,5.05254,1.24540,6.29243,12.66000,3.74128,5.02684,1.22416,6.15365,12.11000,3.62753,5.07439,1.14652,5.81789,11.61000,3.20260,24.62655,14.29835
4-1,1783321116.172072,2026-07-06T13:58:36.172072,5.08492,1.25028,6.35758,12.75000,4.36345,5.05241,1.24833,6.30707,12.69000,4.37273,5.02364,1.21000,6.07859,11.97000,4.23611,5.07398,1.15458,5.85830,11.69000,3.78913,24.60154,16.76143
4-1,1783321116.272190,2026-07-06T13:58:36.272190,5.08347,1.27689,6.49105,13.02000,5.01333,5.05272,1.24149,6.27291,12.62000,5.00077,5.02278,1.22514,6.15359,12.12000,4.85220,5.07798,1.15458,5.86292,11.69000,4.37612,24.78047,19.24241
4-1,1783321116.372309,2026-07-06T13:58:36.372309,5.08385,1.26981,6.45555,12.95000,5.65965,5.04894,1.23661,6.24357,12.57000,5.62587,5.03049,1.23026,6.18883,12.17000,5.47182,5.07394,1.15555,5.86320,11.70000,4.96313,24.75115,21.72046
4-1,1783321116.472426,2026-07-06T13:58:36.472426,5.08385,1.26981,6.45555,12.95000,6.30596,5.04894,1.23661,6.24357,12.57000,6.25096,5.02649,1.23026,6.18391,12.17000,6.09093,5.07464,1.14164,5.79339,11.56000,5.54315,24.67642,24.19100
4-1,1783321116.572546,2026-07-06T13:58:36.572546,5.08785,1.26981,6.46063,12.95000,6.95280,5.05214,1.25419,6.33634,12.75000,6.88535,5.02751,1.21220,6.09433,11.99000,6.70109,5.07384,1.15751,5.87300,11.72000,6.13115,24.76430,26.67038
4-1,1783321116.672664,2026-07-06T13:58:36.672664,5.08054,1.25712,6.38685,12.82000,7.59224,5.05214,1.25419,6.33634,12.75000,7.51973,5.02626,1.23441,6.20448,12.21000,7.32227,5.07384,1.15751,5.87300,11.72000,6.71915,24.80067,29.15339
4-1,1783321116.772783,2026-07-06T13:58:36.772783,5.08166,1.23661,6.28404,12.61000,8.22139,5.05702,1.23466,6.24369,12.55000,8.14484,5.03038,1.23222,6.19852,12.19000,7.94286,5.07484,1.13773,5.77380,11.52000,7.29721,24.50005,31.60630
4-1,1783321116.872902,2026-07-06T13:58:36.872902,5.08486,1.25126,6.36248,12.76000,8.85840,5.04902,1.23466,6.23381,12.55000,8.76897,5.02638,1.23222,6.19359,12.19000,8.56296,5.07389,1.15653,5.86810,11.71000,7.88473,24.65798,34.07505
5-1,1783321116.973060,2026-07-06T13:58:36.973060,5.08486,1.25126,6.36248,12.76000,0.63725,5.05201,1.25712,6.35097,12.78000,0.63610,5.03191,1.20511,6.06403,11.92000,0.60736,5.07530,1.12870,5.72847,11.43000,0.57375,24.50595,2.45445
5-1,1783321117.073177,2026-07-06T13:58:37.073177,5.09175,1.19828,6.10134,12.22000,1.24810,5.04889,1.32597,6.69467,13.48000,1.30635,5.02770,1.27982,6.43457,12.66000,1.25157,5.06999,1.23344,6.25351,12.49000,1.19983,25.48409,5.00585
5-1,1783321117.173295,2026-07-06T13:58:37.173295,5.08699,1.28568,6.54026,13.11000,1.90290,5.04514,1.40873,7.10727,14.32000,2.01792,5.02546,1.31938,6.63048,13.05000,1.91540,5.06999,1.23344,6.25351,12.49000,1.82592,26.53152,7.66214
5-1,1783321117.273412,2026-07-06T13:58:37.273412,5.09735,1.16898,5.95871,11.92000,2.49946,5.06114,1.40873,7.12981,14.32000,2.73173,5.03746,1.31938,6.64631,13.05000,2.58080,5.07230,1.03006,5.22477,10.43000,2.34901,24.95960,10.16100
5-1,1783321117.373531,2026-07-06T13:58:37.373531,5.08076,1.25321,6.36727,12.78000,3.13695,5.06496,0.97098,4.91796,9.87000,3.22411,5.03126,0.86233,4.33861,8.53000,3.01518,5.06819,1.11112,5.63135,11.25000,2.91281,21.25519,12.28905
5-1,1783321117.473648,2026-07-06T13:58:37.473648,5.08476,1.25321,6.37228,12.78000,3.77493,5.05241,1.24833,6.30707,12.69000,3.85556,5.02660,1.22831,6.17422,12.15000,3.63333,5.08198,1.15458,5.86754,11.69000,3.50026,24.72111,14.76407
5-1,1783321117.573766,2026-07-06T13:58:37.573766,5.08801,1.26688,6.44592,12.92000,4.42028,5.04542,1.22587,6.18502,12.46000,4.47479,5.02655,1.22929,6.17906,12.16000,4.25197,5.07398,1.15458,5.85830,11.69000,4.08678,24.66830,17.23381
5-1,1783321117.673883,2026-07-06T13:58:37.673883,5.10582,0.94046,4.80181,9.59000,4.90102,5.06542,1.22587,6.20954,12.46000,5.09647,5.05937,0.86038,4.35297,8.51000,4.68777,5.07960,1.04373,5.30175,10.57000,4.61757,20.66607,19.30283
5-1,1783321117.774001,2026-07-06T13:58:37.774001,5.09480,0.84915,4.32623,8.66000,5.33415,5.06035,0.89627,4.53542,9.11000,5.55055,5.04337,0.86038,4.33920,8.51000,5.12220,5.09070,0.82473,4.19847,8.35000,5.03792,17.39932,21.04482
5-1,1783321117.874120,2026-07-06T13:58:37.874120,5.09480,0.84915,4.32623,8.66000,5.76729,5.05095,1.10379,5.57521,11.22000,6.10873,5.03687,0.97562,4.91405,9.65000,5.61419,5.06869,1.10111,5.58118,11.15000,5.59669,20.39667,23.08690
5-1,1783321117.974238,2026-07-06T13:58:37.974238,5.08705,1.21122,6.16153,12.35000,6.38417,5.05352,1.22367,6.18384,12.44000,6.72785,5.02311,1.21928,6.12456,12.06000,6.22737,5.07269,1.10111,5.58558,11.15000,6.15592,24.05551,25.49531
6-1,1783321118.074384,2026-07-06T13:58:38.074384,5.08683,1.21512,6.18114,12.39000,0.61901,5.04952,1.22367,6.17895,12.44000,0.61879,5.03073,1.29691,6.52443,12.83000,0.65339,5.06994,1.15555,5.85858,11.70000,0.58671,24.74310,2.47791
6-1,1783321118.174502,2026-07-06T13:58:38.174502,5.08544,1.31400,6.68229,13.40000,1.28803,5.06075,1.32914,6.72645,13.51000,1.29223,5.03073,1.29691,6.52443,12.83000,1.30661,5.06564,1.24027,6.28277,12.56000,1.21573,26.21594,5.10260
6-1,1783321118.274620,2026-07-06T13:58:38.274620,5.08144,1.31400,6.67704,13.40000,1.95652,5.07433,1.02908,5.22192,10.46000,1.81504,5.04217,0.88162,4.44527,8.72000,1.75166,5.09055,1.06449,5.41882,10.78000,1.75825,21.76305,7.28148
6-1,1783321118.374738,2026-07-06T13:58:38.374738,5.08722,1.20804,6.14559,12.32000,2.57180,5.05227,1.25126,6.32170,12.72000,2.44795,5.02238,1.23222,6.18866,12.19000,2.37125,5.07405,1.15336,5.85218,11.68000,2.34416,24.50813,9.73517
6-1,1783321118.474856,2026-07-06T13:58:38.474856,5.08481,1.25224,6.36738,12.77000,3.20929,5.05227,1.25126,6.32170,12.72000,3.08087,5.02775,1.20804,6.07374,11.95000,2.97934,5.07405,1.15336,5.85218,11.68000,2.93007,24.61500,12.19957
6-1,1783321118.574974,2026-07-06T13:58:38.574974,5.08876,1.25321,6.37729,12.78000,3.84778,5.04902,1.23466,6.23381,12.55000,3.70499,5.02775,1.20804,6.07374,11.95000,3.58744,5.07494,1.13578,5.76400,11.50000,3.50715,24.44884,14.64736
6-1,1783321118.675092,2026-07-06T13:58:38.675092,5.08876,1.25321,6.37729,12.78000,4.48626,5.04902,1.23466,6.23381,12.55000,4.32911,5.03111,1.21928,6.13431,12.06000,4.20159,5.07398,1.15458,5.85830,11.69000,4.09367,24.60371,17.11062
6-1,1783321118.775210,2026-07-06T13:58:38.775210,5.09147,1.27689,6.50126,13.02000,5.13716,5.05223,1.25224,6.32658,12.73000,4.96251,5.03044,1.23124,6.19367,12.18000,4.82169,5.07810,1.15238,5.85189,11.67000,4.67955,24.87340,19.60091
6-1,1783321118.875330,2026-07-06T13:58:38.875330,5.08790,1.26884,6.45572,12.94000,5.78350,5.05623,1.25224,6.33159,12.73000,5.59643,5.03151,1.21220,6.09918,11.99000,5.43234,5.07410,1.15238,5.84728,11.67000,5.26498,24.73377,22.07725
6-1,1783321118.975449,2026-07-06T13:58:38.975449,5.08844,1.25907,6.40671,12.84000,6.42493,5.05236,1.24931,6.31194,12.70000,6.22838,5.02751,1.21220,6.09433,11.99000,6.04250,5.07424,1.14945,5.83259,11.64000,5.84893,24.64557,24.54474
6-1,1783321119.075568,2026-07-06T13:58:39.075568,5.08790,1.26884,6.45572,12.94000,7.07127,5.05316,1.23173,6.22411,12.52000,6.85153,5.03426,1.23441,6.21435,12.21000,6.66467,5.07379,1.15848,5.87789,11.73000,6.43742,24.77207,27.02489
6-1,1783321119.175687,2026-07-06T13:58:39.175687,5.09190,1.26884,6.46080,12.94000,7.71812,5.05201,1.16874,5.90447,11.88000,7.44267,5.03780,1.17167,5.90262,11.59000,7.25563,5.07875,1.06058,5.38642,10.74000,6.97670,23.65431,29.39313
6-1,1783321119.275805,2026-07-06T13:58:39.275805,5.08582,1.23368,6.27428,12.58000,8.34629,5.05601,1.16874,5.90914,11.88000,8.03429,5.02278,1.22514,6.15359,12.12000,7.87172,5.07475,1.06058,5.38217,10.74000,7.51556,23.71918,31.76785
6-1,1783321119.375923,2026-07-06T13:58:39.375923,5.08390,1.26884,6.45065,12.94000,8.99212,5.05218,1.25321,6.33146,12.74000,8.66818,5.02678,1.22514,6.15849,12.12000,8.48830,5.07394,1.15555,5.86320,11.70000,8.10257,24.80380,34.25117
6-1,1783321119.476042,2026-07-06T13:58:39.476042,5.08860,1.25614,6.39200,12.81000,9.63207,5.05298,1.23563,6.24363,12.56000,9.29328,5.03044,1.23124,6.19367,12.18000,9.10840,5.07429,1.14847,5.82769,11.63000,8.68603,24.65699,36.71978
6-1,1783321119.576161,2026-07-06T13:58:39.576161,5.08860,1.25614,6.39200,12.81000,10.27204,5.04782,1.26127,6.36666,12.82000,9.93071,5.03020,1.23539,6.21426,12.22000,9.73056,5.07369,1.16044,5.88769,11.75000,9.27550,24.86061,39.20881
6-1,1783321119.676279,2026-07-06T13:58:39.676279,5.08331,1.27982,6.50574,13.05000,10.92338,5.05582,1.26127,6.37675,12.82000,10.56914,5.02791,1.20511,6.05921,11.92000,10.33720,5.07815,1.15140,5.84699,11.66000,9.86089,24.78869,41.69061
6-1,1783321119.776397,2026-07-06T13:58:39.776397,5.08444,1.25907,6.40167,12.84000,11.56430,5.05601,1.25712,6.35600,12.78000,11.20549,5.02791,1.20511,6.05921,11.92000,10.94384,5.07415,1.15140,5.84238,11.66000,10.44582,24.65926,44.15945
6-1,1783321119.876516,2026-07-06T13:58:39.876516,5.08731,1.27982,6.51086,13.05000,12.21617,5.05711,1.23270,6.23392,12.53000,11.82962,5.02609,1.23734,6.21900,12.24000,11.56648,5.07359,1.16239,5.89748,11.77000,11.03627,24.86126,46.64854
6-1,1783321119.976635,2026-07-06T13:58:39.976635,5.08331,1.27982,6.50574,13.05000,12.86751,5.05191,1.25932,6.36195,12.80000,12.46657,5.02700,1.22123,6.13912,12.08000,12.18112,5.07439,1.14652,5.81789,11.61000,11.61875,24.82470,49.13395
6-1,1783321120.076754,2026-07-06T13:58:40.076754,5.08438,1.26005,6.40657,12.85000,13.50893,5.05591,1.25932,6.36698,12.80000,13.10403,5.02586,1.24149,6.23957,12.28000,12.80582,5.07349,1.16434,5.90728,11.79000,12.21018,24.92040,51.62895
6-1,1783321120.176872,2026-07-06T13:58:40.176872,5.08325,1.28080,6.51063,13.06000,14.16076,5.04863,1.24345,6.27770,12.64000,13.73254,5.03386,1.24149,6.24950,12.28000,13.43151,5.07349,1.16434,5.90728,11.79000,12.80160,24.94511,54.12642
6-1,1783321120.276989,2026-07-06T13:58:40.276989,5.08534,1.24247,6.31838,12.67000,14.79334,5.04751,1.26811,6.40077,12.89000,14.37337,5.02592,1.24052,6.23473,12.27000,14.05571,5.07454,1.14359,5.80319,11.58000,13.38260,24.75707,56.60502
6-1,1783321120.377107,2026-07-06T13:58:40.377107,5.08352,1.27592,6.48615,13.01000,15.44272,5.05582,1.26127,6.37675,12.82000,15.01180,5.02569,1.24442,6.25409,12.31000,14.68186,5.07349,1.16434,5.90728,11.79000,13.97403,25.02427,59.11041
6-1,1783321120.477226,2026-07-06T13:58:40.477226,5.08752,1.27592,6.49126,13.01000,16.09262,5.05182,1.26127,6.37170,12.82000,15.64972,5.02986,1.24149,6.24454,12.28000,15.30705,5.07374,1.15946,5.88279,11.74000,14.56300,24.99029,61.61239
6-1,1783321120.577344,2026-07-06T13:58:40.577344,5.08699,1.28568,6.54026,13.11000,16.74742,5.05610,1.25517,6.34624,12.76000,16.28509,5.02586,1.24149,6.23957,12.28000,15.93175,5.07774,1.15946,5.88743,11.74000,15.15244,25.01350,64.11670
6-1,1783321120.677464,2026-07-06T13:58:40.677464,5.08709,1.28373,6.53046,13.09000,17.40125,5.05573,1.26322,6.38651,12.84000,16.92451,5.03352,1.24760,6.27980,12.34000,16.56048,5.07344,1.16532,5.91217,11.80000,15.74437,25.10894,66.63061
6-1,1783321120.777584,2026-07-06T13:58:40.777584,5.08315,1.28275,6.52043,13.08000,18.05407,5.04841,1.24833,6.30207,12.69000,17.55547,5.02192,1.24052,6.22977,12.27000,17.18420,5.07364,1.16141,5.89259,11.76000,16.33433,24.94486,69.12808
6-1,1783321120.877701,2026-07-06T13:58:40.877701,5.08715,1.28275,6.52556,13.08000,18.70739,5.05241,1.24833,6.30707,12.69000,18.18692,5.02169,1.24442,6.24911,12.31000,17.80985,5.07439,1.14652,5.81789,11.61000,16.91680,24.89963,71.62096
6-1,1783321120.977820,2026-07-06T13:58:40.977820,5.08634,1.00418,5.10761,10.24000,19.21876,5.05495,1.10379,5.57962,11.22000,18.74555,5.05949,0.85818,4.34196,8.49000,18.24456,5.08239,1.14652,5.82706,11.61000,17.50020,20.85625,73.70907
6-1,1783321121.077938,2026-07-06T13:58:41.077938,5.09464,0.85208,4.34102,8.69000,19.65337,5.06439,0.89529,4.53410,9.10000,19.19949,5.04349,0.85818,4.32823,8.49000,18.67789,5.08677,0.82351,4.18901,8.34000,17.91960,17.39236,75.45036
6-1,1783321121.178056,2026-07-06T13:58:41.178056,5.06401,1.26688,6.41552,12.92000,20.29568,5.04369,1.26420,6.37622,12.85000,19.83787,5.03346,1.17777,5.92826,11.65000,19.27142,5.07530,1.12870,5.72847,11.43000,18.49312,24.44847,77.89809
6-1,1783321121.278176,2026-07-06T13:58:41.278176,5.08001,1.26688,6.43579,12.92000,20.94003,5.05569,1.26420,6.39139,12.85000,20.47777,5.03111,1.21928,6.13431,12.06000,19.88558,5.07398,1.15458,5.85830,11.69000,19.07965,24.81979,80.38304
6-1,1783321121.378292,2026-07-06T13:58:41.378292,5.08833,1.26102,6.41651,12.86000,21.58243,5.05178,1.26225,6.37658,12.83000,21.11617,5.02495,1.18680,5.96363,11.74000,20.48264,5.07604,1.11405,5.65495,11.28000,19.64581,24.41167,82.82705
6-1,1783321121.478410,2026-07-06T13:58:41.478410,5.08982,1.23368,6.27921,12.58000,22.21109,5.05342,1.22587,6.19483,12.46000,21.73638,5.02095,1.18680,5.95888,11.74000,21.07923,5.07204,1.11405,5.65049,11.28000,20.21152,24.08341,85.23823
7-1,1783321121.578560,2026-07-06T13:58:41.578560,5.09046,1.22196,6.22035,12.46000,0.62297,5.05329,1.22880,6.20947,12.49000,0.62188,5.02969,1.24442,6.25907,12.31000,0.62685,5.07339,1.16630,5.91707,11.81000,0.59260,24.60596,2.46429
7-1,1783321121.678679,2026-07-06T13:58:41.678679,5.08283,1.28861,6.54980,13.14000,1.27873,5.04483,1.32719,6.69545,13.49000,1.29222,5.02706,1.29106,6.49021,12.77000,1.27664,5.07028,1.22758,6.22416,12.43000,1.21575,25.95962,5.06333
7-1,1783321121.778798,2026-07-06T13:58:41.778798,5.08283,1.28861,6.54980,13.14000,1.93448,5.04483,1.32719,6.69545,13.49000,1.96256,5.02284,1.29496,6.50439,12.81000,1.92785,5.07208,1.27103,6.44679,12.87000,1.86119,26.19643,7.68609
7-1,1783321121.878915,2026-07-06T13:58:41.878915,5.08476,1.25321,6.37228,12.78000,2.57246,5.05905,1.01321,5.12590,10.30000,2.47575,5.02684,1.29496,6.50957,12.81000,2.57957,5.07608,1.27103,6.45188,12.87000,2.50714,24.45963,10.13491
7-1,1783321121.979034,2026-07-06T13:58:41.979034,5.08689,1.21415,6.17624,12.38000,3.19082,5.04996,1.21390,6.13017,12.34000,3.08950,5.03732,0.96756,4.87390,9.57000,3.06754,5.08366,0.88479,4.49798,8.96000,2.95747,21.67829,12.30534
7-1,1783321122.079153,2026-07-06T13:58:42.079153,5.08412,1.26493,6.43106,12.90000,3.83469,5.05196,1.25810,6.35585,12.79000,3.72584,5.02209,1.23734,6.21405,12.24000,3.68968,5.07069,1.14066,5.78393,11.55000,3.53655,24.78489,14.78676
7-1,1783321122.179271,2026-07-06T13:58:42.179271,5.09212,1.26493,6.44118,12.90000,4.47957,5.05596,1.25810,6.36088,12.79000,4.36268,5.02626,1.23441,6.20448,12.21000,4.31086,5.07379,1.15848,5.87789,11.73000,4.12503,24.88443,17.27814
7-1,1783321122.279390,2026-07-06T13:58:42.279390,5.08752,1.27592,6.49126,13.01000,5.12947,5.05205,1.25614,6.34609,12.77000,4.99804,5.02626,1.23441,6.20448,12.21000,4.93205,5.08179,1.15848,5.88716,11.73000,4.71445,24.92899,19.77401
7-1,1783321122.379509,2026-07-06T13:58:42.379509,5.08785,1.26981,6.46063,12.95000,5.77630,5.05285,1.23856,6.25827,12.59000,5.62461,5.02815,1.20096,6.03863,11.88000,5.53663,5.07410,1.15238,5.84728,11.67000,5.29987,24.60481,22.23741
7-1,1783321122.479625,2026-07-06T13:58:42.479625,5.08929,1.24345,6.32826,12.68000,6.40986,5.05658,1.24442,6.29253,12.65000,6.25460,5.02615,1.23637,6.21416,12.23000,6.15877,5.07449,1.14457,5.80809,11.59000,5.88136,24.64304,24.70458
7-1,1783321122.579742,2026-07-06T13:58:42.579742,5.08929,1.24345,6.32826,12.68000,7.04343,5.05258,1.24442,6.28755,12.65000,6.88409,5.03020,1.23539,6.21426,12.22000,6.78092,5.07384,1.15751,5.87300,11.72000,6.46935,24.70307,27.17779
7-1,1783321122.679858,2026-07-06T13:58:42.679858,5.08368,1.27299,6.47146,12.98000,7.69132,5.05205,1.25614,6.34609,12.77000,7.51943,5.02620,1.23539,6.20932,12.22000,7.40258,5.07089,1.13675,5.76435,11.51000,7.04645,24.79122,29.65978
7-1,1783321122.779973,2026-07-06T13:58:42.779973,5.08513,1.24638,6.33798,12.71000,8.32585,5.05294,1.23661,6.24851,12.57000,8.14500,5.03118,1.21805,6.12826,12.05000,8.01611,5.07889,1.13675,5.77344,11.51000,7.62446,24.48819,32.11142
7-1,1783321122.880090,2026-07-06T13:58:42.880090,5.08347,1.27689,6.49105,13.02000,8.97571,5.05596,1.25810,6.36088,12.79000,8.78183,5.02998,1.23930,6.23364,12.26000,8.64020,5.07369,1.16044,5.88769,11.75000,8.21392,24.97326,34.61166
7-1,1783321122.980210,2026-07-06T13:58:42.980210,5.08465,1.25517,6.38208,12.80000,9.61468,5.05196,1.25810,6.35585,12.79000,9.41818,5.03169,1.20902,6.08342,11.96000,9.24927,5.07459,1.14261,5.79829,11.57000,8.79444,24.61964,37.07657
7-1,1783321123.080328,2026-07-06T13:58:43.080328,5.08465,1.25517,6.38208,12.80000,10.25365,5.05201,1.25712,6.35097,12.78000,10.05403,5.02769,1.20902,6.07859,11.96000,9.85785,5.07364,1.16141,5.89259,11.76000,9.38439,24.70423,39.54991
7-1,1783321123.180446,2026-07-06T13:58:43.180446,5.08854,1.25712,6.39690,12.82000,10.89410,5.05348,1.22465,6.18873,12.45000,10.67363,5.02986,1.24149,6.24454,12.28000,10.48304,5.07364,1.16141,5.89259,11.76000,9.97435,24.72276,42.02512
7-1,1783321123.280565,2026-07-06T13:58:43.280565,5.08806,1.26591,6.44102,12.91000,11.53896,5.05191,1.25932,6.36195,12.80000,11.31059,5.03060,1.22831,6.17914,12.15000,11.10169,5.07815,1.15140,5.84699,11.66000,10.55975,24.82910,44.51098
7-1,1783321123.380684,2026-07-06T13:58:43.380684,5.08892,1.25028,6.36258,12.75000,12.17597,5.05191,1.25932,6.36195,12.80000,11.94753,5.02546,1.24857,6.27466,12.35000,11.72990,5.07754,1.16337,5.90703,11.78000,11.15115,24.90622,47.00455
7-1,1783321123.480803,2026-07-06T13:58:43.480803,5.08492,1.25028,6.35758,12.75000,12.81249,5.05545,1.00443,5.07782,10.21000,12.45592,5.03746,1.24857,6.28964,12.35000,12.35961,5.10282,0.82253,4.19724,8.33000,11.57137,21.92228,49.19939
7-1,1783321123.580922,2026-07-06T13:58:43.580922,5.09453,0.85403,4.35088,8.71000,13.24809,5.06030,0.89724,4.54033,9.12000,12.91049,5.04337,0.86038,4.33920,8.51000,12.79405,5.08282,0.82253,4.18079,8.33000,11.98995,17.41120,50.94258
7-1,1783321123.681040,2026-07-06T13:58:43.681040,5.07249,1.25810,6.38168,12.83000,13.88702,5.04045,1.24735,6.28722,12.68000,13.53996,5.02511,1.18387,5.94910,11.71000,13.38966,5.08485,0.94021,4.78085,9.52000,12.46860,23.39885,53.28523
7-1,1783321123.781157,2026-07-06T13:58:43.781157,5.08752,1.27592,6.49126,13.01000,14.53690,5.05245,1.24735,6.30219,12.68000,14.17091,5.03031,1.23344,6.20457,12.20000,14.01084,5.07759,1.16239,5.90213,11.77000,13.05950,24.90015,55.77815
7-1,1783321123.881275,2026-07-06T13:58:43.881275,5.08352,1.27592,6.48615,13.01000,15.18628,5.05569,1.26420,6.39139,12.85000,14.81081,5.02631,1.23344,6.19964,12.20000,14.63154,5.07864,1.14164,5.79796,11.56000,13.63998,24.87514,58.26862
7-1,1783321123.981392,2026-07-06T13:58:43.981392,5.08486,1.25126,6.36248,12.76000,15.82328,5.05586,1.26029,6.37187,12.81000,15.44874,5.02986,1.24149,6.24454,12.28000,15.25672,5.07349,1.16434,5.90728,11.79000,14.23140,24.88617,60.76015
7-1,1783321124.081511,2026-07-06T13:58:44.081511,5.08733,1.20609,6.13578,12.30000,16.43758,5.05273,1.15287,5.82512,11.72000,16.03195,5.02380,1.20707,6.06407,11.94000,15.86385,5.07349,1.16434,5.90728,11.79000,14.82283,23.93225,63.15622
7-1,1783321124.181629,2026-07-06T13:58:44.181629,5.07568,1.27299,6.46128,12.98000,17.08448,5.05673,1.15287,5.82974,11.72000,16.61561,5.02186,1.24149,6.23460,12.28000,16.48805,5.07394,1.15555,5.86320,11.70000,15.40985,24.38882,65.59799
7-1,1783321124.281747,2026-07-06T13:58:44.281747,5.08768,1.27299,6.47655,12.98000,17.73290,5.05164,1.26518,6.39121,12.86000,17.25549,5.02981,1.24247,6.24938,12.29000,17.11373,5.07349,1.16434,5.90728,11.79000,16.00127,25.02442,68.10338
7-1,1783321124.381865,2026-07-06T13:58:44.381865,5.08315,1.28275,6.52043,13.08000,18.38571,5.05285,1.23856,6.25827,12.59000,17.88205,5.02981,1.24247,6.24938,12.29000,17.73940,5.07739,1.16630,5.92174,11.81000,16.59414,24.94982,70.60130
7-1,1783321124.481982,2026-07-06T13:58:44.481982,5.08304,1.28471,6.53022,13.10000,19.03949,5.05151,1.26811,6.40585,12.89000,18.52338,5.03346,1.24857,6.28464,12.35000,18.36860,5.07339,1.16630,5.91707,11.81000,17.18654,25.13778,73.11801
7-1,1783321124.582101,2026-07-06T13:58:44.582101,5.08417,1.26395,6.42616,12.89000,19.68287,5.04751,1.26811,6.40077,12.89000,19.16422,5.03386,1.24149,6.24950,12.28000,18.99429,5.07434,1.14750,5.82279,11.62000,17.76951,24.89922,75.61089
7-1,1783321124.682220,2026-07-06T13:58:44.682220,5.08709,1.28373,6.53046,13.09000,20.33669,5.05641,1.24833,6.31206,12.69000,19.79618,5.02164,1.24540,6.25395,12.32000,19.62043,5.07344,1.16532,5.91217,11.80000,18.36143,25.00864,78.11473
7-1,1783321124.782340,2026-07-06T13:58:44.782340,5.08309,1.28373,6.52532,13.09000,20.99001,5.05547,1.26908,6.41580,12.90000,20.43853,5.02564,1.24540,6.25893,12.32000,20.24707,5.06934,1.16727,5.91730,11.82000,18.95387,25.11735,80.62948
7-1,1783321124.882457,2026-07-06T13:58:44.882457,5.08277,1.28959,6.55469,13.15000,21.64625,5.05582,1.26127,6.37675,12.82000,21.07695,5.02289,1.22318,6.14391,12.10000,20.86219,5.07734,1.16727,5.92664,11.82000,19.54723,25.00199,83.13263
7-1,1783321124.982576,2026-07-06T13:58:44.982576,5.08390,1.26884,6.45065,12.94000,22.29208,5.05182,1.26127,6.37170,12.82000,21.71488,5.02164,1.24540,6.25395,12.32000,21.48833,5.07405,1.15336,5.85218,11.68000,20.13315,24.92848,85.62844
7-1,1783321125.082695,2026-07-06T13:58:45.082695,5.08363,1.27396,6.47636,12.99000,22.94048,5.04755,1.26713,6.39590,12.88000,22.35523,5.02581,1.24247,6.24441,12.29000,22.11351,5.07314,1.17118,5.94156,11.86000,20.72801,25.05823,88.13723
7-1,1783321125.182813,2026-07-06T13:58:45.182813,5.08763,1.27396,6.48145,12.99000,23.58940,5.04747,1.26908,6.40565,12.90000,22.99655,5.03381,1.24247,6.25435,12.29000,22.73968,5.07324,1.16923,5.93176,11.84000,21.32189,25.07321,90.64752
7-1,1783321125.282932,2026-07-06T13:58:45.282932,5.09173,1.27201,6.47674,12.97000,24.23784,5.05182,1.26127,6.37170,12.82000,23.63448,5.02546,1.24857,6.27466,12.35000,23.36789,5.07410,1.15238,5.84728,11.67000,21.90731,24.97038,93.14751
7-1,1783321125.383050,2026-07-06T13:58:45.383050,5.09265,1.25517,6.39212,12.80000,24.87781,5.05582,1.26127,6.37675,12.82000,24.27291,5.02552,1.24760,6.26982,12.34000,23.99562,5.07810,1.15238,5.85189,11.67000,22.49319,24.89058,95.63952
7-1,1783321125.483169,2026-07-06T13:58:45.483169,5.11501,0.84524,4.32342,8.62000,25.31066,5.06136,0.96219,4.86998,9.78000,24.76048,5.05937,0.86038,4.35297,8.51000,24.43143,5.08677,0.82351,4.18901,8.34000,22.91259,17.73538,97.41517
7-1,1783321125.583288,2026-07-06T13:58:45.583288,5.09501,0.84524,4.30651,8.62000,25.74183,5.06439,0.89529,4.53410,9.10000,25.21443,5.04337,0.86038,4.33920,8.51000,24.86587,5.08682,0.82253,4.18408,8.33000,23.33149,17.36389,99.15362
8-1,1783321125.683427,2026-07-06T13:58:45.683427,5.09649,0.96487,4.91746,9.84000,0.49243,5.04449,1.24638,6.28734,12.67000,0.62961,5.03614,1.05936,5.33508,10.48000,0.53425,5.06198,1.15458,5.84445,11.69000,0.58526,22.38433,2.24156
8-1,1783321125.783497,2026-07-06T13:58:45.783497,5.08256,1.29350,6.57427,13.19000,1.15032,5.05649,1.24638,6.30229,12.67000,1.26028,5.02279,1.29594,6.50922,12.82000,1.18563,5.07398,1.15458,5.85830,11.69000,1.17150,25.24408,4.76772
8-1,1783321125.883615,2026-07-06T13:58:45.883615,5.07630,1.40825,7.14868,14.36000,1.86603,5.05707,1.32206,6.68576,13.44000,1.92965,5.02353,1.28275,6.44395,12.69000,1.83079,5.08228,1.22758,6.23889,12.43000,1.79613,26.51728,7.42259
8-1,1783321125.983733,2026-07-06T13:58:45.983733,5.10612,1.08158,5.52266,11.03000,2.41895,5.07782,0.86380,4.38620,8.78000,2.36878,5.02753,1.28275,6.44909,12.69000,2.47645,5.10311,0.81668,4.16759,8.27000,2.21337,20.52554,9.47755
8-1,1783321126.083851,2026-07-06T13:58:46.083851,5.08212,1.08158,5.49670,11.03000,2.96927,5.03930,1.18436,5.96836,12.04000,2.96633,5.03487,1.01102,5.09034,10.00000,2.98609,5.06435,1.10794,5.61101,11.22000,2.77514,22.16641,11.69682
8-1,1783321126.183971,2026-07-06T13:58:46.183971,5.08449,1.25810,6.39677,12.83000,3.60971,5.05530,1.18436,5.98731,12.04000,3.56577,5.02444,1.19584,6.00841,11.83000,3.58765,5.07635,1.10794,5.62431,11.22000,3.33824,24.01680,14.10138
8-1,1783321126.284090,2026-07-06T13:58:46.284090,5.08476,1.25321,6.37228,12.78000,4.24769,5.04827,1.25126,6.31670,12.72000,4.19819,5.02620,1.23539,6.20932,12.22000,4.20932,5.07405,1.15336,5.85218,11.68000,3.92416,24.75048,16.57936
8-1,1783321126.384207,2026-07-06T13:58:46.384207,5.08508,1.24735,6.34288,12.72000,4.88273,5.04929,1.22880,6.20455,12.49000,4.81938,5.03020,1.23539,6.21426,12.22000,4.83148,5.07405,1.15336,5.85218,11.68000,4.51006,24.61387,19.04364
8-1,1783321126.484326,2026-07-06T13:58:46.484326,5.08508,1.24735,6.34288,12.72000,5.51777,5.04778,1.26225,6.37153,12.83000,5.45729,5.02644,1.23124,6.18875,12.18000,5.45109,5.07384,1.15751,5.87300,11.72000,5.09806,24.77616,21.52421
8-1,1783321126.584445,2026-07-06T13:58:46.584445,5.08854,1.25712,6.39690,12.82000,6.15822,5.05978,1.26225,6.38668,12.83000,6.09672,5.02775,1.20804,6.07374,11.95000,6.05918,5.07479,1.13871,5.77870,11.53000,5.67662,24.63602,23.99074
8-1,1783321126.684563,2026-07-06T13:58:46.684563,5.08881,1.25224,6.37239,12.77000,6.79621,5.04814,1.25419,6.33132,12.75000,6.73060,5.02604,1.23832,6.22384,12.25000,6.68230,5.07079,1.13871,5.77414,11.53000,6.25472,24.70169,26.46383
8-1,1783321126.784683,2026-07-06T13:58:46.784683,5.08763,1.27396,6.48145,12.99000,7.44513,5.04920,1.23075,6.21431,12.51000,7.35277,5.03404,1.23832,6.23375,12.25000,7.30642,5.07374,1.15946,5.88279,11.74000,6.84370,24.81230,28.94802
8-1,1783321126.884740,2026-07-06T13:58:46.884740,5.08763,1.27396,6.48145,12.99000,8.09365,5.05191,1.25932,6.36195,12.80000,7.98933,5.03004,1.23832,6.22879,12.25000,7.92966,5.07479,1.13871,5.77870,11.53000,7.42190,24.85089,31.43454
8-1,1783321126.984797,2026-07-06T13:58:46.984797,5.09217,1.26395,6.43627,12.89000,8.73765,5.05591,1.25932,6.36698,12.80000,8.62639,5.03100,1.22123,6.14401,12.08000,8.54441,5.07769,1.16044,5.89233,11.75000,8.01147,24.83959,33.91992
8-1,1783321127.084855,2026-07-06T13:58:47.084855,5.09163,1.27396,6.48655,12.99000,9.38667,5.05205,1.25614,6.34609,12.77000,9.26137,5.02609,1.23734,6.21900,12.24000,9.16667,5.07369,1.16044,5.88769,11.75000,8.60058,24.93933,36.41528
9-1,1783321127.184920,2026-07-06T13:58:47.184920,5.08657,1.22001,6.20565,12.44000,0.62097,5.05365,1.22074,6.16920,12.41000,0.61732,5.02609,1.23734,6.21900,12.24000,0.62230,5.06664,1.14164,5.78426,11.56000,0.57880,24.37811,2.43939
9-1,1783321127.284978,2026-07-06T13:58:47.284978,5.08283,1.28861,6.54980,13.14000,1.27633,5.04489,1.32597,6.68936,13.48000,1.28665,5.03118,1.21805,6.12826,12.05000,1.23549,5.06209,1.23148,6.23387,12.47000,1.20255,25.60129,5.00102
9-1,1783321127.385036,2026-07-06T13:58:47.385036,5.08283,1.28861,6.54980,13.14000,1.93169,5.04889,1.32597,6.69467,13.48000,1.95650,5.03866,1.29814,6.54087,12.84000,1.88995,5.06688,1.29472,6.56018,13.11000,1.85895,26.34552,7.63710
9-1,1783321127.485095,2026-07-06T13:58:47.485095,5.08725,1.28080,6.51576,13.06000,2.58365,5.04916,1.23173,6.21918,12.52000,2.57879,5.06542,0.82400,4.17391,8.15000,2.30759,5.07888,1.29472,6.57571,13.11000,2.51691,23.48456,9.98694
9-1,1783321127.585153,2026-07-06T13:58:47.585153,5.09448,1.14823,5.84963,11.71000,3.16895,5.05749,1.04764,5.29843,10.65000,3.10894,5.01455,1.22929,6.16431,12.16000,2.92438,5.07896,0.81961,4.16274,8.30000,2.93342,21.47511,12.13569
9-1,1783321127.685211,2026-07-06T13:58:47.685211,5.08341,1.27787,6.49595,13.03000,3.81892,5.05352,1.22367,6.18384,12.44000,3.72768,5.02655,1.22929,6.17906,12.16000,3.54264,5.06205,1.15336,5.83834,11.68000,3.51760,24.69719,14.60685
9-1,1783321127.785269,2026-07-06T13:58:47.785269,5.09141,1.27787,6.50617,13.03000,4.46992,5.05352,1.22367,6.18384,12.44000,4.34642,5.02804,1.20292,6.04831,11.90000,4.14782,5.07444,1.14554,5.81299,11.60000,4.09923,24.55131,17.06339
9-1,1783321127.885326,2026-07-06T13:58:47.885326,5.08822,1.26298,6.42632,12.88000,5.11292,5.05218,1.25321,6.33146,12.74000,4.97993,5.02604,1.23832,6.22384,12.25000,4.77057,5.07044,1.14554,5.80841,11.60000,4.68041,24.79003,19.54382
9-1,1783321127.985382,2026-07-06T13:58:47.985382,5.08881,1.25224,6.37239,12.77000,5.75051,5.05218,1.25321,6.33146,12.74000,5.61343,5.03431,1.23344,6.20951,12.20000,5.39186,5.07779,1.15848,5.88253,11.73000,5.26899,24.79589,22.02480
9-1,1783321128.085439,2026-07-06T13:58:48.085439,5.09292,1.25028,6.36758,12.75000,6.38763,5.05694,1.23661,6.25346,12.57000,6.23913,5.02631,1.23344,6.19964,12.20000,6.01218,5.07789,1.15653,5.87272,11.71000,5.85659,24.69340,24.49553
9-1,1783321128.185494,2026-07-06T13:58:48.185494,5.08492,1.25028,6.35758,12.75000,7.02374,5.04894,1.23661,6.24357,12.57000,6.86384,5.02364,1.21000,6.07859,11.97000,6.62038,5.07810,1.15238,5.85189,11.67000,6.44211,24.53163,26.95006
9-1,1783321128.285552,2026-07-06T13:58:48.285552,5.08481,1.25224,6.36738,12.77000,7.66085,5.05636,1.24931,6.31694,12.70000,7.49589,5.02198,1.23930,6.22372,12.26000,7.24310,5.07784,1.15751,5.87763,11.72000,7.03021,24.78567,29.43005
9-1,1783321128.385608,2026-07-06T13:58:48.385608,5.08396,1.26786,6.44575,12.93000,8.30578,5.05610,1.25517,6.34624,12.76000,8.13087,5.03255,1.19388,6.00828,11.81000,7.84427,5.07384,1.15751,5.87300,11.72000,7.61784,24.67327,31.89876
9-1,1783321128.485665,2026-07-06T13:58:48.485665,5.11448,0.85501,4.37291,8.72000,8.74332,5.07635,0.89627,4.54977,9.11000,8.58611,5.03255,1.19388,6.00828,11.81000,8.44544,5.08080,0.94119,4.78200,9.53000,8.09631,19.71296,33.87118
9-1,1783321128.585723,2026-07-06T13:58:48.585723,5.09448,0.85501,4.35581,8.72000,9.17916,5.06035,0.89627,4.53542,9.11000,9.03991,5.04343,0.85940,4.33433,8.50000,8.87912,5.08670,0.82473,4.19517,8.35000,8.51607,17.42073,35.61426
9-1,1783321128.685781,2026-07-06T13:58:48.685781,5.09644,0.89236,4.54787,9.10000,9.63421,5.06123,0.96512,4.88468,9.81000,9.52866,5.02324,1.21708,6.11367,12.04000,9.49084,5.06219,1.15043,5.82368,11.65000,9.09877,21.36990,37.75249
9-1,1783321128.785838,2026-07-06T13:58:48.785838,5.08731,1.27982,6.51086,13.05000,10.28567,5.04996,1.21390,6.13017,12.34000,10.14203,5.03100,1.15043,5.78779,11.38000,10.06996,5.08219,1.15043,5.84669,11.65000,9.68378,24.27551,40.18144
9-1,1783321128.885896,2026-07-06T13:58:48.885896,5.09143,1.20414,6.13079,12.28000,10.89910,5.05019,1.20902,6.10578,12.29000,10.75296,5.03100,1.15043,5.78779,11.38000,10.64907,5.07374,1.15946,5.88279,11.74000,10.27240,23.90715,42.57354
9-1,1783321128.985953,2026-07-06T13:58:48.985953,5.07931,1.27982,6.50062,13.05000,11.54953,5.05819,1.20902,6.11545,12.29000,11.36486,5.03015,1.23637,6.21911,12.23000,11.27134,5.07364,1.16141,5.89259,11.76000,10.86199,24.72777,45.04772
9-1,1783321129.086010,2026-07-06T13:58:49.086010,5.08331,1.27982,6.50574,13.05000,12.20048,5.05205,1.25614,6.34609,12.77000,11.99983,5.03009,1.23734,6.22395,12.24000,11.89409,5.07474,1.13968,5.78360,11.54000,11.44068,24.85938,47.53508
9-1,1783321129.186068,2026-07-06T13:58:49.186068,5.08390,1.26884,6.45065,12.94000,12.84592,5.05263,1.24345,6.28267,12.64000,12.62846,5.02615,1.23637,6.21416,12.23000,12.51586,5.07074,1.13968,5.77904,11.54000,12.01892,24.72652,50.00916
9-1,1783321129.286125,2026-07-06T13:58:49.286125,5.08325,1.28080,6.51063,13.06000,13.49735,5.05186,1.26029,6.36683,12.81000,13.26550,5.02615,1.23637,6.21416,12.23000,13.13763,5.07349,1.16434,5.90728,11.79000,12.60999,24.99890,52.51047
9-1,1783321129.386182,2026-07-06T13:58:49.386182,5.08524,1.24442,6.32818,12.69000,14.13053,5.05186,1.26029,6.36683,12.81000,13.90255,5.03089,1.22318,6.15370,12.10000,13.75335,5.07844,1.14554,5.81757,11.60000,13.19207,24.66628,54.97851
9-1,1783321129.486239,2026-07-06T13:58:49.486239,5.08924,1.24442,6.33316,12.69000,14.76421,5.05302,1.23466,6.23875,12.55000,14.52678,5.02986,1.24149,6.24454,12.28000,14.37816,5.07744,1.16532,5.91684,11.80000,13.78410,24.73329,57.45325
9-1,1783321129.586297,2026-07-06T13:58:49.586297,5.08715,1.28275,6.52556,13.08000,15.41714,5.05196,1.25810,6.35585,12.79000,15.16273,5.02758,1.21097,6.08827,11.98000,14.98734,5.07354,1.16337,5.90238,11.78000,14.37467,24.87206,59.94189
9-1,1783321129.686353,2026-07-06T13:58:49.686353,5.08860,1.25614,6.39200,12.81000,16.05670,5.05249,1.24638,6.29731,12.67000,15.79282,5.03158,1.21097,6.09312,11.98000,15.59699,5.07754,1.16337,5.90703,11.78000,14.96571,24.68946,62.41222
9-1,1783321129.786410,2026-07-06T13:58:49.786410,5.08801,1.26688,6.44592,12.92000,16.70166,5.05160,1.26615,6.39609,12.87000,16.43279,5.02598,1.23930,6.22868,12.26000,16.22022,5.07354,1.16337,5.90238,11.78000,15.55628,24.97307,64.91095
9-1,1783321129.886466,2026-07-06T13:58:49.886466,5.09201,1.26688,6.45099,12.92000,17.34712,5.05160,1.26615,6.39609,12.87000,17.07276,5.02689,1.22318,6.14881,12.10000,16.83544,5.07339,1.16630,5.91707,11.81000,16.14832,24.91296,67.40364
9-1,1783321129.986523,2026-07-06T13:58:49.986523,5.08704,1.28471,6.53536,13.10000,18.00103,5.05210,1.25517,6.34122,12.76000,17.70725,5.02164,1.24540,6.25395,12.32000,17.46120,5.07434,1.14750,5.82279,11.62000,16.73094,24.95332,69.90041
9-1,1783321130.086580,2026-07-06T13:58:50.086580,5.09179,1.27103,6.47184,12.96000,18.64858,5.05155,1.26713,6.40097,12.88000,18.34771,5.02564,1.24540,6.25893,12.32000,18.08745,5.07834,1.14750,5.82738,11.62000,17.31401,24.95912,72.39774
9-1,1783321130.186637,2026-07-06T13:58:50.186637,5.09109,1.28373,6.53559,13.09000,19.30251,5.05591,1.25932,6.36698,12.80000,18.98476,5.03415,1.23637,6.22405,12.23000,18.71020,5.07734,1.16727,5.92664,11.82000,17.90700,25.05326,74.90448
9-1,1783321130.286693,2026-07-06T13:58:50.286693,5.09067,1.29154,6.57482,13.17000,19.96036,5.05191,1.25932,6.36195,12.80000,19.62132,5.03369,1.24442,6.26404,12.31000,19.33696,5.07734,1.16727,5.92664,11.82000,18.50000,25.12745,77.41865
9-1,1783321130.386750,2026-07-06T13:58:50.386750,5.08667,1.29154,6.56965,13.17000,20.61770,5.05947,1.26908,6.42088,12.90000,20.26377,5.02106,1.25565,6.30471,12.42000,19.96779,5.07798,1.15458,5.86292,11.69000,19.08663,25.15816,79.93590
9-1,1783321130.486808,2026-07-06T13:58:50.486808,5.08341,1.27787,6.49595,13.03000,21.26768,5.06201,1.21293,6.13985,12.33000,20.87811,5.03306,1.25565,6.31978,12.42000,20.60014,5.07798,1.15458,5.86292,11.69000,19.67326,24.81850,82.41919
9-1,1783321130.586864,2026-07-06T13:58:50.586864,5.08492,1.25028,6.35758,12.75000,21.90379,5.05258,1.24442,6.28755,12.65000,21.50722,5.02837,1.19706,6.01925,11.84000,21.20240,5.07824,1.14945,5.83718,11.64000,20.25731,24.50156,84.87072
10-1,1783321130.686921,2026-07-06T13:58:50.686921,5.07893,1.28666,6.53486,13.12000,0.65386,5.04858,1.24442,6.28257,12.65000,0.62861,5.02666,1.22733,6.16938,12.14000,0.61729,5.08134,1.16727,5.93131,11.82000,0.59347,24.91812,2.49323
10-1,1783321130.787042,2026-07-06T13:58:50.787042,5.08293,1.28666,6.54001,13.12000,1.30865,5.04938,1.22684,6.19480,12.47000,1.24884,5.02426,1.26981,6.37988,12.56000,1.25605,5.07853,1.22269,6.20949,12.38000,1.21517,25.32418,5.02871
10-1,1783321130.887162,2026-07-06T13:58:50.887162,5.08619,1.30033,6.61373,13.26000,1.97081,5.04483,1.32719,6.69545,13.49000,1.91919,5.02266,1.29814,6.52010,12.84000,1.90884,5.07409,1.23148,6.24865,12.47000,1.84078,26.07793,7.63962
10-1,1783321130.987280,2026-07-06T13:58:50.987280,5.08083,1.39848,7.10544,14.26000,2.68219,5.06123,0.96512,4.88468,9.81000,2.40823,5.03466,1.29814,6.53567,12.84000,2.56317,5.08209,1.23148,6.25850,12.47000,2.46737,24.78429,10.12097
10-1,1783321131.087398,2026-07-06T13:58:51.087398,5.09464,1.14530,5.83489,11.68000,3.26637,5.05723,0.96512,4.88082,9.81000,2.89689,5.03355,0.82180,4.13658,8.13000,2.97732,5.07521,0.81472,4.13489,8.25000,2.88135,18.98718,12.02194
10-1,1783321131.187516,2026-07-06T13:58:51.187516,5.09864,1.14530,5.83947,11.68000,3.85101,5.04595,1.30253,6.57250,13.24000,3.55492,5.01631,1.12723,5.65454,11.15000,3.54344,5.06185,1.07840,5.45870,10.92000,3.42786,23.52521,14.37724
10-1,1783321131.287633,2026-07-06T13:58:51.287633,5.08556,1.23856,6.29878,12.63000,4.48163,5.04894,1.23661,6.24357,12.57000,4.18001,5.03163,1.13919,5.73201,11.27000,4.11732,5.08084,1.09818,5.57967,11.12000,3.98648,23.85403,16.76543
10-1,1783321131.387749,2026-07-06T13:58:51.387749,5.08941,1.16800,5.94445,11.91000,5.07676,5.04485,1.23856,6.24836,12.59000,4.80557,5.02363,1.13919,5.72290,11.27000,4.69027,5.07684,1.09818,5.57528,11.12000,4.54465,23.49099,19.11725
10-1,1783321131.487868,2026-07-06T13:58:51.487868,5.08763,1.27396,6.48145,12.99000,5.72567,5.05285,1.23856,6.25827,12.59000,5.43214,5.03415,1.23637,6.22405,12.23000,5.31341,5.07389,1.15653,5.86810,11.71000,5.13216,24.83187,21.60339
10-1,1783321131.587988,2026-07-06T13:58:51.587988,5.08945,1.24052,6.31355,12.65000,6.35779,5.05614,1.25419,6.34135,12.75000,6.06703,5.03438,1.23222,6.20344,12.19000,5.93450,5.07439,1.14652,5.81789,11.61000,5.71465,24.67623,24.07398
11-1,1783321131.688126,2026-07-06T13:58:51.688126,5.09345,1.24052,6.31851,12.65000,0.63272,5.05698,1.23563,6.24857,12.56000,0.62572,5.02671,1.22636,6.16454,12.13000,0.61730,5.07724,1.16923,5.93644,11.84000,0.59446,24.66806,2.47020
11-1,1783321131.788244,2026-07-06T13:58:51.788244,5.08224,1.29936,6.60364,13.25000,1.29386,5.04617,1.38603,6.99414,14.09000,1.32596,5.03071,1.22636,6.16945,12.13000,1.23498,5.07324,1.16923,5.93176,11.84000,1.18834,25.69899,5.04313
11-1,1783321131.888364,2026-07-06T13:58:51.888364,5.08711,1.21000,6.15540,12.34000,1.91014,5.06217,1.38603,7.01631,14.09000,2.02843,5.02100,1.18583,5.95404,11.73000,1.83109,5.07504,1.21268,6.15442,12.28000,1.80452,25.28017,7.57419
11-1,1783321131.988483,2026-07-06T13:58:51.988483,5.08892,1.25028,6.36258,12.75000,2.54716,5.05468,1.10965,5.60895,11.28000,2.58999,5.01815,1.23637,6.20427,12.23000,2.45226,5.07989,1.11698,5.67412,11.31000,2.37260,23.84992,9.96201
11-1,1783321132.088653,2026-07-06T13:58:52.088653,5.08492,1.25028,6.35758,12.75000,3.18400,5.04810,1.25517,6.33619,12.76000,3.22469,5.03071,1.22636,6.16945,12.13000,3.07026,5.07405,1.15336,5.85218,11.68000,2.95882,24.71540,12.43777
11-1,1783321132.188772,2026-07-06T13:58:52.188772,5.08844,1.25907,6.40671,12.84000,3.82543,5.05214,1.25419,6.33634,12.75000,3.85908,5.03071,1.22636,6.16945,12.13000,3.68793,5.07484,1.13773,5.77380,11.52000,3.53689,24.68630,14.90933
11-1,1783321132.288891,2026-07-06T13:58:52.288891,5.08870,1.25419,6.38219,12.79000,4.46441,5.05214,1.25419,6.33634,12.75000,4.49347,5.02809,1.20194,6.04347,11.89000,4.29300,5.07484,1.13773,5.77380,11.52000,4.11496,24.53580,17.36584
11-1,1783321132.389010,2026-07-06T13:58:52.389010,5.08481,1.25224,6.36738,12.77000,5.10191,5.05307,1.23368,6.23387,12.54000,5.11760,5.02604,1.23832,6.22384,12.25000,4.91613,5.07805,1.15336,5.85679,11.68000,4.70133,24.68188,19.83696
11-1,1783321132.489130,2026-07-06T13:58:52.489130,5.08481,1.25224,6.36738,12.77000,5.73941,5.05218,1.25321,6.33146,12.74000,5.75150,5.03444,1.23124,6.19860,12.18000,5.53673,5.07849,1.14457,5.81267,11.59000,5.28329,24.71011,22.31092
11-1,1783321132.589249,2026-07-06T13:58:52.589249,5.08373,1.27201,6.46657,12.97000,6.38683,5.05899,1.19120,6.02626,12.11000,6.35484,5.02644,1.23124,6.18875,12.18000,6.15634,5.07839,1.06766,5.42199,10.81000,5.82614,24.10357,24.72415
11-1,1783321132.689367,2026-07-06T13:58:52.689367,5.10091,0.95706,4.88188,9.76000,6.87560,5.05499,1.19120,6.02150,12.11000,6.95770,5.03990,0.99271,5.00314,9.82000,6.65724,5.07839,1.06766,5.42199,10.81000,6.36898,21.32851,26.85952
11-1,1783321132.789435,2026-07-06T13:58:52.789435,5.09859,0.85305,4.34937,8.70000,7.31083,5.06030,0.89724,4.54033,9.12000,7.41204,5.04743,0.85940,4.33776,8.50000,7.09131,5.08277,0.82351,4.18572,8.34000,6.78783,17.41318,28.60202
11-1,1783321132.889555,2026-07-06T13:58:52.889555,5.06860,1.25614,6.36688,12.81000,7.94828,5.04441,1.24833,6.29708,12.69000,8.04251,5.01038,1.23222,6.17387,12.19000,7.70944,5.06615,1.15140,5.83317,11.66000,7.37185,24.67100,31.07207
11-1,1783321132.989674,2026-07-06T13:58:52.989674,5.08460,1.25614,6.38698,12.81000,8.58774,5.05824,1.11942,5.66229,11.38000,8.60941,5.03038,1.23222,6.19852,12.19000,8.33003,5.07934,1.04886,5.32752,10.62000,7.90523,23.57531,33.43241
11-1,1783321133.089792,2026-07-06T13:58:53.089792,5.09501,0.84524,4.30651,8.62000,9.01890,5.05424,1.11942,5.65781,11.38000,9.17586,5.03795,0.95633,4.81794,9.46000,8.81240,5.07934,1.04886,5.32752,10.62000,8.43862,20.10978,35.44578
11-1,1783321133.189911,2026-07-06T13:58:53.189911,5.09491,0.84719,4.31637,8.64000,9.45105,5.05644,0.89431,4.52204,9.09000,9.62860,5.04343,0.85940,4.33433,8.50000,9.24634,5.08282,0.82253,4.18079,8.33000,8.85719,17.35353,37.18319
11-1,1783321133.290030,2026-07-06T13:58:53.290030,5.06828,1.26200,6.39617,12.87000,10.09143,5.04032,1.25028,6.30182,12.71000,10.25953,5.01575,1.20804,6.05925,11.95000,9.85299,5.06589,1.15653,5.85885,11.71000,9.44377,24.61609,39.64772
11-1,1783321133.390148,2026-07-06T13:58:53.390148,5.08828,1.26200,6.42141,12.87000,10.73433,5.05210,1.25517,6.34122,12.76000,10.89441,5.02375,1.20804,6.06891,11.95000,10.46060,5.07449,1.14457,5.80809,11.59000,10.02527,24.63963,42.11460
11-1,1783321133.490265,2026-07-06T13:58:53.490265,5.08433,1.26102,6.41147,12.86000,11.37622,5.05210,1.25517,6.34122,12.76000,11.52927,5.03404,1.23832,6.23375,12.25000,11.08470,5.07789,1.15653,5.87272,11.59000,10.61323,24.85916,44.60342
11-1,1783321133.590382,2026-07-06T13:58:53.590382,5.08347,1.27689,6.49105,13.02000,12.02609,5.05365,1.22074,6.16920,12.41000,12.14691,5.03444,1.23124,6.19860,12.18000,11.70529,5.07789,1.15653,5.87272,11.71000,11.20119,24.73157,47.07948
11-1,1783321133.690499,2026-07-06T13:58:53.690499,5.08449,1.25810,6.39677,12.83000,12.66651,5.05214,1.25419,6.33634,12.75000,12.78129,5.02615,1.23637,6.21416,12.23000,12.32743,5.07410,1.15238,5.84728,11.67000,11.78660,24.79455,49.56183
11-1,1783321133.790618,2026-07-06T13:58:53.790618,5.08449,1.25810,6.39677,12.83000,13.30695,5.05249,1.24638,6.29731,12.67000,13.41177,5.03015,1.23637,6.21911,12.23000,12.95008,5.07379,1.15848,5.87789,11.73000,12.37509,24.79108,52.04390
11-1,1783321133.890738,2026-07-06T13:58:53.890738,5.08060,1.25614,6.38195,12.81000,13.94591,5.04849,1.24638,6.29232,12.67000,14.04175,5.02660,1.22831,6.17422,12.15000,13.56824,5.07384,1.15751,5.87300,11.72000,12.96309,24.72149,54.51900
11-1,1783321133.990857,2026-07-06T13:58:53.990857,5.08038,1.26005,6.40153,12.85000,14.58683,5.05586,1.26029,6.37187,12.81000,14.67970,5.02592,1.24052,6.23473,12.27000,14.19246,5.07784,1.15751,5.87763,11.72000,13.55156,24.88576,57.01054
11-1,1783321134.090975,2026-07-06T13:58:54.090975,5.08886,1.25126,6.36749,12.76000,15.22433,5.05610,1.25517,6.34624,12.76000,15.31507,5.02860,1.19291,5.99866,11.80000,14.79303,5.08634,1.14750,5.83656,11.62000,14.13590,24.54895,59.46834
11-1,1783321134.191093,2026-07-06T13:58:54.191093,5.08486,1.25126,6.36248,12.76000,15.86132,5.07639,0.89529,4.54485,9.10000,15.77009,5.05137,0.86038,4.34609,8.51000,15.22815,5.10277,0.82351,4.20219,8.34000,14.55661,19.45561,61.41618
11-1,1783321134.291212,2026-07-06T13:58:54.291212,5.09544,0.83743,4.26706,8.54000,16.28854,5.06039,0.89529,4.53052,9.10000,16.22368,5.04737,0.86038,4.34265,8.51000,15.66293,5.08141,0.92923,4.72178,9.41000,15.02935,17.86201,63.20451
11-1,1783321134.391331,2026-07-06T13:58:54.391331,5.08518,1.24540,6.33308,12.70000,16.92260,5.05291,1.14896,5.80559,11.68000,16.80493,5.02626,1.23441,6.20448,12.21000,16.28412,5.08541,0.92923,4.72550,9.41000,15.50247,23.06865,65.51412
11-1,1783321134.491447,2026-07-06T13:58:54.491447,5.08428,1.26200,6.41637,12.87000,17.56499,5.04769,1.26420,6.38128,12.85000,17.44381,5.02586,1.24149,6.23957,12.28000,16.90881,5.07374,1.15946,5.88279,11.74000,16.09143,24.92001,68.00903
11-1,1783321134.591566,2026-07-06T13:58:54.591566,5.08725,1.28080,6.51576,13.06000,18.21733,5.05178,1.26225,6.37658,12.83000,18.08222,5.02638,1.23222,6.19359,12.19000,17.52890,5.07359,1.16239,5.89748,11.77000,16.68188,24.98341,70.51033
11-1,1783321134.691684,2026-07-06T13:58:54.691684,5.08725,1.28080,6.51576,13.06000,18.86968,5.04778,1.26225,6.37153,12.83000,18.72012,5.02638,1.23222,6.19359,12.19000,18.14899,5.07484,1.13773,5.77380,11.52000,17.25994,24.85468,72.99872
11-1,1783321134.791803,2026-07-06T13:58:54.791803,5.08757,0.98172,4.99456,10.01000,19.36973,5.05389,1.03885,5.25023,10.56000,19.24577,5.04052,0.91092,4.59149,9.01000,18.60868,5.07884,1.13773,5.77835,11.52000,17.83846,20.61463,75.06265
11-1,1783321134.891922,2026-07-06T13:58:54.891922,5.09469,0.85110,4.33609,8.68000,19.80385,5.06039,0.89529,4.53052,9.10000,19.69936,5.04349,0.85818,4.32823,8.49000,19.04202,5.08677,0.82351,4.18901,8.34000,18.25786,17.38385,76.80310
11-1,1783321134.992041,2026-07-06T13:58:54.992041,5.07233,1.26102,6.39634,12.86000,20.44425,5.04386,1.26029,6.35674,12.81000,20.33579,5.01426,1.23441,6.18967,12.21000,19.66172,5.07719,1.09134,5.54095,11.05000,18.81262,24.48370,79.25438
11-1,1783321135.092160,2026-07-06T13:58:55.092160,5.08433,1.26102,6.41147,12.86000,21.08616,5.05186,1.26029,6.36683,12.81000,20.97323,5.02226,1.23441,6.19954,12.21000,20.28241,5.07364,1.16141,5.89259,11.76000,19.40258,24.87043,81.74438
11-1,1783321135.192279,2026-07-06T13:58:55.192279,5.08838,1.26005,6.41161,12.85000,21.72808,5.04858,1.24442,6.28257,12.65000,21.60224,5.02586,1.24149,6.23957,12.28000,20.90711,5.07774,1.15946,5.88743,11.74000,19.99202,24.82118,84.22945
11-1,1783321135.292397,2026-07-06T13:58:55.292397,5.08988,1.23270,6.27431,12.57000,22.35626,5.05023,1.20804,6.10090,12.28000,22.21305,5.02855,1.19388,6.00350,11.81000,21.50818,5.07374,1.15946,5.88279,11.74000,20.58100,24.26150,86.65849
11-1,1783321135.392516,2026-07-06T13:58:55.392516,5.07893,1.28666,6.53486,13.12000,23.01052,5.04764,1.26518,6.38615,12.86000,22.85242,5.02678,1.22514,6.15849,12.12000,22.12476,5.07424,1.14945,5.83259,11.64000,21.16495,24.91209,89.15264
11-1,1783321135.492634,2026-07-06T13:58:55.492634,5.09093,1.28666,6.55030,13.12000,23.66632,5.04764,1.26518,6.38615,12.86000,23.49179,5.02678,1.22514,6.15849,12.12000,22.74133,5.07334,1.16727,5.92197,11.82000,21.75785,25.01691,91.65730
11-1,1783321135.592700,2026-07-06T13:58:55.592700,5.09093,1.28666,6.55030,13.12000,24.32178,5.06036,1.24931,6.32194,12.70000,24.12441,5.03764,1.24540,6.27387,12.32000,23.36914,5.08765,0.96390,4.90397,9.76000,22.24857,24.05008,94.06389
11-1,1783321135.692820,2026-07-06T13:58:55.692820,5.09453,0.85403,4.35088,8.71000,24.75739,5.07639,0.89529,4.54485,9.10000,24.57943,5.05937,0.86038,4.35297,8.51000,23.80495,5.08365,0.96390,4.90011,9.76000,22.73916,18.14881,95.88094
11-1,1783321135.792939,2026-07-06T13:58:55.792939,5.09464,0.85208,4.34102,8.69000,25.19201,5.06444,0.89431,4.52920,9.09000,25.03289,5.04035,0.91385,4.60611,9.04000,24.26611,5.08282,0.82253,4.18079,8.33000,23.15774,17.65712,97.64876
11-1,1783321135.893057,2026-07-06T13:58:55.893057,5.07141,1.27787,6.48061,13.03000,25.84084,5.06044,0.89431,4.52562,9.09000,25.48599,5.04435,0.91385,4.60976,9.04000,24.72763,5.06544,1.16532,5.90285,11.80000,23.74872,21.51884,99.80319
11-1,1783321135.993178,2026-07-06T13:58:55.993178,5.08741,1.27787,6.50106,13.03000,26.49173,5.05169,1.26420,6.38634,12.85000,26.12539,5.02958,1.24638,6.26875,12.33000,25.35526,5.07329,1.16825,5.92687,11.83000,24.34212,25.08302,102.31451
11-1,1783321136.093296,2026-07-06T13:58:56.093296,5.09141,1.27787,6.50617,13.03000,27.14312,5.05164,1.26518,6.39121,12.86000,26.76527,5.02975,1.24345,6.25422,12.30000,25.98143,5.07329,1.16825,5.92687,11.83000,24.93551,25.07847,104.82533
11-1,1783321136.193415,2026-07-06T13:58:56.193415,5.09083,1.28861,6.56011,13.14000,27.79991,5.05601,1.25712,6.35600,12.78000,27.40163,5.02164,1.24540,6.25395,12.32000,26.60756,5.07019,1.15043,5.83288,11.65000,25.51949,25.00294,107.32859
11-1,1783321136.293533,2026-07-06T13:58:56.293533,5.09083,1.28861,6.56011,13.14000,28.45669,5.05201,1.25712,6.35097,12.78000,28.03747,5.02164,1.24540,6.25395,12.32000,27.23370,5.07729,1.16825,5.93154,11.83000,26.11335,25.09657,109.84121
11-1,1783321136.393650,2026-07-06T13:58:56.393650,5.08283,1.28861,6.54980,13.14000,29.11244,5.04742,1.27006,6.41052,12.91000,28.67927,5.02706,1.22025,6.13428,12.07000,27.84784,5.07714,1.17118,5.94624,11.86000,26.70867,25.04084,112.34822
11-1,1783321136.493769,2026-07-06T13:58:56.493769,5.08251,1.29447,6.57917,13.20000,29.77114,5.04876,1.24052,6.26307,12.61000,29.30633,5.02564,1.24540,6.25893,12.32000,28.47448,5.07359,1.16239,5.89748,11.77000,27.29912,24.99865,114.85107
11-1,1783321136.593887,2026-07-06T13:58:56.593887,5.08320,1.28178,6.51553,13.07000,30.42346,5.05547,1.26908,6.41580,12.90000,29.94867,5.03335,1.25053,6.29434,12.37000,29.10466,5.08159,1.16239,5.90678,11.77000,27.89049,25.13245,117.36728
11-1,1783321136.694005,2026-07-06T13:58:56.694005,5.08661,1.29252,6.57455,13.18000,31.08169,5.05147,1.26908,6.41072,12.90000,30.59049,5.03335,1.25053,6.29434,12.37000,29.73484,5.07314,1.17118,5.94156,11.86000,28.48535,25.22117,119.89238
11-1,1783321136.794121,2026-07-06T13:58:56.794121,5.09461,1.29252,6.58489,13.18000,31.74095,5.05524,1.27396,6.44020,12.95000,31.23526,5.02678,1.22514,6.15849,12.12000,30.35140,5.07304,1.17313,5.95135,11.88000,29.08118,25.13493,122.40878
11-1,1783321136.894238,2026-07-06T13:58:56.894238,5.09072,1.29057,6.56991,13.16000,32.39870,5.05586,1.26029,6.37187,12.81000,31.87319,5.02530,1.25150,6.28917,12.38000,30.98105,5.07704,1.17313,5.95604,11.88000,29.67747,25.18699,124.93042
11-1,1783321136.994357,2026-07-06T13:58:56.994357,5.09051,1.29447,6.58952,13.20000,33.05844,5.05951,1.26811,6.41599,12.89000,32.51555,5.02524,1.25248,6.29401,12.39000,31.61120,5.06904,1.17313,5.94666,11.88000,30.27285,25.24618,127.45804
11-1,1783321137.094476,2026-07-06T13:58:57.094476,5.09099,1.28568,6.54540,13.11000,33.71376,5.05551,1.26811,6.41092,12.89000,33.15741,5.02924,1.25248,6.29902,12.39000,32.24185,5.07319,1.17020,5.93666,11.85000,30.86722,25.19200,129.98024
11-1,1783321137.194594,2026-07-06T13:58:57.194594,5.08651,1.29447,6.58435,13.20000,34.37297,5.06747,1.26908,6.43103,12.90000,33.80127,5.02660,1.22831,6.17422,12.15000,32.86001,5.07294,1.17508,5.96114,11.90000,31.46404,25.15074,132.49830
11-1,1783321137.294712,2026-07-06T13:58:57.294712,5.08651,1.29447,6.58435,13.20000,35.03218,5.04858,1.24442,6.28257,12.65000,34.43027,5.02791,1.20511,6.05921,11.92000,33.46664,5.08085,1.01907,5.17777,10.32000,31.98243,24.10390,134.91153
11-1,1783321137.394830,2026-07-06T13:58:57.394830,5.08280,1.14237,5.80644,11.65000,35.61351,5.04841,1.24833,6.30207,12.69000,35.06122,5.02986,1.24149,6.24454,12.28000,34.09183,5.07285,1.01907,5.16961,10.32000,32.50000,23.52266,137.26657
11-1,1783321137.494949,2026-07-06T13:58:57.494949,5.07541,1.27787,6.48572,13.03000,36.26286,5.05129,1.27299,6.43023,12.69000,35.70501,5.02906,1.25565,6.31476,12.42000,34.72406,5.07359,1.16239,5.89748,11.77000,33.09045,25.12819,139.78237
11-1,1783321137.595068,2026-07-06T13:58:57.595068,5.07483,1.28861,6.53949,13.14000,36.91758,5.05129,1.27299,6.43023,12.94000,36.34879,5.02106,1.25565,6.30471,12.42000,35.35528,5.07283,1.17728,5.97216,11.92000,33.68837,25.24659,142.31002
12-1,1783321137.695152,2026-07-06T13:58:57.695152,5.09483,1.28861,6.56526,13.14000,0.65708,5.05542,1.27006,6.42068,12.91000,0.64261,5.02535,1.25053,6.28433,12.37000,0.62896,5.07509,1.13285,5.74930,11.47000,0.57541,25.01957,2.50406
12-1,1783321137.795270,2026-07-06T13:58:57.795270,5.08993,1.23173,6.26940,12.56000,1.28476,5.05279,1.32817,6.71094,13.50000,1.31450,5.02273,1.29691,6.51405,12.83000,1.28114,5.06199,1.23344,6.24364,12.49000,1.20052,25.73803,5.08091
12-1,1783321137.895391,2026-07-06T13:58:57.895391,5.08218,1.37382,6.98200,14.01000,1.98380,5.06046,1.07035,5.41644,10.88000,1.85679,5.03545,1.07157,5.39582,10.60000,1.82137,5.08199,1.23344,6.26831,12.49000,1.82810,24.06257,7.49007
12-1,1783321137.995510,2026-07-06T13:58:57.995510,5.10575,1.08841,5.55716,11.10000,2.54018,5.04446,1.07035,5.39932,10.88000,2.39737,5.02345,1.07157,5.38296,10.60000,2.36031,5.07891,0.82058,4.16766,8.31000,2.24537,20.50710,9.54323
12-1,1783321138.095629,2026-07-06T13:58:58.095629,5.09375,1.08841,5.54410,11.10000,3.09525,5.05338,1.22684,6.19971,12.47000,3.01808,5.02831,1.19803,6.02409,11.85000,2.96344,5.06210,1.15238,5.83345,11.67000,2.82941,23.60135,11.90618
12-1,1783321138.195746,2026-07-06T13:58:58.195746,5.08566,1.23661,6.28898,12.61000,3.72489,5.05263,1.24345,6.28267,12.64000,3.64708,5.02604,1.23832,6.22384,12.25000,3.58655,5.07819,1.15043,5.84209,11.65000,3.41430,24.63758,14.37282
12-1,1783321138.295865,2026-07-06T13:58:58.295865,5.08449,1.25810,6.39677,12.83000,4.36532,5.04810,1.25517,6.33619,12.76000,4.28145,5.03438,1.23222,6.20344,12.19000,4.20763,5.07819,1.15043,5.84209,11.65000,3.99920,24.77849,16.85361
12-1,1783321138.395983,2026-07-06T13:58:58.395983,5.08481,1.25224,6.36738,12.77000,5.00282,5.05210,1.25517,6.34122,12.76000,4.91633,5.02638,1.23222,6.19359,12.19000,4.82772,5.08210,1.15238,5.85650,11.67000,4.58555,24.75869,19.33241
12-1,1783321138.496101,2026-07-06T13:58:58.496101,5.10653,0.85403,4.36113,8.71000,5.43944,5.06035,0.89627,4.53542,9.11000,5.37040,5.04737,0.86038,4.34265,8.51000,5.26250,5.09870,0.82473,4.20507,8.35000,5.00655,17.44427,21.07889
12-1,1783321138.596219,2026-07-06T13:58:58.596219,5.09453,0.85403,4.35088,8.71000,5.87504,5.06039,0.89529,4.53052,9.10000,5.82399,5.04737,0.86038,4.34265,8.51000,5.69727,5.08586,0.84133,4.27891,8.52000,5.43494,17.50296,22.83125
12-1,1783321138.696337,2026-07-06T13:58:58.696337,5.08972,1.16214,5.91500,11.85000,6.46724,5.04072,1.24149,6.25801,12.62000,6.45053,5.01431,1.23344,6.18484,12.20000,6.31649,5.08186,0.84133,4.27555,8.52000,5.86300,22.63340,25.09726
12-1,1783321138.796455,2026-07-06T13:58:58.796455,5.08572,1.23563,6.28408,12.60000,7.09639,5.05272,1.24149,6.27291,12.62000,7.07856,5.02631,1.23344,6.19964,12.20000,6.93719,5.07784,1.15751,5.87763,11.72000,6.45146,24.63426,27.56360
12-1,1783321138.896574,2026-07-06T13:58:58.896574,5.08401,1.26688,6.44085,12.92000,7.74124,5.05623,1.25224,6.33159,12.73000,7.71247,5.02666,1.22733,6.16938,12.14000,7.55485,5.07798,1.15458,5.86292,11.69000,7.03845,24.80474,30.04701
12-1,1783321138.996690,2026-07-06T13:58:58.996690,5.08401,1.26688,6.44085,12.92000,8.38607,5.05645,1.24735,6.30718,12.68000,8.34392,5.02689,1.22318,6.14881,12.10000,8.17045,5.07784,1.15751,5.87763,11.72000,7.62689,24.77447,32.52734
12-1,1783321139.096808,2026-07-06T13:58:59.096808,5.08508,1.24735,6.34288,12.72000,9.02111,5.05272,1.24149,6.27291,12.62000,8.97195,5.02649,1.23026,6.18391,12.17000,8.78957,5.07398,1.15458,5.85830,11.69000,8.21341,24.65800,34.99604
12-1,1783321139.196927,2026-07-06T13:58:59.196927,5.08454,1.25712,6.39187,12.82000,9.66106,5.05272,1.24149,6.27291,12.62000,9.59999,5.03049,1.23026,6.18883,12.17000,9.40919,5.07398,1.15458,5.85830,11.69000,8.79994,24.71191,37.47018
12-1,1783321139.297043,2026-07-06T13:58:59.297043,5.08529,1.24345,6.32328,12.68000,10.29412,5.06032,1.16190,5.87959,11.81000,10.18863,5.03351,1.10599,5.56701,10.94000,9.96654,5.08705,1.05472,5.36541,10.68000,9.33711,23.13529,39.78640
12-1,1783321139.397161,2026-07-06T13:58:59.397161,5.08529,1.24345,6.32328,12.68000,10.92719,5.07235,0.89627,4.54618,9.11000,10.64379,5.04737,0.86038,4.34265,8.51000,10.40132,5.09877,0.82351,4.19889,8.34000,9.75749,19.41100,41.72979
12-1,1783321139.497280,2026-07-06T13:58:59.497280,5.09448,0.85501,4.35581,8.72000,11.36329,5.05736,0.96219,4.86613,9.78000,11.13098,5.04343,0.85940,4.33433,8.50000,10.83526,5.08330,0.89187,4.53366,9.03000,10.21140,18.08993,43.54093
12-1,1783321139.597399,2026-07-06T13:58:59.597399,5.07414,1.22782,6.23014,12.52000,11.98705,5.05736,0.96219,4.86613,9.78000,11.61817,5.03543,0.85940,4.32745,8.50000,11.26852,5.07930,0.89187,4.53009,9.03000,10.66494,19.95381,45.53868
12-1,1783321139.697517,2026-07-06T13:58:59.697517,5.09136,1.27885,6.51107,13.04000,12.63893,5.05302,1.23466,6.23875,12.55000,12.24278,5.03020,1.23539,6.21426,12.22000,11.89069,5.07489,1.13675,5.76890,11.51000,11.24252,24.73298,48.01491
12-1,1783321139.797635,2026-07-06T13:58:59.797635,5.08736,1.27885,6.50596,13.04000,13.29029,5.05173,1.26322,6.38146,12.84000,12.88168,5.03118,1.21805,6.12826,12.05000,12.50423,5.07369,1.16044,5.88769,11.75000,11.83198,24.90337,50.50818
12-1,1783321139.897753,2026-07-06T13:58:59.897753,5.08422,1.26298,6.42126,12.88000,13.93317,5.05178,1.26225,6.37658,12.83000,13.52009,5.02564,1.24540,6.25893,12.32000,13.13086,5.07469,1.14066,5.78849,11.55000,12.41151,24.84526,52.99563
12-1,1783321139.997873,2026-07-06T13:58:59.997873,5.08715,1.28275,6.52556,13.08000,14.58651,5.05178,1.26225,6.37658,12.83000,14.15851,5.02964,1.24540,6.26391,12.32000,13.75800,5.07469,1.14066,5.78849,11.55000,12.99105,24.95454,55.49408
12-1,1783321140.097991,2026-07-06T13:59:00.097991,5.08699,1.28568,6.54026,13.11000,15.24131,5.05302,1.23466,6.23875,12.55000,14.78312,5.02992,1.24052,6.23969,12.27000,14.38271,5.07759,1.16239,5.90213,11.77000,13.58196,24.92083,57.98910
12-1,1783321140.198109,2026-07-06T13:59:00.198109,5.08752,1.27592,6.49126,13.01000,15.89120,5.05182,1.26127,6.37170,12.82000,15.42105,5.03009,1.23734,6.22395,12.24000,15.00584,5.07834,1.14750,5.82738,11.62000,14.16539,24.91429,60.48348
12-1,1783321140.298229,2026-07-06T13:59:00.298229,5.08752,1.27592,6.49126,13.01000,16.54110,5.05685,1.23856,6.26323,12.59000,16.04812,5.02986,1.24149,6.24454,12.28000,15.63104,5.07349,1.16434,5.90728,11.79000,14.75682,24.90631,62.97709
12-1,1783321140.398344,2026-07-06T13:59:00.398344,5.08736,1.27885,6.50596,13.04000,17.19245,5.05285,1.23856,6.25827,12.59000,16.67467,5.02586,1.24149,6.23957,12.28000,16.25572,5.07349,1.16434,5.90728,11.79000,15.34823,24.91108,65.47106
12-1,1783321140.498462,2026-07-06T13:59:00.498462,5.08812,1.26493,6.43612,12.90000,17.83682,5.05178,1.26225,6.37658,12.83000,17.31308,5.03009,1.23734,6.22395,12.24000,16.87885,5.07749,1.16434,5.91194,11.79000,15.94013,24.94859,67.96888
12-1,1783321140.598580,2026-07-06T13:59:00.598580,5.08982,1.23368,6.27921,12.58000,18.46548,5.05557,1.17850,5.95800,11.98000,17.90958,5.03386,1.17069,5.89309,11.58000,17.46885,5.07289,1.09720,5.56599,11.11000,16.49738,23.69629,70.34130
12-1,1783321140.698700,2026-07-06T13:59:00.698700,5.09382,1.23368,6.28415,12.58000,19.09465,5.05294,1.23661,6.24851,12.57000,18.53518,5.03060,1.22831,6.17914,12.15000,18.08751,5.06969,1.16044,5.88305,11.75000,17.08639,24.59485,72.80373
12-1,1783321140.798818,2026-07-06T13:59:00.798818,5.08741,1.27787,6.50106,13.03000,19.74553,5.05294,1.23661,6.24851,12.57000,19.16077,5.02569,1.24442,6.25409,12.31000,18.71366,5.07739,1.16630,5.92174,11.81000,17.67927,24.92540,75.29922
12-1,1783321140.898938,2026-07-06T13:59:00.898938,5.08709,1.28373,6.53046,13.09000,20.39935,5.04773,1.26322,6.37641,12.84000,19.79918,5.02169,1.24442,6.24911,12.31000,19.33932,5.07739,1.16630,5.92174,11.81000,18.27215,25.07772,77.80999
12-1,1783321140.999056,2026-07-06T13:59:00.999056,5.08763,1.27396,6.48145,12.99000,21.04827,5.04876,1.24052,6.26307,12.61000,20.42623,5.02718,1.21805,6.12338,12.05000,19.95238,5.07324,1.16923,5.93176,11.84000,18.86603,24.79966,80.29290
12-1,1783321141.099175,2026-07-06T13:59:01.099175,5.08763,1.27396,6.48145,12.99000,21.69718,5.05450,1.20219,6.07644,12.22000,21.03459,5.02564,1.24540,6.25893,12.32000,20.57901,5.07444,1.14554,5.81299,11.60000,19.44802,24.62981,82.75880
12-1,1783321141.199292,2026-07-06T13:59:01.199292,5.08966,1.23661,6.29393,12.61000,22.32731,5.04650,1.20219,6.06682,12.22000,21.64199,5.02569,1.24442,6.25409,12.31000,21.20516,5.06939,1.16630,5.91241,11.81000,20.03995,24.52725,85.21441
12-1,1783321141.299410,2026-07-06T13:59:01.299410,5.08336,1.27885,6.50084,13.04000,22.97816,5.05160,1.26615,6.39609,12.87000,22.28235,5.02569,1.24442,6.25409,12.31000,21.83130,5.07339,1.16630,5.91707,11.81000,20.63235,25.06809,87.72416
12-1,1783321141.399529,2026-07-06T13:59:01.399529,5.08379,1.27103,6.46167,12.96000,23.62510,5.05182,1.26127,6.37170,12.82000,22.92028,5.02975,1.24345,6.25422,12.30000,22.45747,5.07339,1.16630,5.91707,11.81000,21.22477,25.00466,90.22761
12-1,1783321141.499648,2026-07-06T13:59:01.499648,5.08293,1.28666,6.54001,13.12000,24.27988,5.05551,1.26811,6.41092,12.89000,23.56213,5.02958,1.24638,6.26875,12.33000,23.08509,5.07329,1.16825,5.92687,11.83000,21.81816,25.14655,92.74526
12-1,1783321141.599767,2026-07-06T13:59:01.599767,5.08293,1.28666,6.54001,13.12000,24.93466,5.05151,1.26811,6.40585,12.89000,24.20348,5.02552,1.24760,6.26982,12.34000,23.71282,5.07324,1.16923,5.93176,11.84000,22.41204,25.14744,95.26299
12-1,1783321141.699886,2026-07-06T13:59:01.699886,5.09260,1.25614,6.39702,12.81000,25.57512,5.05142,1.27006,6.41560,12.91000,24.84580,5.02152,1.24760,6.26483,12.34000,24.34005,5.07724,1.16923,5.93644,11.84000,23.00639,25.01389,97.76736
12-1,1783321141.800005,2026-07-06T13:59:01.800005,5.09377,1.23466,6.28906,12.59000,26.20478,5.05552,1.17948,5.96289,11.99000,25.44280,5.03156,1.14042,5.73808,11.28000,24.91454,5.07745,1.08621,5.51520,11.00000,23.55857,23.50523,100.12069
12-1,1783321141.900124,2026-07-06T13:59:01.900124,5.09168,1.27299,6.48165,12.98000,26.85371,5.05133,1.27201,6.42535,12.93000,26.08610,5.02558,1.24638,6.26377,12.33000,25.54166,5.07319,1.17020,5.93666,11.85000,24.15294,25.10743,102.63441
12-1,1783321142.000241,2026-07-06T13:59:02.000241,5.09168,1.27299,6.48165,12.98000,27.50263,5.05533,1.27201,6.43044,12.93000,26.72989,5.03095,1.22221,6.14885,12.09000,26.15726,5.07319,1.17020,5.93666,11.85000,24.74730,24.99760,105.13709
12-1,1783321142.100359,2026-07-06T13:59:02.100359,5.08336,1.27885,6.50084,13.04000,28.15349,5.05160,1.26615,6.39609,12.87000,27.37026,5.03495,1.22221,6.15374,12.09000,26.77337,5.07484,1.13773,5.77380,11.52000,25.32536,24.82447,107.62247
12-1,1783321142.200480,2026-07-06T13:59:02.200480,5.08325,1.28080,6.51063,13.06000,28.80533,5.05182,1.26127,6.37170,12.82000,28.00820,5.02186,1.24149,6.23460,12.28000,27.39758,5.07484,1.13773,5.77380,11.52000,25.90344,24.89073,110.11455
12-1,1783321142.300598,2026-07-06T13:59:02.300598,5.08635,1.29740,6.59904,13.23000,29.46602,5.05107,1.27787,6.45461,12.99000,28.65442,5.02112,1.25468,6.29988,12.41000,28.02831,5.07374,1.15946,5.88279,11.74000,26.49241,25.23632,112.64116
12-1,1783321142.400717,2026-07-06T13:59:02.400717,5.08235,1.29740,6.59385,13.23000,30.12619,5.04707,1.27787,6.44950,12.99000,29.30014,5.02535,1.25053,6.28433,12.37000,28.65749,5.07314,1.17118,5.94156,11.86000,27.08728,25.26924,115.17109
12-1,1783321142.500839,2026-07-06T13:59:02.500839,5.07872,1.29057,6.55443,13.16000,30.78243,5.05569,1.26420,6.39139,12.85000,29.94006,5.02135,1.25053,6.27933,12.37000,29.28619,5.07299,1.17411,5.95624,11.89000,27.68362,25.18139,117.69230
12-1,1783321142.600958,2026-07-06T13:59:02.600958,5.07829,1.29838,6.59355,13.24000,31.44257,5.05538,1.27103,6.42556,12.92000,30.58338,5.02524,1.25248,6.29401,12.39000,29.91634,5.07299,1.17411,5.95624,11.89000,28.27996,25.26936,120.22224
12-1,1783321142.701078,2026-07-06T13:59:02.701078,5.08277,1.28959,6.55469,13.15000,32.09883,5.05133,1.27201,6.42535,12.93000,31.22669,5.02558,1.24638,6.26377,12.33000,30.54347,5.07704,1.17313,5.95604,11.88000,28.87628,25.19985,122.74526
12-1,1783321142.801197,2026-07-06T13:59:02.801197,5.09088,1.28764,6.55520,13.13000,32.75513,5.05533,1.27201,6.43044,12.93000,31.87050,5.02924,1.25248,6.29902,12.39000,31.17412,5.07688,1.17631,5.97197,11.91000,29.47419,25.25663,125.27393
12-1,1783321142.901316,2026-07-06T13:59:02.901316,5.09488,1.28764,6.56035,13.13000,33.41194,5.05120,1.27494,6.43998,12.96000,32.51526,5.02924,1.25248,6.29902,12.39000,31.80477,5.07344,1.16532,5.91217,11.80000,30.06611,25.21152,127.79808
12-1,1783321143.001435,2026-07-06T13:59:03.001435,5.10283,1.28861,6.57557,13.14000,34.07028,5.05147,1.26908,6.41072,12.90000,33.15709,5.04112,1.25468,6.32497,12.41000,32.43802,5.07344,1.16532,5.91217,11.80000,30.65803,25.22343,130.32342
12-1,1783321143.101552,2026-07-06T13:59:03.101552,5.12636,0.85720,4.39434,8.74000,34.51023,5.08030,0.89724,4.55827,9.12000,33.61345,5.06337,0.86038,4.35641,8.51000,32.87417,5.08136,0.93020,4.72670,9.42000,31.13125,18.03572,132.12910
12-1,1783321143.201671,2026-07-06T13:59:03.201671,5.09103,0.99149,5.04769,10.11000,35.01560,5.06030,0.89724,4.54033,9.12000,34.06803,5.04337,0.93118,4.69629,9.21000,33.34436,5.07477,0.82351,4.17913,8.34000,31.54966,18.46344,133.97765
12-1,1783321143.301802,2026-07-06T13:59:03.301802,5.09903,0.99149,5.05562,10.11000,35.52182,5.05766,1.13236,5.72708,11.51000,34.64148,5.04337,0.93118,4.69629,9.21000,33.81460,5.05694,1.17508,5.94234,11.90000,32.14467,21.42133,136.12258
12-1,1783321143.401921,2026-07-06T13:59:03.401921,5.08336,1.27885,6.50084,13.04000,36.17268,5.05124,1.27396,6.43511,12.95000,35.28576,5.03301,1.25663,6.32463,12.43000,34.44782,5.07339,1.16630,5.91707,11.81000,32.73708,25.17765,138.64335
12-1,1783321143.502039,2026-07-06T13:59:03.502039,5.08240,1.29643,6.58896,13.22000,36.83235,5.04711,1.27689,6.44463,12.98000,35.93098,5.03409,1.23734,6.22890,12.24000,35.07144,5.07739,1.16630,5.92174,11.81000,33.32995,25.18423,141.16473
12-1,1783321143.602157,2026-07-06T13:59:03.602157,5.08315,1.28275,6.52043,13.08000,37.48517,5.05111,1.27689,6.44974,12.98000,36.57672,5.02501,1.25663,6.31457,12.43000,35.70365,5.07694,1.17508,5.96584,11.90000,33.92724,25.25058,143.69278
12-1,1783321143.702275,2026-07-06T13:59:03.702275,5.09515,1.28275,6.53582,13.08000,38.13952,5.06294,1.28080,6.48461,13.02000,37.22594,5.02101,1.25663,6.30955,12.43000,36.33535,5.07683,1.17728,5.97686,11.92000,34.52563,25.30684,146.22644
13-1,1783321143.902522,2026-07-06T13:59:03.902522,5.08699,1.21220,6.16643,12.36000,0.61742,5.05845,1.29154,6.53321,13.13000,0.65414,5.01986,1.20609,6.05441,11.93000,0.60620,5.06864,1.18119,5.98701,11.96000,0.59945,24.74106,2.47722
13-1,1783321144.002641,2026-07-06T13:59:04.002641,5.08240,1.29643,6.58896,13.22000,1.27710,5.05045,1.29154,6.52287,13.13000,1.30721,5.02273,1.29691,6.51405,12.83000,1.25839,5.07409,1.23148,6.24865,12.47000,1.22506,25.87453,5.06776
13-1,1783321144.102760,2026-07-06T13:59:04.102760,5.08733,1.20609,6.13578,12.30000,1.89141,5.06075,1.32914,6.72645,13.51000,1.98065,5.04126,0.89773,4.52570,8.88000,1.71149,5.07178,1.27689,6.47613,12.93000,1.87345,23.86406,7.45700
13-1,1783321144.202879,2026-07-06T13:59:04.202879,5.08733,1.20609,6.13578,12.30000,2.50572,5.08160,0.86868,4.41428,8.83000,2.42261,5.04126,0.89773,4.52570,8.88000,2.16460,5.09046,0.90847,4.62456,9.20000,2.33645,19.70032,9.42938
13-1,1783321144.302998,2026-07-06T13:59:04.302998,5.08518,1.24540,6.33308,12.70000,3.13978,5.03618,1.25321,6.31141,12.74000,3.05450,5.02615,1.23637,6.21416,12.23000,2.78676,5.08246,0.90847,4.61729,9.20000,2.79873,23.47594,11.77977
13-1,1783321144.403118,2026-07-06T13:59:04.403118,5.08396,1.26786,6.44575,12.93000,3.78513,5.05218,1.25321,6.33146,12.74000,3.68841,5.02798,1.20389,6.05316,11.91000,3.39280,5.07810,1.15238,5.85189,11.67000,3.38463,24.68226,14.25097
13-1,1783321144.503237,2026-07-06T13:59:04.503237,5.08768,1.27299,6.47655,12.98000,4.43356,5.04938,1.22684,6.19480,12.47000,4.30863,5.03015,1.23637,6.21911,12.23000,4.01545,5.07834,1.14750,5.82738,11.62000,3.96806,24.71784,16.72570
13-1,1783321144.603356,2026-07-06T13:59:04.603356,5.09168,1.27299,6.48165,12.98000,5.08249,5.04814,1.25419,6.33132,12.75000,4.94251,5.02615,1.23637,6.21416,12.23000,4.63761,5.07389,1.15653,5.86810,11.71000,4.55557,24.89523,19.21818
13-1,1783321144.703475,2026-07-06T13:59:04.703475,5.09579,1.27103,6.47692,12.96000,5.73095,5.05576,1.08597,5.49040,11.04000,5.49220,5.03420,1.23539,6.21920,12.22000,5.26027,5.09021,0.83450,4.24777,8.45000,4.98085,22.43429,21.46427
13-1,1783321144.803593,2026-07-06T13:59:04.803593,5.11853,0.85403,4.37138,8.71000,6.16861,5.05576,1.08597,5.49040,11.04000,6.04189,5.05526,0.86233,4.35931,8.53000,5.69671,5.08621,0.83450,4.24443,8.45000,5.40579,18.46552,23.31300
13-1,1783321144.903713,2026-07-06T13:59:04.903713,5.08147,1.09354,5.55678,11.15000,6.72495,5.05635,0.89627,4.53184,9.11000,6.49562,5.03094,1.15140,5.79264,11.39000,6.27667,5.07870,0.82473,4.18857,8.35000,5.82515,20.06983,25.32238
13-1,1783321145.003831,2026-07-06T13:59:05.003831,5.09747,1.09354,5.57428,11.15000,7.28303,5.04014,1.25419,6.32129,12.75000,7.12849,5.03094,1.15140,5.79264,11.39000,6.85662,5.06239,1.14652,5.80413,11.61000,6.40625,23.49234,27.67439
13-1,1783321145.103949,2026-07-06T13:59:05.103949,5.08747,1.27689,6.49616,13.02000,7.93342,5.06005,1.25614,6.35614,12.77000,7.76486,5.03135,1.21512,6.11372,12.02000,7.46871,5.07369,1.16044,5.88769,11.75000,6.99571,24.85371,30.16271
13-1,1783321145.204067,2026-07-06T13:59:05.204067,5.08763,1.27396,6.48145,12.99000,8.58233,5.05605,1.25614,6.35112,12.77000,8.40072,5.02998,1.23930,6.23364,12.26000,8.09281,5.07369,1.16044,5.88769,11.75000,7.58518,24.95390,32.66104
13-1,1783321145.304189,2026-07-06T13:59:05.304189,5.08736,1.27885,6.50596,13.04000,9.23372,5.05289,1.23759,6.25339,12.58000,9.02682,5.02998,1.23930,6.23364,12.26000,8.71693,5.07069,1.14066,5.78393,11.55000,8.16427,24.77692,35.14175
13-1,1783321145.404306,2026-07-06T13:59:05.404306,5.08336,1.27885,6.50084,13.04000,9.88456,5.05586,1.26029,6.37187,12.81000,9.66475,5.02598,1.23930,6.22868,12.26000,9.34053,5.06964,1.16141,5.88794,11.76000,8.75376,24.98933,37.64361
13-1,1783321145.504425,2026-07-06T13:59:05.504425,5.08796,1.26786,6.45082,12.93000,10.53041,5.05627,1.25126,6.32671,12.72000,10.29818,5.02758,1.21097,6.08827,11.98000,9.95008,5.07474,1.13968,5.78360,11.54000,9.33281,24.64940,40.11148
13-1,1783321145.604544,2026-07-06T13:59:05.604544,5.08341,1.27787,6.49595,13.03000,11.18078,5.04823,1.25224,6.32157,12.73000,10.93109,5.02615,1.23637,6.21416,12.23000,10.57224,5.07074,1.13968,5.77904,11.54000,9.91140,24.81072,42.59550
13-1,1783321145.704663,2026-07-06T13:59:05.704663,5.08363,1.27396,6.47636,12.99000,11.82919,5.05223,1.25224,6.32658,12.73000,11.56449,5.03089,1.22318,6.15370,12.10000,11.18834,5.07349,1.16434,5.90728,11.79000,10.50283,24.86392,45.08485
13-1,1783321145.804782,2026-07-06T13:59:05.804782,5.08720,1.28178,6.52066,13.07000,12.48203,5.05186,1.26029,6.36683,12.81000,12.20194,5.03089,1.22318,6.15370,12.10000,11.80445,5.07464,1.14164,5.79339,11.56000,11.08286,24.83458,47.57128
14-1,1783321145.904933,2026-07-06T13:59:05.904933,5.08720,1.28178,6.52066,13.07000,0.65305,5.05361,1.22172,6.17408,12.42000,0.61834,5.02969,1.24442,6.25907,12.31000,0.62685,5.07219,1.11112,5.63580,11.25000,0.56443,24.58961,2.46266
14-1,1783321146.005050,2026-07-06T13:59:06.005050,5.09030,1.22489,6.23506,12.49000,1.27729,5.04507,1.32206,6.66989,13.44000,1.28611,5.02666,1.29814,6.52529,12.84000,1.28014,5.06199,1.23344,6.24364,12.49000,1.18953,25.67388,5.03307
14-1,1783321146.105170,2026-07-06T13:59:06.105170,5.08635,1.29740,6.59904,13.23000,1.93798,5.04907,1.32206,6.67518,13.44000,1.95443,5.02553,1.31816,6.62443,13.04000,1.94338,5.06999,1.23344,6.25351,12.49000,1.81562,26.15216,7.65141
14-1,1783321146.205288,2026-07-06T13:59:06.205288,5.09703,1.17484,5.98820,11.98000,2.53751,5.04533,1.22782,6.19477,12.48000,2.57464,5.03753,1.31816,6.64025,13.04000,2.60819,5.07140,1.12674,5.71416,11.41000,2.38772,24.53738,10.10805
14-1,1783321146.305408,2026-07-06T13:59:06.305408,5.08503,1.17484,5.97410,11.98000,3.13563,5.04801,1.16874,5.89979,11.88000,3.16532,5.04446,0.84109,4.24284,8.32000,3.03298,5.07399,1.07547,5.45694,10.89000,2.93406,21.57367,12.26800
14-1,1783321146.405527,2026-07-06T13:59:06.405527,5.08481,1.25224,6.36738,12.77000,3.77313,5.05614,1.25419,6.34135,12.75000,3.80021,5.02471,1.19095,5.98420,11.78000,3.63211,5.07789,1.15653,5.87272,11.71000,3.52203,24.56565,14.72749
14-1,1783321146.505645,2026-07-06T13:59:06.505645,5.08449,1.25810,6.39677,12.83000,4.41356,5.05614,1.25419,6.34135,12.75000,4.43510,5.03038,1.23222,6.19852,12.19000,4.25270,5.07789,1.15653,5.87272,11.71000,4.11000,24.80936,17.21136
14-1,1783321146.605764,2026-07-06T13:59:06.605764,5.08806,1.26591,6.44102,12.91000,5.05843,5.05627,1.16288,5.87983,11.82000,5.02378,5.03038,1.23222,6.19852,12.19000,4.87329,5.07500,1.05570,5.35766,10.69000,4.64640,23.87703,19.60189
14-1,1783321146.705884,2026-07-06T13:59:06.705884,5.08406,1.26591,6.43596,12.91000,5.70280,5.05338,1.22684,6.19971,12.47000,5.64449,5.02638,1.23222,6.19359,12.19000,5.49339,5.06998,1.15458,5.85368,11.69000,5.23247,24.68294,22.07315
14-1,1783321146.806002,2026-07-06T13:59:06.806002,5.08812,1.26493,6.43612,12.90000,6.34717,5.05210,1.25517,6.34122,12.76000,6.27936,5.02764,1.21000,6.08343,11.97000,6.10245,5.07805,1.15336,5.85679,11.68000,5.81884,24.71756,24.54783
14-1,1783321146.906121,2026-07-06T13:59:06.906121,5.08741,1.27787,6.50106,13.03000,6.99805,5.05610,1.25517,6.34624,12.76000,6.91474,5.02204,1.23832,6.21889,12.25000,6.72508,5.07405,1.15336,5.85218,11.68000,6.40476,24.91837,27.04263
14-1,1783321147.006238,2026-07-06T13:59:07.006238,5.08833,1.26102,6.41651,12.86000,7.64045,5.04805,1.25614,6.34107,12.77000,7.54959,5.02604,1.23832,6.22384,12.25000,7.34819,5.07379,1.15848,5.87789,11.73000,6.99323,24.85931,29.53146
14-1,1783321147.106355,2026-07-06T13:59:07.106355,5.08352,1.27592,6.48615,13.01000,8.28983,5.04911,1.23270,6.22406,12.53000,8.17273,5.02604,1.23832,6.22384,12.25000,7.97131,5.07364,1.16141,5.89259,11.76000,7.58319,24.82664,32.01705
14-1,1783321147.206473,2026-07-06T13:59:07.206473,5.09152,1.27592,6.49636,13.01000,8.94023,5.05178,1.26225,6.37658,12.83000,8.81113,5.02751,1.21220,6.09433,11.99000,8.58146,5.07784,1.15751,5.87763,11.72000,8.17164,24.84490,34.50445
14-1,1783321147.306590,2026-07-06T13:59:07.306590,5.08357,1.27494,6.48126,13.00000,9.58911,5.05578,1.26225,6.38163,12.83000,9.45005,5.02215,1.23637,6.20921,12.23000,9.20311,5.07764,1.16141,5.89723,11.72000,8.76206,24.96933,37.00432
14-1,1783321147.406708,2026-07-06T13:59:07.406708,5.08379,1.27103,6.46167,12.96000,10.23604,5.04801,1.25712,6.34594,12.78000,10.08539,5.03089,1.22318,6.15370,12.10000,9.81920,5.07764,1.16141,5.89723,11.76000,9.35247,24.85854,39.49309
14-1,1783321147.506825,2026-07-06T13:59:07.506825,5.08725,1.28080,6.51576,13.06000,10.88838,5.04907,1.23368,6.22894,12.54000,10.70901,5.03089,1.22318,6.15370,12.10000,10.43529,5.08159,1.16239,5.90678,11.77000,9.94384,24.80518,41.97651
14-1,1783321147.606943,2026-07-06T13:59:07.606943,5.08325,1.28080,6.51063,13.06000,11.54021,5.04778,1.26225,6.37153,12.83000,11.34692,5.02952,1.24760,6.27481,12.34000,11.06351,5.08159,1.16239,5.90678,11.77000,10.53522,25.06375,44.48586
14-1,1783321147.707062,2026-07-06T13:59:07.707062,5.08677,1.28959,6.55985,13.15000,12.19697,5.05578,1.26225,6.38163,12.83000,11.98584,5.02992,1.24052,6.23969,12.27000,11.68822,5.07349,1.16434,5.90728,11.79000,11.12665,25.08845,46.99768
14-1,1783321147.807183,2026-07-06T13:59:07.807183,5.08844,1.25907,6.40671,12.84000,12.83842,5.05267,1.24247,6.27779,12.63000,12.61438,5.02575,1.24345,6.24925,12.30000,12.31391,5.07749,1.16434,5.91194,11.79000,11.71856,24.84569,49.48526
14-1,1783321147.907302,2026-07-06T13:59:07.907302,5.08796,1.26786,6.45082,12.93000,13.48427,5.05164,1.26518,6.39121,12.86000,13.25426,5.02975,1.24345,6.25422,12.30000,12.94007,5.07384,1.15751,5.87300,11.72000,12.30656,24.96925,51.98516
14-1,1783321148.007421,2026-07-06T13:59:08.007421,5.08396,1.26786,6.44575,12.93000,14.12961,5.05582,1.26127,6.37675,12.82000,13.89269,5.02175,1.24345,6.24428,12.30000,13.56524,5.07339,1.16630,5.91707,11.81000,12.89897,24.98385,54.48651
14-1,1783321148.107540,2026-07-06T13:59:08.107540,5.08817,1.26395,6.43122,12.89000,14.77350,5.05182,1.26127,6.37170,12.82000,14.53062,5.02220,1.23539,6.20438,12.22000,14.18642,5.07864,1.14164,5.79796,11.56000,13.47945,24.80526,56.96999
14-1,1783321148.207659,2026-07-06T13:59:08.207659,5.08773,1.27201,6.47165,12.97000,15.42143,5.05178,1.26225,6.37658,12.83000,15.16903,5.02992,1.24052,6.23969,12.27000,14.81113,5.07464,1.14164,5.79339,11.56000,14.05948,24.88131,59.46107
14-1,1783321148.307778,2026-07-06T13:59:08.307778,5.08677,1.28959,6.55985,13.15000,16.07820,5.05182,1.26127,6.37170,12.82000,15.80697,5.02592,1.24052,6.23473,12.27000,15.43535,5.07344,1.16532,5.91217,11.80000,14.65140,25.07845,61.97192
14-1,1783321148.407897,2026-07-06T13:59:08.407897,5.08693,1.28666,6.54515,13.12000,16.73350,5.05160,1.26615,6.39609,12.87000,16.44733,5.02935,1.25053,6.28934,12.37000,16.06503,5.07329,1.16825,5.92687,11.83000,15.24479,25.15745,64.49065
14-1,1783321148.508016,2026-07-06T13:59:08.508016,5.08693,1.28666,6.54515,13.12000,17.38879,5.05160,1.26615,6.39609,12.87000,17.08770,5.02969,1.24442,6.25907,12.31000,16.69168,5.07759,1.16239,5.90213,11.77000,15.83571,25.10244,67.00387
14-1,1783321148.608133,2026-07-06T13:59:08.608133,5.09093,1.28666,6.55030,13.12000,18.04458,5.04773,1.26322,6.37641,12.84000,17.72609,5.02964,1.24540,6.26391,12.32000,17.31880,5.07359,1.16239,5.89748,11.77000,16.42615,25.08810,69.51562
14-1,1783321148.708250,2026-07-06T13:59:08.708250,5.09163,1.27396,6.48655,12.99000,18.69400,5.04751,1.26811,6.40077,12.89000,18.36692,5.02964,1.24540,6.26391,12.32000,17.94593,5.07329,1.16825,5.92687,11.83000,17.01953,25.07810,72.02637
14-1,1783321148.808369,2026-07-06T13:59:08.808369,5.09088,1.28764,6.55520,13.13000,19.35030,5.05155,1.26713,6.40097,12.88000,19.00777,5.03055,1.22929,6.18398,12.16000,18.56506,5.07339,1.16630,5.91707,11.81000,17.61194,25.05722,74.53507
14-1,1783321148.908487,2026-07-06T13:59:08.908487,5.08288,1.28764,6.54490,13.13000,20.00556,5.05155,1.26713,6.40097,12.88000,19.64863,5.02964,1.24540,6.26391,12.32000,19.19219,5.07339,1.16630,5.91707,11.81000,18.20434,25.12685,77.05071
14-1,1783321149.008605,2026-07-06T13:59:09.008605,5.08315,1.28275,6.52043,13.08000,20.65837,5.05155,1.26713,6.40097,12.88000,20.28948,5.03084,1.22416,6.15854,12.11000,19.80877,5.06919,1.17020,5.93198,11.85000,18.79824,25.01192,79.55486
14-1,1783321149.108723,2026-07-06T13:59:09.108723,5.08331,1.27982,6.50574,13.05000,21.30972,5.05223,1.25224,6.32658,12.73000,20.92289,5.03084,1.22416,6.15854,12.11000,20.42535,5.07719,1.17020,5.94134,11.85000,19.39308,24.93220,82.05103
14-1,1783321149.208842,2026-07-06T13:59:09.208842,5.08688,1.28764,6.55005,13.13000,21.96550,5.05151,1.26811,6.40585,12.89000,21.56423,5.02564,1.24540,6.25893,12.32000,21.05199,5.07734,1.16727,5.92664,11.82000,19.98644,25.14147,84.56816
14-1,1783321149.308961,2026-07-06T13:59:09.308961,5.08688,1.28764,6.55005,13.13000,22.62128,5.05151,1.26811,6.40585,12.89000,22.20558,5.02524,1.25248,6.29401,12.39000,21.68214,5.07774,1.15946,5.88743,11.74000,20.57589,25.13734,87.08489
14-1,1783321149.409079,2026-07-06T13:59:09.409079,5.08683,1.28861,6.55495,13.14000,23.27755,5.04876,1.24052,6.26307,12.61000,22.83263,5.03004,1.23832,6.22879,12.25000,22.30575,5.07709,1.17215,5.95114,11.87000,21.17171,24.99795,89.58764
14-1,1783321149.509198,2026-07-06T13:59:09.509198,5.08651,1.29447,6.58435,13.20000,23.93677,5.04751,1.26811,6.40077,12.89000,23.47347,5.03004,1.23832,6.22879,12.25000,22.92938,5.07709,1.17215,5.95114,11.87000,21.76753,25.16505,92.10715
14-1,1783321149.609318,2026-07-06T13:59:09.609318,5.09125,1.28080,6.52088,13.06000,24.58964,5.05116,1.27592,6.44486,12.97000,24.11872,5.03341,1.24955,6.28949,12.36000,23.55908,5.07304,1.17313,5.95135,11.88000,22.36338,25.20658,94.63082
14-1,1783321149.709436,2026-07-06T13:59:09.709436,5.09131,1.27982,6.51598,13.05000,25.24201,5.05516,1.27592,6.44996,12.97000,24.76448,5.03318,1.25346,6.30888,12.40000,24.19071,5.07349,1.16434,5.90728,11.79000,22.95480,25.18210,97.15200
14-1,1783321149.809556,2026-07-06T13:59:09.809556,5.08331,1.27982,6.50574,13.05000,25.89336,5.05173,1.26322,6.38146,12.84000,25.40339,5.02969,1.24442,6.25907,12.31000,24.81737,5.07699,1.17411,5.96094,11.89000,23.55161,25.10721,99.66574
14-1,1783321149.909672,2026-07-06T13:59:09.909672,5.08747,1.27689,6.49616,13.02000,26.54374,5.05147,1.26908,6.41072,12.90000,26.04521,5.03369,1.24442,6.26404,12.31000,25.44450,5.07299,1.17411,5.95624,11.89000,24.14793,25.12716,102.18138
14-1,1783321150.009790,2026-07-06T13:59:10.009790,5.08603,1.30326,6.62843,13.29000,27.20736,5.05955,1.26713,6.41111,12.88000,26.68708,5.02924,1.25248,6.29902,12.39000,26.07515,5.07304,1.17313,5.95135,11.88000,24.74377,25.28991,104.71335
14-1,1783321150.109909,2026-07-06T13:59:10.109909,5.09152,1.27592,6.49636,13.01000,27.85777,5.05955,1.26713,6.41111,12.88000,27.32895,5.02895,1.25761,6.32444,12.44000,26.70834,5.07288,1.17631,5.96726,11.91000,25.34120,25.19917,107.23627
14-1,1783321150.210028,2026-07-06T13:59:10.210028,5.08752,1.27592,6.49126,13.01000,28.50767,5.05533,1.27201,6.43044,12.93000,27.97276,5.03398,1.23930,6.23859,12.26000,27.33294,5.07299,1.17411,5.95624,11.89000,25.93753,25.11653,109.75090
14-1,1783321150.310145,2026-07-06T13:59:10.310145,5.07941,1.27787,6.49083,13.03000,29.15751,5.05533,1.27201,6.43044,12.93000,28.61656,5.02598,1.23930,6.22868,12.26000,27.95654,5.07739,1.16630,5.92174,11.81000,26.53040,25.07169,112.26101
14-1,1783321150.410264,2026-07-06T13:59:10.410264,5.07840,1.29643,6.58377,13.22000,29.81667,5.05160,1.26615,6.39609,12.87000,29.25692,5.01735,1.25053,6.27433,12.37000,28.58471,5.07339,1.16630,5.91707,11.81000,27.12281,25.17126,114.78111
14-1,1783321150.510383,2026-07-06T13:59:10.510383,5.08635,1.29740,6.59904,13.23000,30.47736,5.05960,1.26615,6.40622,12.87000,29.89831,5.01712,1.25468,6.29486,12.41000,29.21495,5.07294,1.17508,5.96114,11.90000,27.71963,25.26126,117.31025
14-1,1783321150.610500,2026-07-06T13:59:10.610500,5.09435,1.29740,6.60942,13.23000,31.13907,5.05129,1.27299,6.43023,12.94000,30.54208,5.04186,1.24149,6.25943,12.28000,29.84163,5.07294,1.17508,5.96114,11.90000,28.31644,25.26022,119.83922
14-1,1783321150.710618,2026-07-06T13:59:10.710618,5.08603,1.30326,6.62843,13.29000,31.80270,5.05111,1.27689,6.44974,12.98000,31.18782,5.03324,1.25248,6.30403,12.39000,30.47278,5.07664,1.18119,5.99646,11.96000,28.91680,25.37866,122.38009
14-1,1783321150.810737,2026-07-06T13:59:10.810737,5.08693,1.28666,6.54515,13.12000,32.45799,5.05120,1.27494,6.43998,12.96000,31.83258,5.02524,1.25248,6.29401,12.39000,31.10292,5.07264,1.18119,5.99174,11.96000,29.51668,25.27088,124.91018
14-1,1783321150.910853,2026-07-06T13:59:10.910853,5.08629,1.29838,6.60394,13.24000,33.11916,5.03920,1.27494,6.42468,12.96000,32.47580,5.02112,1.25468,6.29988,12.41000,31.73365,5.06883,1.17728,5.96745,11.92000,30.11413,25.29595,127.44273
14-1,1783321151.010972,2026-07-06T13:59:11.010972,5.09029,1.29838,6.60913,13.24000,33.78085,5.05596,1.25810,6.36088,12.79000,33.11265,5.02079,1.26054,6.32888,12.47000,32.36729,5.06864,1.18119,5.98701,11.96000,30.71354,25.28590,129.97432
14-1,1783321151.111091,2026-07-06T13:59:11.111091,5.08213,1.30131,6.61343,13.27000,34.44298,5.05520,1.27494,6.44508,12.96000,33.75792,5.02895,1.25761,6.32444,12.44000,33.00048,5.07319,1.17020,5.93666,11.85000,31.30791,25.31961,132.50929
14-1,1783321151.211209,2026-07-06T13:59:11.211209,5.09429,1.29838,6.61433,13.24000,35.10520,5.05111,1.27689,6.44974,12.98000,34.40366,5.02895,1.25761,6.32444,12.44000,33.63367,5.07319,1.17020,5.93666,11.85000,31.90228,25.32517,135.04480
14-1,1783321151.311327,2026-07-06T13:59:11.311327,5.09456,1.29350,6.58980,13.19000,35.76496,5.05111,1.27689,6.44974,12.98000,35.04939,5.02569,1.24442,6.25409,12.31000,34.25982,5.07269,1.18021,5.98684,11.95000,32.50167,25.28047,137.57584
14-1,1783321151.411446,2026-07-06T13:59:11.411446,5.09040,1.29643,6.59933,13.22000,36.42567,5.04311,1.27689,6.43952,12.98000,35.69411,5.02479,1.26054,6.33393,12.47000,34.89397,5.07269,1.18021,5.98684,11.95000,33.10106,25.35962,140.11481
14-1,1783321151.511565,2026-07-06T13:59:11.511565,5.08640,1.29643,6.59414,13.22000,37.08587,5.04369,1.26420,6.37622,12.85000,36.33249,5.02495,1.25761,6.31941,12.44000,35.52666,5.07278,1.17826,5.97705,11.93000,33.69948,25.26682,142.64449
15-1,1783321151.611710,2026-07-06T13:59:11.611710,5.08672,1.29057,6.56475,13.16000,0.65743,5.04791,1.25932,6.35691,12.80000,0.63662,5.02495,1.25761,6.31941,12.44000,0.63286,5.07920,1.13065,5.74279,11.45000,0.57512,24.98386,2.50202
15-1,1783321151.711829,2026-07-06T13:59:11.711829,5.08603,1.30326,6.62843,13.29000,1.32106,5.04391,1.25932,6.35187,12.80000,1.27256,5.03140,1.21415,6.10887,12.01000,1.24448,5.07520,1.13065,5.73827,11.45000,1.14963,24.82744,4.98772
15-1,1783321151.811949,2026-07-06T13:59:11.811949,5.08398,1.41411,7.18929,14.42000,2.04085,5.04483,1.32719,6.69545,13.49000,1.94291,5.02679,1.29594,6.51440,12.82000,1.89669,5.07404,1.23246,6.25354,12.48000,1.77573,26.65268,7.65618
15-1,1783321151.912069,2026-07-06T13:59:11.912069,5.08798,1.41411,7.19494,14.42000,2.76121,5.06061,0.97879,4.95327,9.95000,2.43883,5.06451,0.84011,4.25477,8.31000,2.32268,5.09482,0.82253,4.19066,8.33000,2.19529,20.59364,9.71801
15-1,1783321152.012187,2026-07-06T13:59:12.012187,5.09303,1.17484,5.98350,11.98000,3.36026,5.04142,1.22587,6.18012,12.46000,3.05757,5.03651,0.84011,4.23124,8.31000,2.74630,5.05889,1.13675,5.75071,11.51000,2.77104,22.14557,11.93518
15-1,1783321152.112305,2026-07-06T13:59:12.112305,5.08763,1.27396,6.48145,12.99000,4.00918,5.04942,1.22587,6.18992,12.46000,3.67729,5.03049,1.23026,6.18883,12.17000,3.36592,5.07489,1.13675,5.76890,11.51000,3.34862,24.62910,14.40101
15-1,1783321152.212425,2026-07-06T13:59:12.212425,5.08481,1.25224,6.36738,12.77000,4.64668,5.05618,1.25321,6.33647,12.74000,4.31170,5.03169,1.20902,6.08342,11.96000,3.97499,5.07384,1.15751,5.87300,11.72000,3.93662,24.66027,16.86999
15-1,1783321152.312543,2026-07-06T13:59:12.312543,5.08481,1.25224,6.36738,12.77000,5.28417,5.05610,1.25517,6.34624,12.76000,4.94707,5.03055,1.22929,6.18398,12.16000,4.59412,5.07479,1.13871,5.77870,11.53000,4.51518,24.67630,19.34054
15-1,1783321152.412662,2026-07-06T13:59:12.412662,5.08801,1.26688,6.44592,12.92000,5.92953,5.05311,1.23270,6.22899,12.53000,5.57071,5.02655,1.22929,6.17906,12.16000,5.21276,5.07379,1.15848,5.87789,11.73000,5.10366,24.73186,21.81667
15-1,1783321152.512780,2026-07-06T13:59:12.512780,5.08422,1.26298,6.42126,12.88000,6.57241,5.04911,1.23270,6.22406,12.53000,6.19385,5.02626,1.23441,6.20448,12.21000,5.83394,5.07779,1.15848,5.88253,11.73000,5.69261,24.73233,24.29282
15-1,1783321152.612899,2026-07-06T13:59:12.612899,5.08422,1.26298,6.42126,12.88000,7.21530,5.05627,1.25126,6.32671,12.72000,6.82727,5.02740,1.21415,6.10401,12.01000,6.44507,5.06994,1.15555,5.85858,11.70000,6.27916,24.71056,26.76680
15-1,1783321152.713019,2026-07-06T13:59:12.713019,5.09425,1.22587,6.24487,12.50000,7.84054,5.05601,1.25712,6.35600,12.78000,7.46364,5.02604,1.23832,6.22384,12.25000,7.06820,5.06969,1.16044,5.88305,11.75000,6.86818,24.70776,29.24055
15-1,1783321152.813137,2026-07-06T13:59:12.813137,5.08225,1.22587,6.23016,12.50000,8.46429,5.05569,1.26420,6.39139,12.85000,8.10353,5.03004,1.23832,6.22879,12.25000,7.69181,5.07798,1.15458,5.86292,11.69000,7.45516,24.71326,31.71479
15-1,1783321152.913256,2026-07-06T13:59:12.913256,5.08347,1.27689,6.49105,13.02000,9.11417,5.05169,1.26420,6.38634,12.85000,8.74293,5.02711,1.21928,6.12944,12.06000,8.30549,5.07754,1.16337,5.90703,11.78000,8.04657,24.91386,34.20915
15-1,1783321153.013373,2026-07-06T13:59:13.013373,5.08529,1.24345,6.32328,12.68000,9.74723,5.05582,1.26127,6.37675,12.82000,9.38135,5.02598,1.23930,6.22868,12.26000,8.92908,5.07354,1.16337,5.90238,11.78000,8.63749,24.83109,36.69516
15-1,1783321153.113490,2026-07-06T13:59:13.113490,5.08828,1.26200,6.42141,12.87000,10.39013,5.05302,1.23466,6.23875,12.55000,10.00595,5.03111,1.21928,6.13431,12.06000,9.54323,5.07429,1.14847,5.82769,11.63000,9.22095,24.62216,39.16026
16-1,1783321153.213625,2026-07-06T13:59:13.213625,5.08428,1.26200,6.41637,12.87000,0.64250,5.05173,1.26322,6.38146,12.84000,0.63901,5.02711,1.21928,6.12944,12.06000,0.61377,5.07319,1.17020,5.93666,11.85000,0.59447,24.86393,2.48975
16-1,1783321153.313744,2026-07-06T13:59:13.313744,5.08608,1.30229,6.62353,13.28000,1.30564,5.05838,1.11649,5.64762,11.35000,1.20444,5.03821,1.30619,6.58087,12.92000,1.27264,5.08175,1.08036,5.49009,10.94000,1.14413,24.34211,4.92684
16-1,1783321153.413863,2026-07-06T13:59:13.413863,5.09415,1.15433,5.88034,11.77000,1.89438,5.04638,1.11649,5.63422,11.35000,1.76853,5.06097,0.90286,4.56935,8.93000,1.73012,5.06575,1.08036,5.47281,10.94000,1.69206,21.55672,7.08508
16-1,1783321153.513943,2026-07-06T13:59:13.513943,5.08902,1.24833,6.35278,12.73000,2.53016,5.05348,1.22465,6.18873,12.45000,2.38790,5.02404,1.20292,6.04350,11.90000,2.33495,5.07405,1.15336,5.85218,11.68000,2.27775,24.43719,9.53076
16-1,1783321153.614093,2026-07-06T13:59:13.614093,5.08902,1.24833,6.35278,12.73000,3.16639,5.05227,1.25126,6.32170,12.72000,3.02102,5.02804,1.20292,6.04831,11.90000,2.94069,5.07454,1.14359,5.80319,11.58000,2.85894,24.52598,11.98704
16-1,1783321153.714213,2026-07-06T13:59:13.714213,5.08715,1.28275,6.52556,13.08000,3.81973,5.05223,1.25224,6.32658,12.73000,3.65443,5.02666,1.22733,6.16938,12.14000,3.55837,5.07389,1.15653,5.86810,11.71000,3.44645,24.88962,14.47898
16-1,1783321153.814331,2026-07-06T13:59:13.814331,5.08854,1.25712,6.39690,12.82000,4.46017,5.05223,1.25224,6.32658,12.73000,4.28784,5.02238,1.23222,6.18866,12.19000,4.17796,5.07389,1.15653,5.86810,11.71000,4.03395,24.78024,16.95992
17-1,1783321153.914465,2026-07-06T13:59:13.914465,5.09213,1.19144,6.06698,12.15000,0.60751,5.05450,1.20219,6.07644,12.22000,0.60846,5.02369,1.20902,6.07375,11.96000,0.60819,5.06419,1.11112,5.62691,11.25000,0.56345,23.84408,2.38761
17-1,1783321154.014583,2026-07-06T13:59:14.014583,5.08656,1.29350,6.57945,13.19000,1.26624,5.04866,1.33110,6.72024,13.53000,1.28128,5.02284,1.29496,6.50439,12.81000,1.25940,5.05819,1.22953,6.21919,12.45000,1.18610,26.02327,4.99302
17-1,1783321154.114702,2026-07-06T13:59:14.114702,5.09056,1.29350,6.58462,13.19000,1.92548,5.06052,0.98074,4.96307,9.97000,1.77817,5.03884,1.29496,6.52511,12.81000,1.91268,5.07650,1.10501,5.60960,11.19000,1.74773,23.68240,7.36406
17-1,1783321154.214820,2026-07-06T13:59:14.214820,5.08493,1.17679,5.98391,12.00000,2.52458,5.05652,0.98074,4.95915,9.97000,2.27468,5.03828,0.80886,4.07527,8.00000,2.32069,5.07560,1.04373,5.29757,10.57000,2.27811,20.31590,9.39805
17-1,1783321154.314938,2026-07-06T13:59:14.314938,5.07957,1.27494,6.47616,13.00000,3.17296,5.05241,1.24833,6.30707,12.69000,2.90613,5.01478,1.22514,6.14379,12.12000,2.93580,5.07960,1.04373,5.30175,10.57000,2.80891,24.22877,11.82380
17-1,1783321154.415055,2026-07-06T13:59:14.415055,5.08806,1.26591,6.44102,12.91000,3.81781,5.05307,1.23368,6.23387,12.54000,3.53025,5.02751,1.21220,6.09433,11.99000,3.54594,5.07789,1.15653,5.87272,11.71000,3.39687,24.64194,14.29088
17-1,1783321154.515173,2026-07-06T13:59:14.515173,5.08806,1.26591,6.44102,12.91000,4.46267,5.04467,1.24247,6.26785,12.63000,4.15777,5.02751,1.21220,6.09433,11.99000,4.15609,5.07789,1.15653,5.87272,11.71000,3.98483,24.67592,16.76137
17-1,1783321154.615245,2026-07-06T13:59:14.615245,5.08460,1.25614,6.38698,12.81000,5.10184,5.04467,1.24247,6.26785,12.63000,4.78501,5.03049,1.23026,6.18883,12.17000,4.77543,5.07439,1.14652,5.81789,11.61000,4.56704,24.66155,19.22931
17-1,1783321154.715363,2026-07-06T13:59:14.715363,5.08347,1.27689,6.49105,13.02000,5.75170,5.05227,1.25126,6.32170,12.72000,5.41792,5.03084,1.22416,6.15854,12.11000,5.39200,5.07439,1.14652,5.81789,11.61000,5.14952,24.78918,21.71115
17-1,1783321154.815482,2026-07-06T13:59:14.815482,5.08950,1.23954,6.30864,12.64000,6.38332,5.05263,1.24345,6.28267,12.64000,6.04693,5.02671,1.22636,6.16454,12.13000,6.00919,5.07769,1.16044,5.89233,11.75000,5.73945,24.64818,24.17890
17-1,1783321154.915601,2026-07-06T13:59:14.915601,5.08550,1.23954,6.30368,12.64000,7.01443,5.05254,1.24540,6.29243,12.66000,6.67692,5.02671,1.22636,6.16454,12.13000,6.62638,5.07874,1.13968,5.78815,11.54000,6.31895,24.54880,26.63669
17-1,1783321155.015720,2026-07-06T13:59:15.015720,5.08454,1.25712,6.39187,12.82000,7.65438,5.05254,1.24540,6.29243,12.66000,7.30692,5.02609,1.23734,6.21900,12.24000,7.24902,5.06969,1.16044,5.88305,11.75000,6.90796,24.78635,29.11828
17-1,1783321155.115845,2026-07-06T13:59:15.115845,5.08513,1.24638,6.33798,12.71000,8.28898,5.05205,1.25614,6.34609,12.77000,7.94232,5.02729,1.21610,6.11370,12.03000,7.86115,5.07369,1.16044,5.88769,11.75000,7.49747,24.68546,31.58992
17-1,1783321155.215963,2026-07-06T13:59:15.215963,5.08320,1.28178,6.51553,13.07000,8.94129,5.05245,1.24735,6.30219,12.68000,8.57328,5.02958,1.24638,6.26875,12.33000,8.48877,5.07484,1.13773,5.77380,11.52000,8.07553,24.86027,34.07887
17-1,1783321155.316087,2026-07-06T13:59:15.316087,5.08790,1.26884,6.45572,12.94000,9.58767,5.05214,1.25419,6.33634,12.75000,9.20771,5.02958,1.24638,6.26875,12.33000,9.11642,5.07364,1.16141,5.89259,11.76000,8.66552,24.95340,36.57732
17-1,1783321155.416208,2026-07-06T13:59:15.416208,5.08790,1.26884,6.45572,12.94000,10.23402,5.05214,1.25419,6.33634,12.75000,9.84210,5.02604,1.23832,6.22384,12.25000,9.73955,5.07459,1.14261,5.79829,11.57000,9.24605,24.81419,39.06172
17-1,1783321155.516329,2026-07-06T13:59:15.516329,5.09504,1.28471,6.54563,13.10000,10.88938,5.04778,1.26225,6.37153,12.83000,10.48003,5.02684,1.22416,6.15365,12.11000,10.35567,5.07459,1.14261,5.79829,11.57000,9.82658,24.86910,41.55166
17-1,1783321155.616452,2026-07-06T13:59:15.616452,5.09568,1.27299,6.48674,12.98000,11.53885,5.04907,1.23368,6.22894,12.54000,11.10369,5.02615,1.23637,6.21416,12.23000,10.97785,5.07354,1.16337,5.90238,11.78000,10.41754,24.83222,44.03792
17-1,1783321155.716572,2026-07-06T13:59:15.716572,5.08752,1.27592,6.49126,13.01000,12.18875,5.05578,1.26225,6.38163,12.83000,11.74261,5.02215,1.23637,6.20921,12.23000,11.59951,5.07479,1.13871,5.77870,11.53000,10.99610,24.86080,46.52698
17-1,1783321155.816692,2026-07-06T13:59:15.816692,5.08752,1.27592,6.49126,13.01000,12.83866,5.05178,1.26225,6.37658,12.83000,12.38104,5.02769,1.20902,6.07859,11.96000,12.20810,5.07349,1.16434,5.90728,11.79000,11.58754,24.85371,49.01533
17-1,1783321155.916813,2026-07-06T13:59:15.916813,5.08897,1.24931,6.35768,12.74000,13.47520,5.04841,1.24833,6.30207,12.69000,13.01201,5.02575,1.24345,6.24925,12.30000,12.83378,5.07354,1.16337,5.90238,11.78000,12.17850,24.81138,51.49949
17-1,1783321156.016933,2026-07-06T13:59:16.016933,5.08709,1.28373,6.53046,13.09000,14.12903,5.04751,1.26811,6.40077,12.89000,13.65286,5.03151,1.21220,6.09918,11.99000,13.44444,5.07754,1.16337,5.90703,11.78000,12.76991,24.93744,53.99623
17-1,1783321156.117052,2026-07-06T13:59:16.117052,5.08688,1.28764,6.55005,13.13000,14.78481,5.05578,1.26225,6.38163,12.83000,14.29178,5.02751,1.21220,6.09433,11.99000,14.05459,5.07349,1.16434,5.90728,11.79000,13.36134,24.93329,56.49251
17-1,1783321156.217170,2026-07-06T13:59:16.217170,5.09088,1.28764,6.55520,13.13000,15.44111,5.05178,1.26225,6.37658,12.83000,14.93019,5.02981,1.24247,6.24938,12.29000,14.68027,5.07339,1.16630,5.91707,11.81000,13.95374,25.09823,59.00531
17-1,1783321156.317290,2026-07-06T13:59:16.317290,5.08720,1.28178,6.52066,13.07000,16.09395,5.05547,1.26908,6.41580,12.90000,15.57254,5.03146,1.21317,6.10402,12.00000,15.29140,5.07434,1.14750,5.82279,11.62000,14.53672,24.86327,61.49460
17-1,1783321156.417408,2026-07-06T13:59:16.417408,5.08779,1.27103,6.46675,12.96000,16.74139,5.05560,1.26615,6.40116,12.87000,16.21341,5.02569,1.24442,6.25409,12.31000,15.91755,5.07434,1.14750,5.82279,11.62000,15.11969,24.94479,63.99204
17-1,1783321156.517527,2026-07-06T13:59:16.517527,5.08860,1.25614,6.39200,12.81000,17.38135,5.05178,1.26225,6.37658,12.83000,16.85183,5.02569,1.24442,6.25409,12.31000,16.54370,5.07329,1.16825,5.92687,11.83000,15.71308,24.94954,66.48996
17-1,1783321156.617646,2026-07-06T13:59:16.617646,5.08060,1.25614,6.38195,12.81000,18.02030,5.05578,1.26225,6.38163,12.83000,17.49075,5.02689,1.22318,6.14881,12.10000,17.15931,5.07324,1.16923,5.93176,11.84000,16.30696,24.84415,68.97732
17-1,1783321156.717764,2026-07-06T13:59:16.717764,5.08396,1.26786,6.44575,12.93000,18.66564,5.04782,1.26127,6.36666,12.82000,18.12817,5.02586,1.24149,6.23957,12.28000,17.78401,5.07344,1.16532,5.91217,11.80000,16.89888,24.96415,71.47669
17-1,1783321156.817882,2026-07-06T13:59:16.817882,5.09393,1.23173,6.27433,12.56000,19.29381,5.05072,1.19730,6.04723,12.17000,18.73360,5.02964,1.17460,5.90779,11.62000,18.37548,5.07344,1.16532,5.91217,11.80000,17.49079,24.14152,73.89369
17-1,1783321156.918000,2026-07-06T13:59:16.918000,5.09083,1.28861,6.56011,13.14000,19.95060,5.05142,1.27006,6.41560,12.91000,19.37592,5.02564,1.17460,5.90309,11.62000,18.96649,5.07424,1.14945,5.83259,11.64000,18.07474,24.71139,76.36775
17-1,1783321157.018119,2026-07-06T13:59:17.018119,5.09125,1.28080,6.52088,13.06000,20.60346,5.05542,1.27006,6.42068,12.91000,20.01875,5.02930,1.25150,6.29418,12.38000,19.59666,5.07319,1.17020,5.93666,11.85000,18.66911,25.17240,78.88798
17-1,1783321157.118236,2026-07-06T13:59:17.118236,5.08725,1.28080,6.51576,13.06000,21.25580,5.05582,1.26127,6.37675,12.82000,20.65717,5.03004,1.23832,6.22879,12.25000,20.22027,5.07314,1.17118,5.94156,11.86000,19.26396,25.06286,81.39721
17-1,1783321157.218355,2026-07-06T13:59:17.218355,5.08683,1.28861,6.55495,13.14000,21.91208,5.05560,1.26615,6.40116,12.87000,21.29805,5.02946,1.24857,6.27965,12.35000,20.84898,5.06984,1.15751,5.86837,11.72000,19.85150,25.10413,83.91060
17-1,1783321157.318475,2026-07-06T13:59:17.318475,5.08747,1.27689,6.49616,13.02000,22.56247,5.05236,1.24931,6.31194,12.70000,21.93000,5.02671,1.22636,6.16454,12.13000,21.46617,5.07384,1.15751,5.87300,11.72000,20.43950,24.84564,86.39814
17-1,1783321157.418621,2026-07-06T13:59:17.418621,5.08235,1.29740,6.59385,13.23000,23.22282,5.04436,1.24931,6.30195,12.70000,22.56112,5.03071,1.22636,6.16945,12.13000,22.08401,5.07304,1.17313,5.95135,11.88000,21.03550,25.01660,88.90345
17-1,1783321157.518742,2026-07-06T13:59:17.518742,5.08635,1.29740,6.59904,13.23000,23.88352,5.05533,1.27201,6.43044,12.93000,23.20494,5.02935,1.25053,6.28934,12.37000,22.71371,5.07299,1.17411,5.95624,11.89000,21.63185,25.27506,91.43402
17-1,1783321157.618862,2026-07-06T13:59:17.618862,5.09072,1.29057,6.56991,13.16000,24.54130,5.05610,1.25517,6.34624,12.76000,23.84033,5.02906,1.25565,6.31476,12.42000,23.34595,5.07314,1.17118,5.94156,11.86000,22.22672,25.17247,93.95429
17-1,1783321157.718981,2026-07-06T13:59:17.718981,5.09083,1.28861,6.56011,13.14000,25.19809,5.05564,1.26518,6.39627,12.86000,24.48071,5.02266,1.22733,6.16447,12.14000,23.96312,5.07314,1.17118,5.94156,11.86000,22.82158,25.06241,96.46351
17-1,1783321157.819100,2026-07-06T13:59:17.819100,5.08672,1.29057,6.56475,13.16000,25.85535,5.04764,1.26518,6.38615,12.86000,25.12009,5.03866,1.22733,6.18411,12.14000,24.58227,5.07744,1.16532,5.91684,11.80000,23.41397,25.05185,98.97168
18-1,1783321157.919240,2026-07-06T13:59:17.919240,5.09072,1.29057,6.56991,13.16000,0.65791,5.05116,1.27592,6.44486,12.97000,0.64539,5.02935,1.25053,6.28934,12.37000,0.62982,5.07925,1.12967,5.73789,11.44000,0.57459,25.04200,2.50771
18-1,1783321158.019361,2026-07-06T13:59:18.019361,5.09099,1.21220,6.17128,12.36000,1.27578,5.04879,1.32817,6.70563,13.50000,1.31676,5.02673,1.29691,6.51924,12.83000,1.28252,5.06204,1.23246,6.23876,12.48000,1.19922,25.63491,5.07428
18-1,1783321158.119482,2026-07-06T13:59:18.119482,5.08192,1.30522,6.63300,13.31000,1.93989,5.07648,0.89334,4.53501,9.08000,1.77081,5.05977,0.92410,4.67574,9.14000,1.75067,5.08204,1.23246,6.26340,12.48000,1.82632,22.10715,7.28768
18-1,1783321158.219602,2026-07-06T13:59:18.219602,5.08444,1.25907,6.40167,12.84000,2.58082,5.05648,0.89334,4.51714,9.08000,2.22306,5.03977,0.92410,4.65726,9.14000,2.21695,5.08285,0.97977,4.98000,9.92000,2.32492,20.55607,9.34575
18-1,1783321158.319721,2026-07-06T13:59:18.319721,5.08790,1.26884,6.45572,12.94000,3.22716,5.05623,1.25224,6.33159,12.73000,2.85698,5.02660,1.22831,6.17422,12.15000,2.83511,5.07099,1.13480,5.75456,11.49000,2.90106,24.71609,11.82031
18-1,1783321158.419839,2026-07-06T13:59:18.419839,5.08790,1.26884,6.45572,12.94000,3.87350,5.05614,1.25419,6.34135,12.75000,3.49187,5.02775,1.20804,6.07374,11.95000,3.44320,5.06984,1.15751,5.86837,11.72000,3.48859,24.73918,14.29716
19-1,1783321158.519983,2026-07-06T13:59:18.519983,5.08357,1.27494,6.48126,13.00000,0.64906,5.05320,1.23075,6.21923,12.51000,0.62282,5.03060,1.22831,6.17914,12.15000,0.61880,5.08044,1.18509,6.02080,12.00000,0.60295,24.90043,2.49362
19-1,1783321158.620104,2026-07-06T13:59:18.620104,5.08277,1.28959,6.55469,13.15000,1.30532,5.05320,1.23075,6.21923,12.51000,1.24549,5.02660,1.22831,6.17422,12.15000,1.23697,5.07644,1.18509,6.01606,12.00000,1.20528,24.96420,4.99306
19-1,1783321158.720224,2026-07-06T13:59:18.720224,5.08796,1.26786,6.45082,12.93000,1.95117,5.06098,1.32402,6.70081,13.46000,1.91638,5.03695,1.32841,6.69114,13.14000,1.90689,5.08258,1.30058,6.61029,13.17000,1.86710,26.45306,7.64154
19-1,1783321158.820345,2026-07-06T13:59:18.820345,5.08796,1.26786,6.45082,12.93000,2.59704,5.07915,0.92264,4.68621,9.38000,2.38556,5.05795,0.95633,4.83706,9.46000,2.39118,5.10205,0.91653,4.67619,9.28000,2.33528,20.65028,9.70906
19-1,1783321158.920463,2026-07-06T13:59:18.920463,5.09212,1.26493,6.44118,12.90000,3.24191,5.04699,1.19120,6.01197,12.11000,2.98747,5.03340,1.17875,5.93311,11.66000,2.98519,5.07289,1.09720,5.56599,11.11000,2.89254,23.95225,12.10711
20-1,1783321159.020614,2026-07-06T13:59:19.020614,5.09260,1.25614,6.39702,12.81000,0.64067,5.05099,1.19120,6.01673,12.11000,0.60258,5.02940,1.17875,5.92839,11.66000,0.59374,5.07289,1.09720,5.56599,11.11000,0.55744,23.90813,2.39443
20-1,1783321159.120732,2026-07-06T13:59:19.120732,5.08683,1.28861,6.55495,13.14000,1.29694,5.05419,1.20902,6.11062,12.29000,1.21436,5.02775,1.20804,6.07374,11.95000,1.20182,5.07469,1.14066,5.78849,11.55000,1.13697,24.52780,4.85010
20-1,1783321159.220851,2026-07-06T13:59:19.220851,5.08683,1.28861,6.55495,13.14000,1.95322,5.04879,1.32817,6.70563,13.50000,1.88573,5.02306,1.29106,6.48505,12.77000,1.85111,5.07004,1.23246,6.24861,12.48000,1.76258,25.99424,7.45264
20-1,1783321159.320971,2026-07-06T13:59:19.320971,5.08319,1.35527,6.88907,13.82000,2.64294,5.08102,0.88137,4.47828,8.96000,2.33409,5.06371,0.85427,4.32580,8.45000,2.28420,5.10306,0.81765,4.17253,8.28000,2.18033,19.86568,9.44157
20-1,1783321159.421090,2026-07-06T13:59:19.421090,5.09860,1.07279,5.46971,10.94000,3.19057,5.06102,0.88137,4.46066,8.96000,2.78069,5.03971,0.85427,4.30530,8.45000,2.71525,5.07906,0.81765,4.15291,8.28000,2.59612,18.38858,11.28263
20-1,1783321159.521209,2026-07-06T13:59:19.521209,5.07952,1.27592,6.48105,13.01000,3.83944,5.05320,1.23075,6.21923,12.51000,3.40335,5.02706,1.22025,6.13428,12.07000,3.32940,5.07469,1.14066,5.78849,11.55000,3.17565,24.62305,13.74785
20-1,1783321159.621329,2026-07-06T13:59:19.621329,5.09170,1.19926,6.10625,12.23000,4.45080,5.05196,1.25810,6.35585,12.79000,4.03970,5.02724,1.21708,6.11854,12.04000,3.94199,5.07384,1.15751,5.87300,11.72000,3.76366,24.45364,16.19616
20-1,1783321159.721447,2026-07-06T13:59:19.721447,5.09170,1.19926,6.10625,12.23000,5.06215,5.05191,1.25932,6.36195,12.80000,4.67665,5.02684,1.22416,6.15365,12.11000,4.55809,5.07384,1.15751,5.87300,11.72000,4.35166,24.49485,18.64854
20-1,1783321159.821566,2026-07-06T13:59:19.821566,5.08336,1.27885,6.50084,13.04000,5.71300,5.05191,1.25932,6.36195,12.80000,5.31360,5.02284,1.22416,6.14875,12.11000,5.17369,5.07444,1.14554,5.81299,11.60000,4.93364,24.82453,21.13394
20-1,1783321159.921684,2026-07-06T13:59:19.921684,5.08352,1.27592,6.48615,13.01000,6.36239,5.05218,1.25321,6.33146,12.74000,5.94749,5.02638,1.23222,6.19359,12.19000,5.79378,5.07044,1.14554,5.80841,11.60000,5.51517,24.81961,23.61884
20-1,1783321160.021802,2026-07-06T13:59:20.021802,5.09254,1.25712,6.40193,12.82000,7.00333,5.05329,1.22880,6.20947,12.49000,6.56917,5.02706,1.22025,6.13428,12.07000,6.40793,5.07774,1.15946,5.88743,11.74000,6.10461,24.63311,26.08505
20-1,1783321160.121921,2026-07-06T13:59:20.121921,5.08854,1.25712,6.39690,12.82000,7.64378,5.05201,1.25712,6.35097,12.78000,7.20502,5.02238,1.23222,6.18866,12.19000,7.02753,5.07794,1.15555,5.86782,11.70000,6.69209,24.80435,28.56842
20-1,1783321160.222037,2026-07-06T13:59:20.222037,5.08113,1.24638,6.33300,12.71000,8.27782,5.05601,1.25712,6.35600,12.78000,7.84136,5.03038,1.23222,6.19852,12.19000,7.64811,5.07374,1.15946,5.88279,11.74000,7.28105,24.77031,31.04834
20-1,1783321160.322155,2026-07-06T13:59:20.322155,5.08012,1.26493,6.42600,12.90000,8.92118,5.04810,1.25517,6.33619,12.76000,8.47573,5.02626,1.23441,6.20448,12.21000,8.26929,5.07774,1.15946,5.88743,11.74000,7.87049,24.85410,33.53668
20-1,1783321160.422275,2026-07-06T13:59:20.422275,5.08940,1.24149,6.31845,12.66000,9.55378,5.04885,1.23856,6.25332,12.59000,9.10181,5.02764,1.21000,6.08343,11.97000,8.87836,5.06974,1.15946,5.87815,11.74000,8.45901,24.53335,35.99296
20-1,1783321160.522393,2026-07-06T13:59:20.522393,5.08140,1.24149,6.30852,12.66000,10.18537,5.05205,1.25614,6.34609,12.77000,9.73717,5.02626,1.23441,6.20448,12.21000,9.49954,5.06959,1.16239,5.89283,11.77000,9.04898,24.75192,38.47106
20-1,1783321160.622511,2026-07-06T13:59:20.622511,5.09136,1.27885,6.51107,13.04000,10.83725,5.05205,1.25614,6.34609,12.77000,10.37253,5.02324,1.21708,6.11367,12.04000,10.11163,5.07769,1.16044,5.89233,11.75000,9.63891,24.86316,40.96031
20-1,1783321160.722629,2026-07-06T13:59:20.722629,5.09163,1.27396,6.48655,12.99000,11.48667,5.05272,1.24149,6.27291,12.62000,11.00056,5.02324,1.21708,6.11367,12.04000,10.72372,5.07369,1.16044,5.88769,11.75000,10.22838,24.76082,43.43933
20-1,1783321160.822747,2026-07-06T13:59:20.822747,5.08336,1.27885,6.50084,13.04000,12.13752,5.05186,1.26029,6.36683,12.81000,11.63799,5.03015,1.23637,6.21911,12.23000,11.34636,5.07369,1.16044,5.88769,11.75000,10.81784,24.97447,45.93971
20-1,1783321160.922864,2026-07-06T13:59:20.922864,5.08796,1.26786,6.45082,12.93000,12.78336,5.05191,1.25932,6.36195,12.80000,12.27493,5.03100,1.22123,6.14401,12.08000,11.96148,5.07449,1.14457,5.80809,11.59000,11.39933,24.76487,48.41911
20-1,1783321161.022983,2026-07-06T13:59:21.022983,5.09196,1.26786,6.45589,12.93000,13.42972,5.05196,1.25810,6.35585,12.79000,12.91127,5.02598,1.23930,6.22868,12.26000,12.58509,5.07354,1.16337,5.90238,11.78000,11.99027,24.94280,50.91635
20-1,1783321161.123102,2026-07-06T13:59:21.123102,5.09163,1.27396,6.48655,12.99000,14.07915,5.05596,1.25810,6.36088,12.79000,13.54812,5.02998,1.23930,6.23364,12.26000,13.20920,5.07010,1.15238,5.84267,11.67000,12.57524,24.92374,53.41170
20-1,1783321161.223221,2026-07-06T13:59:21.223221,5.09120,1.28178,6.52578,13.07000,14.73250,5.05178,1.26225,6.37658,12.83000,14.18653,5.02666,1.22733,6.16938,12.14000,13.82687,5.07410,1.15238,5.84728,11.67000,13.16066,24.91902,55.90656
21-1,1783321161.323365,2026-07-06T13:59:21.323365,5.08876,1.25321,6.37729,12.78000,0.63865,5.05236,1.24931,6.31194,12.70000,0.63211,5.02581,1.24247,6.24441,12.29000,0.62534,5.08139,1.16630,5.92640,11.81000,0.59350,24.86004,2.48959
21-1,1783321161.423484,2026-07-06T13:59:21.423484,5.08076,1.25321,6.36727,12.78000,1.27614,5.04866,1.33110,6.72024,13.53000,1.30493,5.01833,1.30399,6.54388,12.90000,1.28051,5.07779,1.23734,6.28296,12.53000,1.22254,25.91435,5.08412
21-1,1783321161.523604,2026-07-06T13:59:21.523604,5.08565,1.31010,6.66271,13.36000,1.94320,5.04866,1.33110,6.72024,13.53000,1.97776,5.02233,1.30399,6.54910,12.90000,1.93620,5.08069,1.10111,5.59439,11.15000,1.78265,25.52644,7.63981
21-1,1783321161.623724,2026-07-06T13:59:21.623724,5.09576,1.12479,5.73166,11.47000,2.51706,5.05351,0.87063,4.39975,8.85000,2.41826,5.03401,0.88455,4.45282,8.75000,2.38202,5.06869,1.10111,5.58118,11.15000,2.34144,20.16541,9.65878
21-1,1783321161.723843,2026-07-06T13:59:21.723843,5.07654,1.25712,6.38182,12.82000,3.15600,5.03618,1.25321,6.31141,12.74000,3.05015,5.01460,1.22831,6.15948,12.15000,2.99870,5.07394,1.15555,5.86320,11.70000,2.92845,24.71591,12.13330
21-1,1783321161.823961,2026-07-06T13:59:21.823961,5.08454,1.25712,6.39187,12.82000,3.79594,5.05618,1.25321,6.33647,12.74000,3.68455,5.03169,1.20902,6.08342,11.96000,3.60776,5.07410,1.15238,5.84728,11.67000,3.51387,24.65904,14.60212
21-1,1783321161.924082,2026-07-06T13:59:21.924082,5.08102,1.24833,6.34279,12.73000,4.43099,5.04818,1.25321,6.32645,12.74000,4.31796,5.02369,1.20902,6.07375,11.96000,4.21587,5.07405,1.15336,5.85218,11.68000,4.09980,24.59517,17.06462
21-1,1783321162.024201,2026-07-06T13:59:22.024201,5.07947,1.27689,6.48594,13.02000,5.08035,5.05338,1.22684,6.19971,12.47000,4.93867,5.03398,1.23930,6.23859,12.26000,4.84047,5.07405,1.15336,5.85218,11.68000,4.68571,24.77642,19.54521
21-1,1783321162.124321,2026-07-06T13:59:22.124321,5.09168,1.27299,6.48165,12.98000,5.72929,5.05392,1.21488,6.13991,12.35000,5.55339,5.03855,1.15848,5.83707,11.46000,5.42488,5.07760,1.08329,5.50049,10.97000,5.23642,23.95912,21.94398
21-1,1783321162.224440,2026-07-06T13:59:22.224440,5.08368,1.27299,6.47146,12.98000,6.37721,5.04814,1.25419,6.33132,12.75000,6.18728,5.02700,1.22123,6.13912,12.08000,6.03952,5.07424,1.14945,5.83259,11.64000,5.82037,24.77449,24.42438
21-1,1783321162.324558,2026-07-06T13:59:22.324558,5.08913,1.24638,6.34297,12.71000,7.01226,5.05614,1.25419,6.34135,12.75000,6.82216,5.02700,1.22123,6.13912,12.08000,6.65416,5.07724,1.09037,5.53605,11.04000,6.37463,24.35949,26.86322
21-1,1783321162.424675,2026-07-06T13:59:22.424675,5.08566,1.23661,6.28898,12.61000,7.64189,5.05401,1.21293,6.13015,12.33000,7.43590,5.03055,1.15848,5.82780,11.46000,7.23762,5.07324,1.09037,5.53168,11.04000,6.92845,23.77861,29.24386
21-1,1783321162.524794,2026-07-06T13:59:22.524794,5.08320,1.28178,6.51553,13.07000,8.29422,5.05201,1.25712,6.35097,12.78000,8.07175,5.02684,1.22416,6.15365,12.11000,7.85372,5.07784,1.15751,5.87763,11.72000,7.51691,24.89778,31.73659
21-1,1783321162.624913,2026-07-06T13:59:22.624913,5.08433,1.26102,6.41147,12.86000,8.93613,5.05788,1.21586,6.14966,12.36000,8.68744,5.02615,1.23637,6.21416,12.23000,8.47587,5.08579,1.15848,5.89180,11.73000,8.10679,24.66709,34.20623
21-1,1783321162.725032,2026-07-06T13:59:22.725032,5.08033,1.26102,6.40642,12.86000,9.57753,5.04988,1.21586,6.13993,12.36000,9.30217,5.02615,1.23637,6.21416,12.23000,9.09803,5.08574,1.15946,5.89670,11.74000,8.69716,24.65721,36.67488
21-1,1783321162.825151,2026-07-06T13:59:22.825151,5.08934,1.24247,6.32335,12.67000,10.21062,5.05232,1.25028,6.31682,12.71000,9.93461,5.02609,1.23734,6.21900,12.24000,9.72067,5.07384,1.15751,5.87300,11.72000,9.28517,24.73217,39.15106
21-1,1783321162.925270,2026-07-06T13:59:22.925270,5.08785,1.26981,6.46063,12.95000,10.85745,5.05205,1.25614,6.34609,12.77000,10.56997,5.02740,1.21415,6.10401,12.01000,10.33180,5.07784,1.15751,5.87763,11.72000,9.87363,24.78836,41.63285
21-1,1783321163.025389,2026-07-06T13:59:23.025389,5.08817,1.26395,6.43122,12.89000,11.50134,5.05586,1.26029,6.37187,12.81000,11.20791,5.02581,1.24247,6.24441,12.29000,10.95698,5.07405,1.15336,5.85218,11.68000,10.45954,24.89968,44.12578
21-1,1783321163.125510,2026-07-06T13:59:23.125510,5.08817,1.26395,6.43122,12.89000,12.14524,5.05586,1.26029,6.37187,12.81000,11.84587,5.02981,1.24247,6.24938,12.29000,11.58268,5.07369,1.16044,5.88769,11.75000,11.04902,24.94016,46.62281
21-1,1783321163.225628,2026-07-06T13:59:23.225628,5.08796,1.26786,6.45082,12.93000,12.79108,5.05298,1.23563,6.24363,12.56000,12.47097,5.01831,1.23344,6.18977,12.20000,12.20238,5.07439,1.14652,5.81789,11.61000,11.63150,24.70211,49.09593
21-1,1783321163.325748,2026-07-06T13:59:23.325748,5.08752,1.27592,6.49126,13.01000,13.44099,5.05169,1.26420,6.38634,12.85000,13.11037,5.01758,1.24638,6.25380,12.33000,12.82851,5.07439,1.14652,5.81789,11.61000,12.21398,24.94929,51.59385
21-1,1783321163.425868,2026-07-06T13:59:23.425868,5.08715,1.28275,6.52556,13.08000,14.09432,5.05636,1.24931,6.31694,12.70000,13.74282,5.02986,1.24149,6.24454,12.28000,13.45371,5.07354,1.16337,5.90238,11.78000,12.80493,24.98942,54.09578
21-1,1783321163.525987,2026-07-06T13:59:23.525987,5.08715,1.28275,6.52556,13.08000,14.74766,5.05636,1.24931,6.31694,12.70000,14.37527,5.02986,1.24149,6.24454,12.28000,14.07891,5.07449,1.14457,5.80809,11.59000,13.38643,24.89513,56.58826
21-1,1783321163.626105,2026-07-06T13:59:23.626105,5.09152,1.27592,6.49636,13.01000,15.39806,5.05964,1.26518,6.40134,12.86000,15.01616,5.03398,1.23930,6.23859,12.26000,14.70351,5.07349,1.16434,5.90728,11.79000,13.97786,25.04357,59.09559
21-1,1783321163.726224,2026-07-06T13:59:23.726224,5.08497,1.24931,6.35268,12.74000,16.03409,5.06010,1.25517,6.35126,12.76000,15.65204,5.02215,1.23637,6.20921,12.23000,15.32517,5.07349,1.16434,5.90728,11.79000,14.56929,24.82043,61.58059
21-1,1783321163.826343,2026-07-06T13:59:23.826343,5.08341,1.27787,6.49595,13.03000,16.68445,5.05178,1.26225,6.37658,12.83000,16.29046,5.02175,1.24345,6.24428,12.30000,15.95034,5.07334,1.16727,5.92197,11.82000,15.16219,25.03878,64.08744
21-1,1783321163.926462,2026-07-06T13:59:23.926462,5.08688,1.28764,6.55005,13.13000,17.34024,5.05578,1.26225,6.38163,12.83000,16.92938,5.02975,1.24345,6.25422,12.30000,16.57650,5.07389,1.15653,5.86810,11.71000,15.74970,25.05400,66.59582
21-1,1783321164.026578,2026-07-06T13:59:24.026578,5.08288,1.28764,6.54490,13.13000,17.99549,5.05196,1.25810,6.35585,12.79000,17.56570,5.02175,1.24345,6.24428,12.30000,17.20166,5.07329,1.16825,5.92687,11.83000,16.34307,25.07190,69.10593
21-1,1783321164.126697,2026-07-06T13:59:24.126697,5.08741,1.27787,6.50106,13.03000,18.64636,5.05169,1.26420,6.38634,12.85000,18.20509,5.02981,1.24247,6.24938,12.29000,17.82734,5.07349,1.16434,5.90728,11.79000,16.93450,25.04406,71.61329
21-1,1783321164.226815,2026-07-06T13:59:24.226815,5.08785,1.26981,6.46063,12.95000,19.29320,5.05605,1.25614,6.35112,12.77000,18.84096,5.03060,1.22831,6.17914,12.15000,18.44598,5.07349,1.16434,5.90728,11.79000,17.52593,24.89817,74.10607
21-1,1783321164.326935,2026-07-06T13:59:24.326935,5.08828,1.26200,6.42141,12.87000,19.93610,5.05605,1.25614,6.35112,12.77000,19.47683,5.02546,1.24857,6.27466,12.35000,19.07420,5.07339,1.16630,5.91707,11.81000,18.11834,24.96426,76.60548
21-1,1783321164.427055,2026-07-06T13:59:24.427055,5.08828,1.26200,6.42141,12.87000,20.57901,5.05551,1.26811,6.41092,12.89000,20.11869,5.02546,1.24857,6.27466,12.35000,19.70242,5.07324,1.16923,5.93176,11.84000,18.71223,25.03875,79.11235
21-1,1783321164.527172,2026-07-06T13:59:24.527172,5.08768,1.27299,6.47655,12.98000,21.22743,5.05645,1.24735,6.30718,12.68000,20.75015,5.02306,1.22025,6.12940,12.07000,20.31608,5.07339,1.16630,5.91707,11.81000,19.30463,24.83020,81.59828
21-1,1783321164.627291,2026-07-06T13:59:24.627291,5.08779,1.27103,6.46675,12.96000,21.87487,5.05160,1.26615,6.39609,12.87000,21.39052,5.02158,1.24638,6.25878,12.33000,20.94270,5.07339,1.16630,5.91707,11.81000,19.89704,25.03869,84.10513
21-1,1783321164.727409,2026-07-06T13:59:24.727409,5.08768,1.27299,6.47655,12.98000,22.52329,5.05160,1.26615,6.39609,12.87000,22.03088,5.03585,1.13529,5.71715,11.23000,21.51509,5.07714,1.17118,5.94624,11.86000,20.49237,24.53603,86.56162
21-1,1783321164.827527,2026-07-06T13:59:24.827527,5.08768,1.27299,6.47655,12.98000,23.17171,5.05496,1.01517,5.13164,10.32000,22.54465,5.03185,1.13529,5.71261,11.23000,22.08702,5.09461,0.82669,4.21164,8.37000,20.91403,21.53244,88.71741
21-1,1783321164.927646,2026-07-06T13:59:24.927646,5.09539,0.83840,4.27199,8.55000,23.59942,5.06035,0.89627,4.53542,9.11000,22.99873,5.03932,0.86135,4.34064,8.52000,22.52160,5.08661,0.82669,4.20502,8.37000,21.33503,17.35307,90.45479
21-1,1783321165.027766,2026-07-06T13:59:25.027766,5.09645,1.18558,6.04226,12.09000,24.20437,5.03533,1.27201,6.40500,12.93000,23.64000,5.01769,1.24442,6.24413,12.31000,23.14676,5.07861,0.82669,4.19841,8.37000,21.75537,22.88980,92.74650
21-1,1783321165.127883,2026-07-06T13:59:25.127883,5.09147,1.27689,6.50126,13.02000,24.85526,5.05533,1.27201,6.43044,12.93000,24.28380,5.02986,1.24149,6.24454,12.28000,23.77195,5.06998,1.15458,5.85368,11.69000,22.34143,25.02992,95.25244
21-1,1783321165.227999,2026-07-06T13:59:25.227999,5.08763,1.27396,6.48145,12.99000,25.50416,5.04773,1.26322,6.37641,12.84000,24.92218,5.02986,1.24149,6.24454,12.28000,24.39713,5.07324,1.16923,5.93176,11.84000,22.93530,25.03416,97.75876
21-1,1783321165.328118,2026-07-06T13:59:25.328118,5.08763,1.27396,6.48145,12.99000,26.15307,5.04747,1.26908,6.40565,12.90000,25.56351,5.02952,1.24760,6.27481,12.34000,25.02536,5.07314,1.17118,5.94156,11.86000,23.53016,25.10347,100.27209
21-1,1783321165.428237,2026-07-06T13:59:25.428237,5.08667,1.29154,6.56965,13.17000,26.81082,5.04832,1.25028,6.31182,12.71000,26.19544,5.02946,1.24857,6.27965,12.35000,25.65407,5.07299,1.17411,5.95624,11.89000,24.12649,25.11736,102.78681
21-1,1783321165.528357,2026-07-06T13:59:25.528357,5.08720,1.28178,6.52066,13.07000,27.46366,5.04432,1.25028,6.30682,12.71000,26.82687,5.02186,1.24149,6.23460,12.28000,26.27827,5.07299,1.17411,5.95624,11.89000,24.72282,25.01832,105.29163
21-1,1783321165.628476,2026-07-06T13:59:25.628476,5.08720,1.28178,6.52066,13.07000,28.11650,5.04738,1.27103,6.41539,12.92000,27.46918,5.02986,1.24149,6.24454,12.28000,26.90347,5.07349,1.16434,5.90728,11.79000,25.31426,25.08787,107.80341
21-1,1783321165.728594,2026-07-06T13:59:25.728594,5.09120,1.28178,6.52578,13.07000,28.76985,5.04724,1.27396,6.43001,12.95000,28.11294,5.03746,1.24857,6.28964,12.35000,27.53318,5.07294,1.17508,5.96114,11.90000,25.91107,25.20657,110.32704
21-1,1783321165.828712,2026-07-06T13:59:25.828712,5.08625,1.22587,6.23507,12.50000,29.39410,5.04751,1.26811,6.40077,12.89000,28.75377,5.03820,1.23539,6.22414,12.22000,28.15633,5.07769,1.16044,5.89233,11.75000,26.50101,24.75231,112.80521
21-1,1783321165.928830,2026-07-06T13:59:25.928830,5.08357,1.27494,6.48126,13.00000,30.04299,5.05151,1.26811,6.40585,12.89000,29.39511,5.02530,1.25150,6.28917,12.38000,28.78599,5.07369,1.16044,5.88769,11.75000,27.09047,25.06397,115.31455
21-1,1783321166.028948,2026-07-06T13:59:26.028948,5.08373,1.27201,6.46657,12.97000,30.69041,5.05542,1.27006,6.42068,12.91000,30.03794,5.02930,1.25150,6.29418,12.38000,29.41615,5.07288,1.17631,5.96726,11.91000,27.68790,25.14869,117.83239
21-1,1783321166.129066,2026-07-06T13:59:26.129066,5.09173,1.27201,6.47674,12.97000,31.33885,5.05542,1.27006,6.42068,12.91000,30.68076,5.02118,1.25346,6.29384,12.40000,30.04628,5.07299,1.17411,5.95624,11.89000,28.28423,25.14750,120.35011
21-1,1783321166.229186,2026-07-06T13:59:26.229186,5.09051,1.29447,6.58952,13.20000,31.99859,5.04707,1.27787,6.44950,12.99000,31.32649,5.02186,1.24149,6.23460,12.28000,30.67048,5.07278,1.17826,5.97705,11.93000,28.88265,25.25067,122.87821
21-1,1783321166.329305,2026-07-06T13:59:26.329305,5.09040,1.29643,6.59933,13.22000,32.65931,5.05107,1.27787,6.45461,12.99000,31.97272,5.02901,1.25663,6.31960,12.43000,31.30320,5.07678,1.17826,5.98176,11.93000,29.48154,25.35530,125.41676
21-1,1783321166.429424,2026-07-06T13:59:26.429424,5.08619,1.30033,6.61373,13.26000,33.32147,5.05907,1.27787,6.46484,12.99000,32.61997,5.02901,1.25663,6.31960,12.43000,31.93591,5.07278,1.17826,5.97705,11.93000,30.07995,25.37522,127.95730
21-1,1783321166.529545,2026-07-06T13:59:26.529545,5.08603,1.30326,6.62843,13.29000,33.98511,5.05947,1.26908,6.42088,12.90000,33.26283,5.02490,1.25858,6.32425,12.45000,32.56910,5.07339,1.16630,5.91707,11.81000,30.67237,25.29063,130.48941
21-1,1783321166.629664,2026-07-06T13:59:26.629664,5.08603,1.30326,6.62843,13.29000,34.64874,5.06183,1.21683,6.15941,12.37000,33.87951,5.02461,1.26371,6.34965,12.50000,33.20482,5.06994,1.15555,5.85858,11.70000,31.25893,24.99607,132.99200
21-1,1783321166.729784,2026-07-06T13:59:26.729784,5.08504,1.10135,5.60042,11.23000,35.20946,5.04183,1.21683,6.13507,12.37000,34.49375,5.02506,1.25565,6.30974,12.42000,33.83655,5.06894,1.17508,5.95644,11.90000,31.85529,24.00167,135.39505
21-1,1783321166.829901,2026-07-06T13:59:26.829901,5.07403,1.30326,6.61279,13.29000,35.87151,5.05911,1.27689,6.45995,12.98000,35.14051,5.02506,1.25565,6.30974,12.42000,34.46826,5.07694,1.17508,5.96584,11.90000,32.45257,25.34832,137.93286
21-1,1783321166.930022,2026-07-06T13:59:26.930022,5.07867,1.29154,6.55932,13.17000,36.52824,5.05902,1.27885,6.46972,13.00000,35.78826,5.03392,1.24052,6.24465,12.27000,35.09348,5.07273,1.17924,5.98195,11.94000,33.05149,25.25564,140.46147
21-1,1783321167.030139,2026-07-06T13:59:27.030139,5.07467,1.29154,6.55415,13.17000,37.18442,5.05586,1.26029,6.37187,12.81000,36.42619,5.02479,1.26054,6.33393,12.47000,35.72762,5.07269,1.18021,5.98684,11.95000,33.65088,25.24679,142.98911
22-1,1783321167.130296,2026-07-06T13:59:27.130296,5.08752,1.27592,6.49126,13.01000,0.65015,5.05586,1.26029,6.37187,12.81000,0.63819,5.02484,1.25956,6.32909,12.46000,0.63390,5.07920,1.13065,5.74279,11.45000,0.57518,24.93501,2.49742
22-1,1783321167.230416,2026-07-06T13:59:27.230416,5.08902,1.24833,6.35278,12.73000,1.28618,5.04854,1.24540,6.28745,12.66000,1.26769,5.02244,1.30204,6.53943,12.88000,1.28863,5.07120,1.13065,5.73375,11.45000,1.14924,24.91341,4.99174
22-1,1783321167.330537,2026-07-06T13:59:27.330537,5.08455,1.18363,6.01823,12.07000,1.88873,5.04898,1.23563,6.23869,12.56000,1.89231,5.04244,1.30204,6.56547,12.88000,1.94597,5.07669,1.25907,6.39191,12.75000,1.78920,25.21430,7.51621
22-1,1783321167.430656,2026-07-06T13:59:27.430656,5.09655,1.18363,6.03243,12.07000,2.49270,5.04979,1.12943,5.70338,11.48000,2.46333,5.02711,1.07767,5.41756,10.66000,2.48837,5.08785,1.03885,5.28551,10.52000,2.31839,22.43888,9.76278
22-1,1783321167.530776,2026-07-06T13:59:27.530776,5.08577,1.23466,6.27918,12.59000,3.12136,5.05779,1.12943,5.71241,11.48000,3.03525,5.01889,1.22318,6.13902,12.10000,3.10301,5.06589,1.15653,5.85885,11.71000,2.90497,23.98946,12.16459
22-1,1783321167.630895,2026-07-06T13:59:27.630895,5.08406,1.26591,6.43596,12.91000,3.76573,5.05298,1.23563,6.24363,12.56000,3.66036,5.02649,1.23026,6.18391,12.17000,3.72213,5.07389,1.15653,5.86810,11.71000,3.49248,24.73160,14.64069
22-1,1783321167.731014,2026-07-06T13:59:27.731014,5.08454,1.25712,6.39187,12.82000,4.40567,5.05214,1.25419,6.33634,12.75000,4.29474,5.03049,1.23026,6.18883,12.17000,4.34175,5.07805,1.15336,5.85679,11.68000,4.07886,24.77383,17.12103
22-1,1783321167.831133,2026-07-06T13:59:27.831133,5.08454,1.25712,6.39187,12.82000,5.04562,5.05627,1.25126,6.32671,12.72000,4.92817,5.02706,1.22025,6.13428,12.07000,4.95591,5.07879,1.13871,5.78325,11.53000,4.65787,24.63611,19.58757
22-1,1783321167.931250,2026-07-06T13:59:27.931250,5.08417,1.26395,6.42616,12.89000,5.68899,5.05227,1.25126,6.32170,12.72000,5.56108,5.02700,1.22123,6.13912,12.08000,5.57054,5.06994,1.15555,5.85858,11.70000,5.24441,24.74556,22.06502
22-1,1783321168.031368,2026-07-06T13:59:28.031368,5.08806,1.26591,6.44102,12.91000,6.33385,5.04938,1.22684,6.19480,12.47000,6.18129,5.02638,1.23222,6.19359,12.19000,6.19063,5.07494,1.13578,5.76400,11.50000,5.82149,24.59341,24.52727
22-1,1783321168.131486,2026-07-06T13:59:28.131486,5.08854,1.25712,6.39690,12.82000,6.97430,5.04786,1.26029,6.36178,12.81000,6.81822,5.03038,1.23222,6.19852,12.19000,6.81121,5.07494,1.13578,5.76400,11.50000,6.39857,24.72120,27.00230
22-1,1783321168.231604,2026-07-06T13:59:28.231604,5.08433,1.26102,6.41147,12.86000,7.61620,5.05205,1.25614,6.34609,12.77000,7.45358,5.02724,1.21708,6.11854,12.04000,7.42379,5.07379,1.15848,5.87789,11.73000,6.98706,24.75399,29.48062
22-1,1783321168.331723,2026-07-06T13:59:28.331723,5.08433,1.26102,6.41147,12.86000,8.25811,5.04805,1.25614,6.34107,12.77000,8.08844,5.02615,1.23637,6.21416,12.23000,8.04595,5.07429,1.14847,5.82769,11.63000,7.57052,24.79439,31.96302
22-1,1783321168.431842,2026-07-06T13:59:28.431842,5.08470,1.25419,6.37718,12.79000,8.89659,5.05325,1.22977,6.21435,12.50000,8.71061,5.03015,1.23637,6.21911,12.23000,8.66860,5.07359,1.16239,5.89748,11.77000,8.16097,24.70812,34.43677
22-1,1783321168.531960,2026-07-06T13:59:28.531960,5.08347,1.27689,6.49105,13.02000,9.54646,5.05569,1.26420,6.39139,12.85000,9.35050,5.02615,1.23637,6.21416,12.23000,9.29075,5.07359,1.16239,5.89748,11.77000,8.75141,24.99408,36.93912
22-1,1783321168.632078,2026-07-06T13:59:28.632078,5.08428,1.26200,6.41637,12.87000,10.18885,5.05601,1.25712,6.35600,12.78000,9.98686,5.02369,1.20902,6.07375,11.96000,9.89884,5.07815,1.15140,5.84699,11.66000,9.33680,24.69311,39.41135
22-1,1783321168.732197,2026-07-06T13:59:28.732197,5.08428,1.26200,6.41637,12.87000,10.83125,5.05307,1.23368,6.23387,12.54000,10.61098,5.02204,1.23832,6.21889,12.25000,10.52147,5.07764,1.16141,5.89723,11.76000,9.92723,24.76636,41.89093
22-1,1783321168.832315,2026-07-06T13:59:28.832315,5.08352,1.27592,6.48615,13.01000,11.48063,5.04907,1.23368,6.22894,12.54000,11.23461,5.03111,1.21928,6.13431,12.06000,11.13562,5.07824,1.14945,5.83718,11.64000,10.51163,24.68658,44.36250
22-1,1783321168.932433,2026-07-06T13:59:28.932433,5.08433,1.26102,6.41147,12.86000,12.12254,5.05186,1.26029,6.36683,12.81000,11.87205,5.02311,1.21928,6.12456,12.06000,11.74880,5.07424,1.14945,5.83259,11.64000,11.09558,24.73545,46.83897
22-1,1783321169.032551,2026-07-06T13:59:29.032551,5.08331,1.27982,6.50574,13.05000,12.77388,5.05245,1.24735,6.30219,12.68000,12.50301,5.02969,1.24442,6.25907,12.31000,12.37545,5.07349,1.16434,5.90728,11.79000,11.68701,24.97428,49.33934
22-1,1783321169.132670,2026-07-06T13:59:29.132670,5.09531,1.27982,6.52110,13.05000,13.42677,5.07635,0.89627,4.54977,9.11000,12.95853,5.03849,1.08866,5.48518,10.77000,12.92462,5.08020,1.03201,5.24283,10.45000,12.21191,21.79888,51.52183
22-1,1783321169.232788,2026-07-06T13:59:29.232788,5.09443,0.85598,4.36074,8.73000,13.86336,5.06035,0.89627,4.53542,9.11000,13.41261,5.04337,0.86038,4.33920,8.51000,13.35905,5.09061,0.82669,4.20833,8.37000,12.63324,17.44369,53.26826
22-1,1783321169.332906,2026-07-06T13:59:29.332906,5.09453,0.85403,4.35088,8.71000,14.29896,5.05630,0.89724,4.53674,9.12000,13.86682,5.03937,0.86038,4.33576,8.51000,13.79314,5.06959,1.16239,5.89283,8.37000,13.22322,19.11621,55.18214
22-1,1783321169.433025,2026-07-06T13:59:29.433025,5.07281,1.25224,6.35235,12.77000,14.93495,5.04023,1.25224,6.31155,12.73000,14.49872,5.02986,1.24149,6.24454,12.28000,14.41834,5.07759,1.16239,5.90213,11.77000,13.81414,24.81057,57.66615
22-1,1783321169.533144,2026-07-06T13:59:29.533144,5.08401,1.26688,6.44085,12.92000,15.57979,5.04764,1.26518,6.38615,12.86000,15.13809,5.03049,1.23026,6.18883,12.17000,15.03795,5.07754,1.16337,5.90703,11.78000,14.40554,24.92286,60.16138
22-1,1783321169.633261,2026-07-06T13:59:29.633261,5.08401,1.26688,6.44085,12.92000,16.22464,5.05564,1.26518,6.39627,12.86000,15.77847,5.02586,1.24149,6.23957,12.28000,15.66264,5.07784,1.15751,5.87763,11.72000,14.99399,24.95432,62.65974
22-1,1783321169.733379,2026-07-06T13:59:29.733379,5.08412,1.26493,6.43106,12.90000,16.86850,5.05191,1.25932,6.36195,12.80000,16.41541,5.02986,1.24149,6.24454,12.28000,16.28783,5.06934,1.16727,5.91730,11.82000,15.58642,24.95485,65.15816
22-1,1783321169.833497,2026-07-06T13:59:29.833497,5.08390,1.26884,6.45065,12.94000,17.51432,5.05201,1.25712,6.35097,12.78000,17.05126,5.02631,1.23344,6.19964,12.20000,16.90852,5.07734,1.16727,5.92664,11.82000,16.17978,24.92790,67.65389
22-1,1783321169.933620,2026-07-06T13:59:29.933620,5.08272,1.29057,6.55959,13.16000,18.17109,5.05169,1.26420,6.38634,12.85000,17.69068,5.02552,1.24760,6.26982,12.34000,17.53628,5.07029,1.14847,5.82309,11.63000,16.76281,25.03884,70.16086
22-1,1783321170.033739,2026-07-06T13:59:30.033739,5.09072,1.29057,6.56991,13.16000,18.82886,5.05169,1.26420,6.38634,12.85000,18.33008,5.03038,1.23222,6.19852,12.19000,18.15687,5.06929,1.16825,5.92219,11.83000,17.35573,25.07696,72.67154
22-1,1783321170.133858,2026-07-06T13:59:30.133858,5.09088,1.28764,6.55520,13.13000,19.48517,5.05214,1.25419,6.33634,12.75000,18.96446,5.02638,1.23222,6.19359,12.19000,18.77697,5.07329,1.16825,5.92687,11.83000,17.94912,25.01200,75.17572
22-1,1783321170.233977,2026-07-06T13:59:30.233977,5.09157,1.27494,6.49146,13.00000,20.13508,5.05169,1.26420,6.38634,12.85000,19.60386,5.02569,1.24442,6.25409,12.31000,19.40312,5.07729,1.16825,5.93154,11.83000,18.54298,25.06343,77.68504
22-1,1783321170.334095,2026-07-06T13:59:30.334095,5.08422,1.26298,6.42126,12.88000,20.77797,5.05578,1.26225,6.38163,12.83000,20.24278,5.03106,1.22025,6.13916,12.07000,20.01776,5.06994,1.15555,5.85858,11.70000,19.12954,24.80063,80.16805
22-1,1783321170.434216,2026-07-06T13:59:30.434216,5.08422,1.26298,6.42126,12.88000,21.42087,5.04778,1.26225,6.37153,12.83000,20.88070,5.02935,1.25053,6.28934,12.37000,20.64746,5.06919,1.17020,5.93198,11.85000,19.72345,25.01411,82.67249
22-1,1783321170.534337,2026-07-06T13:59:30.534337,5.08672,1.29057,6.56475,13.16000,22.07814,5.05133,1.27201,6.42535,12.93000,21.52401,5.02706,1.22025,6.13428,12.07000,21.26162,5.07319,1.17020,5.93666,11.85000,20.31783,25.06104,85.18160
22-1,1783321170.634459,2026-07-06T13:59:30.634459,5.08694,1.21317,6.17133,12.37000,22.69602,5.05655,1.15677,5.84928,11.76000,22.10965,5.02706,1.22025,6.13428,12.07000,21.87580,5.07319,1.17020,5.93666,11.85000,20.91222,24.09155,87.59370
22-1,1783321170.734579,2026-07-06T13:59:30.734579,5.08444,1.25907,6.40167,12.84000,23.33696,5.05942,1.27006,6.42576,12.91000,22.75300,5.02592,1.24052,6.23473,12.27000,22.50002,5.07344,1.16532,5.91217,11.80000,21.50415,24.97433,90.09413
22-1,1783321170.834699,2026-07-06T13:59:30.834699,5.08277,1.28959,6.55469,13.15000,23.99321,5.05542,1.27006,6.42068,12.91000,23.39584,5.02512,1.25468,6.30490,12.41000,23.13127,5.07309,1.17215,5.94645,11.87000,22.09951,25.22672,92.61983
22-1,1783321170.934817,2026-07-06T13:59:30.934817,5.08277,1.28959,6.55469,13.15000,24.64946,5.05533,1.27201,6.43044,12.93000,24.03964,5.03746,1.24857,6.28964,12.35000,23.76097,5.07314,1.17118,5.94156,11.86000,22.69436,25.21633,95.14443
22-1,1783321171.034934,2026-07-06T13:59:31.034934,5.08645,1.29545,6.58924,13.21000,25.30915,5.05578,1.26225,6.38163,12.83000,24.67855,5.02146,1.24857,6.26966,12.35000,24.38867,5.07344,1.16532,5.91217,11.80000,23.28627,25.15270,97.66264
22-1,1783321171.135072,2026-07-06T13:59:31.135072,5.08699,1.28568,6.54026,13.11000,25.96408,5.05542,1.27006,6.42068,12.91000,25.32150,5.02546,1.24857,6.27466,12.35000,25.01701,5.07344,1.16532,5.91217,11.80000,23.87831,25.14777,100.18090
22-1,1783321171.235191,2026-07-06T13:59:31.235191,5.08768,1.27299,6.47655,12.98000,26.61251,5.04742,1.27006,6.41052,12.91000,25.96332,5.02660,1.22831,6.17422,12.15000,25.63516,5.08104,1.17313,5.96073,11.88000,24.47509,25.02202,102.68608
22-1,1783321171.335310,2026-07-06T13:59:31.335310,5.07968,1.27299,6.46637,12.98000,27.25991,5.05668,1.15384,5.83462,11.73000,26.54747,5.02518,1.25346,6.29885,12.40000,26.26579,5.08189,1.15653,5.87735,11.71000,25.06352,24.47719,105.13670
22-1,1783321171.435429,2026-07-06T13:59:31.435429,5.09072,1.29057,6.56991,13.16000,27.91769,5.05133,1.27201,6.42535,12.93000,27.19077,5.02518,1.25346,6.29885,12.40000,26.89643,5.07704,1.17313,5.95604,11.88000,25.65984,25.25015,107.66473
22-1,1783321171.535547,2026-07-06T13:59:31.535547,5.09099,1.28568,6.54540,13.11000,28.57300,5.05632,1.25028,6.32182,12.71000,27.82370,5.02964,1.24540,6.26391,12.32000,27.52356,5.06904,1.17313,5.94666,11.88000,26.25521,25.07779,110.17547
22-1,1783321171.635664,2026-07-06T13:59:31.635664,5.09131,1.27982,6.51598,13.05000,29.22536,5.04432,1.25028,6.30682,12.71000,28.45513,5.02930,1.25150,6.29418,12.38000,28.15372,5.06894,1.17508,5.95644,11.90000,26.85155,25.07342,112.68576
22-1,1783321171.735782,2026-07-06T13:59:31.735782,5.09131,1.27982,6.51598,13.05000,29.87773,5.05924,1.27396,6.44530,12.95000,29.10041,5.02924,1.25248,6.29902,12.39000,28.78436,5.06904,1.17313,5.94666,11.88000,27.44691,25.20696,115.20942
22-1,1783321171.835903,2026-07-06T13:59:31.835903,5.09093,1.28666,6.55030,13.12000,30.53355,5.05920,1.27494,6.45018,12.96000,29.74621,5.02524,1.25248,6.29401,12.39000,29.41452,5.07273,1.17924,5.98195,11.94000,28.04583,25.27644,117.74012
22-1,1783321171.936022,2026-07-06T13:59:31.936022,5.09120,1.28178,6.52578,13.07000,31.18690,5.05227,1.25126,6.32170,12.72000,30.37913,5.03695,1.25761,6.33450,12.44000,30.04873,5.07273,1.17924,5.98195,11.94000,28.64474,25.16393,120.25950
22-1,1783321172.036140,2026-07-06T13:59:32.036140,5.09061,1.29252,6.57972,13.18000,31.84565,5.04427,1.25126,6.31169,12.72000,31.01105,5.03735,1.25053,6.29934,12.37000,30.67941,5.06924,1.16923,5.92709,11.84000,29.23815,25.11784,122.77426
22-1,1783321172.136220,2026-07-06T13:59:32.136220,5.09173,1.27201,6.47674,12.97000,32.49385,5.04320,1.27494,6.42978,12.96000,31.65454,5.02530,1.25150,6.28917,12.38000,31.30883,5.07288,1.17631,5.96726,11.91000,29.83535,25.16295,125.29257
22-1,1783321172.236339,2026-07-06T13:59:32.236339,5.07973,1.27201,6.46148,12.97000,33.14076,5.04307,1.27787,6.44439,12.99000,32.29975,5.01730,1.25150,6.27916,12.38000,31.93749,5.07264,1.18119,5.99174,11.96000,30.43524,25.17677,127.81324
22-1,1783321172.336457,2026-07-06T13:59:32.336457,5.08261,1.29252,6.56938,13.18000,33.79848,5.06014,1.25419,6.34637,12.75000,32.93514,5.02095,1.25761,6.31438,12.44000,32.56968,5.07673,1.17924,5.98666,11.94000,31.03461,25.21679,130.33790
22-1,1783321172.436575,2026-07-06T13:59:32.436575,5.08299,1.28568,6.53511,13.11000,34.45276,5.05614,1.25419,6.34135,12.75000,33.57002,5.02204,1.23832,6.21889,12.25000,33.19230,5.07273,1.17924,5.98195,11.94000,31.63351,25.07730,132.84859
22-1,1783321172.536692,2026-07-06T13:59:32.536692,5.09024,1.29936,6.61403,13.25000,35.11494,5.05124,1.27396,6.43511,12.95000,34.21428,5.02918,1.25346,6.30386,12.40000,33.82342,5.07283,1.17728,5.97216,11.92000,32.23143,25.32516,135.38407
22-1,1783321172.636811,2026-07-06T13:59:32.636811,5.07824,1.29936,6.59844,13.25000,35.77557,5.05098,1.27982,6.46437,13.01000,34.86149,5.02118,1.25346,6.29384,12.40000,34.45355,5.07324,1.16923,5.93176,11.84000,32.82531,25.28841,137.91592
22-1,1783321172.736929,2026-07-06T13:59:32.736929,5.07868,1.21805,6.18610,12.42000,36.39490,5.04698,1.27982,6.45925,13.01000,35.50817,5.04055,1.19388,6.01783,11.81000,35.05604,5.07259,1.18216,5.99663,11.97000,33.42568,24.65981,140.38480
23-1,1783321172.937176,2026-07-06T13:59:32.937176,5.09024,1.29936,6.61403,13.25000,0.66225,5.05036,1.20511,6.08627,12.25000,0.60941,5.03581,1.27787,6.43511,12.64000,0.64433,5.07599,1.11502,5.65985,11.29000,0.56671,24.79526,2.48270
23-1,1783321173.037296,2026-07-06T13:59:33.037296,5.08624,1.29936,6.60884,13.25000,1.32392,5.04466,1.33110,6.71492,13.53000,1.28170,5.02381,1.27787,6.41978,12.64000,1.28708,5.06964,1.24027,6.28773,12.56000,1.19623,26.03127,5.08893
23-1,1783321173.137414,2026-07-06T13:59:33.137414,5.08549,1.31303,6.67740,13.39000,1.99245,5.07047,1.02615,5.20308,10.43000,1.80262,5.02409,1.13114,5.68294,11.19000,1.85604,5.10100,0.93728,4.78109,9.49000,1.67491,22.34451,7.32602
23-1,1783321173.237533,2026-07-06T13:59:33.237533,5.08812,1.26493,6.43612,12.90000,2.63683,5.05847,1.02615,5.19077,10.43000,2.32232,5.01975,1.20804,6.06408,11.95000,2.46317,5.08100,0.93728,4.76234,9.49000,2.15171,22.45331,9.57402
23-1,1783321173.337650,2026-07-06T13:59:33.337650,5.08693,1.28666,6.54515,13.12000,3.29211,5.04902,1.23466,6.23381,12.55000,2.94643,5.02689,1.22318,6.14881,12.10000,3.07877,5.08194,1.15555,5.87244,11.70000,2.73964,24.80021,12.05694
23-1,1783321173.437769,2026-07-06T13:59:33.437769,5.08693,1.28666,6.54515,13.12000,3.94740,5.04791,1.25932,6.35691,12.80000,3.58288,5.03089,1.22318,6.15370,12.10000,3.69488,5.08194,1.15555,5.87244,11.70000,3.32758,24.92820,14.55274
23-1,1783321173.537886,2026-07-06T13:59:33.537886,5.08736,1.27885,6.50596,13.04000,4.59876,5.05610,1.25517,6.34624,12.76000,4.21824,5.02631,1.23344,6.19964,12.20000,4.31557,5.07459,1.14261,5.79829,11.57000,3.90809,24.85013,17.04066
23-1,1783321173.638004,2026-07-06T13:59:33.638004,5.08357,1.27494,6.48126,13.00000,5.24765,5.04410,1.25517,6.33117,12.76000,4.85211,5.02678,1.22514,6.15849,12.12000,4.93214,5.07384,1.15751,5.87300,11.72000,4.49608,24.84392,19.52798
23-1,1783321173.738124,2026-07-06T13:59:33.738124,5.08347,1.27689,6.49105,13.02000,5.89753,5.04920,1.23075,6.21431,12.51000,5.47428,5.02724,1.21708,6.11854,12.04000,5.54473,5.07384,1.15751,5.87300,11.72000,5.08409,24.69690,22.00063
23-1,1783321173.838243,2026-07-06T13:59:33.838243,5.08860,1.25614,6.39200,12.81000,6.53749,5.04818,1.25321,6.32645,12.74000,6.10768,5.02244,1.23124,6.18382,12.18000,6.16385,5.07464,1.14164,5.79339,11.56000,5.66411,24.69566,24.47313
23-1,1783321173.938362,2026-07-06T13:59:33.938362,5.08860,1.25614,6.39200,12.81000,7.17746,5.05201,1.25712,6.35097,12.78000,6.74353,5.03044,1.23124,6.19367,12.18000,6.78395,5.07364,1.16141,5.89259,11.76000,6.25407,24.82923,26.95901
23-1,1783321174.038502,2026-07-06T13:59:34.038502,5.08422,1.26298,6.42126,12.88000,7.82048,5.05201,1.25712,6.35097,12.78000,7.37952,5.02706,1.22025,6.13428,12.07000,7.39824,5.07819,1.15043,5.84209,11.65000,6.83910,24.74860,29.43734
23-1,1783321174.138622,2026-07-06T13:59:34.138622,5.08508,1.24735,6.34288,12.72000,8.45553,5.04902,1.23466,6.23381,12.55000,8.00365,5.02615,1.23637,6.21416,12.23000,8.02040,5.07819,1.15043,5.84209,11.65000,7.42401,24.63294,31.90360
23-1,1783321174.238740,2026-07-06T13:59:34.238740,5.07990,1.26884,6.44557,12.94000,9.10085,5.04796,1.25810,6.35082,12.79000,8.63948,5.02592,1.24052,6.23473,12.27000,8.64461,5.07759,1.16239,5.90213,11.77000,8.01492,24.93325,34.39987
23-1,1783321174.338859,2026-07-06T13:59:34.338859,5.08790,1.26884,6.45572,12.94000,9.74719,5.05191,1.25932,6.36195,12.80000,9.27643,5.02592,1.24052,6.23473,12.27000,9.26882,5.07774,1.15946,5.88743,11.74000,8.60436,24.93983,36.89680
23-1,1783321174.438977,2026-07-06T13:59:34.438977,5.08460,1.25614,6.38698,12.81000,10.38664,5.05191,1.25932,6.36195,12.80000,9.91337,5.02380,1.20707,6.06407,11.94000,9.87594,5.07344,1.16532,5.91217,11.80000,9.19628,24.72517,39.37223
24-1,1783321174.539114,2026-07-06T13:59:34.539114,5.08417,1.26395,6.42616,12.89000,0.64350,5.04929,1.22880,6.20455,12.49000,0.62131,5.02609,1.16654,5.86313,11.54000,0.58712,5.07744,1.16532,5.91684,11.80000,0.59250,24.41068,2.44442
24-1,1783321174.639236,2026-07-06T13:59:34.639236,5.07829,1.29838,6.59355,13.24000,1.30366,5.04493,1.32499,6.68450,13.47000,1.29058,5.01879,1.29594,6.50404,12.82000,1.23832,5.07374,1.15946,5.88279,11.74000,1.18150,25.66488,5.01405
24-1,1783321174.739358,2026-07-06T13:59:34.739358,5.08629,1.29838,6.60394,13.24000,1.96486,5.05061,1.37626,6.95097,13.99000,1.98652,5.02679,1.29594,6.51440,12.82000,1.89055,5.07009,1.23148,6.24372,12.47000,1.80663,26.31303,7.64855
24-1,1783321174.839478,2026-07-06T13:59:34.839478,5.08105,1.39457,7.08589,14.22000,2.67430,5.05861,1.37626,6.96198,13.99000,2.68355,5.02711,1.14847,5.77350,11.36000,2.46859,5.10321,0.81472,4.15770,8.25000,2.22290,23.97907,10.04934
24-1,1783321174.939595,2026-07-06T13:59:34.939595,5.09133,1.20609,6.14061,12.30000,3.28908,5.06507,0.88040,4.45927,8.95000,3.13000,5.02551,1.17679,5.91399,11.64000,3.06069,5.05609,1.11307,5.62779,11.27000,2.78634,22.14166,12.26611
24-1,1783321175.039714,2026-07-06T13:59:35.039714,5.08817,1.26395,6.43122,12.89000,3.93297,5.04814,1.25419,6.33132,12.75000,3.76389,5.02575,1.24345,6.24925,12.30000,3.68636,5.07609,1.11307,5.65005,11.27000,3.35201,24.66184,14.73522
24-1,1783321175.139832,2026-07-06T13:59:35.139832,5.08881,1.25224,6.37239,12.77000,4.57096,5.05329,1.22880,6.20947,12.49000,4.38557,5.02975,1.24345,6.25422,12.30000,4.31252,5.07479,1.13871,5.77870,11.53000,3.93057,24.61478,17.19961
25-1,1783321175.239970,2026-07-06T13:59:35.239970,5.08481,1.25224,6.36738,12.77000,0.63761,5.04929,1.22880,6.20455,12.49000,0.62131,5.02169,1.17362,5.89356,11.61000,0.59016,5.07415,1.15140,5.84238,11.66000,0.58504,24.30787,2.43412
25-1,1783321175.340086,2026-07-06T13:59:35.340086,5.08640,1.29643,6.59414,13.22000,1.29779,5.05275,1.32914,6.71582,13.51000,1.29367,5.01473,1.29691,6.50368,12.83000,1.24129,5.07535,1.12772,5.72357,11.42000,1.15806,25.53721,4.99081
25-1,1783321175.440225,2026-07-06T13:59:35.440225,5.09656,1.11014,5.65790,11.32000,1.86437,5.07338,0.87356,4.43191,8.88000,1.73748,5.04847,1.05350,5.31856,10.42000,1.77388,5.06735,1.12772,5.71455,11.42000,1.73031,21.12292,7.10604
25-1,1783321175.540344,2026-07-06T13:59:35.540344,5.07596,1.26786,6.43561,12.93000,2.50869,5.03761,1.22172,6.15453,12.42000,2.35366,5.04447,1.05350,5.31434,10.42000,2.30595,5.07398,1.15458,5.85830,11.69000,2.31684,23.76278,9.48514
25-1,1783321175.640464,2026-07-06T13:59:35.640464,5.08796,1.26786,6.45082,12.93000,3.15455,5.05361,1.22172,6.17408,12.42000,2.97181,5.02649,1.23026,6.18391,12.17000,2.92509,5.07424,1.14945,5.83259,11.64000,2.90080,24.64140,11.95225
25-1,1783321175.740583,2026-07-06T13:59:35.740583,5.08449,1.25810,6.39677,12.83000,3.79499,5.05618,1.25321,6.33647,12.74000,3.60621,5.02775,1.20804,6.07374,11.95000,3.53318,5.07398,1.15458,5.85830,11.69000,3.48733,24.66528,14.42171
25-1,1783321175.840703,2026-07-06T13:59:35.840703,5.08331,1.27982,6.50574,13.05000,4.44634,5.05623,1.25224,6.33159,12.73000,4.24013,5.02204,1.23832,6.21889,12.25000,4.15582,5.07798,1.15458,5.86292,11.69000,4.07432,24.91914,16.91661
25-1,1783321175.940822,2026-07-06T13:59:35.940822,5.08747,1.27689,6.49616,13.02000,5.09673,5.05267,1.24247,6.27779,12.63000,4.86865,5.02604,1.23832,6.22384,12.25000,4.77894,5.07374,1.15946,5.88279,11.74000,4.66330,24.88058,19.40762
25-1,1783321176.040939,2026-07-06T13:59:36.040939,5.07947,1.27689,6.48594,13.02000,5.74609,5.05267,1.24247,6.27779,12.63000,5.49717,5.02631,1.23344,6.19964,12.20000,5.39963,5.07474,1.13968,5.78360,11.54000,5.24234,24.74697,21.88523
25-1,1783321176.141058,2026-07-06T13:59:36.141058,5.08865,1.25517,6.38710,12.80000,6.38556,5.04889,1.23759,6.24844,12.58000,6.12276,5.02798,1.20389,6.05316,11.91000,6.00567,5.07384,1.15751,5.87300,11.72000,5.83034,24.56170,24.34432
25-1,1783321176.241179,2026-07-06T13:59:36.241179,5.08352,1.27592,6.48615,13.01000,7.03496,5.05596,1.25810,6.36088,12.79000,6.75962,5.02226,1.23441,6.19954,12.21000,6.62637,5.07484,1.13773,5.77380,11.72000,6.40841,24.82037,26.82936
25-1,1783321176.341298,2026-07-06T13:59:36.341298,5.08460,1.25614,6.38698,12.81000,7.67441,5.05636,1.24931,6.31694,12.70000,7.39206,5.03026,1.23441,6.20942,12.21000,7.24805,5.07484,1.13773,5.77380,11.52000,6.98648,24.68714,29.30100
25-1,1783321176.441416,2026-07-06T13:59:36.441416,5.08428,1.26200,6.41637,12.87000,8.31681,5.05258,1.24442,6.28755,12.70000,8.02156,5.02644,1.23124,6.18875,12.18000,7.86766,5.07769,1.16044,5.89233,11.75000,7.57641,24.78500,31.78244
25-1,1783321176.541535,2026-07-06T13:59:36.541535,5.08028,1.26200,6.41132,12.87000,8.95870,5.05258,1.24442,6.28755,12.65000,8.65106,5.02666,1.22733,6.16938,12.14000,8.48533,5.07834,1.14750,5.82738,11.62000,8.15984,24.69563,34.25493
25-1,1783321176.641653,2026-07-06T13:59:36.641653,5.08486,1.25126,6.36248,12.76000,9.59570,5.04405,1.25614,6.33604,12.77000,9.28541,5.03015,1.23637,6.21911,12.23000,9.10798,5.07764,1.16141,5.89723,11.76000,8.75026,24.81486,36.73936
25-1,1783321176.741772,2026-07-06T13:59:36.741772,5.08412,1.26493,6.43106,12.90000,10.23957,5.04476,1.24052,6.25811,12.61000,9.91197,5.02615,1.23637,6.21416,12.23000,9.73013,5.07764,1.16141,5.89723,11.76000,9.34068,24.80056,39.22235
25-1,1783321176.841891,2026-07-06T13:59:36.841891,5.08822,1.26298,6.42632,12.88000,10.88297,5.05547,1.26908,6.41580,12.90000,10.55431,5.02380,1.20707,6.06407,11.94000,10.33726,5.07454,1.14359,5.80319,11.58000,9.92169,24.70938,41.69622
25-1,1783321176.942009,2026-07-06T13:59:36.942009,5.08822,1.26298,6.42632,12.88000,11.52636,5.05547,1.26908,6.41580,12.90000,11.19665,5.02998,1.23930,6.23364,12.26000,10.96136,5.07354,1.16337,5.90238,11.78000,10.51263,24.97814,44.19699
25-1,1783321177.042130,2026-07-06T13:59:37.042130,5.08725,1.28080,6.51576,13.06000,12.17872,5.05201,1.25712,6.35097,12.78000,11.83251,5.03111,1.21928,6.13431,12.06000,11.57553,5.07454,1.14359,5.80319,11.58000,11.09365,24.80423,46.68041
25-1,1783321177.142248,2026-07-06T13:59:37.142248,5.08812,1.26493,6.43612,12.90000,12.82309,5.05245,1.24735,6.30219,12.68000,12.46348,5.02169,1.24442,6.24911,12.31000,12.20118,5.07454,1.14359,5.80319,11.58000,11.67465,24.79061,49.16240
25-1,1783321177.242367,2026-07-06T13:59:37.242367,5.08336,1.27885,6.50084,13.04000,13.47395,5.04778,1.26225,6.37153,12.83000,13.10139,5.03369,1.24442,6.26404,12.31000,12.82833,5.07334,1.16727,5.92197,11.82000,12.26755,25.05838,51.67122
25-1,1783321177.342485,2026-07-06T13:59:37.342485,5.08336,1.27885,6.50084,13.04000,14.12480,5.05178,1.26225,6.37658,12.83000,13.73980,5.02215,1.23637,6.20921,12.23000,13.44998,5.07398,1.15458,5.85830,11.69000,12.85407,24.94493,54.16866
25-1,1783321177.442604,2026-07-06T13:59:37.442604,5.09168,1.27299,6.48165,12.98000,14.77374,5.04911,1.23270,6.22406,12.53000,14.36294,5.02158,1.24638,6.25878,12.33000,14.07660,5.07554,1.12381,5.70397,11.38000,13.42515,24.66846,56.63843
25-1,1783321177.542723,2026-07-06T13:59:37.542723,5.09533,1.20609,6.14543,12.30000,15.38901,5.04778,1.26225,6.37153,12.83000,15.00085,5.02992,1.24052,6.23969,12.27000,14.70131,5.06354,1.12381,5.69048,11.38000,13.99488,24.44713,59.08606
25-1,1783321177.642841,2026-07-06T13:59:37.642841,5.09213,1.19144,6.06698,12.15000,15.99643,5.05952,1.17948,5.96760,11.99000,15.59832,5.02992,1.24052,6.23969,12.27000,15.32602,5.07834,1.14750,5.82738,11.62000,14.57830,24.10165,61.49907
25-1,1783321177.742958,2026-07-06T13:59:37.742958,5.08390,1.26884,6.45065,12.94000,16.64225,5.05152,1.17948,5.95817,11.99000,16.19484,5.02329,1.21610,6.10883,12.03000,15.93762,5.07334,1.16727,5.92197,11.82000,15.17119,24.43962,63.94590
25-1,1783321177.843078,2026-07-06T13:59:37.843078,5.08790,1.26884,6.45572,12.94000,17.28859,5.04889,1.23759,6.24844,12.58000,16.82043,5.02164,1.24540,6.25395,12.32000,16.56376,5.07349,1.16434,5.90728,11.79000,15.76263,24.86539,66.43541
25-1,1783321177.943196,2026-07-06T13:59:37.943196,5.08768,1.27299,6.47655,12.98000,17.93701,5.04773,1.26322,6.37641,12.84000,17.45882,5.02718,1.21805,6.12338,12.05000,17.17682,5.07334,1.16727,5.92197,11.82000,16.35552,24.89831,68.92818
25-1,1783321178.043313,2026-07-06T13:59:38.043313,5.08763,1.27396,6.48145,12.99000,18.58592,5.05258,1.24442,6.28755,12.65000,18.08831,5.02718,1.21805,6.12338,12.05000,17.78988,5.06934,1.16727,5.91730,11.82000,16.94795,24.80968,71.41205
25-1,1783321178.143430,2026-07-06T13:59:38.143430,5.08677,1.28959,6.55985,13.15000,19.24267,5.04058,1.24442,6.27262,12.65000,18.71631,5.02558,1.24638,6.26377,12.33000,18.41699,5.07319,1.17020,5.93666,11.85000,17.54231,25.03290,73.91829
25-1,1783321178.243548,2026-07-06T13:59:38.243548,5.08277,1.28959,6.55469,13.15000,19.89891,5.04738,1.27103,6.41539,12.92000,19.35860,5.02609,1.23734,6.21900,12.24000,19.03962,5.07410,1.15238,5.84728,11.67000,18.12773,25.03636,76.42487
25-1,1783321178.343668,2026-07-06T13:59:38.343668,5.08752,1.27592,6.49126,13.01000,20.54882,5.04858,1.24442,6.28257,12.65000,19.98761,5.02552,1.24760,6.26982,12.34000,19.66736,5.06914,1.17118,5.93687,11.86000,18.72212,24.98052,78.92591
25-1,1783321178.443785,2026-07-06T13:59:38.443785,5.08773,1.27201,6.47165,12.97000,21.19674,5.05133,1.27201,6.42535,12.93000,20.63091,5.02552,1.24760,6.26982,12.34000,20.29508,5.07314,1.17118,5.94156,11.86000,19.31698,25.10838,81.43970
25-1,1783321178.543905,2026-07-06T13:59:38.543905,5.08385,1.26981,6.45555,12.95000,21.84307,5.04733,1.27201,6.42027,12.93000,21.27370,5.02912,1.25468,6.30992,12.41000,20.92683,5.06909,1.17215,5.94176,11.87000,19.91187,25.12750,83.95547
25-1,1783321178.644024,2026-07-06T13:59:38.644024,5.08385,1.26981,6.45555,12.95000,22.48939,5.05573,1.26322,6.38651,12.84000,21.91311,5.02981,1.24247,6.24938,12.29000,21.55250,5.06994,1.15555,5.85858,11.70000,20.49842,24.95002,86.45342
25-1,1783321178.744141,2026-07-06T13:59:38.744141,5.09531,1.27982,6.52110,13.05000,23.14227,5.05551,1.26811,6.41092,12.89000,22.55495,5.02535,1.25053,6.28433,12.37000,22.18167,5.07314,1.17118,5.94156,11.86000,21.09327,25.15791,88.97217
25-1,1783321178.844258,2026-07-06T13:59:38.844258,5.09461,1.29252,6.58489,13.18000,23.80153,5.04351,1.26811,6.39570,12.89000,23.19527,5.02935,1.25053,6.28934,12.37000,22.81134,5.07314,1.17118,5.94156,11.86000,21.68812,25.21149,91.49627
25-1,1783321178.944376,2026-07-06T13:59:38.944376,5.08667,1.29154,6.56965,13.17000,24.45927,5.05551,1.26811,6.41092,12.89000,23.83712,5.02564,1.24540,6.25893,12.32000,23.43797,5.06899,1.17411,5.95155,11.89000,22.28398,25.19105,94.01834
25-1,1783321179.044495,2026-07-06T13:59:39.044495,5.08267,1.29154,6.56448,13.17000,25.11650,5.05249,1.24638,6.29731,12.67000,24.46760,5.02524,1.25248,6.29401,12.39000,24.06812,5.07704,1.17313,5.95604,11.88000,22.88029,25.11184,96.53252
25-1,1783321179.144613,2026-07-06T13:59:39.144613,5.08704,1.28471,6.53536,13.10000,25.77080,5.05133,1.27201,6.42535,12.93000,25.11089,5.02518,1.25346,6.29885,12.40000,24.69875,5.07739,1.16630,5.92174,11.81000,23.47317,25.18130,99.05362
25-1,1783321179.244730,2026-07-06T13:59:39.244730,5.08854,1.25712,6.39690,12.82000,26.41124,5.05520,1.27494,6.44508,12.96000,25.75616,5.02118,1.25346,6.29384,12.40000,25.32887,5.06894,1.17508,5.95644,11.90000,24.06951,25.09226,101.56578
25-1,1783321179.344847,2026-07-06T13:59:39.344847,5.08656,1.29350,6.57945,13.19000,27.06996,5.05120,1.27494,6.43998,12.96000,26.40091,5.02620,1.23539,6.20932,12.22000,25.95053,5.07294,1.17508,5.96114,11.90000,24.66632,25.18989,104.08771
25-1,1783321179.444966,2026-07-06T13:59:39.444966,5.08667,1.29154,6.56965,13.17000,27.72770,5.05520,1.27494,6.44508,12.96000,27.04618,5.02501,1.25663,6.31457,12.43000,26.58274,5.07283,1.17728,5.97216,11.92000,25.26424,25.30146,106.62087
25-1,1783321179.545086,2026-07-06T13:59:39.545086,5.07867,1.29154,6.55932,13.17000,28.38442,5.05511,1.27689,6.45484,12.98000,27.69244,5.03301,1.25663,6.32463,12.43000,27.21596,5.07278,1.17826,5.97705,11.93000,25.86267,25.31584,109.15550
25-1,1783321179.645205,2026-07-06T13:59:39.645205,5.08587,1.30619,6.64312,13.32000,29.04952,5.05218,1.25321,6.33146,12.74000,28.32634,5.02501,1.25663,6.31457,12.43000,27.84817,5.07339,1.16630,5.91707,11.81000,26.45508,25.20622,111.67911
25-1,1783321179.745323,2026-07-06T13:59:39.745323,5.08773,1.27201,6.47165,12.97000,29.69746,5.05218,1.25321,6.33146,12.74000,28.96024,5.03398,1.23930,6.23859,12.26000,28.47277,5.06939,1.16630,5.91241,11.81000,27.04702,24.95411,114.17748
25-1,1783321179.845443,2026-07-06T13:59:39.845443,5.07851,1.29447,6.57399,13.20000,30.35564,5.05124,1.27396,6.43511,12.95000,29.60452,5.03295,1.25761,6.32947,12.44000,29.10647,5.07673,1.17924,5.98666,11.94000,27.64640,25.32523,116.71303
25-1,1783321179.945562,2026-07-06T13:59:39.945562,5.09051,1.29447,6.58952,13.20000,31.01537,5.05566,1.17655,5.94823,11.96000,30.20004,5.01900,1.15043,5.77399,11.38000,29.68456,5.08165,1.08231,5.49991,10.96000,28.19705,23.81165,119.09702
25-1,1783321180.045679,2026-07-06T13:59:40.045679,5.08359,1.20121,6.10646,12.25000,31.62674,5.05991,1.25932,6.37202,12.80000,30.83800,5.02700,1.15043,5.78319,11.38000,30.26355,5.06878,1.17826,5.97234,11.93000,28.79498,24.23401,121.52327
25-1,1783321180.145797,2026-07-06T13:59:40.145797,5.07797,1.30424,6.62289,13.30000,32.28981,5.05591,1.25932,6.36698,12.80000,31.47544,5.02615,1.23637,6.21416,12.23000,30.88570,5.07278,1.17826,5.97705,11.93000,29.39339,25.18108,124.04435
25-1,1783321180.245917,2026-07-06T13:59:40.245917,5.10277,0.99637,5.08424,10.16000,32.79884,5.06307,1.27787,6.46995,12.99000,32.12322,5.03438,1.23222,6.20344,12.19000,31.50679,5.08134,1.16727,5.93131,11.82000,29.98723,23.68894,126.41608
25-1,1783321180.346035,2026-07-06T13:59:40.346035,5.08677,0.99637,5.06829,10.16000,33.30627,5.08026,0.89822,4.56319,9.13000,32.58007,5.05532,0.86135,4.35442,8.52000,31.94275,5.08261,0.82669,4.20172,8.37000,30.40790,18.18762,128.23699
25-1,1783321180.446155,2026-07-06T13:59:40.446155,5.09064,0.85208,4.33762,8.69000,33.74055,5.04770,1.17557,5.93394,11.95000,33.17418,5.02575,1.24345,6.24925,12.30000,32.56842,5.07235,1.02908,5.21987,10.42000,30.93051,21.74068,130.41366
25-1,1783321180.546273,2026-07-06T13:59:40.546273,5.09125,1.28080,6.52088,13.06000,34.39341,5.05170,1.17557,5.93864,11.95000,33.76875,5.01775,1.24345,6.23930,12.30000,33.19309,5.06873,1.17924,5.97723,11.94000,31.52894,24.67605,132.88419
25-1,1783321180.646392,2026-07-06T13:59:40.646392,5.09029,1.29838,6.60913,13.24000,35.05511,5.05111,1.27689,6.44974,12.98000,34.41448,5.02906,1.25565,6.31476,12.42000,33.82531,5.07273,1.17924,5.98195,11.94000,32.12785,25.35558,135.42275
25-1,1783321180.746511,2026-07-06T13:59:40.746511,5.08229,1.29838,6.59875,13.24000,35.71577,5.05133,1.27201,6.42535,12.93000,35.05778,5.02906,1.25565,6.31476,12.42000,34.45754,5.07724,1.16923,5.93644,11.84000,32.72220,25.27530,137.95329
25-1,1783321180.846630,2026-07-06T13:59:40.846630,5.08229,1.29838,6.59875,13.24000,36.37643,5.05129,1.27299,6.43023,12.94000,35.70157,5.03266,1.26273,6.35491,12.49000,35.09379,5.07678,1.17826,5.98176,11.93000,33.32109,25.36565,140.49287
26-1,1783321180.946773,2026-07-06T13:59:40.946773,5.08763,1.27396,6.48145,12.99000,0.64907,5.04729,1.27299,6.42514,12.94000,0.64343,5.02866,1.26273,6.34986,12.49000,0.63590,5.07574,1.11991,5.68436,11.34000,0.56925,24.94081,2.49765
26-1,1783321181.046893,2026-07-06T13:59:41.046893,5.08651,1.29447,6.58435,13.20000,1.30830,5.05365,1.22074,6.16920,12.41000,1.26109,5.02866,1.19193,5.99381,11.79000,1.23599,5.07174,1.11991,5.67988,11.34000,1.13792,24.42724,4.94330
26-1,1783321181.147011,2026-07-06T13:59:41.147011,5.08139,1.31498,6.68193,13.41000,1.97728,5.04893,1.32499,6.68980,13.47000,1.93087,5.02284,1.29496,6.50439,12.81000,1.88721,5.07004,1.23246,6.24861,12.48000,1.76352,26.12473,7.55888
26-1,1783321181.247130,2026-07-06T13:59:41.247130,5.08939,1.31498,6.69245,13.41000,2.64732,5.07661,0.89041,4.52026,9.05000,2.38343,5.05720,0.82791,4.18689,8.19000,2.30639,5.08054,1.02518,5.20846,10.38000,2.28498,20.60806,9.62212
26-1,1783321181.347248,2026-07-06T13:59:41.347248,5.08514,1.17289,5.96430,11.96000,3.24445,5.05261,0.89041,4.49889,9.05000,2.83385,5.03720,0.82791,4.17033,8.19000,2.72391,5.06814,1.11209,5.63625,11.26000,2.84927,20.26977,11.65149
26-1,1783321181.447366,2026-07-06T13:59:41.447366,5.07824,1.29936,6.59844,13.25000,3.90508,5.04857,1.33305,6.72999,13.55000,3.50764,5.01844,1.30204,6.53422,12.88000,3.37811,5.07614,1.11209,5.64514,11.26000,3.41445,25.50779,14.20528
26-1,1783321181.547484,2026-07-06T13:59:41.547484,5.08052,1.33085,6.76142,13.57000,4.58202,5.04510,1.40971,7.11213,14.33000,4.21970,5.01786,1.31230,6.58492,12.98000,4.03738,5.08179,1.23734,6.28791,12.53000,4.04399,26.74638,16.88309
26-1,1783321181.647602,2026-07-06T13:59:41.647602,5.08052,1.33085,6.76142,13.57000,5.25896,5.07576,0.99759,5.06352,10.14000,4.72664,5.04561,1.03323,5.21330,10.22000,4.55932,5.10265,0.82571,4.21331,8.36000,4.46582,21.25155,19.01074
26-1,1783321181.747718,2026-07-06T13:59:41.747718,5.09191,1.19535,6.08661,12.19000,5.86833,5.05976,0.99759,5.04756,10.14000,5.23199,5.03361,1.03323,5.20090,10.22000,5.08002,5.05774,1.15946,5.86424,11.74000,5.05292,22.19931,21.23326
26-1,1783321181.847835,2026-07-06T13:59:41.847835,5.08817,1.26395,6.43122,12.89000,6.51220,5.05178,1.26225,6.37658,12.83000,5.87039,5.02758,1.21097,6.08827,11.98000,5.68956,5.07364,1.16141,5.89259,11.76000,5.64287,24.78866,23.71501
26-1,1783321181.947953,2026-07-06T13:59:41.947953,5.09731,1.09647,5.58904,11.18000,7.07176,5.05414,1.21000,6.11550,12.30000,6.48266,5.03196,1.13334,5.70290,11.21000,6.26052,5.08164,1.16141,5.90188,11.76000,6.23376,23.30932,26.04871
26-1,1783321182.048070,2026-07-06T13:59:42.048070,5.09443,0.85598,4.36074,8.73000,7.50835,5.06830,0.89724,4.54751,9.12000,6.93795,5.04720,0.86331,4.35729,8.54000,6.69676,5.08661,0.82669,4.20502,8.37000,6.65475,17.47056,27.79781
26-1,1783321182.148191,2026-07-06T13:59:42.148191,5.08643,0.85598,4.35390,8.73000,7.94426,5.06030,0.89724,4.54033,9.12000,7.39253,5.03920,0.86331,4.35038,8.54000,7.13232,5.08151,0.92727,4.71195,9.39000,7.12651,17.95656,29.59563
26-1,1783321182.248309,2026-07-06T13:59:42.248309,5.08460,1.25614,6.38698,12.81000,8.58372,5.05280,1.23954,6.26315,12.60000,8.01958,5.02604,1.23832,6.22384,12.25000,7.75544,5.07369,1.16044,5.88769,11.75000,7.71598,24.76166,32.07472
26-1,1783321182.348426,2026-07-06T13:59:42.348426,5.08341,1.27787,6.49595,13.03000,9.23407,5.05218,1.25321,6.33146,12.74000,8.65347,5.02729,1.21610,6.11370,12.03000,8.36753,5.07369,1.16044,5.88769,11.75000,8.30544,24.82880,34.56051
26-1,1783321182.448545,2026-07-06T13:59:42.448545,5.08860,1.25614,6.39200,12.81000,9.87403,5.05191,1.25932,6.36195,12.80000,9.29042,5.02564,1.24540,6.25893,12.32000,8.99416,5.07410,1.15238,5.84728,11.67000,8.89086,24.86016,37.04947
26-1,1783321182.548662,2026-07-06T13:59:42.548662,5.08460,1.25614,6.38698,12.81000,10.51348,5.04791,1.25932,6.35691,12.80000,9.92686,5.03364,1.24540,6.26889,12.32000,9.62179,5.07344,1.16532,5.91217,11.80000,9.48277,24.92495,39.54489
26-1,1783321182.648781,2026-07-06T13:59:42.648781,5.08822,1.26298,6.42632,12.88000,11.15687,5.05672,1.24149,6.27788,12.62000,10.55539,5.02998,1.23930,6.23364,12.26000,10.24589,5.07405,1.15336,5.85218,11.68000,10.06868,24.79002,42.02684
26-1,1783321182.748900,2026-07-06T13:59:42.748900,5.08870,1.25419,6.38219,12.79000,11.79585,5.05551,1.26811,6.41092,12.89000,11.19725,5.03038,1.23222,6.19852,12.19000,10.86649,5.07405,1.15336,5.85218,11.68000,10.65460,24.84381,44.51419
26-1,1783321182.849019,2026-07-06T13:59:42.849019,5.07925,1.28080,6.50551,13.06000,12.44718,5.05982,1.26127,6.38179,12.82000,11.83618,5.02986,1.24149,6.24454,12.28000,11.49168,5.07349,1.16434,5.90728,11.79000,11.24603,25.03912,47.02107
26-1,1783321182.949137,2026-07-06T13:59:42.949137,5.08725,1.28080,6.51576,13.06000,13.09952,5.05182,1.26127,6.37170,12.82000,12.47411,5.02586,1.24149,6.23957,12.28000,12.11637,5.07349,1.16434,5.90728,11.79000,11.83745,25.03431,49.52746
26-1,1783321183.049255,2026-07-06T13:59:43.049255,5.08790,1.26884,6.45572,12.94000,13.74586,5.05227,1.25126,6.32170,12.72000,13.10702,5.01918,1.21805,6.11364,12.05000,12.72846,5.07744,1.16532,5.91684,11.80000,12.42984,24.80790,52.01117
26-1,1783321183.149373,2026-07-06T13:59:43.149373,5.08720,1.28178,6.52066,13.07000,14.39869,5.05182,1.26127,6.37170,12.82000,13.74495,5.01798,1.23930,6.21877,12.26000,13.35107,5.07339,1.16630,5.91707,11.81000,13.02224,25.02820,54.51695
26-1,1783321183.249491,2026-07-06T13:59:43.249491,5.08325,1.28080,6.51063,13.06000,15.05052,5.05263,1.24345,6.28267,12.64000,14.37395,5.02306,1.22025,6.12940,12.07000,13.96473,5.07339,1.16630,5.91707,11.81000,13.61465,24.83977,57.00386
26-1,1783321183.349608,2026-07-06T13:59:43.349608,5.08865,1.25517,6.38710,12.80000,15.68998,5.05263,1.24345,6.28267,12.64000,15.00296,5.02306,1.22025,6.12940,12.07000,14.57839,5.07429,1.14847,5.82769,11.63000,14.19810,24.62686,59.46943
26-1,1783321183.449726,2026-07-06T13:59:43.449726,5.08065,1.25517,6.37706,12.80000,16.32844,5.05169,1.26420,6.38634,12.85000,15.64234,5.02969,1.24442,6.25907,12.31000,15.20504,5.07329,1.16825,5.92687,11.83000,14.79148,24.94934,61.96730
26-1,1783321183.549845,2026-07-06T13:59:43.549845,5.08773,1.27201,6.47165,12.97000,16.97638,5.05289,1.23759,6.25339,12.58000,16.26843,5.02649,1.23026,6.18391,12.17000,15.82417,5.07724,1.16923,5.93644,11.84000,15.38584,24.84539,64.45481
26-1,1783321183.649965,2026-07-06T13:59:43.649965,5.08715,1.28275,6.52556,13.08000,17.62971,5.05169,1.26420,6.38634,12.85000,16.90783,5.02558,1.24638,6.26377,12.33000,16.45129,5.07724,1.16923,5.93644,11.84000,15.98019,25.11211,66.96902
26-1,1783321183.750083,2026-07-06T13:59:43.750083,5.08709,1.28373,6.53046,13.09000,18.28353,5.04769,1.26420,6.38128,12.85000,17.54671,5.02130,1.25150,6.28417,12.38000,17.08045,5.07344,1.16532,5.91217,11.80000,16.57210,25.10808,69.48278
26-1,1783321183.850201,2026-07-06T13:59:43.850201,5.08709,1.28373,6.53046,13.09000,18.93735,5.04858,1.24442,6.28257,12.65000,18.17570,5.02930,1.25150,6.29418,12.38000,17.71061,5.07314,1.17118,5.94156,11.86000,17.16696,25.04877,71.99062
26-1,1783321183.950320,2026-07-06T13:59:43.950320,5.08763,1.27396,6.48145,12.99000,19.58626,5.04764,1.26518,6.38615,12.86000,18.81508,5.02986,1.24149,6.24454,12.28000,18.33581,5.07314,1.17118,5.94156,11.86000,17.76182,25.05370,74.49897
26-1,1783321184.050438,2026-07-06T13:59:44.050438,5.08785,1.26981,6.46063,12.95000,20.23309,5.05178,1.26225,6.37658,12.83000,19.45349,5.02958,1.24638,6.26875,12.33000,18.96342,5.07714,1.17118,5.94624,11.86000,18.35715,25.05220,77.00716
26-1,1783321184.150555,2026-07-06T13:59:44.150555,5.08768,1.27299,6.47655,12.98000,20.88150,5.05151,1.26811,6.40585,12.83000,20.09482,5.02695,1.22221,6.14396,12.09000,19.57854,5.07344,1.16532,5.91217,11.80000,18.94906,24.93853,79.50392
26-1,1783321184.250671,2026-07-06T13:59:44.250671,5.08768,1.27299,6.47655,12.98000,21.52991,5.04751,1.26811,6.40077,12.89000,20.73565,5.02695,1.22221,6.14396,12.09000,20.19365,5.07314,1.17118,5.94156,11.86000,19.54391,24.96284,82.00311
26-1,1783321184.350791,2026-07-06T13:59:44.350791,5.08773,1.27201,6.47165,12.97000,22.17784,5.05133,1.27201,6.42535,12.93000,21.37895,5.02541,1.24955,6.27949,12.36000,20.82235,5.07314,1.17118,5.94156,11.86000,20.13877,25.11805,84.51791
26-1,1783321184.450909,2026-07-06T13:59:44.450909,5.08731,1.27982,6.51086,13.05000,22.82970,5.05191,1.25932,6.36195,12.80000,22.01589,5.02524,1.25248,6.29401,12.39000,21.45249,5.07314,1.17118,5.94156,11.86000,20.73363,25.10838,87.03171
26-1,1783321184.551028,2026-07-06T13:59:44.551028,5.08828,1.26200,6.42141,12.87000,23.47260,5.05533,1.27201,6.43044,12.93000,22.65970,5.02558,1.24638,6.26377,12.33000,22.07961,5.06979,1.15848,5.87326,11.73000,21.32165,24.98888,89.53357
26-1,1783321184.651147,2026-07-06T13:59:44.651147,5.08028,1.26200,6.41132,12.87000,24.11450,5.04733,1.27201,6.42027,12.93000,23.30249,5.02958,1.24638,6.26875,12.33000,22.70723,5.07294,1.17508,5.96114,11.90000,21.91848,25.06148,92.04270
26-1,1783321184.751264,2026-07-06T13:59:44.751264,5.09141,1.27787,6.50617,13.03000,24.76588,5.05227,1.25126,6.32170,12.72000,23.93541,5.02530,1.25150,6.28917,12.38000,23.33689,5.07283,1.17728,5.97216,11.92000,22.51640,25.08920,94.55458
26-1,1783321184.851384,2026-07-06T13:59:44.851384,5.08757,1.27494,6.48636,13.00000,25.41530,5.05138,1.27103,6.42048,12.92000,24.57823,5.02586,1.24149,6.23957,12.28000,23.96159,5.07714,1.17118,5.94624,11.86000,23.11173,25.09265,97.06685
26-1,1783321184.951503,2026-07-06T13:59:44.951503,5.08790,1.26884,6.45572,12.94000,26.06164,5.05542,1.27006,6.42068,12.91000,25.22106,5.03341,1.24955,6.28949,12.36000,24.59129,5.07314,1.17118,5.94156,11.86000,23.70659,25.10745,99.58058
26-1,1783321185.051621,2026-07-06T13:59:45.051621,5.09157,1.27494,6.49146,13.00000,26.71155,5.05542,1.27006,6.42068,12.91000,25.86388,5.02941,1.24955,6.28449,12.36000,25.22048,5.07329,1.16825,5.92687,11.83000,24.29998,25.12350,102.09590
26-1,1783321185.151739,2026-07-06T13:59:45.151739,5.09157,1.27494,6.49146,13.00000,27.36146,5.04836,1.24931,6.30695,12.70000,26.49532,5.02512,1.25468,6.30490,12.41000,25.85172,5.07294,1.17508,5.96114,11.90000,24.89680,25.06445,104.60529
26-1,1783321185.251888,2026-07-06T13:59:45.251888,5.09499,1.28568,6.55054,13.11000,28.01749,5.04729,1.27299,6.42514,12.94000,27.13879,5.02484,1.25956,6.32909,12.46000,26.48557,5.07278,1.17826,5.97705,11.93000,25.49540,25.28182,107.13725
26-1,1783321185.352007,2026-07-06T13:59:45.352007,5.09467,1.29154,6.57998,13.17000,28.67627,5.05502,1.27885,6.46461,13.00000,27.78603,5.02558,1.24638,6.26377,12.33000,27.11269,5.07278,1.17826,5.97705,11.93000,26.09381,25.28541,109.66880
26-1,1783321185.452125,2026-07-06T13:59:45.452125,5.09520,1.28178,6.53091,13.07000,29.33013,5.04702,1.27885,6.45437,13.00000,28.43222,5.02958,1.24638,6.26875,12.33000,27.74031,5.07678,1.17826,5.98176,11.93000,26.69269,25.23579,112.19535
26-1,1783321185.552243,2026-07-06T13:59:45.552243,5.09520,1.28178,6.53091,13.07000,29.98400,5.05605,1.25614,6.35112,12.77000,29.06808,5.03301,1.25663,6.32463,12.43000,28.37352,5.07734,1.16727,5.92664,11.82000,27.28606,25.13330,114.71165
27-1,1783321185.652366,2026-07-06T13:59:45.652366,5.08396,1.26786,6.44575,12.93000,0.64537,5.05520,1.27494,6.44508,12.96000,0.64530,5.03301,1.25663,6.32463,12.43000,0.63324,5.07283,1.17728,5.97216,11.92000,0.59795,25.18762,2.52185
27-1,1783321185.752487,2026-07-06T13:59:45.752487,5.09004,1.15629,5.88554,11.79000,1.23463,5.04893,1.32499,6.68980,13.47000,1.31509,5.03490,1.29398,6.51508,12.80000,1.28554,5.06883,1.17728,5.96745,11.92000,1.19542,25.05787,5.03067
27-1,1783321185.852609,2026-07-06T13:59:45.852609,5.08661,1.29252,6.57455,13.18000,1.89289,5.04893,1.32499,6.68980,13.47000,1.98488,5.02290,1.29398,6.49955,12.80000,1.93628,5.06999,1.23344,6.25351,12.49000,1.82153,26.01741,7.63558
27-1,1783321185.952728,2026-07-06T13:59:45.952728,5.08261,1.29252,6.56938,13.18000,2.55061,5.05910,1.36552,6.90830,13.88000,2.67654,5.03855,1.30009,6.55056,12.86000,2.59212,5.08583,1.31547,6.69025,13.32000,2.49135,26.71849,10.31062
27-1,1783321186.052847,2026-07-06T13:59:46.052847,5.09207,1.19242,6.07189,12.16000,3.15852,5.08048,0.89334,4.53858,9.08000,3.13094,5.06577,0.81790,4.14327,8.09000,3.00694,5.11126,0.81375,4.15927,8.24000,2.90777,18.91301,12.20417
27-1,1783321186.152966,2026-07-06T13:59:46.152966,5.08293,1.28666,6.54001,13.12000,3.81330,5.03253,1.33403,6.71352,13.56000,3.80309,5.00644,1.30204,6.51860,12.88000,3.65958,5.05359,1.24125,6.27276,12.57000,3.53580,26.04489,14.81177
27-1,1783321186.253084,2026-07-06T13:59:46.253084,5.08187,1.30619,6.63790,13.32000,4.47787,5.04853,1.33403,6.73486,13.56000,4.47737,5.01844,1.30204,6.53422,12.88000,4.31377,5.07359,1.24125,6.29759,12.57000,4.16630,26.20457,17.43531
27-1,1783321186.353201,2026-07-06T13:59:46.353201,5.09703,1.17484,5.98820,11.98000,5.07739,5.04724,1.27396,6.43001,12.95000,5.12112,5.02701,1.36283,6.85099,13.48000,4.99967,5.07384,1.15751,5.87300,11.72000,4.75429,25.14220,19.95247
27-1,1783321186.453319,2026-07-06T13:59:46.453319,5.09303,1.17484,5.98350,11.98000,5.67645,5.05522,1.09793,5.55029,11.16000,5.67680,5.03172,0.92508,4.65473,9.15000,5.46569,5.08070,1.02200,5.19250,10.35000,5.27415,21.38102,22.09309
27-1,1783321186.553437,2026-07-06T13:59:46.553437,5.08549,1.31303,6.67740,13.39000,6.34498,5.04501,1.41166,7.12186,14.35000,6.38983,5.00946,1.31938,6.60937,13.05000,6.12741,5.07018,1.30863,6.63500,13.25000,5.93843,27.04363,24.80066
27-1,1783321186.653554,2026-07-06T13:59:46.653554,5.09346,1.16703,5.94421,11.90000,6.94010,5.06101,1.41166,7.14445,14.35000,7.10512,5.05476,1.01297,5.12032,10.02000,6.64004,5.08218,1.30863,6.65071,13.25000,6.60428,24.85969,27.28954
27-1,1783321186.753670,2026-07-06T13:59:46.753670,5.07904,1.28471,6.52508,13.10000,7.59336,5.04877,1.15189,5.81563,11.71000,7.68735,5.03876,1.01297,5.10411,10.02000,7.15105,5.07575,1.04080,5.28286,10.54000,7.13318,22.72768,29.56494
27-1,1783321186.853786,2026-07-06T13:59:46.853786,5.09104,1.28471,6.54049,13.10000,8.24817,5.04449,1.24638,6.28734,12.67000,8.31682,5.02238,1.23222,6.18866,12.19000,7.77063,5.06949,1.16434,5.90262,11.79000,7.72413,24.91911,32.05974
27-1,1783321186.953905,2026-07-06T13:59:46.953905,5.08785,1.26981,6.46063,12.95000,8.89500,5.05467,1.19828,6.05691,12.18000,8.92322,5.02529,1.18070,5.93336,11.68000,8.36467,5.07745,1.08621,5.51520,11.00000,8.27630,23.96610,34.45919
27-1,1783321187.054024,2026-07-06T13:59:47.054024,5.08693,1.28666,6.54515,13.12000,9.55030,5.05467,1.19828,6.05691,12.18000,9.52964,5.02998,1.23930,6.23364,12.26000,8.98878,5.08145,1.08621,5.51955,11.00000,8.82892,24.35525,36.89763
27-1,1783321187.154142,2026-07-06T13:59:47.154142,5.09179,1.27103,6.47184,12.96000,10.19824,5.04786,1.26029,6.36178,12.81000,10.16656,5.02198,1.23930,6.22372,12.26000,9.61188,5.07354,1.16337,5.90238,11.78000,9.41985,24.95972,39.39653
27-1,1783321187.254259,2026-07-06T13:59:47.254259,5.08779,1.27103,6.46675,12.96000,10.84567,5.04902,1.23466,6.23381,12.55000,10.79068,5.02609,1.23734,6.21900,12.24000,10.23451,5.08139,1.16630,5.92640,11.81000,10.01318,24.84596,41.88404
27-1,1783321187.354377,2026-07-06T13:59:47.354377,5.07857,1.22001,6.19589,12.44000,11.46599,5.05245,1.24735,6.30219,12.68000,11.42164,5.02798,1.20389,6.05316,11.91000,10.84054,5.08219,1.15043,5.84669,11.65000,10.59854,24.39793,44.32672
27-1,1783321187.454497,2026-07-06T13:59:47.454497,5.07893,1.28666,6.53486,13.12000,12.12026,5.05245,1.24735,6.30219,12.68000,12.05261,5.02975,1.24345,6.25422,12.30000,11.46671,5.07344,1.16532,5.91217,11.80000,11.19047,25.00344,46.83005
27-1,1783321187.554615,2026-07-06T13:59:47.554615,5.08001,1.26688,6.43579,12.92000,12.76460,5.04786,1.26029,6.36178,12.81000,12.68954,5.02575,1.24345,6.24925,12.30000,12.09238,5.07344,1.16532,5.91217,11.80000,11.78238,24.95899,49.32891
27-1,1783321187.654733,2026-07-06T13:59:47.654733,5.08470,1.25419,6.37718,12.79000,13.40307,5.04889,1.23759,6.24844,12.58000,13.31513,5.02941,1.24955,6.28449,12.36000,12.72157,5.07784,1.15751,5.87763,11.72000,12.37084,24.78774,51.81061
27-1,1783321187.754849,2026-07-06T13:59:47.754849,5.08470,1.25419,6.37718,12.79000,14.04153,5.04755,1.26713,6.39590,12.88000,13.95546,5.02964,1.24540,6.26391,12.32000,13.34868,5.07724,1.16923,5.93644,11.84000,12.96517,24.97343,54.31085
27-1,1783321187.854966,2026-07-06T13:59:47.854966,5.08320,1.28178,6.51553,13.07000,14.69384,5.04755,1.26713,6.39590,12.88000,14.59579,5.02518,1.25346,6.29885,12.40000,13.97930,5.07324,1.16923,5.93176,11.84000,13.55904,25.14204,56.82798
27-1,1783321187.955085,2026-07-06T13:59:47.955085,5.08401,1.26688,6.44085,12.92000,15.33869,5.05258,1.24442,6.28755,12.65000,15.22530,5.02918,1.25346,6.30386,12.40000,14.61044,5.07724,1.16923,5.93644,11.84000,14.15339,24.96870,59.32782
27-1,1783321188.055204,2026-07-06T13:59:48.055204,5.09173,1.27201,6.47674,12.97000,15.98714,5.05155,1.26713,6.40097,12.88000,15.86615,5.02569,1.24442,6.25409,12.31000,15.23659,5.07379,1.15848,5.87789,11.73000,14.74188,25.00969,61.83176
27-1,1783321188.155322,2026-07-06T13:59:48.155322,5.09173,1.27201,6.47674,12.97000,16.63558,5.05676,1.24052,6.27299,12.61000,16.49420,5.02569,1.24442,6.25409,12.31000,15.86274,5.07329,1.16825,5.92687,11.83000,15.33527,24.93069,64.32778
27-1,1783321188.255440,2026-07-06T13:59:48.255440,5.08779,1.27103,6.46675,12.96000,17.28302,5.04876,1.24052,6.26307,12.61000,17.12124,5.03031,1.16263,5.84841,11.50000,16.44827,5.07719,1.09134,5.54095,11.05000,15.89001,24.11918,66.74254
27-1,1783321188.355558,2026-07-06T13:59:48.355558,5.08725,1.28080,6.51576,13.06000,17.93536,5.06258,1.20023,6.07627,12.20000,17.72959,5.02631,1.16263,5.84376,11.50000,17.03334,5.06919,1.09134,5.53222,11.05000,16.44389,23.96801,69.14218
27-1,1783321188.455677,2026-07-06T13:59:48.455677,5.09083,1.21512,6.18600,12.39000,18.55470,5.06129,1.22880,6.21930,12.49000,18.35226,5.02964,1.24540,6.26391,12.32000,17.66048,5.07724,1.16923,5.93644,11.84000,17.03824,24.60565,71.60567
27-1,1783321188.555793,2026-07-06T13:59:48.555793,5.09083,1.21512,6.18600,12.39000,19.17401,5.04747,1.26908,6.40565,12.90000,18.99356,5.02912,1.25468,6.30992,12.41000,18.29220,5.07314,1.17118,5.94156,11.86000,17.63309,24.84313,74.09286
27-1,1783321188.655911,2026-07-06T13:59:48.655911,5.08709,1.28373,6.53046,13.09000,19.82784,5.05547,1.26908,6.41580,12.90000,19.63590,5.03392,1.24052,6.24465,12.27000,18.91740,5.07304,1.17313,5.95135,11.88000,18.22893,25.14226,76.61007
27-1,1783321188.756029,2026-07-06T13:59:48.756029,5.08752,1.27592,6.49126,13.01000,20.47773,5.05147,1.26908,6.41072,12.90000,20.27773,5.02992,1.24052,6.23969,12.27000,19.54211,5.06934,1.16727,5.91730,11.82000,18.82135,25.05897,79.11892
27-1,1783321188.856148,2026-07-06T13:59:48.856148,5.08449,1.25810,6.39677,12.83000,21.11816,5.05227,1.25126,6.32170,12.72000,20.91065,5.02546,1.24857,6.27466,12.35000,20.17032,5.07734,1.16727,5.92664,11.82000,19.41472,24.91977,81.61385
27-1,1783321188.956266,2026-07-06T13:59:48.956266,5.08373,1.27201,6.46657,12.97000,21.76558,5.05116,1.27592,6.44486,12.97000,21.55590,5.02604,1.23832,6.22384,12.25000,20.79344,5.07709,1.17215,5.95114,11.87000,20.01054,25.08641,84.12545
27-1,1783321189.056383,2026-07-06T13:59:49.056383,5.08373,1.27201,6.46657,12.97000,22.41300,5.05516,1.27592,6.44996,12.97000,22.20165,5.02530,1.25150,6.28917,12.38000,21.42309,5.07704,1.17313,5.95604,11.88000,20.60684,25.16174,86.64458
27-1,1783321189.156502,2026-07-06T13:59:49.156502,5.08704,1.28471,6.53536,13.10000,23.06731,5.05155,1.26713,6.40097,12.88000,22.84250,5.02530,1.25150,6.28917,12.38000,22.05275,5.06899,1.17411,5.95155,11.89000,21.20270,25.17705,89.16526
27-1,1783321189.256621,2026-07-06T13:59:49.256621,5.08731,1.27982,6.51086,13.05000,23.71917,5.05133,1.27201,6.42535,12.93000,23.48581,5.02518,1.25346,6.29885,12.40000,22.68339,5.06899,1.17411,5.95155,11.89000,21.79857,25.18661,91.68694
27-1,1783321189.356740,2026-07-06T13:59:49.356740,5.09372,1.16214,5.91965,11.85000,24.31184,5.05632,1.16190,5.87494,11.81000,24.07400,5.03289,1.11698,5.62162,11.05000,23.24622,5.07744,1.16532,5.91684,11.80000,22.39095,23.33305,94.02300
27-1,1783321189.456858,2026-07-06T13:59:49.456858,5.09772,1.16214,5.92429,11.85000,24.90497,5.05632,1.16190,5.87494,11.81000,24.66219,5.02106,1.25565,6.30471,12.42000,23.87743,5.07694,1.17508,5.96584,11.90000,22.98824,24.06978,96.43282
27-1,1783321189.556974,2026-07-06T13:59:49.556974,5.08235,1.29740,6.59385,13.23000,25.56512,5.04836,1.24931,6.30695,12.70000,25.29362,5.01306,1.25565,6.29467,12.42000,24.50763,5.06878,1.17826,5.97234,11.93000,23.58617,25.16781,98.95254
27-1,1783321189.657093,2026-07-06T13:59:49.657093,5.09059,1.14628,5.83522,11.69000,26.14933,5.05236,1.16092,5.86541,11.80000,25.88085,5.01701,1.25663,6.30452,12.43000,25.13883,5.07278,1.17826,5.97705,11.93000,24.18458,23.98220,101.35360
27-1,1783321189.757211,2026-07-06T13:59:49.757211,5.07851,1.29447,6.57399,13.20000,26.80751,5.04707,1.27787,6.44950,12.99000,26.52657,5.03415,1.23637,6.22405,12.23000,25.76198,5.07278,1.17826,5.97705,11.93000,24.78300,25.22459,103.87905
27-1,1783321189.857330,2026-07-06T13:59:49.857330,5.09051,1.29447,6.58952,13.20000,27.46725,5.05507,1.27787,6.45972,12.99000,27.17330,5.03290,1.25858,6.33432,12.45000,26.39616,5.07314,1.17118,5.94156,11.86000,25.37786,25.32512,106.41456
27-1,1783321189.957448,2026-07-06T13:59:49.957448,5.08001,1.26688,6.43579,12.92000,28.11158,5.05182,1.26127,6.37170,12.82000,27.81123,5.02501,1.25663,6.31457,12.43000,27.02836,5.07673,1.17924,5.98666,11.94000,25.97723,25.10872,108.92840
27-1,1783321190.057565,2026-07-06T13:59:50.057565,5.07840,1.29643,6.58377,13.22000,28.77073,5.05116,1.27592,6.44486,12.97000,28.45647,5.02501,1.25663,6.31457,12.43000,27.66056,5.07288,1.17631,5.96726,11.91000,26.57466,25.31046,111.46242
27-1,1783321190.157684,2026-07-06T13:59:50.157684,5.09035,1.29740,6.60423,13.23000,29.43194,5.05502,1.27885,6.46461,13.00000,29.10370,5.02861,1.26371,6.35470,12.50000,28.29678,5.07288,1.17631,5.96726,11.91000,27.17209,25.39080,114.00451
27-1,1783321190.257803,2026-07-06T13:59:50.257803,5.08635,1.29740,6.59904,13.23000,30.09263,5.05102,1.27885,6.45949,13.00000,29.75041,5.02986,1.24149,6.24454,12.28000,28.92198,5.08473,1.17924,5.99610,11.94000,27.77241,25.29917,116.53744
27-1,1783321190.357921,2026-07-06T13:59:50.357921,5.08327,1.20707,6.13586,12.31000,30.70694,5.05339,1.13822,5.75186,11.57000,30.32628,5.05932,0.86135,4.35786,8.52000,29.35828,5.10261,0.82669,4.21825,8.37000,28.19474,20.46383,118.58623
27-1,1783321190.458039,2026-07-06T13:59:50.458039,5.09144,0.83743,4.26371,8.54000,31.13381,5.06439,0.89529,4.53410,9.10000,30.78022,5.04332,0.86135,4.34408,8.52000,29.79320,5.08571,0.84426,4.29369,8.55000,28.62461,17.43558,120.33184
27-1,1783321190.558155,2026-07-06T13:59:50.558155,5.06725,1.28080,6.49014,13.06000,31.78358,5.03986,1.26029,6.35170,12.81000,31.41613,5.04111,1.11307,5.61111,11.01000,30.35496,5.08171,0.84426,4.29031,8.55000,29.05414,22.74326,122.60881
28-1,1783321190.658296,2026-07-06T13:59:50.658296,5.08797,1.19437,6.07693,12.18000,0.60855,5.06386,1.26029,6.38195,12.81000,0.63910,5.03631,1.19803,6.03368,11.85000,0.60422,5.07269,1.18021,5.98684,11.95000,0.59953,24.47940,2.45140
28-1,1783321190.758416,2026-07-06T13:59:50.758416,5.09197,1.19437,6.08170,12.18000,1.21745,5.05196,1.25810,6.35585,12.79000,1.27545,5.02284,1.29496,6.50439,12.81000,1.25544,5.07004,1.23246,6.24861,12.48000,1.22514,25.19055,4.97348
28-1,1783321190.858536,2026-07-06T13:59:50.858536,5.08549,1.31303,6.67740,13.39000,1.88599,5.04893,1.32499,6.68980,13.47000,1.94522,5.02284,1.29496,6.50439,12.81000,1.90666,5.07073,1.29765,6.58002,13.14000,1.88393,26.45161,7.62180
28-1,1783321190.958655,2026-07-06T13:59:50.958655,5.09399,1.15726,5.89508,11.80000,2.47620,5.08039,0.89529,4.54843,9.10000,2.40061,5.03436,1.02005,5.13530,10.09000,2.42080,5.07473,1.29765,6.58521,13.14000,2.54324,22.16402,9.84085
28-1,1783321191.058775,2026-07-06T13:59:51.058775,5.08022,1.26298,6.41621,12.88000,3.11859,5.05239,0.89529,4.52336,9.10000,2.85349,5.02466,1.19193,5.98904,11.79000,3.02042,5.08330,0.89187,4.53366,9.03000,2.99715,21.46227,11.98965
28-1,1783321191.158892,2026-07-06T13:59:51.158892,5.08422,1.26298,6.42126,12.88000,3.76147,5.04965,1.22074,6.16432,12.41000,3.47064,5.02620,1.23539,6.20932,12.22000,3.64208,5.07069,1.14066,5.78393,11.55000,3.57622,24.57883,14.45042
28-1,1783321191.259011,2026-07-06T13:59:51.259011,5.08476,1.25321,6.37228,12.78000,4.39945,5.04827,1.25126,6.31670,12.72000,4.10306,5.02220,1.23539,6.20438,12.22000,4.26326,5.06969,1.16044,5.88305,11.75000,4.16522,24.77641,16.93099
28-1,1783321191.359128,2026-07-06T13:59:51.359128,5.08566,1.23661,6.28898,12.61000,5.02909,5.05214,1.25419,6.33634,12.75000,4.73744,5.02746,1.21317,6.09917,12.00000,4.87389,5.07769,1.16044,5.89233,11.75000,4.75515,24.61682,19.39556
28-1,1783321191.459245,2026-07-06T13:59:51.459245,5.08465,1.25517,6.38208,12.80000,5.66804,5.05614,1.25419,6.34135,12.75000,5.37231,5.02631,1.23344,6.19964,12.20000,5.49457,5.07379,1.15848,5.87789,11.73000,5.34362,24.80096,21.87855
28-1,1783321191.559361,2026-07-06T13:59:51.559361,5.08465,1.25517,6.38208,12.80000,6.30699,5.04854,1.24540,6.28745,12.66000,6.00179,5.03015,1.23637,6.21911,12.23000,6.11721,5.07424,1.14945,5.83259,11.64000,5.92756,24.72123,24.35355
28-1,1783321191.659479,2026-07-06T13:59:51.659479,5.08444,1.25907,6.40167,12.84000,6.94791,5.04872,1.24149,6.26794,12.62000,6.62932,5.02615,1.23637,6.21416,12.23000,6.73936,5.07374,1.15946,5.88279,11.74000,6.51653,24.76656,26.83312
28-1,1783321191.759598,2026-07-06T13:59:51.759598,5.09196,1.26786,6.45589,12.93000,7.59427,5.05191,1.25932,6.36195,12.80000,7.26628,5.02775,1.20804,6.07374,11.95000,7.34746,5.07464,1.14164,5.79339,11.56000,7.09656,24.68497,29.30456
28-1,1783321191.859716,2026-07-06T13:59:51.859716,5.09201,1.26688,6.45099,12.92000,8.24013,5.05191,1.25932,6.36195,12.80000,7.90322,5.02569,1.24442,6.25409,12.31000,7.97360,5.07464,1.14164,5.79339,11.56000,7.67658,24.86042,31.79355
28-1,1783321191.959835,2026-07-06T13:59:51.959835,5.08720,1.28178,6.52066,13.07000,8.89297,5.05245,1.24735,6.30219,12.68000,8.53419,5.03404,1.23832,6.23375,12.25000,8.59772,5.07369,1.16044,5.88769,11.75000,8.26605,24.94429,34.29093
28-1,1783321192.059952,2026-07-06T13:59:52.059952,5.09120,1.28178,6.52578,13.07000,9.54632,5.05218,1.25321,6.33146,12.74000,9.16808,5.02204,1.23832,6.21889,12.25000,9.22034,5.07469,1.14066,5.78849,11.55000,8.84558,24.86462,36.78032
29-1,1783321192.160076,2026-07-06T13:59:52.160076,5.07947,1.27689,6.48594,13.02000,0.64940,5.05619,1.16483,5.88960,11.84000,0.58969,5.02660,1.22831,6.17422,12.15000,0.61819,5.07814,1.07254,5.44652,10.86000,0.54533,23.99628,2.40260
29-1,1783321192.260198,2026-07-06T13:59:52.260198,5.08343,1.20414,6.12116,12.28000,1.26226,5.04889,1.32597,6.69467,13.48000,1.25997,5.02724,1.21708,6.11854,12.04000,1.23079,5.07414,1.07254,5.44223,10.86000,1.09021,24.37660,4.84323
29-1,1783321192.360317,2026-07-06T13:59:52.360317,5.08308,1.35722,6.89886,13.84000,1.95297,5.05289,1.32597,6.69997,13.48000,1.93077,5.01993,1.34648,6.75923,13.32000,1.90752,5.07389,1.23539,6.26823,12.51000,1.71778,26.62629,7.50903
29-1,1783321192.460437,2026-07-06T13:59:52.460437,5.08308,1.35722,6.89886,13.84000,2.64368,5.04830,0.98563,4.97574,10.02000,2.42894,5.03193,1.34648,6.77538,13.32000,2.58586,5.09487,0.82156,4.18573,8.32000,2.13686,22.83571,9.79533
29-1,1783321192.560555,2026-07-06T13:59:52.560555,5.09117,1.20902,6.15533,12.33000,3.25994,5.03663,1.24345,6.26277,12.64000,3.05595,5.03009,1.09574,5.51165,10.84000,3.13768,5.06184,1.15751,5.85911,11.72000,2.72346,23.78886,12.17703
29-1,1783321192.660673,2026-07-06T13:59:52.660673,5.08741,1.27787,6.50106,13.03000,3.91081,5.05218,1.25321,6.33146,12.74000,3.68985,5.02266,1.22733,6.16447,12.14000,3.75486,5.07384,1.15751,5.87300,11.72000,3.31145,24.86999,14.66697
29-1,1783321192.760792,2026-07-06T13:59:52.760792,5.09141,1.27787,6.50617,13.03000,4.56220,5.05618,1.25321,6.33647,12.74000,4.32424,5.02620,1.23539,6.20932,12.22000,4.37652,5.07484,1.13773,5.77380,11.52000,3.88952,24.82576,17.15248
29-1,1783321192.860909,2026-07-06T13:59:52.860909,5.09141,1.27787,6.50617,13.03000,5.21358,5.05214,1.25419,6.33634,12.75000,4.95862,5.03020,1.23539,6.21426,12.22000,4.99868,5.07374,1.15946,5.88279,11.74000,4.47849,24.93956,19.64937
29-1,1783321192.961029,2026-07-06T13:59:52.961029,5.08476,1.25321,6.37228,12.78000,5.85157,5.05361,1.22172,6.17408,12.42000,5.57677,5.02295,1.22221,6.13907,12.09000,5.61332,5.07384,1.15751,5.87300,11.72000,5.06649,24.55843,22.10816
29-1,1783321193.061147,2026-07-06T13:59:53.061147,5.08865,1.25517,6.38710,12.80000,6.49104,5.05186,1.26029,6.36683,12.81000,6.21421,5.03084,1.22416,6.15854,12.11000,6.22990,5.07410,1.15238,5.84728,11.67000,5.65191,24.75975,24.58705
29-1,1783321193.161265,2026-07-06T13:59:53.161265,5.08870,1.25419,6.38219,12.79000,7.13001,5.05186,1.26029,6.36683,12.81000,6.85164,5.03026,1.23441,6.20942,12.21000,6.85158,5.07410,1.15238,5.84728,11.67000,6.23733,24.80572,27.07056
29-1,1783321193.261384,2026-07-06T13:59:53.261384,5.08801,1.26688,6.44592,12.92000,7.77537,5.05196,1.25810,6.35585,12.79000,7.48798,5.02706,1.22025,6.13428,12.07000,7.46573,5.07364,1.16141,5.89259,11.76000,6.82729,24.82864,29.55637
29-1,1783321193.361502,2026-07-06T13:59:53.361502,5.08801,1.26688,6.44592,12.92000,8.42072,5.05307,1.23368,6.23387,12.54000,8.11211,5.02306,1.22025,6.12940,12.07000,8.07940,5.07464,1.14164,5.79339,11.56000,7.40731,24.60258,32.01954
30-1,1783321193.461646,2026-07-06T13:59:53.461646,5.08422,1.26298,6.42126,12.88000,0.64305,5.05227,1.25126,6.32170,12.72000,0.63308,5.02604,1.23832,6.22384,12.25000,0.62328,5.07349,1.16434,5.90728,11.79000,0.59158,24.87408,2.49098
30-1,1783321193.561764,2026-07-06T13:59:53.561764,5.08256,1.29350,6.57427,13.19000,1.30125,5.05227,1.25126,6.32170,12.72000,1.26599,5.02250,1.30107,6.53460,12.87000,1.27751,5.07349,1.16434,5.90728,11.79000,1.18300,25.33785,5.02774
30-1,1783321193.661883,2026-07-06T13:59:53.661883,5.08533,1.31596,6.69209,13.42000,1.97125,5.06439,1.33695,6.77086,13.59000,1.94388,5.03550,0.99979,5.03443,9.89000,1.78155,5.08589,1.23539,6.28305,12.51000,1.81205,24.78043,7.50874
30-1,1783321193.762002,2026-07-06T13:59:53.762002,5.08933,1.31596,6.69735,13.42000,2.64179,5.08355,0.91385,4.64558,9.29000,2.40900,5.03150,0.99979,5.03043,9.89000,2.28519,5.10846,0.79006,4.03601,8.00000,2.21614,20.40937,9.55212
30-1,1783321193.862122,2026-07-06T13:59:53.862122,5.09068,1.21805,6.20072,12.42000,3.26260,5.04476,1.24052,6.25811,12.61000,3.03555,5.03398,1.23930,6.23859,12.26000,2.90980,5.06629,1.14847,5.81850,11.63000,2.79868,24.51592,12.00663
30-1,1783321193.962240,2026-07-06T13:59:53.962240,5.08801,1.26688,6.44592,12.92000,3.90796,5.05676,1.24052,6.27299,12.61000,3.66360,5.03438,1.23222,6.20344,12.19000,3.53088,5.07429,1.14847,5.82769,11.63000,3.38214,24.75004,14.48458
30-1,1783321194.062359,2026-07-06T13:59:54.062359,5.09313,1.24638,6.34795,12.71000,4.54351,5.05210,1.25517,6.34122,12.76000,4.29847,5.02751,1.21220,6.09433,11.99000,4.14103,5.07789,1.15653,5.87272,11.71000,3.97011,24.65622,16.95313
30-1,1783321194.162478,2026-07-06T13:59:54.162478,5.08913,1.24638,6.34297,12.71000,5.17856,5.05210,1.25517,6.34122,12.76000,4.93335,5.03151,1.21220,6.09918,11.99000,4.75168,5.07389,1.15653,5.86810,11.71000,4.55762,24.65147,19.42120
30-1,1783321194.262597,2026-07-06T13:59:54.262597,5.08763,1.27396,6.48145,12.99000,5.82748,5.05333,1.22782,6.20459,12.48000,5.55455,5.03049,1.23026,6.18883,12.17000,5.37130,5.07474,1.13968,5.78360,11.54000,5.13667,24.65847,21.88999
30-1,1783321194.362716,2026-07-06T13:59:54.362716,5.08801,1.26688,6.44592,12.92000,6.47283,5.05333,1.22782,6.20459,12.48000,6.17574,5.03031,1.23344,6.20457,12.20000,5.99249,5.06979,1.15848,5.87326,11.73000,5.72469,24.72834,24.36575
30-1,1783321194.462835,2026-07-06T13:59:54.462835,5.08796,1.26786,6.45082,12.93000,7.11869,5.05564,1.26518,6.39627,12.86000,6.81613,5.02764,1.21000,6.08343,11.97000,6.60156,5.07379,1.15848,5.87789,11.73000,6.31318,24.80841,26.84956
30-1,1783321194.562954,2026-07-06T13:59:54.562954,5.08736,1.27885,6.50596,13.04000,7.77005,5.05605,1.25614,6.35112,12.77000,7.45200,5.02364,1.21000,6.07859,11.97000,7.21014,5.07484,1.13773,5.77380,11.52000,6.89125,24.70947,29.32344
30-1,1783321194.663073,2026-07-06T13:59:54.663073,5.08736,1.27885,6.50596,13.04000,8.42142,5.05320,1.23075,6.21923,12.51000,8.07466,5.02969,1.24442,6.25907,12.31000,7.83679,5.07369,1.16044,5.88769,11.75000,7.48071,24.87195,31.81359
30-1,1783321194.763191,2026-07-06T13:59:54.763191,5.08747,1.27689,6.49616,13.02000,9.07181,5.05320,1.23075,6.21923,12.51000,8.69732,5.03009,1.23734,6.22395,12.24000,8.45992,5.07864,1.14164,5.79796,11.56000,8.06120,24.73730,34.29025
30-1,1783321194.863310,2026-07-06T13:59:54.863310,5.08801,1.26688,6.44592,12.92000,9.71716,5.05196,1.25810,6.35585,12.79000,9.33366,5.02666,1.22733,6.16938,12.14000,9.07759,5.07064,1.14164,5.78883,11.56000,8.64077,24.75998,36.76918
30-1,1783321194.963430,2026-07-06T13:59:54.963430,5.08817,1.26395,6.43122,12.89000,10.36106,5.05201,1.25712,6.35097,12.78000,9.96952,5.02666,1.22733,6.16938,12.14000,9.69527,5.07359,1.16239,5.89748,11.77000,9.23122,24.84905,39.25708
30-1,1783321195.063549,2026-07-06T13:59:55.063549,5.08817,1.26395,6.43122,12.89000,11.00495,5.05632,1.25028,6.32182,12.71000,10.60245,5.02992,1.24052,6.23969,12.27000,10.31998,5.07459,1.14261,5.79829,11.57000,9.81174,24.79102,41.73913
30-1,1783321195.163668,2026-07-06T13:59:55.163668,5.08709,1.28373,6.53046,13.09000,11.65877,5.05632,1.25028,6.32182,12.71000,11.23539,5.03164,1.21000,6.08827,11.97000,10.92954,5.07344,1.16532,5.91217,11.80000,10.40367,24.85272,44.22737
30-1,1783321195.263788,2026-07-06T13:59:55.263788,5.08704,1.28471,6.53536,13.10000,12.31309,5.05196,1.25810,6.35585,12.79000,11.87174,5.02175,1.24345,6.24428,12.30000,11.55471,5.07344,1.16532,5.91217,11.80000,10.99559,25.04766,46.73513
30-1,1783321195.363907,2026-07-06T13:59:55.363907,5.08812,1.26493,6.43612,12.90000,12.95747,5.05307,1.23368,6.23387,12.54000,12.49586,5.02175,1.24345,6.24428,12.30000,12.17988,5.07049,1.14457,5.80351,11.59000,11.57663,24.71778,49.20985
30-1,1783321195.464025,2026-07-06T13:59:55.464025,5.08412,1.26493,6.43106,12.90000,13.60133,5.05169,1.26420,6.38634,12.85000,13.13525,5.02289,1.22318,6.14391,12.10000,12.79500,5.06934,1.16727,5.91730,11.82000,12.16906,24.87861,51.70065
31-1,1783321195.564112,2026-07-06T13:59:55.564112,5.09477,1.28959,6.57017,13.15000,0.65759,5.05169,1.26420,6.38634,12.85000,0.63919,5.02152,1.24760,6.26483,12.34000,0.62703,5.07374,1.15946,5.88279,11.74000,0.58879,25.10413,2.51261
31-1,1783321195.664185,2026-07-06T13:59:55.664185,5.09857,1.22001,6.22029,12.44000,1.28007,5.04988,1.21586,6.13993,12.36000,1.25363,5.02655,1.30009,6.53496,12.86000,1.28100,5.06969,1.23930,6.28284,12.55000,1.21753,25.17802,5.03224
31-1,1783321195.764256,2026-07-06T13:59:55.764256,5.08165,1.38359,7.03090,14.11000,1.98366,5.04430,1.33891,6.75386,13.61000,1.92950,5.02255,1.30009,6.52976,12.86000,1.93444,5.06569,1.23930,6.27789,12.55000,1.84577,26.59241,7.69337
31-1,1783321195.864328,2026-07-06T13:59:55.864328,5.09725,1.17093,5.96854,14.11000,2.58095,5.07776,1.04178,5.28991,10.59000,2.45887,5.02322,1.07572,5.40356,10.64000,2.47519,5.07421,0.83450,4.23442,8.45000,2.26952,20.89643,9.78452
31-1,1783321195.964400,2026-07-06T13:59:55.964400,5.08925,1.17093,5.95917,11.94000,3.17729,5.05776,1.04178,5.26907,10.59000,2.98615,5.01466,1.22733,6.15465,12.14000,3.09109,5.05794,1.15555,5.84471,11.70000,2.85441,23.22760,12.10895
31-1,1783321196.064471,2026-07-06T13:59:56.064471,5.08725,1.28080,6.51576,13.06000,3.82933,5.05348,1.22465,6.18873,12.45000,3.60547,5.02375,1.20804,6.06891,11.95000,3.69842,5.07439,1.14652,5.81789,11.61000,3.43661,24.59129,14.56983
31-1,1783321196.164543,2026-07-06T13:59:56.164543,5.08768,1.27299,6.47655,12.98000,4.47745,5.05210,1.25517,6.34122,12.76000,4.24004,5.02375,1.20804,6.06891,11.95000,4.30574,5.07439,1.14652,5.81789,11.61000,4.01881,24.70457,17.04205
31-1,1783321196.264622,2026-07-06T13:59:56.264622,5.08368,1.27299,6.47146,12.98000,5.12511,5.05618,1.25321,6.33647,12.74000,4.87420,5.02986,1.24149,6.24454,12.28000,4.93069,5.06969,1.16044,5.88305,11.75000,4.60759,24.93552,19.53759
31-1,1783321196.364744,2026-07-06T13:59:56.364744,5.08768,1.27299,6.47655,12.98000,5.77356,5.05618,1.25321,6.33647,12.74000,5.50862,5.03020,1.23539,6.21426,12.22000,5.55288,5.07074,1.13968,5.77904,11.54000,5.18620,24.80632,22.02125
31-1,1783321196.464866,2026-07-06T13:59:56.464866,5.08741,1.27787,6.50106,13.03000,6.42445,5.05641,1.24833,6.31206,12.69000,6.14059,5.02460,1.19291,5.99389,11.80000,6.15300,5.07650,1.10501,5.60960,11.19000,5.74784,24.41661,24.46588
31-1,1783321196.564989,2026-07-06T13:59:56.564989,5.08747,1.27689,6.49616,13.02000,7.07486,5.05610,1.25517,6.34624,12.76000,6.77599,5.02655,1.22929,6.17906,12.16000,6.77166,5.07250,1.10501,5.60518,11.19000,6.30904,24.62664,26.93156
31-1,1783321196.665106,2026-07-06T13:59:56.665106,5.08476,1.25321,6.37228,12.78000,7.71284,5.05285,1.23856,6.25827,12.59000,7.40255,5.02255,1.22929,6.17415,12.16000,7.38980,5.07769,1.16044,5.89233,11.75000,6.89897,24.69703,29.40416
31-1,1783321196.765224,2026-07-06T13:59:56.765224,5.08476,1.25321,6.37228,12.78000,8.35082,5.05285,1.23856,6.25827,12.59000,8.02912,5.02684,1.22416,6.15365,12.11000,8.00589,5.07774,1.15946,5.88743,11.74000,7.48841,24.67163,31.87425
31-1,1783321196.865345,2026-07-06T13:59:56.865345,5.08752,1.27592,6.49126,13.01000,9.00073,5.05618,1.25321,6.33647,12.74000,8.66353,5.02604,1.23832,6.22384,12.25000,8.62903,5.07384,1.15751,5.87300,11.72000,8.07642,24.92457,34.36970
31-1,1783321196.965463,2026-07-06T13:59:56.965463,5.08731,1.27982,6.51086,13.05000,9.65259,5.05586,1.26029,6.37187,12.81000,9.30147,5.03140,1.21415,6.10887,12.01000,9.24063,5.07764,1.16141,5.89723,11.76000,8.66684,24.88883,36.86153
31-1,1783321197.065536,2026-07-06T13:59:57.065536,5.09099,1.28568,6.54540,13.11000,10.30760,5.05685,1.23856,6.26323,12.59000,9.92825,5.02740,1.21415,6.10401,12.01000,9.85148,5.07364,1.16141,5.89259,11.76000,9.25652,24.80523,39.34385
31-1,1783321197.165653,2026-07-06T13:59:57.165653,5.08699,1.28568,6.54026,13.11000,10.96239,5.05285,1.23856,6.25827,12.59000,10.55481,5.02981,1.24247,6.24938,12.29000,10.47715,5.07379,1.15848,5.87789,11.73000,9.84500,24.92580,41.83935
31-1,1783321197.265770,2026-07-06T13:59:57.265770,5.08406,1.26591,6.43596,12.91000,11.60674,5.05155,1.26713,6.40097,12.88000,11.19565,5.02998,1.23930,6.23364,12.26000,11.10124,5.07359,1.16239,5.89748,11.77000,10.43544,24.96805,44.33908
31-1,1783321197.365887,2026-07-06T13:59:57.365887,5.08822,1.26298,6.42632,12.88000,12.25013,5.05182,1.26127,6.37170,12.82000,11.83357,5.02620,1.23539,6.20932,12.22000,11.72290,5.06939,1.16630,5.91241,11.81000,11.02737,24.91975,46.83397
31-1,1783321197.466005,2026-07-06T13:59:57.466005,5.08779,1.27103,6.46675,12.96000,12.89757,5.04872,1.24149,6.26794,12.62000,12.46111,5.03020,1.23539,6.21426,12.22000,12.34506,5.07739,1.16630,5.92174,11.81000,11.62025,24.87069,49.32398
31-1,1783321197.566121,2026-07-06T13:59:57.566121,5.08817,1.26395,6.43122,12.89000,13.54143,5.05672,1.24149,6.27788,12.62000,13.08962,5.02192,1.24052,6.22977,12.27000,12.96876,5.07349,1.16434,5.90728,11.79000,12.21166,24.84615,51.81148
31-1,1783321197.666240,2026-07-06T13:59:57.666240,5.08017,1.26395,6.42111,12.89000,14.18431,5.05569,1.26420,6.39139,12.85000,13.72952,5.02249,1.23026,6.17898,12.17000,13.58739,5.07344,1.16532,5.91217,11.80000,12.80358,24.90365,54.30480
31-1,1783321197.766358,2026-07-06T13:59:57.766358,5.08833,1.26102,6.41651,12.86000,14.82672,5.05707,1.23368,6.23881,12.54000,14.35414,5.02575,1.24345,6.24925,12.30000,14.21306,5.07394,1.15555,5.86320,11.70000,13.39059,24.76777,56.78450
31-1,1783321197.866477,2026-07-06T13:59:57.866477,5.08806,1.26591,6.44102,12.91000,15.47158,5.05164,1.26518,6.39121,12.86000,14.99402,5.02575,1.24345,6.24925,12.30000,14.83872,5.07394,1.15555,5.86320,11.70000,13.97761,24.94468,59.28193
31-1,1783321197.966594,2026-07-06T13:59:57.966594,5.08779,1.27103,6.46675,12.96000,16.11901,5.05164,1.26518,6.39121,12.86000,15.63389,5.02671,1.22636,6.16454,12.13000,15.45590,5.07734,1.16727,5.92664,11.82000,14.57096,24.94914,61.77976
31-1,1783321198.066711,2026-07-06T13:59:58.066711,5.09179,1.27103,6.47184,12.96000,16.76696,5.05236,1.24931,6.31194,12.70000,16.26582,5.02569,1.24442,6.25409,12.31000,16.08204,5.07815,1.15140,5.84699,11.66000,15.15635,24.88486,64.27116
31-1,1783321198.166828,2026-07-06T13:59:58.166828,5.08390,1.26884,6.45065,12.94000,17.41278,5.05178,1.26225,6.37658,12.83000,16.90422,5.02626,1.23441,6.20448,12.21000,16.70321,5.07339,1.16630,5.91707,11.81000,15.74875,24.94878,66.76896
31-1,1783321198.266946,2026-07-06T13:59:58.266946,5.08336,1.27885,6.50084,13.04000,18.06363,5.05236,1.24931,6.31194,12.70000,17.53616,5.02626,1.23441,6.20448,12.21000,17.32439,5.07319,1.17020,5.93666,11.81000,16.34311,24.95392,69.26729
31-1,1783321198.367063,2026-07-06T13:59:58.367063,5.08486,1.25126,6.36248,12.76000,18.70062,5.04836,1.24931,6.30695,12.70000,18.16759,5.02558,1.24638,6.26377,12.33000,17.95150,5.07719,1.17020,5.94134,11.85000,16.93794,24.87454,71.75766
31-1,1783321198.467178,2026-07-06T13:59:58.467178,5.08486,1.25126,6.36248,12.76000,19.33760,5.05151,1.26811,6.40585,12.89000,18.80892,5.02541,1.24955,6.27949,12.36000,18.58018,5.07405,1.15336,5.85218,11.68000,17.52383,24.90000,74.25053
31-1,1783321198.567296,2026-07-06T13:59:58.567296,5.08401,1.26688,6.44085,12.92000,19.98245,5.05307,1.23368,6.23387,12.54000,19.43304,5.03129,1.21610,6.11856,12.03000,19.19275,5.07549,1.12479,5.70887,11.39000,18.09540,24.50215,76.70363
31-1,1783321198.667413,2026-07-06T13:59:58.667413,5.08771,1.12577,5.72757,11.48000,20.55588,5.05770,1.13138,5.72219,11.50000,20.00593,5.03129,1.21610,6.11856,12.03000,19.80533,5.07719,1.17020,5.94134,11.85000,18.69023,23.50966,79.05737
31-1,1783321198.767538,2026-07-06T13:59:58.767538,5.07920,1.28178,6.51040,13.07000,21.20773,5.05770,1.13138,5.72219,11.50000,20.57886,5.02215,1.23637,6.20921,12.23000,20.42702,5.06919,1.17020,5.93198,11.85000,19.28416,24.37378,81.49777
31-1,1783321198.867664,2026-07-06T13:59:58.867664,5.08768,1.27299,6.47655,12.98000,21.85620,5.05547,1.26908,6.41580,12.90000,21.22125,5.02164,1.24540,6.25395,12.32000,21.05320,5.07309,1.17215,5.94645,11.87000,19.87956,25.09275,84.01021
31-1,1783321198.967805,2026-07-06T13:59:58.967805,5.08768,1.27299,6.47655,12.98000,22.50477,5.05663,1.24345,6.28764,12.64000,21.85091,5.03484,1.22416,6.16344,12.11000,21.67042,5.07329,1.16825,5.92687,11.83000,20.47308,24.85450,86.49918
31-1,1783321199.067943,2026-07-06T13:59:59.067943,5.09109,1.28373,6.53559,13.09000,23.15922,5.05133,1.27201,6.42535,12.93000,22.49432,5.03084,1.22416,6.15854,12.11000,22.28712,5.08104,1.17313,5.96073,11.88000,21.06998,25.08021,89.01064
31-1,1783321199.168082,2026-07-06T13:59:59.168082,5.09045,1.29545,6.59443,13.21000,23.81958,5.05533,1.27201,6.43044,12.93000,23.13826,5.02530,1.25150,6.28917,12.38000,22.91691,5.06904,1.17313,5.94666,11.88000,21.66547,25.26070,91.54022
31-1,1783321199.268220,2026-07-06T13:59:59.268220,5.08293,1.28666,6.54001,13.12000,24.47449,5.05960,1.26615,6.40622,12.87000,23.77977,5.02506,1.25565,6.30974,12.42000,23.54876,5.06904,1.17313,5.94666,11.88000,22.26096,25.20263,94.06398
31-1,1783321199.368358,2026-07-06T13:59:59.368358,5.08293,1.28666,6.54001,13.12000,25.12939,5.05542,1.27006,6.42068,12.91000,24.42272,5.03089,1.22318,6.15370,12.10000,24.16498,5.06894,1.17508,5.95644,11.90000,22.85742,25.07083,96.57451
31-1,1783321199.468497,2026-07-06T13:59:59.468497,5.09239,1.18656,6.04243,12.10000,25.73448,5.05636,1.24931,6.31694,12.70000,25.05529,5.02289,1.22318,6.14391,12.10000,24.78022,5.07294,1.17508,5.96114,11.90000,23.45436,24.46442,99.02435
31-1,1783321199.568646,2026-07-06T13:59:59.568646,5.08688,1.28764,6.55005,13.13000,26.39046,5.05147,1.26908,6.41072,12.90000,25.69732,5.02890,1.25858,6.32928,12.45000,25.41409,5.07294,1.17508,5.96114,11.90000,24.05137,25.25119,101.55323
31-1,1783321199.668786,2026-07-06T13:59:59.668786,5.07893,1.28666,6.53486,13.12000,27.04486,5.05147,1.26908,6.41072,12.90000,26.33929,5.02186,1.24149,6.23460,12.28000,26.03843,5.07294,1.17508,5.96114,11.90000,24.64832,25.14132,104.07090
31-1,1783321199.768924,2026-07-06T13:59:59.768924,5.09093,1.28666,6.55030,13.12000,27.70079,5.05116,1.27592,6.44486,12.97000,26.98467,5.02106,1.25565,6.30471,12.42000,26.66977,5.07294,1.17508,5.96114,11.90000,25.24525,25.26101,106.60049
31-1,1783321199.869062,2026-07-06T13:59:59.869062,5.09509,1.28373,6.54073,13.09000,28.35577,5.05210,1.25517,6.34122,12.76000,27.61966,5.02079,1.26054,6.32888,12.47000,27.30353,5.07319,1.17020,5.93666,11.85000,25.83974,25.14749,109.11870
31-1,1783321199.969199,2026-07-06T13:59:59.969199,5.09445,1.29545,6.59961,13.21000,29.01663,5.05120,1.27494,6.43998,12.96000,28.26454,5.02479,1.26054,6.33393,12.47000,27.93779,5.06883,1.17728,5.96745,11.92000,26.43730,25.34097,111.65627
31-1,1783321200.069337,2026-07-06T14:00:00.069337,5.09056,1.29350,6.58462,13.19000,29.67600,5.05120,1.27494,6.43998,12.96000,28.90943,5.02198,1.23930,6.22372,12.26000,28.56102,5.06883,1.17728,5.96745,11.92000,27.03487,25.21577,114.18132
31-1,1783321200.169477,2026-07-06T14:00:00.169477,5.09019,1.30033,6.61894,13.26000,30.33882,5.05894,1.28080,6.47949,13.02000,29.55829,5.02101,1.25663,6.30955,12.43000,29.19286,5.07669,1.18021,5.99156,11.95000,27.63486,25.39954,116.72483
31-1,1783321200.269616,2026-07-06T14:00:00.269616,5.08619,1.30033,6.61373,13.26000,31.00112,5.05982,1.26127,6.38179,12.82000,30.19736,5.03295,1.25761,6.32947,12.44000,29.82669,5.07673,1.17924,5.98666,11.94000,28.23436,25.31165,119.25953
31-1,1783321200.369754,2026-07-06T14:00:00.369754,5.08017,1.26395,6.42111,12.89000,31.64411,5.05511,1.27689,6.45484,12.98000,30.84373,5.01695,1.25761,6.30935,12.44000,30.45849,5.07324,1.16923,5.93176,11.84000,28.82836,25.11706,121.77469
31-1,1783321200.469892,2026-07-06T14:00:00.469892,5.07931,1.27982,6.50062,13.05000,32.29507,5.05911,1.27689,6.45995,12.98000,31.49061,5.02626,1.23441,6.20448,12.21000,31.07979,5.08124,1.16923,5.94112,11.84000,29.42329,25.10617,124.28876
31-1,1783321200.570029,2026-07-06T14:00:00.570029,5.08731,1.27982,6.51086,13.05000,32.94705,5.05507,1.27787,6.45972,12.99000,32.13747,5.02506,1.25565,6.30974,12.42000,31.71164,5.07273,1.17924,5.98195,11.94000,30.02230,25.26227,126.81847
31-1,1783321200.670179,2026-07-06T14:00:00.670179,5.08731,1.27982,6.51086,13.05000,33.59911,5.05596,1.25810,6.36088,12.79000,32.77451,5.02901,1.25663,6.31960,12.43000,32.34454,5.07278,1.17826,5.97705,11.93000,30.62091,25.16839,129.33908
31-1,1783321200.770332,2026-07-06T14:00:00.770332,5.07840,1.29643,6.58377,13.22000,34.25850,5.05898,1.27982,6.47460,13.01000,33.42296,5.02901,1.25663,6.31960,12.43000,32.97747,5.07259,1.18216,5.99663,11.97000,31.22149,25.37460,131.88042
31-1,1783321200.870475,2026-07-06T14:00:00.870475,5.07915,1.28275,6.51529,13.08000,34.91096,5.05098,1.27982,6.46437,13.01000,34.07033,5.02084,1.25956,6.32405,12.46000,33.61078,5.07259,1.18216,5.99663,11.97000,31.82201,25.30034,134.41407
31-1,1783321200.970619,2026-07-06T14:00:00.970619,5.07808,1.30229,6.61311,13.28000,35.57322,5.04694,1.28080,6.46412,13.02000,34.71767,5.02152,1.24760,6.26483,12.34000,34.23816,5.06449,1.18412,5.99695,11.99000,32.42256,25.33901,136.95162
31-1,1783321201.070759,2026-07-06T14:00:01.070759,5.08608,1.30229,6.62353,13.28000,36.23650,5.04689,1.28178,6.46899,13.03000,35.36547,5.02124,1.25248,6.28900,12.39000,34.86795,5.07259,1.18216,5.99663,11.97000,33.02307,25.37815,139.49299
32-1,1783321201.170895,2026-07-06T14:00:01.170895,5.08747,1.27689,6.49616,13.02000,0.65050,5.05329,1.22880,6.20947,12.49000,0.62179,5.03324,1.25248,6.30403,12.39000,0.63126,5.07599,1.11502,5.65985,11.29000,0.56675,24.66951,2.47030
32-1,1783321201.271014,2026-07-06T14:00:01.271014,5.08790,1.26884,6.45572,12.94000,1.29684,5.05729,1.22880,6.21438,12.49000,1.24397,5.02461,1.26371,6.34965,12.50000,1.26698,5.07299,1.17411,5.95624,11.89000,1.16309,24.97599,4.97087
32-1,1783321201.371131,2026-07-06T14:00:01.371131,5.07996,1.26786,6.44068,12.93000,1.94166,5.05248,1.33500,6.74507,13.57000,1.91927,5.03066,1.15653,5.81810,11.44000,1.84947,5.08499,1.17411,5.97033,11.89000,1.76082,24.97418,7.47123
32-1,1783321201.471249,2026-07-06T14:00:01.471249,5.08396,1.26786,6.44575,12.93000,2.58700,5.06055,1.15677,5.85391,11.76000,2.50535,5.02140,1.17875,5.91896,11.66000,2.44207,5.08485,0.94021,4.78085,9.52000,2.23947,22.99947,9.77388
32-1,1783321201.571367,2026-07-06T14:00:01.571367,5.08673,1.21708,6.19095,12.41000,3.20682,5.04942,1.22587,6.18992,12.46000,3.12507,5.03340,1.17875,5.93311,11.66000,3.03608,5.07379,1.15848,5.87789,11.73000,2.82795,24.19187,12.19592
32-1,1783321201.671530,2026-07-06T14:00:01.671530,5.08108,1.24735,6.33789,12.72000,3.84164,5.05742,1.22587,6.19973,12.46000,3.74605,5.02631,1.23344,6.19964,12.20000,3.65705,5.07504,1.13382,5.75420,11.48000,3.40431,24.49146,14.64905
32-1,1783321201.771677,2026-07-06T14:00:01.771677,5.08407,1.19242,6.06235,12.16000,4.44877,5.05480,1.19535,6.04226,12.15000,4.35117,5.02964,1.17460,5.90779,11.62000,4.24870,5.07104,1.13382,5.74966,11.48000,3.98012,23.76206,17.02877
32-1,1783321201.871794,2026-07-06T14:00:01.871794,5.08038,1.26005,6.40153,12.85000,5.08967,5.05227,1.25126,6.32170,12.72000,4.98408,5.02660,1.22831,6.17422,12.15000,4.86684,5.07809,1.07352,5.45143,10.87000,4.52590,24.34888,19.46650
32-1,1783321201.971913,2026-07-06T14:00:01.971913,5.08838,1.26005,6.41161,12.85000,5.73159,5.05720,1.23075,6.22415,12.51000,5.60723,5.03060,1.22831,6.17914,12.15000,5.48549,5.07449,1.14457,5.80809,11.59000,5.10740,24.62299,21.93171
32-1,1783321202.071983,2026-07-06T14:00:02.071983,5.08422,1.26298,6.42126,12.88000,6.37417,5.05320,1.23075,6.21923,12.51000,6.22959,5.02335,1.21512,6.10400,12.02000,6.09632,5.07379,1.15848,5.87789,11.73000,5.69560,24.62238,24.39567
32-1,1783321202.172101,2026-07-06T14:00:02.172101,5.08508,1.24735,6.34288,12.72000,7.00921,5.05205,1.25614,6.34609,12.77000,6.86495,5.02220,1.23539,6.20438,12.22000,6.71749,5.07379,1.15848,5.87789,11.73000,6.28408,24.77124,26.87572
32-1,1783321202.272220,2026-07-06T14:00:02.272220,5.08396,1.26786,6.44575,12.93000,7.65455,5.05201,1.25712,6.35097,12.78000,7.50080,5.03004,1.23832,6.22879,12.25000,7.34111,5.07479,1.13871,5.77870,11.53000,6.86264,24.80421,29.35909
32-1,1783321202.372338,2026-07-06T14:00:02.372338,5.08396,1.26786,6.44575,12.93000,8.29989,5.05824,1.11942,5.66229,11.38000,8.06770,5.02604,1.23832,6.22384,12.25000,7.96423,5.07369,1.16044,5.88769,11.75000,7.45211,24.21957,31.78392
32-1,1783321202.472456,2026-07-06T14:00:02.472456,5.08719,0.98856,5.02897,10.08000,8.80338,5.05424,1.11942,5.65781,11.38000,8.63415,5.03705,0.97244,4.89823,9.62000,8.45463,5.10261,0.82669,4.21825,8.37000,7.87443,19.80326,33.76658
32-1,1783321202.572574,2026-07-06T14:00:02.572574,5.09448,0.85501,4.35581,8.72000,9.23947,5.05626,0.89822,4.54164,9.13000,9.08885,5.04326,0.86233,4.34896,8.53000,8.89004,5.07890,0.97879,4.97117,9.91000,8.37213,18.21758,35.59049
32-1,1783321202.672693,2026-07-06T14:00:02.672693,5.06428,1.26200,6.39113,12.87000,9.87935,5.04138,1.22684,6.18499,12.47000,9.70808,5.01198,1.20389,6.03390,11.91000,9.49415,5.08290,0.97879,4.97509,9.91000,8.87023,23.58511,37.95181
32-1,1783321202.772811,2026-07-06T14:00:02.772811,5.09228,1.26200,6.42646,12.87000,10.52275,5.05160,1.26615,6.39609,12.87000,10.34845,5.02798,1.20389,6.05316,11.91000,10.10018,5.07434,1.14750,5.82279,11.62000,9.45320,24.69850,40.42457
32-1,1783321202.872930,2026-07-06T14:00:02.872930,5.08725,1.28080,6.51576,13.06000,11.17510,5.05160,1.26615,6.39609,12.87000,10.98881,5.02975,1.24345,6.25422,12.30000,10.72634,5.07359,1.16239,5.89748,11.77000,10.04365,25.06355,42.93390
32-1,1783321202.973046,2026-07-06T14:00:02.973046,5.08763,1.27396,6.48145,12.99000,11.82400,5.04810,1.25517,6.33619,12.76000,11.62317,5.03004,1.23832,6.22879,12.25000,11.34995,5.07034,1.14750,5.81820,11.62000,10.62615,24.86463,45.42326
32-1,1783321203.073165,2026-07-06T14:00:03.073165,5.08720,1.28178,6.52066,13.07000,12.47684,5.04898,1.23563,6.23869,12.56000,12.24778,5.02655,1.22929,6.17906,12.16000,11.96858,5.07434,1.14750,5.82279,11.62000,11.20911,24.76120,47.90232
32-1,1783321203.173283,2026-07-06T14:00:03.173283,5.08779,1.27103,6.46675,12.96000,13.12428,5.04791,1.25932,6.35691,12.80000,12.88422,5.02598,1.23930,6.22868,12.16000,12.59219,5.07374,1.15946,5.88279,11.74000,11.79809,24.93513,50.39878
32-1,1783321203.273402,2026-07-06T14:00:03.273402,5.09179,1.27103,6.47184,12.96000,13.77223,5.05191,1.25932,6.36195,12.80000,13.52117,5.02198,1.23930,6.22372,12.26000,13.21530,5.07398,1.15458,5.85830,11.69000,12.38461,24.91581,52.89332
32-1,1783321203.373519,2026-07-06T14:00:03.373519,5.08336,1.27885,6.50084,13.04000,14.42308,5.05241,1.24833,6.30707,12.69000,14.15262,5.02724,1.21708,6.11854,12.04000,13.82787,5.07334,1.16727,5.92197,11.82000,12.97751,24.84842,55.38108
32-1,1783321203.473636,2026-07-06T14:00:03.473636,5.08341,1.27787,6.49595,13.03000,15.07343,5.05164,1.26518,6.39121,12.86000,14.79249,5.02592,1.24052,6.23473,12.27000,14.45207,5.07334,1.16727,5.92197,11.82000,13.57040,25.04386,57.88839
32-1,1783321203.573754,2026-07-06T14:00:03.573754,5.08731,1.27982,6.51086,13.05000,15.72529,5.05582,1.26127,6.37675,12.82000,15.43092,5.02751,1.21220,6.09433,11.99000,15.06223,5.07749,1.16434,5.91194,11.79000,14.16229,24.89388,60.38072
32-1,1783321203.673874,2026-07-06T14:00:03.673874,5.08731,1.27982,6.51086,13.05000,16.37715,5.05182,1.26127,6.37170,12.82000,16.06885,5.03151,1.21220,6.09918,11.99000,15.67288,5.07749,1.16434,5.91194,11.79000,14.75419,24.89368,62.87307
32-1,1783321203.773941,2026-07-06T14:00:03.773941,5.08704,1.28471,6.53536,13.10000,17.03113,5.05614,1.25419,6.34135,12.75000,16.70341,5.02186,1.24149,6.23460,12.28000,16.29675,5.07324,1.16923,5.93176,11.84000,15.34776,25.04307,65.37906
32-1,1783321203.874060,2026-07-06T14:00:03.874060,5.08812,1.26493,6.43612,12.90000,17.67550,5.05573,1.26322,6.38651,12.84000,17.34282,5.02351,1.21220,6.08948,11.99000,16.90642,5.07444,1.14554,5.81299,11.60000,15.92975,24.72510,67.85450
32-1,1783321203.974179,2026-07-06T14:00:03.974179,5.08336,1.27885,6.50084,13.04000,18.32636,5.05632,1.25028,6.32182,12.71000,17.97575,5.02552,1.24760,6.26982,12.34000,17.53415,5.07444,1.14554,5.81299,11.60000,16.51174,24.90547,70.34801
32-1,1783321204.074296,2026-07-06T14:00:04.074296,5.08736,1.27885,6.50596,13.04000,18.97772,5.05632,1.25028,6.32182,12.71000,18.60868,5.02152,1.24760,6.26483,12.34000,18.16137,5.07319,1.17020,5.93666,11.85000,17.10611,25.02927,72.85387
32-1,1783321204.174413,2026-07-06T14:00:04.174413,5.08709,1.28373,6.53046,13.09000,19.63153,5.05564,1.26518,6.39627,12.86000,19.24905,5.02718,1.21805,6.12338,12.05000,18.77443,5.07319,1.17020,5.93666,11.85000,17.70047,24.98677,75.35548
32-1,1783321204.274532,2026-07-06T14:00:04.274532,5.08747,1.27689,6.49616,13.02000,20.28192,5.05636,1.24931,6.31694,12.70000,19.88150,5.02569,1.24442,6.25409,12.31000,19.40058,5.07339,1.16630,5.91707,11.81000,18.29288,24.98426,77.85687
32-1,1783321204.374649,2026-07-06T14:00:04.374649,5.08688,1.28764,6.55005,13.13000,20.93769,5.05138,1.27103,6.42048,12.92000,20.52429,5.02604,1.23832,6.22384,12.25000,20.02369,5.06939,1.16630,5.91241,11.81000,18.88481,25.10678,80.37048
32-1,1783321204.474767,2026-07-06T14:00:04.474767,5.08773,1.27201,6.47165,12.97000,21.58562,5.05138,1.27103,6.42048,12.92000,21.16711,5.03004,1.23832,6.22879,12.25000,20.64731,5.06919,1.17020,5.93198,11.85000,19.47871,25.05290,82.87875
32-1,1783321204.574885,2026-07-06T14:00:04.574885,5.09173,1.27201,6.47674,12.97000,22.23406,5.05191,1.25932,6.36195,12.80000,21.80405,5.02952,1.24760,6.27481,12.34000,21.27553,5.06924,1.16923,5.92709,11.84000,20.07212,25.04059,85.38576
32-1,1783321204.675004,2026-07-06T14:00:04.675004,5.08768,1.27299,6.47655,12.98000,22.88248,5.05133,1.27201,6.42535,12.93000,22.44735,5.02912,1.25468,6.30992,12.41000,21.90727,5.07714,1.17118,5.94624,11.86000,20.66745,25.15806,87.90454
32-1,1783321204.775123,2026-07-06T14:00:04.775123,5.08779,1.27103,6.46675,12.96000,23.52993,5.04738,1.27103,6.41539,12.92000,23.08965,5.02592,1.24052,6.23473,12.27000,22.53149,5.07314,1.17118,5.94156,11.86000,21.26231,25.05843,90.41338
32-1,1783321204.875242,2026-07-06T14:00:04.875242,5.07941,1.27787,6.49083,13.03000,24.17978,5.05538,1.27103,6.42556,12.92000,23.73297,5.02992,1.24052,6.23969,12.27000,23.15619,5.07709,1.17215,5.95114,11.87000,21.85813,25.10722,92.92708
32-1,1783321204.975361,2026-07-06T14:00:04.975361,5.08741,1.27787,6.50106,13.03000,24.83066,5.05142,1.27006,6.41560,12.91000,24.37530,5.02524,1.25248,6.29401,12.39000,23.78635,5.07709,1.17215,5.95114,11.87000,22.45396,25.16181,95.44627
32-1,1783321205.075477,2026-07-06T14:00:05.075477,5.08315,1.28275,6.52043,13.08000,25.48346,5.05138,1.27103,6.42048,12.92000,25.01809,5.02671,1.22636,6.16454,12.13000,24.40352,5.07719,1.17020,5.94134,11.85000,23.04878,25.04679,97.95385
32-1,1783321205.175596,2026-07-06T14:00:05.175596,5.08604,1.22977,6.25467,12.54000,26.10967,5.05489,1.19340,6.03249,12.13000,25.62205,5.03175,1.20804,6.07858,11.95000,25.01209,5.06919,1.17020,5.93198,11.85000,23.64268,24.29772,100.38650
32-1,1783321205.275714,2026-07-06T14:00:05.275714,5.08667,1.29154,6.56965,13.17000,26.76741,5.05489,1.19340,6.03249,12.13000,26.22602,5.02775,1.20804,6.07374,11.95000,25.62019,5.07304,1.17313,5.95135,11.88000,24.23852,24.62723,102.85214
32-1,1783321205.375833,2026-07-06T14:00:05.375833,5.08667,1.29154,6.56965,13.17000,27.42516,5.05555,1.26713,6.40604,12.88000,26.86738,5.03444,1.23124,6.19860,12.18000,26.24078,5.06554,1.16337,5.89307,11.78000,24.82853,25.06736,105.36186
32-1,1783321205.475953,2026-07-06T14:00:05.475953,5.09448,1.14823,5.84963,11.71000,28.01082,5.05520,1.27494,6.44508,12.96000,27.51266,5.03306,1.25565,6.31978,12.42000,26.87352,5.06494,1.17508,5.95174,11.90000,25.42442,24.56623,107.82142
32-1,1783321205.576072,2026-07-06T14:00:05.576072,5.08699,1.28568,6.54026,13.11000,28.66563,5.05524,1.27396,6.44020,12.95000,28.15745,5.03272,1.26176,6.35007,12.48000,27.50929,5.07683,1.17728,5.97686,11.92000,26.02282,25.30739,110.35519
32-1,1783321205.676192,2026-07-06T14:00:05.676192,5.08022,1.26298,6.41621,12.88000,29.30802,5.04724,1.27396,6.43001,12.95000,28.80122,5.02872,1.26176,6.34502,12.48000,28.14455,5.07283,1.17728,5.97216,11.92000,26.62075,25.16340,112.87454
32-1,1783321205.776311,2026-07-06T14:00:05.776311,5.08331,1.27982,6.50574,13.05000,29.95937,5.06027,1.25126,6.33171,12.72000,29.43515,5.02592,1.24052,6.23473,12.27000,28.76876,5.07288,1.17631,5.96726,11.91000,27.21819,25.03944,115.38147
32-1,1783321205.876430,2026-07-06T14:00:05.876430,5.08331,1.27982,6.50574,13.05000,30.61071,5.05916,1.27592,6.45507,12.97000,30.08142,5.02495,1.25761,6.31941,12.44000,29.40145,5.07329,1.16825,5.92687,11.83000,27.81157,25.20709,117.90516
32-1,1783321205.976549,2026-07-06T14:00:05.976549,5.08741,1.27787,6.50106,13.03000,31.26160,5.05511,1.27689,6.45484,12.98000,30.72768,5.02518,1.25346,6.29885,12.40000,30.03209,5.06878,1.17826,5.97234,11.93000,28.40952,25.22709,120.43089
32-1,1783321206.076669,2026-07-06T14:00:06.076669,5.08640,1.29643,6.59414,13.22000,31.92180,5.05911,1.27689,6.45995,12.98000,31.37444,5.02518,1.25346,6.29885,12.40000,30.66273,5.07278,1.17826,5.97705,11.93000,29.00794,25.32999,122.96691
33-1,1783321206.176811,2026-07-06T14:00:06.176811,5.09607,1.19242,6.07666,12.16000,0.60853,5.04805,1.25614,6.34107,12.77000,0.63501,5.01815,1.23637,6.20427,12.23000,0.62131,5.06873,1.17924,5.97723,11.94000,0.59857,24.59923,2.46342
33-1,1783321206.276930,2026-07-06T14:00:06.276930,5.09207,1.19242,6.07189,12.16000,1.21644,5.04502,1.32304,6.67476,13.45000,1.30328,5.01439,1.30302,6.53384,12.89000,1.27547,5.06594,1.23441,6.25346,12.50000,1.22466,25.53395,5.01985
33-1,1783321206.377048,2026-07-06T14:00:06.377048,5.09035,1.29740,6.60423,13.23000,1.87765,5.04572,1.39604,7.04402,14.19000,2.00851,5.02199,1.38090,6.93488,13.66000,1.96978,5.07198,1.27299,6.45657,12.89000,1.87108,27.03970,7.72702
33-1,1783321206.477167,2026-07-06T14:00:06.477167,5.09788,1.15922,5.90954,11.82000,2.46930,5.05772,1.39604,7.06077,14.19000,2.71543,5.05595,0.92093,4.65616,13.66000,2.43595,5.07598,1.27299,6.46166,12.89000,2.51802,24.08813,10.13869
33-1,1783321206.577284,2026-07-06T14:00:06.577284,5.07765,1.31010,6.65223,13.36000,3.13531,5.06083,0.97391,4.92878,9.90000,3.20889,5.03995,0.92093,4.64143,9.11000,2.90064,5.08261,0.90555,4.60253,9.17000,2.97881,20.82497,12.22364
33-1,1783321206.677403,2026-07-06T14:00:06.677403,5.08565,1.31010,6.66271,13.36000,3.80237,5.05705,1.05741,5.34735,10.75000,3.74426,5.02985,1.02908,5.17614,10.18000,3.41887,5.07425,0.99149,5.03105,10.04000,3.48251,22.21725,14.44801
33-1,1783321206.777521,2026-07-06T14:00:06.777521,5.08454,1.25712,6.39187,12.82000,4.44231,5.04405,1.25614,6.33604,12.77000,4.37861,5.01826,1.23441,6.19460,12.21000,4.03906,5.06579,1.15848,5.86863,11.73000,4.07007,24.79114,16.93005
33-1,1783321206.877640,2026-07-06T14:00:06.877640,5.08534,1.24247,6.31838,12.67000,5.07490,5.05205,1.25614,6.34609,12.77000,5.01397,5.03164,1.21000,6.08827,11.97000,4.64861,5.07454,1.14359,5.80319,11.58000,4.65108,24.55593,19.38856
33-1,1783321206.977757,2026-07-06T14:00:06.977757,5.08438,1.26005,6.40657,12.85000,5.71631,5.05245,1.24735,6.30219,12.68000,5.64493,5.03164,1.21000,6.08827,11.97000,5.25815,5.07054,1.14359,5.79862,11.58000,5.23162,24.59565,21.85099
33-1,1783321207.077874,2026-07-06T14:00:07.077874,5.08438,1.26005,6.40657,12.85000,6.35771,5.05285,1.23856,6.25827,12.59000,6.27149,5.03020,1.23539,6.21426,12.22000,5.88030,5.06974,1.15946,5.87815,11.74000,5.82012,24.75725,24.32962
33-1,1783321207.177994,2026-07-06T14:00:07.177994,5.08860,1.25614,6.39200,12.81000,6.99768,5.05196,1.25810,6.35585,12.79000,6.90783,5.03066,1.22733,6.17429,12.14000,6.49847,5.07069,1.14066,5.78393,11.55000,6.39920,24.70607,26.80318
33-1,1783321207.278109,2026-07-06T14:00:07.278109,5.08757,1.27494,6.48636,13.00000,7.64706,5.05196,1.25810,6.35585,12.79000,7.54415,5.02198,1.23930,6.22372,12.26000,7.12156,5.07354,1.16337,5.90238,11.78000,6.99012,24.96831,29.30289
33-1,1783321207.378226,2026-07-06T14:00:07.378226,5.08934,1.24247,6.32335,12.67000,8.28013,5.05658,1.24442,6.29253,12.65000,8.17414,5.02998,1.23930,6.23364,12.26000,7.74565,5.07354,1.16337,5.90238,11.78000,7.58105,24.75190,31.78097
33-1,1783321207.478343,2026-07-06T14:00:07.478343,5.08812,1.26493,6.43612,12.90000,8.92450,5.05610,1.25517,6.34624,12.76000,8.80951,5.02604,1.23832,6.22384,12.25000,8.36876,5.07859,1.14261,5.80286,11.57000,8.16202,24.80906,34.26479
33-1,1783321207.578462,2026-07-06T14:00:07.578462,5.08412,1.26493,6.43106,12.90000,9.56837,5.05582,1.26127,6.37675,12.82000,9.44794,5.02780,1.20707,6.06890,11.94000,8.97637,5.07759,1.16239,5.90213,11.77000,8.75293,24.77884,36.74561
33-1,1783321207.678581,2026-07-06T14:00:07.678581,5.08460,1.25614,6.38698,12.81000,10.20783,5.04942,1.22587,6.18992,12.46000,10.06767,5.02198,1.23930,6.22372,12.26000,9.59949,5.07454,1.14359,5.80319,11.58000,9.33394,24.60381,39.20892
33-1,1783321207.778701,2026-07-06T14:00:07.778701,5.08401,1.26688,6.44085,12.92000,10.85269,5.05342,1.22587,6.19483,12.46000,10.68789,5.02598,1.23930,6.22868,12.26000,10.22310,5.07454,1.14359,5.80319,11.58000,9.91496,24.66755,41.67863
33-1,1783321207.878819,2026-07-06T14:00:07.878819,5.08444,1.25907,6.40167,12.84000,11.49361,5.05164,1.26518,6.39121,12.86000,11.32777,5.02724,1.21708,6.11854,12.04000,10.83568,5.07339,1.16630,5.91707,11.81000,10.50736,24.82849,44.16442
33-1,1783321207.978938,2026-07-06T14:00:07.978938,5.08844,1.25907,6.40671,12.84000,12.13504,5.05232,1.25028,6.31682,12.71000,11.96020,5.02581,1.24247,6.24441,12.29000,11.46086,5.07369,1.16044,5.88769,11.75000,11.09683,24.85563,46.65294
33-1,1783321208.079056,2026-07-06T14:00:08.079056,5.08725,1.28080,6.51576,13.06000,12.78739,5.05151,1.26811,6.40585,12.89000,12.60154,5.02649,1.23026,6.18391,12.17000,12.07998,5.07334,1.16727,5.92197,11.82000,11.68973,25.02749,49.15864
33-1,1783321208.179175,2026-07-06T14:00:08.179175,5.08699,1.28568,6.54026,13.11000,13.44219,5.05551,1.26811,6.41092,12.89000,13.24340,5.02649,1.23026,6.18391,12.17000,12.69911,5.07709,1.09330,5.55076,11.07000,12.24546,24.68585,51.63016
33-1,1783321208.279292,2026-07-06T14:00:08.279292,5.08704,1.28471,6.53536,13.10000,14.09650,5.06196,1.21390,6.14474,12.34000,13.85859,5.02637,1.16166,5.83891,11.49000,13.28369,5.07309,1.09330,5.54639,11.07000,12.80075,24.06540,54.03953
33-1,1783321208.379412,2026-07-06T14:00:08.379412,5.08704,1.28471,6.53536,13.10000,14.75082,5.05973,1.26322,6.39156,12.84000,14.49852,5.02164,1.24540,6.25395,12.32000,13.90983,5.07329,1.16825,5.92687,11.83000,13.39415,25.10774,56.55332
33-1,1783321208.479532,2026-07-06T14:00:08.479532,5.08785,1.26981,6.46063,12.95000,15.39765,5.05155,1.26713,6.40097,12.88000,15.13938,5.03084,1.22416,6.15854,12.11000,14.52642,5.07424,1.14945,5.83259,11.64000,13.97811,24.85273,59.04156
33-1,1783321208.579649,2026-07-06T14:00:08.579649,5.08709,1.28373,6.53046,13.09000,16.05147,5.05155,1.26713,6.40097,12.88000,15.78023,5.02684,1.22416,6.15365,12.11000,15.14251,5.06929,1.16825,5.92219,11.83000,14.57102,25.00727,61.54523
33-1,1783321208.679768,2026-07-06T14:00:08.679768,5.08688,1.28764,6.55005,13.13000,16.70725,5.05555,1.26713,6.40604,12.88000,16.42159,5.02569,1.24442,6.25409,12.31000,15.76866,5.06929,1.16825,5.92219,11.83000,15.16395,25.13237,64.06145
33-1,1783321208.779886,2026-07-06T14:00:08.779886,5.08773,1.27201,6.47165,12.97000,17.35518,5.05533,1.27201,6.43044,12.93000,17.06540,5.02735,1.21512,6.10886,12.02000,16.38027,5.07319,1.17020,5.93666,11.85000,15.75831,24.94761,66.55916
33-1,1783321208.880005,2026-07-06T14:00:08.880005,5.08373,1.27201,6.46657,12.97000,18.00260,5.05560,1.26615,6.40116,12.87000,17.70627,5.03341,1.24955,6.28949,12.36000,17.00996,5.07379,1.15848,5.87789,11.73000,16.34680,25.03511,69.06563
33-1,1783321208.980123,2026-07-06T14:00:08.980123,5.08347,1.27689,6.49105,13.02000,18.65247,5.04760,1.26615,6.39103,12.87000,18.34613,5.02941,1.24955,6.28449,12.36000,17.63915,5.07314,1.17118,5.94156,11.86000,16.94166,25.10813,71.57941
33-1,1783321209.080241,2026-07-06T14:00:09.080241,5.08465,1.25517,6.38208,12.80000,19.29143,5.05529,1.27299,6.43532,12.94000,18.99042,5.03415,1.23637,6.22405,12.23000,18.26229,5.07314,1.17118,5.94156,11.86000,17.53651,24.98301,74.08066
33-1,1783321209.180358,2026-07-06T14:00:09.180358,5.09104,1.28471,6.54049,13.10000,19.94625,5.05569,1.26420,6.39139,12.85000,19.63031,5.03352,1.24760,6.27980,12.34000,18.89101,5.07309,1.17215,5.94645,11.87000,18.13185,25.15813,76.59941
33-1,1783321209.280477,2026-07-06T14:00:09.280477,5.09104,1.28471,6.54049,13.10000,20.60108,5.05129,1.27299,6.43023,12.94000,20.27410,5.02512,1.25468,6.30490,12.41000,19.52225,5.07349,1.16434,5.90728,11.79000,18.72329,25.18290,79.12071
33-1,1783321209.380595,2026-07-06T14:00:09.380595,5.08267,1.29154,6.56448,13.17000,21.25830,5.04729,1.27299,6.42514,12.94000,20.91737,5.03312,1.25468,6.31493,12.41000,20.15449,5.07294,1.17508,5.96114,11.90000,19.32010,25.26569,81.65026
33-1,1783321209.480713,2026-07-06T14:00:09.480713,5.08396,1.26786,6.44575,12.93000,21.90363,5.05210,1.25517,6.34122,12.76000,21.55224,5.02581,1.24247,6.24441,12.29000,20.77966,5.07299,1.17411,5.95624,11.89000,19.91643,24.98762,84.15196
33-1,1783321209.580831,2026-07-06T14:00:09.580831,5.08352,1.27592,6.48615,13.01000,22.55301,5.05160,1.26615,6.39609,12.87000,22.19260,5.02546,1.24857,6.27466,12.35000,21.40787,5.07699,1.17411,5.96094,11.89000,20.51323,25.11784,86.66671
33-1,1783321209.680947,2026-07-06T14:00:09.680947,5.08752,1.27592,6.49126,13.01000,23.20289,5.05214,1.25419,6.33634,12.75000,22.82697,5.02992,1.24052,6.23969,12.27000,22.03256,5.07384,1.15751,5.87300,11.72000,21.10121,24.94029,89.16363
33-1,1783321209.781065,2026-07-06T14:00:09.781065,5.08656,1.29350,6.57945,13.19000,23.86161,5.05614,1.25419,6.34135,12.75000,23.46185,5.02924,1.25248,6.29902,12.27000,22.66321,5.07304,1.17313,5.95135,11.88000,21.69705,25.17117,91.68372
33-1,1783321209.881184,2026-07-06T14:00:09.881184,5.09435,1.29740,6.60942,13.23000,24.52334,5.05138,1.27103,6.42048,12.92000,24.10467,5.02124,1.25248,6.28900,12.39000,23.29286,5.07294,1.17508,5.96114,11.90000,22.29387,25.28004,94.21474
33-1,1783321209.981302,2026-07-06T14:00:09.981302,5.09525,1.28080,6.52600,13.06000,25.17671,5.05129,1.27299,6.43023,12.94000,24.74845,5.02512,1.25468,6.30490,12.41000,23.92409,5.07294,1.17508,5.96114,11.90000,22.89069,25.22227,96.73995
34-1,1783321210.081438,2026-07-06T14:00:10.081438,5.09190,1.26884,6.46080,12.94000,0.64696,5.05564,1.26518,6.39627,12.86000,0.64050,5.02746,1.21317,6.09917,12.00000,0.61075,5.06909,1.17215,5.94176,11.87000,0.59498,24.89800,2.49318
34-1,1783321210.181559,2026-07-06T14:00:10.181559,5.08790,1.26884,6.45572,12.94000,1.29331,5.05564,1.26518,6.39627,12.86000,1.28089,5.03271,1.19095,5.99373,11.78000,1.21084,5.06548,1.24345,6.29865,12.59000,1.22561,25.14437,5.01065
34-1,1783321210.281679,2026-07-06T14:00:10.281679,5.08529,1.24345,6.32328,12.68000,1.92639,5.04909,1.05643,5.33401,10.74000,1.81494,5.02071,1.19095,5.97944,11.78000,1.80950,5.09379,1.00052,5.09644,10.13000,1.73586,22.73317,7.28670
34-1,1783321210.381797,2026-07-06T14:00:10.381797,5.08454,1.25712,6.39187,12.82000,2.56634,5.04027,1.25126,6.30669,12.72000,2.44635,5.03164,1.21000,6.08827,11.97000,2.41905,5.08179,1.00052,5.08443,10.13000,2.24491,23.87126,9.67665
34-1,1783321210.481915,2026-07-06T14:00:10.481915,5.08156,1.23856,6.29383,12.63000,3.19647,5.05325,1.22977,6.21435,12.50000,3.06852,5.03066,1.22733,6.17429,12.14000,3.03721,5.07005,1.15336,5.84757,11.68000,2.83036,24.53004,12.13255
34-1,1783321210.582033,2026-07-06T14:00:10.582033,5.08556,1.23856,6.29878,12.63000,3.82709,5.04925,1.22977,6.20943,12.50000,3.69020,5.03415,1.16556,5.86761,11.53000,3.62466,5.07029,1.14847,5.82309,11.63000,3.41335,24.19891,14.55530
35-1,1783321210.682179,2026-07-06T14:00:10.682179,5.08813,1.19144,6.06221,12.15000,0.60710,5.04921,1.14212,5.76683,11.61000,0.57752,5.03415,1.16556,5.86761,11.53000,0.58761,5.07765,1.00345,5.09516,10.16000,0.51026,22.79181,2.28249
35-1,1783321210.782301,2026-07-06T14:00:10.782301,5.08251,1.29447,6.57917,13.20000,1.26582,5.04107,1.32206,6.66460,13.44000,1.24479,5.02850,1.26566,6.36438,12.52000,1.22483,5.06599,1.23344,6.24857,12.49000,1.13588,25.85672,4.87132
35-1,1783321210.882420,2026-07-06T14:00:10.882420,5.08388,1.34257,6.82547,13.69000,1.94918,5.05832,1.20609,6.10079,12.26000,1.85560,5.02308,1.36161,6.83950,13.47000,1.90959,5.07799,1.23344,6.26337,12.49000,1.76296,26.02913,7.47734
35-1,1783321210.982541,2026-07-06T14:00:10.982541,5.07988,1.34257,6.82010,13.69000,2.63202,5.05032,1.20609,6.09115,12.26000,2.46545,5.05361,1.03323,5.22157,10.22000,2.43238,5.07646,0.79006,4.01073,8.00000,2.16452,22.14355,9.69437
35-1,1783321211.082660,2026-07-06T14:00:11.082660,5.09015,1.15433,5.87572,11.77000,3.22029,5.05423,1.20804,6.10574,12.28000,3.07675,5.03361,1.03323,5.20090,10.22000,2.95309,5.05879,1.13871,5.76048,11.53000,2.74125,22.94284,11.99138
35-1,1783321211.182779,2026-07-06T14:00:11.182779,5.08433,1.26102,6.41147,12.86000,3.86220,5.05201,1.25712,6.35097,12.78000,3.71260,5.03198,1.20389,6.05797,11.91000,3.55961,5.06979,1.15848,5.87326,11.73000,3.32927,24.69367,14.46368
35-1,1783321211.282895,2026-07-06T14:00:11.282895,5.09270,1.25419,6.38721,12.79000,4.50166,5.05232,1.25028,6.31682,12.71000,4.34502,5.03026,1.23441,6.20942,12.21000,4.18127,5.07779,1.15848,5.88253,11.73000,3.91821,24.79598,16.94617
35-1,1783321211.383013,2026-07-06T14:00:11.383013,5.08470,1.25419,6.37718,12.79000,5.14013,5.04832,1.25028,6.31182,12.71000,4.97695,5.03415,1.23637,6.22405,12.23000,4.80441,5.06974,1.15946,5.87815,11.74000,4.50672,24.79120,19.42821
35-1,1783321211.483132,2026-07-06T14:00:11.483132,5.08870,1.25419,6.38219,12.79000,5.77911,5.05733,1.22782,6.20950,12.48000,5.59864,5.03015,1.23637,6.21911,12.23000,5.42707,5.07024,1.14945,5.82799,11.64000,5.09022,24.63879,21.89503
35-1,1783321211.583251,2026-07-06T14:00:11.583251,5.08357,1.27494,6.48126,13.00000,6.42801,5.05586,1.26029,6.37187,12.81000,6.23658,5.03140,1.21415,6.10887,12.01000,6.03868,5.07364,1.16141,5.89259,11.76000,5.68017,24.85459,24.38343
35-1,1783321211.683369,2026-07-06T14:00:11.683369,5.08438,1.26005,6.40657,12.85000,7.06942,5.05605,1.25614,6.35112,12.77000,6.87244,5.02998,1.23930,6.23364,12.26000,6.66278,5.07364,1.16141,5.89259,11.76000,6.27013,24.88392,26.87477
35-1,1783321211.783488,2026-07-06T14:00:11.783488,5.08768,1.27299,6.47655,12.98000,7.71784,5.04805,1.25614,6.34107,12.77000,7.50730,5.03015,1.23637,6.21911,12.23000,7.28543,5.07479,1.13871,5.77870,11.53000,6.84868,24.81543,29.35926
35-1,1783321211.883606,2026-07-06T14:00:11.883606,5.08768,1.27299,6.47655,12.98000,8.36627,5.05320,1.23075,6.21923,12.51000,8.12996,5.02615,1.23637,6.21416,12.23000,7.90758,5.07359,1.16239,5.89748,11.77000,7.43913,24.80742,31.84294
35-1,1783321211.983725,2026-07-06T14:00:11.983725,5.08396,1.26786,6.44575,12.93000,9.01161,5.05173,1.26322,6.38146,12.84000,8.76887,5.02775,1.20804,6.07374,11.95000,8.51567,5.07064,1.14164,5.78883,11.56000,8.01870,24.68978,34.31485
35-1,1783321212.083843,2026-07-06T14:00:12.083843,5.08288,1.28764,6.54490,13.13000,9.66687,5.05596,1.25810,6.36088,12.79000,9.40571,5.02581,1.24247,6.24441,12.29000,9.14085,5.07064,1.14164,5.78883,11.56000,8.59827,24.93902,36.81171
35-1,1783321212.183962,2026-07-06T14:00:12.183962,5.09222,1.26298,6.43137,12.88000,10.31077,5.04796,1.25810,6.35082,12.79000,10.04154,5.02620,1.23539,6.20932,12.22000,9.76252,5.07359,1.16239,5.89748,11.77000,9.18872,24.88899,39.30355
35-1,1783321212.284080,2026-07-06T14:00:12.284080,5.08422,1.26298,6.42126,12.88000,10.95365,5.05325,1.22977,6.21435,12.50000,10.66371,5.02620,1.23539,6.20932,12.22000,10.38419,5.07454,1.14359,5.80319,11.58000,9.76972,24.64812,41.77127
35-1,1783321212.384197,2026-07-06T14:00:12.384197,5.08401,1.26688,6.44085,12.92000,11.59850,5.05196,1.25810,6.35585,12.79000,11.30004,5.02575,1.24345,6.24925,12.30000,11.00984,5.07354,1.16337,5.90238,11.78000,10.36065,24.94833,44.26903
35-1,1783321212.484315,2026-07-06T14:00:12.484315,5.08444,1.25907,6.40167,12.84000,12.23942,5.05463,1.19926,6.06179,12.19000,11.90694,5.02592,1.24052,6.23473,12.27000,11.63405,5.07319,1.09134,5.53658,11.05000,10.91496,24.23477,46.69537
35-1,1783321212.584433,2026-07-06T14:00:12.584433,5.08524,1.24442,6.32818,12.69000,12.87298,5.05463,1.19926,6.06179,12.19000,12.51383,5.02998,1.23930,6.23364,12.26000,12.25815,5.07719,1.09134,5.54095,11.05000,11.46971,24.16456,49.11467
35-1,1783321212.684552,2026-07-06T14:00:12.684552,5.08924,1.24442,6.33316,12.69000,13.50705,5.05282,1.15091,5.81536,11.70000,13.09606,5.02598,1.23930,6.22868,12.26000,12.88176,5.07465,1.06253,5.39198,10.76000,12.00955,23.76918,51.49442
35-1,1783321212.784670,2026-07-06T14:00:12.784670,5.08396,1.26786,6.44575,12.93000,14.15239,5.04796,1.25810,6.35082,12.79000,13.73189,5.03055,1.22929,6.18398,12.16000,13.50089,5.06944,1.16532,5.90751,11.80000,12.60100,24.88806,53.98617
35-1,1783321212.884792,2026-07-06T14:00:12.884792,5.08396,1.26786,6.44575,12.93000,14.79775,5.05578,1.26225,6.38163,12.83000,14.37083,5.02969,1.24442,6.25907,12.31000,14.12756,5.07329,1.16825,5.92687,11.83000,13.19441,25.01332,56.49054
35-1,1783321212.984910,2026-07-06T14:00:12.984910,5.08412,1.26493,6.43106,12.90000,15.44161,5.05578,1.26225,6.38163,12.83000,15.00975,5.02684,1.22416,6.15365,12.11000,14.74365,5.07729,1.16825,5.93154,11.83000,13.78826,24.89788,58.98327
35-1,1783321213.085028,2026-07-06T14:00:13.085028,5.08476,1.25321,6.37228,12.78000,16.07959,5.05241,1.15995,5.86053,11.79000,15.59649,5.02552,1.24760,6.26982,12.34000,15.37137,5.07719,1.09134,5.54095,11.05000,14.34301,24.04358,61.39047
35-1,1783321213.185146,2026-07-06T14:00:13.185146,5.08476,1.25321,6.37228,12.78000,16.71757,5.04738,1.27103,6.41539,12.92000,16.23878,5.02952,1.24760,6.27481,12.34000,15.99959,5.07354,1.16337,5.90238,11.78000,14.93394,24.96486,63.88989
35-1,1783321213.285264,2026-07-06T14:00:13.285264,5.08225,1.22587,6.23016,12.50000,17.34132,5.06183,1.21683,6.15941,12.37000,16.85545,5.02500,1.18583,5.95878,11.73000,16.59617,5.07930,1.12870,5.73298,11.43000,15.50792,24.08133,66.30087
35-1,1783321213.385382,2026-07-06T14:00:13.385382,5.08028,1.26200,6.41132,12.87000,17.98321,5.05383,1.21683,6.14967,12.37000,17.47115,5.02311,1.21928,6.12456,12.06000,17.20935,5.07530,1.12870,5.72847,11.43000,16.08144,24.41402,68.74515
35-1,1783321213.485500,2026-07-06T14:00:13.485500,5.08704,1.28471,6.53536,13.10000,18.63752,5.05236,1.24931,6.31194,12.70000,18.10308,5.02552,1.24760,6.26982,12.34000,17.83707,5.07429,1.14847,5.82769,11.63000,16.66490,24.94481,71.24258
35-1,1783321213.585618,2026-07-06T14:00:13.585618,5.08304,1.28471,6.53022,13.10000,19.29131,5.05147,1.26908,6.41072,12.90000,18.74491,5.02552,1.24760,6.26982,12.34000,18.46480,5.07719,1.17020,5.94134,11.85000,17.25973,25.15210,73.76075
35-1,1783321213.685736,2026-07-06T14:00:13.685736,5.08752,1.27592,6.49126,13.01000,19.94121,5.05445,1.20316,6.08132,12.23000,19.35377,5.02969,1.17362,5.90294,11.61000,19.05579,5.08030,1.10892,5.63365,11.23000,17.82377,24.10917,76.17453
35-1,1783321213.785855,2026-07-06T14:00:13.785855,5.08741,1.27787,6.50106,13.03000,20.59209,5.05845,1.20316,6.08613,12.23000,19.96310,5.02564,1.24540,6.25893,12.32000,19.68243,5.07314,1.17118,5.94156,11.86000,18.41863,24.78768,78.65624
35-1,1783321213.885973,2026-07-06T14:00:13.885973,5.08785,1.26981,6.46063,12.95000,21.23891,5.05249,1.24638,6.29731,12.67000,20.59357,5.02124,1.25248,6.28900,12.39000,20.31207,5.07314,1.17118,5.94156,11.86000,19.01348,24.98850,81.15803
35-1,1783321213.986092,2026-07-06T14:00:13.986092,5.08785,1.26981,6.46063,12.95000,21.88574,5.05129,1.27299,6.43023,12.94000,21.23736,5.02524,1.25248,6.29401,12.39000,20.94222,5.07354,1.16337,5.90238,11.78000,19.60442,25.08725,83.66974
35-1,1783321214.086211,2026-07-06T14:00:14.086211,5.08752,1.27592,6.49126,13.01000,22.53564,5.05667,1.24247,6.28276,12.63000,21.86639,5.03330,1.25150,6.29918,12.38000,21.57288,5.07294,1.17508,5.96114,11.90000,20.20125,25.03434,86.17615
35-1,1783321214.186327,2026-07-06T14:00:14.186327,5.08747,1.27689,6.49616,13.02000,23.18601,5.05667,1.24247,6.28276,12.63000,22.49539,5.03409,1.23734,6.22890,12.24000,22.19650,5.07304,1.17313,5.95135,11.88000,20.79708,24.95917,88.67498
35-1,1783321214.286446,2026-07-06T14:00:14.286446,5.08773,1.27201,6.47165,12.97000,23.83394,5.05151,1.26811,6.40585,12.89000,23.13674,5.02541,1.24955,6.27949,12.36000,22.82519,5.07304,1.17313,5.95135,11.88000,21.39291,25.10834,91.18878
35-1,1783321214.386564,2026-07-06T14:00:14.386564,5.08656,1.29350,6.57945,13.19000,24.49267,5.05138,1.27103,6.42048,12.92000,23.77954,5.02941,1.24955,6.28449,12.36000,23.45438,5.07309,1.17215,5.94645,11.87000,21.98826,25.23087,93.71486
35-1,1783321214.486683,2026-07-06T14:00:14.486683,5.08656,1.29350,6.57945,13.19000,25.15139,5.06338,1.27103,6.43573,12.92000,24.42388,5.03341,1.24955,6.28949,12.36000,24.08408,5.07334,1.16727,5.92197,11.82000,22.58116,25.22664,96.24053
35-1,1783321214.586802,2026-07-06T14:00:14.586802,5.09147,1.27689,6.50126,13.02000,25.80229,5.05138,1.27103,6.42048,12.92000,25.06670,5.03358,1.24638,6.27374,12.33000,24.71220,5.07299,1.17411,5.95624,11.89000,23.17750,25.15172,98.75869
35-1,1783321214.686919,2026-07-06T14:00:14.686919,5.09104,1.28471,6.54049,13.10000,26.45711,5.05138,1.27103,6.42048,12.92000,25.70949,5.02924,1.25248,6.29902,12.39000,25.34284,5.07299,1.17411,5.95624,11.89000,23.77382,25.21623,101.28325
35-1,1783321214.787038,2026-07-06T14:00:14.787038,5.09552,1.27592,6.50146,13.01000,27.10803,5.05232,1.25028,6.31682,12.71000,26.34193,5.02124,1.25248,6.28900,12.39000,25.97249,5.07294,1.17508,5.96114,11.90000,24.37064,25.06842,103.79308
35-1,1783321214.887156,2026-07-06T14:00:14.887156,5.07152,1.27592,6.47084,13.01000,27.75587,5.05111,1.27689,6.44974,12.98000,26.98766,5.02964,1.17460,5.90779,11.62000,26.56396,5.07674,1.10013,5.58509,11.14000,24.92981,24.41346,106.23730
35-1,1783321214.987274,2026-07-06T14:00:14.987274,5.08315,1.28275,6.52043,13.08000,28.40869,5.05911,1.27689,6.45995,12.98000,27.63442,5.02530,1.25150,6.28917,12.38000,27.19362,5.07288,1.17631,5.96726,11.91000,25.52724,25.23681,108.76397
35-1,1783321215.087391,2026-07-06T14:00:15.087391,5.08412,1.26493,6.43106,12.90000,29.05255,5.04791,1.25932,6.35691,12.80000,28.27085,5.02975,1.24345,6.25422,12.30000,27.81978,5.06899,1.17411,5.95155,11.89000,26.12309,24.99374,111.26627
35-1,1783321215.187509,2026-07-06T14:00:15.187509,5.07931,1.27982,6.50062,13.05000,29.70337,5.04729,1.27299,6.42514,12.94000,28.91413,5.02575,1.24345,6.24925,12.30000,28.44544,5.07299,1.17411,5.95624,11.89000,26.71942,25.13125,113.78236
35-1,1783321215.287626,2026-07-06T14:00:15.287626,5.08731,1.27982,6.51086,13.05000,30.35522,5.05107,1.27787,6.45461,12.99000,29.56035,5.02918,1.25346,6.30386,12.40000,29.07657,5.07299,1.17411,5.95624,11.89000,27.31574,25.22557,116.30788
35-1,1783321215.387746,2026-07-06T14:00:15.387746,5.09115,1.28275,6.53069,13.08000,31.00907,5.05210,1.25517,6.34122,12.99000,30.19522,5.02906,1.25565,6.31476,12.42000,29.70880,5.07304,1.17313,5.95135,11.88000,27.91159,25.13802,118.82468
35-1,1783321215.487863,2026-07-06T14:00:15.487863,5.09197,1.19437,6.08170,12.18000,31.61795,5.05210,1.25517,6.34122,12.76000,30.83009,5.02558,1.24638,6.26377,12.33000,30.33591,5.06873,1.17924,5.97723,11.94000,28.51001,24.66392,121.29396
35-1,1783321215.587981,2026-07-06T14:00:15.587981,5.08709,1.28373,6.53046,13.09000,32.27177,5.05894,1.28080,6.47949,13.02000,31.47880,5.02558,1.24638,6.26377,12.33000,30.96302,5.07273,1.17924,5.98195,11.94000,29.10891,25.25567,123.82251
35-1,1783321215.688099,2026-07-06T14:00:15.688099,5.09504,1.28471,6.54563,13.10000,32.92711,5.05947,1.26908,6.42088,12.90000,32.12165,5.02490,1.25858,6.32425,12.45000,31.59620,5.07724,1.16923,5.93644,11.84000,29.70326,25.22720,126.34822
35-1,1783321215.788217,2026-07-06T14:00:15.788217,5.09104,1.28471,6.54049,13.10000,33.58193,5.05511,1.27689,6.45484,12.98000,32.76790,5.02466,1.26273,6.34481,12.49000,32.23143,5.07678,1.17826,5.98176,11.93000,30.30214,25.32190,128.88339
35-1,1783321215.888334,2026-07-06T14:00:15.888334,5.08725,1.28080,6.51576,13.06000,34.23427,5.04311,1.27689,6.43952,12.98000,33.41260,5.02192,1.24052,6.22977,12.27000,32.85513,5.07264,1.18119,5.99174,11.96000,30.90201,25.17679,131.40401
35-1,1783321215.988453,2026-07-06T14:00:15.988453,5.08661,1.29252,6.57455,13.18000,34.89251,5.05098,1.27982,6.46437,13.01000,34.05981,5.03392,1.24052,6.24465,12.27000,33.48034,5.07264,1.18119,5.99174,11.96000,31.50190,25.27531,133.93455
35-1,1783321216.088572,2026-07-06T14:00:16.088572,5.09152,1.27592,6.49636,13.01000,35.54291,5.05186,1.26029,6.36683,12.81000,34.69725,5.02495,1.25761,6.31941,12.44000,34.11303,5.07659,1.18216,6.00136,11.97000,32.10275,25.18396,136.45593
35-1,1783321216.188690,2026-07-06T14:00:16.188690,5.09152,1.27592,6.49636,13.01000,36.19332,5.06382,1.26127,6.38684,12.82000,35.33668,5.03374,1.10184,5.54638,10.90000,34.66832,5.08385,1.03885,5.28136,10.52000,32.63151,23.71094,138.82983
35-1,1783321216.288808,2026-07-06T14:00:16.288808,5.08699,1.28568,6.54026,13.11000,36.84812,5.05182,1.26127,6.37170,12.82000,35.97461,5.02095,1.25761,6.31438,12.44000,35.30051,5.06464,1.18119,5.98229,11.96000,33.23044,25.20863,141.35368
36-1,1783321216.388949,2026-07-06T14:00:16.388949,5.09271,1.18070,6.01297,12.04000,0.60215,5.04805,1.25614,6.34107,12.77000,0.63500,5.03084,1.29496,6.51475,12.81000,0.65239,5.07804,1.23246,6.25847,12.48000,0.62673,25.12726,2.51627
36-1,1783321216.489068,2026-07-06T14:00:16.489068,5.07556,1.34843,6.84404,13.75000,1.28736,5.04466,1.33110,6.71492,13.53000,1.30729,5.02684,1.29496,6.50957,12.81000,1.30413,5.07004,1.23246,6.24861,12.48000,1.25234,26.31714,5.15112
36-1,1783321216.589186,2026-07-06T14:00:16.589186,5.09156,1.34843,6.86562,13.75000,1.97474,5.07684,0.88528,4.49443,9.00000,1.75727,5.02610,1.30815,6.57487,12.94000,1.96239,5.07618,1.26908,6.44209,12.85000,1.89730,24.37701,7.59169
36-1,1783321216.689306,2026-07-06T14:00:16.689306,5.08381,1.19730,6.08685,12.21000,2.58415,5.05684,0.88528,4.47673,9.00000,2.20547,5.04105,1.04324,5.25905,10.32000,2.48892,5.09111,0.97464,4.96199,9.87000,2.39409,20.78462,9.67264
36-1,1783321216.789424,2026-07-06T14:00:16.789424,5.08108,1.24735,6.33789,12.72000,3.21869,5.05614,1.25419,6.34135,12.75000,2.84036,5.02660,1.22831,6.17422,12.15000,3.10708,5.07489,1.13675,5.76890,11.51000,2.97167,24.62236,12.13779
36-1,1783321216.889543,2026-07-06T14:00:16.889543,5.08677,1.28959,6.55985,13.15000,3.87545,5.05623,1.25224,6.33159,12.73000,3.47427,5.02260,1.22831,6.16931,12.15000,3.72474,5.07089,1.13675,5.76435,11.51000,3.54879,24.82510,14.62325
36-1,1783321216.989661,2026-07-06T14:00:16.989661,5.09115,1.28275,6.53069,13.08000,4.52929,5.05680,1.23954,6.26811,12.60000,4.10182,5.02358,1.21097,6.08343,11.98000,4.33380,5.07374,1.15946,5.88279,11.74000,4.13776,24.76502,17.10267
36-1,1783321217.089779,2026-07-06T14:00:17.089779,5.08715,1.28275,6.52556,13.08000,5.18262,5.05280,1.23954,6.26315,12.60000,4.72888,5.02226,1.23441,6.19954,12.21000,4.95449,5.07459,1.14261,5.79829,11.57000,4.71828,24.78654,19.58426
36-1,1783321217.189898,2026-07-06T14:00:17.189898,5.08806,1.26591,6.44102,12.91000,5.82749,5.05276,1.24052,6.26803,12.61000,5.35642,5.03409,1.16654,5.87247,11.54000,5.54243,5.07799,1.07547,5.46124,10.89000,5.26505,24.04276,21.99139
36-1,1783321217.290016,2026-07-06T14:00:17.290016,5.08683,1.28861,6.55495,13.14000,6.48375,5.05258,1.24442,6.28755,12.65000,5.98592,5.03409,1.16654,5.87247,11.54000,6.13037,5.07799,1.07547,5.46124,10.89000,5.81182,24.17621,24.41187
36-1,1783321217.390134,2026-07-06T14:00:17.390134,5.08741,1.27787,6.50106,13.03000,7.13463,5.04814,1.25419,6.33132,12.75000,6.61980,5.02249,1.23026,6.17898,12.17000,6.74900,5.07764,1.16141,5.89723,11.76000,6.40223,24.90859,26.90566
36-1,1783321217.490252,2026-07-06T14:00:17.490252,5.08341,1.27787,6.49595,13.03000,7.78499,5.05214,1.25419,6.33634,12.75000,7.25418,5.02249,1.23026,6.17898,12.17000,7.36762,5.07874,1.13968,5.78815,11.54000,6.98173,24.79942,29.38853
36-1,1783321217.590369,2026-07-06T14:00:17.590369,5.08683,1.28861,6.55495,13.14000,8.44126,5.05254,1.24540,6.29243,12.66000,7.88417,5.03004,1.23832,6.22879,12.25000,7.99124,5.06959,1.16239,5.89283,11.77000,7.57171,24.96900,31.88837
36-1,1783321217.690488,2026-07-06T14:00:17.690488,5.08801,1.26688,6.44592,12.92000,9.08661,5.05236,1.24931,6.31194,12.70000,8.51611,5.02604,1.23832,6.22384,12.25000,8.61436,5.07434,1.14750,5.82279,11.62000,8.15468,24.80449,34.37175
36-1,1783321217.790605,2026-07-06T14:00:17.790605,5.09190,1.26884,6.46080,12.94000,9.73345,5.05227,1.25126,6.32170,12.72000,9.14902,5.02369,1.20902,6.07375,11.96000,9.22245,5.07034,1.14750,5.81820,11.62000,8.73718,24.67445,36.84210
36-1,1783321217.890724,2026-07-06T14:00:17.890724,5.08790,1.26884,6.45572,12.94000,10.37979,5.05227,1.25126,6.32170,12.72000,9.78194,5.02198,1.23930,6.22372,12.26000,9.84556,5.07384,1.15751,5.87300,11.72000,9.32518,24.87414,39.33246
36-1,1783321217.990843,2026-07-06T14:00:17.990843,5.09185,1.26981,6.46571,12.95000,11.02713,5.05325,1.22977,6.21435,12.50000,10.40412,5.02284,1.22416,6.14875,12.11000,10.46117,5.07464,1.14164,5.79339,11.56000,9.90521,24.62220,41.79762
36-1,1783321218.090961,2026-07-06T14:00:18.090961,5.09131,1.27982,6.51598,13.05000,11.67950,5.05169,1.26420,6.38634,12.85000,11.04350,5.02684,1.22416,6.15365,12.11000,11.07726,5.07339,1.16630,5.91707,11.81000,10.49761,24.97304,44.29787
36-1,1783321218.191078,2026-07-06T14:00:18.191078,5.09163,1.27396,6.48655,12.99000,12.32891,5.05210,1.25517,6.34122,12.76000,11.67837,5.02952,1.24760,6.27481,12.34000,11.70547,5.07339,1.16630,5.91707,11.81000,11.09001,25.01965,46.80275
36-1,1783321218.291196,2026-07-06T14:00:18.291196,5.08715,1.28275,6.52556,12.99000,12.98223,5.05210,1.25517,6.34122,12.76000,12.31323,5.02986,1.24149,6.24454,12.28000,12.33066,5.07034,1.14750,5.81820,11.62000,11.67252,24.92952,49.29864
36-1,1783321218.391314,2026-07-06T14:00:18.391314,5.08715,1.28275,6.52556,13.08000,13.63556,5.05578,1.26225,6.38163,12.83000,12.95215,5.02141,1.24955,6.27450,12.36000,12.95885,5.06944,1.16532,5.90751,11.80000,12.26397,25.08920,51.81053
36-1,1783321218.491432,2026-07-06T14:00:18.491432,5.08460,1.25614,6.38698,12.81000,14.27501,5.05578,1.26225,6.38163,12.83000,13.59107,5.02941,1.24955,6.28449,12.36000,13.58804,5.07349,1.16434,5.90728,11.79000,12.85539,24.96038,54.30952
36-1,1783321218.591550,2026-07-06T14:00:18.591550,5.08363,1.27396,6.47636,12.99000,14.92341,5.05214,1.25419,6.33634,12.75000,14.22545,5.02169,1.24442,6.24911,12.31000,14.21369,5.07349,1.16434,5.90728,11.79000,13.44682,24.96909,56.80937
36-1,1783321218.691668,2026-07-06T14:00:18.691668,5.08347,1.27689,6.49105,13.02000,15.57329,5.05614,1.25419,6.34135,12.75000,14.86033,5.02152,1.24760,6.26483,12.34000,14.84091,5.07344,1.16532,5.91217,11.80000,14.03873,25.00940,59.31327
36-1,1783321218.791788,2026-07-06T14:00:18.791788,5.08747,1.27689,6.49616,13.02000,16.22368,5.05578,1.26225,6.38163,12.83000,15.49926,5.03974,1.13724,5.73141,11.25000,15.41474,5.07334,1.16727,5.92197,11.82000,14.63164,24.53117,61.76931
36-1,1783321218.891906,2026-07-06T14:00:18.891906,5.08722,1.20804,6.14559,12.32000,16.83896,5.05672,1.24149,6.27788,12.62000,16.12779,5.02774,1.13724,5.71776,11.25000,15.98719,5.07049,1.14457,5.80351,11.59000,15.21267,23.94474,64.16662
36-1,1783321218.992025,2026-07-06T14:00:18.992025,5.08315,1.28275,6.52043,13.08000,17.49178,5.05173,1.26322,6.38146,12.84000,16.76669,5.03335,1.25053,6.29434,12.37000,16.61737,5.06939,1.16630,5.91241,11.59000,15.80462,25.10864,66.68046
36-1,1783321219.092142,2026-07-06T14:00:19.092142,5.08465,1.25517,6.38208,12.80000,18.13074,5.04773,1.26322,6.37641,12.84000,17.40508,5.03381,1.24247,6.25435,12.29000,17.24354,5.07339,1.16630,5.91707,11.81000,16.39702,24.92991,69.17638
36-1,1783321219.192261,2026-07-06T14:00:19.192261,5.08865,1.25517,6.38710,12.80000,18.77021,5.05236,1.24931,6.31194,12.70000,18.03703,5.02564,1.24540,6.25893,12.32000,17.87018,5.07324,1.16923,5.93176,11.84000,16.99090,24.88973,71.66833
36-1,1783321219.292380,2026-07-06T14:00:19.292380,5.08709,1.28373,6.53046,13.09000,19.42403,5.05151,1.26811,6.40585,12.89000,18.67837,5.02964,1.24540,6.26391,12.32000,18.49731,5.07374,1.15946,5.88279,11.74000,17.57988,25.08301,74.17960
36-1,1783321219.392498,2026-07-06T14:00:19.392498,5.08672,1.29057,6.56475,13.16000,20.08128,5.04791,1.25932,6.35691,12.80000,19.31482,5.03078,1.22514,6.16339,12.12000,19.11438,5.06924,1.16923,5.92709,11.84000,18.17329,25.01214,76.68377
36-1,1783321219.492619,2026-07-06T14:00:19.492619,5.09378,1.16117,5.91473,11.84000,20.67347,5.06391,1.25932,6.37706,12.80000,19.95329,5.02958,1.24638,6.26875,12.33000,19.74201,5.08124,1.16923,5.94112,11.84000,18.76812,24.50166,79.13689
36-1,1783321219.592737,2026-07-06T14:00:19.592737,5.08178,1.16117,5.90080,11.84000,21.26425,5.05539,1.18241,5.97754,12.02000,20.55175,5.02300,1.22123,6.13424,12.08000,20.35616,5.07819,1.15043,5.84209,11.65000,19.35302,23.85467,81.52518
36-1,1783321219.692856,2026-07-06T14:00:19.692856,5.08390,1.26884,6.45065,12.94000,21.91008,5.05169,1.26420,6.38634,12.85000,21.19115,5.02535,1.25053,6.28433,12.37000,20.98534,5.07719,1.17020,5.94134,11.85000,19.94786,25.06266,84.03443
36-1,1783321219.792974,2026-07-06T14:00:19.792974,5.09157,1.27494,6.49146,13.00000,22.55999,5.05155,1.26713,6.40097,12.88000,21.83200,5.01735,1.25053,6.27433,12.37000,21.61352,5.07309,1.17215,5.94645,11.87000,20.54320,25.11321,86.54871
36-1,1783321219.893092,2026-07-06T14:00:19.893092,5.09179,1.27103,6.47184,12.96000,23.20794,5.05155,1.26713,6.40097,12.88000,22.47285,5.02912,1.25468,6.30992,12.41000,22.24525,5.07309,1.17215,5.94645,11.87000,21.13855,25.12918,89.06459
36-1,1783321219.993212,2026-07-06T14:00:19.993212,5.07872,1.29057,6.55443,13.16000,23.86416,5.04760,1.26615,6.39103,12.87000,23.11272,5.03004,1.23832,6.22879,12.25000,22.86888,5.07319,1.17020,5.93666,11.85000,21.73293,25.11091,91.57869
36-1,1783321220.093330,2026-07-06T14:00:20.093330,5.08272,1.29057,6.55959,13.16000,24.52090,5.04832,1.25028,6.31182,12.71000,23.74465,5.02930,1.25150,6.29418,12.38000,23.49904,5.07394,1.15555,5.86320,11.70000,22.31994,25.02879,94.08453
36-1,1783321220.193449,2026-07-06T14:00:20.193449,5.08725,1.28080,6.51576,13.06000,25.17325,5.05120,1.27494,6.43998,12.96000,24.38941,5.02130,1.25150,6.28417,12.38000,24.12820,5.07283,1.17728,5.97216,11.92000,22.91787,25.21207,96.60873
36-1,1783321220.293567,2026-07-06T14:00:20.293567,5.08790,1.26884,6.45572,12.94000,25.81958,5.04720,1.27494,6.43488,12.96000,25.03366,5.02569,1.24442,6.25409,12.31000,24.75435,5.06883,1.17728,5.96745,11.92000,23.51532,25.11214,99.12291
36-1,1783321220.393685,2026-07-06T14:00:20.393685,5.07904,1.28471,6.52508,13.10000,26.47286,5.05569,1.26420,6.39139,12.85000,25.67355,5.02535,1.25053,6.28433,12.37000,25.38353,5.07294,1.17508,5.96114,11.90000,24.11214,25.16194,101.64208
36-1,1783321220.493803,2026-07-06T14:00:20.493803,5.08304,1.28471,6.53022,13.10000,27.12665,5.05524,1.27396,6.44020,12.95000,26.31833,5.02512,1.25468,6.30490,12.41000,26.01476,5.07283,1.17728,5.97216,11.92000,24.71006,25.24748,104.16981
36-1,1783321220.593921,2026-07-06T14:00:20.593921,5.07851,1.29447,6.57399,13.20000,27.78483,5.05133,1.27201,6.42535,12.93000,26.96163,5.02912,1.25468,6.30992,12.41000,26.64650,5.07339,1.16630,5.91707,11.81000,25.30246,25.22633,106.69542
36-1,1783321220.694039,2026-07-06T14:00:20.694039,5.07925,1.28080,6.50551,13.06000,28.43615,5.04733,1.27201,6.42027,12.93000,27.60441,5.03769,1.24442,6.26902,12.31000,27.27414,5.07288,1.17631,5.96726,11.91000,25.89989,25.16206,109.21459
36-1,1783321220.794156,2026-07-06T14:00:20.794156,5.08773,1.27201,6.47165,12.97000,29.08407,5.04836,1.24931,6.30695,12.70000,28.23584,5.03724,1.25248,6.30904,12.39000,27.90578,5.07688,1.17631,5.97197,11.91000,26.49778,25.05961,111.72347
36-1,1783321220.894274,2026-07-06T14:00:20.894274,5.09573,1.27201,6.48183,12.97000,29.73302,5.04720,1.27494,6.43488,12.96000,28.88009,5.02118,1.25346,6.29384,12.40000,28.53591,5.06883,1.17728,5.96745,11.92000,27.09524,25.17800,114.24427
36-1,1783321220.994395,2026-07-06T14:00:20.994395,5.09115,1.28275,6.53069,13.08000,30.38688,5.04329,1.27299,6.42005,12.94000,29.52287,5.02118,1.25346,6.29384,12.40000,29.16605,5.06899,1.17411,5.95155,11.89000,27.69111,25.19613,116.76691
36-1,1783321221.094513,2026-07-06T14:00:21.094513,5.07536,1.27885,6.49061,13.04000,31.03671,5.04729,1.27299,6.42514,12.94000,30.16615,5.02512,1.25468,6.30490,12.41000,29.79729,5.07673,1.17924,5.98666,11.94000,28.29048,25.20731,119.29063
36-1,1783321221.194631,2026-07-06T14:00:21.194631,5.07472,1.29057,6.54926,13.16000,31.69240,5.05147,1.26908,6.41072,12.90000,30.80797,5.02615,1.23637,6.21416,12.23000,30.41944,5.07273,1.17924,5.98195,11.94000,28.88938,25.15609,121.80920
36-1,1783321221.294749,2026-07-06T14:00:21.294749,5.09024,1.29936,6.61403,13.25000,32.35459,5.05116,1.27592,6.44486,12.97000,31.45322,5.02890,1.25858,6.32928,12.45000,31.05311,5.06929,1.16825,5.92219,11.83000,29.48230,25.31036,124.34322
36-1,1783321221.394866,2026-07-06T14:00:21.394866,5.08224,1.29936,6.60364,13.25000,33.01572,5.05102,1.27885,6.45949,13.00000,32.09992,5.01690,1.25858,6.31418,12.45000,31.68527,5.06869,1.18021,5.98212,11.95000,30.08121,25.35943,126.88213
36-1,1783321221.494983,2026-07-06T14:00:21.494983,5.09477,1.28959,6.57017,13.15000,33.67351,5.05102,1.27885,6.45949,13.00000,32.74663,5.02072,1.26176,6.33493,12.48000,32.31951,5.06869,1.18021,5.98212,11.95000,30.68013,25.34671,129.41978
36-1,1783321221.595102,2026-07-06T14:00:21.595102,5.09557,1.27494,6.49655,13.00000,34.32393,5.05898,1.27982,6.47460,13.01000,33.39486,5.02066,1.26273,6.33976,12.49000,32.95423,5.07269,1.18021,5.98684,11.95000,31.27952,25.29775,131.95254
36-1,1783321221.695220,2026-07-06T14:00:21.695220,5.07365,1.38359,7.01983,14.11000,35.02675,5.05991,1.25932,6.37202,12.80000,34.03281,5.02986,1.24149,6.24454,12.28000,33.57942,5.06859,1.18216,5.99190,11.97000,31.87942,25.62829,134.51840
36-1,1783321221.795339,2026-07-06T14:00:21.795339,5.08565,1.38359,7.03643,14.11000,35.73123,5.05080,1.28373,6.48387,13.05000,34.68197,5.02986,1.24149,6.24454,12.28000,34.20462,5.07249,1.18412,6.00642,11.99000,32.48078,25.77126,137.09860
36-1,1783321221.895458,2026-07-06T14:00:21.895458,5.08955,1.31205,6.67775,13.38000,36.39980,5.05080,1.28373,6.48387,13.05000,35.33113,5.02872,1.26176,6.34502,12.48000,34.83988,5.07259,1.18216,5.99663,11.97000,33.08115,25.50327,139.65195
37-1,1783321221.995597,2026-07-06T14:00:21.995597,5.09409,1.22880,6.25960,12.53000,0.62683,5.04698,1.27982,6.45925,13.01000,0.64683,5.03164,1.21000,6.08827,11.97000,0.60968,5.07334,1.16727,5.92197,11.82000,0.59302,24.72909,2.47636
37-1,1783321222.095714,2026-07-06T14:00:22.095714,5.07339,1.31498,6.67141,13.41000,1.29476,5.04479,1.32817,6.70032,13.50000,1.31764,5.01450,1.30107,6.52419,12.87000,1.26286,5.07334,1.16727,5.92197,11.82000,1.18591,25.81789,5.06117
37-1,1783321222.195832,2026-07-06T14:00:22.195832,5.08939,1.31498,6.69245,13.41000,1.96479,5.07599,0.90408,4.58911,9.19000,1.77710,5.03850,1.30107,6.55541,12.87000,1.91917,5.07560,1.04373,5.29757,10.57000,1.71630,23.13454,7.37736
37-1,1783321222.295951,2026-07-06T14:00:22.295951,5.09175,0.90506,4.60832,9.23000,2.42617,5.05999,0.90408,4.57464,9.19000,2.23510,5.04315,0.86428,4.35871,8.55000,2.35556,5.09081,0.74368,3.78591,7.53000,2.09534,17.32758,9.11217
37-1,1783321222.396070,2026-07-06T14:00:22.396070,5.09351,0.87283,4.44576,8.90000,2.87127,5.05630,0.89724,4.53674,9.12000,2.68932,5.04035,0.91385,4.60611,9.04000,2.81672,5.06369,1.12088,5.67581,11.35000,2.66359,19.26442,11.04090
37-1,1783321222.496188,2026-07-06T14:00:22.496188,5.07590,1.26884,6.44050,12.94000,3.51608,5.04107,1.23368,6.21907,12.54000,3.31196,5.02420,1.19999,6.02898,11.87000,3.42033,5.07969,1.12088,5.69375,11.35000,3.23364,24.38230,13.48201
37-1,1783321222.596307,2026-07-06T14:00:22.596307,5.08336,1.27885,6.50084,13.04000,4.16694,5.04511,1.23270,6.21913,12.53000,3.93461,5.02820,1.19999,6.03378,11.87000,4.02443,5.07394,1.15555,5.86320,11.70000,3.82066,24.61695,15.94664
37-1,1783321222.696425,2026-07-06T14:00:22.696425,5.08736,1.27885,6.50596,13.04000,4.81830,5.04511,1.23270,6.21913,12.53000,4.55725,5.03026,1.23441,6.20942,12.21000,4.64610,5.07504,1.13382,5.75420,11.48000,4.39675,24.68871,18.41841
37-1,1783321222.796544,2026-07-06T14:00:22.796544,5.08609,1.22880,6.24977,12.53000,5.44403,5.06019,1.16483,5.89426,11.84000,5.14738,5.03049,1.23026,6.18883,12.17000,5.26572,5.06994,1.15555,5.85858,11.70000,4.98331,24.19144,20.84044
37-1,1783321222.896662,2026-07-06T14:00:22.896662,5.08320,1.28178,6.51553,13.07000,6.09635,5.05623,1.25224,6.33159,12.73000,5.78129,5.02758,1.21097,6.08827,11.98000,5.87527,5.07394,1.15555,5.86320,11.70000,5.57033,24.79859,23.32324
37-1,1783321222.996780,2026-07-06T14:00:22.996780,5.08438,1.26005,6.40657,12.85000,6.73776,5.04942,1.22587,6.18992,12.46000,6.40102,5.03004,1.23832,6.22879,12.25000,6.49888,5.07434,1.14750,5.82279,11.62000,6.15329,24.64807,25.79095
37-1,1783321223.096902,2026-07-06T14:00:23.096902,5.08038,1.26005,6.40153,12.85000,7.37869,5.04942,1.22587,6.18992,12.46000,7.02076,5.03004,1.23832,6.22879,12.25000,7.12252,5.07379,1.15848,5.87789,11.73000,6.74179,24.69813,28.26377
37-1,1783321223.197020,2026-07-06T14:00:23.197020,5.08715,1.28275,6.52556,13.08000,8.03202,5.05582,1.26127,6.37675,12.82000,7.65919,5.02604,1.23832,6.22384,12.25000,7.74564,5.07369,1.16044,5.88769,11.75000,7.33126,25.01384,30.76810
37-1,1783321223.297138,2026-07-06T14:00:23.297138,5.08779,1.27103,6.46675,12.96000,8.67946,5.05210,1.25517,6.34122,12.76000,8.29406,5.02775,1.20804,6.07374,11.95000,8.35373,5.07359,1.16239,5.89748,11.77000,7.92170,24.77919,33.24895
37-1,1783321223.397257,2026-07-06T14:00:23.397257,5.08379,1.27103,6.46167,12.96000,9.32639,5.05338,1.22684,6.19971,12.47000,8.91476,5.02244,1.23124,6.18382,12.18000,8.97284,5.07759,1.16239,5.90213,11.77000,8.51262,24.74733,35.72662
37-1,1783321223.497375,2026-07-06T14:00:23.497375,5.08779,1.27103,6.46675,12.96000,9.97383,5.05196,1.25810,6.35585,12.79000,9.55110,5.03444,1.23124,6.19860,12.18000,9.59344,5.07364,1.16141,5.89259,11.76000,9.10257,24.91379,38.22095
37-1,1783321223.597494,2026-07-06T14:00:23.597494,5.08790,1.26884,6.45572,12.94000,10.62017,5.05596,1.25810,6.36088,12.79000,10.18794,5.02660,1.22831,6.17422,12.15000,10.21159,5.07349,1.16434,5.90728,11.79000,9.69400,24.89810,40.71371
37-1,1783321223.697612,2026-07-06T14:00:23.697612,5.08731,1.27982,6.51086,13.05000,11.27203,5.04786,1.26029,6.36178,12.81000,10.82488,5.02586,1.24149,6.23957,12.28000,10.83629,5.07759,1.16239,5.90213,11.77000,10.28491,25.01434,43.21811
37-1,1783321223.797731,2026-07-06T14:00:23.797731,5.08076,1.25321,6.36727,12.78000,11.90951,5.04872,1.24149,6.26794,12.62000,11.45242,5.02626,1.23441,6.20448,12.21000,11.45748,5.07359,1.16239,5.89748,11.77000,10.87536,24.73717,45.69477
37-1,1783321223.897851,2026-07-06T14:00:23.897851,5.08396,1.26786,6.44575,12.78000,12.55486,5.05182,1.26127,6.37170,12.82000,12.09035,5.03026,1.23441,6.20942,12.21000,12.07916,5.07019,1.07157,5.43305,10.85000,11.41932,24.45992,48.14369
37-1,1783321223.997970,2026-07-06T14:00:23.997970,5.07996,1.26786,6.44068,12.93000,13.19969,5.05182,1.26127,6.37170,12.82000,12.72828,5.02775,1.20804,6.07374,11.95000,12.68726,5.06549,1.16434,5.89796,11.79000,12.00982,24.78408,50.62504
37-1,1783321224.098089,2026-07-06T14:00:24.098089,5.08422,1.26298,6.42126,12.88000,13.84258,5.05201,1.25712,6.35097,12.78000,13.36413,5.02581,1.24247,6.24441,12.29000,13.31244,5.07339,1.16630,5.91707,11.81000,12.60223,24.93371,53.12137
37-1,1783321224.198207,2026-07-06T14:00:24.198207,5.08401,1.26688,6.44085,12.92000,14.48743,5.05178,1.26225,6.37658,12.83000,14.00254,5.03055,1.22929,6.18398,12.16000,13.93157,5.07739,1.16630,5.92174,11.81000,13.19510,24.92315,55.61663
37-1,1783321224.298325,2026-07-06T14:00:24.298325,5.09171,1.12577,5.73208,11.48000,15.06132,5.05922,1.09793,5.55468,11.16000,14.55866,5.02655,1.22929,6.17906,12.16000,14.55021,5.07739,1.16630,5.92174,11.81000,13.78797,23.38756,57.95816
37-1,1783321224.398455,2026-07-06T14:00:24.398455,5.08371,1.12577,5.72307,11.48000,15.63437,5.05522,1.09793,5.55029,11.16000,15.11442,5.04424,0.91580,4.61951,9.06000,15.01276,5.09456,0.82766,4.21657,8.38000,14.21018,20.10944,59.97172
37-1,1783321224.498574,2026-07-06T14:00:24.498574,5.09048,0.85501,4.35239,8.72000,16.07012,5.05626,0.89822,4.54164,9.13000,15.56912,5.04737,0.86038,4.34265,8.51000,15.44754,5.08665,0.82571,4.20010,8.36000,14.63069,17.43678,61.71747
37-1,1783321224.598693,2026-07-06T14:00:24.598693,5.08009,1.04544,5.31094,10.66000,16.60185,5.05141,1.00540,5.07869,10.22000,16.07759,5.03937,0.86038,4.33576,8.51000,15.88163,5.08665,0.82571,4.20010,8.36000,15.05120,18.92549,63.61227
37-1,1783321224.698811,2026-07-06T14:00:24.698811,5.09485,0.84817,4.32130,8.65000,17.03449,5.06039,0.89529,4.53052,9.10000,16.53118,5.04337,0.86038,4.33920,8.51000,16.31606,5.08265,0.82571,4.19679,8.36000,15.47137,17.38781,65.35310
37-1,1783321224.798930,2026-07-06T14:00:24.798930,5.08685,0.84817,4.31452,8.65000,17.46645,5.05239,0.89529,4.52336,9.10000,16.98405,5.04343,0.85940,4.33433,8.50000,16.75001,5.08001,0.87796,4.46002,8.89000,15.91791,17.63223,67.11843
37-1,1783321224.899049,2026-07-06T14:00:24.899049,5.08454,1.25712,6.39187,12.82000,18.10640,5.05316,1.23173,6.22411,12.52000,17.60721,5.02266,1.22733,6.16447,12.14000,17.36719,5.06544,1.16532,5.90285,11.80000,16.50890,24.68330,69.58970
37-1,1783321224.999168,2026-07-06T14:00:24.999168,5.08412,1.26493,6.43106,12.90000,18.75027,5.05182,1.26127,6.37170,12.82000,18.24513,5.02569,1.24442,6.25409,12.31000,17.99334,5.07739,1.16630,5.92174,11.81000,17.10177,24.97859,72.09052
37-1,1783321225.099288,2026-07-06T14:00:25.099288,5.08897,1.24931,6.35768,12.74000,19.38680,5.05276,1.24052,6.26803,12.61000,18.87269,5.02969,1.24442,6.25907,12.31000,18.62000,5.07339,1.16630,5.91707,11.81000,17.69419,24.80185,74.57368
37-1,1783321225.199407,2026-07-06T14:00:25.199407,5.08497,1.24931,6.35268,12.74000,20.02283,5.05276,1.24052,6.26803,12.61000,19.50024,5.02666,1.22733,6.16938,12.14000,19.23767,5.07334,1.16727,5.92197,11.82000,18.28709,24.71206,77.04783
37-1,1783321225.299525,2026-07-06T14:00:25.299525,5.08785,1.26981,6.46063,12.95000,20.66965,5.05182,1.26127,6.37170,12.82000,20.13816,5.02575,1.24345,6.24925,12.30000,19.86334,5.07419,1.15043,5.83748,11.65000,18.87153,24.91906,79.54267
37-1,1783321225.399641,2026-07-06T14:00:25.399641,5.08709,1.28373,6.53046,13.09000,21.32346,5.05263,1.24345,6.28267,12.64000,20.76716,5.03124,1.21708,6.12341,12.04000,20.47639,5.06924,1.16923,5.92709,11.84000,19.46493,24.86363,82.03193
37-1,1783321225.499760,2026-07-06T14:00:25.499760,5.08747,1.27689,6.49616,13.02000,21.97385,5.05155,1.26713,6.40097,12.88000,21.40801,5.03124,1.21708,6.12341,12.04000,21.08946,5.07324,1.16923,5.93176,11.84000,20.05881,24.95230,84.53013
37-1,1783321225.599879,2026-07-06T14:00:25.599879,5.08988,1.23270,6.27431,12.57000,22.60202,5.05555,1.26713,6.40604,12.88000,22.04938,5.02941,1.24955,6.28449,12.36000,21.71865,5.07314,1.17118,5.94156,11.86000,20.65367,24.90640,87.02372
37-1,1783321225.699997,2026-07-06T14:00:25.699997,5.08988,1.23270,6.27431,12.57000,23.23020,5.05155,1.26713,6.40097,12.88000,22.69023,5.02964,1.24540,6.26391,12.32000,22.34579,5.07319,1.17020,5.93666,11.85000,21.24804,24.87585,89.51425
37-1,1783321225.800114,2026-07-06T14:00:25.800114,5.08699,1.28568,6.54026,13.11000,23.88499,5.05263,1.24345,6.28267,12.64000,23.31924,5.02198,1.23930,6.22372,12.26000,22.96889,5.07359,1.16239,5.89748,11.77000,21.83848,24.94413,92.01159
37-1,1783321225.900233,2026-07-06T14:00:25.900233,5.08796,1.26786,6.45082,12.93000,24.53083,5.04760,1.26615,6.39103,12.87000,23.95910,5.02598,1.23930,6.22868,12.26000,23.59249,5.07329,1.16825,5.92687,11.77000,22.43186,24.99740,94.51429
37-1,1783321226.000351,2026-07-06T14:00:26.000351,5.08806,1.26591,6.44102,12.91000,25.17570,5.04760,1.26615,6.39103,12.87000,24.59896,5.02958,1.24638,6.26875,12.33000,24.22011,5.06929,1.16825,5.92219,11.83000,23.02478,25.02299,97.01955
37-1,1783321226.100469,2026-07-06T14:00:26.100469,5.08806,1.26591,6.44102,12.91000,25.82056,5.04355,1.26713,6.39083,12.88000,25.23879,5.02930,1.25150,6.29418,12.38000,24.85027,5.08104,1.17313,5.96073,11.88000,23.62156,25.08676,99.53119
38-1,1783321226.200612,2026-07-06T14:00:26.200612,5.08347,1.27689,6.49105,13.02000,0.65003,5.04520,1.23075,6.20938,12.51000,0.62182,5.02969,1.17362,5.90294,11.61000,0.59114,5.08404,1.11405,5.66386,11.28000,0.56719,24.26723,2.43019
38-1,1783321226.300733,2026-07-06T14:00:26.300733,5.08240,1.29643,6.58896,13.22000,1.30972,5.04475,1.32914,6.70519,13.51000,1.29315,5.02273,1.29691,6.51405,12.83000,1.24333,5.06604,1.23246,6.24368,12.48000,1.19231,26.05188,5.03851
38-1,1783321226.400852,2026-07-06T14:00:26.400852,5.07940,1.35136,6.86410,13.78000,1.99695,5.05275,1.32914,6.71582,13.51000,1.96554,5.01873,1.29691,6.50887,12.83000,1.89499,5.07404,1.23246,6.25354,12.48000,1.81842,26.34233,7.67590
38-1,1783321226.500972,2026-07-06T14:00:26.500972,5.08740,1.35136,6.87491,13.78000,2.68527,5.05027,1.20707,6.09602,12.27000,2.57587,5.03591,1.06351,5.35573,10.52000,2.43121,5.07314,1.09232,5.54149,11.06000,2.37323,23.86815,10.06558
38-1,1783321226.601092,2026-07-06T14:00:26.601092,5.08712,1.13651,5.78156,11.59000,3.26412,5.05241,1.15995,5.86053,11.79000,3.16262,5.02740,1.21415,6.10401,12.01000,3.04234,5.07329,1.08939,5.52678,11.03000,2.92657,23.27288,12.39565
38-1,1783321226.701210,2026-07-06T14:00:26.701210,5.08992,1.30522,6.64344,13.31000,3.92925,5.05294,1.23661,6.24851,12.57000,3.78822,5.03289,1.11698,5.62162,11.05000,3.60517,5.07604,1.11405,5.65495,11.28000,3.49273,24.16852,14.81536
38-1,1783321226.801329,2026-07-06T14:00:26.801329,5.11303,0.88162,4.50774,8.99000,4.38056,5.04894,1.23661,6.24357,12.57000,4.41331,5.03289,1.11698,5.62162,11.05000,4.16800,5.07204,1.11405,5.65049,11.28000,4.05846,22.02342,17.02032
38-1,1783321226.901448,2026-07-06T14:00:26.901448,5.09459,0.85305,4.34595,8.70000,4.81567,5.06039,0.89529,4.53052,9.10000,4.86691,5.04332,0.86135,4.34408,8.52000,4.60292,5.08681,0.74368,3.78294,7.53000,4.43720,17.00349,18.72270
38-1,1783321227.001566,2026-07-06T14:00:27.001566,5.09059,0.85305,4.34254,8.70000,5.25043,5.04743,1.18143,5.96320,12.01000,5.46393,5.02386,1.20609,6.05923,11.93000,5.20956,5.07024,1.07059,5.42815,10.84000,4.98065,21.79312,20.90458
38-1,1783321227.101685,2026-07-06T14:00:27.101685,5.08881,1.25224,6.37239,12.77000,5.88843,5.05649,1.24638,6.30229,12.67000,6.09490,5.02564,1.24540,6.25893,12.32000,5.83619,5.07398,1.15458,5.85830,11.69000,5.56718,24.79191,23.38671
38-1,1783321227.201801,2026-07-06T14:00:27.201801,5.08833,1.26102,6.41651,12.86000,6.53083,5.05249,1.24638,6.29731,12.67000,6.72537,5.02964,1.24540,6.26391,12.32000,6.46332,5.07398,1.15458,5.85830,11.69000,6.15369,24.83603,25.87321
38-1,1783321227.301918,2026-07-06T14:00:27.301918,5.08870,1.25419,6.38219,12.79000,7.16980,5.05285,1.23856,6.25827,12.59000,7.35193,5.02586,1.24149,6.23957,12.28000,7.08800,5.07364,1.16141,5.89259,11.76000,6.74364,24.77262,28.35337
39-1,1783321227.402055,2026-07-06T14:00:27.402055,5.09670,1.25419,6.39223,12.79000,0.64010,5.05472,1.19730,6.05202,12.17000,0.60603,5.02957,1.17582,5.91385,11.63000,0.59220,5.06634,1.14750,5.81361,11.62000,0.58216,24.17171,2.42048
39-1,1783321227.502174,2026-07-06T14:00:27.502174,5.08624,1.29936,6.60884,13.25000,1.30177,5.04466,1.33110,6.71492,13.53000,1.27832,5.01764,1.31620,6.60423,13.02000,1.25340,5.06164,1.24027,6.27781,12.56000,1.21069,26.20580,5.04418
39-1,1783321227.602293,2026-07-06T14:00:27.602293,5.08709,1.28373,6.53046,13.09000,1.95559,5.06066,1.33110,6.73622,13.53000,1.95275,5.03364,1.31620,6.62529,13.02000,1.91672,5.10166,0.84524,4.31213,8.56000,1.64241,24.20410,7.46747
39-1,1783321227.702413,2026-07-06T14:00:27.702413,5.08486,1.25126,6.36248,12.76000,2.59260,5.05824,1.03104,5.21524,10.48000,2.47490,5.03705,1.04324,5.25488,10.32000,2.44284,5.08166,0.84524,4.29523,8.56000,2.07245,21.12783,9.58279
39-1,1783321227.802531,2026-07-06T14:00:27.802531,5.08486,1.25126,6.36248,12.76000,3.22960,5.04902,1.23466,6.23381,12.55000,3.09901,5.02706,1.22025,6.13428,12.07000,3.05699,5.07844,1.14554,5.81757,11.60000,2.65489,24.54814,12.04051
39-1,1783321227.902651,2026-07-06T14:00:27.902651,5.07918,1.13553,5.76757,11.58000,3.80705,5.05632,1.25028,6.32182,12.71000,3.73195,5.02998,1.23930,6.23364,12.26000,3.68110,5.08260,1.06351,5.40539,10.77000,3.19608,23.72842,14.41619
39-1,1783321228.002771,2026-07-06T14:00:28.002771,5.07141,1.27787,6.48061,13.03000,4.45589,5.05632,1.25028,6.32182,12.71000,4.36489,5.02998,1.23930,6.23364,12.26000,4.30522,5.07049,1.14457,5.80351,11.59000,3.77713,24.83958,16.90313
39-1,1783321228.102889,2026-07-06T14:00:28.102889,5.09260,1.25614,6.39702,12.81000,5.09635,5.04867,1.24247,6.27282,12.63000,4.99291,5.02609,1.23734,6.21900,12.24000,4.92785,5.07449,1.14457,5.80809,11.59000,4.35862,24.69693,19.37573
39-1,1783321228.203009,2026-07-06T14:00:28.203009,5.08796,1.26786,6.45082,12.93000,5.74220,5.04898,1.23563,6.23869,12.56000,5.61753,5.02769,1.20902,6.07859,11.96000,5.53643,5.07379,1.15848,5.87789,11.73000,4.94711,24.64599,21.84328
39-1,1783321228.303124,2026-07-06T14:00:28.303124,5.08396,1.26786,6.44575,12.93000,6.38752,5.05779,1.21781,6.15943,12.38000,6.23418,5.03524,1.21708,6.12828,12.04000,6.14997,5.07770,1.08133,5.49068,10.95000,5.49682,24.22414,24.26848
39-1,1783321228.403240,2026-07-06T14:00:28.403240,5.08428,1.26200,6.41637,12.87000,7.02990,5.04979,1.21781,6.14968,12.38000,6.84987,5.02724,1.21708,6.11854,12.04000,6.76254,5.07474,1.13968,5.78360,11.54000,6.07585,24.46819,26.71815
39-1,1783321228.503359,2026-07-06T14:00:28.503359,5.09192,1.12186,5.71243,11.44000,7.60182,5.05586,1.26029,6.37187,12.81000,7.48781,5.03026,1.23441,6.20942,12.21000,7.38421,5.07874,1.13968,5.78815,11.54000,6.65535,24.08187,29.12919
39-1,1783321228.603476,2026-07-06T14:00:28.603476,5.07601,1.26688,6.43072,12.92000,8.24565,5.05601,1.25712,6.35600,12.78000,8.12415,5.02998,1.23930,6.23364,12.26000,8.00831,5.07724,1.09037,5.53605,11.04000,7.20960,24.55641,31.58771
39-1,1783321228.703592,2026-07-06T14:00:28.703592,5.08401,1.26688,6.44085,12.92000,8.89048,5.04911,1.23270,6.22406,12.53000,8.74728,5.02775,1.20804,6.07374,11.95000,8.61638,5.07474,1.13968,5.78360,11.54000,7.78863,24.52225,34.04278
39-1,1783321228.803709,2026-07-06T14:00:28.803709,5.08028,1.26200,6.41132,12.87000,9.53236,5.05711,1.23270,6.23392,12.53000,9.37140,5.03175,1.20804,6.07858,11.95000,9.22496,5.07775,1.08036,5.48577,10.94000,8.33785,24.20959,36.46657
39-1,1783321228.903827,2026-07-06T14:00:28.903827,5.08049,1.25810,6.39174,12.83000,10.17229,5.05779,1.21781,6.15943,12.38000,9.98807,5.03226,1.19901,6.03373,11.86000,9.82904,5.07410,1.15238,5.84728,11.67000,8.92327,24.43218,38.91267
39-1,1783321229.003944,2026-07-06T14:00:29.003944,5.08481,1.25224,6.36738,12.77000,10.80977,5.05591,1.25932,6.36698,12.80000,10.62551,5.03009,1.23734,6.22395,12.24000,10.45216,5.07410,1.15238,5.84728,11.67000,9.50868,24.80559,41.39613
39-1,1783321229.104061,2026-07-06T14:00:29.104061,5.08881,1.25224,6.37239,12.77000,11.44776,5.05294,1.23661,6.24851,12.57000,11.25110,5.02238,1.23222,6.18866,12.19000,11.07175,5.07369,1.16044,5.88769,11.75000,10.09814,24.69725,43.86875
39-1,1783321229.204180,2026-07-06T14:00:29.204180,5.08401,1.26688,6.44085,12.92000,12.09261,5.04894,1.23661,6.24357,12.57000,11.87619,5.03038,1.23222,6.19852,12.19000,11.69234,5.07434,1.14750,5.82279,11.62000,10.68111,24.70573,46.34225
39-1,1783321229.304296,2026-07-06T14:00:29.304296,5.08497,1.24931,6.35268,12.74000,12.72861,5.05605,1.25614,6.35112,12.77000,12.51205,5.02198,1.23930,6.22372,12.26000,12.31544,5.07339,1.16630,5.91707,11.81000,11.27351,24.84459,48.82960
39-1,1783321229.404414,2026-07-06T14:00:29.404414,5.08385,1.26981,6.45555,12.95000,13.37493,5.05667,1.24247,6.28276,12.63000,13.14106,5.02311,1.21928,6.12456,12.06000,12.92862,5.06939,1.16630,5.91241,11.81000,11.86544,24.77528,51.31005
39-1,1783321229.504533,2026-07-06T14:00:29.504533,5.08790,1.26884,6.45572,12.95000,14.02127,5.05147,1.26908,6.41072,12.90000,13.78290,5.02581,1.24247,6.24441,12.29000,13.55380,5.07459,1.14261,5.79829,11.57000,12.44596,24.90914,53.80393
39-1,1783321229.604652,2026-07-06T14:00:29.604652,5.08390,1.26884,6.45065,12.94000,14.66711,5.05547,1.26908,6.41580,12.90000,14.42524,5.01951,1.21220,6.08463,11.99000,14.16299,5.07334,1.16727,5.92197,11.82000,13.03887,24.87305,56.29421
39-1,1783321229.704772,2026-07-06T14:00:29.704772,5.08790,1.26884,6.45572,12.94000,15.31345,5.05186,1.26029,6.36683,12.81000,15.06269,5.02751,1.21220,6.09433,11.99000,14.77315,5.06969,1.16044,5.88305,11.75000,13.62787,24.79993,58.77715
39-1,1783321229.804889,2026-07-06T14:00:29.804889,5.08651,1.29447,6.58435,13.20000,15.97266,5.05169,1.26420,6.38634,12.85000,15.70207,5.02564,1.24540,6.25893,12.32000,15.39978,5.07369,1.16044,5.88769,11.75000,14.21734,25.11731,61.29185
39-1,1783321229.905007,2026-07-06T14:00:29.905007,5.08817,1.26395,6.43122,12.89000,16.61654,5.05182,1.26127,6.37170,12.82000,16.33999,5.02735,1.21512,6.10886,12.02000,16.01139,5.06929,1.16825,5.92219,11.83000,14.81025,24.83397,63.77817
39-1,1783321230.005126,2026-07-06T14:00:30.005126,5.08017,1.26395,6.42111,12.89000,17.25941,5.05182,1.26127,6.37170,12.82000,16.97792,5.02558,1.24638,6.26377,12.33000,16.63851,5.06934,1.16727,5.91730,11.82000,15.40269,24.97388,66.27853
39-1,1783321230.105244,2026-07-06T14:00:30.105244,5.08277,1.28959,6.55469,13.15000,17.91565,5.05578,1.26225,6.38163,12.83000,17.61684,5.02558,1.24638,6.26377,12.33000,17.26562,5.07019,1.15043,5.83288,11.65000,15.98666,25.03297,68.78478
39-1,1783321230.205362,2026-07-06T14:00:30.205362,5.08368,1.27299,6.47146,12.98000,18.56356,5.05564,1.26518,6.39627,12.86000,18.25722,5.02678,1.22514,6.15849,12.12000,17.88220,5.06919,1.17020,5.93198,11.85000,16.58056,24.95820,71.28353
39-1,1783321230.305480,2026-07-06T14:00:30.305480,5.08667,1.29154,6.56965,13.17000,19.22130,5.05169,1.26420,6.38634,12.85000,18.89661,5.02552,1.24760,6.26982,12.34000,18.50992,5.07319,1.17020,5.93666,11.85000,17.17493,25.16247,73.80276
39-1,1783321230.405597,2026-07-06T14:00:30.405597,5.08267,1.29154,6.56448,13.17000,19.87852,5.05569,1.26420,6.39139,12.85000,19.53649,5.02181,1.24247,6.23944,12.29000,19.13459,5.07724,1.16923,5.93644,11.84000,17.76927,25.13175,76.31887
39-1,1783321230.505714,2026-07-06T14:00:30.505714,5.08304,1.28471,6.53022,13.10000,20.53231,5.05151,1.26811,6.40585,12.89000,20.17783,5.02981,1.24247,6.24938,12.29000,19.76026,5.07749,1.16434,5.91194,11.79000,18.36115,25.09739,78.83155
39-1,1783321230.605833,2026-07-06T14:00:30.605833,5.08438,1.26005,6.40657,12.85000,21.17373,5.05129,1.27299,6.43023,12.94000,20.82162,5.02141,1.24955,6.27450,12.36000,20.38846,5.07319,1.17020,5.93666,11.85000,18.95552,25.04796,81.33932
39-1,1783321230.705953,2026-07-06T14:00:30.705953,5.08368,1.27299,6.47146,12.98000,21.82165,5.05560,1.26615,6.40116,12.87000,21.46250,5.02152,1.24760,6.26483,12.34000,21.01569,5.07319,1.17020,5.93666,11.85000,19.54990,25.07411,83.84974
39-1,1783321230.806071,2026-07-06T14:00:30.806071,5.09168,1.27299,6.48165,12.98000,22.47057,5.05160,1.26615,6.39609,12.87000,22.10286,5.03341,1.24955,6.28949,12.36000,21.64538,5.06614,1.07254,5.43365,10.86000,20.09391,24.60088,86.31272
39-1,1783321230.906189,2026-07-06T14:00:30.906189,5.08693,1.28666,6.54515,13.12000,23.12586,5.04711,1.27689,6.44463,12.98000,22.74808,5.02941,1.24955,6.28449,12.36000,22.27457,5.06104,1.17313,5.93727,11.88000,20.68833,25.21154,88.83686
39-1,1783321231.006307,2026-07-06T14:00:31.006307,5.08438,1.26005,6.40657,12.85000,23.76728,5.05164,1.26518,6.39121,12.86000,23.38796,5.02141,1.24955,6.27450,12.36000,22.90277,5.07304,1.17313,5.95135,11.88000,21.28417,25.02363,91.34218
39-1,1783321231.106425,2026-07-06T14:00:31.106425,5.08315,1.28275,6.52043,13.08000,24.42009,5.05129,1.27299,6.43023,12.94000,24.03174,5.02266,1.22733,6.16447,12.14000,23.51994,5.06904,1.17313,5.94666,11.88000,21.87954,25.06179,93.85132
39-1,1783321231.206544,2026-07-06T14:00:31.206544,5.08624,1.29936,6.60884,13.25000,25.08176,5.05632,1.25028,6.32182,12.71000,24.66468,5.02524,1.25248,6.29401,12.39000,24.15009,5.07694,1.17508,5.96584,11.90000,22.47683,25.19051,96.37336
39-1,1783321231.306663,2026-07-06T14:00:31.306663,5.08624,1.29936,6.60884,13.25000,25.74343,5.04832,1.25028,6.31182,12.71000,25.29661,5.02524,1.25248,6.29401,12.39000,24.78024,5.07739,1.16630,5.92174,11.81000,23.06971,25.13641,98.88999
39-1,1783321231.406781,2026-07-06T14:00:31.406781,5.08801,1.26688,6.44592,12.92000,26.38878,5.05138,1.27103,6.42048,12.92000,25.93942,5.02895,1.25761,6.32444,12.44000,25.41343,5.06888,1.17631,5.96255,11.91000,23.66667,25.15339,101.40831
39-1,1783321231.506899,2026-07-06T14:00:31.506899,5.08747,1.27689,6.49616,13.02000,27.03917,5.05138,1.27103,6.42048,12.92000,26.58222,5.03020,1.23539,6.21426,12.22000,26.03559,5.07283,1.17728,5.97216,11.92000,24.26459,25.10306,103.92158
39-1,1783321231.607019,2026-07-06T14:00:31.607019,5.07024,1.29936,6.58805,13.25000,27.69876,5.05920,1.27494,6.45018,12.96000,27.22801,5.02112,1.25468,6.29988,12.41000,26.66633,5.07283,1.17728,5.97216,11.92000,24.86252,25.31027,106.45563
39-1,1783321231.707139,2026-07-06T14:00:31.707139,5.08624,1.29936,6.60884,13.25000,28.36044,5.05520,1.27494,6.44508,12.96000,27.87329,5.02112,1.25468,6.29988,12.41000,27.29708,5.07299,1.17411,5.95624,11.89000,25.45886,25.31004,108.98967
39-1,1783321231.807258,2026-07-06T14:00:31.807258,5.08229,1.29838,6.59875,13.24000,29.02110,5.05524,1.27396,6.44020,12.95000,28.51808,5.02090,1.25858,6.31922,12.45000,27.92975,5.07359,1.16239,5.89748,11.77000,26.04931,25.25565,111.51824
39-1,1783321231.907376,2026-07-06T14:00:31.907376,5.08304,1.28471,6.53022,13.10000,29.67489,5.05524,1.27396,6.44020,12.95000,29.16286,5.02095,1.25761,6.31438,12.44000,28.56193,5.06959,1.16239,5.89283,11.77000,26.63929,25.17763,114.03898
39-1,1783321232.007493,2026-07-06T14:00:32.007493,5.09596,1.26786,6.46097,12.93000,30.32174,5.05986,1.26029,6.37691,12.81000,29.80130,5.03341,1.24955,6.28949,12.36000,29.19162,5.06959,1.16239,5.89283,11.77000,27.22926,25.02020,116.54392
39-1,1783321232.107610,2026-07-06T14:00:32.107610,5.08396,1.26786,6.44575,12.93000,30.96708,5.05586,1.26029,6.37187,12.81000,30.43923,5.03741,1.24955,6.29449,12.36000,29.82181,5.07278,1.17826,5.97705,11.93000,27.82767,25.08916,119.05579
39-1,1783321232.207730,2026-07-06T14:00:32.207730,5.08331,1.27982,6.50574,13.05000,31.61843,5.04716,1.27592,6.43976,12.97000,31.08398,5.02495,1.25761,6.31941,12.44000,30.45451,5.07278,1.17826,5.97705,11.93000,28.42609,25.24196,121.58301
39-1,1783321232.307848,2026-07-06T14:00:32.307848,5.07840,1.29643,6.58377,13.22000,32.27759,5.04716,1.27592,6.43976,12.97000,31.72872,5.02490,1.25858,6.32425,12.45000,31.08768,5.07278,1.17826,5.97705,11.93000,29.02450,25.32483,124.11849
39-1,1783321232.407966,2026-07-06T14:00:32.407966,5.07899,1.28568,6.52997,13.11000,32.93135,5.06014,1.25419,6.34637,12.75000,32.36410,5.01798,1.23930,6.21877,12.26000,31.71028,5.06878,1.17826,5.97234,11.93000,29.62244,25.06745,126.62817
39-1,1783321232.508083,2026-07-06T14:00:32.508083,5.09024,1.29936,6.61403,13.25000,33.59353,5.05214,1.25419,6.33634,12.75000,32.99848,5.02998,1.23930,6.23364,12.26000,32.33438,5.07694,1.17508,5.96584,11.90000,30.21972,25.14985,129.14611
39-1,1783321232.608202,2026-07-06T14:00:32.608202,5.08224,1.29936,6.60364,13.25000,34.25468,5.05219,1.16483,5.88494,11.84000,33.58767,5.02689,1.22318,6.14881,12.10000,32.95000,5.08250,1.06546,5.41521,10.79000,30.76189,24.05260,131.55424
39-1,1783321232.708322,2026-07-06T14:00:32.708322,5.08331,1.27982,6.50574,13.05000,34.90603,5.04716,1.27592,6.43976,12.97000,34.23242,5.02490,1.25858,6.32425,12.45000,33.58317,5.06859,1.18216,5.99190,11.97000,31.36179,25.26165,134.08341
39-1,1783321232.808439,2026-07-06T14:00:32.808439,5.08251,1.29447,6.57917,13.20000,35.56472,5.05516,1.27592,6.44996,12.97000,34.87817,5.03266,1.26273,6.35491,12.49000,34.21941,5.06869,1.18021,5.98212,11.97000,31.96071,25.36616,136.62300
39-1,1783321232.908557,2026-07-06T14:00:32.908557,5.08293,1.28666,6.54001,13.12000,36.21949,5.05116,1.27592,6.44486,12.97000,35.52342,5.02581,1.24247,6.24441,12.29000,34.84459,5.06869,1.18021,5.98212,11.95000,32.55962,25.21140,139.14712
40-1,1783321233.008702,2026-07-06T14:00:33.008702,5.08293,1.28666,6.54001,13.12000,0.65495,5.05151,1.26811,6.40585,12.89000,0.64152,5.02981,1.24247,6.24938,12.29000,0.62585,5.07273,1.17924,5.98195,11.94000,0.59907,25.17719,2.52138
40-1,1783321233.108819,2026-07-06T14:00:33.108819,5.08609,1.22880,6.24977,12.53000,1.28066,5.04866,1.33110,6.72024,13.53000,1.31433,5.02518,1.25346,6.29885,12.40000,1.25647,5.06979,1.23734,6.27307,12.53000,1.22711,25.54193,5.07856
40-1,1783321233.208939,2026-07-06T14:00:33.208939,5.08101,1.32182,6.71618,13.48000,1.95308,5.06795,0.90506,4.58678,9.20000,1.77355,5.03591,1.06351,5.35573,10.52000,1.79268,5.09526,0.81375,4.14625,8.24000,1.64223,20.80494,7.16155
40-1,1783321233.309059,2026-07-06T14:00:33.309059,5.08428,1.26200,6.41637,12.87000,2.59549,5.05595,0.90506,4.57592,9.20000,2.23170,5.00655,1.22929,6.15448,12.16000,2.40887,5.07926,0.81375,4.13323,8.24000,2.05605,21.28000,9.29210
40-1,1783321233.409178,2026-07-06T14:00:33.409178,5.08828,1.26200,6.42141,12.87000,3.23839,5.05316,1.23173,6.22411,12.52000,2.85485,5.02655,1.22929,6.17906,12.16000,3.02751,5.07089,1.13675,5.76435,11.51000,2.63317,24.58893,11.75392
40-1,1783321233.509296,2026-07-06T14:00:33.509296,5.08865,1.25517,6.38710,12.80000,3.87786,5.05504,1.19022,6.01662,12.10000,3.45722,5.02626,1.23441,6.20448,12.21000,3.64869,5.07294,1.09622,5.56109,11.10000,3.18993,24.16929,14.17371
40-1,1783321233.609414,2026-07-06T14:00:33.609414,5.08779,1.27103,6.46675,12.96000,4.52529,5.04898,1.23563,6.23869,12.56000,4.08182,5.02620,1.23539,6.20932,12.22000,4.27035,5.06579,1.15848,5.86863,11.73000,3.77749,24.78339,16.65496
40-1,1783321233.709532,2026-07-06T14:00:33.709532,5.08770,1.19926,6.10145,12.23000,5.13616,5.04898,1.23563,6.23869,12.56000,4.70643,5.02592,1.24052,6.23473,12.27000,4.89457,5.07379,1.15848,5.87789,11.73000,4.36597,24.45276,19.10313
40-1,1783321233.809651,2026-07-06T14:00:33.809651,5.08325,1.28080,6.51063,13.06000,5.78800,5.05320,1.23075,6.21923,12.51000,5.32910,5.02992,1.24052,6.23969,12.27000,5.51928,5.07364,1.16141,5.89259,11.76000,4.95593,24.86214,21.59231
40-1,1783321233.909768,2026-07-06T14:00:33.909768,5.08325,1.28080,6.51063,13.06000,6.43983,5.05249,1.24638,6.29731,12.67000,5.95956,5.02620,1.23539,6.20932,12.22000,6.14094,5.07384,1.15751,5.87300,11.72000,5.54392,24.89026,24.08424
40-1,1783321234.009887,2026-07-06T14:00:34.009887,5.09233,1.26102,6.42156,12.86000,7.08274,5.05993,1.08206,5.47517,11.00000,6.50773,5.02758,1.21097,6.08827,11.98000,6.75049,5.07939,1.04788,5.32261,10.61000,6.07681,23.30761,26.41777
40-1,1783321234.110006,2026-07-06T14:00:34.110006,5.11420,0.86013,4.39890,8.77000,7.52316,5.05593,1.08206,5.47085,11.00000,7.05546,5.05526,0.86233,4.35931,8.53000,7.18694,5.07539,1.04788,5.31842,10.61000,6.60929,19.54748,28.37484
40-1,1783321234.210124,2026-07-06T14:00:34.210124,5.08624,1.00613,5.11744,10.26000,8.03551,5.05630,0.89724,4.53674,9.12000,7.50968,5.04326,0.86233,4.34896,8.53000,7.62235,5.07861,0.82669,4.19841,8.37000,7.02963,18.20155,30.19715
40-1,1783321234.310242,2026-07-06T14:00:34.310242,5.09424,1.00613,5.12548,10.26000,8.54866,5.04010,1.25517,6.32615,12.76000,8.14304,5.02871,1.19095,5.98897,11.78000,8.22195,5.07774,1.15946,5.88743,11.74000,7.61906,23.32803,32.53271
40-1,1783321234.410361,2026-07-06T14:00:34.410361,5.09222,1.26298,6.43137,12.88000,9.19256,5.05702,1.23466,6.24369,12.55000,8.76815,5.02620,1.23539,6.20932,12.22000,8.84362,5.07829,1.14847,5.83228,11.63000,8.20298,24.71666,35.00730
40-1,1783321234.510478,2026-07-06T14:00:34.510478,5.09254,1.25712,6.40193,12.82000,9.83351,5.05302,1.23466,6.23875,12.55000,9.39276,5.02775,1.20804,6.07374,11.95000,9.45171,5.06984,1.15751,5.86837,11.72000,8.79051,24.58279,37.46848
40-1,1783321234.610597,2026-07-06T14:00:34.610597,5.08946,1.16703,5.93954,11.90000,10.42816,5.05601,1.25712,6.35600,12.78000,10.02911,5.02775,1.20804,6.07374,11.95000,10.05980,5.07384,1.15751,5.87300,11.72000,9.37851,24.24228,39.89558
40-1,1783321234.710715,2026-07-06T14:00:34.710715,5.08546,1.16703,5.93487,11.90000,11.02235,5.05605,1.25614,6.35112,12.77000,10.66497,5.03123,1.14628,5.76718,11.34000,10.63720,5.07790,1.07743,5.47105,10.91000,9.92626,23.52422,42.25078
40-1,1783321234.810836,2026-07-06T14:00:34.810836,5.08822,1.26298,6.42632,12.88000,11.66576,5.05632,1.25028,6.32182,12.71000,11.29792,5.02592,1.24052,6.23473,12.27000,11.26143,5.07384,1.15751,5.87300,11.72000,10.51427,24.85587,44.73937
40-1,1783321234.910953,2026-07-06T14:00:34.910953,5.08720,1.28178,6.52066,13.07000,12.31859,5.05632,1.25028,6.32182,12.71000,11.93084,5.02775,1.20804,6.07374,11.95000,11.86951,5.07754,1.16337,5.90703,11.78000,11.10566,24.82325,47.22460
40-1,1783321235.011072,2026-07-06T14:00:35.011072,5.08725,1.28080,6.51576,13.06000,12.97094,5.05591,1.25932,6.36698,12.80000,12.56829,5.02775,1.20804,6.07374,11.95000,12.47761,5.07354,1.16337,5.90238,11.78000,11.69660,24.85886,49.71344
40-1,1783321235.111192,2026-07-06T14:00:35.111192,5.09147,1.27689,6.50126,13.06000,13.62184,5.05578,1.26225,6.38163,12.83000,13.20722,5.02575,1.24345,6.24925,12.30000,13.10328,5.07734,1.16727,5.92664,11.82000,12.28997,25.05878,52.22232
40-1,1783321235.211310,2026-07-06T14:00:35.211310,5.09147,1.27689,6.50126,13.02000,14.27274,5.05302,1.23466,6.23875,12.55000,13.83184,5.02700,1.22123,6.13912,12.08000,13.71792,5.07754,1.16337,5.90703,11.78000,12.88138,24.78616,54.70388
40-1,1783321235.311429,2026-07-06T14:00:35.311429,5.08773,1.27201,6.47165,12.97000,14.92068,5.04902,1.23466,6.23381,12.55000,14.45596,5.02569,1.24442,6.25409,12.31000,14.34407,5.07344,1.16532,5.91217,11.80000,13.47330,24.87172,57.19401
40-1,1783321235.411547,2026-07-06T14:00:35.411547,5.08768,1.27299,6.47655,12.98000,15.56910,5.05182,1.26127,6.37170,12.82000,15.09388,5.02969,1.24442,6.25907,12.31000,14.97072,5.07344,1.16532,5.91217,11.80000,14.06521,25.01949,59.69891
40-1,1783321235.511664,2026-07-06T14:00:35.511664,5.09270,1.25419,6.38721,12.79000,16.20856,5.05272,1.24149,6.27291,12.62000,15.72191,5.03026,1.23441,6.20942,12.21000,15.59239,5.06994,1.15555,5.85858,11.70000,14.65176,24.72812,62.17462
40-1,1783321235.611793,2026-07-06T14:00:35.611793,5.08070,1.25419,6.37216,12.79000,16.84660,5.04764,1.26518,6.38615,12.86000,16.36134,5.02969,1.24442,6.25907,12.31000,16.21910,5.07334,1.16727,5.92197,11.82000,15.24471,24.93935,64.67175
40-1,1783321235.711911,2026-07-06T14:00:35.711911,5.08347,1.27689,6.49105,13.02000,17.49647,5.05564,1.26518,6.39627,12.86000,17.00173,5.03415,1.23637,6.22405,12.23000,16.84224,5.07398,1.15458,5.85830,11.69000,15.83124,24.96967,67.17169
40-1,1783321235.812031,2026-07-06T14:00:35.812031,5.08373,1.27201,6.46657,12.97000,18.14390,5.05214,1.25419,6.33634,12.75000,17.63612,5.03015,1.23637,6.21911,12.23000,17.46490,5.07329,1.16825,5.92687,11.83000,16.42463,24.94889,69.66955
40-1,1783321235.912150,2026-07-06T14:00:35.912150,5.08672,1.29057,6.56475,13.16000,18.80116,5.05138,1.27103,6.42048,12.92000,18.27893,5.02964,1.24540,6.26391,12.32000,18.09203,5.07329,1.16825,5.92687,11.83000,17.01803,25.17601,72.19015
40-1,1783321236.012268,2026-07-06T14:00:36.012268,5.08672,1.29057,6.56475,13.16000,19.45841,5.05591,1.25932,6.36698,12.80000,18.91638,5.02631,1.23344,6.19964,12.20000,18.71273,5.07729,1.16825,5.93154,11.83000,17.61188,25.06291,74.69940
40-1,1783321236.112385,2026-07-06T14:00:36.112385,5.08672,1.29057,6.56475,13.16000,20.11566,5.05591,1.25932,6.36698,12.80000,19.55383,5.02564,1.24540,6.25893,12.32000,19.33936,5.07798,1.15458,5.86292,11.69000,18.19886,25.05358,77.20770
40-1,1783321236.212503,2026-07-06T14:00:36.212503,5.08741,1.27787,6.50106,13.03000,20.76653,5.05547,1.26908,6.41580,12.90000,20.19616,5.02300,1.22123,6.13424,12.08000,19.95350,5.07314,1.17118,5.94156,11.86000,18.79372,24.99266,79.70991
40-1,1783321236.312622,2026-07-06T14:00:36.312622,5.08779,1.27103,6.46675,12.96000,21.41397,5.05605,1.25614,6.35112,12.77000,20.83203,5.02700,1.22123,6.13912,12.08000,20.56815,5.07314,1.17118,5.94156,11.86000,19.38858,24.89855,82.20273
40-1,1783321236.412741,2026-07-06T14:00:36.412741,5.08779,1.27103,6.46675,12.96000,22.06142,5.05533,1.27201,6.43044,12.93000,21.47584,5.02146,1.24857,6.26966,12.35000,21.19586,5.07314,1.17118,5.94156,11.86000,19.98344,25.10841,84.71655
40-1,1783321236.512860,2026-07-06T14:00:36.512860,5.09045,1.29545,6.59443,13.21000,22.72164,5.05533,1.27201,6.43044,12.93000,22.11965,5.02181,1.24247,6.23944,12.29000,21.82054,5.07359,1.16239,5.89748,11.77000,20.57389,25.16179,87.23573
40-1,1783321236.612978,2026-07-06T14:00:36.612978,5.09249,1.25810,6.40684,12.83000,23.36308,5.05258,1.24442,6.28755,12.65000,22.74914,5.02552,1.24760,6.26982,12.34000,22.44827,5.07314,1.17118,5.94156,11.86000,21.16875,24.90577,89.72924
40-1,1783321236.713096,2026-07-06T14:00:36.713096,5.09061,1.29252,6.57972,13.18000,24.02183,5.05142,1.27006,6.41560,12.91000,23.39146,5.02552,1.24760,6.26982,12.34000,23.07599,5.07314,1.17118,5.94156,11.86000,21.76361,25.20670,92.25289
40-1,1783321236.813215,2026-07-06T14:00:36.813215,5.08757,1.27494,6.48636,13.00000,24.67124,5.05191,1.25932,6.36195,12.80000,24.02841,5.02135,1.25053,6.27933,12.37000,23.70467,5.07699,1.17411,5.96094,11.89000,22.36041,25.08858,94.76472
40-1,1783321236.913333,2026-07-06T14:00:36.913333,5.08757,1.27494,6.48636,13.00000,25.32064,5.05591,1.25932,6.36698,12.80000,24.66586,5.02284,1.22416,6.14875,12.11000,24.32027,5.06989,1.15653,5.86347,11.71000,22.94745,24.86556,97.25421
40-1,1783321237.013451,2026-07-06T14:00:37.013451,5.09606,1.26591,6.45115,12.91000,25.96652,5.05138,1.27103,6.42048,12.92000,25.30867,5.02530,1.25150,6.28917,12.38000,24.94993,5.06888,1.17631,5.96255,11.91000,23.54441,25.12335,99.76953
40-1,1783321237.113570,2026-07-06T14:00:37.113570,5.09601,1.26688,6.45606,12.92000,26.61289,5.05129,1.27299,6.43023,12.94000,25.95245,5.03730,1.25150,6.30419,12.38000,25.58110,5.07604,1.11405,5.65495,11.28000,24.11057,24.84543,102.25701
40-1,1783321237.213689,2026-07-06T14:00:37.213689,5.08433,1.26102,6.41147,12.86000,27.25480,5.05120,1.27494,6.43998,12.96000,26.59722,5.02512,1.25468,6.30490,12.41000,26.21233,5.07204,1.11405,5.65049,11.28000,24.67630,24.80684,104.74065
40-1,1783321237.313808,2026-07-06T14:00:37.313808,5.08433,1.26102,6.41147,12.86000,27.89671,5.05120,1.27494,6.43998,12.96000,27.24199,5.02541,1.24955,6.27949,12.36000,26.84104,5.06909,1.17215,5.94176,11.87000,25.27118,25.07270,107.25092
40-1,1783321237.413927,2026-07-06T14:00:37.413927,5.08688,1.28764,6.55005,13.13000,28.55250,5.05245,1.24735,6.30219,12.68000,27.87296,5.02204,1.23832,6.21889,12.25000,27.46366,5.06878,1.17826,5.97234,11.93000,25.86913,25.04347,109.75825
40-1,1783321237.514046,2026-07-06T14:00:37.514046,5.08709,1.28373,6.53046,13.09000,29.20632,5.05107,1.27787,6.45461,12.99000,28.51918,5.02604,1.23832,6.22384,12.25000,28.08679,5.06873,1.17924,5.97723,11.94000,26.46756,25.18614,112.27985
40-1,1783321237.614165,2026-07-06T14:00:37.614165,5.07936,1.27885,6.49573,13.04000,29.85666,5.04742,1.27006,6.41052,12.91000,29.16100,5.03295,1.25761,6.32947,12.44000,28.72049,5.07273,1.17924,5.98195,11.94000,27.06647,25.21767,114.80461
41-1,1783321237.714314,2026-07-06T14:00:37.714314,5.08336,1.27885,6.50084,13.04000,0.65105,5.05142,1.27006,6.41560,12.91000,0.64251,5.03306,1.25565,6.31978,12.42000,0.63292,5.07349,1.16434,5.90728,11.79000,0.59161,25.14350,2.51809
41-1,1783321237.814434,2026-07-06T14:00:37.814434,5.08861,1.18265,6.01806,12.06000,1.25358,5.05365,1.22074,6.16920,12.41000,1.26018,5.02273,1.29691,6.51405,12.83000,1.28511,5.07009,1.23148,6.24372,12.47000,1.21673,24.94503,5.01560
41-1,1783321237.914554,2026-07-06T14:00:37.914554,5.08128,1.31693,6.69172,13.43000,1.92356,5.04883,1.32719,6.70076,13.49000,1.93106,5.02673,1.29691,6.51924,12.83000,1.93781,5.06923,1.24833,6.32807,12.64000,1.85030,26.23979,7.64273
41-1,1783321238.014673,2026-07-06T14:00:38.014673,5.08797,1.19437,6.07693,12.18000,2.53198,5.06857,0.89138,4.51804,9.06000,2.38340,5.02626,1.30522,6.56036,12.91000,2.59463,5.08123,1.24833,6.34305,12.64000,2.48536,23.49838,9.99537
41-1,1783321238.114794,2026-07-06T14:00:38.114794,5.08336,1.27885,6.50084,13.04000,3.18284,5.05657,0.89138,4.50735,9.06000,2.83468,5.04544,0.96536,4.87068,9.55000,3.08229,5.07506,0.81765,4.14964,8.28000,2.90082,20.02851,12.00063
41-1,1783321238.214913,2026-07-06T14:00:38.214913,5.08336,1.27885,6.50084,13.04000,3.83370,5.04814,1.25419,6.33132,12.75000,3.46857,5.02604,1.23832,6.22384,12.25000,3.70542,5.05794,1.15555,5.84471,11.70000,3.48599,24.90071,14.49368
41-1,1783321238.315032,2026-07-06T14:00:38.315032,5.08406,1.26591,6.43596,12.91000,4.47806,5.04814,1.25419,6.33132,12.75000,4.10245,5.03004,1.23832,6.22879,12.25000,4.32904,5.07769,1.16044,5.89233,11.75000,4.07593,24.88840,16.98548
41-1,1783321238.415151,2026-07-06T14:00:38.415151,5.08385,1.26981,6.45555,12.95000,5.12439,5.05618,1.25321,6.33647,12.74000,4.73685,5.02615,1.23637,6.21416,12.23000,4.95119,5.07069,1.14066,5.78393,11.55000,4.65501,24.79011,19.46744
41-1,1783321238.515271,2026-07-06T14:00:38.515271,5.09036,1.22391,6.23016,12.48000,5.74815,5.05218,1.25321,6.33146,12.74000,5.37076,5.02740,1.21415,6.10401,12.01000,5.56232,5.07069,1.14066,5.78393,11.55000,5.23409,24.44956,21.91532
41-1,1783321238.615390,2026-07-06T14:00:38.615390,5.08236,1.22391,6.22037,12.48000,6.37093,5.05397,1.12552,5.68835,11.44000,5.94027,5.05520,0.86331,4.36420,8.54000,5.99926,5.07910,0.89578,4.54976,9.07000,5.68961,20.82268,24.00007
41-1,1783321238.715509,2026-07-06T14:00:38.715509,5.09436,0.85720,4.36690,8.74000,6.80814,5.05626,0.89822,4.54164,9.13000,6.39497,5.04720,0.86331,4.35729,8.54000,6.43551,5.08261,0.82669,4.20172,8.37000,6.11028,17.46755,25.74890
41-1,1783321238.815629,2026-07-06T14:00:38.815629,5.07436,1.22391,6.21058,12.48000,7.42994,5.04148,1.22465,6.17403,12.45000,7.01311,5.03167,0.99686,5.01585,9.86000,6.93769,5.06184,1.15751,5.85911,11.72000,6.69689,23.25957,28.07764
41-1,1783321238.915747,2026-07-06T14:00:38.915747,5.08791,1.19535,6.08183,12.19000,8.03884,5.04863,1.24345,6.27770,12.45000,7.64163,5.02425,1.12821,5.66840,11.16000,7.50521,5.07384,1.15751,5.87300,11.72000,7.28489,23.90093,30.47057
41-1,1783321239.015867,2026-07-06T14:00:39.015867,5.09591,1.19535,6.09140,12.19000,8.64871,5.05263,1.24345,6.28267,12.64000,8.27065,5.02604,1.23832,6.22384,12.25000,8.12834,5.07469,1.14066,5.78849,11.55000,7.86443,24.38640,32.91213
41-1,1783321239.115984,2026-07-06T14:00:39.115984,5.08454,1.25712,6.39187,12.82000,9.28864,5.05605,1.25614,6.35112,12.77000,8.90650,5.03004,1.23832,6.22879,12.25000,8.75194,5.07374,1.15946,5.88279,11.74000,8.45340,24.85457,35.40049
41-1,1783321239.216101,2026-07-06T14:00:39.216101,5.08903,1.17484,5.97880,11.98000,9.88722,5.05605,1.25614,6.35112,12.77000,9.54236,5.02385,1.13529,5.70352,11.23000,9.32296,5.07369,1.16044,5.88769,11.75000,9.04286,23.92113,37.79540
41-1,1783321239.316219,2026-07-06T14:00:39.316219,5.08757,1.27494,6.48636,13.00000,10.53663,5.05302,1.23466,6.23875,12.55000,10.16697,5.02729,1.21610,6.11370,12.03000,9.93505,5.07369,1.16044,5.88769,11.75000,9.63232,24.72650,40.27098
41-1,1783321239.416337,2026-07-06T14:00:39.416337,5.08401,1.26688,6.44085,12.92000,11.18147,5.04902,1.23466,6.23381,12.55000,10.79109,5.02575,1.24345,6.24925,12.30000,10.56072,5.07744,1.16532,5.91684,11.80000,10.22470,24.84075,42.75798
42-1,1783321239.516476,2026-07-06T14:00:39.516476,5.09201,1.26688,6.45099,12.92000,0.64600,5.05569,1.26420,6.39139,12.85000,0.64003,5.03345,1.10697,5.57187,10.95000,0.55796,5.07749,1.16434,5.91194,11.79000,0.59202,24.32619,2.43601
42-1,1783321239.616597,2026-07-06T14:00:39.616597,5.09415,1.15433,5.88034,11.77000,1.23474,5.05293,1.32499,6.69510,13.47000,1.31035,5.02945,1.10697,5.56744,10.95000,1.11538,5.06609,1.23148,6.23880,12.47000,1.21665,24.38168,4.87712
42-1,1783321239.716717,2026-07-06T14:00:39.716717,5.08635,1.29740,6.59904,13.23000,1.89544,5.04732,1.36064,6.86757,13.83000,1.99793,5.01873,1.29691,6.50887,12.83000,1.76705,5.07068,1.29862,6.58491,12.47000,1.87593,26.56039,7.53635
42-1,1783321239.816838,2026-07-06T14:00:39.816838,5.09746,1.16703,5.94888,11.90000,2.49104,5.06332,1.36064,6.88934,13.83000,2.68769,5.03716,0.97049,4.88850,9.60000,2.25649,5.08268,1.29862,6.60049,13.15000,2.53678,24.32721,9.97200
42-1,1783321239.916958,2026-07-06T14:00:39.916958,5.08546,1.16703,5.93487,11.90000,3.08524,5.06017,0.90017,4.55503,9.15000,3.14375,5.02380,1.20707,6.06407,11.94000,2.86362,5.08706,0.81765,4.15945,8.28000,2.95322,20.71342,12.04584
42-1,1783321240.017079,2026-07-06T14:00:40.017079,5.08379,1.27103,6.46167,12.96000,3.73219,5.04619,1.20902,6.10095,12.29000,3.75458,5.02380,1.20707,6.06407,11.94000,3.47076,5.07140,1.12674,5.71416,11.41000,3.52533,24.34085,14.48286
42-1,1783321240.117195,2026-07-06T14:00:40.117195,5.08983,1.16019,5.90518,11.83000,4.32340,5.05410,1.21097,6.12038,12.31000,4.36733,5.02477,1.18998,5.97936,11.77000,4.06940,5.07554,1.12381,5.70397,11.38000,4.09639,23.70889,16.85651
42-1,1783321240.217314,2026-07-06T14:00:40.217314,5.08129,1.24345,6.31831,12.68000,4.95598,5.05810,1.21097,6.12523,12.31000,4.98058,5.02329,1.21610,6.10883,12.03000,4.68100,5.07554,1.12381,5.70397,11.38000,4.66746,24.25634,19.28501
42-1,1783321240.317431,2026-07-06T14:00:40.317431,5.08529,1.24345,6.32328,12.68000,5.58905,5.04814,1.25419,6.33132,12.75000,5.61445,5.02615,1.23637,6.21416,12.23000,5.30315,5.07374,1.15946,5.88279,11.74000,5.25643,24.75155,21.76309
43-1,1783321240.417559,2026-07-06T14:00:40.417559,5.08731,1.27982,6.51086,13.05000,0.65192,5.04858,1.24442,6.28257,12.65000,0.62906,5.02615,1.23637,6.21416,12.23000,0.62221,5.07439,1.14652,5.81789,11.61000,0.58253,24.82548,2.48572
43-1,1783321240.517680,2026-07-06T14:00:40.517680,5.09197,1.19437,6.08170,12.18000,1.26082,5.04489,1.32597,6.68936,13.48000,1.29880,5.03226,1.19901,6.03373,11.86000,1.22631,5.06584,1.23637,6.26323,12.52000,1.20961,25.06802,4.99554
43-1,1783321240.617797,2026-07-06T14:00:40.617797,5.08245,1.29545,6.58406,13.21000,1.92000,5.04889,1.32597,6.69467,13.48000,1.96906,5.02644,1.30204,6.54464,12.88000,1.88154,5.06584,1.23637,6.26323,12.52000,1.83667,26.08660,7.60727
43-1,1783321240.717915,2026-07-06T14:00:40.717915,5.09512,1.13651,5.79066,13.21000,2.49975,5.05166,1.17655,5.94352,11.96000,2.56411,5.06355,0.85720,4.34049,8.48000,2.31610,5.07364,1.16141,5.89259,11.76000,2.42662,21.96726,9.80659
43-1,1783321240.818033,2026-07-06T14:00:40.818033,5.09112,1.13651,5.78611,11.59000,3.07904,5.04818,1.25321,6.32645,12.74000,3.19750,5.03955,0.85720,4.31992,8.48000,2.74861,5.07660,1.10306,5.59979,11.17000,2.98726,22.03227,12.01241
43-1,1783321240.918151,2026-07-06T14:00:40.918151,5.08773,1.27201,6.47165,12.97000,3.72697,5.05379,1.21781,6.15456,12.38000,3.81368,5.03049,1.23026,6.18883,12.17000,3.36822,5.07824,1.14945,5.83718,11.64000,3.57167,24.65222,14.48054
43-1,1783321241.018270,2026-07-06T14:00:41.018270,5.08720,1.28178,6.52066,13.07000,4.37981,5.04979,1.21781,6.14968,12.38000,4.42938,5.03151,1.21220,6.09918,11.99000,3.97886,5.06994,1.15555,5.85858,11.70000,4.15822,24.62810,16.94627
43-1,1783321241.118386,2026-07-06T14:00:41.118386,5.08844,1.25907,6.40671,12.84000,5.02123,5.05196,1.25810,6.35585,12.79000,5.06571,5.02649,1.23026,6.18391,12.17000,4.59797,5.07794,1.15555,5.86782,11.70000,4.74569,24.81429,19.43059
43-1,1783321241.218505,2026-07-06T14:00:41.218505,5.08844,1.25907,6.40671,12.84000,5.66266,5.05218,1.25321,6.33146,12.74000,5.69960,5.02649,1.23026,6.18391,12.17000,5.21710,5.07379,1.15848,5.87789,11.73000,5.33418,24.79997,21.91354
43-1,1783321241.318623,2026-07-06T14:00:41.318623,5.08768,1.27299,6.47655,12.98000,6.31108,5.05280,1.23954,6.26315,12.60000,6.32666,5.02604,1.23832,6.22384,12.25000,5.84022,5.07474,1.13968,5.78360,11.54000,5.91322,24.74714,24.39117
43-1,1783321241.418741,2026-07-06T14:00:41.418741,5.08886,1.25126,6.36749,12.76000,6.94858,5.05280,1.23954,6.26315,12.60000,6.95371,5.02718,1.21805,6.12338,12.05000,6.45328,5.07369,1.16044,5.88769,11.75000,6.50268,24.64171,26.85825
43-1,1783321241.518860,2026-07-06T14:00:41.518860,5.08379,1.27103,6.46167,12.96000,7.59552,5.05649,1.24638,6.30229,12.67000,7.58469,5.02586,1.24149,6.23957,12.28000,7.07797,5.07769,1.16044,5.89233,11.75000,7.09261,24.89586,29.35079
43-1,1783321241.618978,2026-07-06T14:00:41.618978,5.08779,1.27103,6.46675,12.96000,8.24295,5.05601,1.25712,6.35600,12.78000,8.22104,5.02586,1.24149,6.23957,12.28000,7.70267,5.07484,1.13773,5.77380,11.52000,7.67067,24.83612,31.83733
43-1,1783321241.719096,2026-07-06T14:00:41.719096,5.08849,1.25810,6.40181,12.83000,8.88389,5.05285,1.23856,6.25827,12.59000,8.84761,5.02615,1.23637,6.21416,12.23000,8.32482,5.07364,1.16141,5.89259,11.76000,8.26063,24.76683,34.31694
43-1,1783321241.819214,2026-07-06T14:00:41.819214,5.08785,1.26981,6.46063,12.95000,9.53071,5.05285,1.23856,6.25827,12.59000,9.47417,5.02780,1.20707,6.06890,11.94000,8.93242,5.07469,1.14066,5.78849,11.55000,8.84016,24.57629,36.77747
43-1,1783321241.919332,2026-07-06T14:00:41.919332,5.09152,1.27592,6.49636,13.01000,10.18112,5.05969,1.26420,6.39645,12.85000,10.11457,5.03026,1.23441,6.20942,12.21000,9.55410,5.07469,1.14066,5.78849,11.55000,9.41969,24.89072,39.26948
43-1,1783321242.019450,2026-07-06T14:00:42.019450,5.08752,1.27592,6.49126,13.01000,10.83101,5.05986,1.26029,6.37691,12.81000,10.75301,5.03026,1.23441,6.20942,12.21000,10.17577,5.07349,1.16434,5.90728,11.79000,10.01112,24.98487,41.77092
43-1,1783321242.119568,2026-07-06T14:00:42.119568,5.08396,1.26786,6.44575,12.93000,11.47634,5.05263,1.24345,6.28267,12.64000,11.38202,5.02735,1.21512,6.10886,12.02000,10.78738,5.07469,1.14066,5.78849,11.55000,10.59065,24.62577,44.23639
43-1,1783321242.219685,2026-07-06T14:00:42.219685,5.08768,1.27299,6.47655,12.98000,12.12476,5.05263,1.24345,6.28267,12.64000,12.01103,5.02586,1.24149,6.23957,12.28000,11.41207,5.07354,1.16337,5.90238,11.78000,11.18158,24.90117,46.72944
43-1,1783321242.319803,2026-07-06T14:00:42.319803,5.08693,1.28666,6.54515,13.12000,12.78005,5.05173,1.26322,6.38146,12.84000,12.64993,5.03031,1.23344,6.20457,12.20000,12.03326,5.07354,1.16337,5.90238,11.78000,11.77252,25.03356,49.23575
43-1,1783321242.419922,2026-07-06T14:00:42.419922,5.08385,1.26981,6.45555,12.95000,13.42637,5.05263,1.24345,6.28267,12.64000,13.27894,5.02231,1.23344,6.19470,12.20000,12.65346,5.07398,1.15458,5.85830,11.69000,12.35904,24.79122,51.71780
43-1,1783321242.520040,2026-07-06T14:00:42.520040,5.08385,1.26981,6.45555,12.95000,14.07269,5.05155,1.26713,6.40097,12.88000,13.91979,5.02946,1.24857,6.27965,12.35000,13.28217,5.07344,1.16532,5.91217,11.80000,12.95096,25.04834,54.22561
43-1,1783321242.620159,2026-07-06T14:00:42.620159,5.08379,1.27103,6.46167,12.96000,14.71962,5.05155,1.26713,6.40097,12.88000,14.56065,5.02592,1.24052,6.23473,12.27000,13.90639,5.07339,1.16630,5.91707,11.81000,13.54337,25.01444,56.73003
43-1,1783321242.720278,2026-07-06T14:00:42.720278,5.08470,1.25419,6.37718,12.79000,15.35810,5.05164,1.26518,6.39121,12.86000,15.20053,5.02564,1.24540,6.25893,12.32000,14.53302,5.07739,1.16630,5.92174,11.81000,14.13625,24.94906,59.22790
43-1,1783321242.820398,2026-07-06T14:00:42.820398,5.08796,1.26786,6.45082,12.93000,16.00396,5.05160,1.26615,6.39609,12.87000,15.84091,5.02575,1.24345,6.24925,12.30000,15.15870,5.07339,1.16630,5.91707,11.81000,14.72867,25.01323,61.73223
43-1,1783321242.920516,2026-07-06T14:00:42.920516,5.08796,1.26786,6.45082,12.93000,16.64980,5.05196,1.25810,6.35585,12.79000,16.47724,5.02575,1.24345,6.24925,12.30000,15.78436,5.07734,1.16727,5.92664,11.82000,15.32203,24.98256,64.23343
43-1,1783321243.020634,2026-07-06T14:00:43.020634,5.09072,1.29057,6.56991,13.16000,17.30757,5.05196,1.25810,6.35585,12.79000,17.11358,5.03346,1.24857,6.28464,12.35000,16.41357,5.07819,1.15043,5.84209,11.65000,15.90693,25.05249,66.74164
43-1,1783321243.120753,2026-07-06T14:00:43.120753,5.09152,1.27592,6.49636,13.01000,17.95797,5.05151,1.26811,6.40585,12.89000,17.75492,5.03546,1.21317,6.10888,12.00000,17.02518,5.07140,1.12674,5.71416,11.41000,16.47902,24.72525,69.21709
43-1,1783321243.220871,2026-07-06T14:00:43.220871,5.08449,1.25810,6.39677,12.83000,18.59840,5.05205,1.25614,6.34609,12.77000,18.39028,5.02758,1.21097,6.08827,11.98000,17.63472,5.07540,1.12674,5.71867,11.41000,17.05156,24.54980,71.67497
43-1,1783321243.320988,2026-07-06T14:00:43.320988,5.08049,1.25810,6.39174,12.83000,19.23833,5.05538,1.27103,6.42556,12.92000,19.03359,5.02358,1.21097,6.08343,11.98000,18.24378,5.07199,1.11502,5.65539,11.29000,17.61777,24.55612,74.13347
43-1,1783321243.421107,2026-07-06T14:00:43.421107,5.08699,1.28568,6.54026,13.11000,19.89313,5.05538,1.27103,6.42556,12.92000,19.67691,5.02329,1.21610,6.10883,12.03000,18.85539,5.07174,1.11991,5.67988,11.34000,18.18643,24.75453,76.61186
43-1,1783321243.521226,2026-07-06T14:00:43.521226,5.09088,1.28764,6.55520,13.13000,20.54943,5.05133,1.27201,6.42535,12.93000,20.32021,5.02289,1.22318,6.14391,12.10000,19.47051,5.06974,1.15946,5.87815,11.74000,18.77494,25.00261,79.11510
43-1,1783321243.621345,2026-07-06T14:00:43.621345,5.09179,1.27103,6.47184,12.96000,21.19738,5.05164,1.26518,6.39121,12.86000,20.96009,5.02558,1.24638,6.26377,12.33000,20.09763,5.06974,1.15946,5.87815,11.74000,19.36345,25.00497,81.61856
43-1,1783321243.721463,2026-07-06T14:00:43.721463,5.08251,1.29447,6.57917,13.20000,21.85608,5.05533,1.27201,6.43044,12.93000,21.60390,5.02558,1.24638,6.26377,12.33000,20.72475,5.06914,1.17118,5.93687,11.86000,19.95785,25.21025,84.14258
43-1,1783321243.821581,2026-07-06T14:00:43.821581,5.08651,1.29447,6.58435,13.20000,22.51529,5.05533,1.27201,6.43044,12.93000,22.24770,5.02986,1.24149,6.24454,12.28000,21.34994,5.07694,1.17508,5.96584,11.90000,20.55513,25.22517,86.66807
43-1,1783321243.921698,2026-07-06T14:00:43.921698,5.08763,1.27396,6.48145,12.99000,23.16419,5.05214,1.25419,6.33634,12.75000,22.88207,5.02935,1.25053,6.28934,12.37000,21.97961,5.07739,1.16630,5.92174,11.81000,21.14800,25.02887,89.17388
43-1,1783321244.021815,2026-07-06T14:00:44.021815,5.08828,1.26200,6.42141,12.87000,23.80709,5.05164,1.26518,6.39121,12.86000,23.52194,5.02524,1.25248,6.29401,12.39000,22.60975,5.07299,1.17411,5.95624,11.89000,21.74432,25.06287,91.68311
43-1,1783321244.121933,2026-07-06T14:00:44.121933,5.09093,1.28666,6.55030,13.12000,24.46289,5.05223,1.25224,6.32658,12.73000,24.15535,5.03324,1.25248,6.30403,12.39000,23.24090,5.07299,1.17411,5.95624,11.89000,22.34065,25.13715,94.19979
43-1,1783321244.222052,2026-07-06T14:00:44.222052,5.08293,1.28666,6.54001,13.12000,25.11767,5.05623,1.25224,6.33159,12.73000,24.78926,5.02660,1.22831,6.17422,12.15000,23.85906,5.06888,1.17631,5.96255,11.91000,22.93761,25.00837,96.70360
43-1,1783321244.322170,2026-07-06T14:00:44.322170,5.08272,1.29057,6.55959,13.16000,25.77440,5.04738,1.27103,6.41539,12.92000,25.43156,5.02506,1.25565,6.30974,12.42000,24.49077,5.06883,1.17728,5.96745,11.92000,23.53506,25.25217,99.23180
43-1,1783321244.422291,2026-07-06T14:00:44.422291,5.08229,1.29838,6.59875,13.24000,26.43507,5.04698,1.27982,6.45925,13.01000,26.07826,5.02484,1.25956,6.32909,12.46000,25.12445,5.06969,1.16044,5.88305,11.75000,24.12408,25.27014,101.76186
43-1,1783321244.522410,2026-07-06T14:00:44.522410,5.08688,1.28764,6.55005,13.13000,27.09086,5.05969,1.26420,6.39645,12.85000,26.71867,5.03284,1.25956,6.33916,12.46000,25.75912,5.07369,1.16044,5.88769,11.75000,24.71355,25.17335,104.28220
43-1,1783321244.622526,2026-07-06T14:00:44.622526,5.08288,1.28764,6.54490,13.13000,27.74611,5.05169,1.26420,6.38634,12.85000,27.35804,5.02586,1.24149,6.23957,12.28000,26.38380,5.07278,1.17826,5.97705,11.93000,25.31195,25.14786,106.79990
43-1,1783321244.722645,2026-07-06T14:00:44.722645,5.07665,1.25517,6.37204,12.80000,28.38407,5.05458,1.20023,6.06667,12.20000,27.96543,5.03282,1.11820,5.62769,11.06000,26.94724,5.07910,1.05374,5.35206,10.67000,25.84779,23.41846,109.14453
43-1,1783321244.822762,2026-07-06T14:00:44.822762,5.07520,1.28178,6.50528,13.07000,29.03536,5.05107,1.27787,6.45461,12.99000,28.61165,5.02901,1.25663,6.31960,12.43000,27.57994,5.06478,1.17826,5.96763,11.93000,26.44525,25.24712,111.67219
43-1,1783321244.922881,2026-07-06T14:00:44.922881,5.09056,1.29350,6.58462,13.19000,29.69461,5.05160,1.26615,6.39609,12.87000,29.25202,5.02501,1.25663,6.31457,12.43000,28.21215,5.07278,1.17826,5.97705,11.93000,27.04367,25.27233,114.20244
43-1,1783321245.023000,2026-07-06T14:00:45.023000,5.08677,1.28959,6.55985,13.15000,30.35137,5.05160,1.26615,6.39609,12.87000,29.89239,5.03038,1.23222,6.19852,12.19000,28.83273,5.07304,1.17313,5.95135,11.88000,27.63951,25.10581,116.71600
43-1,1783321245.123118,2026-07-06T14:00:45.123118,5.09877,1.28959,6.57533,13.15000,31.00968,5.05933,1.27201,6.43553,12.93000,30.53670,5.02890,1.25858,6.32928,12.45000,29.46641,5.07299,1.17411,5.95624,11.89000,28.23584,25.29638,119.24864
43-1,1783321245.223236,2026-07-06T14:00:45.223236,5.08651,1.29447,6.58435,13.20000,31.66889,5.05894,1.28080,6.47949,13.02000,31.18541,5.02901,1.25663,6.31960,12.43000,30.09911,5.07273,1.17924,5.98195,11.94000,28.83474,25.36539,121.78815
43-1,1783321245.323354,2026-07-06T14:00:45.323354,5.08624,1.29936,6.60884,13.25000,32.33056,5.04760,1.26615,6.39103,12.87000,31.82527,5.02901,1.25663,6.31960,12.43000,30.73182,5.06459,1.18216,5.98718,11.97000,29.43416,25.30665,124.32181
43-1,1783321245.423470,2026-07-06T14:00:45.423470,5.08988,1.23270,6.27431,12.57000,32.95872,5.05560,1.26615,6.40116,12.87000,32.46613,5.02855,1.26469,6.35954,12.51000,31.36851,5.06859,1.18216,5.99190,11.97000,30.03405,25.02691,126.82741
43-1,1783321245.523588,2026-07-06T14:00:45.523588,5.08188,1.23270,6.26445,12.57000,33.58590,5.05108,1.10086,5.56055,11.19000,33.02284,5.05126,0.86233,4.35586,8.53000,31.80461,5.08471,0.86404,4.39339,8.75000,30.47390,20.57425,128.88726
43-1,1783321245.623706,2026-07-06T14:00:45.623706,5.09853,0.85403,4.35430,8.71000,34.02184,5.06035,0.89627,4.53542,9.11000,33.47692,5.04320,0.86331,4.35384,8.54000,32.24051,5.08665,0.82571,4.20010,8.36000,30.89441,17.44366,130.63369
43-1,1783321245.723824,2026-07-06T14:00:45.723824,5.07573,1.27201,6.45639,12.97000,34.66824,5.03582,1.26127,6.35152,12.82000,34.11282,5.03120,0.86331,4.34348,8.54000,32.67537,5.06109,1.17215,5.93239,11.87000,31.48835,23.08378,132.94478
43-1,1783321245.823943,2026-07-06T14:00:45.823943,5.07861,1.29252,6.56421,13.18000,35.32545,5.04382,1.26127,6.36161,12.82000,34.74974,5.03295,1.25761,6.32947,12.44000,33.30907,5.07709,1.17215,5.95114,11.87000,32.08417,25.20643,135.46843
43-1,1783321245.924065,2026-07-06T14:00:45.924065,5.09061,1.29252,6.57972,13.18000,35.98422,5.05511,1.27689,6.45484,12.98000,35.39601,5.02575,1.24345,6.24925,12.30000,33.93476,5.07673,1.17924,5.98666,11.94000,32.68357,25.27047,137.99855
43-1,1783321246.024184,2026-07-06T14:00:46.024184,5.08613,1.30131,6.61863,13.27000,36.64687,5.05107,1.27787,6.45461,12.99000,36.04224,5.02484,1.25956,6.32909,12.46000,34.56842,5.07669,1.18021,5.99156,11.95000,33.28344,25.39389,140.54096
43-1,1783321246.124302,2026-07-06T14:00:46.124302,5.08629,1.29838,6.60394,13.24000,37.30805,5.05155,1.26713,6.40097,12.88000,36.68309,5.02884,1.25956,6.33413,12.46000,35.20258,5.07259,1.18216,5.99663,11.97000,33.88381,25.33567,143.07753
44-1,1783321246.224421,2026-07-06T14:00:46.224421,5.09483,1.28861,6.56526,13.14000,0.65730,5.05182,1.26127,6.37170,12.88000,0.63793,5.02484,1.25956,6.32909,12.46000,0.63366,5.06859,1.18216,5.99190,11.97000,0.59990,25.25795,2.52879
44-1,1783321246.324544,2026-07-06T14:00:46.324544,5.08187,1.30619,6.63790,13.14000,1.32191,5.04782,1.26127,6.36666,12.82000,1.27537,5.02871,1.19095,5.98897,11.78000,1.23329,5.06830,1.10892,5.62034,11.23000,1.16262,24.61387,4.99320
44-1,1783321246.424661,2026-07-06T14:00:46.424661,5.08587,1.30619,6.64312,13.32000,1.98700,5.04479,1.32817,6.70032,13.50000,1.94619,5.02273,1.29691,6.51405,12.83000,1.88546,5.06204,1.23246,6.23876,12.48000,1.78723,26.09625,7.60589
44-1,1783321246.524780,2026-07-06T14:00:46.524780,5.09098,1.35917,6.91952,13.86000,2.67977,5.05223,1.25224,6.32658,12.73000,2.57960,5.04264,0.94412,4.76086,9.34000,2.36211,5.07930,1.12870,5.73298,11.43000,2.36121,23.73994,9.98270
44-1,1783321246.624898,2026-07-06T14:00:46.624898,5.10275,1.14335,5.83421,11.66000,3.26389,5.05383,1.12845,5.70301,12.73000,3.15058,5.03864,0.94412,4.75709,9.34000,2.83838,5.07419,1.07157,5.43733,10.85000,2.90559,21.73164,12.15844
44-1,1783321246.725016,2026-07-06T14:00:46.725016,5.07803,1.30326,6.61800,13.29000,3.92647,5.05783,1.12845,5.70752,11.47000,3.72200,5.03884,1.29496,6.52511,12.81000,3.49167,5.08219,1.07157,5.44590,10.85000,3.45082,24.29653,14.59096
44-1,1783321246.825134,2026-07-06T14:00:46.825134,5.08203,1.30326,6.62321,13.29000,4.58957,5.05949,1.00345,5.07694,10.20000,4.23029,5.04780,1.13627,5.73564,11.24000,4.06590,5.07815,0.91458,4.64437,9.26000,3.91580,22.08016,16.80157
44-1,1783321246.925254,2026-07-06T14:00:46.925254,5.09573,1.27201,6.48183,12.97000,5.23853,5.04801,1.25712,6.34594,12.78000,4.86565,5.03465,1.08573,5.46625,10.74000,4.61319,5.06574,1.15946,5.87352,11.74000,4.50386,24.16754,19.22122
44-1,1783321247.025371,2026-07-06T14:00:47.025371,5.11825,0.85916,4.39738,8.76000,5.67878,5.07235,0.89627,4.54618,9.11000,5.32080,5.03465,1.08573,5.46625,10.74000,5.16045,5.09856,0.82766,4.21988,8.38000,4.92634,18.62969,21.08638
44-1,1783321247.125488,2026-07-06T14:00:47.125488,5.09361,0.87088,4.43591,8.88000,6.12289,5.06035,0.89627,4.53542,9.11000,5.77487,5.03532,0.86135,4.33719,8.52000,5.59468,5.08656,0.82766,4.20995,8.38000,5.34783,17.51847,22.84026
44-1,1783321247.225606,2026-07-06T14:00:47.225606,5.08961,0.87088,4.43242,8.88000,6.56666,5.05850,1.20219,6.08125,12.22000,6.38371,5.01540,1.21415,6.08944,12.01000,6.20434,5.07444,1.06668,5.41282,10.80000,5.88975,22.01593,25.04446
44-1,1783321247.325722,2026-07-06T14:00:47.325722,5.09217,1.26395,6.43627,12.89000,7.21103,5.05614,1.25419,6.34135,12.75000,7.01858,5.02620,1.23539,6.20932,12.22000,6.82599,5.07015,1.15140,5.83778,11.66000,6.47421,24.82472,27.52981
44-1,1783321247.425840,2026-07-06T14:00:47.425840,5.09276,1.25321,6.38230,12.78000,7.85001,5.04938,1.22684,6.19480,12.47000,7.63880,5.02620,1.23539,6.20932,12.22000,7.44766,5.07374,1.15946,5.88279,11.74000,7.06318,24.66921,29.99965
44-1,1783321247.525958,2026-07-06T14:00:47.525958,5.08373,1.27201,6.46657,12.97000,8.49743,5.04938,1.22684,6.19480,12.47000,8.25901,5.02649,1.23026,6.18391,12.17000,8.06678,5.07374,1.15946,5.88279,11.74000,7.65215,24.72807,32.47538
44-1,1783321247.626077,2026-07-06T14:00:47.626077,5.08773,1.27201,6.47165,12.97000,9.14537,5.05573,1.26322,6.38651,12.84000,8.89842,5.02631,1.23344,6.19964,12.20000,8.68748,5.07434,1.14750,5.82279,11.62000,8.23512,24.88059,34.96639
44-1,1783321247.726196,2026-07-06T14:00:47.726196,5.08331,1.27982,6.50574,13.05000,9.79671,5.05596,1.25810,6.36088,12.79000,9.53526,5.02986,1.24149,6.24454,12.28000,9.31267,5.07359,1.16239,5.89748,11.77000,8.82557,25.00864,37.47022
44-1,1783321247.826313,2026-07-06T14:00:47.826313,5.09077,1.28959,6.56501,13.15000,10.45399,5.05285,1.23856,6.25827,12.59000,10.16182,5.02986,1.24149,6.24454,12.28000,9.93786,5.07449,1.14457,5.80809,11.59000,9.40706,24.87591,39.96074
44-1,1783321247.926431,2026-07-06T14:00:47.926431,5.09120,1.28178,6.52578,13.07000,11.10733,5.05285,1.23856,6.25827,12.59000,10.78839,5.03175,1.20804,6.07858,11.95000,10.54644,5.07449,1.14457,5.80809,11.59000,9.98856,24.67072,42.43071
44-1,1783321248.026548,2026-07-06T14:00:48.026548,5.08293,1.28666,6.54001,13.12000,11.76210,5.05201,1.25712,6.35097,12.78000,11.42423,5.02998,1.23930,6.23364,12.26000,11.17053,5.07369,1.16044,5.88769,11.75000,10.57801,25.01231,44.93487
44-1,1783321248.126665,2026-07-06T14:00:48.126665,5.08693,1.28666,6.54515,13.12000,12.41738,5.05245,1.24735,6.30219,12.68000,12.05518,5.02655,1.22929,6.17906,12.16000,11.78916,5.07010,1.15238,5.84267,11.67000,11.16297,24.86907,47.42469
44-1,1783321248.226784,2026-07-06T14:00:48.226784,5.08396,1.26786,6.44575,12.93000,13.06272,5.05169,1.26420,6.38634,12.85000,12.69458,5.02655,1.22929,6.17906,12.16000,12.40780,5.06939,1.16630,5.91241,11.81000,11.75491,24.92356,49.92001
44-1,1783321248.326901,2026-07-06T14:00:48.326901,5.08417,1.26395,6.42616,12.89000,13.70609,5.05569,1.26420,6.39139,12.85000,13.33446,5.02541,1.24955,6.27949,12.36000,13.03648,5.07354,1.16337,5.90238,11.78000,12.34584,24.99942,52.42288
44-1,1783321248.427019,2026-07-06T14:00:48.427019,5.08870,1.25419,6.38219,12.79000,14.34506,5.05569,1.26420,6.39139,12.85000,13.97436,5.02575,1.24345,6.24925,12.30000,13.66215,5.07754,1.16337,5.90703,11.78000,12.93724,24.92986,54.91881
44-1,1783321248.527137,2026-07-06T14:00:48.527137,5.09270,1.25419,6.38721,12.79000,14.98454,5.05636,1.24931,6.31694,12.70000,14.60680,5.02152,1.24760,6.26483,12.34000,14.28937,5.07334,1.16727,5.92197,11.82000,13.53014,24.89095,57.41084
44-1,1783321248.627254,2026-07-06T14:00:48.627254,5.08812,1.26493,6.43612,12.90000,15.62890,5.04773,1.26322,6.37641,12.84000,15.24519,5.03352,1.24760,6.27980,12.34000,14.91809,5.07329,1.16825,5.92687,11.83000,14.12352,25.01920,59.91570
44-1,1783321248.727371,2026-07-06T14:00:48.727371,5.08870,1.25419,6.38219,12.79000,16.26787,5.05173,1.26322,6.38146,12.84000,15.88408,5.02952,1.24760,6.27481,12.34000,15.54630,5.07784,1.15751,5.87763,11.72000,14.71197,24.91609,62.41022
44-1,1783321248.827489,2026-07-06T14:00:48.827489,5.08641,1.22294,6.22036,12.47000,16.89064,5.04898,1.23563,6.23869,12.56000,16.50869,5.02935,1.25053,6.28934,12.37000,16.17598,5.06984,1.15751,5.86837,11.72000,15.29950,24.61676,64.87480
44-1,1783321248.927607,2026-07-06T14:00:48.927607,5.08641,1.22294,6.22036,12.47000,17.51341,5.04902,1.23466,6.23381,12.55000,17.13280,5.02912,1.25468,6.30992,12.41000,16.80771,5.07235,1.10794,5.61988,11.22000,15.86215,24.38397,67.31606
44-1,1783321249.027725,2026-07-06T14:00:49.027725,5.08693,1.28666,6.54515,13.12000,18.16869,5.05173,1.26322,6.38146,12.84000,17.77170,5.03312,1.25468,6.31493,12.41000,17.43995,5.06939,1.16630,5.91241,11.81000,16.45408,25.15395,69.83442
44-1,1783321249.127844,2026-07-06T14:00:49.127844,5.08667,1.29154,6.56965,13.17000,18.82644,5.05573,1.26322,6.38651,12.84000,18.41111,5.02631,1.23344,6.19964,12.20000,18.06065,5.06919,1.17020,5.93198,11.85000,17.04799,25.08778,72.34619
44-1,1783321249.227962,2026-07-06T14:00:49.227962,5.08812,1.26493,6.43612,12.90000,19.47081,5.05245,1.24735,6.30219,12.68000,19.04207,5.02152,1.24760,6.26483,12.34000,18.68787,5.07719,1.17020,5.94134,11.85000,17.64282,24.94448,74.84358
44-1,1783321249.328080,2026-07-06T14:00:49.328080,5.08357,1.27494,6.48126,13.00000,20.11970,5.05173,1.26322,6.38146,12.84000,19.68097,5.02295,1.22221,6.13907,12.09000,19.30251,5.07794,1.15555,5.86782,11.70000,18.23030,24.86961,77.33348
44-1,1783321249.428198,2026-07-06T14:00:49.428198,5.08757,1.27494,6.48636,13.00000,20.76911,5.05182,1.26127,6.37170,12.82000,20.31890,5.02552,1.24760,6.26982,12.34000,19.93023,5.06909,1.17215,5.94176,11.87000,18.82518,25.06964,79.84341
44-1,1783321249.528315,2026-07-06T14:00:49.528315,5.08757,1.27494,6.48636,13.00000,21.41850,5.05182,1.26127,6.37170,12.82000,20.95681,5.02552,1.24760,6.26982,12.34000,20.55794,5.06914,1.17118,5.93687,11.86000,19.41956,25.06475,82.35281
44-1,1783321249.628435,2026-07-06T14:00:49.628435,5.08801,1.26688,6.44592,12.92000,22.06386,5.05169,1.26420,6.38634,12.85000,21.59621,5.02981,1.24247,6.24938,12.29000,21.18363,5.07405,1.15336,5.85218,11.68000,20.00548,24.93382,84.84918
44-1,1783321249.728554,2026-07-06T14:00:49.728554,5.08763,1.27396,6.48145,12.99000,22.71278,5.05133,1.27201,6.42535,12.93000,22.23951,5.02952,1.24760,6.27481,12.34000,21.81186,5.07405,1.15336,5.85218,11.68000,20.59139,25.03379,87.35554
44-1,1783321249.828672,2026-07-06T14:00:49.828672,5.08363,1.27396,6.47636,12.99000,23.36118,5.04796,1.25810,6.35082,12.79000,22.87534,5.03341,1.24955,6.28949,12.36000,22.44155,5.07304,1.17313,5.95135,11.88000,21.18723,25.06802,89.86530
45-1,1783321249.928797,2026-07-06T14:00:49.928797,5.07629,1.18851,6.03323,12.12000,0.60408,5.04796,1.25810,6.35082,12.79000,0.63588,5.02141,1.24955,6.27450,12.36000,0.62823,5.07424,1.14945,5.83259,11.64000,0.58399,24.49114,2.45218
45-1,1783321250.028916,2026-07-06T14:00:50.028916,5.06992,1.30522,6.61734,13.31000,1.26660,5.05630,1.33891,6.76993,13.61000,1.31367,5.03833,1.30399,6.56996,12.90000,1.28601,5.07469,1.21952,6.18869,12.35000,1.20359,26.14592,5.06987
45-1,1783321250.129035,2026-07-06T14:00:50.129035,5.09709,1.17386,5.98329,11.97000,1.86564,5.07661,0.89041,4.52026,9.05000,1.76624,5.06486,0.83401,4.22414,8.25000,1.70893,5.07469,1.21952,6.18869,12.35000,1.82320,20.91638,7.16400
45-1,1783321250.229156,2026-07-06T14:00:50.229156,5.09709,1.17386,5.98329,11.97000,2.46469,5.04454,1.24540,6.28246,12.66000,2.39524,5.01831,1.23344,6.18977,12.20000,2.32865,5.07569,1.12088,5.68926,11.35000,2.39281,24.14478,9.58139
45-1,1783321250.329272,2026-07-06T14:00:50.329272,5.08747,1.27689,6.49616,13.02000,3.11506,5.04854,1.24540,6.28745,12.66000,3.02472,5.03031,1.23344,6.20457,12.20000,2.94983,5.07389,1.15653,5.86810,11.71000,2.98030,24.85628,12.06992
45-1,1783321250.429391,2026-07-06T14:00:50.429391,5.08773,1.27201,6.47165,12.97000,3.76300,5.04911,1.23270,6.22406,12.53000,3.64787,5.02626,1.23441,6.20448,12.21000,3.57102,5.07469,1.14066,5.78849,11.55000,3.55984,24.68868,14.54172
45-1,1783321250.529510,2026-07-06T14:00:50.529510,5.09136,1.27885,6.51107,13.04000,4.41488,5.04796,1.25810,6.35082,12.79000,4.28370,5.02780,1.20707,6.06890,11.94000,4.17863,5.07469,1.14066,5.78849,11.55000,4.13938,24.71928,17.01658
45-1,1783321250.629627,2026-07-06T14:00:50.629627,5.08529,1.24345,6.32328,12.68000,5.04794,5.04818,1.25321,6.32645,12.74000,4.91709,5.02569,1.24442,6.25409,12.31000,4.80477,5.08174,1.15946,5.89207,11.74000,4.72927,24.79589,19.49907
45-1,1783321250.729745,2026-07-06T14:00:50.729745,5.08529,1.24345,6.32328,12.68000,5.68102,5.05218,1.25321,6.33146,12.74000,5.55098,5.02569,1.24442,6.25409,12.31000,5.43092,5.07369,1.16044,5.88769,11.75000,5.31874,24.79652,21.98167
45-1,1783321250.829864,2026-07-06T14:00:50.829864,5.09173,1.27201,6.47674,12.97000,6.32946,5.05272,1.24149,6.27291,12.62000,6.17902,5.02186,1.24149,6.23460,12.28000,6.05512,5.07415,1.15140,5.84238,11.66000,5.90367,24.82663,24.46727
45-1,1783321250.929983,2026-07-06T14:00:50.929983,5.09173,1.27201,6.47674,12.97000,6.97791,5.05249,1.24638,6.29731,12.67000,6.80950,5.02375,1.20804,6.06891,11.95000,6.66273,5.07364,1.16141,5.89259,11.76000,6.49363,24.73555,26.94378
45-1,1783321251.030102,2026-07-06T14:00:51.030102,5.09111,1.21000,6.16024,12.34000,7.59467,5.05872,1.19730,6.05681,12.17000,7.41590,5.02946,1.17777,5.92354,11.65000,7.25579,5.07764,1.16141,5.89723,11.76000,7.08406,24.03782,29.35041
45-1,1783321251.130220,2026-07-06T14:00:51.130220,5.08711,1.21000,6.15540,12.34000,8.21093,5.05472,1.19730,6.05202,12.17000,8.02182,5.02946,1.17777,5.92354,11.65000,7.84884,5.07369,1.16044,5.88769,11.75000,7.67352,24.01865,31.75512
45-1,1783321251.230339,2026-07-06T14:00:51.230339,5.08768,1.27299,6.47655,12.98000,8.85936,5.05169,1.26420,6.38634,12.85000,8.66121,5.02260,1.22831,6.16931,12.15000,8.46651,5.07469,1.14066,5.78849,11.55000,8.25306,24.82069,34.24013
45-1,1783321251.330458,2026-07-06T14:00:51.330458,5.08731,1.27982,6.51086,13.05000,9.51122,5.05186,1.26029,6.36683,12.81000,9.29865,5.02198,1.23930,6.22372,12.26000,9.08962,5.07349,1.16434,5.90728,11.79000,8.84449,25.00869,36.74398
45-1,1783321251.430576,2026-07-06T14:00:51.430576,5.08379,1.27103,6.46167,12.96000,10.15815,5.05316,1.23173,6.22411,12.52000,9.92180,5.02769,1.20902,6.07859,11.96000,9.69820,5.07349,1.16434,5.90728,11.79000,9.43592,24.67165,39.21407
45-1,1783321251.530694,2026-07-06T14:00:51.530694,5.09179,1.27103,6.47184,12.96000,10.80610,5.05316,1.23173,6.22411,12.52000,10.54494,5.02769,1.20902,6.07859,11.96000,10.30677,5.07089,1.13675,5.76435,11.51000,10.01303,24.53889,41.67084
45-1,1783321251.630812,2026-07-06T14:00:51.630812,5.08390,1.26884,6.45065,12.94000,11.45192,5.05596,1.25810,6.36088,12.79000,11.18178,5.02981,1.24247,6.24938,12.29000,10.93245,5.06949,1.16434,5.90262,11.79000,10.60399,24.96353,44.17014
45-1,1783321251.730930,2026-07-06T14:00:51.730930,5.08357,1.27494,6.48126,13.00000,12.10082,5.05641,1.24833,6.31206,12.69000,11.81373,5.03084,1.22416,6.15854,12.11000,11.54903,5.07419,1.15043,5.83748,11.65000,11.18843,24.78934,46.65201
45-1,1783321251.831050,2026-07-06T14:00:51.831050,5.09606,1.26591,6.45115,12.91000,12.74671,5.04769,1.26420,6.38128,12.85000,12.45263,5.02152,1.24760,6.26483,12.34000,12.17627,5.07419,1.15043,5.83748,11.65000,11.77288,24.93474,49.14848
45-1,1783321251.931169,2026-07-06T14:00:51.931169,5.09152,1.27592,6.49636,12.91000,13.39711,5.05569,1.26420,6.39139,12.85000,13.09253,5.02952,1.24760,6.27481,12.34000,12.80449,5.07349,1.16434,5.90728,11.79000,12.36431,25.06984,51.65844
45-1,1783321252.031288,2026-07-06T14:00:52.031288,5.08752,1.27592,6.49126,13.01000,14.04701,5.05164,1.26518,6.39121,12.86000,13.73241,5.02620,1.23539,6.20932,12.22000,13.42616,5.07329,1.16825,5.92687,11.83000,12.95770,25.01866,54.16328
45-1,1783321252.131407,2026-07-06T14:00:52.131407,5.08747,1.27689,6.49616,13.02000,14.69740,5.05227,1.25126,6.32170,12.72000,14.36533,5.02524,1.25248,6.29401,12.39000,14.05631,5.07334,1.16727,5.92197,11.82000,13.55060,25.03384,56.66963
45-1,1783321252.231525,2026-07-06T14:00:52.231525,5.08683,1.28861,6.55495,13.14000,15.35367,5.05569,1.26420,6.39139,12.85000,15.00522,5.02981,1.24247,6.24938,12.29000,14.68199,5.07324,1.16923,5.93176,11.84000,14.14448,25.12748,59.18536
45-1,1783321252.331690,2026-07-06T14:00:52.331690,5.08368,1.27299,6.47146,12.98000,16.00188,5.05569,1.26420,6.39139,12.85000,15.64542,5.02581,1.24247,6.24441,12.29000,15.30746,5.07324,1.16923,5.93176,11.84000,14.73863,25.03902,61.69339
45-1,1783321252.431807,2026-07-06T14:00:52.431807,5.07968,1.27299,6.46637,12.98000,16.64928,5.05289,1.23759,6.25339,12.58000,16.27149,5.02952,1.24760,6.27481,12.34000,15.93568,5.07410,1.15238,5.84728,11.67000,15.32404,24.84185,64.18048
45-1,1783321252.531925,2026-07-06T14:00:52.531925,5.08773,1.27201,6.47165,12.97000,17.29721,5.05160,1.26615,6.39609,12.87000,16.91185,5.02575,1.24345,6.24925,12.30000,16.56134,5.07314,1.17118,5.94156,11.86000,15.91890,25.05855,66.68930
45-1,1783321252.632044,2026-07-06T14:00:52.632044,5.08661,1.29252,6.57455,13.18000,17.95544,5.05285,1.23856,6.25827,12.59000,17.53842,5.02541,1.24955,6.27949,12.36000,17.19003,5.07314,1.17118,5.94156,11.86000,16.51376,25.05387,69.19765
45-1,1783321252.732161,2026-07-06T14:00:52.732161,5.09168,1.27299,6.48165,12.98000,18.60436,5.05285,1.23856,6.25827,12.59000,18.16498,5.03026,1.23441,6.20942,12.21000,17.81170,5.07314,1.17118,5.94156,11.86000,17.10861,24.89090,71.68965
45-1,1783321252.832278,2026-07-06T14:00:52.832278,5.08768,1.27299,6.47655,12.98000,19.25278,5.05142,1.27006,6.41560,12.91000,18.80730,5.02626,1.23441,6.20448,12.21000,18.43288,5.07319,1.17020,5.93666,11.85000,17.70298,25.03329,74.19594
45-1,1783321252.932398,2026-07-06T14:00:52.932398,5.08363,1.27396,6.47636,12.99000,19.90119,5.05280,1.23954,6.26315,12.60000,19.43436,5.02941,1.24955,6.28449,12.36000,19.06208,5.07314,1.17118,5.94156,11.86000,18.29784,24.96556,76.69547
45-1,1783321253.032515,2026-07-06T14:00:53.032515,5.08352,1.27592,6.48615,13.01000,20.55057,5.05129,1.27299,6.43023,12.94000,20.07813,5.03089,1.22318,6.15370,12.10000,19.67817,5.07354,1.16337,5.90238,11.78000,18.88877,24.97246,79.19564
45-1,1783321253.132634,2026-07-06T14:00:53.132634,5.09147,1.27689,6.50126,13.02000,21.20146,5.05129,1.27299,6.43023,12.94000,20.72192,5.02530,1.25150,6.28917,12.38000,20.30784,5.07354,1.16337,5.90238,11.78000,19.47971,25.12304,81.71093
45-1,1783321253.232752,2026-07-06T14:00:53.232752,5.08747,1.27689,6.49616,13.02000,21.85185,5.05223,1.25224,6.32658,12.73000,21.35533,5.02530,1.25150,6.28917,12.38000,20.93750,5.07299,1.17411,5.95624,11.89000,20.07604,25.06815,84.22071
45-1,1783321253.332870,2026-07-06T14:00:53.332870,5.07840,1.29643,6.58377,13.22000,22.51100,5.05169,1.26420,6.38634,12.85000,21.99472,5.02620,1.23539,6.20932,12.22000,21.55916,5.07324,1.16923,5.93176,11.84000,20.66992,25.11119,86.73480
45-1,1783321253.432987,2026-07-06T14:00:53.432987,5.09115,1.28275,6.53069,13.08000,23.16484,5.05524,1.27396,6.44020,12.95000,22.63949,5.02546,1.24857,6.27466,12.35000,22.18736,5.07334,1.16727,5.92197,11.82000,21.26281,25.16752,89.25450
45-1,1783321253.533104,2026-07-06T14:00:53.533104,5.09173,1.27201,6.47674,12.97000,23.81327,5.05124,1.27396,6.43511,12.95000,23.28375,5.01730,1.25150,6.27916,12.38000,22.81601,5.07699,1.17411,5.96094,11.82000,21.85960,25.15195,91.77263
45-1,1783321253.633222,2026-07-06T14:00:53.633222,5.08645,1.29545,6.58924,13.21000,24.47297,5.05133,1.27201,6.42535,12.93000,23.92705,5.02530,1.25150,6.28917,12.38000,23.44567,5.07299,1.17411,5.95624,11.89000,22.45593,25.26000,94.30162
46-1,1783321253.733348,2026-07-06T14:00:53.733348,5.08245,1.29545,6.58406,13.21000,0.65924,5.05388,1.21586,6.14479,12.36000,0.61525,5.02271,1.22636,6.15963,12.13000,0.61674,5.06759,1.12284,5.69008,11.37000,0.56973,24.57856,2.46095
46-1,1783321253.833466,2026-07-06T14:00:53.833466,5.08229,1.29838,6.59875,13.24000,1.31989,5.04448,1.33500,6.73439,13.57000,1.28948,5.01815,1.30717,6.55957,12.93000,1.27347,5.06184,1.23637,6.25828,12.52000,1.19629,26.15099,5.07913
46-1,1783321253.933583,2026-07-06T14:00:53.933583,5.08598,1.23075,6.25958,12.55000,1.94657,5.06048,1.33500,6.75575,13.57000,1.96585,5.06309,0.86526,4.38090,8.56000,1.71207,5.10126,0.85330,4.35289,8.64000,1.63209,21.74912,7.25658
46-1,1783321254.033702,2026-07-06T14:00:54.033702,5.07915,1.28275,6.51529,13.08000,2.59888,5.06821,0.98758,5.00526,10.04000,2.46697,5.03909,0.86526,4.36013,8.56000,2.14860,5.08126,0.85330,4.33582,8.64000,2.06619,20.21650,9.28064
46-1,1783321254.133820,2026-07-06T14:00:54.133820,5.08715,1.28275,6.52556,13.08000,3.25221,5.06857,0.97977,4.96601,9.96000,2.96416,5.03830,1.02103,5.14424,10.10000,2.66363,5.08055,0.94607,4.80658,9.58000,2.54741,21.44239,11.42741
46-1,1783321254.233939,2026-07-06T14:00:54.233939,5.09448,0.85501,4.35581,8.72000,3.68831,5.06030,0.89724,4.54033,9.12000,3.41873,5.04726,0.86233,4.35241,8.53000,3.09939,5.08656,0.82766,4.20995,8.38000,2.96891,17.45850,13.17534
46-1,1783321254.334057,2026-07-06T14:00:54.334057,5.07762,1.16410,5.91085,11.87000,4.28009,5.05630,0.89724,4.53674,9.12000,3.87294,5.01431,1.23344,6.18484,12.20000,3.71861,5.05784,1.15751,5.85448,11.72000,3.55505,22.48691,15.42669
46-1,1783321254.434175,2026-07-06T14:00:54.434175,5.08540,1.24149,6.31348,12.66000,4.91219,5.05623,1.25224,6.33159,12.73000,4.50685,5.03431,1.23344,6.20951,12.20000,4.34029,5.07384,1.15751,5.87300,11.72000,4.14304,24.72758,17.90237
46-1,1783321254.534296,2026-07-06T14:00:54.534296,5.08940,1.24149,6.31845,12.66000,5.54479,5.05311,1.23270,6.22899,12.53000,5.13050,5.02638,1.23222,6.19359,12.19000,4.96040,5.07024,1.14945,5.82799,11.64000,4.72654,24.56902,20.36223
46-1,1783321254.634414,2026-07-06T14:00:54.634414,5.08790,1.26884,6.45572,12.94000,6.19113,5.05285,1.23856,6.25827,12.59000,5.75707,5.02769,1.20902,6.07859,11.96000,5.56898,5.06979,1.15848,5.87326,11.73000,5.31456,24.66584,22.83174
46-1,1783321254.734534,2026-07-06T14:00:54.734534,5.08828,1.26200,6.42141,12.87000,6.83403,5.05232,1.25028,6.31682,12.71000,6.38950,5.02592,1.24052,6.23473,12.27000,6.19319,5.07774,1.15946,5.88743,11.74000,5.90401,24.86039,25.32074
46-1,1783321254.834652,2026-07-06T14:00:54.834652,5.08720,1.28178,6.52066,13.07000,7.48688,5.05232,1.25028,6.31682,12.71000,7.02193,5.02592,1.24052,6.23473,12.27000,6.81741,5.07374,1.15946,5.88279,11.74000,6.49299,24.95500,27.81920
46-1,1783321254.934771,2026-07-06T14:00:54.934771,5.09190,1.26884,6.46080,12.94000,8.13372,5.05632,1.25028,6.32182,12.71000,7.65487,5.02620,1.23539,6.20932,12.22000,7.43908,5.07439,1.14652,5.81789,11.61000,7.07547,24.80983,30.30313
46-1,1783321255.034890,2026-07-06T14:00:55.034890,5.08790,1.26884,6.45572,12.94000,8.78006,5.05672,1.24149,6.27788,12.62000,8.28340,5.02718,1.21805,6.12338,12.05000,8.05214,5.07379,1.15848,5.87789,11.73000,7.66395,24.73487,32.77955
46-1,1783321255.135009,2026-07-06T14:00:55.135009,5.08833,1.26102,6.41651,12.86000,9.42247,5.05205,1.25614,6.34609,12.77000,8.91876,5.02598,1.23930,6.22868,12.26000,8.67575,5.07464,1.14164,5.79339,11.56000,8.24398,24.78467,35.26096
46-1,1783321255.235127,2026-07-06T14:00:55.235127,5.08699,1.28568,6.54026,13.11000,10.07727,5.05605,1.25614,6.35112,12.77000,9.55462,5.02998,1.23930,6.23364,12.26000,9.29985,5.06959,1.16239,5.89283,11.77000,8.83396,25.01785,37.76571
46-1,1783321255.335246,2026-07-06T14:00:55.335246,5.08796,1.26786,6.45082,12.93000,10.72312,5.05618,1.25321,6.33647,12.74000,10.18903,5.02689,1.22318,6.14881,12.10000,9.91546,5.07359,1.16239,5.89748,11.77000,9.42441,24.83358,40.25203
46-1,1783321255.435364,2026-07-06T14:00:55.435364,5.08796,1.26786,6.45082,12.93000,11.36897,5.05645,1.24735,6.30718,12.68000,10.82049,5.02581,1.24247,6.24441,12.29000,10.54064,5.07059,1.14261,5.79372,11.57000,10.00447,24.79613,42.73457
46-1,1783321255.535484,2026-07-06T14:00:55.535484,5.08720,1.28178,6.52066,13.07000,12.02181,5.05186,1.26029,6.36683,12.81000,11.45794,5.03009,1.23734,6.22395,12.24000,11.16378,5.06964,1.16141,5.88794,11.76000,10.59397,24.99938,45.23750
46-1,1783321255.635602,2026-07-06T14:00:55.635602,5.08801,1.26688,6.44592,12.92000,12.66717,5.05186,1.26029,6.36683,12.81000,12.09537,5.03009,1.23734,6.22395,12.24000,11.78691,5.07439,1.14652,5.81789,11.61000,11.17644,24.85459,47.72589
46-1,1783321255.735722,2026-07-06T14:00:55.735722,5.08731,1.27982,6.51086,13.05000,13.31903,5.04920,1.23075,6.21431,12.51000,12.71755,5.02620,1.23539,6.20932,12.22000,12.40859,5.07439,1.14652,5.81789,11.61000,11.75893,24.75238,50.20410
46-1,1783321255.835840,2026-07-06T14:00:55.835840,5.08731,1.27982,6.51086,13.05000,13.97089,5.04778,1.26225,6.37153,12.83000,13.35546,5.02998,1.23930,6.23364,12.26000,13.03269,5.06949,1.16434,5.90262,11.79000,12.34989,25.01865,52.70893
46-1,1783321255.935905,2026-07-06T14:00:55.935905,5.09168,1.27299,6.48165,12.98000,14.61947,5.05232,1.25028,6.31682,12.71000,13.98754,5.03095,1.22221,6.14885,12.09000,13.64797,5.06969,1.16044,5.88305,11.75000,12.93857,24.83037,55.19356
46-1,1783321256.036022,2026-07-06T14:00:56.036022,5.09136,1.27885,6.51107,13.04000,15.27135,5.05632,1.25028,6.32182,12.71000,14.62047,5.02152,1.24760,6.26483,12.34000,14.27519,5.07739,1.16630,5.92174,11.81000,13.53144,25.01946,57.69845
46-1,1783321256.136141,2026-07-06T14:00:56.136141,5.08672,1.29057,6.56475,13.16000,15.92860,5.05942,1.27006,6.42576,12.91000,15.26381,5.02152,1.24760,6.26483,12.34000,14.90242,5.06539,1.16630,5.90774,11.81000,14.12292,25.16308,60.21775
46-1,1783321256.236260,2026-07-06T14:00:56.236260,5.09179,1.27103,6.47184,12.96000,16.57655,5.05973,1.26322,6.39156,12.84000,15.90372,5.02711,1.21928,6.12944,12.06000,15.51609,5.07329,1.16825,5.92687,11.83000,14.71631,24.91971,62.71268
46-1,1783321256.336377,2026-07-06T14:00:56.336377,5.08379,1.27103,6.46167,12.96000,17.22348,5.05169,1.26420,6.38634,12.85000,16.54311,5.02569,1.24442,6.25409,12.31000,16.14223,5.07384,1.15751,5.87300,11.72000,15.30430,24.97510,65.21312
46-1,1783321256.436497,2026-07-06T14:00:56.436497,5.08699,1.28568,6.54026,13.11000,17.87829,5.05969,1.26420,6.39645,12.85000,17.18352,5.02260,1.22831,6.16931,12.15000,16.75990,5.07314,1.17118,5.94156,11.86000,15.89917,25.04758,67.72088
46-1,1783321256.536615,2026-07-06T14:00:56.536615,5.08709,1.28373,6.53046,13.09000,18.53210,5.04760,1.26615,6.39103,12.87000,17.82337,5.03060,1.22831,6.17914,12.15000,17.37854,5.06974,1.15946,5.87815,11.74000,16.48767,24.97878,70.22170
46-1,1783321256.636733,2026-07-06T14:00:56.636733,5.10929,0.87674,4.47950,8.94000,18.98058,5.05798,1.03690,5.24460,10.54000,18.34845,5.02906,1.18485,5.95868,11.72000,17.97512,5.08174,1.15946,5.89207,11.74000,17.07758,21.57485,72.38173
46-1,1783321256.736852,2026-07-06T14:00:56.736852,5.09329,0.87674,4.46547,8.94000,19.42766,5.06430,0.89724,4.54392,9.12000,18.80338,5.04720,0.86331,4.35729,8.54000,18.41136,5.08661,0.82669,4.20502,8.37000,17.49858,17.57170,74.14099
46-1,1783321256.836971,2026-07-06T14:00:56.836971,5.09436,0.85720,4.36690,8.74000,19.86487,5.05630,0.89724,4.53674,9.12000,19.25760,5.02244,1.23124,6.18382,12.18000,19.03048,5.07835,0.98953,5.02519,10.02000,18.00170,20.11265,76.15464
46-1,1783321256.937089,2026-07-06T14:00:56.937089,5.07168,1.27299,6.45619,12.98000,20.51125,5.05160,1.26615,6.39609,12.87000,19.89797,5.02644,1.23124,6.18875,12.18000,19.65009,5.06929,1.16825,5.92219,11.83000,18.59462,24.96322,78.65393
46-1,1783321257.037207,2026-07-06T14:00:57.037207,5.09601,1.26688,6.45606,12.92000,21.15762,5.05254,1.24540,6.29243,12.66000,20.52795,5.02592,1.24052,6.23473,12.27000,20.27430,5.07329,1.16825,5.92687,11.83000,19.18800,24.91009,81.14788
46-1,1783321257.137325,2026-07-06T14:00:57.137325,5.08801,1.26688,6.44592,12.92000,21.80297,5.05138,1.27103,6.42048,12.92000,21.17076,5.03260,1.12210,5.64710,11.10000,20.83967,5.07375,1.08036,5.48145,10.94000,19.73679,23.99495,83.55020
46-1,1783321257.237444,2026-07-06T14:00:57.237444,5.08235,1.29740,6.59385,13.23000,22.46314,5.05538,1.27103,6.42556,12.92000,21.81408,5.02911,1.18387,5.95384,11.71000,21.43577,5.06914,1.17118,5.93687,11.86000,20.33119,24.91012,86.04417
46-1,1783321257.337564,2026-07-06T14:00:57.337564,5.08566,1.23661,6.28898,12.61000,23.09280,5.06133,1.22782,6.21441,12.48000,22.43627,5.02511,1.18387,5.94910,11.71000,22.03139,5.07319,1.17020,5.93666,11.85000,20.92557,24.38915,88.48603
46-1,1783321257.437683,2026-07-06T14:00:57.437683,5.08619,1.30033,6.61373,13.26000,23.75496,5.05973,1.26322,6.39156,12.84000,23.07618,5.02135,1.25053,6.27933,12.37000,22.66007,5.06919,1.17020,5.93198,11.85000,21.51947,25.21660,91.01068
46-1,1783321257.537802,2026-07-06T14:00:57.537802,5.09190,1.26884,6.46080,13.26000,24.40180,5.05969,1.26420,6.39645,12.85000,23.71658,5.02238,1.23222,6.18866,12.19000,23.27967,5.07304,1.17313,5.95135,11.88000,22.11531,24.99726,93.51337
46-1,1783321257.637921,2026-07-06T14:00:57.637921,5.08790,1.26884,6.45572,12.94000,25.04814,5.05569,1.26420,6.39139,12.85000,24.35648,5.02524,1.25248,6.29401,12.39000,23.90982,5.07379,1.15848,5.87789,11.73000,22.70380,25.01901,96.01825
46-1,1783321257.738039,2026-07-06T14:00:57.738039,5.08683,1.28861,6.55495,13.14000,25.70442,5.05672,1.24149,6.27788,12.62000,24.98502,5.02524,1.25248,6.29401,12.39000,24.53997,5.07314,1.17118,5.94156,11.86000,23.29866,25.06840,98.52807
46-1,1783321257.838160,2026-07-06T14:00:57.838160,5.08731,1.27982,6.51086,13.05000,26.35628,5.05538,1.27103,6.42556,12.92000,25.62834,5.02546,1.24857,6.27466,12.35000,25.16819,5.06904,1.17313,5.94666,11.88000,23.89404,25.15774,101.04686
46-1,1783321257.938276,2026-07-06T14:00:57.938276,5.08741,1.27787,6.50106,13.03000,27.00714,5.04724,1.27396,6.43001,12.95000,26.27209,5.02660,1.22831,6.17422,12.15000,25.78633,5.07304,1.17313,5.95135,11.88000,24.48987,25.05664,103.55543
46-1,1783321258.038393,2026-07-06T14:00:58.038393,5.09541,1.27787,6.51128,13.03000,27.65904,5.05524,1.27396,6.44020,12.95000,26.91687,5.02158,1.24638,6.25878,12.33000,26.41294,5.07299,1.17411,5.95624,11.89000,25.08619,25.16650,106.07504
46-1,1783321258.138512,2026-07-06T14:00:58.138512,5.08741,1.27787,6.50106,13.03000,28.30992,5.04418,1.25321,6.32143,12.74000,27.54977,5.02558,1.24638,6.26377,12.33000,27.04007,5.07344,1.16532,5.91217,11.80000,25.67811,24.99843,108.57786
46-1,1783321258.238630,2026-07-06T14:00:58.238630,5.08635,1.29740,6.59904,13.23000,28.97060,5.04320,1.27494,6.42978,12.96000,28.19350,5.02924,1.25248,6.29902,12.39000,27.67071,5.06894,1.17508,5.95644,11.90000,26.27446,25.28428,111.10927
46-1,1783321258.338749,2026-07-06T14:00:58.338749,5.09845,1.29545,6.60479,13.21000,29.63187,5.04724,1.27396,6.43001,12.95000,28.83727,5.03020,1.23539,6.21426,12.22000,28.29287,5.07294,1.17508,5.96114,11.90000,26.87128,25.21020,113.63329
46-1,1783321258.438868,2026-07-06T14:00:58.438868,5.09045,1.29545,6.59443,13.21000,30.29209,5.05924,1.27396,6.44530,12.95000,29.48256,5.02924,1.25248,6.29902,12.39000,28.92352,5.07294,1.17508,5.96114,11.90000,27.46810,25.29989,116.16628
46-1,1783321258.538985,2026-07-06T14:00:58.538985,5.08251,1.29447,6.57917,13.20000,30.95078,5.05164,1.26518,6.39121,12.86000,30.12243,5.02124,1.25248,6.28900,12.39000,29.55316,5.07288,1.17631,5.96726,11.91000,28.06553,25.22664,118.69190
46-1,1783321258.639104,2026-07-06T14:00:58.639104,5.08417,1.26395,6.42616,12.89000,31.59416,5.05124,1.27396,6.43511,12.95000,30.76671,5.03324,1.25248,6.30403,12.39000,30.18431,5.07344,1.16532,5.91217,11.80000,28.65745,25.07747,121.20262
46-1,1783321258.739222,2026-07-06T14:00:58.739222,5.09104,1.28471,6.54049,13.10000,32.24898,5.05485,1.28275,6.48413,13.04000,31.41589,5.03279,1.26054,6.34401,12.47000,30.81946,5.08144,1.16532,5.92150,11.80000,29.25030,25.29013,123.73463
46-1,1783321258.839342,2026-07-06T14:00:58.839342,5.08304,1.28471,6.53022,13.10000,32.90279,5.05085,1.28275,6.47899,13.04000,32.06456,5.02958,1.24638,6.26875,12.33000,31.44709,5.07278,1.17826,5.97705,11.93000,29.84872,25.25501,126.26316
46-1,1783321258.939460,2026-07-06T14:00:58.939460,5.08677,1.28959,6.55985,13.15000,33.55954,5.05155,1.26713,6.40097,12.88000,32.70541,5.02958,1.24638,6.26875,12.33000,32.07470,5.07269,1.18021,5.98684,11.95000,30.44811,25.21641,128.78777
46-1,1783321259.039580,2026-07-06T14:00:59.039580,5.08315,1.28275,6.52043,13.08000,34.21237,5.05102,1.27885,6.45949,13.00000,33.35214,5.02495,1.25761,6.31941,12.44000,32.70740,5.06869,1.18021,5.98212,11.95000,31.04704,25.28145,131.31895
46-1,1783321259.139699,2026-07-06T14:00:59.139699,5.08759,1.20121,6.11126,12.25000,34.82422,5.04427,1.16288,5.86587,11.82000,33.93942,5.01426,1.16361,5.83464,11.51000,33.29156,5.08184,1.15751,5.88226,11.72000,31.63596,23.69403,133.69117
46-1,1783321259.239817,2026-07-06T14:00:59.239817,5.08299,1.28568,6.53511,13.11000,35.47851,5.04827,1.16288,5.87052,11.82000,34.52717,5.01260,1.19291,5.97957,11.80000,33.89023,5.07384,1.15751,5.87300,11.72000,32.22396,24.25820,136.11986
46-1,1783321259.339936,2026-07-06T14:00:59.339936,5.07899,1.28568,6.52997,13.11000,36.13228,5.05121,1.18632,5.99233,12.06000,35.12712,5.02524,1.25248,6.29401,12.39000,34.52038,5.06570,1.08133,5.47770,10.95000,32.77238,24.29401,138.55216
46-1,1783321259.440055,2026-07-06T14:00:59.440055,5.08619,1.30033,6.61373,13.26000,36.79444,5.04791,1.25932,6.35691,12.80000,35.76356,5.02924,1.25248,6.29902,12.39000,35.15103,5.06069,1.18021,5.97268,11.95000,33.37036,25.24234,141.07939
46-1,1783321259.540172,2026-07-06T14:00:59.540172,5.08709,1.28373,6.53046,13.09000,37.44825,5.05502,1.27885,6.46461,13.00000,36.41078,5.02118,1.25346,6.29384,12.40000,35.78115,5.07694,1.17508,5.96584,11.90000,33.96764,25.25475,143.60783
46-1,1783321259.640291,2026-07-06T14:00:59.640291,5.09099,1.28568,6.54540,13.11000,38.10357,5.05502,1.27885,6.46461,13.00000,37.05801,5.02095,1.25761,6.31438,12.44000,36.41334,5.06494,1.17508,5.95174,11.90000,34.56352,25.27613,146.13844
47-1,1783321259.740420,2026-07-06T14:00:59.740420,5.08699,1.28568,6.54026,13.11000,0.65487,5.05102,1.27885,6.45949,13.00000,0.64678,5.03164,1.28080,6.44453,12.67000,0.64529,5.06494,1.17508,5.95174,11.90000,0.59594,25.39602,2.54289
47-1,1783321259.840539,2026-07-06T14:00:59.840539,5.08608,1.30229,6.62353,13.28000,1.31801,5.04870,1.33012,6.71537,13.52000,1.31912,5.02764,1.28080,6.43941,12.67000,1.28999,5.06174,1.23832,6.26805,12.54000,1.22349,26.04636,5.15061
47-1,1783321259.940655,2026-07-06T14:00:59.940655,5.08340,1.35136,6.86951,13.78000,2.00576,5.05085,1.28275,6.47899,13.04000,1.96777,5.03873,1.29691,6.53481,12.83000,1.94423,5.07754,1.16337,5.90703,11.78000,1.81488,25.79034,7.73263
47-1,1783321260.040772,2026-07-06T14:01:00.040772,5.09896,1.13944,5.80996,11.62000,2.58744,5.04685,1.28275,6.47386,13.04000,2.61591,5.06589,0.81570,4.13224,8.07000,2.35794,5.07354,1.16337,5.90238,11.78000,2.40581,22.31844,9.96710
47-1,1783321260.140890,2026-07-06T14:01:00.140890,5.08696,1.13944,5.79629,11.62000,3.16775,5.06060,1.06742,5.40176,10.85000,3.15672,5.01015,1.23637,6.19438,12.23000,2.97810,5.08174,1.00150,5.08934,10.14000,2.91534,22.48177,12.21792
47-1,1783321260.241005,2026-07-06T14:01:00.241005,5.08497,1.24931,6.35268,12.74000,3.80375,5.05285,1.23856,6.25827,12.59000,3.78328,5.03015,1.23637,6.21911,12.23000,3.60074,5.07419,1.15043,5.83748,11.65000,3.49977,24.66754,14.68753
48-1,1783321260.341133,2026-07-06T14:01:00.341133,5.08381,1.19730,6.08685,12.21000,0.60946,5.05272,1.24149,6.27291,12.62000,0.62809,5.02506,1.18485,5.95394,11.72000,0.59615,5.07429,1.14847,5.82769,11.63000,0.58351,24.14139,2.41722
48-1,1783321260.441251,2026-07-06T14:01:00.441251,5.07803,1.30326,6.61800,13.29000,1.27204,5.05672,1.24149,6.27788,12.62000,1.25662,5.01855,1.30009,6.52456,12.86000,1.24938,5.06604,1.23246,6.24368,12.48000,1.20862,25.66412,4.98666
48-1,1783321260.541370,2026-07-06T14:01:00.541370,5.08555,1.31205,6.67250,13.38000,1.94008,5.06098,1.32402,6.70081,13.46000,1.92750,5.03569,1.13822,5.73171,11.26000,1.82323,5.08204,1.23246,6.26340,12.48000,1.83570,25.36842,7.52651
48-1,1783321260.641487,2026-07-06T14:01:00.641487,5.07755,1.31205,6.66201,13.38000,2.60707,5.08195,0.86087,4.37488,8.75000,2.36550,5.03169,1.13822,5.72716,11.26000,2.39662,5.07482,0.82253,4.17421,8.33000,2.25361,20.93826,9.62280
48-1,1783321260.741605,2026-07-06T14:01:00.741605,5.09057,1.22001,6.21053,12.44000,3.22885,5.03716,1.23173,6.20440,12.52000,2.98667,5.03123,1.14628,5.76718,11.34000,2.97402,5.05794,1.15555,5.84471,11.70000,2.83877,24.02682,12.02832
48-1,1783321260.841724,2026-07-06T14:01:00.841724,5.08773,1.27201,6.47165,12.97000,3.87679,5.05316,1.23173,6.22411,12.52000,3.60982,5.02751,1.21220,6.09433,11.99000,3.58417,5.07410,1.15238,5.84728,11.67000,3.42419,24.63737,14.49498
48-1,1783321260.941843,2026-07-06T14:01:00.941843,5.08817,1.26395,6.43122,12.89000,4.52068,5.05272,1.24149,6.27291,12.62000,4.23786,5.02626,1.23441,6.20448,12.21000,4.20536,5.07010,1.15238,5.84267,11.67000,4.00916,24.75128,16.97306
49-1,1783321261.041977,2026-07-06T14:01:01.041977,5.08817,1.26395,6.43122,12.89000,0.64398,5.05223,1.25224,6.32658,12.73000,0.63351,5.02626,1.23441,6.20448,12.21000,0.62128,5.07764,1.16141,5.89723,11.76000,0.59051,24.85951,2.48928
49-1,1783321261.142096,2026-07-06T14:01:01.142096,5.09078,1.21610,6.19091,12.40000,1.26381,5.04893,1.32499,6.68980,13.47000,1.30328,5.02804,1.20292,6.04831,11.90000,1.22683,5.07604,1.19291,6.05525,12.08000,1.19675,24.98427,4.99066
49-1,1783321261.242213,2026-07-06T14:01:01.242213,5.08651,1.29447,6.58435,13.20000,1.92301,5.05293,1.32499,6.69510,13.47000,1.97357,5.02284,1.29496,6.50439,12.81000,1.87803,5.06984,1.23637,6.26818,12.52000,1.82431,26.05202,7.59892
49-1,1783321261.342331,2026-07-06T14:01:01.342331,5.08428,1.26200,6.41637,12.87000,2.56541,5.06391,1.34770,6.82461,13.70000,2.65684,5.03921,0.93411,4.70718,9.24000,2.34930,5.08184,1.23637,6.28301,12.52000,2.45335,24.23117,10.02489
49-1,1783321261.442449,2026-07-06T14:01:01.442449,5.09228,1.26200,6.42646,12.87000,3.20881,5.08417,0.90017,4.57664,9.15000,3.11504,5.03921,0.93411,4.70718,9.24000,2.82057,5.07136,0.81179,4.11689,8.22000,2.86552,19.82717,12.00995
49-1,1783321261.542567,2026-07-06T14:01:01.542567,5.09222,1.26298,6.43137,12.88000,3.85271,5.04664,1.11063,5.60495,11.29000,3.67620,5.02919,1.32426,6.65995,13.10000,3.48736,5.05765,1.08231,5.47393,10.96000,3.41357,24.17020,14.42984
49-1,1783321261.642685,2026-07-06T14:01:01.642685,5.09244,1.25907,6.41174,12.84000,4.49464,5.05864,1.11063,5.61828,11.29000,4.23869,5.03431,1.23344,6.20951,12.20000,4.10904,5.06205,1.15336,5.83834,11.68000,3.99809,24.07787,16.84047
49-1,1783321261.742804,2026-07-06T14:01:01.742804,5.08704,1.28471,6.53536,13.10000,5.14895,5.05214,1.25419,6.33634,12.75000,4.87308,5.03020,1.23539,6.21426,12.22000,4.73120,5.07005,1.15336,5.84757,11.68000,4.58354,24.93353,19.33677
50-1,1783321261.842931,2026-07-06T14:01:01.842931,5.08181,1.30717,6.64279,13.33000,0.66512,5.05342,1.22587,6.19483,12.46000,0.62027,5.02620,1.23539,6.20932,12.22000,0.62172,5.07369,1.16044,5.88769,11.75000,0.58952,24.93463,2.49663
50-1,1783321261.943049,2026-07-06T14:01:01.943049,5.08581,1.30717,6.64802,13.33000,1.33071,5.04266,1.37529,6.93510,13.98000,1.31460,5.02650,1.30107,6.53980,12.87000,1.27647,5.08194,1.23441,6.27321,12.50000,1.21758,26.39613,5.13937
50-1,1783321262.043170,2026-07-06T14:01:02.043170,5.08455,1.18363,6.01823,12.07000,1.93326,5.05466,1.37529,6.95160,13.98000,2.01060,5.05342,0.82400,4.16402,8.15000,1.69338,5.09871,0.90359,4.60715,9.15000,1.67885,21.74100,7.31609
50-1,1783321262.143287,2026-07-06T14:01:02.143287,5.08065,1.25517,6.37706,12.80000,2.57172,5.06023,1.16385,5.88937,11.83000,2.60023,5.00809,1.20194,6.01943,11.89000,2.29603,5.07798,1.15458,5.86292,11.69000,2.26583,24.14878,9.73380
50-1,1783321262.243405,2026-07-06T14:01:02.243405,5.08044,1.25907,6.39663,12.84000,3.21213,5.05285,1.23856,6.25827,12.59000,3.22679,5.02409,1.20194,6.03866,11.89000,2.90061,5.07398,1.15458,5.85830,11.69000,2.85235,24.55186,12.19189
50-1,1783321262.343523,2026-07-06T14:01:02.343523,5.08844,1.25907,6.40671,12.84000,3.85356,5.05320,1.23075,6.21923,12.51000,3.84945,5.03015,1.23637,6.21911,12.23000,3.52325,5.07834,1.14750,5.82738,11.62000,3.43578,24.67243,14.66203
50-1,1783321262.443641,2026-07-06T14:01:02.443641,5.08966,0.94339,4.80152,9.62000,4.33428,5.06839,0.89529,4.53769,9.10000,4.30375,5.04326,0.86233,4.34896,8.53000,3.95866,5.09461,0.82669,4.21164,8.37000,3.85744,17.89981,16.45413
50-1,1783321262.543759,2026-07-06T14:01:02.543759,5.09448,0.85501,4.35581,8.72000,4.77037,5.06039,0.89529,4.53052,9.10000,4.75734,5.04332,0.86135,4.34408,8.52000,4.39358,5.07820,0.91360,4.63945,9.25000,4.32193,17.86986,18.24323
50-1,1783321262.643878,2026-07-06T14:01:02.643878,5.07249,1.25810,6.38168,12.83000,5.40930,5.05383,1.21683,6.14967,12.37000,5.37304,5.01031,1.23344,6.17990,12.20000,5.01230,5.08620,0.91360,4.64676,9.25000,4.78716,23.35801,20.58179
50-1,1783321262.743996,2026-07-06T14:01:02.743996,5.08449,1.25810,6.39677,12.83000,6.04973,5.05214,1.25419,6.33634,12.75000,6.00742,5.02231,1.23344,6.19470,12.20000,5.63250,5.07415,1.15140,5.84238,11.66000,5.37208,24.77019,23.06173
50-1,1783321262.844114,2026-07-06T14:01:02.844114,5.08817,1.26395,6.43122,12.89000,6.69361,5.05623,1.25224,6.33159,12.73000,6.64132,5.02358,1.21097,6.08343,11.98000,6.24156,5.07389,1.15653,5.86810,11.71000,5.95959,24.71434,25.53608
50-1,1783321262.944232,2026-07-06T14:01:02.944232,5.08806,1.26591,6.44102,12.91000,7.33848,5.04823,1.25224,6.32157,12.73000,7.27423,5.02209,1.23734,6.21405,12.24000,6.86371,5.07374,1.15946,5.88279,11.74000,6.54857,24.85943,28.02498
50-1,1783321263.044350,2026-07-06T14:01:03.044350,5.08950,1.23954,6.30864,12.64000,7.97008,5.05302,1.23466,6.23875,12.55000,7.89884,5.03015,1.23637,6.21911,12.23000,7.48635,5.06974,1.15946,5.87815,11.74000,7.13707,24.64465,30.49234
50-1,1783321263.144468,2026-07-06T14:01:03.144468,5.08727,1.20707,6.14069,12.64000,8.58488,5.05214,1.25419,6.33634,12.75000,8.53322,5.02615,1.23637,6.21416,12.23000,8.10850,5.07079,1.13871,5.77414,11.53000,7.71517,24.46533,32.94176
50-1,1783321263.244586,2026-07-06T14:01:03.244586,5.08727,1.20707,6.14069,12.31000,9.19967,5.05338,1.22684,6.19971,12.47000,9.15392,5.03340,1.17875,5.93311,11.66000,8.70251,5.07614,1.11209,5.64514,11.26000,8.28035,23.91865,35.33644
50-1,1783321263.344703,2026-07-06T14:01:03.344703,5.08699,1.28568,6.54026,13.11000,9.85446,5.04938,1.22684,6.19480,12.47000,9.77413,5.02998,1.23930,6.23364,12.26000,9.32660,5.07354,1.16337,5.90238,11.78000,8.87127,24.87108,37.82646
50-1,1783321263.444820,2026-07-06T14:01:03.444820,5.08844,1.25907,6.40671,12.84000,10.49588,5.05560,1.26615,6.40116,12.87000,10.41499,5.02666,1.22733,6.16938,12.14000,9.94426,5.07398,1.15458,5.85830,11.69000,9.45779,24.83555,40.31292
51-1,1783321263.544948,2026-07-06T14:01:03.544948,5.09372,1.16214,5.91965,11.85000,0.59273,5.05582,1.26127,6.37675,12.82000,0.63850,5.02666,1.22733,6.16938,12.14000,0.61773,5.07398,1.15458,5.85830,11.69000,0.58658,24.32408,2.43554
51-1,1783321263.645066,2026-07-06T14:01:03.645066,5.07772,1.16214,5.90105,11.85000,1.18353,5.04875,1.32914,6.71050,13.51000,1.31034,5.03465,1.08573,5.46625,10.74000,1.16500,5.07635,1.02908,5.22399,10.42000,1.10960,23.30179,4.76846
51-1,1783321263.745184,2026-07-06T14:01:03.745184,5.08944,1.31400,6.68755,13.40000,1.85307,5.04875,1.32914,6.71050,13.51000,1.98218,5.02261,1.29911,6.52493,12.85000,1.81827,5.06594,1.23441,6.25346,12.50000,1.73568,26.17644,7.38920
51-1,1783321263.845301,2026-07-06T14:01:03.845301,5.08644,1.36894,6.96303,13.96000,2.55019,5.06101,1.41166,7.14445,14.35000,2.69746,5.03784,0.95828,4.82767,9.48000,2.30160,5.07925,0.89285,4.53501,9.04000,2.18971,23.47016,9.73896
51-1,1783321263.945420,2026-07-06T14:01:03.945420,5.09496,1.13944,5.80540,11.62000,3.13142,5.08346,0.91580,4.65543,9.31000,3.16356,5.03784,0.95828,4.82767,9.48000,2.78494,5.07925,0.89285,4.53501,9.04000,2.64376,19.82351,11.72367
51-1,1783321264.045538,2026-07-06T14:01:04.045538,5.09496,1.13944,5.80540,11.62000,3.71264,5.05414,1.21000,6.11550,12.30000,3.77583,5.01959,1.28178,6.43399,12.68000,3.42910,5.07043,1.22465,6.20949,12.40000,3.26544,24.56438,14.18300
51-1,1783321264.145656,2026-07-06T14:01:04.145656,5.08801,1.26688,6.44592,12.92000,4.35800,5.05414,1.21000,6.11550,12.30000,4.38810,5.02231,1.23344,6.19470,12.20000,4.04930,5.07410,1.15238,5.84728,11.67000,3.85085,24.60340,16.64624
51-1,1783321264.245774,2026-07-06T14:01:04.245774,5.08796,1.26786,6.45082,12.93000,5.00384,5.05232,1.25028,6.31682,12.71000,5.02053,5.02609,1.23734,6.21900,12.24000,4.67193,5.07474,1.13968,5.78360,11.54000,4.42990,24.77024,19.12619
51-1,1783321264.345892,2026-07-06T14:01:04.345892,5.09293,1.17679,5.99332,12.00000,5.60388,5.05677,1.15189,5.82485,11.71000,5.60370,5.03009,1.23734,6.22395,12.24000,5.29506,5.07474,1.13968,5.78360,11.54000,5.00894,23.82572,21.51158
51-1,1783321264.446010,2026-07-06T14:01:04.446010,5.09293,1.17679,5.99332,12.00000,6.20392,5.04925,1.22977,6.20943,12.50000,6.22537,5.02655,1.22929,6.17906,12.16000,5.91369,5.07405,1.15336,5.85218,11.68000,5.59484,24.23399,23.93782
51-1,1783321264.546127,2026-07-06T14:01:04.546127,5.08417,1.26395,6.42616,12.89000,6.84729,5.05325,1.22977,6.21435,12.50000,6.84754,5.02671,1.22636,6.16454,12.13000,6.53087,5.07774,1.15946,5.88743,11.74000,6.18428,24.69248,26.40998
51-1,1783321264.646245,2026-07-06T14:01:04.646245,5.09070,1.14432,5.82540,11.67000,7.43051,5.05614,1.16581,5.89449,11.85000,7.43768,5.02604,1.23832,6.22384,12.25000,7.15399,5.07864,1.14164,5.79796,11.56000,6.76476,23.74169,28.78693
51-1,1783321264.746363,2026-07-06T14:01:04.746363,5.08373,1.27201,6.46657,12.97000,8.07793,5.05201,1.25712,6.35097,12.78000,8.07353,5.03004,1.23832,6.22879,12.25000,7.77760,5.07369,1.16044,5.88769,11.75000,7.35422,24.93402,31.28329
51-1,1783321264.846481,2026-07-06T14:01:04.846481,5.08731,1.27982,6.51086,13.05000,8.72979,5.05289,1.23759,6.25339,12.58000,8.69960,5.03026,1.23441,6.20942,12.21000,8.39927,5.07369,1.16044,5.88769,11.75000,7.94368,24.86136,33.77234
51-1,1783321264.946599,2026-07-06T14:01:04.946599,5.08731,1.27982,6.51086,13.05000,9.38164,5.05689,1.23759,6.25834,12.58000,9.32617,5.03055,1.22929,6.18398,12.16000,9.01840,5.07415,1.15140,5.84238,11.66000,8.52861,24.79556,36.25483
51-1,1783321265.046715,2026-07-06T14:01:05.046715,5.07952,1.27592,6.48105,13.01000,10.03050,5.05169,1.26420,6.38634,12.85000,9.96555,5.02951,1.17679,5.91870,11.64000,9.61096,5.07655,1.10404,5.60470,11.18000,9.08974,24.39079,38.69676
51-1,1783321265.146833,2026-07-06T14:01:05.146833,5.07968,1.27299,6.46637,12.98000,10.67790,5.05249,1.24638,6.29731,12.67000,10.59602,5.02951,1.17679,5.91870,11.64000,10.20353,5.07354,1.16337,5.90238,11.78000,9.68067,24.58476,41.15811
51-1,1783321265.246949,2026-07-06T14:01:05.246949,5.09644,1.25907,6.41678,12.84000,11.32032,5.05582,1.26127,6.37675,12.82000,11.23444,5.02209,1.23734,6.21405,12.24000,10.82566,5.07354,1.16337,5.90238,11.78000,10.27159,24.90996,43.65201
51-1,1783321265.347068,2026-07-06T14:01:05.347068,5.08444,1.25907,6.40167,12.84000,11.96125,5.04782,1.26127,6.36666,12.82000,11.87186,5.02340,1.21415,6.09916,12.01000,11.43629,5.07454,1.14359,5.80319,11.58000,10.85260,24.67068,46.12200
51-1,1783321265.447184,2026-07-06T14:01:05.447184,5.08688,1.28764,6.55005,13.13000,12.61702,5.05311,1.23270,6.22899,12.53000,12.49549,5.02975,1.24345,6.25422,12.30000,12.06244,5.07339,1.16630,5.91707,11.81000,11.44499,24.95033,48.61994
52-1,1783321265.547322,2026-07-06T14:01:05.547322,5.08897,1.24931,6.35768,12.74000,0.63664,5.05419,1.20902,6.11062,12.29000,0.61190,5.02975,1.24345,6.25422,12.30000,0.62628,5.07834,1.14750,5.82738,11.62000,0.58354,24.54990,2.45837
52-1,1783321265.647441,2026-07-06T14:01:05.647441,5.07556,1.34843,6.84404,13.75000,1.32186,5.04845,1.24735,6.29720,12.68000,1.24237,5.02964,1.24540,6.26391,12.32000,1.25342,5.07434,1.14750,5.82279,11.62000,1.16651,25.22794,4.98417
52-1,1783321265.747559,2026-07-06T14:01:05.747559,5.07956,1.34843,6.84943,13.75000,2.00762,5.04045,1.24735,6.28722,12.68000,1.87184,5.04030,0.91482,4.61098,9.05000,1.71506,5.07040,0.98856,5.01237,10.01000,1.66834,22.76000,7.26286
52-1,1783321265.847679,2026-07-06T14:01:05.847679,5.08844,1.25907,6.40671,12.84000,2.64906,5.05223,1.25224,6.32658,12.73000,2.50526,5.02346,1.21317,6.09432,12.00000,2.32523,5.06189,1.15653,5.85422,11.71000,2.25447,24.68183,9.73401
52-1,1783321265.947797,2026-07-06T14:01:05.947797,5.08438,1.26005,6.40657,12.85000,3.29047,5.05232,1.25028,6.31682,12.71000,3.13768,5.03665,1.12113,5.64673,11.09000,2.89057,5.07640,1.10697,5.61941,11.21000,2.81707,23.98953,12.13579
52-1,1783321266.047915,2026-07-06T14:01:06.047915,5.08373,1.27201,6.46657,12.97000,3.93789,5.05654,1.24540,6.29741,12.66000,3.76817,5.03265,1.12113,5.64225,11.09000,3.45546,5.06659,1.14261,5.78915,11.57000,3.39667,24.19538,14.55818
53-1,1783321266.148053,2026-07-06T14:01:06.148053,5.09149,1.20316,6.12588,12.27000,0.61344,5.06054,1.24540,6.30239,12.66000,0.63111,5.02615,1.23637,6.21416,12.23000,0.62228,5.07859,1.14261,5.80286,11.57000,0.58109,24.44529,2.44791
53-1,1783321266.248172,2026-07-06T14:01:06.248172,5.09149,1.20316,6.12588,12.27000,1.22675,5.05649,1.24638,6.30229,12.67000,1.26209,5.02233,1.30399,6.54910,12.90000,1.27796,5.06984,1.23637,6.26818,12.52000,1.20865,25.24545,4.97545
53-1,1783321266.348291,2026-07-06T14:01:06.348291,5.09035,1.29740,6.60423,13.23000,1.88796,5.05026,1.38408,6.98994,14.07000,1.96191,5.03801,1.02615,5.16978,10.15000,1.79556,5.07099,1.21366,6.15446,12.29000,1.82483,24.91841,7.47026
53-1,1783321266.448411,2026-07-06T14:01:06.448411,5.09783,1.16019,5.91446,11.83000,2.48011,5.06708,1.10086,5.57817,11.19000,2.52040,5.02601,1.02615,5.15747,10.15000,2.31192,5.07834,1.06864,5.42690,10.82000,2.36817,22.07700,9.68061
53-1,1783321266.548530,2026-07-06T14:01:06.548530,5.08060,1.25614,6.38195,12.81000,3.11907,5.05908,1.10086,5.56936,11.19000,3.07800,5.02324,1.21708,6.11367,12.04000,2.92402,5.07434,1.06864,5.42262,10.82000,2.91108,23.48760,12.03216
53-1,1783321266.648650,2026-07-06T14:01:06.648650,5.09260,1.25614,6.39702,12.81000,3.75954,5.05614,1.25419,6.34135,12.75000,3.71289,5.02655,1.15848,5.82317,11.46000,3.50703,5.07084,1.13773,5.76925,11.52000,3.48869,24.33079,14.46815
53-1,1783321266.748768,2026-07-06T14:01:06.748768,5.08849,1.25810,6.40181,12.83000,4.40048,5.05627,1.25126,6.32671,12.72000,4.34631,5.02380,1.20707,6.06407,11.94000,4.11416,5.07079,1.13871,5.77414,11.53000,4.06679,24.56673,16.92773
53-1,1783321266.848886,2026-07-06T14:01:06.848886,5.08715,1.28275,6.52556,13.08000,5.05380,5.05214,1.25419,6.33634,12.75000,4.98070,5.02380,1.20707,6.06407,11.94000,4.72128,5.06979,1.15848,5.87326,11.73000,4.65481,24.79923,19.41059
53-1,1783321266.949005,2026-07-06T14:01:06.949005,5.08779,1.27103,6.46675,12.96000,5.70125,5.05614,1.25419,6.34135,12.75000,5.61558,5.02964,1.24540,6.26391,12.32000,5.34841,5.07379,1.15848,5.87789,11.73000,5.24330,24.94990,21.90854
53-1,1783321267.049123,2026-07-06T14:01:07.049123,5.08779,1.27103,6.46675,12.96000,6.34868,5.04845,1.24735,6.29720,12.68000,6.24604,5.03009,1.23734,6.22395,12.24000,5.97154,5.07415,1.15140,5.84238,11.66000,5.82822,24.83028,24.39449
53-1,1783321267.149240,2026-07-06T14:01:07.149240,5.08828,1.26200,6.42141,12.87000,6.99158,5.04889,1.23759,6.24844,12.58000,6.87162,5.02375,1.20804,6.06891,11.95000,6.57915,5.07364,1.16141,5.89259,11.76000,6.41817,24.63135,26.86052
53-1,1783321267.249358,2026-07-06T14:01:07.249358,5.08796,1.26786,6.45082,12.93000,7.63742,5.05191,1.25932,6.36195,12.80000,7.50857,5.02775,1.20804,6.07374,11.95000,7.18723,5.07359,1.16239,5.89748,11.77000,7.00862,24.78399,29.34184
53-1,1783321267.349476,2026-07-06T14:01:07.349476,5.08497,1.24931,6.35268,12.74000,8.27344,5.05991,1.25932,6.37202,12.80000,8.14652,5.02981,1.24247,6.24938,12.29000,7.81291,5.07374,1.15946,5.88279,11.74000,7.59759,24.85687,31.83047
53-1,1783321267.449595,2026-07-06T14:01:07.449595,5.08417,1.26395,6.42616,12.89000,8.91682,5.05210,1.25517,6.34122,12.76000,8.78140,5.03009,1.23734,6.22395,12.24000,8.43604,5.07374,1.15946,5.88279,11.74000,8.18657,24.87412,34.32082
53-1,1783321267.549713,2026-07-06T14:01:07.549713,5.08417,1.26395,6.42616,12.89000,9.56019,5.05267,1.24247,6.27779,12.63000,9.40992,5.02666,1.22733,6.16938,12.14000,9.05371,5.07354,1.16337,5.90238,11.78000,8.77750,24.77571,36.80133
53-1,1783321267.649832,2026-07-06T14:01:07.649832,5.09302,1.24833,6.35777,12.73000,10.19672,5.05601,1.25712,6.35600,12.78000,10.04627,5.02666,1.22733,6.16938,12.14000,9.67138,5.07369,1.16044,5.88769,11.75000,9.36697,24.77084,39.28135
53-1,1783321267.749949,2026-07-06T14:01:07.749949,5.09115,1.28275,6.53069,13.08000,10.85056,5.05601,1.25712,6.35600,12.78000,10.68262,5.02181,1.24247,6.23944,12.29000,10.29606,5.07759,1.16239,5.90213,11.77000,9.95788,25.02826,41.78712
53-1,1783321267.850067,2026-07-06T14:01:07.850067,5.08390,1.26884,6.45065,12.94000,11.49639,5.05711,1.23270,6.23392,12.53000,11.30675,5.02335,1.21512,6.10400,12.02000,10.90718,5.07359,1.16239,5.89748,11.77000,10.54832,24.68605,44.25864
53-1,1783321267.950186,2026-07-06T14:01:07.950186,5.09190,1.26884,6.46080,12.94000,12.14323,5.05560,1.26615,6.40116,12.87000,11.94762,5.02581,1.24247,6.24441,12.29000,11.53236,5.07744,1.16532,5.91684,11.80000,11.14071,25.02321,46.76393
53-1,1783321268.050303,2026-07-06T14:01:08.050303,5.08812,1.26493,6.43612,12.90000,12.78760,5.05578,1.26225,6.38163,12.83000,12.58653,5.02581,1.24247,6.24441,12.29000,12.15754,5.07764,1.16141,5.89723,11.76000,11.73112,24.95939,49.26279
53-1,1783321268.150420,2026-07-06T14:01:08.150420,5.08688,1.28764,6.55005,13.13000,13.44337,5.05178,1.26225,6.37658,12.83000,13.22493,5.02335,1.21512,6.10400,12.02000,12.76865,5.07339,1.16630,5.91707,11.81000,12.32352,24.94770,51.76047
53-1,1783321268.250539,2026-07-06T14:01:08.250539,5.08796,1.26786,6.45082,12.93000,14.08922,5.05596,1.25810,6.36088,12.79000,13.86178,5.02181,1.24247,6.23944,12.29000,13.39333,5.07339,1.16630,5.91707,11.81000,12.91593,24.96821,54.26026
53-1,1783321268.350655,2026-07-06T14:01:08.350655,5.08796,1.26786,6.45082,12.93000,14.73505,5.05573,1.26322,6.38651,12.84000,14.50118,5.02689,1.22318,6.14881,12.10000,14.00893,5.07434,1.14750,5.82279,11.62000,13.49889,24.80893,56.74405
53-1,1783321268.450772,2026-07-06T14:01:08.450772,5.08779,1.27103,6.46675,12.96000,15.38248,5.05267,1.24247,6.27779,12.63000,15.12969,5.02689,1.22318,6.14881,12.10000,14.62453,5.07314,1.17118,5.94156,11.86000,14.09374,24.83491,59.23044
53-1,1783321268.550892,2026-07-06T14:01:08.550892,5.08763,1.27396,6.48145,12.99000,16.03141,5.05267,1.24247,6.27779,12.63000,15.75822,5.02564,1.24540,6.25893,12.32000,15.25118,5.07260,1.10306,5.59538,11.17000,14.65395,24.61355,61.69475
53-1,1783321268.651010,2026-07-06T14:01:08.651010,5.08999,1.15726,5.89045,11.80000,16.62114,5.05072,1.19730,6.04723,12.17000,16.36365,5.03060,1.15751,5.82295,11.45000,15.83415,5.07660,1.10306,5.59979,11.17000,15.21459,23.36042,64.03354
53-1,1783321268.751128,2026-07-06T14:01:08.751128,5.08293,1.28666,6.54001,11.80000,17.27592,5.04769,1.26420,6.38128,12.85000,17.00254,5.01844,1.23124,6.17890,12.18000,16.45278,5.07449,1.14457,5.80809,11.59000,15.79608,24.90828,66.52732
53-1,1783321268.851247,2026-07-06T14:01:08.851247,5.08293,1.28666,6.54001,13.12000,17.93070,5.05694,1.23661,6.25346,12.57000,17.62863,5.02644,1.23124,6.18875,12.18000,17.07239,5.06934,1.16727,5.91730,11.82000,16.38852,24.89952,69.02023
53-1,1783321268.951364,2026-07-06T14:01:08.951364,5.08720,1.28178,6.52066,13.07000,18.58352,5.05294,1.23661,6.24851,12.57000,18.25421,5.02564,1.24540,6.25893,12.32000,17.69901,5.06909,1.17215,5.94176,11.87000,16.98339,24.96986,71.52013
53-1,1783321269.051479,2026-07-06T14:01:09.051479,5.08796,1.26786,6.45082,12.93000,19.22935,5.05555,1.26713,6.40604,12.88000,18.89555,5.02711,1.21928,6.12944,12.06000,18.31266,5.07384,1.15751,5.87300,11.72000,17.57136,24.85930,74.00891
53-1,1783321269.151594,2026-07-06T14:01:09.151594,5.08379,1.27103,6.46167,12.96000,19.87626,5.05689,1.23759,6.25834,12.58000,19.52211,5.02552,1.24760,6.26982,12.34000,18.94037,5.07384,1.15751,5.87300,11.72000,18.15934,24.86283,76.49808
53-1,1783321269.251713,2026-07-06T14:01:09.251713,5.09179,1.27103,6.47184,12.96000,20.52421,5.05155,1.26713,6.40097,12.88000,20.16296,5.02586,1.24149,6.23957,12.28000,19.56506,5.06924,1.16923,5.92709,11.84000,18.75275,25.03947,79.00499
53-1,1783321269.351831,2026-07-06T14:01:09.351831,5.09531,1.27982,6.52110,13.05000,21.17709,5.05155,1.26713,6.40097,12.88000,20.80382,5.02986,1.24149,6.24454,12.28000,20.19026,5.06904,1.17313,5.94666,11.88000,19.34812,25.11327,81.51929
53-1,1783321269.451949,2026-07-06T14:01:09.451949,5.11825,0.85916,4.39738,8.76000,21.61735,5.05420,1.03201,5.21601,10.49000,21.32603,5.04326,0.86233,4.34896,8.53000,20.62566,5.09861,0.82669,4.21494,8.37000,19.77011,18.17729,83.33916
53-1,1783321269.552068,2026-07-06T14:01:09.552068,5.09030,0.93167,4.74247,9.50000,22.09216,5.06030,0.89724,4.54033,9.12000,21.78060,5.04320,0.86331,4.35384,8.54000,21.06156,5.08261,0.82669,4.20172,8.37000,20.19078,17.83836,85.12511
53-1,1783321269.652186,2026-07-06T14:01:09.652186,5.10230,0.93167,4.75365,9.50000,22.56809,5.03982,1.26127,6.35657,12.82000,22.41701,5.01381,1.24247,6.22950,12.29000,21.68525,5.07785,1.07840,5.47596,10.92000,20.73903,22.81568,87.40939
53-1,1783321269.752305,2026-07-06T14:01:09.752305,5.09131,1.27982,6.51598,13.05000,23.22046,5.05182,1.26127,6.37170,12.82000,23.05494,5.02181,1.24247,6.23944,12.29000,22.30994,5.07304,1.17313,5.95135,11.88000,21.33487,25.07847,89.92020
53-1,1783321269.852424,2026-07-06T14:01:09.852424,5.09147,1.27689,6.50126,13.02000,23.87136,5.05551,1.26811,6.41092,12.89000,23.69680,5.02518,1.25346,6.29885,12.40000,22.94057,5.06969,1.16044,5.88305,11.75000,21.92388,25.09408,92.43261
53-1,1783321269.952542,2026-07-06T14:01:09.952542,5.08661,1.29252,6.57455,13.18000,24.52959,5.05142,1.27006,6.41560,12.91000,24.33911,5.02689,1.22318,6.14881,12.10000,23.55618,5.07769,1.16044,5.89233,11.75000,22.51380,25.03129,94.93869
53-1,1783321270.052660,2026-07-06T14:01:10.052660,5.08261,1.29252,6.56938,13.18000,25.18730,5.05173,1.26322,6.38146,12.84000,24.97801,5.02524,1.25248,6.29401,12.39000,24.18632,5.07294,1.17508,5.96114,11.90000,23.11062,25.20599,97.46225
53-1,1783321270.152778,2026-07-06T14:01:10.152778,5.08704,1.28471,6.53536,13.10000,25.84161,5.05133,1.27201,6.42535,12.84000,25.62130,5.02124,1.25248,6.28900,12.39000,24.81596,5.07294,1.17508,5.96114,11.90000,23.70744,25.21085,99.98632
53-1,1783321270.252895,2026-07-06T14:01:10.252895,5.08812,1.26493,6.43612,12.90000,26.48598,5.05133,1.27201,6.42535,12.93000,26.26459,5.02495,1.25761,6.31941,12.44000,25.44864,5.07283,1.17728,5.97216,11.92000,24.30535,25.15304,102.50456
53-1,1783321270.353012,2026-07-06T14:01:10.353012,5.08747,1.27689,6.49616,13.02000,27.13635,5.04858,1.24442,6.28257,12.65000,26.89359,5.02626,1.23441,6.20448,12.21000,26.06982,5.07359,1.16239,5.89748,11.77000,24.89579,24.88069,104.99555
53-1,1783321270.453129,2026-07-06T14:01:10.453129,5.08747,1.27689,6.49616,13.02000,27.78673,5.04724,1.27396,6.43001,12.95000,27.53734,5.02124,1.25248,6.28900,12.39000,26.69946,5.07359,1.16239,5.89748,11.77000,25.48623,25.11265,107.50975
53-1,1783321270.553246,2026-07-06T14:01:10.553246,5.08747,1.27689,6.49616,13.02000,28.43711,5.04329,1.27299,6.42005,12.94000,28.18010,5.02524,1.25248,6.29401,12.39000,27.32960,5.06894,1.17508,5.95644,11.90000,26.08257,25.16666,110.02937
53-1,1783321270.653367,2026-07-06T14:01:10.653367,5.09029,1.29838,6.60913,13.24000,29.09882,5.05129,1.27299,6.43023,12.94000,28.82389,5.02530,1.25150,6.28917,12.38000,27.95927,5.06899,1.17411,5.95155,11.89000,26.67844,25.28008,112.56042
53-1,1783321270.753485,2026-07-06T14:01:10.753485,5.09093,1.28666,6.55030,13.12000,29.75462,5.05645,1.24735,6.30718,12.68000,29.45535,5.02644,1.23124,6.18875,12.18000,28.57887,5.07678,1.17826,5.98176,11.93000,27.27732,25.02799,115.06617
53-1,1783321270.853603,2026-07-06T14:01:10.853603,5.11912,0.84329,4.31689,8.60000,30.18682,5.06789,0.99466,5.04083,10.11000,29.96003,5.04726,0.86233,4.35241,8.53000,29.01463,5.08078,1.17826,5.98648,11.93000,27.87668,19.69661,117.03817
53-1,1783321270.953721,2026-07-06T14:01:10.953721,5.09512,0.84329,4.29665,8.60000,30.61699,5.06035,0.89627,4.53542,9.11000,30.41411,5.04326,0.86233,4.34896,8.53000,29.45004,5.08656,0.82766,4.20995,8.38000,28.29817,17.39098,118.77931
53-1,1783321271.053839,2026-07-06T14:01:11.053839,5.09128,0.84036,4.27849,8.57000,31.04535,5.05635,0.89627,4.53184,9.11000,30.86783,5.03920,0.86331,4.35038,8.54000,29.88559,5.07911,0.97464,4.95029,9.87000,28.79379,18.11100,120.59256
53-1,1783321271.153957,2026-07-06T14:01:11.153957,5.06731,1.27982,6.48526,13.05000,31.69464,5.05555,1.26713,6.40604,12.88000,31.50919,5.01838,1.23222,6.18373,12.19000,30.50469,5.06919,1.17020,5.93198,11.85000,29.38769,25.00701,123.09621
53-1,1783321271.254074,2026-07-06T14:01:11.254074,5.09077,1.28959,6.56501,13.15000,32.35190,5.05529,1.27299,6.43532,12.94000,32.15347,5.02912,1.25468,6.30992,12.41000,31.13642,5.06919,1.17020,5.93198,11.85000,29.98158,25.24223,125.62338
53-1,1783321271.354192,2026-07-06T14:01:11.354192,5.09077,1.28959,6.56501,13.15000,33.00918,5.03894,1.28080,6.45387,13.02000,32.79962,5.01712,1.25468,6.29486,12.41000,31.76665,5.06873,1.17924,5.97723,11.94000,30.58000,25.29097,128.15546
53-1,1783321271.454310,2026-07-06T14:01:11.454310,5.09131,1.27982,6.51598,13.05000,33.66155,5.05494,1.28080,6.47437,13.02000,33.44783,5.02884,1.25956,6.33413,12.46000,32.40081,5.07669,1.18021,5.99156,11.95000,31.17987,25.31604,130.69006
53-1,1783321271.554428,2026-07-06T14:01:11.554428,5.08725,1.28080,6.51576,13.06000,34.31389,5.04391,1.25932,6.35187,12.80000,34.08376,5.02890,1.25858,6.32928,12.45000,33.03449,5.07724,1.16923,5.93644,11.84000,31.77421,25.13335,133.20636
53-1,1783321271.654545,2026-07-06T14:01:11.654545,5.08683,1.28861,6.55495,13.14000,34.97015,5.04298,1.27982,6.45413,13.01000,34.72993,5.03341,1.24955,6.28949,12.36000,33.66417,5.07273,1.17924,5.98195,11.94000,32.37311,25.28052,135.73735
53-1,1783321271.754663,2026-07-06T14:01:11.754663,5.08720,1.28178,6.52066,13.07000,35.62299,5.05098,1.27982,6.46437,13.01000,35.37713,5.02141,1.24955,6.27450,12.36000,34.29236,5.07673,1.17924,5.98666,11.94000,32.97248,25.24619,138.26496
53-1,1783321271.854781,2026-07-06T14:01:11.854781,5.07920,1.28178,6.51040,13.07000,36.27480,5.04698,1.27982,6.45925,13.01000,36.02382,5.03284,1.25956,6.33916,12.46000,34.92703,5.07649,1.18412,6.01116,11.99000,33.57431,25.31997,140.79995
53-1,1783321271.954901,2026-07-06T14:01:11.954901,5.09056,1.29350,6.58462,13.19000,36.93405,5.05147,1.26908,6.41072,12.90000,36.66565,5.03279,1.26054,6.34401,12.47000,35.56219,5.07649,1.18412,6.01116,11.99000,34.17614,25.35051,143.33803
53-1,1783321272.055019,2026-07-06T14:01:12.055019,5.09061,1.29252,6.57972,13.18000,37.59279,5.05098,1.27982,6.46437,13.01000,37.31285,5.02433,1.26859,6.37383,12.55000,36.20032,5.07254,1.18314,6.00153,11.98000,34.77700,25.41945,145.88297
54-1,1783321272.155154,2026-07-06T14:01:12.155154,5.09468,1.21805,6.20559,12.42000,0.62140,5.06023,1.25224,6.33660,12.73000,0.63452,5.02833,1.26859,6.37891,12.55000,0.63876,5.08054,1.18314,6.01099,11.98000,0.60192,24.93209,2.49659
54-1,1783321272.255274,2026-07-06T14:01:12.255274,5.08668,1.21805,6.19585,12.42000,1.24173,5.05223,1.25224,6.32658,12.73000,1.26793,5.03078,1.22514,6.16339,12.12000,1.25583,5.06948,1.24345,6.30363,12.59000,1.23303,24.98945,4.99852
54-1,1783321272.355392,2026-07-06T14:01:12.355392,5.07707,1.32084,6.70600,13.47000,1.91312,5.04486,1.14994,5.80127,11.69000,1.84874,5.02567,1.03226,5.18779,10.21000,1.77522,5.09082,0.82253,4.18737,8.33000,1.65226,21.88243,7.18935
54-1,1783321272.455509,2026-07-06T14:01:12.455509,5.08070,1.25419,6.37216,12.79000,2.55108,5.04054,1.24540,6.27748,12.66000,2.47723,5.01444,1.23124,6.17397,12.18000,2.39334,5.05499,1.13480,5.73640,11.49000,2.22657,24.56001,9.64823
54-1,1783321272.555627,2026-07-06T14:01:12.555627,5.08757,1.27494,6.48636,13.00000,3.20048,5.05623,1.25224,6.33159,12.73000,3.11114,5.02809,1.20194,6.04347,11.89000,2.99841,5.07099,1.13480,5.75456,11.49000,2.80271,24.61598,12.11274
54-1,1783321272.655744,2026-07-06T14:01:12.655744,5.08757,1.27494,6.48636,13.00000,3.84988,5.05223,1.25224,6.32658,12.73000,3.74453,5.02409,1.20194,6.03866,11.89000,3.60298,5.07789,1.15653,5.87272,11.71000,3.39067,24.72432,14.58806
54-1,1783321272.755862,2026-07-06T14:01:12.755862,5.08731,1.27982,6.51086,13.05000,4.50173,5.05232,1.25028,6.31682,12.71000,4.37696,5.02220,1.23539,6.20438,12.22000,4.22414,5.07815,1.15140,5.84699,11.66000,3.97606,24.87905,17.07889
54-1,1783321272.855979,2026-07-06T14:01:12.855979,5.08849,1.25810,6.40181,12.83000,5.14266,5.05342,1.22587,6.19483,12.46000,4.99717,5.02220,1.23539,6.20438,12.22000,4.84531,5.06969,1.16044,5.88305,11.75000,4.56505,24.68407,19.55018
54-1,1783321272.956095,2026-07-06T14:01:12.956095,5.09415,1.15433,5.88034,11.77000,5.73138,5.05664,1.15482,5.83951,11.74000,5.58180,5.03374,1.10184,5.54638,10.90000,5.40059,5.08209,1.07352,5.45572,10.87000,5.11126,22.72195,21.82503
54-1,1783321273.056214,2026-07-06T14:01:13.056214,5.08588,1.23270,6.26938,12.57000,6.35906,5.06064,1.15482,5.84413,11.74000,6.16690,5.02974,1.10184,5.54197,10.90000,5.95545,5.07809,1.07352,5.45143,10.87000,5.65704,23.10691,24.13845
54-1,1783321273.156333,2026-07-06T14:01:13.156333,5.08188,1.23270,6.26445,12.57000,6.98625,5.05308,1.14505,5.78605,11.64000,6.74620,5.03225,1.12821,5.67743,11.16000,6.52387,5.07939,1.04788,5.32261,10.61000,6.18994,23.05054,26.44626
54-1,1783321273.256451,2026-07-06T14:01:13.256451,5.08790,1.26884,6.45572,12.94000,7.63258,5.04938,1.22684,6.19480,12.47000,7.36641,5.02598,1.23930,6.22868,12.26000,7.14747,5.07359,1.16239,5.89748,11.77000,6.78038,24.77668,28.92685
54-1,1783321273.356568,2026-07-06T14:01:13.356568,5.08796,1.26786,6.45082,12.93000,8.27842,5.04778,1.26225,6.37153,12.83000,8.00431,5.02758,1.21097,6.08827,11.98000,7.75701,5.07459,1.14261,5.79829,11.57000,7.36089,24.70891,31.40062
54-1,1783321273.456686,2026-07-06T14:01:13.456686,5.08683,1.28861,6.55495,13.14000,8.93469,5.05578,1.26225,6.38163,12.83000,8.64322,5.02358,1.21097,6.08343,11.98000,8.36607,5.07459,1.14261,5.79829,11.57000,7.94140,24.81830,33.88538
54-1,1783321273.556803,2026-07-06T14:01:13.556803,5.09083,1.28861,6.56011,13.14000,9.59147,5.05201,1.25712,6.35097,12.78000,9.27906,5.02598,1.23930,6.22868,12.26000,8.98967,5.07359,1.16239,5.89748,11.77000,8.53184,25.03724,36.39204
54-1,1783321273.656923,2026-07-06T14:01:13.656923,5.08741,1.27787,6.50106,13.03000,10.24236,5.05307,1.23368,6.23387,12.54000,9.90320,5.02615,1.23637,6.21416,12.23000,9.61183,5.07454,1.14359,5.80319,11.58000,9.11286,24.75228,38.87025
54-1,1783321273.757041,2026-07-06T14:01:13.757041,5.08768,1.27299,6.47655,12.98000,10.89078,5.05173,1.26322,6.38146,12.84000,10.54210,5.03009,1.23734,6.22395,12.24000,10.23496,5.06954,1.16337,5.89773,11.78000,9.70333,24.97969,41.37117
54-1,1783321273.857162,2026-07-06T14:01:13.857162,5.08747,1.27689,6.49616,13.02000,11.54118,5.05173,1.26322,6.38146,12.84000,11.18102,5.02209,1.23734,6.21405,12.24000,10.85711,5.07354,1.16337,5.90238,11.78000,10.29428,24.99405,43.87359
54-1,1783321273.957277,2026-07-06T14:01:13.957277,5.08347,1.27689,6.49105,13.02000,12.19103,5.05191,1.25932,6.36195,12.80000,11.81794,5.02575,1.24345,6.24925,12.30000,11.48276,5.07449,1.14457,5.80809,11.59000,10.87576,24.91034,46.36749
54-1,1783321274.057395,2026-07-06T14:01:14.057395,5.08661,1.29252,6.57455,13.18000,12.84926,5.05227,1.25126,6.32170,12.72000,12.45086,5.02729,1.21610,6.11370,12.03000,12.09485,5.07334,1.16727,5.92197,11.82000,11.46865,24.93192,48.86361
54-1,1783321274.157512,2026-07-06T14:01:14.157512,5.08801,1.26688,6.44592,12.92000,13.49460,5.05178,1.26225,6.37658,12.83000,13.08926,5.02175,1.24345,6.24428,12.30000,12.72001,5.07439,1.14652,5.81789,11.61000,12.05112,24.88467,51.35500
54-1,1783321274.257629,2026-07-06T14:01:14.257629,5.08341,1.27787,6.49595,13.03000,14.14496,5.05178,1.26225,6.37658,12.83000,13.72767,5.02575,1.24345,6.24925,12.30000,13.34566,5.06934,1.16727,5.91730,11.82000,12.64354,25.03908,53.86183
54-1,1783321274.357747,2026-07-06T14:01:14.357747,5.08844,1.25907,6.40671,13.03000,14.78638,5.05298,1.23563,6.24363,12.56000,14.35276,5.02718,1.21805,6.12338,12.05000,13.95872,5.07334,1.16727,5.92197,11.82000,13.23644,24.69569,56.33431
54-1,1783321274.457864,2026-07-06T14:01:14.457864,5.08444,1.25907,6.40167,12.84000,15.42730,5.05196,1.25810,6.35585,12.79000,14.98909,5.02604,1.23832,6.22384,12.25000,14.58183,5.07364,1.16141,5.89259,11.76000,13.82639,24.87395,58.82461
54-1,1783321274.557983,2026-07-06T14:01:14.557983,5.08277,1.28959,6.55469,13.15000,16.08355,5.05645,1.24735,6.30718,12.68000,15.62056,5.03100,1.22123,6.14401,12.08000,15.19697,5.07324,1.16923,5.93176,11.84000,14.42027,24.93764,61.32135
54-1,1783321274.658101,2026-07-06T14:01:14.658101,5.08454,1.25712,6.39187,12.82000,16.72349,5.04845,1.24735,6.29720,12.68000,16.25103,5.02700,1.22123,6.13912,12.08000,15.81161,5.06924,1.16923,5.92709,11.84000,15.01368,24.75528,63.79981
54-1,1783321274.758218,2026-07-06T14:01:14.758218,5.08390,1.26884,6.45065,12.94000,17.36931,5.05155,1.26713,6.40097,12.88000,16.89187,5.02552,1.24760,6.26982,12.34000,16.43932,5.07324,1.16923,5.93176,11.84000,15.60755,25.05320,66.30805
54-1,1783321274.858335,2026-07-06T14:01:14.858335,5.09190,1.26884,6.46080,12.94000,18.01615,5.05325,1.22977,6.21435,12.50000,17.51403,5.02740,1.21415,6.10401,12.01000,17.05043,5.07015,1.15140,5.83778,11.66000,16.19201,24.61694,68.77262
54-1,1783321274.958453,2026-07-06T14:01:14.958453,5.08757,1.27494,6.48636,13.00000,18.66555,5.04755,1.26713,6.39590,12.88000,18.15438,5.02649,1.23026,6.18391,12.17000,17.66956,5.07024,1.14945,5.82799,11.64000,16.77550,24.89416,71.26499
54-1,1783321275.058571,2026-07-06T14:01:15.058571,5.08752,1.27592,6.49126,13.01000,19.31544,5.05555,1.26713,6.40604,12.88000,18.79574,5.02649,1.23026,6.18391,12.17000,18.28868,5.06909,1.17215,5.94176,11.87000,17.37037,25.02297,73.77023
54-1,1783321275.158689,2026-07-06T14:01:15.158689,5.08844,1.25907,6.40671,12.84000,19.95687,5.05142,1.27006,6.41560,12.91000,19.43806,5.02552,1.24760,6.26982,12.34000,18.91640,5.07309,1.17215,5.94645,11.87000,17.96572,25.03858,76.27705
54-1,1783321275.258807,2026-07-06T14:01:15.258807,5.08444,1.25907,6.40167,12.84000,20.59779,5.05160,1.26615,6.39609,12.87000,20.07842,5.02718,1.21805,6.12338,12.05000,19.52946,5.07314,1.17118,5.94156,11.86000,18.56058,24.86270,78.76625
54-1,1783321275.358924,2026-07-06T14:01:15.358924,5.08256,1.29350,6.57427,13.19000,21.25599,5.05542,1.27006,6.42068,12.91000,20.72124,5.02552,1.24760,6.26982,12.34000,20.15718,5.07379,1.15848,5.87789,11.73000,19.14906,25.14266,81.28347
54-1,1783321275.459043,2026-07-06T14:01:15.459043,5.08235,1.29740,6.59385,13.23000,21.91615,5.05942,1.27006,6.42576,12.91000,21.36458,5.02552,1.24760,6.26982,12.34000,20.78490,5.07329,1.16825,5.92687,11.83000,19.74244,25.21630,83.80808
54-1,1783321275.559161,2026-07-06T14:01:15.559161,5.08741,1.27787,6.50106,13.03000,22.56703,5.05218,1.25321,6.33146,12.74000,21.99848,5.02941,1.24955,6.28449,12.36000,21.41410,5.07329,1.16825,5.92687,11.83000,20.33584,25.04388,86.31544
54-1,1783321275.659279,2026-07-06T14:01:15.659279,5.08741,1.27787,6.50106,13.03000,23.21791,5.05147,1.26908,6.41072,12.90000,22.64030,5.02141,1.24955,6.27450,12.36000,22.04229,5.07304,1.17313,5.95135,11.88000,20.93167,25.13763,88.83217
54-1,1783321275.759404,2026-07-06T14:01:15.759404,5.09067,1.29154,6.57482,13.17000,23.87620,5.04863,1.24345,6.27770,12.64000,23.26885,5.02135,1.25053,6.27933,12.37000,22.67100,5.06998,1.15458,5.85368,11.69000,21.51777,24.98553,91.33383
54-1,1783321275.859523,2026-07-06T14:01:15.859523,5.09056,1.29350,6.58462,13.19000,24.53545,5.05263,1.24345,6.28267,12.64000,23.89787,5.03089,1.15238,5.79749,11.40000,23.25144,5.07204,1.11405,5.65049,11.28000,22.08349,24.31527,93.76825
54-1,1783321275.959640,2026-07-06T14:01:15.959640,5.09136,1.27885,6.51107,13.04000,25.18732,5.05263,1.24345,6.28267,12.64000,24.52687,5.02689,1.15238,5.79288,11.40000,23.83141,5.06954,1.16337,5.89773,11.78000,22.67396,24.48435,96.21956
54-1,1783321276.059758,2026-07-06T14:01:16.059758,5.08229,1.29838,6.59875,13.24000,25.84798,5.05151,1.26811,6.40585,12.89000,25.16822,5.03312,1.25468,6.31493,12.41000,24.46365,5.07754,1.16337,5.90703,11.78000,23.26536,25.22656,98.74520
54-1,1783321276.159876,2026-07-06T14:01:16.159876,5.08229,1.29838,6.59875,13.24000,26.50863,5.05142,1.27006,6.41560,12.91000,25.81053,5.03438,1.23222,6.20344,12.19000,25.08472,5.07283,1.17728,5.97216,11.92000,23.86328,25.18995,101.26717
54-1,1783321276.259996,2026-07-06T14:01:16.259996,5.08624,1.29936,6.60884,13.25000,27.17030,5.05942,1.27006,6.42576,12.91000,26.45388,5.02101,1.25663,6.30955,12.43000,25.71643,5.07283,1.17728,5.97216,11.92000,24.46121,25.31631,103.80182
54-1,1783321276.360114,2026-07-06T14:01:16.360114,5.08790,1.26884,6.45572,12.94000,27.81664,5.05218,1.25321,6.33146,12.74000,27.08777,5.02901,1.25663,6.31960,12.43000,26.34914,5.07288,1.17631,5.96726,11.91000,25.05864,25.07404,106.31219
54-1,1783321276.460232,2026-07-06T14:01:16.460232,5.08320,1.28178,6.51553,13.07000,28.46896,5.05111,1.27689,6.44974,12.98000,27.73351,5.02084,1.25956,6.32405,12.46000,26.98229,5.06888,1.17631,5.96255,11.91000,25.65560,25.25187,108.84036
54-1,1783321276.560350,2026-07-06T14:01:16.560350,5.09120,1.28178,6.52578,13.07000,29.12231,5.05533,1.27201,6.43044,12.93000,28.37731,5.02215,1.23637,6.20921,12.23000,27.60395,5.07359,1.16239,5.89748,11.77000,26.24604,25.06291,111.34961
55-1,1783321276.660479,2026-07-06T14:01:16.660479,5.09083,1.28861,6.56011,13.14000,0.65686,5.04733,1.27201,6.42027,12.93000,0.64285,5.02764,1.21000,6.08343,11.97000,0.60913,5.07273,1.17924,5.98195,11.94000,0.59897,25.04576,2.50780
55-1,1783321276.760598,2026-07-06T14:01:16.760598,5.08971,1.30912,6.66305,13.35000,1.32395,5.05720,1.23075,6.22415,12.51000,1.26601,5.02364,1.21000,6.07859,11.97000,1.21771,5.06948,1.24345,6.30363,12.59000,1.23008,25.26942,5.03775
55-1,1783321276.860718,2026-07-06T14:01:16.860718,5.09480,1.14237,5.82015,11.65000,1.90666,5.06268,1.10965,5.61782,11.28000,1.82846,5.01791,1.16971,5.86952,11.57000,1.80536,5.08148,1.24345,6.31855,12.59000,1.86269,23.62604,7.40318
55-1,1783321276.960837,2026-07-06T14:01:16.960837,5.09080,1.14237,5.81558,11.65000,2.48892,5.04023,1.25224,6.31155,12.73000,2.46037,5.01444,1.23124,6.17397,12.18000,2.42350,5.07885,1.05863,5.37660,10.72000,2.40099,23.67770,9.77378
55-1,1783321277.060954,2026-07-06T14:01:17.060954,5.08428,1.26200,6.41637,12.87000,3.13130,5.05623,1.25224,6.33159,12.73000,3.09427,5.02609,1.23734,6.21900,12.24000,3.04612,5.07859,1.14261,5.80286,11.57000,2.98195,24.76982,12.25365
55-1,1783321277.161070,2026-07-06T14:01:17.161070,5.08806,1.26591,6.44102,12.91000,3.77616,5.04814,1.25419,6.33132,12.75000,3.72814,5.02209,1.23734,6.21405,12.24000,3.66825,5.07789,1.15653,5.87272,11.71000,3.56991,24.85911,14.74246
55-1,1783321277.261188,2026-07-06T14:01:17.261188,5.08838,1.26005,6.41161,12.85000,4.41807,5.04961,1.22172,6.16920,12.42000,4.34578,5.02689,1.22318,6.14881,12.10000,4.28385,5.07444,1.14554,5.81299,11.60000,4.15189,24.54261,17.19960
55-1,1783321277.361304,2026-07-06T14:01:17.361304,5.08497,1.24931,6.35268,12.74000,5.05408,5.04841,1.24833,6.30207,12.69000,4.97672,5.02718,1.21805,6.12338,12.05000,4.89691,5.07444,1.14554,5.81299,11.60000,4.73387,24.59112,19.66158
55-1,1783321277.461423,2026-07-06T14:01:17.461423,5.08497,1.24931,6.35268,12.74000,5.69010,5.05241,1.24833,6.30707,12.69000,5.60818,5.02592,1.24052,6.23473,12.27000,5.52112,5.07359,1.16239,5.89748,11.77000,5.32432,24.79196,22.14371
55-1,1783321277.561539,2026-07-06T14:01:17.561539,5.08779,1.27103,6.46675,12.96000,6.33753,5.05210,1.25517,6.34122,12.76000,6.24304,5.03392,1.24052,6.24465,12.27000,6.14631,5.07369,1.16044,5.88769,11.75000,5.91377,24.94031,24.64066
55-1,1783321277.661659,2026-07-06T14:01:17.661659,5.08801,1.26688,6.44592,12.92000,6.98289,5.05218,1.25321,6.33146,12.74000,6.87694,5.02609,1.23734,6.21900,12.24000,6.76895,5.07444,1.14554,5.81299,11.60000,6.49576,24.80937,27.12455
55-1,1783321277.761786,2026-07-06T14:01:17.761786,5.08785,1.26981,6.46063,12.95000,7.62977,5.05294,1.23661,6.24851,12.57000,7.50259,5.02746,1.21317,6.09917,12.00000,7.37965,5.07444,1.14554,5.81299,11.60000,7.07780,24.62130,29.58981
55-1,1783321277.861904,2026-07-06T14:01:17.861904,5.08785,1.26981,6.46063,12.95000,8.27660,5.04894,1.23661,6.24357,12.57000,8.12768,5.02204,1.23832,6.21889,12.25000,8.00227,5.07359,1.16239,5.89748,11.77000,7.66825,24.82057,32.07481
55-1,1783321277.962022,2026-07-06T14:01:17.962022,5.08396,1.26786,6.44575,12.93000,8.92194,5.05586,1.26029,6.37187,12.81000,8.76562,5.02604,1.23832,6.22384,12.25000,8.62539,5.07464,1.14164,5.79339,11.56000,8.24827,24.83485,34.56123
55-1,1783321278.062141,2026-07-06T14:01:18.062141,5.08396,1.26786,6.44575,12.93000,9.56728,5.05191,1.25932,6.36195,12.80000,9.40257,5.02238,1.23222,6.18866,12.19000,9.24499,5.06949,1.16434,5.90262,11.79000,8.83923,24.89898,37.05408
55-1,1783321278.162259,2026-07-06T14:01:18.162259,5.08540,1.24149,6.31348,12.66000,10.19937,5.05280,1.23954,6.26315,12.60000,10.02963,5.02220,1.23539,6.20438,12.22000,9.86616,5.06949,1.16434,5.90262,11.79000,9.43019,24.68363,39.52535
55-1,1783321278.262377,2026-07-06T14:01:18.262377,5.08540,1.24149,6.31348,12.66000,10.83147,5.07239,0.89529,4.54127,9.10000,10.48429,5.05526,0.86233,4.35931,8.53000,10.30261,5.08141,0.92923,4.72178,9.41000,9.90293,19.93584,41.52130
55-1,1783321278.362494,2026-07-06T14:01:18.362494,5.09820,0.86013,4.38513,8.77000,11.27049,5.06039,0.89529,4.53052,9.10000,10.93787,5.04326,0.86233,4.34896,8.53000,10.73801,5.07461,0.82669,4.19510,8.37000,10.32293,17.45971,43.26930
55-1,1783321278.462610,2026-07-06T14:01:18.462610,5.07798,1.23075,6.24973,12.55000,11.89619,5.05788,1.21586,6.14966,12.36000,11.55356,5.03254,1.05228,5.29563,10.41000,11.26819,5.05749,1.16434,5.88865,11.79000,10.91248,23.58367,45.63042
55-1,1783321278.562728,2026-07-06T14:01:18.562728,5.08725,1.28080,6.51576,13.06000,12.54853,5.05596,1.25810,6.36088,12.79000,12.19039,5.02306,1.22025,6.12940,12.07000,11.88185,5.07449,1.14457,5.80809,11.59000,11.49397,24.81413,48.11474
55-1,1783321278.662845,2026-07-06T14:01:18.662845,5.08720,1.28178,6.52066,13.07000,13.20136,5.05294,1.23661,6.24851,12.57000,12.81598,5.02581,1.24247,6.24441,12.29000,12.50703,5.07449,1.14457,5.80809,11.59000,12.07546,24.82167,50.59983
55-1,1783321278.762964,2026-07-06T14:01:18.762964,5.08720,1.28178,6.52066,13.07000,13.85420,5.05294,1.23661,6.24851,12.57000,13.44157,5.02581,1.24247,6.24441,12.29000,13.13221,5.07354,1.16337,5.90238,11.78000,12.66640,24.91596,53.09437
55-1,1783321278.863082,2026-07-06T14:01:18.863082,5.08796,1.26786,6.45082,12.93000,14.50005,5.05173,1.26322,6.38146,12.84000,14.08047,5.02615,1.23637,6.21416,12.23000,13.75436,5.07449,1.14457,5.80809,11.59000,13.24789,24.85453,55.58276
55-1,1783321278.963201,2026-07-06T14:01:18.963201,5.08731,1.27982,6.51086,13.05000,15.15191,5.05316,1.23173,6.22411,12.52000,14.70362,5.02558,1.24638,6.26377,12.33000,14.38148,5.07339,1.16630,5.91707,11.81000,13.84030,24.91581,58.07730
55-1,1783321279.063319,2026-07-06T14:01:19.063319,5.08725,1.28080,6.51576,13.06000,15.80426,5.05178,1.26225,6.37658,12.83000,15.34203,5.02569,1.24442,6.25409,12.31000,15.00763,5.07339,1.16630,5.91707,11.81000,14.43271,25.06350,60.58663
55-1,1783321279.163438,2026-07-06T14:01:19.163438,5.09125,1.28080,6.52088,13.06000,16.45711,5.05578,1.26225,6.38163,12.83000,15.98095,5.02135,1.25053,6.27933,12.37000,15.63630,5.07329,1.16825,5.92687,11.83000,15.02610,25.10871,63.10047
55-1,1783321279.263556,2026-07-06T14:01:19.263556,5.07949,1.20316,6.11144,12.27000,17.06898,5.04845,1.15897,5.85101,11.78000,16.56674,5.02535,1.25053,6.28433,12.37000,16.26548,5.07775,1.08036,5.48577,10.94000,15.57532,23.73255,65.47652
55-1,1783321279.363675,2026-07-06T14:01:19.363675,5.07547,1.27689,6.48083,13.02000,17.71784,5.04378,1.26225,6.36648,12.83000,17.20415,5.02564,1.24540,6.25893,12.32000,16.89212,5.06919,1.17020,5.93198,11.85000,16.16923,25.03822,67.98334
55-1,1783321279.463794,2026-07-06T14:01:19.463794,5.08379,1.27103,6.46167,12.96000,18.36477,5.05560,1.26615,6.40116,12.87000,17.84502,5.02626,1.23441,6.20448,12.21000,17.51330,5.07719,1.17020,5.94134,11.85000,16.76407,25.00865,70.48717
55-1,1783321279.563912,2026-07-06T14:01:19.563912,5.08379,1.27103,6.46167,12.96000,19.01170,5.05560,1.26615,6.40116,12.87000,18.48590,5.02866,1.19193,5.99381,11.79000,18.11339,5.06924,1.16923,5.92709,11.84000,17.35748,24.78373,72.96847
55-1,1783321279.664030,2026-07-06T14:01:19.664030,5.09181,1.19730,6.09643,12.21000,19.62206,5.05160,1.26615,6.39609,12.87000,19.12626,5.03266,1.19193,5.99858,11.79000,18.71396,5.07005,1.15336,5.84757,11.68000,17.94293,24.33867,75.40521
55-1,1783321279.764149,2026-07-06T14:01:19.764149,5.08699,1.28568,6.54026,13.11000,20.27687,5.05205,1.25614,6.34609,12.77000,19.76163,5.02541,1.24955,6.27949,12.36000,19.34266,5.07314,1.17118,5.94156,11.86000,18.53779,25.10740,77.91894
55-1,1783321279.864268,2026-07-06T14:01:19.864268,5.08677,1.28959,6.55985,13.15000,20.93363,5.05555,1.26713,6.40604,12.88000,20.40299,5.02541,1.24955,6.27949,12.36000,19.97135,5.07314,1.17118,5.94156,11.86000,19.13265,25.18694,80.44063
55-1,1783321279.964386,2026-07-06T14:01:19.964386,5.07973,1.27201,6.46148,13.15000,21.58054,5.05155,1.26713,6.40097,12.88000,21.04384,5.02964,1.24540,6.26391,12.32000,20.59848,5.07314,1.17118,5.94156,11.86000,19.72751,25.06792,82.95038
55-1,1783321280.064505,2026-07-06T14:01:20.064505,5.08773,1.27201,6.47165,12.97000,22.22848,5.05564,1.26518,6.39627,12.86000,21.68423,5.02964,1.24540,6.26391,12.32000,21.22562,5.06929,1.16825,5.92219,11.83000,20.32043,25.05402,85.45876
55-1,1783321280.164623,2026-07-06T14:01:20.164623,5.09083,1.28861,6.56011,13.14000,22.88527,5.05551,1.26811,6.41092,12.89000,22.32608,5.02930,1.25150,6.29418,12.38000,21.85578,5.06904,1.17313,5.94666,11.88000,20.91580,25.21187,87.98293
55-1,1783321280.264742,2026-07-06T14:01:20.264742,5.09147,1.27689,6.50126,13.02000,23.53616,5.05142,1.27006,6.41560,12.91000,22.96840,5.03009,1.23734,6.22395,12.24000,22.47891,5.07324,1.16923,5.93176,11.84000,21.50968,25.07257,90.49316
55-1,1783321280.364860,2026-07-06T14:01:20.364860,5.08347,1.27689,6.49105,13.02000,24.18604,5.05542,1.27006,6.42068,12.91000,23.61123,5.02930,1.25150,6.29418,12.38000,23.10908,5.08124,1.16923,5.94112,11.84000,22.10450,25.14703,93.01084
55-1,1783321280.464979,2026-07-06T14:01:20.464979,5.08347,1.27689,6.49105,13.02000,24.83591,5.05155,1.26713,6.40097,12.88000,24.25209,5.02530,1.25150,6.28917,12.38000,23.73874,5.07314,1.17118,5.94156,11.86000,22.69936,25.12275,95.52610
55-1,1783321280.565098,2026-07-06T14:01:20.565098,5.09152,1.27592,6.49636,13.01000,25.48632,5.05142,1.27006,6.41560,12.91000,24.89441,5.03015,1.23637,6.21911,12.23000,24.36139,5.07304,1.17313,5.95135,11.88000,23.29520,25.08242,98.03732
55-1,1783321280.665216,2026-07-06T14:01:20.665216,5.09067,1.29154,6.57482,13.17000,26.14458,5.05770,1.13138,5.72219,11.50000,25.46731,5.02918,1.25346,6.30386,12.40000,24.99252,5.07380,1.07938,5.47655,10.93000,23.84350,24.07742,100.44791
55-1,1783321280.765335,2026-07-06T14:01:20.765335,5.08370,1.19926,6.09666,12.23000,26.75497,5.04970,1.13138,5.71314,11.50000,26.03930,5.03426,1.16361,5.85791,11.51000,25.57901,5.06980,1.07938,5.47223,10.93000,24.39138,23.13994,102.76465
55-1,1783321280.865453,2026-07-06T14:01:20.865453,5.09170,1.19926,6.10625,12.23000,27.36632,5.06063,1.24345,6.29262,12.64000,26.66931,5.02226,1.16361,5.84395,11.51000,26.16410,5.08529,1.08939,5.53986,11.03000,24.94602,23.78268,105.14575
55-1,1783321280.965573,2026-07-06T14:01:20.965573,5.08967,1.16312,5.91991,11.86000,27.95902,5.05929,1.27299,6.44041,12.94000,27.31412,5.02609,1.16654,5.86313,11.54000,26.75111,5.08189,1.15653,5.87735,11.71000,25.53446,24.10080,107.55871
55-1,1783321281.065693,2026-07-06T14:01:21.065693,5.08347,1.27689,6.49105,13.02000,28.60890,5.05933,1.27201,6.43553,12.93000,27.95844,5.02192,1.24052,6.22977,12.27000,27.37483,5.07354,1.16337,5.90238,11.78000,26.12540,25.05873,110.06758
55-1,1783321281.165809,2026-07-06T14:01:21.165809,5.09099,1.28568,6.54540,13.11000,29.26420,5.05533,1.27201,6.43044,12.93000,28.60224,5.02918,1.25346,6.30386,12.40000,28.00596,5.07278,1.17826,5.97705,11.93000,26.72381,25.25675,112.59620
55-1,1783321281.265929,2026-07-06T14:01:21.265929,5.08699,1.28568,6.54026,13.11000,29.91901,5.05578,1.26225,6.38163,12.83000,29.24116,5.02918,1.25346,6.30386,12.40000,28.63709,5.07278,1.17826,5.97705,11.93000,27.32222,25.20280,115.11948
55-1,1783321281.366046,2026-07-06T14:01:21.366046,5.08763,1.27396,6.48145,12.99000,30.56792,5.05524,1.27396,6.44020,12.95000,29.88594,5.01712,1.25468,6.29486,12.41000,29.26732,5.07278,1.17826,5.97705,11.93000,27.92063,25.19356,117.64181
55-1,1783321281.466167,2026-07-06T14:01:21.466167,5.08245,1.29545,6.58406,13.21000,31.22712,5.05102,1.27885,6.45949,13.00000,30.53267,5.01690,1.25858,6.31418,12.45000,29.89950,5.07273,1.17924,5.98195,11.94000,28.51955,25.33968,120.17883
55-1,1783321281.566286,2026-07-06T14:01:21.566286,5.08325,1.28080,6.51063,13.06000,31.87895,5.05102,1.27885,6.45949,13.00000,31.17938,5.03352,1.24760,6.27980,12.34000,30.52822,5.07334,1.16727,5.92197,11.82000,29.11245,25.17189,122.69901
55-1,1783321281.666404,2026-07-06T14:01:21.666404,5.08667,1.29154,6.56965,13.17000,32.53670,5.05151,1.26811,6.40585,12.89000,31.82073,5.01752,1.24760,6.25984,12.34000,31.15495,5.06934,1.16727,5.91730,11.82000,29.70488,25.15264,125.21726
55-1,1783321281.766523,2026-07-06T14:01:21.766523,5.09467,1.29154,6.57998,13.17000,33.19547,5.05405,1.21195,6.12526,12.32000,32.43398,5.02872,1.26176,6.34502,12.48000,31.79020,5.06964,1.16141,5.88794,11.76000,30.29437,24.93820,127.71403
55-1,1783321281.866641,2026-07-06T14:01:21.866641,5.09504,1.28471,6.54563,13.10000,33.85081,5.04894,1.23661,6.24357,12.57000,33.05907,5.02879,1.26054,6.33897,12.47000,32.42485,5.06873,1.17924,5.97723,11.94000,30.89280,25.10540,130.22754
55-1,1783321281.966759,2026-07-06T14:01:21.966759,5.09713,1.24638,6.35294,12.71000,34.48686,5.04894,1.23661,6.24357,12.57000,33.68417,5.02906,1.25565,6.31476,12.42000,33.05708,5.07669,1.18021,5.99156,11.95000,31.49267,24.90283,132.72077
55-1,1783321282.066877,2026-07-06T14:01:22.066877,5.09472,1.29057,6.57508,13.16000,35.14514,5.06689,1.28178,6.49463,13.03000,34.33440,5.02506,1.25565,6.30974,12.42000,33.68879,5.06869,1.18021,5.98212,11.95000,32.09158,25.36157,135.25992
55-1,1783321282.166997,2026-07-06T14:01:22.166997,5.07072,1.29057,6.54410,13.16000,35.80033,5.06778,1.26225,6.39678,12.83000,34.97484,5.02592,1.24052,6.23473,12.27000,34.31301,5.07269,1.18021,5.98684,11.95000,32.69098,25.16245,137.77917
55-1,1783321282.267114,2026-07-06T14:01:22.267114,5.09477,1.28959,6.57017,13.15000,36.45812,5.05085,1.28275,6.47899,13.04000,35.62350,5.02072,1.26176,6.33493,12.48000,34.94725,5.07249,1.18412,6.00642,11.99000,33.29233,25.39051,140.32120
56-1,1783321282.367233,2026-07-06T14:01:22.367233,5.09440,1.29643,6.60451,13.22000,0.66123,5.05085,1.28275,6.47899,13.04000,0.64867,5.02072,1.26176,6.33493,12.48000,0.63424,5.07649,1.18412,6.01116,11.99000,0.60183,25.42959,2.54598
56-1,1783321282.467354,2026-07-06T14:01:22.467354,5.09856,1.29350,6.59497,13.19000,1.32153,5.05005,1.21195,6.12042,12.32000,1.26145,5.02199,1.31010,6.57930,12.96000,1.29297,5.06849,1.18412,6.00169,11.99000,1.20272,25.29638,5.07868
56-1,1783321282.567473,2026-07-06T14:01:22.567473,5.08656,1.29350,6.57945,13.19000,1.98026,5.04448,1.33500,6.73439,13.57000,1.93569,5.01799,1.31010,6.57406,12.96000,1.95116,5.06559,1.24125,6.28766,12.57000,1.83224,26.17556,7.69936
56-1,1783321282.667592,2026-07-06T14:01:22.667592,5.08181,1.30717,6.64279,13.33000,2.64533,5.07407,1.03494,5.25137,10.52000,2.46145,5.03897,0.86746,4.37110,8.58000,2.38879,5.07546,0.80984,4.11031,8.20000,2.24376,20.37557,9.73933
56-1,1783321282.767710,2026-07-06T14:01:22.767710,5.08812,1.26493,6.43612,12.90000,3.28970,5.05807,1.03494,5.23482,10.52000,2.98555,5.01815,1.23637,6.20427,12.23000,3.00995,5.05779,1.15848,5.85936,11.73000,2.83039,23.73457,12.11559
56-1,1783321282.867828,2026-07-06T14:01:22.867828,5.08779,1.27103,6.46675,12.96000,3.93714,5.04929,1.22880,6.20455,12.49000,3.60674,5.03135,1.21512,6.11372,12.02000,3.62204,5.07069,1.14066,5.78393,11.55000,3.40946,24.56895,14.57538
56-1,1783321282.967945,2026-07-06T14:01:22.967945,5.08913,1.24638,6.34297,12.71000,4.57218,5.04786,1.26029,6.36178,12.81000,4.24366,5.02735,1.21512,6.10886,12.02000,4.23364,5.07469,1.14066,5.78849,11.55000,3.98899,24.60210,17.03847
56-1,1783321283.068063,2026-07-06T14:01:23.068063,5.08513,1.24638,6.33798,12.71000,5.20672,5.05623,1.25224,6.33159,12.73000,4.87757,5.02671,1.22636,6.16454,12.13000,4.85082,5.07374,1.15946,5.88279,11.74000,4.57796,24.71690,19.51307
56-1,1783321283.168181,2026-07-06T14:01:23.168181,5.08806,1.26591,6.44102,12.91000,5.85159,5.05223,1.25224,6.32658,12.73000,5.51098,5.02626,1.23441,6.20448,12.21000,5.47201,5.07384,1.15751,5.87300,11.72000,5.16596,24.84508,22.00052
56-1,1783321283.268300,2026-07-06T14:01:23.268300,5.08822,1.26298,6.42632,12.88000,6.49498,5.04933,1.22782,6.19968,12.48000,6.13168,5.03111,1.21928,6.13431,12.06000,6.08616,5.07398,1.15458,5.85830,11.69000,5.75248,24.61861,24.46530
56-1,1783321283.368418,2026-07-06T14:01:23.368418,5.08720,1.28178,6.52066,13.07000,7.14782,5.04805,1.25614,6.34107,12.77000,6.76653,5.02711,1.21928,6.12944,12.06000,6.69983,5.07398,1.15458,5.85830,11.69000,6.33900,24.84947,26.95319
56-1,1783321283.468537,2026-07-06T14:01:23.468537,5.08720,1.28178,6.52066,13.07000,7.80066,5.05610,1.25517,6.34624,12.76000,7.40191,5.03009,1.23734,6.22395,12.24000,7.32297,5.06969,1.16044,5.88305,11.75000,6.92801,24.97390,29.45355
56-1,1783321283.568655,2026-07-06T14:01:23.568655,5.08806,1.26591,6.44102,12.91000,8.44552,5.04810,1.25517,6.33619,12.76000,8.03628,5.02986,1.24149,6.24454,12.28000,7.94816,5.07044,1.14554,5.80841,11.60000,7.50954,24.83016,31.93950
56-1,1783321283.668773,2026-07-06T14:01:23.668773,5.08731,1.27982,6.51086,13.05000,9.09738,5.04894,1.23661,6.24357,12.57000,8.66138,5.02364,1.21000,6.07859,11.97000,8.55674,5.07359,1.16239,5.89748,11.77000,8.09998,24.73050,34.41548
56-1,1783321283.768891,2026-07-06T14:01:23.768891,5.08715,1.28275,6.52556,13.08000,9.75070,5.04778,1.26225,6.37153,12.83000,9.29928,5.02764,1.21000,6.08343,11.97000,9.16580,5.06959,1.16239,5.89283,11.77000,8.68996,24.87335,36.90574
56-1,1783321283.869009,2026-07-06T14:01:23.869009,5.08715,1.28275,6.52556,13.08000,10.40403,5.05591,1.25932,6.36698,12.80000,9.93673,5.03009,1.23734,6.22395,12.24000,9.78893,5.07069,1.14066,5.78393,11.55000,9.26904,24.90042,39.39873
56-1,1783321283.969127,2026-07-06T14:01:23.969127,5.08736,1.27885,6.50596,13.04000,11.05539,5.05191,1.25932,6.36195,12.80000,10.57367,5.03020,1.23539,6.21426,12.22000,10.41108,5.06949,1.16434,5.90262,11.79000,9.85999,24.98479,41.90014
56-1,1783321284.069246,2026-07-06T14:01:24.069246,5.08796,1.26786,6.45082,12.93000,11.70124,5.05720,1.23075,6.22415,12.51000,11.19683,5.02575,1.24345,6.24925,12.30000,11.03675,5.07034,1.14750,5.81820,11.62000,10.44250,24.74242,44.37732
56-1,1783321284.169364,2026-07-06T14:01:24.169364,5.08779,1.27103,6.46675,12.96000,12.34868,5.05578,1.26225,6.38163,12.83000,11.83575,5.02575,1.24345,6.24925,12.30000,11.66242,5.07339,1.16630,5.91707,11.81000,11.03491,25.01470,46.88175
56-1,1783321284.269483,2026-07-06T14:01:24.269483,5.08768,1.27299,6.47655,12.98000,12.99711,5.05636,1.24931,6.31694,12.70000,12.46819,5.02592,1.24052,6.23473,12.27000,12.28663,5.07339,1.16630,5.91707,11.81000,11.62732,24.94529,49.37926
56-1,1783321284.369603,2026-07-06T14:01:24.369603,5.08768,1.27299,6.47655,12.98000,13.64554,5.05236,1.24931,6.31194,12.70000,13.10014,5.02644,1.23124,6.18875,12.18000,12.90625,5.06964,1.16141,5.88794,11.76000,12.21682,24.86518,51.86875
56-1,1783321284.469722,2026-07-06T14:01:24.469722,5.09115,1.28275,6.53069,13.08000,14.29938,5.05978,1.26225,6.38668,12.83000,13.73957,5.02975,1.24345,6.25422,12.30000,13.53241,5.06939,1.16630,5.91241,11.81000,12.80876,25.08400,54.38012
56-1,1783321284.569839,2026-07-06T14:01:24.569839,5.09196,1.26786,6.45589,12.93000,14.94573,5.05982,1.26127,6.38179,12.82000,14.37850,5.02175,1.24345,6.24428,12.30000,14.15758,5.07329,1.16825,5.92687,11.83000,13.40215,25.00883,56.88396
56-1,1783321284.669958,2026-07-06T14:01:24.669958,5.08731,1.27982,6.51086,13.05000,15.59759,5.05205,1.25614,6.34609,12.77000,15.01386,5.02655,1.22929,6.17906,12.16000,14.77622,5.07329,1.16825,5.92687,11.83000,13.99554,24.96288,59.38320
56-1,1783321284.770075,2026-07-06T14:01:24.770075,5.09131,1.27982,6.51598,13.05000,16.24995,5.05605,1.25614,6.35112,12.77000,15.64972,5.02564,1.24540,6.25893,12.32000,15.40284,5.06974,1.15946,5.87815,11.74000,14.58404,25.00418,61.88654
56-1,1783321284.870192,2026-07-06T14:01:24.870192,5.08508,1.24735,6.34288,12.72000,16.88498,5.05578,1.26225,6.38163,12.83000,16.28862,5.03020,1.23539,6.21426,12.22000,16.02499,5.06934,1.16727,5.91730,11.82000,15.17646,24.85607,64.37505
56-1,1783321284.970310,2026-07-06T14:01:24.970310,5.08283,1.28861,6.54980,13.14000,17.54073,5.05614,1.25419,6.34135,12.75000,16.92351,5.03020,1.23539,6.21426,12.22000,16.64715,5.07369,1.16044,5.88769,11.75000,15.76593,24.99310,66.87731
56-1,1783321285.070428,2026-07-06T14:01:25.070428,5.08640,1.29643,6.59414,13.22000,18.20092,5.05578,1.26225,6.38163,12.83000,17.56242,5.02952,1.24760,6.27481,12.34000,17.27537,5.07369,1.16044,5.88769,11.75000,16.35539,25.13827,69.39411
56-1,1783321285.170547,2026-07-06T14:01:25.170547,5.09040,1.29643,6.59933,13.22000,18.86164,5.05178,1.26225,6.37658,12.83000,18.20084,5.02952,1.24760,6.27481,12.34000,17.90360,5.07329,1.16825,5.92687,11.83000,16.94878,25.17759,71.91486
56-1,1783321285.270663,2026-07-06T14:01:25.270663,5.08325,1.28080,6.51063,13.06000,19.51346,5.05205,1.25614,6.34609,12.77000,18.83619,5.02958,1.24638,6.26875,12.33000,18.53121,5.07334,1.16727,5.92197,11.82000,17.54167,25.04744,74.42253
56-1,1783321285.370781,2026-07-06T14:01:25.370781,5.08379,1.27103,6.46167,12.96000,20.16039,5.05155,1.26713,6.40097,12.88000,19.47704,5.02158,1.24638,6.25878,12.33000,19.15782,5.07398,1.15458,5.85830,11.69000,18.12819,24.97972,76.92345
56-1,1783321285.470898,2026-07-06T14:01:25.470898,5.08619,1.30033,6.61373,13.26000,20.82254,5.05133,1.27201,6.42535,12.93000,20.12033,5.02586,1.24149,6.23957,12.28000,19.78251,5.06914,1.17118,5.93687,11.86000,18.72257,25.21552,79.44794
56-1,1783321285.571016,2026-07-06T14:01:25.571016,5.09093,1.28666,6.55030,13.26000,21.47834,5.05133,1.27201,6.42535,12.93000,20.76362,5.02260,1.22831,6.16931,12.15000,20.40017,5.07314,1.17118,5.94156,11.86000,19.31743,25.08652,81.95955
56-1,1783321285.671133,2026-07-06T14:01:25.671133,5.08693,1.28666,6.54515,13.12000,22.13362,5.04747,1.26908,6.40565,12.90000,21.40494,5.02591,1.16971,5.87888,11.57000,20.98874,5.06514,1.09232,5.53275,11.06000,19.87135,24.36243,84.39865
56-1,1783321285.771250,2026-07-06T14:01:25.771250,5.08683,1.28861,6.55495,13.14000,22.78988,5.05645,1.24735,6.30718,12.68000,22.03639,5.02592,1.24052,6.23473,12.27000,21.61295,5.06104,1.17313,5.93727,11.88000,20.46577,25.03413,86.90499
56-1,1783321285.871368,2026-07-06T14:01:25.871368,5.08828,1.26200,6.42141,12.87000,23.43278,5.05542,1.27006,6.42068,12.91000,22.67922,5.02592,1.24052,6.23473,12.27000,22.23716,5.06904,1.17313,5.94666,11.88000,21.06114,25.02348,89.41030
56-1,1783321285.971485,2026-07-06T14:01:25.971485,5.08688,1.28764,6.55005,13.13000,24.08855,5.05138,1.27103,6.42048,12.92000,23.32202,5.02506,1.25565,6.30974,12.42000,22.86887,5.07304,1.17313,5.95135,11.88000,21.65697,25.23162,91.93641
56-1,1783321286.071605,2026-07-06T14:01:26.071605,5.09088,1.28764,6.55520,13.13000,24.74486,5.05938,1.27103,6.43065,12.92000,23.96585,5.02626,1.23441,6.20448,12.21000,23.49006,5.07304,1.17313,5.95135,11.88000,22.25282,25.14168,94.45359
56-1,1783321286.171725,2026-07-06T14:01:26.171725,5.08368,1.27299,6.47146,12.98000,25.39278,5.05142,1.27006,6.41560,12.91000,24.60818,5.02535,1.25053,6.28433,12.37000,24.11924,5.07364,1.16141,5.89259,11.76000,22.84278,25.06398,96.96299
56-1,1783321286.271843,2026-07-06T14:01:26.271843,5.08272,1.29057,6.55959,13.16000,26.04952,5.05116,1.27592,6.44486,12.97000,25.25343,5.01735,1.25053,6.27433,12.37000,24.74742,5.06888,1.17631,5.96255,11.91000,23.43975,25.24133,99.49012
56-1,1783321286.371960,2026-07-06T14:01:26.371960,5.09515,1.28275,6.53582,13.08000,26.70386,5.05649,1.24638,6.30229,12.67000,25.88440,5.02518,1.25346,6.29885,12.40000,25.37804,5.06488,1.17631,5.95785,11.91000,24.03623,25.09481,102.00253
56-1,1783321286.472079,2026-07-06T14:01:26.472079,5.08315,1.28275,6.52043,13.08000,27.35668,5.04849,1.24638,6.29232,12.67000,26.51438,5.02631,1.23344,6.19964,12.20000,25.99874,5.07304,1.17313,5.95135,11.88000,24.63207,24.96374,104.50187
56-1,1783321286.572197,2026-07-06T14:01:26.572197,5.08725,1.28080,6.51576,13.06000,28.00903,5.05142,1.27006,6.41560,12.91000,27.15669,5.02095,1.25761,6.31438,12.44000,26.63093,5.07294,1.17508,5.96114,11.90000,25.22889,25.20688,107.02553
56-1,1783321286.672316,2026-07-06T14:01:26.672316,5.08704,1.28471,6.53536,13.10000,28.66334,5.05107,1.27787,6.45461,12.99000,27.80292,5.02895,1.25761,6.32444,12.44000,27.26412,5.07344,1.16532,5.91217,11.80000,25.82081,25.22658,109.55119
56-1,1783321286.772434,2026-07-06T14:01:26.772434,5.08208,1.30229,6.61832,13.28000,29.32595,5.06010,1.25517,6.35126,12.76000,28.43880,5.01724,1.25248,6.28399,12.39000,27.89327,5.07264,1.18119,5.99174,11.96000,26.42069,25.24531,112.07871
56-1,1783321286.872552,2026-07-06T14:01:26.872552,5.09408,1.30229,6.63395,13.28000,29.99013,5.05210,1.25517,6.34122,12.76000,29.07367,5.01786,1.24149,6.22964,12.28000,28.51696,5.07664,1.18119,5.99646,11.96000,27.02104,25.20127,114.60180
56-1,1783321286.972670,2026-07-06T14:01:26.972670,5.08736,1.27885,6.50596,13.04000,30.64149,5.04307,1.27787,6.44439,12.99000,29.71886,5.02912,1.25468,6.30992,12.41000,29.14870,5.07273,1.17924,5.98195,11.94000,27.61994,25.24222,117.12899
56-1,1783321287.072788,2026-07-06T14:01:27.072788,5.08288,1.28764,6.54490,13.13000,31.29675,5.04280,1.28373,6.47360,13.05000,30.36699,5.01312,1.25468,6.28984,12.41000,29.77842,5.07264,1.18119,5.99174,11.96000,28.21982,25.30008,119.66198
56-1,1783321287.172906,2026-07-06T14:01:27.172906,5.08309,1.28373,6.52532,13.09000,31.95006,5.05601,1.25712,6.35600,12.78000,31.00334,5.02106,1.25565,6.30471,12.42000,30.40964,5.06904,1.17313,5.94666,11.88000,28.81519,25.13269,122.17823
56-1,1783321287.273024,2026-07-06T14:01:27.273024,5.09040,1.29643,6.59933,13.22000,32.61077,5.05601,1.25712,6.35600,12.78000,31.63969,5.02095,1.25761,6.31438,12.44000,31.04183,5.08104,1.17313,5.96073,11.88000,29.41197,25.23044,124.70426
56-1,1783321287.373143,2026-07-06T14:01:27.373143,5.07440,1.29643,6.57859,13.22000,33.26941,5.04702,1.27885,6.45437,13.00000,32.28589,5.02992,1.24052,6.23969,12.27000,31.66653,5.07304,1.17313,5.95135,11.88000,30.00781,25.22400,127.22965
56-1,1783321287.473261,2026-07-06T14:01:27.473261,5.07851,1.29447,6.57399,13.20000,33.92759,5.04685,1.28275,6.47386,13.04000,32.93405,5.02592,1.24052,6.23473,12.27000,32.29075,5.07254,1.18314,6.00153,11.98000,30.60867,25.28411,129.76106
56-1,1783321287.573380,2026-07-06T14:01:27.573380,5.07883,1.28861,6.54464,13.14000,34.58283,5.05573,1.26322,6.38651,12.84000,33.57346,5.02506,1.25565,6.30974,12.42000,32.92247,5.07254,1.18314,6.00153,11.98000,31.20954,25.24242,132.28829
56-1,1783321287.673498,2026-07-06T14:01:27.673498,5.10219,1.30033,6.63454,13.26000,35.24706,5.05573,1.26322,6.38651,12.84000,34.21286,5.02479,1.26054,6.33393,12.47000,33.55661,5.07654,1.18314,6.00626,11.98000,31.81087,25.36124,134.82741
56-1,1783321287.773614,2026-07-06T14:01:27.773614,5.09019,1.30033,6.61894,13.26000,35.90973,5.05902,1.27885,6.46972,13.00000,34.86059,5.02855,1.26469,6.35954,12.51000,34.19330,5.07259,1.18216,5.99663,11.97000,32.41124,25.44483,137.37485
56-1,1783321287.873732,2026-07-06T14:01:27.873732,5.08229,1.29838,6.59875,13.24000,36.57038,5.05902,1.27885,6.46972,13.00000,35.50832,5.02455,1.26469,6.35448,12.51000,34.82950,5.07249,1.18412,6.00642,11.99000,33.01258,25.42937,139.92078
57-1,1783321287.973871,2026-07-06T14:01:27.973871,5.08727,1.20707,6.14069,12.31000,0.61492,5.05226,1.33988,6.76945,13.62000,0.67788,5.02169,1.24442,6.24911,12.31000,0.62578,5.07739,1.16630,5.92174,11.81000,0.59299,25.08099,2.51157
57-1,1783321288.073988,2026-07-06T14:01:28.073988,5.08651,1.29447,6.58435,13.20000,1.27413,5.06026,1.33988,6.78016,13.62000,1.35670,5.01706,1.32646,6.65492,13.12000,1.29205,5.09011,0.83645,4.25763,8.47000,1.01926,24.27706,4.94214
57-1,1783321288.174108,2026-07-06T14:01:28.174108,5.08651,1.29447,6.58435,13.20000,1.93335,5.06233,1.02908,5.20957,10.46000,1.87828,5.02666,1.22733,6.16938,12.14000,1.90973,5.08211,0.83645,4.25094,8.47000,1.44486,22.21424,7.16621
57-1,1783321288.274227,2026-07-06T14:01:28.274227,5.08086,1.25126,6.35748,12.76000,2.56986,5.05655,1.15677,5.84928,11.76000,2.46390,5.03466,1.22733,6.17920,12.14000,2.52838,5.07039,1.06766,5.41345,10.81000,1.98685,23.79941,9.54900
57-1,1783321288.374345,2026-07-06T14:01:28.374345,5.08497,1.24931,6.35268,12.74000,3.20588,5.04894,1.23661,6.24357,12.57000,3.08900,5.02609,1.23734,6.21900,12.24000,3.15102,5.06589,1.15653,5.85885,11.71000,2.57343,24.67410,12.01932
57-1,1783321288.474463,2026-07-06T14:01:28.474463,5.08401,1.26688,6.44085,12.92000,3.85072,5.05294,1.23661,6.24851,12.57000,3.71459,5.02626,1.23441,6.20448,12.21000,3.77220,5.07839,1.14652,5.82248,11.61000,3.15636,24.71632,14.49387
57-1,1783321288.574582,2026-07-06T14:01:28.574582,5.08768,1.27299,6.47655,12.98000,4.49915,5.06032,1.25028,6.32683,12.71000,4.34802,5.02764,1.21000,6.08343,11.97000,4.38127,5.07439,1.14652,5.81789,11.61000,3.73884,24.70470,16.96728
57-1,1783321288.674701,2026-07-06T14:01:28.674701,5.08368,1.27299,6.47146,12.98000,5.14706,5.06023,1.25224,6.33660,12.73000,4.98243,5.02764,1.21000,6.08343,11.97000,4.99033,5.07384,1.15751,5.87300,11.72000,4.32684,24.76449,19.44666
57-1,1783321288.774819,2026-07-06T14:01:28.774819,5.09217,1.26395,6.43627,12.89000,5.79145,5.05689,1.23759,6.25834,12.58000,5.60901,5.03009,1.23734,6.22395,12.24000,5.61346,5.07384,1.15751,5.87300,11.72000,4.91484,24.79156,21.92876
57-1,1783321288.874938,2026-07-06T14:01:28.874938,5.09131,1.27982,6.51598,13.05000,6.44382,5.05289,1.23759,6.25339,12.58000,6.23509,5.02638,1.23222,6.19359,12.19000,6.23355,5.06974,1.15946,5.87815,11.74000,5.50335,24.84111,24.41581
57-1,1783321288.975055,2026-07-06T14:01:28.975055,5.09036,1.22391,6.23016,12.48000,7.06757,5.05489,1.19340,6.03249,12.13000,6.83905,5.03009,1.16654,5.86780,11.54000,6.82103,5.07374,1.15946,5.88279,11.74000,6.09232,24.01324,26.81996
57-1,1783321289.075175,2026-07-06T14:01:29.075175,5.08236,1.22391,6.22037,12.48000,7.69035,5.06826,0.89822,4.55242,9.13000,7.29483,5.05926,0.86233,4.36276,8.53000,7.25782,5.07626,0.95193,4.83226,9.64000,6.57612,19.96781,28.81912
57-1,1783321289.175293,2026-07-06T14:01:29.175293,5.09528,0.84036,4.28186,8.57000,8.11904,5.05857,0.93558,4.73267,9.51000,7.76866,5.04326,0.86233,4.34896,8.53000,7.69323,5.08261,0.82669,4.20172,8.37000,6.99679,17.56521,30.57773
57-1,1783321289.275413,2026-07-06T14:01:29.275413,5.07244,1.25907,6.38656,12.84000,8.75846,5.06257,0.93558,4.73641,9.51000,8.24287,5.03031,1.16263,5.84841,11.50000,8.27878,5.05774,1.15946,5.86424,11.74000,7.58392,22.83562,32.86403
57-1,1783321289.375534,2026-07-06T14:01:29.375534,5.07957,1.27494,6.47616,13.00000,9.40686,5.05294,1.23661,6.24851,12.57000,8.86847,5.02671,1.22636,6.16454,12.13000,8.89597,5.07774,1.15946,5.88743,11.74000,8.17337,24.77664,35.34468
57-1,1783321289.475654,2026-07-06T14:01:29.475654,5.08757,1.27494,6.48636,13.00000,10.05627,5.05535,1.18339,5.98242,12.03000,9.46743,5.02592,1.24052,6.23473,12.27000,9.52019,5.07110,1.05374,5.34363,10.67000,8.70838,24.04714,37.75228
57-1,1783321289.575772,2026-07-06T14:01:29.575772,5.08828,1.26200,6.42141,12.87000,10.69917,5.05272,1.24149,6.27291,12.62000,10.09546,5.02992,1.24052,6.23969,12.27000,10.14490,5.07359,1.16239,5.89748,11.77000,9.29882,24.83149,40.23835
57-1,1783321289.675891,2026-07-06T14:01:29.675891,5.08747,1.27689,6.49616,13.02000,11.34956,5.04472,1.24149,6.26298,12.62000,10.72251,5.02592,1.24052,6.23473,12.27000,10.76912,5.07379,1.15848,5.87789,11.73000,9.88731,24.87176,42.72850
57-1,1783321289.776010,2026-07-06T14:01:29.776010,5.08315,1.28275,6.52043,13.08000,12.00238,5.05601,1.25712,6.35600,12.78000,11.35887,5.02684,1.22416,6.15365,12.11000,11.38521,5.06944,1.16532,5.90751,11.80000,10.47876,24.93759,45.22523
57-1,1783321289.876128,2026-07-06T14:01:29.876128,5.08773,1.27201,6.47165,12.97000,12.65031,5.05586,1.26029,6.37187,12.81000,11.99680,5.02581,1.24247,6.24441,12.29000,12.01039,5.07344,1.16532,5.91217,11.80000,11.07068,25.00010,47.72818
57-1,1783321289.976245,2026-07-06T14:01:29.976245,5.09173,1.27201,6.47674,12.97000,13.29875,5.05307,1.23368,6.23387,12.54000,12.62092,5.02581,1.24247,6.24441,12.29000,12.63557,5.07398,1.15458,5.85830,11.69000,11.65720,24.81332,50.21243
57-1,1783321290.076365,2026-07-06T14:01:30.076365,5.08747,1.27689,6.49616,13.02000,13.94914,5.04907,1.23368,6.22894,12.54000,13.24456,5.02769,1.20902,6.07859,11.96000,13.24415,5.07339,1.16630,5.91707,11.81000,12.24961,24.72076,52.68746
57-1,1783321290.176485,2026-07-06T14:01:30.176485,5.08693,1.28666,6.54515,13.12000,14.60444,5.05178,1.26225,6.37658,12.83000,13.88298,5.02592,1.24052,6.23473,12.27000,13.86837,5.07424,1.14945,5.83259,11.64000,12.83357,24.98905,55.18936
57-1,1783321290.276603,2026-07-06T14:01:30.276603,5.08470,1.25419,6.37718,12.79000,15.24291,5.05236,1.24931,6.31194,12.70000,14.51493,5.03089,1.22318,6.15370,12.10000,14.48447,5.07424,1.14945,5.83259,11.64000,13.41752,24.67541,57.65983
57-1,1783321290.376722,2026-07-06T14:01:30.376722,5.08470,1.25419,6.37718,12.79000,15.88139,5.05129,1.27299,6.43023,12.94000,15.15871,5.02689,1.22318,6.14881,12.10000,15.10008,5.07344,1.16532,5.91217,11.80000,14.00944,24.86839,60.14962
57-1,1783321290.476839,2026-07-06T14:01:30.476839,5.08373,1.27201,6.46657,12.97000,16.52880,5.05529,1.27299,6.43532,12.94000,15.80300,5.02946,1.24857,6.27965,12.35000,15.72878,5.07434,1.14750,5.82279,11.62000,14.59240,25.00433,62.65298
57-1,1783321290.576958,2026-07-06T14:01:30.576958,5.08390,1.26884,6.45065,12.94000,17.17463,5.05173,1.26322,6.38146,12.84000,16.44190,5.03004,1.23832,6.22879,12.25000,16.35240,5.06929,1.16825,5.92219,11.83000,15.18532,24.98309,65.15425
57-1,1783321290.677076,2026-07-06T14:01:30.677076,5.08779,1.27103,6.46675,12.96000,17.82207,5.05191,1.25932,6.36195,12.80000,17.07885,5.02564,1.24540,6.25893,12.32000,16.97903,5.06929,1.16825,5.92219,11.83000,15.77824,25.00982,67.65818
57-1,1783321290.777195,2026-07-06T14:01:30.777195,5.08379,1.27103,6.46167,12.96000,18.46901,5.05155,1.26713,6.40097,12.88000,17.71971,5.02964,1.24540,6.26391,12.32000,17.60617,5.07724,1.16923,5.93644,11.84000,16.37259,25.06299,70.16748
57-1,1783321290.877312,2026-07-06T14:01:30.877312,5.09045,1.29545,6.59443,13.21000,19.12922,5.05155,1.26713,6.40097,12.88000,18.36056,5.02615,1.23637,6.21416,12.23000,18.22832,5.06934,1.16727,5.91730,11.82000,16.96502,25.12686,72.68311
57-1,1783321290.977432,2026-07-06T14:01:30.977432,5.09179,1.27103,6.47184,12.96000,19.77718,5.05214,1.25419,6.33634,12.75000,18.99494,5.03089,1.15238,5.79749,11.40000,18.80876,5.07434,1.06864,5.42262,10.82000,17.50792,24.02829,75.08880
57-1,1783321291.077548,2026-07-06T14:01:31.077548,5.08604,1.22977,6.25467,12.54000,20.40337,5.05566,1.17655,5.94823,11.96000,19.59046,5.02969,1.24442,6.25907,12.31000,19.43539,5.07359,1.16239,5.89748,11.77000,18.09836,24.35945,77.52758
57-1,1783321291.177667,2026-07-06T14:01:31.177667,5.08678,1.21610,6.18604,12.54000,21.02272,5.05419,1.20902,6.11062,12.29000,20.20225,5.02969,1.24442,6.25907,12.31000,20.06205,5.06959,1.16239,5.89283,11.77000,18.68834,24.44856,79.97536
57-1,1783321291.277784,2026-07-06T14:01:31.277784,5.09078,1.21610,6.19091,12.40000,21.64253,5.05419,1.20902,6.11062,12.29000,20.81403,5.02152,1.24760,6.26483,12.34000,20.68926,5.07405,1.15336,5.85218,11.68000,19.27425,24.41854,82.42006
58-1,1783321291.377920,2026-07-06T14:01:31.377920,5.07941,1.27787,6.49083,13.03000,0.64996,5.05245,1.24735,6.30219,12.68000,0.63107,5.02540,1.17875,5.92368,11.66000,0.59317,5.07499,1.13480,5.75910,11.49000,0.57669,24.47580,2.45090
58-1,1783321291.478038,2026-07-06T14:01:31.478038,5.07845,1.29545,6.57888,13.21000,1.30863,5.04861,1.33207,6.72512,13.54000,1.30438,5.01730,1.32231,6.63440,13.08000,1.25739,5.06688,1.29472,6.56018,13.11000,1.23348,26.49858,5.10388
58-1,1783321291.578159,2026-07-06T14:01:31.578159,5.09287,1.17777,5.99823,12.01000,1.90918,5.07848,0.93753,4.76122,9.53000,1.78108,5.03730,1.32231,6.66085,13.08000,1.92429,5.08288,1.29472,6.58089,13.11000,1.89237,24.00119,7.50691
58-1,1783321291.678277,2026-07-06T14:01:31.678277,5.09287,1.17777,5.99823,12.01000,2.50971,5.05848,0.93753,4.74247,9.53000,2.25588,5.03174,1.06644,5.36604,10.55000,2.46152,5.07385,1.07840,5.47165,10.92000,2.44018,21.57839,9.66729
58-1,1783321291.778396,2026-07-06T14:01:31.778396,5.08773,1.27201,6.47165,12.97000,3.15764,5.05342,1.22587,6.19483,12.46000,2.87610,5.02220,1.23539,6.20438,12.22000,3.08270,5.07099,1.13480,5.75456,11.49000,3.01632,24.62542,12.13276
58-1,1783321291.878514,2026-07-06T14:01:31.878514,5.08790,1.26884,6.45572,12.94000,3.80398,5.05232,1.25028,6.31682,12.71000,3.50853,5.03031,1.23344,6.20457,12.20000,3.70389,5.06974,1.15946,5.87815,11.74000,3.60483,24.85526,14.62123
58-1,1783321291.978633,2026-07-06T14:01:31.978633,5.09207,1.19242,6.07189,12.16000,4.41189,5.05948,1.18046,5.97249,12.00000,4.10649,5.02231,1.23344,6.19470,12.20000,4.32410,5.07374,1.15946,5.88279,11.74000,4.19381,24.12187,17.03629
58-1,1783321292.078751,2026-07-06T14:01:32.078751,5.08807,1.19242,6.06712,12.16000,5.01932,5.05148,1.18046,5.96305,12.00000,4.70350,5.03129,1.14530,5.76233,11.33000,4.90101,5.07650,1.10501,5.60960,11.19000,4.75543,23.40210,19.37926
58-1,1783321292.178871,2026-07-06T14:01:32.178871,5.08412,1.26493,6.43106,12.90000,5.66319,5.05610,1.25517,6.34624,12.76000,5.33889,5.02786,1.20609,6.06406,11.93000,5.50814,5.07005,1.15336,5.84757,11.68000,5.34089,24.68893,21.85111
58-1,1783321292.278990,2026-07-06T14:01:32.278990,5.08470,1.25419,6.37718,12.79000,6.30167,5.05641,1.24833,6.31206,12.69000,5.97084,5.02592,1.24052,6.23473,12.27000,6.13236,5.06969,1.16044,5.88305,11.75000,5.92989,24.80702,24.33476
58-1,1783321292.379107,2026-07-06T14:01:32.379107,5.09192,1.12186,5.71243,11.44000,6.87358,5.06183,1.12845,5.71204,11.47000,6.54271,5.03506,1.22025,6.14404,12.07000,6.74748,5.08239,1.14652,5.82706,11.61000,6.51328,23.39557,26.67705
58-1,1783321292.479224,2026-07-06T14:01:32.479224,5.09592,1.12186,5.71691,11.44000,7.44594,5.06183,1.12845,5.71204,11.47000,7.11459,5.02306,1.22025,6.12940,12.07000,7.36114,5.07039,1.14652,5.81330,11.61000,7.09529,23.37165,29.01697
58-1,1783321292.579341,2026-07-06T14:01:32.579341,5.08352,1.27592,6.48615,13.01000,8.09532,5.05218,1.25321,6.33146,12.74000,7.74848,5.02604,1.23832,6.22384,12.25000,7.98425,5.07364,1.16141,5.89259,11.76000,7.68524,24.93404,31.51329
58-1,1783321292.679459,2026-07-06T14:01:32.679459,5.08709,1.28373,6.53046,13.09000,8.74913,5.05294,1.23661,6.24851,12.57000,8.37406,5.02598,1.23930,6.22868,12.26000,8.60785,5.07394,1.15555,5.86320,11.70000,8.27225,24.87085,34.00329
58-1,1783321292.779575,2026-07-06T14:01:32.779575,5.08817,1.26395,6.43122,12.89000,9.39300,5.04796,1.25810,6.35082,12.79000,9.00988,5.02346,1.21317,6.09432,12.00000,9.21799,5.06949,1.16434,5.90262,11.79000,8.86320,24.77898,36.48408
58-1,1783321292.879692,2026-07-06T14:01:32.879692,5.08725,1.28080,6.51576,13.06000,10.04534,5.05996,1.25810,6.36591,12.79000,9.64722,5.03146,1.21317,6.10402,12.00000,9.82911,5.07749,1.16434,5.91194,11.79000,9.45508,24.89763,38.97674
58-1,1783321292.979810,2026-07-06T14:01:32.979810,5.08725,1.28080,6.51576,13.06000,10.69768,5.05191,1.25932,6.36195,12.80000,10.28416,5.02186,1.24149,6.23460,12.28000,10.45330,5.06944,1.16532,5.90751,11.80000,10.04653,25.01982,41.48167
58-1,1783321293.079927,2026-07-06T14:01:33.079927,5.08720,1.28178,6.52066,13.07000,11.35052,5.05320,1.23075,6.21923,12.51000,10.90682,5.02220,1.23539,6.20438,12.22000,11.07447,5.06939,1.16630,5.91241,11.81000,10.63847,24.85668,43.97027
58-1,1783321293.180044,2026-07-06T14:01:33.180044,5.08677,1.28959,6.55985,13.15000,12.00727,5.05191,1.25932,6.36195,12.80000,11.54375,5.02964,1.24540,6.26391,12.32000,11.70159,5.07359,1.16239,5.89748,11.77000,11.22891,25.08319,46.48152
58-1,1783321293.280161,2026-07-06T14:01:33.280161,5.08715,1.28275,6.52556,13.08000,12.66059,5.05591,1.25932,6.36698,12.80000,12.18120,5.03364,1.24540,6.26889,12.32000,12.32922,5.07359,1.16239,5.89748,11.77000,11.81934,25.05891,48.99034
58-1,1783321293.380280,2026-07-06T14:01:33.380280,5.08315,1.28275,6.52043,13.08000,13.31340,5.05214,1.25419,6.33634,12.75000,12.81558,5.02158,1.24638,6.25878,12.33000,12.95584,5.07329,1.16825,5.92687,11.83000,12.41274,25.04242,51.49756
58-1,1783321293.480399,2026-07-06T14:01:33.480399,5.09141,1.27787,6.50617,13.03000,13.96480,5.05173,1.26322,6.38146,12.84000,13.45449,5.02220,1.23539,6.20438,12.22000,13.57702,5.07415,1.15140,5.84238,11.66000,12.99767,24.93439,53.99398
58-1,1783321293.580518,2026-07-06T14:01:33.580518,5.09244,1.25907,6.41174,12.84000,14.60673,5.05169,1.26420,6.38634,12.85000,14.09389,5.02569,1.24442,6.25409,12.31000,14.20317,5.07329,1.16825,5.92687,11.83000,13.59106,24.97904,56.49485
58-1,1783321293.680636,2026-07-06T14:01:33.680636,5.08357,1.27494,6.48126,13.00000,15.25562,5.05636,1.24931,6.31694,12.85000,14.72632,5.02569,1.24442,6.25409,12.31000,14.82932,5.07405,1.15336,5.85218,11.68000,14.17697,24.90447,58.98823
58-1,1783321293.780756,2026-07-06T14:01:33.780756,5.07957,1.27494,6.47616,13.00000,15.90402,5.05636,1.24931,6.31694,12.70000,15.35878,5.03009,1.23734,6.22395,12.24000,15.45246,5.07405,1.15336,5.85218,11.68000,14.76289,24.86923,61.47814
58-1,1783321293.880873,2026-07-06T14:01:33.880873,5.08779,1.27103,6.46675,12.96000,16.55145,5.05164,1.26518,6.39121,12.86000,15.99864,5.02975,1.24345,6.25422,12.30000,16.07861,5.07324,1.16923,5.93176,11.84000,15.35676,25.04394,63.98545
58-1,1783321293.980991,2026-07-06T14:01:33.980991,5.09077,1.28959,6.56501,13.15000,17.20872,5.05276,1.24052,6.26803,12.61000,16.62618,5.02592,1.24052,6.23473,12.27000,16.70282,5.07314,1.17118,5.94156,11.86000,15.95161,25.00933,66.48934
58-1,1783321294.081110,2026-07-06T14:01:34.081110,5.09035,1.29740,6.60423,13.23000,17.86993,5.05160,1.26615,6.39609,12.87000,17.26656,5.02192,1.24052,6.22977,12.27000,17.32654,5.07369,1.16044,5.88769,11.75000,16.54108,25.11778,69.00411
58-1,1783321294.181228,2026-07-06T14:01:34.181228,5.08838,1.26005,6.41161,12.85000,18.51185,5.05160,1.26615,6.39609,12.87000,17.90692,5.02964,1.24540,6.26391,12.32000,17.95367,5.07369,1.16044,5.88769,11.75000,17.13055,24.95930,71.50299
58-1,1783321294.281347,2026-07-06T14:01:34.281347,5.08838,1.26005,6.41161,12.85000,19.15377,5.05236,1.24931,6.31194,12.70000,18.53886,5.02946,1.24857,6.27965,12.35000,18.58238,5.07324,1.16923,5.93176,11.84000,17.72443,24.93496,73.99945
58-1,1783321294.381464,2026-07-06T14:01:34.381464,5.08347,1.27689,6.49105,13.02000,19.80364,5.05151,1.26811,6.40585,12.89000,19.18020,5.02581,1.24247,6.24441,12.29000,19.20755,5.07314,1.17118,5.94156,11.86000,18.31928,25.08287,76.51066
58-1,1783321294.481581,2026-07-06T14:01:34.481581,5.08325,1.28080,6.51063,13.06000,20.45547,5.04786,1.26029,6.36178,12.81000,19.81713,5.02581,1.24247,6.24441,12.29000,19.83273,5.07724,1.16923,5.93644,11.84000,18.91362,25.05326,79.01894
58-1,1783321294.581699,2026-07-06T14:01:34.581699,5.08693,1.28666,6.54515,13.12000,21.11075,5.05186,1.26029,6.36683,12.81000,20.45456,5.02546,1.24857,6.27466,12.35000,20.46093,5.06924,1.16923,5.92709,11.84000,19.50703,25.11373,81.53328
58-1,1783321294.681817,2026-07-06T14:01:34.681817,5.09093,1.28666,6.55030,13.12000,21.76655,5.04738,1.27103,6.41539,12.92000,21.09685,5.02684,1.22416,6.15365,12.11000,21.07702,5.07304,1.17313,5.95135,11.88000,20.10287,25.07069,84.04329
58-1,1783321294.781937,2026-07-06T14:01:34.781937,5.08645,1.29545,6.58924,13.21000,22.42627,5.04738,1.27103,6.41539,12.92000,21.73916,5.02524,1.25248,6.29401,12.39000,21.70718,5.07299,1.17411,5.95624,11.89000,20.69921,25.25488,86.57181
58-1,1783321294.882055,2026-07-06T14:01:34.882055,5.09213,1.19144,6.06698,12.15000,23.03368,5.05147,1.26908,6.41072,12.90000,22.38099,5.02524,1.25248,6.29401,12.39000,22.33732,5.07694,1.17508,5.96584,11.90000,21.29649,24.73755,89.04848
58-1,1783321294.982175,2026-07-06T14:01:34.982175,5.08336,1.27885,6.50084,13.04000,23.68454,5.05147,1.26908,6.41072,12.90000,23.02283,5.03044,1.23124,6.19367,12.18000,22.95743,5.07294,1.17508,5.96114,11.90000,21.89332,25.06637,91.55812
58-1,1783321295.082294,2026-07-06T14:01:35.082294,5.08736,1.27885,6.50596,13.04000,24.33592,5.05155,1.26713,6.40097,12.88000,23.66369,5.02918,1.25346,6.30386,12.40000,23.58857,5.07694,1.17508,5.96584,11.90000,22.49062,25.17663,94.07879
58-1,1783321295.182411,2026-07-06T14:01:35.182411,5.08229,1.29838,6.59875,13.24000,24.99656,5.05138,1.27103,6.42048,12.92000,24.30649,5.02924,1.25248,6.29902,12.39000,24.21921,5.07364,1.16141,5.89259,11.76000,23.08057,25.21084,96.60283
58-1,1783321295.282530,2026-07-06T14:01:35.282530,5.08347,1.27689,6.49105,13.02000,25.64644,5.05151,1.26811,6.40585,12.89000,24.94784,5.03324,1.25248,6.30403,12.39000,24.85036,5.07288,1.17631,5.96726,11.91000,23.67800,25.16819,99.12263
58-1,1783321295.382648,2026-07-06T14:01:35.382648,5.09477,1.28959,6.57017,13.15000,26.30424,5.05551,1.26811,6.41092,12.89000,25.58969,5.02564,1.24540,6.25893,12.32000,25.47699,5.06888,1.17631,5.96255,11.91000,24.27496,25.20257,101.64588
58-1,1783321295.482767,2026-07-06T14:01:35.482767,5.09035,1.29740,6.60423,13.23000,26.96544,5.05227,1.25126,6.32170,12.72000,26.22261,5.02512,1.25468,6.30490,12.41000,26.10823,5.06888,1.17631,5.96255,11.91000,24.87193,25.19338,104.16821
58-1,1783321295.582886,2026-07-06T14:01:35.582886,5.09035,1.29740,6.60423,13.23000,27.62665,5.05147,1.26908,6.41072,12.90000,26.86444,5.02506,1.25565,6.30974,12.42000,26.73995,5.07288,1.17631,5.96726,11.91000,25.46936,25.29195,106.70040
58-1,1783321295.683005,2026-07-06T14:01:35.683005,5.08651,1.29447,6.58435,13.20000,28.28587,5.04707,1.27787,6.44950,12.99000,27.51016,5.02964,1.24540,6.26391,12.32000,27.36709,5.07319,1.17020,5.93666,11.85000,26.06373,25.23442,109.22685
58-1,1783321295.783124,2026-07-06T14:01:35.783124,5.08720,1.28178,6.52066,13.07000,28.93871,5.05907,1.27787,6.46484,12.99000,28.15741,5.00964,1.24540,6.23900,12.32000,27.99173,5.07283,1.17728,5.97216,11.92000,26.66166,25.19666,111.74952
58-1,1783321295.883243,2026-07-06T14:01:35.883243,5.09899,1.28568,6.55568,13.11000,29.59506,5.04796,1.25810,6.35082,12.79000,28.79325,5.03312,1.25468,6.31493,12.41000,28.62398,5.06883,1.17728,5.96745,11.92000,27.25911,25.18888,114.27140
58-1,1783321295.983362,2026-07-06T14:01:35.983362,5.08699,1.28568,6.54026,13.11000,30.24986,5.04724,1.27396,6.43001,12.95000,29.43702,5.03306,1.25565,6.31978,12.42000,29.25671,5.06478,1.17826,5.96763,11.93000,27.85659,25.25768,116.80017
58-1,1783321296.083479,2026-07-06T14:01:36.083479,5.08619,1.30033,6.61373,13.26000,30.91201,5.05098,1.27982,6.46437,13.01000,30.08421,5.01415,1.23637,6.19932,12.23000,29.87736,5.06469,1.18021,5.97740,11.95000,28.45503,25.25482,119.32861
58-1,1783321296.183597,2026-07-06T14:01:36.183597,5.08688,1.28764,6.55005,13.13000,31.56779,5.04698,1.27982,6.45925,13.01000,30.73090,5.02215,1.23637,6.20921,12.23000,30.49902,5.07273,1.17924,5.98195,11.94000,29.05393,25.20046,121.85163
58-1,1783321296.283716,2026-07-06T14:01:36.283716,5.09093,1.28666,6.55030,13.12000,32.22360,5.05610,1.25517,6.34624,12.76000,31.36628,5.02495,1.25761,6.31941,12.44000,31.13171,5.07273,1.17924,5.98195,11.94000,29.65284,25.19790,124.37443
58-1,1783321296.383835,2026-07-06T14:01:36.383835,5.10293,1.28666,6.56574,13.12000,32.88095,5.05520,1.27494,6.44508,12.96000,32.01155,5.02501,1.25663,6.31457,12.43000,31.76392,5.07299,1.17411,5.95624,11.89000,30.24917,25.28163,126.90558
58-1,1783321296.483953,2026-07-06T14:01:36.483953,5.08992,1.30522,6.64344,13.31000,33.54608,5.05996,1.25810,6.36591,12.79000,32.64889,5.03786,1.24149,6.25447,12.28000,32.39010,5.06934,1.08841,5.51753,11.02000,30.80157,24.78135,129.38664
58-1,1783321296.584071,2026-07-06T14:01:36.584071,5.09099,1.28568,6.54540,13.11000,34.20139,5.06396,1.25810,6.37095,12.79000,33.28674,5.03786,1.24149,6.25447,12.28000,33.01629,5.06865,1.10208,5.58608,11.16000,31.36084,24.75690,131.86527
58-1,1783321296.684191,2026-07-06T14:01:36.684191,5.07376,1.30815,6.63722,13.34000,34.86591,5.05502,1.27885,6.46461,13.00000,33.93397,5.02472,1.26176,6.33997,12.48000,33.65105,5.07259,1.18216,5.99663,11.97000,31.96122,25.43843,134.41215
58-1,1783321296.784309,2026-07-06T14:01:36.784309,5.08272,1.29057,6.55959,13.34000,35.52264,5.05494,1.28080,6.47437,13.02000,34.58218,5.02466,1.26273,6.34481,12.49000,34.28628,5.06859,1.18216,5.99190,11.97000,32.56112,25.37067,136.95221
59-1,1783321296.884447,2026-07-06T14:01:36.884447,5.09072,1.29057,6.56991,13.16000,0.65790,5.05898,1.27982,6.47460,13.01000,0.64836,5.01746,1.24857,6.26467,12.35000,0.62734,5.07694,1.17508,5.96584,11.90000,0.59741,25.27502,2.53101
59-1,1783321296.984565,2026-07-06T14:01:36.984565,5.09181,1.19730,6.09643,12.21000,1.26826,5.05098,1.27982,6.46437,13.01000,1.29556,5.02546,1.24857,6.27466,12.35000,1.25554,5.07673,1.17924,5.98666,11.94000,1.19678,24.82212,5.01615
59-1,1783321297.084682,2026-07-06T14:01:37.084682,5.08383,1.34355,6.83036,13.70000,1.95210,5.06035,1.33793,6.77040,13.60000,1.97339,5.03833,1.30399,6.56996,12.90000,1.91331,5.08500,1.01614,5.16710,10.29000,1.71410,25.33782,7.55290
59-1,1783321297.184800,2026-07-06T14:01:37.184800,5.08773,1.27201,6.47165,12.97000,2.60003,5.07251,1.06937,5.42438,10.87000,2.51647,5.05310,1.04227,5.26669,10.31000,2.44060,5.06500,1.01614,5.14677,10.29000,2.22938,22.30949,9.78647
59-1,1783321297.284918,2026-07-06T14:01:37.284918,5.08373,1.27201,6.46657,12.97000,3.24744,5.05249,1.24638,6.29731,12.67000,3.14694,5.02706,1.22025,6.13428,12.07000,3.05475,5.07794,1.15555,5.86782,11.70000,2.81685,24.76598,12.26598
59-1,1783321297.385036,2026-07-06T14:01:37.385036,5.08449,1.25810,6.39677,12.83000,3.88788,5.04849,1.24638,6.29232,12.67000,3.77692,5.02306,1.22025,6.12940,12.07000,3.66841,5.07784,1.15751,5.87763,11.72000,3.40531,24.69612,14.73852
59-1,1783321297.485153,2026-07-06T14:01:37.485153,5.08357,1.27494,6.48126,13.00000,4.53676,5.04933,1.22782,6.19968,12.48000,4.39761,5.02729,1.21610,6.11370,12.03000,4.28050,5.07479,1.13871,5.77870,11.53000,3.98386,24.57334,17.19872
59-1,1783321297.585271,2026-07-06T14:01:37.585271,5.08886,1.25126,6.36749,12.76000,5.17426,5.04782,1.26127,6.36666,12.82000,5.03503,5.02626,1.23441,6.20448,12.21000,4.90168,5.07079,1.13871,5.77414,11.53000,4.56196,24.71277,19.67293
59-1,1783321297.685388,2026-07-06T14:01:37.685388,5.08486,1.25126,6.36248,12.76000,5.81126,5.05614,1.25419,6.34135,12.75000,5.66990,5.03484,1.22416,6.16344,12.11000,5.51874,5.06989,1.15653,5.86347,11.71000,5.14899,24.73074,22.14889
59-1,1783321297.785505,2026-07-06T14:01:37.785505,5.08709,1.28373,6.53046,13.09000,6.46507,5.04814,1.25419,6.33132,12.75000,6.30378,5.02684,1.22416,6.15365,12.11000,6.13483,5.07474,1.13968,5.78360,11.54000,5.72802,24.79903,24.63170
59-1,1783321297.885623,2026-07-06T14:01:37.885623,5.08731,1.27982,6.51086,13.05000,7.11692,5.05342,1.22587,6.19483,12.46000,6.92399,5.02671,1.22636,6.16454,12.13000,6.75201,5.07379,1.15848,5.87789,11.73000,6.31651,24.74812,27.10943
59-1,1783321297.985741,2026-07-06T14:01:37.985741,5.08741,1.27787,6.50106,13.03000,7.76779,5.05164,1.26518,6.39121,12.86000,7.56386,5.02609,1.23734,6.21900,12.24000,7.37464,5.07405,1.15336,5.85218,11.68000,6.90241,24.96345,29.60871
59-1,1783321298.085858,2026-07-06T14:01:38.085858,5.09141,1.27787,6.50617,13.03000,8.41917,5.05997,1.16971,5.91871,11.89000,8.15643,5.03242,1.12528,5.66287,11.13000,7.94159,5.07005,1.15336,5.84757,11.68000,7.48785,23.93532,32.00504
59-1,1783321298.185977,2026-07-06T14:01:38.185977,5.08877,1.17972,6.00334,12.03000,9.02022,5.05997,1.16971,5.91871,11.89000,8.74900,5.02842,1.12528,5.65837,11.13000,8.50810,5.07394,1.15555,5.86320,11.70000,8.07487,23.44362,34.35218
59-1,1783321298.286094,2026-07-06T14:01:38.286094,5.08028,1.26200,6.41132,12.87000,9.66210,5.05218,1.25321,6.33146,12.74000,9.38289,5.03084,1.22416,6.15854,12.11000,9.12468,5.07344,1.16532,5.91217,11.80000,8.66678,24.81349,36.83646
59-1,1783321298.386211,2026-07-06T14:01:38.386211,5.07936,1.27885,6.49573,13.04000,10.31244,5.05267,1.24247,6.27779,12.63000,10.01141,5.02998,1.23930,6.23364,12.26000,9.74877,5.07429,1.14847,5.82769,11.63000,9.25023,24.83485,39.32285
59-1,1783321298.486330,2026-07-06T14:01:38.486330,5.08870,1.25419,6.38219,12.79000,10.95141,5.05205,1.25614,6.34609,12.77000,10.64677,5.03111,1.21928,6.13431,12.06000,10.36293,5.07029,1.14847,5.82309,11.63000,9.83323,24.68568,41.79435
59-1,1783321298.586447,2026-07-06T14:01:38.586447,5.08870,1.25419,6.38219,12.79000,11.59038,5.05605,1.25614,6.35112,12.77000,11.28263,5.02711,1.21928,6.12944,12.06000,10.97659,5.07344,1.16532,5.91217,11.80000,10.42515,24.77492,44.27475
59-1,1783321298.686565,2026-07-06T14:01:38.686565,5.09115,1.28275,6.53069,13.08000,12.24422,5.05702,1.23466,6.24369,12.55000,11.90773,5.02986,1.24149,6.24454,12.28000,11.60178,5.07379,1.15848,5.87789,11.73000,11.01363,24.89681,46.76736
59-1,1783321298.786682,2026-07-06T14:01:38.786682,5.09083,1.28861,6.56011,13.14000,12.90100,5.05632,1.25028,6.32182,12.71000,12.54065,5.03244,1.19584,6.01798,11.83000,12.20429,5.07344,1.16532,5.91217,11.80000,11.60554,24.81208,49.25148
59-1,1783321298.886799,2026-07-06T14:01:38.886799,5.09286,1.25126,6.37249,12.76000,13.53899,5.05178,1.26225,6.37658,12.83000,13.17906,5.02981,1.24247,6.24938,12.29000,12.82996,5.07344,1.16532,5.91217,11.80000,12.19745,24.91062,51.74545
59-1,1783321298.986917,2026-07-06T14:01:38.986917,5.08886,1.25126,6.36749,12.76000,14.17649,5.05578,1.26225,6.38163,12.83000,13.81797,5.02586,1.24149,6.23957,12.28000,13.45465,5.06929,1.16825,5.92219,11.83000,12.79036,24.91088,54.23947
59-1,1783321299.087035,2026-07-06T14:01:39.087035,5.08379,1.27103,6.46167,12.96000,14.82342,5.05182,1.26127,6.37170,12.82000,14.45589,5.02986,1.24149,6.24454,12.28000,14.07984,5.07344,1.16532,5.91217,11.80000,13.38228,24.99008,56.74144
59-1,1783321299.187153,2026-07-06T14:01:39.187153,5.08336,1.27885,6.50084,13.04000,15.47427,5.05258,1.24442,6.28755,12.65000,15.08539,5.02564,1.24540,6.25893,12.32000,14.70647,5.07339,1.16630,5.91707,11.81000,13.97468,24.96439,59.24082
59-1,1783321299.287271,2026-07-06T14:01:39.287271,5.08683,1.28861,6.55495,13.14000,16.13054,5.04769,1.26420,6.38128,12.85000,15.72427,5.02631,1.23344,6.19964,12.20000,15.32717,5.07324,1.16923,5.93176,11.84000,14.56856,25.06763,61.75053
59-1,1783321299.387387,2026-07-06T14:01:39.387387,5.08283,1.28861,6.54980,13.14000,16.78628,5.04769,1.26420,6.38128,12.85000,16.36314,5.02552,1.24760,6.26982,12.34000,15.95488,5.07324,1.16923,5.93176,11.84000,15.16242,25.13266,64.26672
59-1,1783321299.487504,2026-07-06T14:01:39.487504,5.09147,1.27689,6.50126,13.02000,17.43717,5.05285,1.23856,6.25827,12.59000,16.98970,5.02552,1.24760,6.26982,12.34000,16.58259,5.07029,1.14847,5.82309,11.63000,15.74541,24.85244,66.75488
59-1,1783321299.587622,2026-07-06T14:01:39.587622,5.09217,1.26395,6.43627,12.89000,18.08155,5.05169,1.26420,6.38634,12.85000,17.62908,5.02992,1.24052,6.23969,12.27000,17.20729,5.06914,1.17118,5.93687,11.86000,16.33980,24.99917,69.25773
59-1,1783321299.687740,2026-07-06T14:01:39.687740,5.09115,1.28275,6.53069,13.08000,18.73539,5.05285,1.23856,6.25827,12.59000,18.25565,5.02964,1.24540,6.26391,12.32000,17.83442,5.07329,1.16825,5.92687,11.83000,16.93318,24.97974,71.75865
59-1,1783321299.787858,2026-07-06T14:01:39.787858,5.08757,1.27494,6.48636,13.00000,19.38479,5.05685,1.23856,6.26323,12.59000,18.88271,5.02912,1.25468,6.30992,12.41000,18.46616,5.07329,1.16825,5.92687,11.83000,17.52657,24.98638,74.26024
59-1,1783321299.887976,2026-07-06T14:01:39.887976,5.09157,1.27494,6.49146,13.00000,20.03471,5.05147,1.26908,6.41072,12.90000,19.52454,5.02912,1.25468,6.30992,12.41000,19.09790,5.06944,1.16532,5.90751,11.80000,18.11802,25.11961,76.77516
59-1,1783321299.988093,2026-07-06T14:01:39.988093,5.08038,1.26005,6.40153,12.85000,20.67561,5.05792,1.12650,5.69775,11.45000,20.09498,5.02735,1.21512,6.10886,12.02000,19.70950,5.07465,1.06253,5.39198,10.76000,18.65785,23.60012,79.13795
60-1,1783321300.088232,2026-07-06T14:01:40.088232,5.08434,1.18754,6.03784,12.11000,0.60462,5.04170,1.21976,6.14968,12.40000,0.61582,5.02957,1.17582,5.91385,11.63000,0.59221,5.06725,1.12967,5.72433,11.44000,0.57323,23.82570,2.38588
60-1,1783321300.188352,2026-07-06T14:01:40.188352,5.07808,1.30229,6.61311,13.28000,1.26672,5.05370,1.21976,6.16432,12.40000,1.23299,5.01866,1.29814,6.51490,12.84000,1.24447,5.07125,1.12967,5.72885,11.44000,1.14680,25.02118,4.89098
60-1,1783321300.288471,2026-07-06T14:01:40.288471,5.08608,1.30229,6.62353,13.28000,1.92986,5.04483,1.32719,6.69545,13.49000,1.90333,5.02266,1.29814,6.52010,12.84000,1.89726,5.06604,1.23246,6.24368,12.48000,1.77191,26.08276,7.50236
60-1,1783321300.388590,2026-07-06T14:01:40.388590,5.08420,1.33671,6.79611,13.63000,2.61029,5.06088,0.97293,4.92388,9.89000,2.39631,5.03140,1.14335,5.75263,11.31000,2.47321,5.08430,0.87210,4.43401,8.83000,2.21584,21.90663,9.69565
60-1,1783321300.488710,2026-07-06T14:01:40.488710,5.09865,1.07181,5.46479,10.93000,3.15742,5.04827,1.16288,5.87052,11.82000,2.98406,5.03745,1.03616,5.21963,10.25000,2.99580,5.06990,1.07743,5.46243,10.91000,2.76274,22.01737,11.90002
60-1,1783321300.588829,2026-07-06T14:01:40.588829,5.07649,1.25810,6.38671,12.83000,3.79685,5.05627,1.16288,5.87983,11.82000,3.57275,5.01831,1.23344,6.18977,12.20000,3.61551,5.06974,1.15946,5.87815,11.74000,3.35125,24.33446,14.33637
60-1,1783321300.688949,2026-07-06T14:01:40.688949,5.08049,1.25810,6.39174,12.83000,4.43679,5.05232,1.25028,6.31682,12.71000,4.20519,5.02631,1.23344,6.19964,12.20000,4.23622,5.07774,1.15946,5.88743,11.74000,3.94070,24.79563,16.81890
60-1,1783321300.789068,2026-07-06T14:01:40.789068,5.08396,1.26786,6.44575,12.93000,5.08214,5.05214,1.25419,6.33634,12.75000,4.83957,5.03015,1.23637,6.21911,12.23000,4.85887,5.07379,1.15848,5.87789,11.73000,4.52919,24.87909,19.30977
61-1,1783321300.889201,2026-07-06T14:01:40.889201,5.08845,1.18558,6.03278,12.09000,0.60408,5.05267,1.24247,6.27779,12.63000,0.62862,5.03306,1.18485,5.96342,11.72000,0.59714,5.07479,1.13871,5.77870,11.53000,0.57864,24.05269,2.40848
61-1,1783321300.989320,2026-07-06T14:01:40.989320,5.07258,1.32987,6.74589,13.56000,1.27947,5.05267,1.24247,6.27779,12.63000,1.25714,5.01559,1.35258,6.78399,13.38000,1.27634,5.06724,1.20878,6.12516,12.24000,1.19189,25.93283,5.00484
61-1,1783321301.089438,2026-07-06T14:01:41.089438,5.09772,1.23563,6.29891,12.60000,1.91011,5.04142,1.22587,6.18012,12.46000,1.87588,5.03159,1.35258,6.80563,13.38000,1.95771,5.07124,1.20878,6.13000,12.24000,1.80561,25.41466,7.54931
61-1,1783321301.189557,2026-07-06T14:01:41.189557,5.08972,1.23563,6.28902,12.60000,2.53975,5.04152,1.22367,6.16916,12.44000,2.49353,5.02489,1.18778,5.96847,11.75000,2.55526,5.07389,1.15653,5.86810,11.71000,2.39311,24.29475,9.98166
61-1,1783321301.289674,2026-07-06T14:01:41.289674,5.09467,1.29154,6.57998,13.17000,3.19852,5.05654,1.24540,6.29741,12.66000,3.12401,5.02220,1.23539,6.20438,12.22000,3.17643,5.07494,1.13578,5.76400,11.50000,2.97019,24.84577,12.46915
61-1,1783321301.389794,2026-07-06T14:01:41.389794,5.09846,1.22196,6.23012,12.46000,3.82229,5.06179,1.21781,6.16430,12.66000,3.74118,5.03289,1.18778,5.97797,11.75000,3.77495,5.07284,1.09818,5.57089,11.12000,3.52795,23.94328,14.86636
61-1,1783321301.489911,2026-07-06T14:01:41.489911,5.08747,1.27689,6.49616,13.02000,4.47266,5.05379,1.21781,6.15456,12.38000,4.35736,5.02889,1.18778,5.97322,11.75000,4.37296,5.07284,1.09818,5.57089,11.12000,4.08569,24.19483,17.28867
61-1,1783321301.590028,2026-07-06T14:01:41.590028,5.08347,1.27689,6.49105,13.02000,5.12252,5.05605,1.25614,6.35112,12.77000,4.99321,5.02626,1.23441,6.20448,12.21000,4.99414,5.07774,1.15946,5.88743,11.74000,4.67512,24.93408,19.78499
61-1,1783321301.690145,2026-07-06T14:01:41.690145,5.08492,1.25028,6.35758,12.75000,5.75903,5.05614,1.25419,6.34135,12.75000,5.62809,5.02735,1.21512,6.10886,12.02000,5.60574,5.07779,1.15848,5.88253,11.73000,5.26406,24.69032,22.25691
61-1,1783321301.790262,2026-07-06T14:01:41.790262,5.08304,1.28471,6.53022,13.10000,6.41281,5.05672,1.24149,6.27788,12.62000,6.25661,5.02220,1.23539,6.20438,12.22000,6.22690,5.06994,1.15555,5.85858,11.70000,5.85060,24.87106,24.74692
61-1,1783321301.890379,2026-07-06T14:01:41.890379,5.09608,1.11893,5.70216,11.41000,6.98370,5.05272,1.24149,6.27291,12.62000,6.88463,5.03420,1.23539,6.21920,12.22000,6.84955,5.07759,1.16239,5.90213,11.77000,6.44151,24.09640,27.15939
61-1,1783321301.990498,2026-07-06T14:01:41.990498,5.09208,1.11893,5.69769,11.41000,7.55414,5.05218,1.25321,6.33146,12.74000,7.51853,5.02998,1.23930,6.23364,12.26000,7.47365,5.07359,1.16239,5.89748,11.77000,7.03196,24.16027,29.57828
61-1,1783321302.090615,2026-07-06T14:01:42.090615,5.08785,1.26981,6.46063,12.95000,8.20096,5.05191,1.25932,6.36195,12.80000,8.15547,5.02769,1.20902,6.07859,11.96000,8.08222,5.07034,1.14750,5.81820,11.62000,7.61446,24.71937,32.05311
61-1,1783321302.190732,2026-07-06T14:01:42.190732,5.08768,1.27299,6.47655,12.98000,8.84938,5.05636,1.24931,6.31694,12.70000,8.78791,5.02535,1.25053,6.28433,12.37000,8.71140,5.06939,1.16630,5.91241,11.81000,8.20639,24.99023,34.55508
62-1,1783321302.290869,2026-07-06T14:01:42.290869,5.09099,1.21220,6.17128,12.36000,0.61797,5.05636,1.24931,6.31694,12.70000,0.63256,5.02981,1.24247,6.24938,12.29000,0.62579,5.07405,1.15336,5.85218,11.68000,0.58602,24.58978,2.46233
62-1,1783321302.390989,2026-07-06T14:01:42.390989,5.07839,1.36991,6.95696,12.36000,1.31450,5.04839,1.33695,6.74947,13.59000,1.30831,5.02981,1.24247,6.24938,12.29000,1.25148,5.07405,1.15336,5.85218,11.68000,1.17194,25.80799,5.04623
62-1,1783321302.491109,2026-07-06T14:01:42.491109,5.09039,1.36991,6.97340,13.97000,2.01268,5.06795,0.90506,4.58678,9.20000,1.76754,5.02009,1.13114,5.67841,11.19000,1.82000,5.06404,1.11405,5.64158,11.28000,1.73677,22.88017,7.33699
62-1,1783321302.591227,2026-07-06T14:01:42.591227,5.09083,1.21512,6.18600,12.39000,2.63201,5.04436,1.24931,6.30195,12.70000,2.39848,5.01404,1.23832,6.20898,12.25000,2.44163,5.06259,1.14261,5.78458,11.57000,2.31591,24.48151,9.78803
62-1,1783321302.691345,2026-07-06T14:01:42.691345,5.09218,1.19047,6.06207,12.14000,3.23893,5.05636,1.24931,6.31694,12.70000,3.03092,5.03591,1.13431,5.71229,11.22000,3.01353,5.07870,1.06156,5.39132,10.75000,2.85568,23.48262,12.13906
62-1,1783321302.791463,2026-07-06T14:01:42.791463,5.07617,1.26395,6.41605,12.89000,3.88129,5.04938,1.22684,6.19480,12.47000,3.65113,5.02791,1.13431,5.70322,11.22000,3.58453,5.07470,1.06156,5.38708,10.75000,3.39502,23.70115,14.51198
62-1,1783321302.891582,2026-07-06T14:01:42.891582,5.08817,1.26395,6.43122,12.89000,4.52518,5.04849,1.24638,6.29232,12.67000,4.28111,5.03164,1.21000,6.08827,11.97000,4.19408,5.07384,1.15751,5.87300,11.72000,3.98302,24.68481,16.98339
62-1,1783321302.991701,2026-07-06T14:01:42.991701,5.09163,1.27396,6.48655,12.99000,5.17460,5.05214,1.25419,6.33634,12.75000,4.91550,5.03066,1.22733,6.17429,12.14000,4.81224,5.07469,1.14066,5.78849,11.55000,4.56256,24.78567,19.46490
62-1,1783321303.091819,2026-07-06T14:01:43.091819,5.09414,1.22782,6.25469,12.52000,5.80081,5.05214,1.25419,6.33634,12.75000,5.54988,5.02780,1.20707,6.06890,11.94000,5.41985,5.07398,1.15458,5.85830,11.69000,5.14908,24.51823,21.91962
62-1,1783321303.191938,2026-07-06T14:01:43.191938,5.08704,1.28471,6.53536,13.10000,6.45513,5.05245,1.24735,6.30219,12.68000,6.18085,5.02380,1.20707,6.06407,11.94000,6.02698,5.07359,1.16239,5.89748,11.69000,5.73953,24.79910,24.40249
62-1,1783321303.292057,2026-07-06T14:01:43.292057,5.08304,1.28471,6.53022,13.10000,7.10893,5.05210,1.25517,6.34122,12.76000,6.81573,5.02986,1.24149,6.24454,12.28000,6.65218,5.07359,1.16239,5.89748,11.77000,6.32998,25.01346,26.90681
62-1,1783321303.392176,2026-07-06T14:01:43.392176,5.08812,1.26493,6.43612,12.90000,7.75331,5.05641,1.24833,6.31206,12.69000,7.44769,5.03004,1.23832,6.22879,12.25000,7.27580,5.07364,1.16141,5.89259,11.76000,6.91994,24.86956,29.39673
62-1,1783321303.492295,2026-07-06T14:01:43.492295,5.08747,1.27689,6.49616,13.02000,8.40369,5.05241,1.24833,6.30707,12.69000,8.07914,5.02415,1.20096,6.03382,11.88000,7.87990,5.07410,1.15238,5.84728,11.67000,7.50537,24.68433,31.86810
62-1,1783321303.592415,2026-07-06T14:01:43.592415,5.08449,1.25810,6.39677,12.83000,9.04414,5.05654,1.24540,6.29741,12.66000,8.70964,5.02415,1.20096,6.03382,11.88000,8.48400,5.07359,1.16239,5.89748,11.77000,8.09582,24.62548,34.33359
62-1,1783321303.692533,2026-07-06T14:01:43.692533,5.08449,1.25810,6.39677,12.83000,9.68457,5.05591,1.25932,6.36698,12.80000,9.34709,5.03009,1.23734,6.22395,12.24000,9.10713,5.06959,1.16239,5.89283,11.77000,8.68580,24.88053,36.82459
62-1,1783321303.792652,2026-07-06T14:01:43.792652,5.08796,1.26786,6.45082,12.93000,10.33042,5.05267,1.24247,6.27779,12.63000,9.97561,5.03038,1.23222,6.19852,12.19000,9.72772,5.07410,1.15238,5.84728,11.67000,9.27122,24.77441,39.30498
62-1,1783321303.892771,2026-07-06T14:01:43.892771,5.08828,1.26200,6.42141,12.87000,10.97332,5.04867,1.24247,6.27282,12.63000,10.60364,5.02604,1.23832,6.22384,12.25000,10.35084,5.07344,1.16532,5.91217,11.80000,9.86314,24.83024,41.79095
62-1,1783321303.992889,2026-07-06T14:01:43.992889,5.08683,1.28861,6.55495,13.14000,11.62960,5.05591,1.25932,6.36698,12.80000,11.24109,5.02604,1.23832,6.22384,12.25000,10.97397,5.07015,1.15140,5.83778,11.66000,10.44761,24.98355,44.29227
62-1,1783321304.093008,2026-07-06T14:01:44.093008,5.08438,1.26005,6.40657,12.85000,12.27101,5.05582,1.26127,6.37675,12.82000,11.87953,5.02986,1.24149,6.24454,12.28000,11.59916,5.07415,1.15140,5.84238,11.66000,11.03255,24.87024,46.78225
62-1,1783321304.193127,2026-07-06T14:01:44.193127,5.08838,1.26005,6.41161,12.85000,12.91294,5.05316,1.23173,6.22411,12.52000,12.50268,5.03140,1.21415,6.10887,12.01000,12.21078,5.07324,1.16923,5.93176,11.84000,11.62643,24.67635,49.25283
62-1,1783321304.293244,2026-07-06T14:01:44.293244,5.09120,1.28178,6.52578,13.07000,13.56628,5.05316,1.23173,6.22411,12.52000,13.12582,5.02569,1.24442,6.25409,12.31000,12.83692,5.07369,1.16044,5.88769,11.75000,12.21589,24.89167,51.74491
62-1,1783321304.393364,2026-07-06T14:01:44.393364,5.09196,1.26786,6.45589,12.93000,14.21264,5.05178,1.26225,6.37658,12.83000,13.76424,5.02169,1.24442,6.24911,12.31000,13.46258,5.07339,1.16630,5.91707,11.81000,12.80830,24.99865,54.24777
62-1,1783321304.493483,2026-07-06T14:01:44.493483,5.08006,1.26591,6.43089,12.91000,14.85649,5.05241,1.24833,6.30707,12.69000,14.39569,5.02735,1.21512,6.10886,12.02000,14.07419,5.06939,1.16630,5.91241,11.81000,13.40024,24.75923,56.72662
62-1,1783321304.593602,2026-07-06T14:01:44.593602,5.08406,1.26591,6.43596,12.91000,15.50086,5.05155,1.26713,6.40097,12.88000,15.03656,5.02569,1.24442,6.25409,12.31000,14.70034,5.07354,1.16337,5.90238,11.78000,13.99119,24.99340,59.22894
62-1,1783321304.693721,2026-07-06T14:01:44.693721,5.08833,1.26102,6.41651,12.86000,16.14327,5.05555,1.26713,6.40604,12.88000,15.67792,5.02306,1.22025,6.12940,12.07000,15.31401,5.07369,1.16044,5.88769,11.75000,14.58066,24.83964,61.71587
62-1,1783321304.793838,2026-07-06T14:01:44.793838,5.08725,1.28080,6.51576,13.06000,16.79561,5.05155,1.26713,6.40097,12.88000,16.31877,5.02706,1.22025,6.13428,12.07000,15.92816,5.07334,1.16727,5.92197,11.82000,15.17355,24.97298,64.21609
62-1,1783321304.893957,2026-07-06T14:01:44.893957,5.08240,1.29643,6.58896,13.22000,17.45529,5.05133,1.27201,6.42535,12.93000,16.96207,5.02564,1.24540,6.25893,12.32000,16.55480,5.06589,1.15653,5.85885,11.71000,15.76013,25.13209,66.73229
62-1,1783321304.994075,2026-07-06T14:01:44.994075,5.09040,1.29643,6.59933,13.22000,18.11600,5.05573,1.26322,6.38651,12.84000,17.60147,5.02700,1.22123,6.13912,12.08000,17.16944,5.07389,1.15653,5.86810,11.71000,16.34763,24.99306,69.23455
62-1,1783321305.094195,2026-07-06T14:01:45.094195,5.09212,1.26493,6.44118,12.90000,18.76090,5.05173,1.26322,6.38146,12.84000,18.24039,5.02158,1.24638,6.25878,12.33000,17.79607,5.06914,1.17118,5.93687,11.86000,16.94203,25.01829,71.73938
63-1,1783321305.194342,2026-07-06T14:01:45.194342,5.08757,1.27494,6.48636,13.00000,0.64958,5.05542,1.27006,6.42068,12.91000,0.64301,5.02958,1.24638,6.26875,12.33000,0.62779,5.06919,1.17020,5.93198,11.85000,0.59407,25.10777,2.51445
63-1,1783321305.294459,2026-07-06T14:01:45.294459,5.08645,1.29545,6.58924,13.21000,1.30928,5.05279,1.32817,6.71094,13.50000,1.31489,5.02866,1.19193,5.99381,11.79000,1.22787,5.06574,1.23832,6.27300,12.54000,1.22210,25.56699,5.07414
63-1,1783321305.394577,2026-07-06T14:01:45.394577,5.08486,1.32475,6.73615,13.51000,1.98369,5.05120,1.27494,6.43998,12.96000,1.95965,5.03490,1.29398,6.51508,12.80000,1.88016,5.06974,1.23832,6.27796,12.54000,1.85064,25.96917,7.67414
63-1,1783321305.494696,2026-07-06T14:01:45.494696,5.08486,1.32475,6.73615,13.51000,2.65811,5.04720,1.27494,6.43488,12.96000,2.60390,5.06006,0.84817,4.29179,8.39000,2.30984,5.07231,0.95096,4.82354,9.63000,2.33357,22.28636,9.90542
63-1,1783321305.594815,2026-07-06T14:01:45.594815,5.09483,1.21512,6.19086,12.39000,3.27793,5.05668,1.15384,5.83462,11.73000,3.18805,5.01820,1.23539,6.19944,12.22000,2.93052,5.06249,1.14457,5.79436,11.59000,2.91369,24.01928,12.31019
63-1,1783321305.694932,2026-07-06T14:01:45.694932,5.09233,1.26102,6.42156,12.86000,3.92084,5.05329,1.22880,6.20947,12.49000,3.80973,5.02620,1.23539,6.20932,12.22000,3.55219,5.06979,1.15848,5.87326,11.73000,3.50171,24.71361,14.78446
63-1,1783321305.795053,2026-07-06T14:01:45.795053,5.08844,1.25907,6.40671,12.84000,4.56228,5.04814,1.25419,6.33132,12.75000,4.44363,5.02329,1.21610,6.10883,12.03000,4.16380,5.07379,1.15848,5.87789,11.73000,4.09020,24.72475,17.25991
63-1,1783321305.895171,2026-07-06T14:01:45.895171,5.08444,1.25907,6.40167,12.84000,5.20321,5.06014,1.25419,6.34637,12.75000,5.07902,5.02231,1.23344,6.19470,12.20000,4.78401,5.07099,1.13480,5.75456,11.49000,4.66634,24.69730,19.73258
63-1,1783321305.995289,2026-07-06T14:01:45.995289,5.08433,1.26102,6.41147,12.86000,5.84511,5.04823,1.25224,6.32157,12.73000,5.71192,5.03015,1.23637,6.21911,12.23000,5.40665,5.06979,1.15848,5.87326,11.73000,5.25436,24.82541,22.21805
63-1,1783321306.095407,2026-07-06T14:01:46.095407,5.08422,1.26298,6.42126,12.88000,6.48800,5.04929,1.22880,6.20455,12.49000,6.33311,5.02615,1.23637,6.21416,12.23000,6.02880,5.07029,1.14847,5.82309,11.63000,5.83736,24.66306,24.68726
63-1,1783321306.195527,2026-07-06T14:01:46.195527,5.08406,1.26591,6.43596,12.91000,7.13236,5.05191,1.25932,6.36195,12.80000,6.97006,5.02746,1.21317,6.09917,12.00000,6.63945,5.06964,1.16141,5.88794,11.76000,6.42685,24.78502,27.16872
63-1,1783321306.295645,2026-07-06T14:01:46.295645,5.08006,1.26591,6.43089,12.91000,7.77621,5.05591,1.25932,6.36698,12.80000,7.60751,5.02586,1.24149,6.23957,12.28000,7.26414,5.07364,1.16141,5.89259,11.76000,7.01681,24.93003,29.66467
63-1,1783321306.395763,2026-07-06T14:01:46.395763,5.08886,1.25126,6.36749,12.76000,8.41371,5.05186,1.26029,6.36683,12.81000,8.24495,5.02998,1.23930,6.23364,12.26000,7.88824,5.07369,1.16044,5.88769,11.75000,7.60628,24.85565,32.15318
63-1,1783321306.495880,2026-07-06T14:01:46.495880,5.08822,1.26298,6.42632,12.88000,9.05710,5.05311,1.23270,6.22899,12.53000,8.86858,5.02598,1.23930,6.22868,12.26000,8.51184,5.07359,1.16239,5.89748,11.77000,8.19671,24.78147,34.63423
63-1,1783321306.595999,2026-07-06T14:01:46.595999,5.08870,1.25419,6.38219,12.79000,9.69607,5.05160,1.26615,6.39609,12.87000,9.50894,5.03140,1.21415,6.10887,12.01000,9.12345,5.07749,1.16434,5.91194,11.79000,8.78861,24.79909,37.11708
63-1,1783321306.696117,2026-07-06T14:01:46.696117,5.08406,1.26591,6.43596,12.91000,10.34043,5.05960,1.26615,6.40622,12.87000,10.15032,5.03009,1.23734,6.22395,12.24000,9.74658,5.06949,1.16434,5.90262,11.79000,9.37957,24.96875,39.61691
63-1,1783321306.796236,2026-07-06T14:01:46.796236,5.09206,1.26591,6.44608,12.91000,10.98580,5.05186,1.26029,6.36683,12.81000,10.78776,5.03442,1.08988,5.48690,10.78000,10.29593,5.07334,1.16727,5.92197,11.82000,9.97247,24.22178,42.04196
63-1,1783321306.896354,2026-07-06T14:01:46.896354,5.08956,1.23856,6.30374,12.63000,11.61692,5.05186,1.26029,6.36683,12.81000,11.42520,5.03042,1.08988,5.48254,10.78000,10.84483,5.07464,1.14164,5.79339,11.56000,10.55249,23.94650,44.43944
63-1,1783321306.996473,2026-07-06T14:01:46.996473,5.08747,1.27689,6.49616,13.02000,12.26731,5.05169,1.26420,6.38634,12.85000,12.06459,5.02569,1.24442,6.25409,12.31000,11.47098,5.06934,1.16727,5.91730,11.82000,11.14493,25.05389,46.94781
63-1,1783321307.096592,2026-07-06T14:01:47.096592,5.08672,1.29057,6.56475,13.16000,12.92457,5.05169,1.26420,6.38634,12.85000,12.70398,5.02695,1.22221,6.14396,12.09000,12.08611,5.07334,1.16727,5.92197,11.82000,11.73783,25.01702,49.45248
63-1,1783321307.196710,2026-07-06T14:01:47.196710,5.08672,1.29057,6.56475,13.16000,13.58182,5.05294,1.23661,6.24851,12.57000,13.32958,5.02552,1.24760,6.26982,12.34000,12.71383,5.07049,1.14457,5.80351,11.59000,12.31887,24.88659,51.94409
63-1,1783321307.296829,2026-07-06T14:01:47.296829,5.08390,1.26884,6.45065,12.94000,14.22765,5.05169,1.26420,6.38634,12.85000,13.96897,5.02552,1.24760,6.26982,12.34000,13.34156,5.06924,1.16923,5.92709,11.84000,12.91228,25.03390,54.45045
63-1,1783321307.396947,2026-07-06T14:01:47.396947,5.08347,1.27689,6.49105,13.02000,14.87752,5.05632,1.25028,6.32182,12.71000,14.60189,5.02598,1.23930,6.22868,12.26000,13.96516,5.06998,1.15458,5.85368,11.69000,13.49834,24.89523,56.94291
63-1,1783321307.497063,2026-07-06T14:01:47.497063,5.09515,1.28275,6.53582,13.08000,15.53186,5.05232,1.25028,6.31682,12.71000,15.23431,5.02546,1.24857,6.27466,12.35000,14.59336,5.07329,1.16825,5.92687,11.83000,14.09171,25.05417,59.45125
63-1,1783321307.597180,2026-07-06T14:01:47.597180,5.08315,1.28275,6.52043,13.08000,16.18467,5.05547,1.26908,6.41580,12.90000,15.87664,5.03381,1.24247,6.25435,12.29000,15.21952,5.07329,1.16825,5.92687,11.83000,14.68509,25.11745,61.96592
63-1,1783321307.697297,2026-07-06T14:01:47.697297,5.08283,1.28861,6.54980,13.14000,16.84041,5.05582,1.26127,6.37675,12.82000,16.51506,5.02581,1.24247,6.24441,12.29000,15.84469,5.07319,1.17020,5.93666,11.85000,15.27945,25.10762,64.47961
63-1,1783321307.797415,2026-07-06T14:01:47.797415,5.08385,1.26981,6.45555,12.95000,17.48673,5.05538,1.27103,6.42556,12.92000,17.15837,5.02918,1.25346,6.30386,12.40000,16.47582,5.07354,1.16337,5.90238,11.78000,15.87038,25.08735,66.99130
63-1,1783321307.897533,2026-07-06T14:01:47.897533,5.10999,0.86404,4.41523,8.81000,17.92877,5.05938,1.27103,6.43065,12.92000,17.80220,5.04470,0.97855,4.93647,9.68000,16.97005,5.09461,0.82669,4.21164,8.37000,16.29205,19.99399,68.99308
63-1,1783321307.997653,2026-07-06T14:01:47.997653,5.09533,0.83938,4.27693,8.81000,18.35698,5.06426,0.89822,4.54882,9.13000,18.25763,5.04732,0.86135,4.34753,8.52000,17.40532,5.08261,0.82669,4.20172,8.37000,16.71272,17.37500,70.73265
63-1,1783321308.097771,2026-07-06T14:01:48.097771,5.09533,0.83938,4.27693,8.56000,18.78518,5.05433,1.11747,5.64804,11.36000,18.82310,5.03532,0.86135,4.33719,8.52000,17.83956,5.08126,0.93216,4.73653,9.44000,17.18693,18.99869,72.63476
63-1,1783321308.197889,2026-07-06T14:01:48.197889,5.08363,1.27396,6.47636,12.99000,19.43358,5.05173,1.26322,6.38146,12.84000,19.46200,5.03031,1.23344,6.20457,12.20000,18.46075,5.06924,1.16923,5.92709,11.84000,17.78035,24.98948,75.13667
63-1,1783321308.298008,2026-07-06T14:01:48.298008,5.08288,1.28764,6.54490,13.13000,20.08885,5.05173,1.26322,6.38146,12.84000,20.10090,5.02969,1.24442,6.25907,12.31000,19.08740,5.07319,1.17020,5.93666,11.85000,18.37472,25.12209,77.65187
63-1,1783321308.398127,2026-07-06T14:01:48.398127,5.08304,1.28471,6.53022,13.10000,20.74264,5.05142,1.27006,6.41560,12.91000,20.74323,5.02729,1.21610,6.11370,12.03000,19.69949,5.07319,1.17020,5.93666,11.85000,18.96909,24.99618,80.15445
63-1,1783321308.498245,2026-07-06T14:01:48.498245,5.08704,1.28471,6.53536,13.10000,21.39695,5.05178,1.26225,6.37658,12.83000,21.38163,5.01929,1.21610,6.10397,12.03000,20.31061,5.07394,1.15555,5.86320,11.70000,19.55610,24.87911,82.64529
63-1,1783321308.598361,2026-07-06T14:01:48.598361,5.08341,1.27787,6.49595,13.03000,22.04730,5.05151,1.26811,6.40585,12.89000,22.02297,5.02535,1.25053,6.28433,12.37000,20.93978,5.07299,1.17411,5.95624,11.89000,20.15242,25.14237,85.16246
63-1,1783321308.698480,2026-07-06T14:01:48.698480,5.08288,1.28764,6.54490,13.13000,22.70257,5.05551,1.26811,6.41092,12.89000,22.66482,5.02958,1.24638,6.26875,12.33000,21.56739,5.06919,1.17020,5.93198,11.85000,20.74632,25.15655,87.68110
63-1,1783321308.798598,2026-07-06T14:01:48.798598,5.09138,1.20511,6.13570,12.29000,23.31686,5.05627,1.25126,6.32671,12.72000,23.29824,5.03111,1.21928,6.13431,12.06000,22.18155,5.08465,0.94412,4.80053,9.56000,21.22694,23.39725,90.02359
63-1,1783321308.898718,2026-07-06T14:01:48.898718,5.08338,1.20511,6.12606,12.29000,23.93021,5.07230,0.89724,4.55109,9.12000,23.75389,5.05120,0.86331,4.36074,8.54000,22.61815,5.08065,0.94412,4.79675,9.56000,21.70719,19.83464,92.00944
63-1,1783321308.998836,2026-07-06T14:01:48.998836,5.09085,0.84817,4.31791,8.65000,24.36251,5.06386,0.90701,4.59297,9.22000,24.21373,5.04320,0.86331,4.35384,8.54000,23.05405,5.07465,0.82571,4.19019,8.36000,22.12670,17.45491,93.75699
63-1,1783321309.098955,2026-07-06T14:01:49.098955,5.06768,1.27299,6.45109,12.98000,25.00838,5.05586,0.90701,4.58572,9.22000,24.67285,5.02209,1.23734,6.21405,12.24000,23.67619,5.05724,1.16923,5.91305,11.84000,22.71871,23.16391,96.07613
63-1,1783321309.199074,2026-07-06T14:01:49.199074,5.07899,1.28568,6.52997,13.11000,25.66216,5.04751,1.26811,6.40077,12.89000,25.31369,5.02141,1.24955,6.27450,12.36000,24.30439,5.07759,1.16239,5.90213,11.77000,23.30963,25.10737,98.58987
63-1,1783321309.299192,2026-07-06T14:01:49.299192,5.09099,1.28568,6.54540,13.11000,26.31747,5.05201,1.25712,6.35097,12.78000,25.94954,5.02581,1.24247,6.24441,12.29000,24.92957,5.07359,1.16239,5.89748,11.77000,23.90007,25.03826,101.09665
63-1,1783321309.399311,2026-07-06T14:01:49.399311,5.08704,1.28471,6.53536,13.10000,26.97178,5.05151,1.26811,6.40585,12.89000,26.59088,5.02981,1.24247,6.24938,12.29000,25.55524,5.06899,1.17411,5.95155,11.89000,24.49593,25.14214,103.61383
63-1,1783321309.499429,2026-07-06T14:01:49.499429,5.08645,1.29545,6.58924,13.21000,27.63148,5.04729,1.27299,6.42514,12.94000,27.23416,5.02958,1.24638,6.26875,12.33000,26.18286,5.06894,1.17508,5.95644,11.90000,25.09228,25.23957,106.14079
63-1,1783321309.599547,2026-07-06T14:01:49.599547,5.08704,1.28471,6.53536,13.10000,28.28579,5.05929,1.27299,6.44041,12.94000,27.87896,5.02918,1.25346,6.30386,12.40000,26.81399,5.07278,1.17826,5.97705,11.93000,25.69069,25.25668,108.66943
63-1,1783321309.699665,2026-07-06T14:01:49.699665,5.08341,1.27787,6.49595,13.03000,28.93615,5.05232,1.25028,6.31682,12.71000,28.51138,5.01758,1.24638,6.25380,12.33000,27.44011,5.07278,1.17826,5.97705,11.93000,26.28910,25.04362,111.17675
63-1,1783321309.799785,2026-07-06T14:01:49.799785,5.09541,1.27787,6.51128,13.03000,29.58806,5.05129,1.27299,6.43023,12.94000,29.15518,5.02958,1.24638,6.26875,12.33000,28.06773,5.07749,1.16434,5.91194,11.79000,26.88100,25.12220,113.69197
63-1,1783321309.899903,2026-07-06T14:01:49.899903,5.08352,1.27592,6.48615,13.01000,30.23744,5.05533,1.27201,6.43044,12.93000,29.79898,5.02112,1.25468,6.29988,12.41000,28.69847,5.07683,1.17728,5.97686,11.92000,27.47940,25.19333,116.21428
63-1,1783321310.000022,2026-07-06T14:01:50.000022,5.08320,1.28178,6.51553,13.07000,30.88977,5.05533,1.27201,6.43044,12.93000,30.44279,5.02101,1.25663,6.30955,12.43000,29.33017,5.07273,1.17924,5.98195,11.94000,28.07830,25.23747,118.74103
63-1,1783321310.100139,2026-07-06T14:01:50.100139,5.08709,1.28373,6.53046,13.09000,31.54358,5.04418,1.25321,6.32143,12.74000,31.07567,5.01661,1.26371,6.33954,12.50000,29.96487,5.07273,1.17924,5.98195,11.94000,28.67720,25.17338,121.26132
63-1,1783321310.200256,2026-07-06T14:01:50.200256,5.08309,1.28373,6.52532,13.09000,32.19688,5.04311,1.27689,6.43952,12.98000,31.72038,5.02061,1.26371,6.34459,12.50000,30.60007,5.06873,1.17924,5.97723,11.94000,29.27562,25.28666,123.79295
63-1,1783321310.300375,2026-07-06T14:01:50.300375,5.09104,1.28471,6.54049,13.10000,32.85170,5.05924,1.27396,6.44530,12.95000,32.36567,5.01398,1.23930,6.21381,12.26000,31.22219,5.07273,1.17924,5.98195,11.94000,29.87453,25.18155,126.31410
63-1,1783321310.400493,2026-07-06T14:01:50.400493,5.09157,1.27494,6.49146,13.00000,33.50162,5.05924,1.27396,6.44530,12.95000,33.01097,5.01301,1.25663,6.29949,12.43000,31.85288,5.07329,1.16825,5.92687,11.83000,30.46791,25.16312,128.83338
63-1,1783321310.500611,2026-07-06T14:01:50.500611,5.08363,1.27396,6.47636,12.99000,34.15002,5.05196,1.25810,6.35585,12.79000,33.64730,5.02586,1.17069,5.88372,11.58000,32.44195,5.07665,1.10208,5.59489,11.16000,31.02806,24.31082,131.26733
63-1,1783321310.600729,2026-07-06T14:01:50.600729,5.08363,1.27396,6.47636,12.99000,34.79842,5.05102,1.27885,6.45949,13.00000,34.29401,5.02986,1.17069,5.88840,11.58000,33.03148,5.06865,1.10208,5.58608,11.16000,31.58733,24.41033,133.71124
63-1,1783321310.700848,2026-07-06T14:01:50.700848,5.07909,1.28373,6.52019,13.09000,35.45121,5.04698,1.27982,6.45925,13.01000,34.94071,5.02535,1.25053,6.28433,12.37000,33.66067,5.06869,1.18021,5.98212,11.95000,32.18625,25.24589,136.23884
63-1,1783321310.800966,2026-07-06T14:01:50.800966,5.09197,1.19437,6.08170,12.18000,36.06010,5.05498,1.27982,6.46949,13.01000,35.58842,5.02798,1.20389,6.05316,11.91000,34.26669,5.07265,1.10208,5.59048,11.16000,32.74596,24.19483,138.66117
63-1,1783321310.901084,2026-07-06T14:01:50.901084,5.08699,1.28568,6.54026,13.11000,36.71490,5.05107,1.27787,6.45461,12.99000,36.23464,5.02592,1.24052,6.23473,12.27000,34.89090,5.07259,1.18216,5.99663,11.97000,33.34633,25.22623,141.18677
63-1,1783321311.001201,2026-07-06T14:01:51.001201,5.08966,1.23661,6.29393,12.61000,37.34502,5.05098,1.27982,6.46437,13.01000,36.88183,5.02592,1.24052,6.23473,12.27000,35.51510,5.07259,1.18216,5.99663,11.97000,33.94670,24.98966,143.68865
63-1,1783321311.101318,2026-07-06T14:01:51.101318,5.08566,1.23661,6.28898,12.61000,37.97466,5.05094,1.28080,6.46924,13.02000,37.52952,5.03066,1.22733,6.17429,12.14000,36.13326,5.07509,1.13285,5.74930,11.47000,34.52230,24.68181,146.15973
64-1,1783321311.201456,2026-07-06T14:01:51.201456,5.09035,1.29740,6.60423,13.23000,0.66133,5.05494,1.28080,6.47437,13.02000,0.64833,5.02964,1.24540,6.26391,12.32000,0.62725,5.07264,1.18119,5.99174,11.96000,0.60000,25.33425,2.53691
64-1,1783321311.301574,2026-07-06T14:01:51.301574,5.09372,1.23563,6.29397,12.60000,1.29147,5.05379,1.21781,6.15456,12.38000,1.26451,5.01826,1.30522,6.54992,12.91000,1.28302,5.06564,1.24027,6.28277,12.56000,1.22902,25.28122,5.06803
64-1,1783321311.401694,2026-07-06T14:01:51.401694,5.07823,1.37284,6.97162,14.00000,1.98947,5.04830,1.33891,6.75922,13.61000,1.94124,5.02226,1.30522,6.55514,12.91000,1.93932,5.06964,1.24027,6.28773,12.56000,1.85854,26.57371,7.72857
64-1,1783321311.501813,2026-07-06T14:01:51.501813,5.08223,1.37284,6.97711,14.00000,2.68801,5.07945,1.00443,5.10193,10.21000,2.45204,5.02535,1.17972,5.92852,11.67000,2.53288,5.07164,1.12186,5.68968,11.36000,2.42819,23.69724,10.10112
64-1,1783321311.601933,2026-07-06T14:01:51.601933,5.08744,1.13065,5.75212,11.53000,3.26391,5.06345,1.00443,5.08586,10.21000,2.96124,5.02278,1.22514,6.15359,12.12000,3.14897,5.07079,1.13871,5.77414,11.53000,3.00630,22.76571,12.38042
64-1,1783321311.702051,2026-07-06T14:01:51.702051,5.08012,1.26493,6.42600,12.90000,3.90727,5.05210,1.25517,6.34122,12.76000,3.59611,5.02764,1.21000,6.08343,11.97000,3.75804,5.07005,1.15336,5.84757,11.68000,3.59174,24.69822,14.85316
64-1,1783321311.802172,2026-07-06T14:01:51.802172,5.09292,1.25028,6.36758,12.75000,4.54480,5.05258,1.24442,6.28755,12.65000,4.22563,5.02364,1.21000,6.07859,11.97000,4.36663,5.07774,1.15946,5.88743,11.74000,4.18120,24.62115,17.31827
64-1,1783321311.902292,2026-07-06T14:01:51.902292,5.08092,1.25028,6.35258,12.75000,5.18082,5.05316,1.23173,6.22411,12.52000,4.84878,5.03015,1.23637,6.21911,12.23000,4.98929,5.06974,1.15946,5.87815,11.74000,4.76972,24.67395,19.78861
64-1,1783321312.002410,2026-07-06T14:01:52.002410,5.09099,1.28568,6.54540,13.11000,5.83614,5.05316,1.23173,6.22411,12.52000,5.47193,5.02615,1.23637,6.21416,12.23000,5.61144,5.07419,1.15043,5.83748,11.65000,5.35416,24.82115,22.27366
64-1,1783321312.102528,2026-07-06T14:01:52.102528,5.09141,1.27787,6.50617,13.03000,6.48752,5.05596,1.25810,6.36088,12.79000,6.10877,5.02735,1.21512,6.10886,12.02000,6.22304,5.07374,1.15946,5.88279,11.74000,5.94313,24.85870,24.76247
64-1,1783321312.202595,2026-07-06T14:01:52.202595,5.08757,1.27494,6.48636,13.00000,7.13659,5.05605,1.25614,6.35112,12.77000,6.74431,5.02204,1.23832,6.21889,12.25000,6.84535,5.07069,1.14066,5.78393,11.55000,6.52191,24.84030,27.24815
64-1,1783321312.302662,2026-07-06T14:01:52.302662,5.08822,1.26298,6.42632,12.88000,7.77965,5.05342,1.22587,6.19483,12.46000,7.36420,5.03004,1.23832,6.22879,12.25000,7.46865,5.07069,1.14066,5.78393,11.55000,7.10069,24.63387,29.71319
64-1,1783321312.402729,2026-07-06T14:01:52.402729,5.08422,1.26298,6.42126,12.88000,8.42221,5.04942,1.22587,6.18992,12.46000,7.98361,5.02649,1.23026,6.18391,12.17000,8.08745,5.07364,1.16141,5.89259,11.76000,7.69035,24.68768,32.18362
64-1,1783321312.502795,2026-07-06T14:01:52.502795,5.08833,1.26102,6.41651,12.86000,9.06429,5.05155,1.26713,6.40097,12.88000,8.62413,5.02660,1.22831,6.17422,12.15000,8.70528,5.07454,1.14359,5.80319,11.58000,8.27105,24.79489,34.66475
64-1,1783321312.602861,2026-07-06T14:01:52.602861,5.08720,1.28178,6.52066,13.07000,9.71678,5.05214,1.25419,6.33634,12.75000,9.25819,5.02615,1.23637,6.21416,12.23000,9.32711,5.07364,1.16141,5.89259,11.76000,8.86070,24.96375,37.16277
64-1,1783321312.702928,2026-07-06T14:01:52.702928,5.08817,1.26395,6.43122,12.89000,10.36033,5.05298,1.23563,6.24363,12.56000,9.88296,5.02215,1.23637,6.20921,12.23000,9.94844,5.07364,1.16141,5.89259,11.76000,9.45035,24.77665,39.64209
64-1,1783321312.802994,2026-07-06T14:01:52.802994,5.08817,1.26395,6.43122,12.89000,11.00388,5.05298,1.23563,6.24363,12.56000,10.50774,5.02764,1.21000,6.08343,11.97000,10.55719,5.07444,1.14554,5.81299,11.60000,10.03203,24.57127,42.10084
64-1,1783321312.903060,2026-07-06T14:01:52.903060,5.08341,1.27787,6.49595,13.03000,11.65390,5.05601,1.25712,6.35600,12.78000,11.14376,5.02604,1.23832,6.22384,12.25000,11.17998,5.07359,1.16239,5.89748,11.77000,10.62217,24.97327,44.59982
64-1,1783321313.003126,2026-07-06T14:01:53.003126,5.08460,1.25614,6.38698,12.81000,12.29302,5.05663,1.24345,6.28764,12.64000,11.77294,5.03084,1.22416,6.15854,12.11000,11.79624,5.07464,1.14164,5.79339,11.56000,11.20189,24.62655,47.06409
64-1,1783321313.103192,2026-07-06T14:01:53.103192,5.09266,1.18168,6.01788,12.05000,12.89521,5.05752,1.22367,6.18874,12.44000,12.39222,5.02684,1.22416,6.15365,12.11000,12.41201,5.07339,1.16630,5.91707,11.81000,11.79399,24.27734,49.49343
64-1,1783321313.203258,2026-07-06T14:01:53.203258,5.08866,1.18168,6.01315,12.05000,13.49692,5.05752,1.22367,6.18874,12.44000,13.01150,5.03369,1.24442,6.26404,12.31000,13.03883,5.06939,1.16630,5.91241,11.81000,12.38562,24.37834,51.93287
64-1,1783321313.303324,2026-07-06T14:01:53.303324,5.09233,1.26102,6.42156,12.86000,14.13950,5.05178,1.26225,6.37658,12.83000,13.64958,5.03386,1.24149,6.24950,12.28000,13.66419,5.07439,1.14652,5.81789,11.61000,12.96779,24.86553,54.42107
64-1,1783321313.403390,2026-07-06T14:01:53.403390,5.09201,1.26688,6.45099,12.92000,14.78502,5.05307,1.23368,6.23387,12.54000,14.27338,5.02204,1.23832,6.21889,12.25000,14.28649,5.07339,1.16630,5.91707,11.81000,13.55989,24.82082,56.90479
64-1,1783321313.503456,2026-07-06T14:01:53.503456,5.08667,1.29154,6.56965,13.17000,15.44242,5.05173,1.26322,6.38146,12.84000,14.91195,5.03004,1.23832,6.22879,12.25000,14.90978,5.07754,1.16337,5.90703,11.78000,14.15098,25.08693,59.41514
64-1,1783321313.603571,2026-07-06T14:01:53.603571,5.09467,1.29154,6.57998,13.17000,16.10118,5.05173,1.26322,6.38146,12.84000,15.55083,5.02586,1.24149,6.23957,12.28000,15.53446,5.07354,1.16337,5.90238,11.78000,14.74190,25.10339,61.92837
64-1,1783321313.703687,2026-07-06T14:01:53.703687,5.08699,1.28568,6.54026,13.11000,16.75596,5.04880,1.23954,6.25819,12.60000,16.17737,5.02575,1.24345,6.24925,12.30000,16.16011,5.06934,1.16727,5.91730,11.82000,15.33431,24.96500,64.42775
64-1,1783321313.803803,2026-07-06T14:01:53.803803,5.08256,1.29350,6.57427,13.19000,17.41415,5.04764,1.26518,6.38615,12.86000,16.81673,5.02564,1.24540,6.25893,12.32000,16.78673,5.06919,1.17020,5.93198,11.85000,15.92820,25.15133,66.94580
64-1,1783321313.903918,2026-07-06T14:01:53.903918,5.08486,1.25126,6.36248,12.76000,18.05113,5.05258,1.24442,6.28755,12.65000,17.44621,5.02164,1.24540,6.25395,12.32000,17.41284,5.07424,1.14945,5.83259,11.64000,16.51213,24.73657,69.42232
64-1,1783321314.004033,2026-07-06T14:01:54.004033,5.08336,1.27885,6.50084,13.04000,18.70196,5.05258,1.24442,6.28755,12.65000,18.07569,5.03324,1.25248,6.30403,12.39000,18.04397,5.07024,1.14945,5.82799,11.64000,17.09560,24.92041,71.91723
64-1,1783321314.104149,2026-07-06T14:01:54.104149,5.08736,1.27885,6.50596,13.04000,19.35331,5.05160,1.26615,6.39609,12.87000,18.71603,5.03381,1.24247,6.25435,12.29000,18.67013,5.06924,1.16923,5.92709,11.84000,17.68900,25.08349,74.42847
64-1,1783321314.204264,2026-07-06T14:01:54.204264,5.08656,1.29350,6.57945,13.19000,20.01202,5.05272,1.24149,6.27291,12.62000,19.34405,5.02541,1.24955,6.27949,12.36000,19.29880,5.06914,1.17118,5.93687,11.86000,18.28337,25.06872,76.93824
64-1,1783321314.304380,2026-07-06T14:01:54.304380,5.08731,1.27982,6.51086,13.05000,20.66385,5.05542,1.27006,6.42068,12.91000,19.98686,5.02941,1.24955,6.28449,12.36000,19.92798,5.07374,1.15946,5.88279,11.74000,18.87233,25.09882,79.45102
64-1,1783321314.404495,2026-07-06T14:01:54.404495,5.08352,1.27592,6.48615,13.01000,21.31322,5.04742,1.27006,6.41052,12.91000,20.62865,5.03078,1.22514,6.16339,12.12000,20.54503,5.07319,1.17020,5.93666,11.85000,19.46668,24.99672,81.95356
64-1,1783321314.504611,2026-07-06T14:01:54.504611,5.08752,1.27592,6.49126,13.01000,21.96309,5.05245,1.24735,6.30219,12.68000,21.25960,5.02952,1.24760,6.27481,12.34000,21.17323,5.07319,1.17020,5.93666,11.85000,20.06103,25.00492,84.45696
64-1,1783321314.604726,2026-07-06T14:01:54.604726,5.09136,1.27885,6.51107,13.04000,22.61495,5.05147,1.26908,6.41072,12.90000,21.90141,5.02575,1.24345,6.24925,12.30000,21.79888,5.07304,1.17313,5.95135,11.88000,20.65685,25.12239,86.97209
64-1,1783321314.704841,2026-07-06T14:01:54.704841,5.09152,1.27592,6.49636,13.01000,23.26534,5.05129,1.27299,6.43023,12.94000,22.54517,5.03375,1.24345,6.25920,12.30000,22.42552,5.07398,1.15458,5.85830,11.69000,21.24336,25.04409,89.47938
64-1,1783321314.804957,2026-07-06T14:01:54.804957,5.09141,1.27787,6.50617,13.03000,23.91671,5.05929,1.27299,6.44041,12.94000,23.18996,5.02152,1.24760,6.26483,12.34000,23.05273,5.06499,1.17411,5.94685,11.89000,21.83873,25.15826,91.99812
64-1,1783321314.905073,2026-07-06T14:01:54.905073,5.08341,1.27787,6.49595,13.03000,24.56705,5.04764,1.26518,6.38615,12.86000,23.82931,5.02130,1.25150,6.28417,12.38000,23.68187,5.07699,1.17411,5.96094,11.89000,22.43551,25.12721,94.51375
64-1,1783321315.005167,2026-07-06T14:01:55.005167,5.08363,1.27396,6.47636,12.99000,25.21530,5.04724,1.27396,6.43001,12.95000,24.47292,5.02655,1.22929,6.17906,12.16000,24.30036,5.07299,1.17411,5.95624,11.89000,23.03170,25.04167,97.02028
64-1,1783321315.105234,2026-07-06T14:01:55.105234,5.08293,1.28666,6.54001,13.12000,25.86974,5.05664,1.15482,5.83951,11.74000,25.05726,5.03455,1.22929,6.18890,12.16000,24.91966,5.07819,1.07157,5.44162,10.85000,23.57622,24.01004,99.42289
64-1,1783321315.205301,2026-07-06T14:01:55.205301,5.08476,1.25321,6.37228,12.78000,26.50739,5.06064,1.15482,5.84413,11.74000,25.64207,5.03751,1.17679,5.92811,11.64000,25.51287,5.06694,1.13578,5.75491,11.50000,24.15210,23.89943,101.81444
64-1,1783321315.305369,2026-07-06T14:01:55.305369,5.08790,1.26884,6.45572,12.94000,27.15340,5.04841,1.24833,6.30207,12.69000,26.27270,5.02518,1.25346,6.29885,12.40000,26.14319,5.07494,1.13578,5.76400,11.50000,24.72889,24.82064,104.29819
64-1,1783321315.405437,2026-07-06T14:01:55.405437,5.09190,1.26884,6.46080,12.94000,27.79992,5.04979,1.21781,6.14968,12.38000,26.88809,5.03163,1.13919,5.73201,11.27000,26.71678,5.07769,1.16044,5.89233,11.75000,25.31853,24.23482,106.72331
64-1,1783321315.505503,2026-07-06T14:01:55.505503,5.07904,1.28471,6.52508,13.10000,28.45286,5.03907,1.27787,6.43928,12.99000,27.53244,5.02238,1.23222,6.18866,12.19000,27.33605,5.07678,1.17826,5.98176,11.93000,25.91710,25.13478,109.23846
65-1,1783321315.605640,2026-07-06T14:01:55.605640,5.08386,1.19633,6.08195,12.20000,0.60903,5.05507,1.27787,6.45972,12.99000,0.64685,5.03038,1.23222,6.19852,12.19000,0.62070,5.07444,1.14554,5.81299,11.60000,0.58209,24.55318,2.45867
65-1,1783321315.705760,2026-07-06T14:01:55.705760,5.08133,1.31596,6.68682,13.42000,1.27851,5.05679,1.32817,6.71626,13.50000,1.31928,5.02666,1.29814,6.52529,12.84000,1.27401,5.06994,1.23441,6.25840,11.60000,1.20868,26.18677,5.08048
65-1,1783321315.805876,2026-07-06T14:01:55.805876,5.08133,1.31596,6.68682,13.42000,1.94797,5.05586,1.34867,6.81871,13.71000,2.00195,5.02210,1.37895,6.92522,13.64000,1.96734,5.07394,1.23441,6.26333,12.50000,1.83575,26.69408,7.75300
65-1,1783321315.905994,2026-07-06T14:01:55.905994,5.08860,1.25614,6.39200,12.81000,2.58792,5.08076,0.88723,4.50782,9.02000,2.45326,5.05881,0.87039,4.40312,8.61000,2.40817,5.07951,0.80886,4.10862,8.19000,2.24709,19.41156,9.69645
65-1,1783321316.006113,2026-07-06T14:01:56.006113,5.09030,1.22489,6.23506,12.49000,3.21217,5.05676,0.88723,4.48653,9.02000,2.90245,5.03881,0.87039,4.38572,8.61000,2.84726,5.05753,1.24247,6.28383,12.58000,2.87622,21.39114,11.83811
65-1,1783321316.106231,2026-07-06T14:01:56.106231,5.08971,1.30912,6.66305,13.35000,3.87926,5.05257,1.33305,6.73532,13.55000,3.57678,5.02661,1.29911,6.53013,12.85000,3.50105,5.06964,1.24027,6.28773,12.56000,3.50574,26.21623,14.46283
65-1,1783321316.206349,2026-07-06T14:01:56.206349,5.09371,1.30912,6.66828,13.35000,4.54688,5.05222,1.34086,6.77432,13.63000,4.25501,5.03529,1.14530,5.76691,11.33000,4.07842,5.08164,1.24027,6.30262,12.56000,4.13675,25.51213,17.01706
65-1,1783321316.306468,2026-07-06T14:01:56.306468,5.08567,1.16312,5.91525,11.86000,5.13911,5.06202,1.03592,5.24385,10.53000,4.78002,5.03009,1.16654,5.86780,11.54000,4.66589,5.07477,0.82351,4.17913,8.34000,4.55515,21.20603,19.14017
65-1,1783321316.406586,2026-07-06T14:01:56.406586,5.07739,1.31498,6.67667,13.41000,5.80756,5.07002,1.03592,5.25214,10.53000,5.30585,5.03809,1.16654,5.87713,11.54000,5.25430,5.06334,1.04886,5.31074,10.62000,5.08686,23.11668,21.45457
65-1,1783321316.506705,2026-07-06T14:01:56.506705,5.08304,1.28471,6.53022,13.10000,6.46136,5.05908,1.18925,6.01649,12.09000,5.90821,5.02998,1.23930,6.23364,12.26000,5.87841,5.06559,1.16239,5.88818,11.77000,5.67637,24.66853,23.92435
65-1,1783321316.606822,2026-07-06T14:01:56.606822,5.08492,1.25028,6.35758,12.75000,7.09787,5.06130,1.14017,5.77075,11.59000,6.48597,5.03740,1.10794,5.58115,10.96000,6.43718,5.07359,1.16239,5.89748,11.77000,6.26681,23.60696,26.28783
65-1,1783321316.706940,2026-07-06T14:01:56.706940,5.08892,1.25028,6.36258,12.75000,7.73487,5.05191,1.25932,6.36195,12.80000,7.12291,5.02546,1.24857,6.27466,12.35000,7.06538,5.07469,1.14066,5.78849,11.55000,6.84634,24.78768,28.76951
65-1,1783321316.807057,2026-07-06T14:01:56.807057,5.08277,1.28959,6.55469,13.15000,8.39111,5.05191,1.25932,6.36195,12.80000,7.75985,5.02946,1.24857,6.27965,12.35000,7.69408,5.07344,1.16532,5.91217,11.80000,7.43825,25.10846,31.28329
65-1,1783321316.907174,2026-07-06T14:01:56.907174,5.08428,1.26200,6.41637,12.87000,9.03349,5.05578,1.26225,6.38163,12.83000,8.39876,5.02592,1.24052,6.23473,12.27000,8.31828,5.07454,1.14359,5.80319,11.58000,8.01925,24.83592,33.76978
65-1,1783321317.007290,2026-07-06T14:01:57.007290,5.08373,1.27201,6.46657,12.97000,9.68090,5.05711,1.23270,6.23392,12.53000,9.02288,5.02649,1.23026,6.18391,12.17000,8.93739,5.07454,1.14359,5.80319,11.58000,8.60024,24.68759,36.24142
65-1,1783321317.107408,2026-07-06T14:01:57.107408,5.08773,1.27201,6.47165,12.97000,10.32883,5.05573,1.26322,6.38651,12.84000,9.66228,5.02575,1.24345,6.24925,12.30000,9.56305,5.07339,1.16630,5.91707,11.81000,9.19265,25.02448,38.74681
65-1,1783321317.207524,2026-07-06T14:01:57.207524,5.08502,1.24833,6.34778,12.73000,10.96435,5.05573,1.26322,6.38651,12.84000,10.30167,5.02575,1.24345,6.24925,12.30000,10.18871,5.07034,1.14750,5.81820,11.62000,9.77514,24.80174,41.22987
65-1,1783321317.307641,2026-07-06T14:01:57.307641,5.08293,1.28666,6.54001,13.12000,11.61911,5.05601,1.25712,6.35600,12.78000,10.93801,5.02729,1.21610,6.11370,12.03000,10.80079,5.06924,1.16923,5.92709,11.84000,10.36854,24.93680,43.72646
65-1,1783321317.407759,2026-07-06T14:01:57.407759,5.08561,1.23759,6.29388,12.62000,12.24924,5.05160,1.26615,6.39609,12.87000,11.57838,5.02586,1.24149,6.23957,12.28000,11.42548,5.07230,1.10892,5.62478,11.23000,10.93169,24.55432,46.18479
65-1,1783321317.507876,2026-07-06T14:01:57.507876,5.08161,1.23759,6.28893,12.62000,12.87887,5.05201,1.25712,6.35097,12.78000,12.21422,5.02975,1.24345,6.25422,12.30000,12.05164,5.07630,1.10892,5.62921,11.23000,11.49527,24.52333,48.64000
65-1,1783321317.607994,2026-07-06T14:01:57.607994,5.08640,1.29643,6.59414,13.22000,13.53906,5.06304,1.10184,5.57866,11.20000,12.77274,5.02575,1.24345,6.24925,12.30000,12.67730,5.08119,1.17020,5.94602,11.85000,12.09057,24.36807,51.07967
65-1,1783321317.708113,2026-07-06T14:01:57.708113,5.10062,1.03568,5.28259,10.56000,14.06795,5.04704,1.10184,5.56103,11.20000,13.32951,5.03127,1.00394,5.05108,9.93000,13.18301,5.08560,1.08329,5.50915,10.97000,12.64214,21.40385,53.22261
65-1,1783321317.808233,2026-07-06T14:01:57.808233,5.08325,1.28080,6.51063,13.06000,14.71979,5.04880,1.23954,6.25819,12.60000,13.95608,5.01764,1.24540,6.24897,12.32000,13.80865,5.07319,1.17020,5.93666,11.85000,13.23652,24.95445,55.72104
65-1,1783321317.908349,2026-07-06T14:01:57.908349,5.08796,1.26786,6.45082,12.93000,15.36563,5.04742,1.27006,6.41052,12.91000,14.59788,5.03426,1.23441,6.21435,12.21000,14.43081,5.07319,1.17020,5.93666,11.85000,13.83088,25.01235,58.22519
65-1,1783321318.008468,2026-07-06T14:01:58.008468,5.09196,1.26786,6.45589,12.93000,16.01198,5.05249,1.24638,6.29731,12.67000,15.22835,5.02626,1.23441,6.20448,12.21000,15.05200,5.06974,1.15946,5.87815,11.74000,14.41939,24.83583,60.71172
65-1,1783321318.108585,2026-07-06T14:01:58.108585,5.08672,1.29057,6.56475,13.16000,16.66923,5.06049,1.24638,6.30728,12.67000,15.85982,5.02941,1.24955,6.28449,12.36000,15.68118,5.06914,1.17118,5.93687,11.86000,15.01377,25.09339,63.22400
65-1,1783321318.208703,2026-07-06T14:01:58.208703,5.09314,1.17289,5.97368,11.96000,17.26730,5.05955,1.26713,6.41111,12.88000,16.50169,5.03129,1.21610,6.11856,12.03000,16.29376,5.08395,0.95804,4.87061,9.70000,15.50141,23.37396,65.56415
65-1,1783321318.308821,2026-07-06T14:01:58.308821,5.09848,0.85501,4.35923,8.72000,17.70374,5.07630,0.89724,4.55468,9.12000,16.95769,5.05132,0.86135,4.35097,8.52000,16.72937,5.07995,0.95804,4.86678,9.70000,15.98866,18.13166,67.37946
65-1,1783321318.408940,2026-07-06T14:01:58.408940,5.09048,0.85501,4.35239,8.72000,18.13949,5.05174,1.17460,5.93376,11.94000,17.55178,5.04332,0.86135,4.34408,8.52000,17.16429,5.07461,0.82669,4.19510,8.37000,16.40867,18.82533,69.26423
65-1,1783321318.509057,2026-07-06T14:01:58.509057,5.08747,1.27689,6.49616,13.02000,18.78987,5.05574,1.17460,5.93846,11.94000,18.14632,5.03124,1.21708,6.12341,12.04000,17.77735,5.07334,1.16727,5.92197,11.82000,17.00156,24.48000,71.71510
65-1,1783321318.609175,2026-07-06T14:01:58.609175,5.08709,1.28373,6.53046,13.09000,19.44369,5.05178,1.26225,6.37658,12.83000,18.78473,5.02958,1.24638,6.26875,12.33000,18.40497,5.07314,1.17118,5.94156,11.86000,17.59642,25.11735,74.22981
65-1,1783321318.709292,2026-07-06T14:01:58.709292,5.09104,1.28471,6.54049,13.10000,20.09850,5.05164,1.26518,6.39121,12.86000,19.42460,5.02975,1.24345,6.25422,12.30000,19.03112,5.07398,1.15458,5.85830,11.69000,18.18293,25.04422,76.73715
65-1,1783321318.809411,2026-07-06T14:01:58.809411,5.08304,1.28471,6.53022,13.10000,20.75230,5.05524,1.27396,6.44020,12.95000,20.06938,5.02300,1.22123,6.13424,12.08000,19.64528,5.07398,1.15458,5.85830,11.69000,18.76946,24.96296,79.23641
65-1,1783321318.909529,2026-07-06T14:01:58.909529,5.08688,1.28764,6.55005,13.13000,21.40808,5.05924,1.27396,6.44530,12.95000,20.71467,5.02700,1.22123,6.13912,12.08000,20.25991,5.06904,1.17313,5.94666,11.88000,19.36482,25.08113,81.74749
65-1,1783321319.009647,2026-07-06T14:01:59.009647,5.08715,1.28275,6.52556,13.08000,22.06140,5.06005,1.25614,6.35614,12.77000,21.35104,5.04130,1.25150,6.30920,12.38000,20.89158,5.07304,1.09427,5.55129,11.08000,19.92061,24.74219,84.22462
65-1,1783321319.109764,2026-07-06T14:01:59.109764,5.11491,0.84719,4.33332,8.64000,22.49524,5.07630,0.89724,4.55468,9.12000,21.80704,5.06332,0.86135,4.36131,8.52000,21.32822,5.09061,0.82669,4.20833,8.37000,20.34194,17.45764,85.97244
65-1,1783321319.209881,2026-07-06T14:01:59.209881,5.09491,0.84719,4.31637,8.64000,22.92738,5.05397,1.12552,5.68835,11.44000,22.37654,5.02934,1.10892,5.57714,10.97000,21.88658,5.08261,0.82669,4.20172,8.37000,20.76260,19.78358,87.95310
65-1,1783321319.310000,2026-07-06T14:01:59.310000,5.09410,1.15531,5.88526,11.78000,23.51661,5.06197,1.12552,5.69736,11.44000,22.94695,5.04134,1.10892,5.59045,10.97000,22.44629,5.08119,1.17020,5.94602,11.85000,21.35791,23.11909,90.26776
65-1,1783321319.410118,2026-07-06T14:01:59.410118,5.09533,0.83938,4.27693,8.56000,23.94481,5.06030,0.89724,4.54033,9.12000,23.40152,5.04332,0.86135,4.34408,8.52000,22.88121,5.09856,0.82766,4.21988,8.38000,21.78039,17.38122,92.00793
65-1,1783321319.510236,2026-07-06T14:01:59.510236,5.09539,0.83840,4.27199,8.55000,24.37251,5.06035,0.89627,4.53542,9.11000,23.85560,5.04337,0.86038,4.33920,8.51000,23.31565,5.07705,0.93631,4.75368,9.48000,22.25632,17.90029,93.80008
65-1,1783321319.610354,2026-07-06T14:01:59.610354,5.07125,1.28080,6.49526,13.06000,25.02281,5.03538,1.27103,6.40014,12.92000,24.49637,5.01318,1.25346,6.28381,12.40000,23.94477,5.08105,0.93631,4.75743,9.48000,22.73263,23.93664,96.19657
65-1,1783321319.710473,2026-07-06T14:01:59.710473,5.08325,1.28080,6.51063,13.06000,25.67464,5.05138,1.27103,6.42048,12.92000,25.13918,5.02918,1.25346,6.30386,12.40000,24.57590,5.06909,1.17215,5.94176,11.87000,23.32751,25.17673,98.71723
65-1,1783321319.810591,2026-07-06T14:01:59.810591,5.08736,1.27885,6.50596,13.04000,26.32600,5.05538,1.27103,6.42556,12.92000,25.78249,5.02106,1.25565,6.30471,12.42000,25.20712,5.06888,1.17631,5.96255,11.91000,23.92446,25.19878,101.24007
65-1,1783321319.910708,2026-07-06T14:01:59.910708,5.08683,1.28861,6.55495,13.14000,26.98227,5.05627,1.25126,6.32671,12.72000,26.41590,5.02249,1.23026,6.17898,12.17000,25.82574,5.06888,1.17631,5.96255,11.91000,24.52142,25.02319,103.74533
65-1,1783321320.010827,2026-07-06T14:02:00.010827,5.08817,1.26395,6.43122,12.89000,27.62615,5.05116,1.27592,6.44486,12.97000,27.06116,5.02906,1.25565,6.31476,12.42000,26.45797,5.07734,1.16727,5.92664,11.82000,25.11479,25.11748,106.26007
65-1,1783321320.110945,2026-07-06T14:02:00.110945,5.07617,1.26395,6.41605,12.89000,28.26852,5.05516,1.27592,6.44996,12.97000,27.70691,5.02906,1.25565,6.31476,12.42000,27.09019,5.06934,1.16727,5.91730,11.82000,25.70722,25.09807,108.77284
65-1,1783321320.211063,2026-07-06T14:02:00.211063,5.08325,1.28080,6.51063,13.06000,28.92035,5.05116,1.27592,6.44486,12.97000,28.35216,5.02518,1.25346,6.29885,12.40000,27.72082,5.06894,1.17508,5.95644,11.90000,26.30357,25.21078,111.29689
65-1,1783321320.311182,2026-07-06T14:02:00.311182,5.08251,1.29447,6.57917,13.20000,29.57904,5.05191,1.25932,6.36195,12.80000,28.98911,5.02620,1.23539,6.20932,12.22000,28.34249,5.06888,1.17631,5.96255,11.91000,26.90053,25.11299,113.81117
65-1,1783321320.411301,2026-07-06T14:02:00.411301,5.08213,1.30131,6.61343,13.27000,30.24118,5.05511,1.27689,6.45484,12.98000,29.63536,5.03695,1.25761,6.33450,12.44000,28.97669,5.06864,1.18119,5.98701,11.96000,27.49994,25.38978,116.35317
65-1,1783321320.511419,2026-07-06T14:02:00.511419,5.08613,1.30131,6.61863,13.27000,30.90382,5.05111,1.27689,6.44974,12.98000,30.28110,5.02495,1.25761,6.31941,12.44000,29.60938,5.07264,1.18119,5.99174,11.96000,28.09982,25.37952,118.89412
65-1,1783321320.611537,2026-07-06T14:02:00.611537,5.08325,1.28080,6.51063,13.06000,31.55565,5.05916,1.27592,6.45507,12.97000,30.92737,5.03712,1.25468,6.31995,12.41000,30.24212,5.06478,1.17826,5.96763,11.93000,28.69729,25.25328,121.42242
65-1,1783321320.711654,2026-07-06T14:02:00.711654,5.08379,1.27103,6.46167,12.96000,32.20258,5.06548,1.13627,5.75573,11.55000,31.50362,5.04385,1.13529,5.72623,11.23000,30.81541,5.07095,1.05667,5.35833,10.70000,29.23375,23.30196,123.75536
65-1,1783321320.811780,2026-07-06T14:02:00.811780,5.10625,0.85916,4.38707,8.76000,32.64184,5.06435,0.89627,4.53901,9.11000,31.95809,5.05126,0.86233,4.35586,8.53000,31.25155,5.08661,0.82669,4.20502,8.37000,29.65478,17.48696,125.50626
65-1,1783321320.911898,2026-07-06T14:02:00.911898,5.07425,1.22587,6.22036,12.50000,33.26461,5.05635,0.89627,4.53184,9.11000,32.41181,5.03526,0.86233,4.34206,8.53000,31.68627,5.07461,0.82669,4.19510,8.37000,30.07479,19.28936,127.43747
65-1,1783321321.012016,2026-07-06T14:02:01.012016,5.07825,1.22587,6.22526,12.50000,33.88786,5.05138,1.27103,6.42048,12.92000,33.05461,5.03284,1.25956,6.33916,12.46000,32.32093,5.06878,1.17826,5.97234,11.93000,30.67272,24.95724,129.93613
65-1,1783321321.112135,2026-07-06T14:02:01.112135,5.08592,1.30522,6.63822,13.31000,34.55248,5.05124,1.27396,6.43511,12.95000,33.69889,5.03272,1.26176,6.35007,12.48000,32.95669,5.06873,1.17924,5.97723,11.94000,31.27116,25.40063,132.47921
65-1,1783321321.212252,2026-07-06T14:02:01.212252,5.08747,1.27689,6.49616,13.02000,35.20285,5.04698,1.27982,6.45925,13.01000,34.34557,5.02558,1.24638,6.26377,12.33000,33.58380,5.07269,1.18021,5.98684,11.95000,31.87054,25.20602,135.00277
65-1,1783321321.312370,2026-07-06T14:02:01.312370,5.07451,1.29447,6.56881,13.20000,35.86051,5.05498,1.27982,6.46949,13.01000,34.99328,5.02158,1.24638,6.25878,12.33000,34.21042,5.07314,1.17118,5.94156,11.86000,32.46540,25.23864,137.52961
65-1,1783321321.412488,2026-07-06T14:02:01.412488,5.08251,1.29447,6.57917,13.20000,36.51920,5.05902,1.27885,6.46972,13.00000,35.64102,5.02484,1.25956,6.32909,12.46000,34.84407,5.07714,1.17118,5.94624,11.86000,33.06073,25.32422,140.06502
65-1,1783321321.512606,2026-07-06T14:02:01.512606,5.08603,1.30326,6.62843,13.29000,37.18283,5.05991,1.25932,6.37202,12.80000,36.27897,5.02461,1.26371,6.34965,12.50000,35.47979,5.06859,1.18216,5.99190,11.97000,33.66062,25.34200,142.60221
65-1,1783321321.612723,2026-07-06T14:02:01.612723,5.08672,1.29057,6.56475,13.16000,37.84007,5.05641,1.24833,6.31206,12.69000,36.91092,5.02090,1.25858,6.31922,12.45000,36.11245,5.06869,1.18021,5.98212,11.95000,34.25954,25.17815,145.12298
65-1,1783321321.712843,2026-07-06T14:02:01.712843,5.08288,1.28764,6.54490,13.13000,38.49534,5.05241,1.24833,6.30707,12.69000,37.54238,5.02890,1.25858,6.32928,12.45000,36.74614,5.06454,1.18314,5.99206,11.98000,34.85946,25.17331,147.64332
65-1,1783321321.812961,2026-07-06T14:02:01.812961,5.08688,1.28764,6.55005,13.13000,39.15112,5.05107,1.27787,6.45461,12.99000,38.18860,5.02146,1.24857,6.26966,12.35000,37.37384,5.07254,1.18314,6.00153,11.98000,35.46032,25.27585,150.17389
65-1,1783321321.913080,2026-07-06T14:02:01.913080,5.08683,1.28861,6.55495,13.14000,39.80740,5.05085,1.28275,6.47899,13.04000,38.83727,5.02484,1.25956,6.32909,12.46000,38.00750,5.07654,1.18314,6.00626,11.98000,36.06166,25.36929,152.71384
65-1,1783321322.013198,2026-07-06T14:02:02.013198,5.08576,1.30815,6.65291,13.34000,40.47348,5.04751,1.26811,6.40077,12.89000,39.47811,5.02461,1.26371,6.34965,12.50000,38.64322,5.07649,1.18412,6.01116,11.99000,36.66349,25.41449,155.25830
65-1,1783321322.113317,2026-07-06T14:02:02.113317,5.08213,1.30131,6.61343,13.27000,41.13561,5.05951,1.26811,6.41599,12.89000,40.12047,5.02461,1.26371,6.34965,12.50000,39.27894,5.07634,1.18705,6.02586,12.02000,37.26679,25.40493,157.80181
65-1,1783321322.213435,2026-07-06T14:02:02.213435,5.08683,1.28861,6.55495,13.14000,41.79187,5.05111,1.27689,6.44974,12.98000,40.76620,5.02461,1.26371,6.34965,12.50000,39.91466,5.07234,1.18705,6.02111,12.02000,37.86961,25.37545,160.34235
65-1,1783321322.313553,2026-07-06T14:02:02.313553,5.09083,1.28861,6.56011,13.14000,42.44866,5.05829,1.11844,5.65740,11.37000,41.33261,5.02991,1.16971,5.88355,11.57000,40.50370,5.08039,1.18607,6.02570,12.01000,38.47289,24.12676,162.75786
65-1,1783321322.413671,2026-07-06T14:02:02.413671,5.09431,0.85818,4.37183,8.75000,42.88636,5.06830,0.89724,4.54751,9.12000,41.78790,5.04726,0.86233,4.35241,8.53000,40.93946,5.09861,0.82669,4.21494,8.37000,38.89489,17.48669,164.50861
65-1,1783321322.513790,2026-07-06T14:02:02.513790,5.08409,1.04544,5.31512,10.66000,43.41850,5.05230,0.89724,4.53315,9.12000,42.24175,5.02055,1.26469,6.34943,12.51000,41.57516,5.06994,1.07645,5.45754,10.90000,39.44129,21.65524,166.67670
65-1,1783321322.613909,2026-07-06T14:02:02.613909,5.08587,1.30619,6.64312,13.32000,44.08360,5.05147,1.26908,6.41072,12.90000,42.88358,5.01655,1.26469,6.34437,12.51000,42.21034,5.07249,1.18412,6.00642,11.99000,40.04264,25.40463,169.22017
65-1,1783321322.714025,2026-07-06T14:02:02.714025,5.08587,1.30619,6.64312,13.32000,44.74869,5.05102,1.27885,6.45949,13.00000,43.53029,5.02461,1.26371,6.34965,12.50000,42.84605,5.06849,1.18412,6.00169,11.99000,40.64351,25.45395,171.76854
66-1,1783321322.814155,2026-07-06T14:02:02.814155,5.08661,1.29252,6.57455,13.18000,0.65831,5.04689,1.28178,6.46899,13.03000,0.64774,5.02461,1.26371,6.34965,12.50000,0.63579,5.08039,1.18607,6.02570,12.01000,0.60335,25.41889,2.54519
66-1,1783321322.914272,2026-07-06T14:02:02.914272,5.09133,1.20609,6.14061,12.30000,1.27309,5.05089,1.28178,6.47412,13.03000,1.29591,5.02244,1.30204,6.53943,12.88000,1.29050,5.07958,1.20194,6.10536,12.17000,1.21460,25.25952,5.07410
66-1,1783321323.014390,2026-07-06T14:02:03.014390,5.08308,1.35722,6.89886,13.84000,1.96379,5.04475,1.32914,6.70519,13.51000,1.96722,5.02244,1.30204,6.53943,12.88000,1.94521,5.06898,1.25321,6.35251,12.69000,1.85060,26.49599,7.72683
66-1,1783321323.114507,2026-07-06T14:02:03.114507,5.08708,1.35722,6.90429,13.84000,2.65502,5.06114,0.96707,4.89448,9.83000,2.45724,5.02631,1.09183,5.48787,10.80000,2.49464,5.07298,1.25321,6.35753,12.69000,2.48710,23.64417,10.09400
66-1,1783321323.214624,2026-07-06T14:02:03.214624,5.08578,1.16117,5.90544,11.84000,3.24626,5.04010,1.25517,6.32615,12.76000,3.09059,5.01815,1.23637,6.20427,12.23000,3.11579,5.07595,1.03690,5.26324,10.50000,3.01404,23.69910,12.46668
66-1,1783321323.314742,2026-07-06T14:02:03.314742,5.07925,1.28080,6.50551,13.06000,3.89758,5.05610,1.25517,6.34624,12.76000,3.72597,5.03055,1.22929,6.18398,12.16000,3.73492,5.06984,1.15751,5.86837,11.72000,3.60157,24.90410,14.96003
66-1,1783321323.414860,2026-07-06T14:02:03.414860,5.08433,1.26102,6.41147,12.86000,4.53948,5.05223,1.25224,6.32658,12.73000,4.35937,5.02655,1.22929,6.17906,12.16000,4.35356,5.07779,1.15848,5.88253,11.73000,4.19052,24.79964,17.44293
66-1,1783321323.514977,2026-07-06T14:02:03.514977,5.08561,1.23759,6.29388,12.62000,5.16961,5.05294,1.23661,6.24851,12.57000,4.98496,5.02780,1.20707,6.06890,11.94000,4.96116,5.07379,1.15848,5.87789,11.73000,4.77900,24.48918,19.89472
66-1,1783321323.615096,2026-07-06T14:02:03.615096,5.08961,1.23759,6.29883,12.62000,5.80024,5.05245,1.24735,6.30219,12.68000,5.61592,5.02609,1.23734,6.21900,12.24000,5.58379,5.07429,1.14847,5.82769,11.63000,5.36245,24.64771,22.36240
66-1,1783321323.715212,2026-07-06T14:02:03.715212,5.08773,1.27201,6.47165,12.97000,6.44815,5.05245,1.24735,6.30219,12.68000,6.24687,5.03031,1.23344,6.20457,12.20000,6.20497,5.07379,1.15848,5.87789,11.73000,5.95093,24.85630,24.85093
66-1,1783321323.815331,2026-07-06T14:02:03.815331,5.08854,1.25712,6.39690,12.82000,7.08860,5.05210,1.25517,6.34122,12.76000,6.88175,5.02231,1.23344,6.19470,12.20000,6.82518,5.07474,1.13968,5.78360,11.54000,6.52997,24.71642,27.32550
66-1,1783321323.915447,2026-07-06T14:02:03.915447,5.08757,1.27494,6.48636,13.00000,7.73800,5.05267,1.24247,6.27779,12.63000,7.51026,5.02798,1.20389,6.05316,11.91000,7.43120,5.07364,1.16141,5.89259,11.76000,7.11992,24.70990,29.79937
66-1,1783321324.015564,2026-07-06T14:02:04.015564,5.08357,1.27494,6.48126,13.00000,8.38688,5.05249,1.24638,6.29731,12.67000,8.14072,5.02581,1.24247,6.24441,12.29000,8.05637,5.07364,1.16141,5.89259,11.76000,7.70987,24.91557,32.29384
66-1,1783321324.115680,2026-07-06T14:02:04.115680,5.08881,1.25224,6.37239,12.77000,9.02486,5.05249,1.24638,6.29731,12.67000,8.77119,5.03415,1.23637,6.22405,12.23000,8.67950,5.07449,1.14457,5.80809,11.59000,8.29135,24.70184,34.76689
66-1,1783321324.215796,2026-07-06T14:02:04.215796,5.08736,1.27885,6.50596,13.04000,9.67621,5.05582,1.26127,6.37675,12.82000,9.40960,5.02615,1.23637,6.21416,12.23000,9.30164,5.07359,1.16239,5.89748,11.77000,8.88178,24.99435,37.26923
66-1,1783321324.315912,2026-07-06T14:02:04.315912,5.09149,1.20316,6.12588,12.27000,10.28951,5.05770,1.21976,6.16920,12.40000,10.02724,5.02655,1.22929,6.17906,12.16000,9.92026,5.07375,1.08036,5.48145,10.94000,9.43056,23.95559,39.66757
66-1,1783321324.416028,2026-07-06T14:02:04.416028,5.08749,1.20316,6.12107,12.27000,10.90233,5.04898,1.23563,6.23869,12.56000,10.65183,5.02581,1.24247,6.24441,12.29000,10.54543,5.07775,1.08036,5.48577,10.94000,9.97978,24.08994,42.07936
66-1,1783321324.516146,2026-07-06T14:02:04.516146,5.08470,1.25419,6.37718,12.79000,11.54079,5.05698,1.23563,6.24857,12.56000,11.27742,5.02998,1.23930,6.23364,12.26000,11.16952,5.06984,1.15751,5.86837,11.72000,10.56730,24.72776,44.55503
66-1,1783321324.616273,2026-07-06T14:02:04.616273,5.08412,1.26493,6.43106,12.90000,12.18472,5.05964,1.26518,6.40134,12.86000,11.91837,5.02198,1.23930,6.22372,12.26000,11.79268,5.06944,1.16532,5.90751,11.80000,11.15880,24.96363,47.05457
66-1,1783321324.716398,2026-07-06T14:02:04.716398,5.08492,1.25028,6.35758,12.75000,12.82127,5.05169,1.26420,6.38634,12.85000,12.55781,5.02278,1.22514,6.15359,12.12000,12.40882,5.07344,1.16532,5.91217,11.80000,11.75076,24.80968,49.53866
66-1,1783321324.816538,2026-07-06T14:02:04.816538,5.08806,1.26591,6.44102,12.75000,13.46627,5.05223,1.25224,6.32658,12.73000,13.19134,5.02181,1.24247,6.23944,12.29000,13.03363,5.07344,1.16532,5.91217,11.80000,12.34280,24.91921,52.03404
66-1,1783321324.916655,2026-07-06T14:02:04.916655,5.08806,1.26591,6.44102,12.91000,14.11113,5.05186,1.26029,6.36683,12.81000,13.82877,5.02758,1.21097,6.08827,11.98000,13.64317,5.06934,1.16727,5.91730,11.82000,12.93523,24.81342,54.51829
66-1,1783321325.016775,2026-07-06T14:02:05.016775,5.09547,1.27689,6.50637,13.02000,14.76254,5.05186,1.26029,6.36683,12.81000,14.46622,5.02564,1.24540,6.25893,11.98000,14.26981,5.06934,1.16727,5.91730,11.82000,13.52767,25.04943,57.02625
66-1,1783321325.116902,2026-07-06T14:02:05.116902,5.09504,1.28471,6.54563,13.10000,15.41794,5.05294,1.23661,6.24851,12.57000,15.09187,5.02564,1.24540,6.25893,12.32000,14.89650,5.07410,1.15238,5.84728,11.67000,14.11314,24.90035,59.51945
66-1,1783321325.217040,2026-07-06T14:02:05.217040,5.09046,1.22196,6.22035,12.46000,16.04083,5.05173,1.26322,6.38146,12.84000,15.73089,5.02746,1.21317,6.09917,12.00000,15.50726,5.07410,1.15238,5.84728,11.67000,14.69867,24.54826,61.97766
66-1,1783321325.317180,2026-07-06T14:02:05.317180,5.08246,1.22196,6.21057,12.46000,16.66276,5.05169,1.26420,6.38634,12.85000,16.37042,5.02735,1.21512,6.10886,12.02000,16.11900,5.07255,1.10404,5.60028,11.18000,15.25949,24.30605,64.41167
66-1,1783321325.417320,2026-07-06T14:02:05.417320,5.08272,1.29057,6.55959,13.16000,17.31963,5.05569,1.26420,6.39139,12.85000,17.01045,5.02152,1.24760,6.26483,12.34000,16.74636,5.06914,1.17118,5.93687,11.86000,15.85400,25.15268,66.93044
66-1,1783321325.517459,2026-07-06T14:02:05.517459,5.08460,1.25614,6.38698,12.81000,17.95922,5.04867,1.24247,6.27282,12.63000,17.63861,5.02552,1.24760,6.26982,12.34000,17.37421,5.06909,1.17215,5.94176,11.87000,16.44900,24.87138,69.42104
66-1,1783321325.617597,2026-07-06T14:02:05.617597,5.08379,1.27103,6.46167,12.96000,18.60628,5.04760,1.26615,6.39103,12.87000,18.27859,5.02711,1.21928,6.12944,12.06000,17.98800,5.07359,1.16239,5.89748,11.77000,17.03957,24.87962,71.91244
66-1,1783321325.717735,2026-07-06T14:02:05.717735,5.08379,1.27103,6.46167,12.96000,19.25334,5.04876,1.24052,6.26307,12.61000,18.90576,5.02564,1.24540,6.25893,12.32000,18.61476,5.07359,1.16239,5.89748,11.77000,17.63013,24.88115,74.40398
66-1,1783321325.817872,2026-07-06T14:02:05.817872,5.08741,1.27787,6.50106,13.03000,19.90434,5.04876,1.24052,6.26307,12.61000,19.53293,5.02541,1.24955,6.27949,12.36000,19.24357,5.07314,1.17118,5.94156,11.86000,18.22510,24.98518,76.90594
66-1,1783321325.918012,2026-07-06T14:02:05.918012,5.08860,1.25614,6.39200,12.81000,20.54443,5.05160,1.26615,6.39609,12.87000,20.17343,5.02941,1.24955,6.28449,12.36000,19.87290,5.07324,1.16923,5.93176,11.84000,18.81911,25.00434,79.40987
66-1,1783321326.018149,2026-07-06T14:02:06.018149,5.08331,1.27982,6.50574,13.05000,21.19590,5.05280,1.23954,6.26315,12.60000,20.80061,5.02535,1.25053,6.28433,12.37000,20.50219,5.08109,1.17215,5.95583,11.87000,19.41550,25.00905,81.91420
66-1,1783321326.118287,2026-07-06T14:02:06.118287,5.08731,1.27982,6.51086,13.05000,21.84788,5.05133,1.27201,6.42535,12.93000,21.44403,5.02541,1.24955,6.27949,12.36000,21.13101,5.06909,1.17215,5.94176,11.87000,20.01050,25.15746,84.43342
66-1,1783321326.218426,2026-07-06T14:02:06.218426,5.08640,1.29643,6.59414,13.22000,22.50821,5.05133,1.27201,6.42535,12.93000,22.08746,5.03060,1.22831,6.17914,12.15000,21.74978,5.06899,1.17411,5.95155,11.89000,20.60648,25.15018,86.95194
66-1,1783321326.318540,2026-07-06T14:02:06.318540,5.09260,1.25614,6.39702,12.81000,23.14865,5.05986,1.26029,6.37691,12.81000,22.72588,5.02660,1.22831,6.17422,12.15000,22.36791,5.06904,1.17313,5.94666,11.88000,21.20183,24.89481,89.44426
66-1,1783321326.418658,2026-07-06T14:02:06.418658,5.10501,1.02860,5.25099,10.49000,23.67436,5.07626,0.89822,4.55960,9.13000,23.18237,5.04252,0.94632,4.77183,9.36000,22.84565,5.09856,0.82766,4.21988,8.38000,21.62431,18.80230,91.32670
66-1,1783321326.518776,2026-07-06T14:02:06.518776,5.09182,1.05033,5.34807,10.71000,24.20980,5.06074,0.97586,4.93858,9.92000,23.67681,5.04720,0.86331,4.35729,8.54000,23.28190,5.08656,0.82766,4.20995,8.38000,22.04580,18.85389,93.21431
66-1,1783321326.618893,2026-07-06T14:02:06.618893,5.09582,1.05033,5.35227,10.71000,24.74566,5.05674,0.97586,4.93467,9.92000,24.17086,5.01444,1.23124,6.17397,12.18000,23.90002,5.07950,0.96683,4.91100,9.79000,22.53748,21.37191,95.35402
66-1,1783321326.719011,2026-07-06T14:02:06.719011,5.08645,1.29545,6.58924,13.21000,25.40536,5.05258,1.24442,6.28755,12.65000,24.80036,5.02644,1.23124,6.18875,12.18000,24.51962,5.06909,1.17215,5.94176,11.87000,23.13236,25.00730,97.85770
66-1,1783321326.819129,2026-07-06T14:02:06.819129,5.08828,1.26200,6.42141,12.87000,26.04825,5.05133,1.27201,6.42535,12.93000,25.44365,5.02918,1.25346,6.30386,12.40000,25.15075,5.06894,1.17508,5.95644,11.90000,23.72870,25.10706,100.37135
66-1,1783321326.919246,2026-07-06T14:02:06.919246,5.08763,1.27396,6.48145,12.99000,26.69716,5.05520,1.27494,6.44508,12.96000,26.08891,5.02918,1.25346,6.30386,12.40000,25.78188,5.07339,1.16630,5.91707,11.81000,24.32111,25.14746,102.88906
66-1,1783321327.019365,2026-07-06T14:02:07.019365,5.08763,1.27396,6.48145,12.99000,27.34607,5.05920,1.27494,6.45018,12.96000,26.73470,5.03466,1.22733,6.17920,12.14000,26.40053,5.06939,1.16630,5.91241,11.81000,24.91305,25.02324,105.39435
66-1,1783321327.119483,2026-07-06T14:02:07.119483,5.08345,1.05716,5.37403,10.78000,27.88411,5.05910,1.01224,5.12101,10.29000,27.24740,5.03066,1.22733,6.17429,12.14000,27.01869,5.08246,0.90847,4.61729,9.20000,25.37532,21.28662,107.52551
66-1,1783321327.219601,2026-07-06T14:02:07.219601,5.09425,0.85916,4.37676,8.76000,28.32230,5.06426,0.89822,4.54882,9.13000,27.70282,5.04320,0.86331,4.35384,8.54000,27.45459,5.08661,0.82669,4.20502,8.37000,25.79632,17.48444,109.27603
66-1,1783321327.319719,2026-07-06T14:02:07.319719,5.06773,1.27201,6.44621,12.97000,28.96768,5.04063,1.24345,6.26775,12.64000,28.33033,5.02260,1.22831,6.16931,12.15000,28.07224,5.05744,1.16532,5.89353,11.80000,26.38637,24.77680,111.75662
66-1,1783321327.419835,2026-07-06T14:02:07.419835,5.07973,1.27201,6.46148,12.97000,29.61458,5.05263,1.24345,6.28267,12.64000,28.95933,5.02918,1.25346,6.30386,12.40000,28.70336,5.07344,1.16532,5.91217,11.80000,26.97827,24.96018,114.25555
66-1,1783321327.519953,2026-07-06T14:02:07.519953,5.08640,1.29643,6.59414,13.22000,30.27477,5.04729,1.27299,6.42514,12.94000,29.60260,5.02118,1.25346,6.29384,12.40000,29.33349,5.06488,1.17631,5.95785,11.91000,27.57476,25.27097,116.78562
66-1,1783321327.620072,2026-07-06T14:02:07.620072,5.08731,1.27982,6.51086,13.05000,30.92664,5.04729,1.27299,6.42514,12.94000,30.24588,5.02924,1.25248,6.29902,12.39000,29.96414,5.06483,1.17728,5.96274,11.92000,28.17174,25.19776,119.30840
66-1,1783321327.720189,2026-07-06T14:02:07.720189,5.08629,1.29838,6.60394,13.24000,31.58780,5.05636,1.24931,6.31694,12.70000,30.87832,5.02924,1.25248,6.29902,12.39000,30.59478,5.07694,1.17508,5.96584,11.90000,28.76903,25.18574,121.82993
66-1,1783321327.820307,2026-07-06T14:02:07.820307,5.09472,1.29057,6.57508,13.16000,32.24609,5.04836,1.24931,6.30695,12.70000,31.50976,5.03826,1.23441,6.21929,12.21000,31.21744,5.06894,1.17508,5.95644,11.90000,29.36537,25.05776,124.33866
66-1,1783321327.920425,2026-07-06T14:02:07.920425,5.08672,1.29057,6.56475,13.16000,32.90333,5.05564,1.26518,6.39627,12.86000,32.15013,5.02226,1.23441,6.19954,12.21000,31.83813,5.07273,1.17924,5.98195,11.94000,29.96427,25.14251,126.85586
66-1,1783321328.020543,2026-07-06T14:02:08.020543,5.09104,1.28471,6.54049,13.10000,33.55815,5.05520,1.27494,6.44508,12.96000,32.79540,5.02106,1.25565,6.30471,12.42000,32.46934,5.06883,1.17728,5.96745,11.92000,30.56172,25.25773,129.38461
66-1,1783321328.120659,2026-07-06T14:02:08.120659,5.09136,1.27885,6.51107,13.04000,34.21002,5.04698,1.27982,6.45925,13.01000,33.44208,5.02090,1.25858,6.31922,12.45000,33.10200,5.06924,1.16923,5.92709,11.84000,31.15512,25.21663,131.90922
66-1,1783321328.220778,2026-07-06T14:02:08.220778,5.09429,1.29838,6.61433,13.24000,34.87223,5.05498,1.27982,6.46949,13.01000,34.08979,5.02484,1.25956,6.32909,12.46000,33.73566,5.07339,1.16630,5.91707,11.81000,31.74753,25.32998,134.44521
66-1,1783321328.320896,2026-07-06T14:02:08.320896,5.08229,1.29838,6.59875,13.24000,35.53289,5.05348,1.13627,5.74209,11.55000,34.66468,5.05920,0.86331,4.36765,12.46000,34.17294,5.07739,1.16630,5.92174,11.81000,32.34040,22.63023,136.71092
66-1,1783321328.421014,2026-07-06T14:02:08.421014,5.09523,0.84133,4.28679,8.58000,35.96208,5.06426,0.89822,4.54882,9.13000,35.12010,5.04320,0.86331,4.35384,8.54000,34.60884,5.08256,0.82766,4.20664,8.38000,32.76156,17.39609,138.45258
66-1,1783321328.521132,2026-07-06T14:02:08.521132,5.07934,1.13260,5.75287,11.55000,36.53804,5.03951,1.26811,6.39063,12.89000,35.75992,5.03596,1.06253,5.35087,10.51000,35.14455,5.06629,1.14847,5.81850,11.63000,33.34410,23.31287,140.78661
66-1,1783321328.621248,2026-07-06T14:02:08.621248,5.09024,1.29936,6.61403,13.25000,37.20021,5.05151,1.26811,6.40585,12.89000,36.40125,5.02472,1.26176,6.33997,12.48000,35.77929,5.06883,1.17728,5.96745,11.92000,33.94154,25.32730,143.32229
66-1,1783321328.721366,2026-07-06T14:02:08.721366,5.08224,1.29936,6.60364,13.25000,37.86136,5.05124,1.27396,6.43511,12.95000,37.04552,5.02981,1.24247,6.24938,12.29000,36.40496,5.06483,1.17728,5.96274,11.92000,34.53851,25.25087,145.85035
66-1,1783321328.821485,2026-07-06T14:02:08.821485,5.09051,1.29447,6.58952,13.20000,38.52109,5.05107,1.27787,6.45461,12.99000,37.69175,5.03381,1.24247,6.25435,12.29000,37.03114,5.08109,1.17215,5.95583,11.87000,35.13481,25.25431,148.37879
67-1,1783321328.921602,2026-07-06T14:02:08.921602,5.09099,1.28568,6.54540,13.11000,0.65530,5.06201,1.21293,6.13985,12.33000,0.61470,5.02079,1.26054,6.32888,12.47000,0.63363,5.08159,1.16239,5.90678,11.77000,0.59137,24.92091,2.49500
67-1,1783321329.021724,2026-07-06T14:02:09.021724,5.09318,1.24540,6.34305,12.70000,1.29038,5.05801,1.21293,6.13500,12.33000,1.22895,5.02220,1.23539,6.20438,12.22000,1.25482,5.06153,1.24247,6.28880,12.58000,1.22101,24.97123,4.99517
67-1,1783321329.121843,2026-07-06T14:02:09.121843,5.08709,1.28373,6.53046,13.09000,1.94421,5.06053,1.33403,6.75087,13.56000,1.90484,5.03562,1.06864,5.38124,10.57000,1.79359,5.06553,1.24247,6.29377,12.58000,1.85114,24.95634,7.49377
67-1,1783321329.221962,2026-07-06T14:02:09.221962,5.08309,1.28373,6.52532,13.09000,2.59751,5.07576,0.99759,5.06352,10.14000,2.41179,5.02362,1.06864,5.36842,10.57000,2.33107,5.07321,0.85427,4.33391,8.65000,2.28505,21.29117,9.62542
67-1,1783321329.322080,2026-07-06T14:02:09.322080,5.09276,1.25321,6.38230,12.78000,3.23650,5.04786,1.26029,6.36178,12.81000,3.04872,5.02746,1.21317,6.09917,12.00000,2.94170,5.05794,1.15555,5.84471,11.70000,2.87021,24.68796,12.09714
68-1,1783321329.422215,2026-07-06T14:02:09.422215,5.09533,1.20609,6.14543,12.30000,0.61537,5.05586,1.26029,6.37187,12.81000,0.63805,5.02877,1.18998,5.98412,11.77000,0.59922,5.07469,1.14066,5.78849,11.55000,0.57963,24.28991,2.43228
68-1,1783321329.522333,2026-07-06T14:02:09.522333,5.07787,1.30619,6.63267,13.32000,1.27942,5.05408,1.29960,6.56829,13.21000,1.29565,5.01730,1.32231,6.63440,13.08000,1.26344,5.06698,1.29276,6.55041,13.09000,1.23544,26.38577,5.07396
68-1,1783321329.622452,2026-07-06T14:02:09.622452,5.08987,1.30619,6.64834,13.32000,1.94504,5.06380,1.08499,5.49419,11.03000,1.84572,5.04130,1.32231,6.66614,13.08000,1.93085,5.07898,1.29276,6.56592,13.09000,1.89282,25.37459,7.61443
68-1,1783321329.722570,2026-07-06T14:02:09.722570,5.09298,1.17582,5.98841,11.99000,2.54459,5.04076,1.24052,6.25314,12.61000,2.47177,5.03094,1.08060,5.43643,10.69000,2.47513,5.07780,1.07938,5.48086,10.93000,2.44155,23.15884,9.93305
68-1,1783321329.822691,2026-07-06T14:02:09.822691,5.08838,1.26005,6.41161,12.85000,3.18653,5.05276,1.24052,6.26803,12.61000,3.09934,5.02209,1.23734,6.21405,12.24000,3.09729,5.07484,1.13773,5.77380,11.52000,3.01963,24.66749,12.40279
68-1,1783321329.922809,2026-07-06T14:02:09.922809,5.08412,1.26493,6.43106,12.90000,3.83040,5.05227,1.25126,6.32170,12.72000,3.73225,5.03031,1.23344,6.20457,12.20000,3.71848,5.06984,1.15751,5.86837,11.72000,3.60716,24.82570,14.88829
68-1,1783321330.022928,2026-07-06T14:02:10.022928,5.08812,1.26493,6.43612,12.90000,4.47477,5.05218,1.25321,6.33146,12.74000,4.36615,5.02231,1.23344,6.19470,12.20000,4.33868,5.07784,1.15751,5.87763,11.72000,4.19562,24.83991,17.37523
68-1,1783321330.123044,2026-07-06T14:02:10.123044,5.08433,1.26102,6.41147,12.86000,5.11667,5.05333,1.22782,6.20459,12.48000,4.98733,5.02791,1.20511,6.05921,11.92000,4.94531,5.06994,1.15555,5.85858,11.70000,4.78216,24.53385,19.83147
68-1,1783321330.223161,2026-07-06T14:02:10.223161,5.08556,1.23856,6.29878,12.63000,5.74728,5.05333,1.22782,6.20459,12.48000,5.60851,5.02586,1.24149,6.23957,12.28000,5.57000,5.06989,1.15653,5.86347,11.71000,5.36919,24.60641,22.29498
68-1,1783321330.323277,2026-07-06T14:02:10.323277,5.08438,1.26005,6.40657,12.85000,6.38868,5.05586,1.26029,6.37187,12.81000,6.24644,5.03026,1.23441,6.20942,12.21000,6.19166,5.07784,1.15751,5.87763,11.72000,5.95764,24.86549,24.78443
68-1,1783321330.423395,2026-07-06T14:02:10.423395,5.08838,1.26005,6.41161,12.85000,7.03060,5.05614,1.25419,6.34135,12.75000,6.88133,5.02626,1.23441,6.20448,12.21000,6.81284,5.07384,1.15751,5.87300,11.72000,6.54563,24.83044,27.27039
68-1,1783321330.523512,2026-07-06T14:02:10.523512,5.08686,1.14139,5.80610,11.64000,7.61189,5.05285,1.23856,6.25827,12.59000,7.50789,5.03780,1.10086,5.54593,10.89000,7.36808,5.07960,1.04373,5.30175,10.57000,7.07643,22.91205,29.56428
68-1,1783321330.623631,2026-07-06T14:02:10.623631,5.08038,1.26005,6.40153,12.85000,8.25280,5.04885,1.23856,6.25332,12.59000,8.13396,5.03009,1.23734,6.22395,12.24000,7.99122,5.07364,1.16141,5.89259,11.76000,7.66638,24.77139,32.04436
68-1,1783321330.723748,2026-07-06T14:02:10.723748,5.08092,1.25028,6.35258,12.75000,8.88880,5.05596,1.25810,6.36088,12.79000,8.77080,5.02740,1.21415,6.10401,12.01000,8.60233,5.07369,1.16044,5.88769,11.75000,8.25584,24.70516,34.51778
68-1,1783321330.823865,2026-07-06T14:02:10.823865,5.08422,1.26298,6.42126,12.88000,9.53168,5.05627,1.25126,6.32671,12.72000,9.40421,5.03140,1.21415,6.10887,12.01000,9.21393,5.07369,1.16044,5.88769,11.75000,8.84530,24.74453,36.99512
68-1,1783321330.923983,2026-07-06T14:02:10.923983,5.08822,1.26298,6.42632,12.88000,10.17507,5.04832,1.25028,6.31182,12.71000,10.03613,5.02592,1.24052,6.23473,12.27000,9.83814,5.07364,1.16141,5.89259,11.76000,9.43525,24.86546,39.48459
68-1,1783321331.024100,2026-07-06T14:02:11.024100,5.08038,1.26005,6.40153,12.85000,10.81598,5.05632,1.25028,6.32182,12.71000,10.66906,5.02604,1.23832,6.22384,12.25000,10.46126,5.07759,1.16239,5.90213,11.77000,10.02616,24.84932,41.97245
68-1,1783321331.124219,2026-07-06T14:02:11.124219,5.07931,1.27982,6.50062,13.05000,11.46681,5.04782,1.26127,6.36666,12.82000,11.30648,5.02215,1.23637,6.20921,12.23000,11.08292,5.07749,1.16434,5.91194,11.79000,10.61806,24.98843,44.47426
68-1,1783321331.224337,2026-07-06T14:02:11.224337,5.08524,1.24442,6.32818,12.69000,12.10038,5.04894,1.23661,6.24357,12.57000,11.93157,5.02615,1.23637,6.21416,12.23000,11.70507,5.07344,1.16532,5.91217,11.80000,11.20997,24.69808,46.94699
68-1,1783321331.324456,2026-07-06T14:02:11.324456,5.08524,1.24442,6.32818,12.69000,12.73394,5.04751,1.26811,6.40077,12.89000,12.57241,5.02181,1.24247,6.23944,12.29000,12.32975,5.07344,1.16532,5.91217,11.80000,11.80189,24.88056,49.43799
68-1,1783321331.424573,2026-07-06T14:02:11.424573,5.08028,1.26200,6.41132,12.87000,13.37583,5.05551,1.26811,6.41092,12.89000,13.21425,5.02940,1.10794,5.57229,10.96000,12.88764,5.06704,1.13382,5.74513,11.48000,12.37708,24.13966,51.85480
68-1,1783321331.524691,2026-07-06T14:02:11.524691,5.08124,1.24442,6.32321,12.69000,14.00889,5.05191,1.25932,6.36195,12.80000,13.85120,5.01786,1.24149,6.22964,12.28000,13.51133,5.06544,1.16532,5.90285,11.80000,12.96806,24.81765,54.33948
68-1,1783321331.624809,2026-07-06T14:02:11.624809,5.08396,1.26786,6.44575,12.93000,14.65423,5.05205,1.25614,6.34609,12.77000,14.48655,5.02986,1.24149,6.24454,12.28000,14.13652,5.07869,1.14066,5.79306,11.55000,13.54804,24.82944,56.82534
68-1,1783321331.724926,2026-07-06T14:02:11.724926,5.08396,1.26786,6.44575,12.93000,15.29956,5.06396,1.25810,6.37095,12.79000,15.12440,5.02625,1.09281,5.49272,10.81000,14.68644,5.06669,1.14066,5.77937,11.55000,14.12666,24.08879,59.23705
68-1,1783321331.825043,2026-07-06T14:02:11.825043,5.08796,1.26786,6.45082,12.93000,15.94540,5.05196,1.25810,6.35585,12.79000,15.76072,5.02152,1.24760,6.26483,12.34000,15.31365,5.07329,1.16825,5.92687,11.83000,14.72004,24.99837,61.73981
68-1,1783321331.925161,2026-07-06T14:02:11.925161,5.08801,1.26688,6.44592,12.92000,16.59075,5.05551,1.26811,6.41092,12.89000,16.40257,5.02198,1.23930,6.22372,12.26000,15.93676,5.07324,1.16923,5.93176,11.84000,15.31391,25.01232,64.24399
68-1,1783321332.025279,2026-07-06T14:02:12.025279,5.08720,1.28178,6.52066,13.07000,17.24359,5.05560,1.26615,6.40116,12.87000,17.04345,5.02558,1.24638,6.26377,12.33000,16.56388,5.07724,1.16923,5.93644,11.84000,15.90826,25.12203,66.75917
68-1,1783321332.125397,2026-07-06T14:02:12.125397,5.08320,1.28178,6.51553,13.07000,17.89590,5.05586,1.26029,6.37187,12.81000,17.68138,5.02558,1.24638,6.26377,12.33000,17.19099,5.06924,1.16923,5.92709,11.84000,16.50167,25.07826,69.26994
68-1,1783321332.225514,2026-07-06T14:02:12.225514,5.08320,1.28178,6.51553,13.07000,18.54822,5.05186,1.26029,6.36683,12.81000,18.31881,5.02592,1.24052,6.23473,12.27000,17.81520,5.07324,1.16923,5.93176,11.84000,17.09554,25.04885,71.77778
68-1,1783321332.325631,2026-07-06T14:02:12.325631,5.08693,1.28666,6.54515,13.12000,19.20350,5.05164,1.26518,6.39121,12.86000,18.95868,5.02541,1.24955,6.27949,12.36000,18.44388,5.07429,1.14847,5.82769,11.63000,17.67899,25.04354,74.28506
68-1,1783321332.425750,2026-07-06T14:02:12.425750,5.08779,1.27103,6.46675,12.96000,19.85094,5.05186,1.26029,6.36683,12.81000,19.59612,5.02118,1.25346,6.29384,12.40000,19.07401,5.07309,1.17215,5.94645,11.87000,18.27434,25.07387,76.79541
68-1,1783321332.525866,2026-07-06T14:02:12.525866,5.08486,1.25126,6.36248,12.76000,20.48793,5.05160,1.26615,6.39609,12.87000,20.23647,5.02918,1.25346,6.30386,12.40000,19.70513,5.06914,1.17118,5.93687,11.86000,18.86872,24.99930,79.29825
68-1,1783321332.625984,2026-07-06T14:02:12.625984,5.08886,1.25126,6.36749,12.76000,21.12543,5.04760,1.26615,6.39103,12.87000,20.87633,5.01769,1.24442,6.24413,12.31000,20.33028,5.07314,1.17118,5.94156,11.86000,19.46357,24.94421,81.79561
68-1,1783321332.726101,2026-07-06T14:02:12.726101,5.08357,1.27494,6.48126,13.00000,21.77432,5.05542,1.27006,6.42068,12.91000,21.51915,5.01724,1.25248,6.28399,12.39000,20.95941,5.06984,1.15751,5.86837,11.72000,20.05110,25.05430,84.30399
68-1,1783321332.826221,2026-07-06T14:02:12.826221,5.08283,1.28861,6.54980,13.14000,22.43008,5.05155,1.26713,6.40097,12.88000,22.16001,5.03100,1.22123,6.14401,12.08000,21.57455,5.06919,1.17020,5.93198,11.85000,20.64501,25.02676,86.80965
68-1,1783321332.926337,2026-07-06T14:02:12.926337,5.08822,1.26298,6.42632,12.88000,23.07346,5.05133,1.27201,6.42535,12.93000,22.80330,5.02300,1.22123,6.13424,12.08000,22.18869,5.06899,1.17411,5.95155,11.89000,21.24086,24.93746,89.30630
68-1,1783321333.026456,2026-07-06T14:02:13.026456,5.09222,1.26298,6.43137,12.88000,23.71736,5.05627,1.25126,6.32671,12.93000,23.43672,5.02535,1.25053,6.28433,12.37000,22.81787,5.06899,1.17411,5.95155,11.89000,21.83672,24.99396,91.80867
68-1,1783321333.126575,2026-07-06T14:02:13.126575,5.07883,1.28861,6.54464,13.14000,24.37260,5.05227,1.25126,6.32170,12.72000,24.06964,5.02501,1.25663,6.31457,12.43000,23.45007,5.07759,1.16239,5.90213,11.77000,22.42763,25.08304,94.31995
68-1,1783321333.226693,2026-07-06T14:02:13.226693,5.08656,1.29350,6.57945,13.19000,25.03133,5.05533,1.27201,6.43044,12.93000,24.71344,5.02986,1.24149,6.24454,12.28000,24.07527,5.07704,1.17313,5.95604,11.88000,23.02394,25.21047,96.84397
68-1,1783321333.326811,2026-07-06T14:02:13.326811,5.08731,1.27982,6.51086,13.05000,25.68318,5.05564,1.26518,6.39627,12.86000,25.35382,5.02586,1.24149,6.23957,12.28000,24.69996,5.06883,1.17728,5.96745,11.92000,23.62139,25.11415,99.35835
68-1,1783321333.426928,2026-07-06T14:02:13.426928,5.08379,1.27103,6.46167,12.96000,26.33011,5.04711,1.27689,6.44463,12.98000,25.99904,5.02912,1.25468,6.30992,12.41000,25.33169,5.07283,1.17728,5.97216,11.92000,24.21931,25.18838,101.88015
68-1,1783321333.527045,2026-07-06T14:02:13.527045,5.08779,1.27103,6.46675,12.96000,26.97754,5.05111,1.27689,6.44974,12.98000,26.64477,5.02935,1.25053,6.28934,12.37000,25.96136,5.07683,1.17728,5.97686,11.92000,24.81769,25.18269,104.40135
68-1,1783321333.627163,2026-07-06T14:02:13.627163,5.08720,1.28178,6.52066,13.07000,27.63037,5.05129,1.27299,6.43023,12.94000,27.28855,5.02152,1.24760,6.26483,12.34000,26.58858,5.06964,1.16141,5.88794,11.76000,25.40718,25.10366,106.91468
68-1,1783321333.727282,2026-07-06T14:02:13.727282,5.08747,1.27689,6.49616,13.02000,28.28076,5.05236,1.24931,6.31194,12.70000,27.92050,5.03752,1.24760,6.28479,12.34000,27.21781,5.06888,1.17631,5.96255,11.91000,26.00414,25.05544,109.42320
68-1,1783321333.827399,2026-07-06T14:02:13.827399,5.09089,1.21415,6.18109,12.38000,28.89959,5.05729,1.22880,6.21438,12.49000,28.54266,5.02490,1.25858,6.32425,12.45000,27.85097,5.07569,1.12088,5.68926,11.35000,26.57373,24.40898,111.86695
68-1,1783321333.927517,2026-07-06T14:02:13.927517,5.08289,1.21415,6.17138,12.38000,29.51746,5.05329,1.22880,6.20947,12.49000,29.16434,5.02495,1.25761,6.31941,12.44000,28.48366,5.07569,1.12088,5.68926,11.35000,27.14333,24.38952,114.30879
68-1,1783321334.027636,2026-07-06T14:02:14.027636,5.08309,1.28373,6.52532,13.09000,30.17076,5.05542,1.27006,6.42068,12.91000,29.80717,5.02118,1.25346,6.29384,12.40000,29.11379,5.06473,1.17924,5.97251,11.94000,27.74129,25.21235,116.83302
68-1,1783321334.127754,2026-07-06T14:02:14.127754,5.08245,1.29545,6.58406,13.21000,30.82995,5.05520,1.27494,6.44508,12.96000,30.45244,5.02118,1.25346,6.29384,12.40000,29.74392,5.06469,1.18021,5.97740,11.95000,28.33974,25.30038,119.36606
68-1,1783321334.227873,2026-07-06T14:02:14.227873,5.07872,1.29057,6.55443,13.16000,31.48617,5.05898,1.27982,6.47460,13.01000,31.10067,5.02895,1.25761,6.32444,12.44000,30.37711,5.07678,1.17826,5.98176,11.93000,28.93862,25.33523,121.90258
68-1,1783321334.327991,2026-07-06T14:02:14.327991,5.08672,1.29057,6.56475,13.16000,32.14343,5.05898,1.27982,6.47460,13.01000,31.74890,5.02958,1.24638,6.26875,12.33000,31.00473,5.06878,1.17826,5.97234,11.93000,29.53657,25.28044,124.43363
68-1,1783321334.428110,2026-07-06T14:02:14.428110,5.08262,1.21903,6.19588,12.43000,32.76375,5.05774,1.21879,6.16431,12.39000,32.36606,5.02112,1.25468,6.29988,12.41000,31.63547,5.07614,1.11209,5.64514,11.26000,30.10175,24.30521,126.86703
68-1,1783321334.528227,2026-07-06T14:02:14.528227,5.07915,1.28275,6.51529,13.08000,33.41604,5.05529,1.27299,6.43532,12.94000,33.01035,5.02912,1.25468,6.30992,12.41000,32.26720,5.07259,1.18216,5.99663,11.97000,30.70211,25.25716,129.39570
68-1,1783321334.628345,2026-07-06T14:02:14.628345,5.08304,1.28471,6.53022,13.10000,34.06983,5.05120,1.27494,6.43998,12.96000,33.65511,5.03330,1.25150,6.29918,12.38000,32.89786,5.07273,1.17924,5.98195,11.94000,31.30102,25.25133,131.92383
68-1,1783321334.728463,2026-07-06T14:02:14.728463,5.09141,1.27787,6.50617,13.03000,34.72121,5.05520,1.27494,6.44508,12.96000,34.30037,5.03272,1.26176,6.35007,12.48000,33.53361,5.07273,1.17924,5.98195,11.94000,31.89992,25.28327,134.45512
68-1,1783321334.828581,2026-07-06T14:02:14.828581,5.09141,1.27787,6.50617,13.03000,35.37260,5.05898,1.27982,6.47460,13.01000,34.94860,5.03369,1.17362,5.90764,11.61000,34.12508,5.08044,1.18509,6.02080,12.00000,32.50271,24.90921,136.94898
68-1,1783321334.928699,2026-07-06T14:02:14.928699,5.09778,1.16117,5.91938,11.84000,35.96524,5.05911,1.27689,6.45995,12.98000,35.59536,5.02569,1.17362,5.89825,11.61000,34.71560,5.08139,1.16630,5.92640,11.81000,33.09605,24.20398,139.37224
69-1,1783321335.028840,2026-07-06T14:02:15.028840,5.09570,1.19926,6.11105,12.23000,0.61197,5.05338,1.22684,6.19971,12.47000,0.62085,5.02833,1.26859,6.37891,12.55000,0.63879,5.07925,1.12967,5.73789,11.44000,0.57460,24.42756,2.44620
69-1,1783321335.128956,2026-07-06T14:02:15.128956,5.08208,1.30229,6.61832,13.28000,1.27457,5.05338,1.22684,6.19971,12.47000,1.24153,5.02279,1.29594,6.50922,12.82000,1.29047,5.06989,1.23539,6.26329,12.51000,1.20165,25.59054,5.00822
69-1,1783321335.229074,2026-07-06T14:02:15.229074,5.08608,1.30229,6.62353,13.28000,1.93770,5.06098,1.32402,6.70081,13.46000,1.91241,5.02359,1.28178,6.43912,12.68000,1.93514,5.07789,1.23539,6.27317,12.51000,1.82971,26.03663,7.61495
69-1,1783321335.329191,2026-07-06T14:02:15.329191,5.08599,1.15726,5.88582,11.80000,2.52697,5.08039,0.89529,4.54843,9.10000,2.36778,5.04161,1.03323,5.20917,10.22000,2.45666,5.07496,0.81961,4.15947,8.30000,2.24614,19.80289,9.59755
69-1,1783321335.429309,2026-07-06T14:02:15.429309,5.08028,1.26200,6.41132,12.87000,3.16886,5.04116,1.23173,6.20933,12.52000,2.98945,5.03761,1.03323,5.20504,10.22000,2.97778,5.05789,1.15653,5.84959,11.71000,2.83179,23.67528,11.96788
69-1,1783321335.529427,2026-07-06T14:02:15.529427,5.08352,1.27592,6.48615,13.01000,3.81824,5.04916,1.23173,6.21918,12.52000,3.61210,5.03151,1.21220,6.09918,11.99000,3.58842,5.07439,1.14652,5.81789,11.61000,3.41427,24.62240,14.43303
69-1,1783321335.629544,2026-07-06T14:02:15.629544,5.08752,1.27592,6.49126,13.01000,4.46812,5.05182,1.26127,6.37170,12.82000,4.25001,5.03431,1.16263,5.85306,11.50000,4.17441,5.07839,1.14652,5.82248,11.61000,3.99720,24.53850,16.88975
69-1,1783321335.729662,2026-07-06T14:02:15.729662,5.08845,1.18558,6.03278,12.09000,5.07212,5.05267,1.24247,6.27779,12.63000,4.87854,5.02318,1.21805,6.11851,12.05000,4.78699,5.07410,1.15238,5.84728,11.67000,4.58262,24.27636,19.32026
69-1,1783321335.829782,2026-07-06T14:02:15.829782,5.08529,1.24345,6.32328,12.68000,5.70520,5.04810,1.25517,6.33619,12.76000,5.51291,5.02718,1.21805,6.12338,12.05000,5.40006,5.07364,1.16141,5.89259,11.76000,5.17258,24.67544,21.79075
69-1,1783321335.929900,2026-07-06T14:02:15.929900,5.08817,1.26395,6.43122,12.89000,6.34908,5.05210,1.25517,6.34122,12.76000,6.14778,5.03015,1.23637,6.21911,12.23000,6.02270,5.07364,1.16141,5.89259,11.76000,5.76254,24.88414,24.28210
69-1,1783321336.030019,2026-07-06T14:02:16.030019,5.08817,1.26395,6.43122,12.89000,6.99297,5.05249,1.24638,6.29731,12.67000,6.77826,5.03095,1.22221,6.14885,12.09000,6.63832,5.06964,1.16141,5.88794,11.76000,6.35203,24.76532,26.76157
69-1,1783321336.130137,2026-07-06T14:02:16.130137,5.09297,1.24931,6.36268,12.74000,7.62999,5.05254,1.24540,6.29243,12.66000,7.40825,5.02604,1.16752,5.86798,11.55000,7.22581,5.07369,1.16044,5.88769,11.75000,6.94150,24.41078,29.20555
69-1,1783321336.230255,2026-07-06T14:02:16.230255,5.08876,1.25321,6.37729,12.78000,8.26847,5.04911,1.23270,6.22406,12.53000,8.03139,5.02604,1.16752,5.86798,11.55000,7.81330,5.07369,1.16044,5.88769,11.75000,7.53096,24.35702,31.64413
69-1,1783321336.330374,2026-07-06T14:02:16.330374,5.08747,1.27689,6.49616,13.02000,8.91886,5.05311,1.23270,6.22899,12.53000,8.65503,5.02671,1.22636,6.16454,12.13000,8.43049,5.07759,1.16239,5.90213,11.77000,8.12187,24.79182,34.12625
69-1,1783321336.430493,2026-07-06T14:02:16.430493,5.08736,1.27885,6.50596,13.04000,9.57023,5.05578,1.26225,6.38163,12.83000,9.29395,5.02598,1.23930,6.22868,12.26000,9.05409,5.07389,1.15653,5.86810,11.71000,8.70938,24.98437,36.62765
69-1,1783321336.530612,2026-07-06T14:02:16.530612,5.08336,1.27885,6.50084,13.04000,10.22109,5.05582,1.26127,6.37675,12.82000,9.93239,5.03118,1.21805,6.12826,12.05000,9.66765,5.07389,1.15653,5.86810,11.71000,9.29689,24.87395,39.11801
69-1,1783321336.630730,2026-07-06T14:02:16.630730,5.08747,1.27689,6.49616,13.02000,10.87147,5.05276,1.24052,6.26803,12.61000,10.55993,5.02718,1.21805,6.12338,12.05000,10.28071,5.07349,1.16434,5.90728,11.79000,9.88832,24.79485,41.60043
70-1,1783321336.730860,2026-07-06T14:02:16.730860,5.08817,1.26395,6.43122,12.89000,0.64395,5.05676,1.24052,6.27299,12.61000,0.62811,5.02575,1.24345,6.24925,12.30000,0.62573,5.07364,1.16141,5.89259,11.76000,0.59002,24.84605,2.48782
70-1,1783321336.830977,2026-07-06T14:02:16.830977,5.08235,1.29740,6.59385,13.23000,1.30412,5.05742,1.22587,6.19973,12.46000,1.24881,5.02586,1.24149,6.23957,12.28000,1.25043,5.06584,1.23637,6.26323,12.52000,1.21708,25.29638,5.02044
70-1,1783321336.931096,2026-07-06T14:02:16.931096,5.08235,1.29740,6.59385,13.23000,1.96428,5.05253,1.33403,6.74020,13.56000,1.92363,5.02484,1.33036,6.68487,13.16000,1.91970,5.06984,1.23637,6.26818,12.52000,1.84464,26.28710,7.65226
70-1,1783321337.031214,2026-07-06T14:02:17.031214,5.08571,1.30912,6.65781,13.35000,2.63085,5.07323,0.96512,4.89626,9.81000,2.41384,5.02884,1.33036,6.69019,13.16000,2.58951,5.06285,0.97977,4.96041,9.92000,2.34127,23.20467,9.97547
70-1,1783321337.131331,2026-07-06T14:02:17.131331,5.08854,1.25712,6.39690,12.82000,3.27129,5.05723,0.96512,4.88082,9.81000,2.90249,5.03374,1.10184,5.54638,10.90000,3.14480,5.05494,1.13578,5.74128,11.50000,2.91607,22.56538,12.23466
70-1,1783321337.231451,2026-07-06T14:02:17.231451,5.08460,1.25614,6.38698,12.81000,3.91075,5.05280,1.23954,6.26315,12.60000,3.52955,5.02660,1.22831,6.17422,12.15000,3.76296,5.07389,1.15653,5.86810,11.71000,3.50358,24.69245,14.70685
71-1,1783321337.331577,2026-07-06T14:02:17.331577,5.08460,1.25614,6.38698,12.81000,0.63950,5.05302,1.23466,6.23875,12.55000,0.62466,5.03284,1.18876,5.98282,11.76000,0.59904,5.07389,1.15653,5.86810,11.71000,0.58755,24.47665,2.45076
71-1,1783321337.431695,2026-07-06T14:02:17.431695,5.09030,1.22489,6.23506,12.49000,1.26374,5.04466,1.33110,6.71492,13.53000,1.29694,5.02484,1.18876,5.97331,11.76000,1.19707,5.07719,1.17020,5.94134,11.85000,1.18238,24.86463,4.94014
71-1,1783321337.531813,2026-07-06T14:02:17.531813,5.08351,1.34941,6.85972,13.76000,1.95053,5.05666,1.33110,6.73089,13.53000,1.97083,5.04170,1.31523,6.63097,13.01000,1.86095,5.07769,1.16044,5.89233,11.75000,1.77231,26.11391,7.55463
71-1,1783321337.631932,2026-07-06T14:02:17.631932,5.08902,1.24833,6.35278,12.73000,2.58656,5.05804,0.94729,4.79145,9.63000,2.45055,5.05500,1.07962,5.45749,10.68000,2.40735,5.06989,1.15653,5.86347,11.71000,2.35936,22.46519,9.80383
71-1,1783321337.732050,2026-07-06T14:02:17.732050,5.08757,1.27494,6.48636,13.00000,3.23597,5.04533,1.22782,6.19477,12.48000,3.07076,5.02220,1.23539,6.20438,12.22000,3.02852,5.06989,1.15653,5.86347,11.71000,2.94640,24.74898,12.28165
71-1,1783321337.832169,2026-07-06T14:02:17.832169,5.08357,1.27494,6.48126,13.00000,3.88486,5.05289,1.23759,6.25339,12.58000,3.69684,5.03020,1.23539,6.21426,12.22000,3.65069,5.07474,1.13968,5.78360,11.54000,3.52545,24.73251,14.75783
71-1,1783321337.932287,2026-07-06T14:02:17.932287,5.08465,1.25517,6.38208,12.80000,4.52383,5.04889,1.23759,6.24844,12.58000,4.32242,5.03038,1.23222,6.19852,12.19000,4.27127,5.07389,1.15653,5.86810,11.71000,4.11295,24.69714,17.23047
71-1,1783321338.032404,2026-07-06T14:02:18.032404,5.08368,1.27299,6.47146,12.98000,5.17173,5.05610,1.25517,6.34624,12.76000,4.95779,5.03169,1.20902,6.08342,11.96000,4.88033,5.07379,1.15848,5.87789,11.73000,4.70143,24.77901,19.71127
71-1,1783321338.132521,2026-07-06T14:02:18.132521,5.08465,1.25517,6.38208,12.80000,5.81068,5.05623,1.25224,6.33159,12.73000,5.59169,5.02592,1.24052,6.23473,12.27000,5.50453,5.07389,1.15653,5.86810,11.71000,5.28892,24.81650,22.19582
71-1,1783321338.232638,2026-07-06T14:02:18.232638,5.08865,1.25517,6.38710,12.80000,6.45014,5.04907,1.23368,6.22894,12.54000,6.21531,5.03392,1.24052,6.24465,12.27000,6.12972,5.07389,1.15653,5.86810,11.71000,5.87642,24.72879,24.67159
71-1,1783321338.332755,2026-07-06T14:02:18.332755,5.08763,1.27396,6.48145,12.99000,7.09904,5.05307,1.23368,6.23387,12.54000,6.83942,5.02604,1.23832,6.22384,12.25000,6.75283,5.06964,1.16141,5.88794,11.76000,6.46590,24.82710,27.15719
71-1,1783321338.432871,2026-07-06T14:02:18.432871,5.08860,1.25614,6.39200,12.81000,7.73898,5.05578,1.26225,6.38163,12.83000,7.47833,5.02711,1.21928,6.12944,12.06000,7.36649,5.07049,1.14457,5.80351,11.59000,7.04693,24.70658,29.63073
71-1,1783321338.532988,2026-07-06T14:02:18.532988,5.08725,1.28080,6.51576,13.06000,8.39132,5.05605,1.25614,6.35112,12.77000,8.11418,5.02604,1.23832,6.22384,12.25000,7.98960,5.07359,1.16239,5.89748,11.77000,7.63736,24.98820,32.13246
71-1,1783321338.633104,2026-07-06T14:02:18.633104,5.08725,1.28080,6.51576,13.06000,9.04365,5.05302,1.23466,6.23875,12.55000,8.73878,5.02706,1.22025,6.13428,12.07000,8.60374,5.07359,1.16239,5.89748,11.77000,8.22780,24.78627,34.61398
71-1,1783321338.733221,2026-07-06T14:02:18.733221,5.08731,1.27982,6.51086,13.05000,9.69550,5.05302,1.23466,6.23875,12.55000,9.36339,5.03106,1.22025,6.13916,12.07000,9.21838,5.07054,1.14359,5.79862,11.58000,8.80834,24.68739,37.08561
71-1,1783321338.833338,2026-07-06T14:02:18.833338,5.09131,1.27982,6.51598,13.05000,10.34786,5.05578,1.26225,6.38163,12.83000,10.00230,5.02975,1.24345,6.25422,12.30000,9.84453,5.06944,1.16532,5.90751,11.80000,9.39978,25.05934,39.59447
71-1,1783321338.933457,2026-07-06T14:02:18.933457,5.09131,1.27982,6.51598,13.05000,11.00023,5.05582,1.26127,6.37675,12.82000,10.64073,5.02975,1.24345,6.25422,12.30000,10.47070,5.07049,1.14457,5.80351,11.59000,9.98082,24.95046,42.09248
71-1,1783321339.033574,2026-07-06T14:02:19.033574,5.08876,1.25321,6.37729,12.78000,11.63871,5.05654,1.24540,6.29741,12.66000,11.27120,5.03140,1.21415,6.10887,12.01000,11.08230,5.07449,1.14457,5.80809,11.59000,10.56231,24.59166,44.55452
71-1,1783321339.133693,2026-07-06T14:02:19.133693,5.09276,1.25321,6.38230,12.78000,12.27770,5.05254,1.24540,6.29243,12.66000,11.90120,5.02740,1.21415,6.10401,12.01000,11.69342,5.07349,1.16434,5.90728,11.79000,11.15374,24.68602,47.02605
71-1,1783321339.233813,2026-07-06T14:02:19.233813,5.09134,1.13260,5.76646,11.55000,12.85503,5.05420,1.12040,5.66270,11.39000,12.46815,5.03420,1.09378,5.50632,10.82000,12.24472,5.08015,1.03299,5.24774,10.46000,11.67914,22.18322,49.24704
71-1,1783321339.333930,2026-07-06T14:02:19.333930,5.08412,1.26493,6.43106,12.90000,13.49890,5.04810,1.25517,6.33619,12.76000,13.10251,5.02586,1.24149,6.23957,12.28000,12.86941,5.07369,1.16044,5.88769,11.75000,12.26860,24.89451,51.73942
71-1,1783321339.434048,2026-07-06T14:02:19.434048,5.09527,1.20707,6.15034,12.31000,14.11466,5.05023,1.20804,6.10090,12.28000,13.71332,5.02855,1.19388,6.00350,11.81000,13.47046,5.07184,1.11795,5.67009,11.32000,12.83628,23.92483,54.13472
71-1,1783321339.534167,2026-07-06T14:02:19.534167,5.09527,1.20707,6.15034,12.31000,14.73042,5.05023,1.20804,6.10090,12.28000,14.32413,5.02855,1.19388,6.00350,11.81000,14.07153,5.07184,1.11795,5.67009,11.32000,13.40396,23.92483,56.53004
71-1,1783321339.634284,2026-07-06T14:02:19.634284,5.08502,1.24833,6.34778,12.73000,15.36594,5.05169,1.26420,6.38634,12.85000,14.96351,5.02181,1.24247,6.23944,12.29000,14.69620,5.07744,1.16532,5.91684,11.80000,13.99634,24.89040,59.02200
71-1,1783321339.734401,2026-07-06T14:02:19.734401,5.08357,1.27494,6.48126,13.00000,16.01482,5.05258,1.24442,6.28755,12.65000,15.59300,5.02318,1.21805,6.11851,12.05000,15.30877,5.07819,1.15043,5.84209,11.65000,14.58123,24.72941,61.49782
71-1,1783321339.834518,2026-07-06T14:02:19.834518,5.08683,1.28861,6.55495,13.14000,16.67109,5.05160,1.26615,6.39609,12.87000,16.23336,5.02564,1.24540,6.25893,12.32000,15.93539,5.07319,1.17020,5.93666,11.85000,15.17559,25.14663,64.01544
71-1,1783321339.934634,2026-07-06T14:02:19.934634,5.09083,1.28861,6.56011,13.14000,17.32786,5.05560,1.26615,6.40116,12.87000,16.87422,5.02964,1.24540,6.26391,12.32000,16.56251,5.07319,1.17020,5.93666,11.85000,15.76995,25.16184,66.53454
71-1,1783321340.034751,2026-07-06T14:02:20.034751,5.08741,1.27787,6.50106,13.03000,17.97873,5.04814,1.25419,6.33132,12.75000,17.50810,5.02678,1.22514,6.15849,12.12000,17.17908,5.07334,1.16727,5.92197,11.82000,16.36284,24.91284,69.02875
71-1,1783321340.134867,2026-07-06T14:02:20.134867,5.08812,1.26493,6.43612,12.90000,18.62309,5.04782,1.26127,6.36666,12.82000,18.14550,5.02581,1.24247,6.24441,12.29000,17.80425,5.07344,1.16532,5.91217,11.80000,16.95474,24.95936,71.52758
71-1,1783321340.234986,2026-07-06T14:02:20.234986,5.08368,1.27299,6.47146,12.98000,19.27100,5.05627,1.25126,6.32671,12.72000,18.77892,5.02158,1.24638,6.25878,12.33000,18.43087,5.06909,1.17215,5.94176,11.87000,17.54962,24.99871,74.03041
71-1,1783321340.335113,2026-07-06T14:02:20.335113,5.08341,1.27787,6.49595,13.03000,19.92142,5.04427,1.25126,6.31169,12.72000,19.41089,5.02958,1.24638,6.26875,12.33000,19.05854,5.07309,1.17215,5.94645,11.87000,18.14502,25.02284,76.53588
71-1,1783321340.435231,2026-07-06T14:02:20.435231,5.08341,1.27787,6.49595,13.03000,20.57178,5.05151,1.26811,6.40585,12.89000,20.05224,5.02552,1.24760,6.26982,12.34000,19.68626,5.07354,1.16337,5.90238,11.78000,18.73596,25.07400,79.04624
71-1,1783321340.535348,2026-07-06T14:02:20.535348,5.08331,1.27982,6.50574,13.05000,21.22312,5.05254,1.24540,6.29243,12.66000,20.68221,5.02558,1.24638,6.26377,12.33000,20.31337,5.07324,1.16923,5.93176,11.84000,19.32983,24.99370,81.54853
71-1,1783321340.635418,2026-07-06T14:02:20.635418,5.08470,1.25419,6.37718,12.79000,21.86128,5.04747,1.26908,6.40565,12.90000,21.32323,5.03431,1.23344,6.20951,12.20000,20.93476,5.07304,1.17313,5.95135,11.88000,19.92538,24.94369,84.04465
71-1,1783321340.735536,2026-07-06T14:02:20.735536,5.08352,1.27592,6.48615,13.01000,22.51066,5.05547,1.26908,6.41580,12.90000,21.96556,5.02231,1.23344,6.19470,12.20000,21.55496,5.07339,1.16630,5.91707,11.81000,20.51778,25.01372,86.54897
71-1,1783321340.835653,2026-07-06T14:02:20.835653,5.08352,1.27592,6.48615,13.01000,23.16004,5.04454,1.24540,6.28246,12.66000,22.59455,5.01735,1.25053,6.27433,12.37000,22.18313,5.07339,1.16630,5.91707,11.81000,21.11019,24.96001,89.04790
71-1,1783321340.935771,2026-07-06T14:02:20.935771,5.08368,1.27299,6.47146,12.98000,23.80794,5.05138,1.27103,6.42048,12.92000,23.23735,5.01769,1.24442,6.24413,12.31000,22.80827,5.07304,1.17313,5.95135,11.88000,21.70602,25.08742,91.55958
71-1,1783321341.035887,2026-07-06T14:02:21.035887,5.08288,1.28764,6.54490,13.13000,24.46319,5.05107,1.27787,6.45461,12.99000,23.88356,5.02941,1.24955,6.28449,12.36000,23.43745,5.07299,1.17411,5.95624,11.89000,22.30234,25.24024,94.08654
71-1,1783321341.136003,2026-07-06T14:02:21.136003,5.08251,1.29447,6.57917,13.20000,25.12188,5.05947,1.26908,6.42088,12.90000,24.52640,5.02941,1.24955,6.28449,12.36000,24.06664,5.07683,1.17728,5.97686,11.92000,22.90072,25.26140,96.61563
71-1,1783321341.236122,2026-07-06T14:02:21.236122,5.08651,1.29447,6.58435,13.20000,25.78109,5.05147,1.26908,6.41072,12.90000,25.16823,5.02112,1.25468,6.29988,12.41000,24.69737,5.07283,1.17728,5.97216,11.92000,23.49864,25.26711,99.14533
71-1,1783321341.336240,2026-07-06T14:02:21.336240,5.08272,1.29057,6.55959,13.16000,26.43782,5.05129,1.27299,6.43023,12.94000,25.81201,5.02244,1.23124,6.18382,12.18000,25.31648,5.07374,1.15946,5.88279,11.74000,24.08761,25.05643,101.65393
71-1,1783321341.436358,2026-07-06T14:02:21.436358,5.08304,1.28471,6.53022,13.10000,27.09162,5.05218,1.25321,6.33146,12.74000,26.44590,5.02506,1.25565,6.30974,12.42000,25.94820,5.07278,1.17826,5.97705,11.93000,24.68603,25.14847,104.17175
71-1,1783321341.536477,2026-07-06T14:02:21.536477,5.08412,1.26493,6.43106,12.90000,27.73549,5.05138,1.27103,6.42048,12.92000,27.08872,5.02906,1.25565,6.31476,12.42000,26.58043,5.07299,1.17411,5.95624,11.89000,25.28236,25.12254,106.68700
71-1,1783321341.636594,2026-07-06T14:02:21.636594,5.08412,1.26493,6.43106,12.90000,28.37935,5.05138,1.27103,6.42048,12.92000,27.73151,5.02930,1.25150,6.29418,12.38000,27.21058,5.07299,1.17411,5.95624,11.89000,25.87868,25.10196,109.20012
71-1,1783321341.736712,2026-07-06T14:02:21.736712,5.08747,1.27689,6.49616,13.02000,29.02973,5.04724,1.27396,6.43001,12.95000,28.37527,5.02958,1.24638,6.26875,12.33000,27.83820,5.07294,1.17508,5.96114,11.90000,26.47550,25.15606,111.71869
71-1,1783321341.836829,2026-07-06T14:02:21.836829,5.09131,1.27982,6.51598,13.05000,29.68210,5.04814,1.25419,6.33132,12.75000,29.00915,5.02901,1.25663,6.31960,12.43000,28.47090,5.07299,1.17411,5.95624,11.89000,27.07182,25.12314,114.23397
71-1,1783321341.936946,2026-07-06T14:02:21.936946,5.09083,1.28861,6.56011,13.14000,30.33887,5.04698,1.27982,6.45925,13.01000,29.65583,5.02490,1.25858,6.32425,12.45000,29.10406,5.07688,1.17631,5.97197,11.91000,27.66971,25.31558,116.76848
71-1,1783321342.037065,2026-07-06T14:02:22.037065,5.08797,1.19437,6.07693,12.18000,30.94728,5.04298,1.27982,6.45413,13.01000,30.30201,5.02890,1.25858,6.32928,12.45000,29.73774,5.07839,1.06766,5.42199,10.81000,28.21256,24.28233,119.19959
71-1,1783321342.137183,2026-07-06T14:02:22.137183,5.08797,1.19437,6.07693,12.18000,31.55570,5.06436,1.16092,5.87934,11.80000,30.89064,5.03545,1.14237,5.75235,11.30000,30.31366,5.07439,1.06766,5.41772,10.81000,28.75497,23.12634,121.51496
71-1,1783321342.237302,2026-07-06T14:02:22.237302,5.10012,1.26493,6.45130,12.90000,32.20160,5.06014,1.25419,6.34637,12.75000,31.52603,5.02975,1.24345,6.25422,12.30000,30.93982,5.07264,1.18119,5.99174,11.96000,29.35486,25.04363,124.02231
71-1,1783321342.337422,2026-07-06T14:02:22.337422,5.09920,1.28178,6.53604,13.07000,32.85598,5.04698,1.27982,6.45925,13.01000,32.17273,5.01290,1.25858,6.30915,12.45000,31.57149,5.07259,1.18216,5.99663,11.97000,29.95524,25.30107,126.55544
71-1,1783321342.437539,2026-07-06T14:02:22.437539,5.09429,1.29838,6.61433,13.24000,33.51819,5.04698,1.27982,6.45925,13.01000,32.81941,5.02490,1.25858,6.32425,12.45000,32.20466,5.07294,1.17508,5.96114,11.90000,30.55205,25.35897,129.09431
71-1,1783321342.537657,2026-07-06T14:02:22.537657,5.08229,1.29838,6.59875,13.24000,34.17884,5.05494,1.28080,6.47437,13.02000,33.46761,5.01684,1.25956,6.31901,12.46000,32.83731,5.07694,1.17508,5.96584,11.90000,31.14934,25.35797,131.63310
71-1,1783321342.637775,2026-07-06T14:02:22.637775,5.09499,1.28568,6.55054,13.11000,34.83467,5.05520,1.27494,6.44508,12.96000,34.11288,5.01706,1.25565,6.29969,12.42000,33.46802,5.07288,1.17631,5.96726,11.91000,31.74677,25.26257,134.16234
72-1,1783321342.737899,2026-07-06T14:02:22.737899,5.10007,1.19242,6.08143,12.16000,0.60890,5.05683,1.32719,6.71138,13.49000,0.67197,5.03455,1.30009,6.54536,12.86000,0.65535,5.07405,1.15336,5.85218,11.68000,0.58594,25.19035,2.52216
72-1,1783321342.838017,2026-07-06T14:02:22.838017,5.08592,1.30522,6.63822,13.31000,1.27350,5.05283,1.32719,6.70607,13.49000,1.34337,5.02655,1.30009,6.53496,12.86000,1.30961,5.06979,1.23734,6.27307,12.53000,1.21399,26.15232,5.14047
72-1,1783321342.938136,2026-07-06T14:02:22.938136,5.08992,1.30522,6.64344,13.31000,1.93864,5.05022,1.29667,6.54847,13.18000,1.99900,5.02815,1.27177,6.39464,12.58000,1.94984,5.08179,1.23734,6.28791,12.53000,1.84353,25.87446,7.73101
72-1,1783321343.038256,2026-07-06T14:02:23.038256,5.08893,1.17679,5.98862,12.00000,2.53822,5.05761,1.13334,5.73197,11.52000,2.57288,5.03836,1.09085,5.49612,10.79000,2.50011,5.08282,0.82253,4.18079,8.33000,2.26211,21.39750,9.87331
72-1,1783321343.138375,2026-07-06T14:02:23.138375,5.08817,1.26395,6.43122,12.89000,3.18211,5.05272,1.24149,6.27291,12.62000,3.20092,5.02215,1.23637,6.20921,12.23000,3.12177,5.06584,1.15751,5.86374,11.72000,2.84918,24.77708,12.35398
73-1,1783321343.238503,2026-07-06T14:02:23.238503,5.08838,1.26005,6.41161,12.85000,0.64198,5.05272,1.24149,6.27291,12.62000,0.62809,5.02615,1.23637,6.21416,12.23000,0.62221,5.07549,1.12479,5.70887,11.39000,0.57162,24.60755,2.46390
73-1,1783321343.338623,2026-07-06T14:02:23.338623,5.08192,1.30522,6.63300,13.31000,1.30607,5.05232,1.25028,6.31682,12.71000,1.26053,5.03111,1.21928,6.13431,12.06000,1.23637,5.06574,1.23832,6.27300,12.54000,1.19967,25.35713,5.00264
73-1,1783321343.438740,2026-07-06T14:02:23.438740,5.08192,1.30522,6.63300,13.31000,1.97016,5.04523,1.40678,7.09754,14.30000,1.97112,5.02319,1.35966,6.82983,13.45000,1.92016,5.07374,1.23832,6.28291,12.54000,1.82870,26.84328,7.69014
73-1,1783321343.538858,2026-07-06T14:02:23.538858,5.08877,1.17972,6.00334,12.03000,2.57120,5.07677,1.06351,5.39920,10.81000,2.51168,5.05819,1.02298,5.17443,10.12000,2.43821,5.07891,0.82058,4.16766,8.31000,2.24595,20.74463,9.76704
73-1,1783321343.638977,2026-07-06T14:02:23.638977,5.08352,1.27592,6.48615,13.01000,3.22058,5.06077,1.06351,5.38218,10.81000,3.05053,5.03419,1.02298,5.14988,10.12000,2.95382,5.06174,1.15946,5.86888,11.74000,2.83354,22.88709,12.05848
73-1,1783321343.739094,2026-07-06T14:02:23.739094,5.08844,1.25907,6.40671,12.84000,3.86200,5.05618,1.25321,6.33647,12.74000,3.68492,5.02386,1.20609,6.05923,11.93000,3.56044,5.07474,1.13968,5.78360,11.54000,3.41257,24.58601,14.51993
73-1,1783321343.839210,2026-07-06T14:02:23.839210,5.08444,1.25907,6.40167,12.84000,4.50291,5.05720,1.23075,6.22415,12.51000,4.30806,5.02215,1.23637,6.20921,12.23000,4.18209,5.07074,1.13968,5.77904,11.54000,3.99115,24.61407,16.98421
73-1,1783321343.939328,2026-07-06T14:02:23.939328,5.08481,1.25224,6.36738,12.77000,5.14040,5.04841,1.24833,6.30207,12.69000,4.93901,5.02615,1.23637,6.21416,12.23000,4.80424,5.07369,1.16044,5.88769,11.75000,4.58062,24.77130,19.46427
73-1,1783321344.039446,2026-07-06T14:02:24.039446,5.08336,1.27885,6.50084,13.04000,5.79125,5.05241,1.24833,6.30707,12.69000,5.57046,5.03015,1.23637,6.21911,12.23000,5.42688,5.07410,1.15238,5.84728,11.67000,5.16603,24.87430,21.95463
73-1,1783321344.139564,2026-07-06T14:02:24.139564,5.09173,1.27201,6.47674,12.97000,6.43969,5.04801,1.25712,6.34594,12.78000,6.20580,5.02751,1.21220,6.09433,11.99000,6.03703,5.06969,1.16044,5.88305,11.75000,5.75503,24.80006,24.43756
73-1,1783321344.239681,2026-07-06T14:02:24.239681,5.08773,1.27201,6.47165,12.97000,7.08761,5.04867,1.24247,6.27282,12.63000,6.83382,5.02586,1.24149,6.23957,12.28000,6.66172,5.07769,1.16044,5.89233,11.75000,6.34495,24.87637,26.92811
73-1,1783321344.339799,2026-07-06T14:02:24.339799,5.08304,1.28471,6.53022,13.10000,7.74141,5.05249,1.24638,6.29731,12.67000,7.46430,5.02609,1.23734,6.21900,12.24000,7.28436,5.07369,1.16044,5.88769,11.75000,6.93442,24.93422,29.42448
73-1,1783321344.439918,2026-07-06T14:02:24.439918,5.08028,1.26200,6.41132,12.87000,8.38330,5.05249,1.24638,6.29731,12.67000,8.09477,5.02209,1.23734,6.21405,12.24000,7.90650,5.07369,1.16044,5.88769,11.75000,7.52388,24.81037,31.90845
73-1,1783321344.540036,2026-07-06T14:02:24.540036,5.08006,1.26591,6.43089,12.91000,9.02715,5.04786,1.26029,6.36178,12.81000,8.73170,5.02769,1.20902,6.07859,11.96000,8.51508,5.06954,1.16337,5.89773,11.78000,8.11436,24.76899,34.38829
73-1,1783321344.640155,2026-07-06T14:02:24.640155,5.08385,1.26981,6.45555,12.95000,9.67347,5.05076,1.19633,6.04235,12.16000,9.33666,5.03015,1.16556,5.86295,11.53000,9.10207,5.07354,1.16337,5.90238,11.78000,8.70530,24.26323,36.81749
73-1,1783321344.740271,2026-07-06T14:02:24.740271,5.08785,1.26981,6.46063,12.95000,10.32028,5.05586,1.26029,6.37187,12.81000,9.97458,5.02564,1.24540,6.25893,12.32000,9.72869,5.07349,1.16434,5.90728,11.79000,9.29671,24.99871,39.32027
73-1,1783321344.840387,2026-07-06T14:02:24.840387,5.08731,1.27982,6.51086,13.05000,10.97213,5.05186,1.26029,6.36683,12.81000,10.61201,5.03364,1.24540,6.26889,12.32000,10.35631,5.07364,1.16141,5.89259,11.76000,9.88665,25.03917,41.82709
73-1,1783321344.940505,2026-07-06T14:02:24.940505,5.08747,1.27689,6.49616,13.02000,11.62251,5.05254,1.24540,6.29243,12.66000,11.24199,5.02175,1.24345,6.24428,12.30000,10.98147,5.07344,1.16532,5.91217,11.80000,10.47857,24.94504,44.32453
73-1,1783321345.040621,2026-07-06T14:02:25.040621,5.08747,1.27689,6.49616,13.02000,12.27288,5.05186,1.26029,6.36683,12.81000,11.87941,5.02609,1.23734,6.21900,12.24000,11.60409,5.07349,1.16434,5.90728,11.79000,11.06998,24.98927,46.82636
73-1,1783321345.140739,2026-07-06T14:02:25.140739,5.08747,1.27689,6.49616,13.02000,12.92326,5.05298,1.23563,6.24363,12.56000,12.50451,5.02581,1.24247,6.24441,12.29000,12.22927,5.07349,1.16434,5.90728,11.79000,11.66141,24.89148,49.31845
73-1,1783321345.240856,2026-07-06T14:02:25.240856,5.09115,1.28275,6.53069,13.08000,13.57709,5.05298,1.23563,6.24363,12.56000,13.12960,5.03020,1.23539,6.21426,12.22000,12.85142,5.06969,1.16044,5.88305,11.75000,12.25040,24.87163,51.80851
73-1,1783321345.340975,2026-07-06T14:02:25.340975,5.09147,1.27689,6.50126,13.02000,14.22799,5.05164,1.26518,6.39121,12.86000,13.76948,5.03020,1.23539,6.21426,12.22000,13.47358,5.06939,1.16630,5.91241,11.81000,12.84234,25.01914,54.31340
73-1,1783321345.441093,2026-07-06T14:02:25.441093,5.08699,1.28568,6.54026,13.11000,14.88279,5.05232,1.25028,6.31682,12.71000,14.40191,5.02569,1.24442,6.25409,12.31000,14.09973,5.07424,1.14945,5.83259,11.64000,13.42629,24.94376,56.81073
73-1,1783321345.541209,2026-07-06T14:02:25.541209,5.08699,1.28568,6.54026,13.11000,15.53758,5.04751,1.26811,6.40077,12.89000,15.04274,5.02644,1.23124,6.18875,12.18000,14.71933,5.07424,1.14945,5.83259,11.64000,14.01023,24.96237,59.30987
73-1,1783321345.641328,2026-07-06T14:02:25.641328,5.08812,1.26493,6.43612,12.90000,16.18195,5.05151,1.26811,6.40585,12.89000,15.68408,5.02569,1.24442,6.25409,12.31000,15.34548,5.07329,1.16825,5.92687,11.83000,14.60362,25.02293,61.81513
73-1,1783321345.741447,2026-07-06T14:02:25.741447,5.08715,1.28275,6.52556,13.08000,16.83529,5.05169,1.26420,6.38634,12.85000,16.32348,5.02169,1.24442,6.24911,12.31000,15.97114,5.07354,1.16337,5.90238,11.78000,15.19456,25.06339,64.32446
73-1,1783321345.841567,2026-07-06T14:02:25.841567,5.08661,1.29252,6.57455,13.18000,17.49353,5.05124,1.27396,6.43511,12.95000,16.96775,5.02586,1.24149,6.23957,12.28000,16.59584,5.07324,1.16923,5.93176,11.84000,15.78844,25.18099,66.84556
73-1,1783321345.941685,2026-07-06T14:02:25.941685,5.09109,1.28373,6.53559,13.09000,18.14786,5.05564,1.26518,6.39627,12.86000,17.60814,5.02546,1.24857,6.27466,12.35000,17.22405,5.07324,1.16923,5.93176,11.84000,16.38232,25.13828,69.36237
73-1,1783321346.041802,2026-07-06T14:02:26.041802,5.08309,1.28373,6.52532,13.09000,18.80116,5.05164,1.26518,6.39121,12.86000,18.24801,5.02518,1.25346,6.29885,12.40000,17.85467,5.06919,1.17020,5.93198,11.85000,16.97622,25.14736,71.88005
73-1,1783321346.141919,2026-07-06T14:02:26.141919,5.08768,1.27299,6.47655,12.98000,19.44957,5.06333,1.27201,6.44062,12.93000,18.89283,5.03318,1.25346,6.30888,12.40000,18.48630,5.07429,1.14847,5.82769,11.63000,17.55967,25.05374,74.38836
73-1,1783321346.242038,2026-07-06T14:02:26.242038,5.08667,1.29154,6.56965,13.17000,20.10731,5.06396,1.25810,6.37095,12.79000,19.53067,5.02181,1.24247,6.23944,12.29000,19.11098,5.07329,1.16825,5.92687,11.83000,18.15306,25.10691,76.90202
73-1,1783321346.342154,2026-07-06T14:02:26.342154,5.08283,1.28861,6.54980,13.14000,20.76306,5.04742,1.27006,6.41052,12.91000,20.17247,5.02146,1.24857,6.26966,12.35000,19.73868,5.06909,1.17215,5.94176,11.87000,18.74792,25.17174,79.42213
73-1,1783321346.442272,2026-07-06T14:02:26.442272,5.08283,1.28861,6.54980,13.14000,21.41881,5.05142,1.27006,6.41560,12.91000,20.81479,5.02684,1.22416,6.15365,12.11000,20.35476,5.06909,1.17215,5.94176,11.87000,19.34280,25.06081,81.93116
73-1,1783321346.542391,2026-07-06T14:02:26.542391,5.08272,1.29057,6.55959,13.16000,22.07555,5.04801,1.25712,6.34594,12.78000,21.45014,5.02684,1.22416,6.15365,12.11000,20.97086,5.06998,1.15458,5.85368,11.69000,19.92887,24.91286,84.42541
73-1,1783321346.642509,2026-07-06T14:02:26.642509,5.08363,1.27396,6.47636,12.99000,22.72395,5.04751,1.26811,6.40077,12.89000,22.09097,5.02146,1.24857,6.26966,12.35000,21.59857,5.06914,1.17118,5.93687,11.86000,20.52325,25.08366,86.93674
73-1,1783321346.742627,2026-07-06T14:02:26.742627,5.08065,1.25517,6.37706,12.80000,23.36240,5.05614,1.25419,6.34135,12.75000,22.72585,5.02118,1.25346,6.29384,12.40000,22.22869,5.06899,1.17411,5.95155,11.89000,21.11911,24.96380,89.43606
73-1,1783321346.842745,2026-07-06T14:02:26.842745,5.08065,1.25517,6.37706,12.80000,24.00086,5.05614,1.25419,6.34135,12.75000,23.36074,5.02969,1.24442,6.25907,12.31000,22.85534,5.07299,1.17411,5.95624,11.89000,21.71544,24.93372,91.93237
73-1,1783321346.942863,2026-07-06T14:02:26.942863,5.08779,1.27103,6.46675,12.96000,24.64830,5.05151,1.26811,6.40585,12.89000,24.00208,5.02169,1.24442,6.24911,12.31000,23.48099,5.08114,1.17118,5.95092,11.86000,22.31123,25.07263,94.44259
73-1,1783321347.042981,2026-07-06T14:02:27.042981,5.08785,1.26981,6.46063,12.95000,25.29512,5.05155,1.26713,6.40097,12.88000,24.64293,5.02586,1.24149,6.23957,12.28000,24.10568,5.08184,1.15751,5.88226,11.72000,22.90015,24.98343,96.94388
73-1,1783321347.143099,2026-07-06T14:02:27.143099,5.08629,1.29838,6.60394,13.24000,25.95630,5.05249,1.24638,6.29731,12.67000,25.27340,5.02479,1.26054,6.33393,12.47000,24.73982,5.07283,1.17728,5.97216,11.92000,23.49807,25.20734,99.46759
73-1,1783321347.243217,2026-07-06T14:02:27.243217,5.09029,1.29838,6.60913,13.24000,26.61799,5.06049,1.24638,6.30728,12.67000,25.90488,5.02209,1.23734,6.21405,12.24000,25.36196,5.06883,1.17728,5.96745,11.92000,24.09552,25.09791,101.98035
73-1,1783321347.343335,2026-07-06T14:02:27.343335,5.08336,1.27885,6.50084,13.04000,27.26885,5.05120,1.27494,6.43998,12.96000,26.54964,5.03009,1.23734,6.22395,12.24000,25.98509,5.07294,1.17508,5.96114,11.90000,24.69234,25.12591,104.49592
73-1,1783321347.443457,2026-07-06T14:02:27.443457,5.08640,1.29643,6.59414,13.22000,27.92906,5.05111,1.27689,6.44974,12.98000,27.19540,5.02918,1.25346,6.30386,12.40000,26.61625,5.07288,1.17631,5.96726,11.91000,25.28979,25.31500,107.03050
73-1,1783321347.543575,2026-07-06T14:02:27.543575,5.08688,1.28764,6.55005,13.13000,28.58484,5.05191,1.25932,6.36195,12.80000,27.83234,5.02890,1.25858,6.32928,12.45000,27.24992,5.07349,1.16434,5.90728,11.79000,25.88122,25.14856,109.54831
73-1,1783321347.643692,2026-07-06T14:02:27.643692,5.07531,1.27982,6.49550,13.05000,29.23515,5.05191,1.25932,6.36195,12.80000,28.46928,5.03026,1.23441,6.20942,12.21000,27.87159,5.06878,1.17826,5.97234,11.93000,26.47915,25.03921,112.05518
73-1,1783321347.743811,2026-07-06T14:02:27.743811,5.07531,1.27982,6.49550,13.05000,29.88548,5.05520,1.27494,6.44508,12.96000,29.11456,5.02626,1.23441,6.20448,12.21000,28.49278,5.07278,1.17826,5.97705,11.93000,27.07757,25.12211,114.57038
73-1,1783321347.843934,2026-07-06T14:02:27.843934,5.08709,1.28373,6.53046,13.09000,30.53932,5.05489,1.28178,6.47925,13.03000,29.76328,5.02490,1.25858,6.32425,12.45000,29.12598,5.06864,1.18119,5.98701,11.96000,27.67700,25.32097,117.10558
73-1,1783321347.944052,2026-07-06T14:02:27.944052,5.08741,1.27787,6.50106,13.03000,31.19019,5.05191,1.25932,6.36195,12.80000,30.40022,5.02506,1.25565,6.30974,12.42000,29.75769,5.06864,1.18119,5.98701,11.96000,28.27641,25.15976,119.62452
73-1,1783321348.044169,2026-07-06T14:02:28.044169,5.08347,1.27689,6.49105,13.02000,31.84006,5.04791,1.25932,6.35691,12.80000,31.03666,5.02512,1.25468,6.30490,12.41000,30.38892,5.07673,1.17924,5.98666,11.94000,28.87578,25.13952,122.14141
73-1,1783321348.144287,2026-07-06T14:02:28.144287,5.08347,1.27689,6.49105,13.02000,32.48993,5.05516,1.27592,6.44996,12.97000,31.68241,5.02112,1.25468,6.29988,12.41000,31.01965,5.06873,1.17924,5.97723,11.94000,29.47421,25.21812,124.66620
73-1,1783321348.244405,2026-07-06T14:02:28.244405,5.08661,1.29252,6.57455,13.18000,33.14816,5.05507,1.27787,6.45972,12.99000,32.32915,5.01724,1.25248,6.28399,12.39000,31.64880,5.07283,1.17728,5.97216,11.92000,30.07213,25.29042,127.19824
73-1,1783321348.344524,2026-07-06T14:02:28.344524,5.08741,1.27787,6.50106,13.03000,33.79904,5.05582,1.26127,6.37675,12.82000,32.96759,5.02106,1.25565,6.30471,12.42000,32.28002,5.07304,1.17313,5.95135,11.88000,30.66797,25.13387,129.71462
73-1,1783321348.444643,2026-07-06T14:02:28.444643,5.06747,1.27689,6.47062,13.02000,34.44687,5.05182,1.26127,6.37170,12.82000,33.60551,5.02118,1.25346,6.29384,12.40000,32.91015,5.07269,1.18021,5.98684,11.95000,31.26736,25.12300,132.22990
73-1,1783321348.544761,2026-07-06T14:02:28.544761,5.09147,1.27689,6.50126,13.02000,35.09777,5.05124,1.27396,6.43511,12.95000,34.24978,5.02055,1.26469,6.34943,12.51000,33.54584,5.07269,1.18021,5.98684,11.95000,31.86676,25.27264,134.76016
73-1,1783321348.644880,2026-07-06T14:02:28.644880,5.07899,1.28568,6.52997,13.11000,35.75154,5.05502,1.27885,6.46461,13.00000,34.89701,5.02455,1.26469,6.35448,12.51000,34.18205,5.07269,1.18021,5.98684,11.95000,32.46615,25.33590,137.29675
73-1,1783321348.744998,2026-07-06T14:02:28.744998,5.08373,1.27201,6.46657,12.97000,36.39896,5.05485,1.28275,6.48413,13.04000,35.54619,5.02569,1.24442,6.25409,12.31000,34.80819,5.07249,1.18412,6.00642,11.99000,33.06750,25.21121,139.82084
74-1,1783321348.845128,2026-07-06T14:02:28.845128,5.08678,1.21610,6.18604,12.40000,0.61941,5.05266,1.33110,6.72557,13.53000,0.67343,5.02695,1.22221,6.14396,12.09000,0.61519,5.07794,1.15555,5.86782,11.70000,0.58754,24.92339,2.49558
74-1,1783321348.945245,2026-07-06T14:02:28.945245,5.08442,1.33280,6.77653,13.59000,1.29785,5.04866,1.33110,6.72024,13.53000,1.34624,5.02631,1.23344,6.19964,12.20000,1.23588,5.07464,1.14164,5.79339,11.56000,1.16756,25.48980,5.04754
74-1,1783321349.045364,2026-07-06T14:02:29.045364,5.08442,1.33280,6.77653,13.59000,1.97631,5.04798,0.99271,5.01116,10.09000,1.84795,5.02231,1.23344,6.19470,12.20000,1.85609,5.06664,1.14164,5.78426,11.56000,1.74668,23.76665,7.42703
74-1,1783321349.145483,2026-07-06T14:02:29.145483,5.08481,1.25224,6.36738,12.77000,2.61381,5.03863,1.19926,6.04260,12.19000,2.45293,5.02631,1.23344,6.19964,12.20000,2.47679,5.06989,1.15653,5.86347,11.71000,2.33372,24.47309,9.87726
74-1,1783321349.245600,2026-07-06T14:02:29.245600,5.08449,1.25810,6.39677,12.83000,3.25423,5.04401,1.25712,6.34092,12.78000,3.08777,5.02598,1.23930,6.22868,12.26000,3.10039,5.06989,1.15653,5.86347,11.71000,2.92075,24.82984,12.36315
74-1,1783321349.345718,2026-07-06T14:02:29.345718,5.08524,1.24442,6.32818,12.69000,3.88780,5.05601,1.25712,6.35600,12.78000,3.72412,5.03015,1.23637,6.21911,12.23000,3.72304,5.07374,1.15946,5.88279,11.74000,3.50973,24.78608,14.84468
74-1,1783321349.445835,2026-07-06T14:02:29.445835,5.08524,1.24442,6.32818,12.69000,4.52136,5.05227,1.25126,6.32170,12.72000,4.35703,5.02215,1.23637,6.20921,12.23000,4.34468,5.07374,1.15946,5.88279,11.74000,4.09870,24.74188,17.32177
74-1,1783321349.545953,2026-07-06T14:02:29.545953,5.08417,1.26395,6.42616,12.89000,5.16474,5.05357,1.22269,6.17896,12.43000,4.97566,5.02798,1.20389,6.05316,11.91000,4.95072,5.07074,1.13968,5.77904,11.54000,4.67728,24.43732,19.76839
74-1,1783321349.646072,2026-07-06T14:02:29.646072,5.08508,1.24735,6.34288,12.72000,5.79978,5.04796,1.25810,6.35082,12.79000,5.61149,5.02581,1.24247,6.24441,12.29000,5.57590,5.06974,1.15946,5.87815,11.74000,5.26580,24.81626,22.25296
74-1,1783321349.746191,2026-07-06T14:02:29.746191,5.08844,1.25907,6.40671,12.84000,6.44121,5.05596,1.25810,6.36088,12.79000,6.24833,5.03026,1.23441,6.20942,12.21000,6.19758,5.07479,1.13871,5.77870,11.53000,5.84435,24.75571,24.73147
74-1,1783321349.846309,2026-07-06T14:02:29.846309,5.08444,1.25907,6.40167,12.84000,7.08213,5.05223,1.25224,6.32658,12.73000,6.88174,5.02226,1.23441,6.19954,12.21000,6.81827,5.07479,1.13871,5.77870,11.53000,6.42291,24.70649,27.20505
74-1,1783321349.946426,2026-07-06T14:02:29.946426,5.08524,1.24442,6.32818,12.69000,7.71569,5.05329,1.22880,6.20947,12.49000,7.50341,5.02718,1.21805,6.12338,12.05000,7.43132,5.07369,1.16044,5.88769,11.75000,7.01236,24.54872,29.66278
74-1,1783321350.046543,2026-07-06T14:02:30.046543,5.08315,1.28275,6.52043,13.08000,8.36850,5.04773,1.26322,6.37641,12.84000,8.14180,5.02615,1.23637,6.21416,12.23000,8.05346,5.07454,1.14359,5.80319,11.58000,7.59336,24.91419,32.15712
74-1,1783321350.146659,2026-07-06T14:02:30.146659,5.08796,1.26786,6.45082,12.93000,9.01433,5.05573,1.26322,6.38651,12.84000,8.78119,5.03118,1.21805,6.12826,12.05000,8.66700,5.06969,1.16044,5.88305,11.75000,8.18235,24.84864,34.64487
74-1,1783321350.246778,2026-07-06T14:02:30.246778,5.08012,1.26493,6.42600,12.90000,9.65769,5.05586,1.26029,6.37187,12.81000,9.41914,5.03118,1.21805,6.12826,12.05000,9.28055,5.07039,1.14652,5.81330,11.61000,8.76437,24.73943,37.12176
74-1,1783321350.346897,2026-07-06T14:02:30.346897,5.08812,1.26493,6.43612,12.90000,10.30207,5.05680,1.23954,6.26811,12.60000,10.04670,5.02958,1.24638,6.26875,12.33000,9.90818,5.07039,1.14652,5.81330,11.61000,9.34639,24.78628,39.60334
74-1,1783321350.447015,2026-07-06T14:02:30.447015,5.08065,1.25517,6.37706,12.80000,10.94053,5.04773,1.26322,6.37641,12.84000,10.68509,5.02981,1.24247,6.24938,12.29000,10.53385,5.07349,1.16434,5.90728,11.79000,9.93782,24.91013,42.09728
74-1,1783321350.547134,2026-07-06T14:02:30.547134,5.08012,1.26493,6.42600,12.90000,11.58389,5.05173,1.26322,6.38146,12.84000,11.32399,5.02631,1.23344,6.19964,12.20000,11.15455,5.07464,1.14164,5.79339,11.56000,10.51784,24.80049,44.58028
74-1,1783321350.647253,2026-07-06T14:02:30.647253,5.09139,1.13163,5.76155,11.54000,12.16073,5.04961,1.22172,6.16920,12.42000,11.94165,5.03031,1.23344,6.20457,12.20000,11.77575,5.08385,1.03885,5.28136,10.52000,11.04661,23.41668,46.92475
74-1,1783321350.747372,2026-07-06T14:02:30.747372,5.09539,1.13163,5.76608,11.54000,12.73803,5.04810,1.25517,6.33619,12.76000,12.57602,5.02911,1.18387,5.95384,11.71000,12.37184,5.07585,1.03885,5.27305,10.52000,11.57454,23.32916,49.26043
75-1,1783321350.847502,2026-07-06T14:02:30.847502,5.08086,1.25126,6.35748,12.76000,0.63657,5.05253,1.33403,6.74020,13.56000,0.67490,5.02815,1.20096,6.03863,11.88000,0.60465,5.06825,1.10990,5.62524,11.24000,0.56326,24.76155,2.47938
75-1,1783321350.947621,2026-07-06T14:02:30.947621,5.07861,1.29252,6.56421,13.18000,1.29377,5.04853,1.33403,6.73486,13.56000,1.34918,5.02073,1.33232,6.68920,13.18000,1.27436,5.06159,1.24125,6.28269,12.57000,1.19227,26.27096,5.10958
75-1,1783321351.047739,2026-07-06T14:02:31.047739,5.09432,1.15116,5.86437,11.74000,1.88090,5.04014,1.16581,5.87583,11.85000,1.93746,5.04073,1.33232,6.71585,13.18000,1.94674,5.10081,0.86209,4.39734,8.73000,1.63252,22.85339,7.39762
75-1,1783321351.147858,2026-07-06T14:02:31.147858,5.08632,1.15116,5.85516,11.74000,2.46712,5.03720,1.23075,6.19954,12.51000,2.55815,5.03750,1.03519,5.21476,10.24000,2.46884,5.08081,0.86209,4.38010,8.73000,2.07105,21.64956,9.56516
75-1,1783321351.247975,2026-07-06T14:02:31.247975,5.08779,1.27103,6.46675,12.96000,3.11455,5.05182,1.26127,6.37170,12.82000,3.19607,5.02729,1.21610,6.11370,12.03000,3.08092,5.07449,1.14457,5.80809,11.59000,2.65255,24.76024,12.04409
75-1,1783321351.348093,2026-07-06T14:02:31.348093,5.08940,1.24149,6.31845,12.66000,3.74714,5.05582,1.26127,6.37675,12.82000,3.83450,5.02700,1.22123,6.13912,12.08000,3.69556,5.07374,1.15946,5.88279,11.74000,3.24152,24.71711,14.51871
75-1,1783321351.448212,2026-07-06T14:02:31.448212,5.08385,1.26981,6.45555,12.95000,4.39346,5.05210,1.25517,6.34122,12.76000,4.46937,5.02300,1.22123,6.13424,12.08000,4.30971,5.07474,1.13968,5.78360,11.54000,3.82056,24.71461,16.99311
75-1,1783321351.548331,2026-07-06T14:02:31.548331,5.08988,1.23270,6.27431,12.57000,5.02164,5.05285,1.23856,6.25827,12.59000,5.09594,5.03026,1.23441,6.20942,12.21000,4.93139,5.07074,1.13968,5.77904,11.54000,4.39915,24.52104,19.44812
75-1,1783321351.648449,2026-07-06T14:02:31.648449,5.08988,1.23270,6.27431,12.57000,5.64981,5.05397,1.12552,5.68835,11.44000,5.66545,5.03089,1.15238,5.79749,11.40000,5.51183,5.07004,1.07450,5.44774,10.88000,4.94458,23.20789,21.77167
75-1,1783321351.748568,2026-07-06T14:02:31.748568,5.08545,1.24052,6.30858,12.65000,6.28142,5.05797,1.12552,5.69286,11.44000,6.23541,5.02751,1.21220,6.09433,11.99000,6.12198,5.07359,1.16239,5.89748,11.77000,5.53502,23.99325,24.17384
75-1,1783321351.848686,2026-07-06T14:02:31.848686,5.08315,1.28275,6.52043,13.08000,6.93423,5.05196,1.25810,6.35585,12.79000,6.87175,5.02586,1.24149,6.23957,12.28000,6.74668,5.07484,1.13773,5.77380,11.52000,6.11309,24.88965,26.66575
75-1,1783321351.948805,2026-07-06T14:02:31.948805,5.08470,1.25419,6.37718,12.79000,7.57271,5.05196,1.25810,6.35585,12.79000,7.50809,5.02986,1.24149,6.24454,12.28000,7.37188,5.06954,1.16337,5.89773,11.78000,6.70356,24.87530,29.15623
75-1,1783321352.048923,2026-07-06T14:02:32.048923,5.08870,1.25419,6.38219,12.79000,8.21168,5.05311,1.23270,6.22899,12.53000,8.13172,5.02609,1.23734,6.21900,12.24000,7.99451,5.07354,1.16337,5.90238,11.78000,7.29450,24.73256,31.63242
75-1,1783321352.149041,2026-07-06T14:02:32.149041,5.09093,1.28666,6.55030,13.12000,8.86749,5.05311,1.23270,6.22899,12.53000,8.75536,5.02751,1.21220,6.09433,11.99000,8.60466,5.07874,1.13968,5.78815,11.54000,7.87399,24.66177,34.10150
75-1,1783321352.249159,2026-07-06T14:02:32.249159,5.09478,1.21610,6.19577,12.40000,9.48779,5.05863,1.19926,6.06659,12.19000,9.36273,5.02735,1.21512,6.10886,12.02000,9.21627,5.07824,1.14945,5.83718,11.64000,8.45840,24.20840,36.52520
75-1,1783321352.349280,2026-07-06T14:02:32.349280,5.08833,1.26102,6.41651,12.86000,10.13022,5.05654,1.24540,6.29741,12.66000,9.99323,5.02335,1.21512,6.10400,12.02000,9.82740,5.07359,1.16239,5.89748,11.77000,9.04886,24.71540,38.99971
75-1,1783321352.449395,2026-07-06T14:02:32.449395,5.08833,1.26102,6.41651,12.86000,10.77261,5.04778,1.26225,6.37153,12.83000,10.63112,5.02981,1.24247,6.24938,12.29000,10.45307,5.07359,1.16239,5.89748,11.77000,9.63929,24.93490,41.49609
75-1,1783321352.549514,2026-07-06T14:02:32.549514,5.08677,1.28959,6.55985,13.15000,11.42937,5.05178,1.26225,6.37658,12.83000,11.26953,5.02992,1.24052,6.23969,12.27000,11.07777,5.07434,1.14750,5.82279,11.62000,10.22226,24.99891,43.99894
75-1,1783321352.649631,2026-07-06T14:02:32.649631,5.08812,1.26493,6.43612,12.90000,12.07374,5.05289,1.23759,6.25339,12.58000,11.89561,5.02986,1.24149,6.24454,12.28000,11.70296,5.07359,1.16239,5.89748,11.77000,10.81270,24.83153,46.48500
75-1,1783321352.749749,2026-07-06T14:02:32.749749,5.08315,1.28275,6.52043,13.08000,12.72655,5.05178,1.26225,6.37658,12.83000,12.53402,5.02986,1.24149,6.24454,12.28000,12.32815,5.07424,1.14945,5.83259,11.64000,11.39664,24.97414,48.98537
75-1,1783321352.849868,2026-07-06T14:02:32.849868,5.09115,1.28275,6.53069,13.08000,13.38040,5.05241,1.24833,6.30707,12.69000,13.16548,5.02192,1.24052,6.22977,12.27000,12.95187,5.07424,1.14945,5.83259,11.64000,11.98060,24.90012,51.47834
76-1,1783321352.949999,2026-07-06T14:02:32.949999,5.08422,1.26298,6.42126,12.88000,0.64296,5.05641,1.24833,6.31206,12.69000,0.63203,5.02460,1.19291,5.99389,11.80000,0.60017,5.07349,1.16434,5.90728,11.79000,0.59150,24.63449,2.46667
76-1,1783321353.050117,2026-07-06T14:02:33.050117,5.08608,1.30229,6.62353,13.28000,1.30610,5.04866,1.33110,6.72024,13.53000,1.30485,5.01826,1.30522,6.54992,12.91000,1.25594,5.06979,1.23734,6.27307,12.53000,1.21955,26.16676,5.08645
76-1,1783321353.150235,2026-07-06T14:02:33.150235,5.08672,1.29057,6.56475,13.16000,1.96335,5.05597,1.16971,5.91403,11.89000,1.89695,5.03826,1.30522,6.57602,12.91000,1.91431,5.08556,0.92630,4.71074,9.38000,1.69118,23.76554,7.46579
76-1,1783321353.250353,2026-07-06T14:02:33.250353,5.08357,1.27494,6.48126,13.00000,2.61224,5.04120,1.23075,6.20446,12.51000,2.51813,5.03824,0.95120,4.79238,9.41000,2.39412,5.06210,1.15238,5.83345,11.67000,2.27521,23.31155,9.79971
76-1,1783321353.350472,2026-07-06T14:02:33.350472,5.08757,1.27494,6.48636,13.00000,3.26165,5.04920,1.23075,6.21431,12.51000,3.14030,5.02231,1.23344,6.19470,12.20000,3.01432,5.07410,1.15238,5.84728,11.67000,2.86064,24.74265,12.27691
76-1,1783321353.450589,2026-07-06T14:02:33.450589,5.08540,1.24149,6.31348,12.66000,3.89373,5.05205,1.25614,6.34609,12.77000,3.77565,5.03044,1.23124,6.19367,12.18000,3.63441,5.07389,1.15653,5.86810,11.71000,3.44813,24.72134,14.75193
76-1,1783321353.550705,2026-07-06T14:02:33.550705,5.08352,1.27592,6.48615,13.01000,4.54310,5.05214,1.25419,6.33634,12.75000,4.41002,5.02244,1.23124,6.18382,12.18000,4.25352,5.07494,1.13578,5.76400,11.50000,4.02520,24.77031,17.23184
76-1,1783321353.650822,2026-07-06T14:02:33.650822,5.09238,1.26005,6.41665,12.85000,5.18552,5.05320,1.23075,6.21923,12.51000,5.03267,5.02735,1.21512,6.10886,12.02000,4.86512,5.06994,1.15555,5.85858,11.70000,4.61175,24.60332,19.69506
76-1,1783321353.750939,2026-07-06T14:02:33.750939,5.09238,1.26005,6.41665,12.85000,5.82793,5.04920,1.23075,6.21431,12.51000,5.65483,5.02609,1.23734,6.21900,12.24000,5.48775,5.07394,1.15555,5.86320,11.70000,5.19875,24.71316,22.16926
76-1,1783321353.851059,2026-07-06T14:02:33.851059,5.08428,1.26200,6.41637,12.87000,6.47034,5.05232,1.25028,6.31682,12.71000,6.28727,5.02666,1.22733,6.16938,12.14000,6.10542,5.07849,1.14457,5.81267,11.59000,5.78071,24.71524,24.64374
76-1,1783321353.951178,2026-07-06T14:02:33.951178,5.08433,1.26102,6.41147,12.86000,7.11225,5.05214,1.25419,6.33634,12.75000,6.92165,5.02666,1.22733,6.16938,12.14000,6.72309,5.07769,1.16044,5.89233,11.75000,6.37065,24.80952,27.12765
76-1,1783321354.051297,2026-07-06T14:02:34.051297,5.08401,1.26688,6.44085,12.92000,7.75710,5.05663,1.24345,6.28764,12.64000,7.55117,5.03049,1.23026,6.18883,12.17000,7.34272,5.07769,1.16044,5.89233,11.75000,6.96059,24.80965,29.61158
77-1,1783321354.151420,2026-07-06T14:02:34.151420,5.08801,1.26688,6.44592,12.92000,0.64538,5.04863,1.24345,6.27770,12.64000,0.62854,5.03031,1.23344,6.20457,12.20000,0.62122,5.07369,1.16044,5.88769,11.75000,0.58949,24.81588,2.48462
77-1,1783321354.251537,2026-07-06T14:02:34.251537,5.07986,1.19633,6.07717,12.20000,1.25381,5.05058,1.20023,6.06187,12.20000,1.23544,5.02626,1.30522,6.56036,12.91000,1.27802,5.07240,1.10697,5.61498,11.21000,1.15165,24.31438,4.91891
77-1,1783321354.351655,2026-07-06T14:02:34.351655,5.09013,1.30131,6.62384,13.27000,1.91697,5.04457,1.33305,6.72466,13.55000,1.90869,5.02226,1.30522,6.55514,12.91000,1.93431,5.08153,1.24247,6.31365,12.58000,1.78375,26.21729,7.54373
77-1,1783321354.451773,2026-07-06T14:02:34.451773,5.10308,1.06400,5.42966,10.85000,2.46058,5.08026,0.89822,4.56319,9.13000,2.36555,5.03287,1.04642,5.26649,10.35000,2.46158,5.10296,0.81961,4.18242,8.30000,2.20249,19.44176,9.49020
77-1,1783321354.551890,2026-07-06T14:02:34.551890,5.09836,0.85720,4.37033,8.74000,2.89812,5.06426,0.89822,4.54882,9.13000,2.82096,5.04337,0.86038,4.33920,8.51000,2.89600,5.08661,0.82669,4.20502,8.37000,2.62348,17.46337,11.23858
77-1,1783321354.652009,2026-07-06T14:02:34.652009,5.09836,0.85720,4.37033,8.74000,3.33568,5.05630,0.89724,4.53674,9.12000,3.27518,5.04121,0.89871,4.53058,8.89000,3.34960,5.08261,0.82669,4.20172,8.37000,3.04415,17.63937,13.00461
77-1,1783321354.752126,2026-07-06T14:02:34.752126,5.09094,1.21317,6.17619,12.37000,3.95402,5.04045,1.24735,6.28722,12.68000,3.90464,5.03321,0.89871,4.52339,8.89000,3.80247,5.08259,1.14261,5.80743,11.57000,3.62558,22.79423,15.28671
77-1,1783321354.852243,2026-07-06T14:02:34.852243,5.09089,1.21415,6.18109,12.38000,4.57286,5.05725,1.22977,6.21927,12.50000,4.52729,5.03083,1.15336,5.80234,11.41000,4.38339,5.08219,1.15043,5.84669,11.65000,4.21093,24.04939,17.69447
77-1,1783321354.952360,2026-07-06T14:02:34.952360,5.08773,1.27201,6.47165,12.97000,5.22078,5.04925,1.22977,6.20943,12.50000,5.14896,5.03204,1.20292,6.05313,11.90000,4.98941,5.07010,1.15238,5.84267,11.67000,4.79588,24.57688,20.15503
77-1,1783321355.052478,2026-07-06T14:02:35.052478,5.08373,1.27201,6.46657,12.97000,5.86819,5.05210,1.25517,6.34122,12.76000,5.78383,5.03015,1.23637,6.21911,12.23000,5.61205,5.07410,1.15238,5.84728,11.67000,5.38130,24.87418,22.64537
77-1,1783321355.152595,2026-07-06T14:02:35.152595,5.08870,1.25419,6.38219,12.79000,6.50716,5.05218,1.25321,6.33146,12.74000,6.41772,5.02626,1.23441,6.20448,12.21000,6.23323,5.07384,1.15751,5.87300,11.72000,5.96929,24.79113,25.12740
77-1,1783321355.252712,2026-07-06T14:02:35.252712,5.08790,1.26884,6.45572,12.94000,7.15349,5.05325,1.22977,6.21435,12.50000,7.03988,5.02226,1.23441,6.19954,12.21000,6.85391,5.07489,1.13675,5.76890,11.51000,6.54686,24.63851,27.59414
77-1,1783321355.352830,2026-07-06T14:02:35.352830,5.08806,1.26591,6.44102,12.91000,7.79835,5.05725,1.22977,6.21927,12.50000,7.66254,5.02775,1.20804,6.07374,11.95000,7.46199,5.07359,1.16239,5.89748,11.77000,7.13730,24.63151,30.06018
77-1,1783321355.452946,2026-07-06T14:02:35.452946,5.08806,1.26591,6.44102,12.91000,8.44320,5.06027,1.25126,6.33171,12.72000,8.29645,5.02581,1.24247,6.24441,12.29000,8.08716,5.07359,1.16239,5.89748,11.77000,7.72773,24.91462,32.55455
77-1,1783321355.553063,2026-07-06T14:02:35.553063,5.09131,1.27982,6.51598,13.05000,9.09556,5.06001,1.25712,6.36103,12.78000,8.93330,5.03026,1.23441,6.20942,12.21000,8.70883,5.07454,1.14359,5.80319,11.58000,8.30873,24.88962,35.04642
77-1,1783321355.653180,2026-07-06T14:02:35.653180,5.08390,1.26884,6.45065,12.94000,9.74138,5.05302,1.23466,6.23875,12.55000,9.55790,5.02226,1.23441,6.19954,12.21000,9.32951,5.07369,1.16044,5.88769,11.75000,8.89819,24.77663,37.52698
77-1,1783321355.753296,2026-07-06T14:02:35.753296,5.08304,1.28471,6.53022,13.10000,10.39516,5.04902,1.23466,6.23381,12.55000,10.18201,5.02346,1.21317,6.09432,12.00000,9.93965,5.07424,1.14945,5.83259,11.64000,9.48212,24.69094,39.99894
77-1,1783321355.853413,2026-07-06T14:02:35.853413,5.09163,1.27396,6.48655,12.99000,11.04458,5.05196,1.25810,6.35585,12.79000,10.81834,5.02215,1.23637,6.20921,12.23000,10.56130,5.06964,1.16141,5.88794,11.76000,10.07161,24.93955,42.49581
77-1,1783321355.953531,2026-07-06T14:02:35.953531,5.09163,1.27396,6.48655,12.99000,11.69399,5.05191,1.25932,6.36195,12.80000,11.45528,5.03089,1.22318,6.15370,12.10000,11.17739,5.07364,1.16141,5.89259,11.76000,10.66156,24.89479,44.98821
77-1,1783321356.053648,2026-07-06T14:02:36.053648,5.08752,1.27592,6.49126,13.01000,12.34388,5.04920,1.23075,6.21431,12.51000,12.07744,5.02289,1.22318,6.14391,12.10000,11.79250,5.07005,1.15336,5.84757,11.68000,11.24700,24.69705,47.46081
77-1,1783321356.153765,2026-07-06T14:02:36.153765,5.08844,1.25907,6.40671,12.84000,12.98530,5.04920,1.23075,6.21431,12.51000,12.69960,5.03386,1.24149,6.24950,12.28000,12.41818,5.06939,1.16630,5.91241,11.81000,11.83893,24.78293,49.94202
77-1,1783321356.253884,2026-07-06T14:02:36.253884,5.08357,1.27494,6.48126,13.00000,13.63419,5.05573,1.26322,6.38651,12.84000,13.33900,5.03381,1.24247,6.25435,12.29000,13.04436,5.07044,1.14554,5.80841,11.60000,12.42046,24.93053,52.43802
77-1,1783321356.354001,2026-07-06T14:02:36.354001,5.08357,1.27494,6.48126,13.00000,14.28308,5.05241,1.24833,6.30707,12.69000,13.97045,5.02169,1.24442,6.24911,12.31000,13.67000,5.07444,1.14554,5.81299,11.60000,13.00244,24.85043,54.92597
77-1,1783321356.454118,2026-07-06T14:02:36.454118,5.08438,1.26005,6.40657,12.85000,14.92449,5.05160,1.26615,6.39609,12.87000,14.61081,5.02569,1.24442,6.25409,12.31000,14.29614,5.07344,1.16532,5.91217,11.80000,13.59435,24.96892,57.42578
77-1,1783321356.554235,2026-07-06T14:02:36.554235,5.08412,1.26493,6.43106,12.90000,15.56835,5.05557,1.17850,5.95800,11.98000,15.20730,5.02598,1.23930,6.22868,12.26000,14.91974,5.07389,1.15653,5.86810,11.71000,14.18185,24.48584,59.87724
77-1,1783321356.654352,2026-07-06T14:02:36.654352,5.08433,1.26102,6.41147,12.86000,16.21025,5.05157,1.17850,5.95329,11.98000,15.80333,5.02775,1.20804,6.07374,11.95000,15.52783,5.07339,1.16630,5.91707,11.81000,14.77425,24.35557,62.31566
77-1,1783321356.754469,2026-07-06T14:02:36.754469,5.09233,1.26102,6.42156,12.86000,16.85315,5.05298,1.23563,6.24363,12.56000,16.42842,5.02484,1.18876,5.97331,11.76000,16.12585,5.07339,1.16630,5.91707,11.81000,15.36665,24.55557,64.77408
77-1,1783321356.854586,2026-07-06T14:02:36.854586,5.08689,1.21415,6.17624,12.38000,17.47150,5.05232,1.25028,6.31682,12.71000,17.06085,5.02884,1.18876,5.97806,11.76000,16.72436,5.07594,1.11600,5.66475,11.30000,15.93379,24.13587,67.19049
77-1,1783321356.954702,2026-07-06T14:02:36.954702,5.08320,1.28178,6.51553,13.07000,18.12381,5.05547,1.26908,6.41580,12.90000,17.70317,5.02569,1.24442,6.25409,12.31000,17.35050,5.07374,1.15946,5.88279,11.74000,16.52275,25.06821,69.70022
77-1,1783321357.054820,2026-07-06T14:02:37.054820,5.08801,1.26688,6.44592,12.92000,18.76916,5.05547,1.26908,6.41580,12.90000,18.34551,5.02695,1.22221,6.14396,12.09000,17.96562,5.07334,1.16727,5.92197,11.82000,17.11564,24.92765,72.19592
77-1,1783321357.154938,2026-07-06T14:02:37.154938,5.08363,1.27396,6.47636,12.99000,19.41756,5.05223,1.25224,6.32658,12.73000,18.97891,5.02135,1.25053,6.27933,12.37000,18.59429,5.07304,1.17313,5.95135,11.88000,17.71148,25.03362,74.70223
77-1,1783321357.255055,2026-07-06T14:02:37.255055,5.08763,1.27396,6.48145,12.99000,20.06646,5.05160,1.26615,6.39609,12.87000,19.61927,5.02935,1.25053,6.28934,12.37000,19.22396,5.07304,1.17313,5.95135,11.88000,18.30731,25.11823,77.21701
77-1,1783321357.355168,2026-07-06T14:02:37.355168,5.08651,1.29447,6.58435,13.20000,20.72564,5.05601,1.25712,6.35600,12.78000,20.25559,5.02735,1.21512,6.10886,12.02000,19.83554,5.07005,1.15336,5.84757,11.68000,18.89273,24.89678,79.70950
77-1,1783321357.455284,2026-07-06T14:02:37.455284,5.08817,1.26395,6.43122,12.89000,21.36951,5.05601,1.25712,6.35600,12.78000,20.89192,5.02552,1.24760,6.26982,12.34000,20.46325,5.06914,1.17118,5.93687,11.86000,19.48710,24.99391,82.21179
77-1,1783321357.555401,2026-07-06T14:02:37.555401,5.09107,1.13749,5.79102,11.60000,21.94929,5.04760,1.26615,6.39103,12.87000,21.53178,5.02836,1.12626,5.66322,11.14000,21.03023,5.07870,1.06156,5.39132,10.75000,20.02687,23.23659,84.53817
77-1,1783321357.655518,2026-07-06T14:02:37.655518,5.09907,1.13749,5.80012,11.60000,22.52998,5.04867,1.24247,6.27282,12.63000,22.15979,5.03236,1.12626,5.66773,11.14000,21.59766,5.08270,1.06156,5.39557,10.75000,20.56705,23.13624,86.85448
77-1,1783321357.755590,2026-07-06T14:02:37.755590,5.08677,1.28959,6.55985,13.15000,23.18644,5.04747,1.26908,6.40565,12.90000,22.80082,5.02564,1.24540,6.25893,12.32000,22.22401,5.07010,1.15238,5.84267,11.67000,21.15174,25.06710,89.36301
77-1,1783321357.855707,2026-07-06T14:02:37.855707,5.08849,1.25810,6.40181,12.83000,23.82737,5.05147,1.26908,6.41072,12.90000,23.44264,5.02535,1.25053,6.28433,12.37000,22.85318,5.06909,1.17215,5.94176,11.87000,21.74661,25.03862,91.86979
77-1,1783321357.955825,2026-07-06T14:02:37.955825,5.08667,1.29154,6.56965,13.17000,24.48511,5.05573,1.26322,6.38651,12.84000,24.08204,5.02284,1.22416,6.14875,12.11000,23.46878,5.06899,1.17411,5.95155,11.89000,22.34247,25.05646,94.37840
77-1,1783321358.055942,2026-07-06T14:02:38.055942,5.08667,1.29154,6.56965,13.17000,25.14284,5.05529,1.27299,6.43532,12.94000,24.72633,5.02930,1.25150,6.29418,12.11000,24.09893,5.07299,1.17411,5.95624,11.89000,22.93879,25.25539,96.90690
77-1,1783321358.156059,2026-07-06T14:02:38.156059,5.08661,1.29252,6.57455,13.18000,25.80106,5.04720,1.27494,6.43488,12.96000,25.37057,5.02130,1.25150,6.28417,12.38000,24.72808,5.06939,1.16630,5.91241,11.81000,23.53072,25.20601,99.43044
77-1,1783321358.256178,2026-07-06T14:02:38.256178,5.08731,1.27982,6.51086,13.05000,26.45293,5.05520,1.27494,6.44508,12.96000,26.01584,5.02890,1.25858,6.32928,12.45000,25.36177,5.06899,1.17411,5.95155,11.89000,24.12659,25.23677,101.95712
77-1,1783321358.356296,2026-07-06T14:02:38.356296,5.08747,1.27689,6.49616,13.02000,27.10331,5.05205,1.25614,6.34609,12.77000,26.65120,5.03009,1.23734,6.22395,12.24000,25.98490,5.07283,1.17728,5.97216,11.92000,24.72451,25.03836,104.46391
77-1,1783321358.456414,2026-07-06T14:02:38.456414,5.08747,1.27689,6.49616,13.02000,27.75369,5.05124,1.27396,6.43511,12.95000,27.29548,5.02501,1.25663,6.31457,12.43000,26.61710,5.07283,1.17728,5.97216,11.92000,25.32243,25.21800,106.98870
77-1,1783321358.556533,2026-07-06T14:02:38.556533,5.07925,1.28080,6.50551,13.06000,28.40502,5.04755,1.26713,6.39590,12.88000,27.93582,5.02101,1.25663,6.30955,12.43000,27.24881,5.06883,1.17728,5.96745,11.92000,25.91989,25.17841,109.50953
77-1,1783321358.656652,2026-07-06T14:02:38.656652,5.08341,1.27787,6.49595,13.03000,29.05539,5.06355,1.26713,6.41617,12.88000,28.57821,5.02879,1.26054,6.33897,12.47000,27.88346,5.07344,1.16532,5.91217,11.80000,26.51181,25.16326,112.02886
77-1,1783321358.756772,2026-07-06T14:02:38.756772,5.08277,1.28959,6.55469,13.15000,29.71164,5.04342,1.27006,6.40544,12.91000,29.21951,5.02992,1.24052,6.23969,12.27000,28.50817,5.07283,1.17728,5.97216,11.92000,27.10974,25.17198,114.54906
77-1,1783321358.856890,2026-07-06T14:02:38.856890,5.09061,1.29252,6.57972,13.18000,30.37039,5.04329,1.27299,6.42005,12.94000,29.86228,5.02906,1.25565,6.31476,12.42000,29.14040,5.06883,1.17728,5.96745,11.92000,27.70719,25.28198,117.08026
77-1,1783321358.957009,2026-07-06T14:02:38.957009,5.07861,1.29252,6.56421,13.18000,31.02759,5.05569,1.26420,6.39139,12.85000,30.50218,5.03706,1.25565,6.32480,12.42000,29.77363,5.07283,1.17728,5.97216,11.92000,28.30511,25.25256,119.60851
77-1,1783321359.057128,2026-07-06T14:02:39.057128,5.08293,1.28666,6.54001,13.12000,31.68237,5.05569,1.26420,6.39139,12.85000,31.14208,5.02901,1.25663,6.31960,12.43000,30.40634,5.07269,1.18021,5.98684,11.95000,28.90451,25.23784,122.13529
77-1,1783321359.157247,2026-07-06T14:02:39.157247,5.08341,1.27787,6.49595,13.03000,32.33274,5.03916,1.27592,6.42955,12.97000,31.78580,5.03015,1.23637,6.21911,12.23000,31.02899,5.07269,1.18021,5.98684,11.95000,29.50391,25.13145,124.65143
77-1,1783321359.257366,2026-07-06T14:02:39.257366,5.08251,1.29447,6.57917,13.20000,32.99144,5.03916,1.27592,6.42955,12.97000,32.42952,5.02090,1.25858,6.31922,12.45000,31.66167,5.07324,1.16923,5.93176,11.84000,30.09779,25.25970,127.18041
77-1,1783321359.357484,2026-07-06T14:02:39.357484,5.07051,1.29447,6.56363,13.20000,33.64857,5.05529,1.27299,6.43532,12.94000,33.07381,5.02090,1.25858,6.31922,12.45000,32.29433,5.07724,1.16923,5.93644,11.84000,30.69213,25.25461,129.70885
77-1,1783321359.457602,2026-07-06T14:02:39.457602,5.07952,1.27592,6.48105,13.01000,34.29744,5.06729,1.27299,6.45060,12.94000,33.71963,5.02879,1.26054,6.33897,12.47000,32.92897,5.07264,1.18119,5.99174,11.96000,31.29201,25.26236,132.23806
77-1,1783321359.557719,2026-07-06T14:02:39.557719,5.07893,1.28666,6.53486,13.12000,34.95170,5.03516,1.27592,6.42445,12.97000,34.36283,5.02833,1.26859,6.37891,12.55000,33.56762,5.07249,1.18412,6.00642,11.99000,31.89336,25.34464,134.77550
77-1,1783321359.657837,2026-07-06T14:02:39.657837,5.08619,1.30033,6.61373,13.26000,35.61385,5.03511,1.27689,6.42931,12.98000,35.00652,5.02575,1.24345,6.24925,12.30000,34.19328,5.07269,1.18021,5.98684,11.95000,32.49275,25.27913,137.30640
77-1,1783321359.757940,2026-07-06T14:02:39.757940,5.08619,1.30033,6.61373,13.26000,36.27590,5.05524,1.27396,6.44020,12.95000,35.65120,5.02575,1.24345,6.24925,12.30000,34.81885,5.07269,1.18021,5.98684,11.95000,33.09205,25.29002,139.83800
77-1,1783321359.858058,2026-07-06T14:02:39.858058,5.08325,1.28080,6.51063,13.06000,36.92773,5.04724,1.27396,6.43001,12.95000,36.29496,5.02884,1.25956,6.33413,12.46000,35.45300,5.07259,1.18216,5.99663,11.97000,33.69242,25.27140,142.36812
78-1,1783321359.958188,2026-07-06T14:02:39.958188,5.08699,1.28568,6.54026,13.11000,0.65488,5.05582,1.26127,6.37675,12.82000,0.63850,5.02866,1.26273,6.34986,12.49000,0.63581,5.07249,1.18412,6.00642,11.99000,0.60142,25.27329,2.53061
78-1,1783321360.058307,2026-07-06T14:02:40.058307,5.08581,1.30717,6.64802,13.33000,1.32047,5.05230,1.33891,6.76457,13.61000,1.31577,5.02626,1.30522,6.56036,12.91000,1.29263,5.06938,1.24540,6.31340,12.61000,1.23352,26.28635,5.16240
78-1,1783321360.158427,2026-07-06T14:02:40.158427,5.09454,1.14725,5.84472,11.70000,1.90564,5.07221,0.89920,4.56092,9.14000,1.77241,5.03826,1.30522,6.57602,12.91000,1.95102,5.09946,0.88870,4.53189,9.00000,1.68725,21.51355,7.31631
78-1,1783321360.258545,2026-07-06T14:02:40.258545,5.08654,1.14725,5.83554,11.70000,2.48989,5.05621,0.89920,4.54653,9.14000,2.22760,5.03716,1.04129,5.24515,10.30000,2.47615,5.08746,0.88870,4.52122,9.00000,2.13990,20.14844,9.33354
78-1,1783321360.358664,2026-07-06T14:02:40.358664,5.08476,1.25321,6.37228,12.78000,3.12787,5.05601,1.25712,6.35600,12.78000,2.86395,5.02678,1.22514,6.15849,12.12000,3.09274,5.07019,1.15043,5.83288,11.65000,2.72389,24.71965,11.80845
78-1,1783321360.458783,2026-07-06T14:02:40.458783,5.08352,1.27592,6.48615,13.01000,3.77726,5.05610,1.25517,6.34624,12.76000,3.49933,5.02764,1.21000,6.08343,11.97000,3.70180,5.07019,1.15043,5.83288,11.65000,3.30787,24.74870,14.28626
78-1,1783321360.558901,2026-07-06T14:02:40.558901,5.08817,1.26395,6.43122,12.89000,4.42114,5.04876,1.24052,6.26307,12.61000,4.12638,5.02364,1.21000,6.07859,11.97000,4.31038,5.07374,1.15946,5.88279,11.74000,3.89684,24.65567,16.75475
78-1,1783321360.659020,2026-07-06T14:02:40.659020,5.09217,1.26395,6.43627,12.89000,5.06553,5.04876,1.24052,6.26307,12.61000,4.75343,5.03009,1.23734,6.22395,12.24000,4.93351,5.07374,1.15946,5.88279,11.74000,4.48582,24.80608,19.23830
78-1,1783321360.759136,2026-07-06T14:02:40.759136,5.08790,1.26884,6.45572,12.94000,5.71186,5.05289,1.23759,6.25339,12.58000,5.37950,5.03044,1.23124,6.19367,12.18000,5.55360,5.07499,1.13480,5.75910,11.49000,5.06240,24.66188,21.70735
78-1,1783321360.859254,2026-07-06T14:02:40.859254,5.08865,1.25517,6.38710,12.80000,6.35132,5.05201,1.25712,6.35097,12.78000,6.01534,5.03100,1.22123,6.14401,12.08000,6.16873,5.07379,1.15848,5.87789,11.73000,5.65088,24.75997,24.18628
78-1,1783321360.959372,2026-07-06T14:02:40.959372,5.08828,1.26200,6.42141,12.87000,6.99422,5.05658,1.24442,6.29253,12.65000,6.64534,5.02700,1.22123,6.13912,12.08000,6.78336,5.07484,1.13773,5.77380,11.52000,6.22894,24.62686,26.65186
78-1,1783321361.059489,2026-07-06T14:02:41.059489,5.08828,1.26200,6.42141,12.87000,7.63711,5.04858,1.24442,6.28257,12.65000,7.27433,5.02626,1.23441,6.20448,12.21000,7.40454,5.06684,1.13773,5.76469,11.52000,6.80609,24.67315,29.12208
78-1,1783321361.159606,2026-07-06T14:02:41.159606,5.08812,1.26493,6.43612,12.90000,8.28148,5.04841,1.24833,6.30207,12.69000,7.90528,5.02735,1.21512,6.10886,12.02000,8.01614,5.07764,1.16141,5.89723,11.76000,7.39650,24.74428,31.59940
78-1,1783321361.259723,2026-07-06T14:02:41.259723,5.08731,1.27982,6.51086,13.05000,8.93332,5.04801,1.25712,6.34594,12.78000,8.54061,5.02575,1.24345,6.24925,12.30000,8.64179,5.07039,1.14652,5.81330,11.61000,7.97851,24.91935,34.09424
78-1,1783321361.359842,2026-07-06T14:02:41.359842,5.08763,1.27396,6.48145,12.99000,9.58224,5.05276,1.24052,6.26803,12.61000,9.16816,5.02975,1.24345,6.25422,12.30000,9.26796,5.06964,1.16141,5.88794,11.76000,8.56800,24.89164,36.58636
78-1,1783321361.459959,2026-07-06T14:02:41.459959,5.08779,1.27103,6.46675,12.96000,10.22967,5.04876,1.24052,6.26307,12.61000,9.79520,5.02598,1.23930,6.22868,12.26000,9.89156,5.07444,1.14554,5.81299,11.60000,9.14999,24.77149,39.06642
78-1,1783321361.560076,2026-07-06T14:02:41.560076,5.08779,1.27103,6.46675,12.96000,10.87710,5.05569,1.26420,6.39139,12.85000,10.43509,5.02666,1.22733,6.16938,12.14000,10.50922,5.07044,1.14554,5.80841,11.60000,9.73151,24.83593,41.55292
78-1,1783321361.660195,2026-07-06T14:02:41.660195,5.08796,1.26786,6.45082,12.93000,11.52295,5.05596,1.25810,6.36088,12.79000,11.07193,5.02626,1.23441,6.20448,12.21000,11.13040,5.07349,1.16434,5.90728,11.79000,10.32293,24.92346,44.04822
78-1,1783321361.760313,2026-07-06T14:02:41.760313,5.09057,1.22001,6.21053,12.44000,12.14474,5.05982,1.26127,6.38179,12.82000,11.71086,5.02581,1.24247,6.24441,12.29000,11.75558,5.07775,1.08036,5.48577,10.94000,10.87216,24.32250,46.48334
78-1,1783321361.860432,2026-07-06T14:02:41.860432,5.10075,0.95999,4.89667,9.79000,12.63499,5.05582,1.26127,6.37675,12.82000,12.34930,5.04181,1.24247,6.26429,12.29000,12.38275,5.08501,0.85818,4.36386,8.69000,11.30906,21.90157,48.67610
78-1,1783321361.960552,2026-07-06T14:02:41.960552,5.08875,0.95999,4.88515,9.79000,13.12409,5.06026,0.89822,4.54523,9.13000,12.80436,5.04320,0.86331,4.35384,8.54000,12.81866,5.08101,0.85818,4.36042,8.69000,11.74563,18.14464,50.49274
78-1,1783321362.060671,2026-07-06T14:02:42.060671,5.08643,0.85598,4.35390,8.73000,13.56000,5.06004,0.90310,4.56974,9.18000,13.26188,5.03670,0.97855,4.92864,9.68000,13.31211,5.07861,0.82669,4.19841,8.37000,12.16597,18.05069,52.29997
78-1,1783321362.160790,2026-07-06T14:02:42.160790,5.06476,1.25321,6.34721,12.78000,14.19547,5.04401,1.25712,6.34092,12.78000,13.89673,5.02604,1.23832,6.22384,12.25000,13.93524,5.06149,1.16434,5.89331,11.79000,12.75600,24.80528,54.78345
78-1,1783321362.260908,2026-07-06T14:02:42.260908,5.09217,1.26395,6.43627,12.89000,14.83986,5.05201,1.25712,6.35097,12.78000,14.53258,5.02604,1.23832,6.22384,12.25000,14.55836,5.06944,1.16532,5.90751,11.80000,13.34745,24.91859,57.27824
78-1,1783321362.361027,2026-07-06T14:02:42.361027,5.08417,1.26395,6.42616,12.89000,15.48324,5.04854,1.24540,6.28745,12.66000,15.16207,5.02346,1.21317,6.09432,12.00000,15.16851,5.07344,1.16532,5.91217,11.80000,13.93937,24.72010,59.75318
78-1,1783321362.461143,2026-07-06T14:02:42.461143,5.08849,1.25810,6.40181,12.83000,16.12416,5.04764,1.26518,6.38615,12.86000,15.80143,5.02186,1.24149,6.23460,12.28000,15.79270,5.06984,1.15751,5.86837,11.72000,14.52689,24.89093,62.24518
78-1,1783321362.561260,2026-07-06T14:02:42.561260,5.08699,1.28568,6.54026,13.11000,16.77895,5.05605,1.25614,6.35112,12.77000,16.43728,5.02740,1.21415,6.10401,12.01000,16.40381,5.06939,1.16630,5.91241,11.81000,15.11882,24.90780,64.73886
78-1,1783321362.661380,2026-07-06T14:02:42.661380,5.08235,1.29740,6.59385,13.23000,17.43913,5.05205,1.25614,6.34609,12.77000,17.07265,5.02340,1.21415,6.09916,12.01000,17.01446,5.07394,1.15555,5.86320,11.70000,15.70585,24.90230,67.23208
78-1,1783321362.761497,2026-07-06T14:02:42.761497,5.08844,1.25907,6.40671,12.84000,18.08055,5.05560,1.26615,6.40116,12.87000,17.71352,5.02586,1.24149,6.23957,12.28000,17.63915,5.07719,1.17020,5.94134,11.85000,16.30067,24.98878,69.73389
78-1,1783321362.861615,2026-07-06T14:02:42.861615,5.08444,1.25907,6.40167,12.84000,18.72147,5.05564,1.26518,6.39627,12.86000,18.35389,5.02724,1.21708,6.11854,12.04000,18.25172,5.06919,1.17020,5.93198,11.85000,16.89457,24.84846,72.22166
78-1,1783321362.961733,2026-07-06T14:02:42.961733,5.08768,1.27299,6.47655,12.98000,19.36989,5.05155,1.26713,6.40097,12.88000,18.99475,5.02569,1.24442,6.25409,12.31000,18.87787,5.07729,1.16825,5.93154,11.83000,17.48842,25.06315,74.73093
78-1,1783321363.061850,2026-07-06T14:02:43.061850,5.08768,1.27299,6.47655,12.98000,20.01831,5.05155,1.26713,6.40097,12.88000,19.63560,5.02969,1.24442,6.25907,12.31000,19.50451,5.07824,1.14945,5.83718,11.64000,18.07283,24.97377,77.23124
78-1,1783321363.161968,2026-07-06T14:02:43.161968,5.08752,1.27592,6.49126,13.01000,20.66820,5.05601,1.25712,6.35600,12.78000,20.27195,5.03386,1.24149,6.24950,12.28000,20.13020,5.07324,1.16923,5.93176,11.84000,18.66670,25.02852,79.73705
78-1,1783321363.262086,2026-07-06T14:02:43.262086,5.08352,1.27592,6.48615,13.01000,21.31758,5.05569,1.26420,6.39139,12.85000,20.91184,5.03341,1.24955,6.28949,12.36000,20.75989,5.06924,1.16923,5.92709,11.84000,19.26011,25.09412,82.24942
78-1,1783321363.362204,2026-07-06T14:02:43.362204,5.08373,1.27201,6.46657,12.97000,21.96500,5.05249,1.24638,6.29731,12.67000,21.54231,5.02541,1.24955,6.27949,12.36000,21.38858,5.07714,1.17118,5.94624,11.86000,19.85544,24.98961,84.75133
78-1,1783321363.462322,2026-07-06T14:02:43.462322,5.08293,1.28666,6.54001,13.12000,22.61977,5.05249,1.24638,6.29731,12.67000,22.17279,5.02941,1.24955,6.28449,12.36000,22.01777,5.07810,1.15238,5.85189,11.67000,20.44132,24.97370,87.25165
78-1,1783321363.562440,2026-07-06T14:02:43.562440,5.09190,1.26884,6.46080,12.94000,23.26662,5.05538,1.27103,6.42556,12.92000,22.81610,5.02249,1.23026,6.17898,12.17000,22.63640,5.06904,1.17313,5.94666,11.88000,21.03669,25.01200,89.75580
78-1,1783321363.662560,2026-07-06T14:02:43.662560,5.08390,1.26884,6.45065,12.94000,23.91245,5.05654,1.24540,6.29741,12.66000,23.44660,5.02130,1.25150,6.28417,12.38000,23.26557,5.06904,1.17313,5.94666,11.88000,21.63206,24.97889,92.25668
78-1,1783321363.762680,2026-07-06T14:02:43.762680,5.08779,1.27103,6.46675,12.96000,24.55990,5.05133,1.27201,6.42535,12.93000,24.08990,5.02152,1.24760,6.26483,12.34000,23.89280,5.07304,1.17313,5.95135,11.88000,22.22791,25.10828,94.77051
78-1,1783321363.862798,2026-07-06T14:02:43.862798,5.08736,1.27885,6.50596,13.04000,25.21127,5.05533,1.27201,6.43044,12.93000,24.73371,5.03352,1.24760,6.27980,12.34000,24.52152,5.07334,1.16727,5.92197,11.82000,22.82081,25.13817,97.28730
78-1,1783321363.962917,2026-07-06T14:02:43.962917,5.08806,1.26591,6.44102,12.91000,25.85613,5.04711,1.27689,6.44463,12.98000,25.37894,5.02930,1.25150,6.29418,12.38000,25.15169,5.07410,1.15238,5.84728,11.67000,23.40623,25.02711,99.79299
78-1,1783321364.063035,2026-07-06T14:02:44.063035,5.08806,1.26591,6.44102,12.91000,26.50100,5.06426,0.89822,4.54882,9.13000,25.83435,5.05120,0.86331,4.36074,8.54000,25.58828,5.09456,0.82766,4.21657,8.38000,23.82839,19.56715,101.75201
78-1,1783321364.163152,2026-07-06T14:02:44.163152,5.09425,0.85916,4.37676,8.76000,26.93919,5.06030,0.89724,4.54033,9.12000,26.28892,5.04297,0.86746,4.37457,8.58000,26.02625,5.08256,0.82766,4.20664,8.38000,24.24954,17.49830,103.50390
78-1,1783321364.263271,2026-07-06T14:02:44.263271,5.09483,1.21512,6.19086,12.39000,27.55900,5.04430,0.89724,4.52597,9.12000,26.74205,5.03097,0.86746,4.36416,8.58000,26.46318,5.07815,1.15140,5.84699,11.66000,24.83493,20.92798,105.59917
79-1,1783321364.363398,2026-07-06T14:02:44.363398,5.09666,1.18168,6.02260,12.05000,0.60302,5.04832,1.25028,6.31182,12.71000,0.63198,5.02541,1.24955,6.27949,12.36000,0.62875,5.07869,1.14066,5.79306,11.55000,0.58004,24.40697,2.44380
79-1,1783321364.463516,2026-07-06T14:02:44.463516,5.08613,1.30131,6.61863,13.27000,1.26567,5.04866,1.33110,6.72024,13.53000,1.30480,5.02250,1.30107,6.53460,12.87000,1.28298,5.06923,1.24833,6.32807,12.64000,1.21360,26.20154,5.06705
79-1,1783321364.563634,2026-07-06T14:02:44.563634,5.09013,1.30131,6.62384,13.27000,1.92883,5.06376,0.99759,5.05155,10.14000,1.81055,5.04177,0.88870,4.48062,8.79000,1.73157,5.08123,1.24833,6.34305,12.64000,1.84865,22.49906,7.31961
79-1,1783321364.663753,2026-07-06T14:02:44.663753,5.08882,1.17875,5.99843,12.02000,2.52939,5.04027,1.25126,6.30669,12.72000,2.44197,5.02977,0.88870,4.46995,8.79000,2.17910,5.08180,0.92141,4.68245,9.33000,2.31745,21.45752,9.46792
79-1,1783321364.763871,2026-07-06T14:02:44.763871,5.08454,1.25712,6.39187,12.82000,3.16933,5.05627,1.25126,6.32671,12.72000,3.07539,5.03031,1.23344,6.20457,12.20000,2.80029,5.06984,1.15751,5.86837,11.72000,2.90498,24.79152,11.94999
79-1,1783321364.863990,2026-07-06T14:02:44.863990,5.08320,1.28178,6.51553,13.07000,3.82167,5.05232,1.25028,6.31682,12.71000,3.70783,5.02626,1.23441,6.20448,12.21000,3.42147,5.07059,1.14261,5.79372,11.57000,3.48505,24.83055,14.43601
79-1,1783321364.964108,2026-07-06T14:02:44.964108,5.08720,1.28178,6.52066,13.07000,4.47450,5.05338,1.22684,6.19971,12.47000,4.32853,5.02724,1.21708,6.11854,12.04000,4.03405,5.07059,1.14261,5.79372,11.57000,4.06510,24.63263,16.90217
79-1,1783321365.064227,2026-07-06T14:02:45.064227,5.08396,1.26786,6.44575,12.93000,5.11984,5.04791,1.25932,6.35691,12.80000,4.96497,5.03060,1.22831,6.17914,12.15000,4.65270,5.07379,1.15848,5.87789,11.73000,4.65359,24.85969,19.39110
79-1,1783321365.164345,2026-07-06T14:02:45.164345,5.08518,1.24540,6.33308,12.70000,5.75390,5.05191,1.25932,6.36195,12.80000,5.60192,5.03060,1.22831,6.17914,12.15000,5.27134,5.07489,1.13675,5.76890,11.51000,5.23116,24.64307,21.85832
79-1,1783321365.264463,2026-07-06T14:02:45.264463,5.08460,1.25614,6.38698,12.81000,6.39335,5.05201,1.25712,6.35097,12.78000,6.23777,5.02220,1.23539,6.20438,12.22000,5.89251,5.07384,1.15751,5.87300,11.72000,5.81915,24.81533,24.34278
79-1,1783321365.364581,2026-07-06T14:02:45.364581,5.08060,1.25614,6.38195,12.81000,7.03229,5.05348,1.22465,6.18873,12.45000,6.85737,5.02386,1.20609,6.05923,11.93000,6.49915,5.07384,1.15751,5.87300,11.72000,6.40714,24.50291,26.79596
79-1,1783321365.464700,2026-07-06T14:02:45.464700,5.08502,1.24833,6.34778,12.73000,7.66783,5.05173,1.26322,6.38146,12.84000,7.49627,5.02592,1.24052,6.23473,12.27000,7.12336,5.07454,1.14359,5.80319,11.58000,6.98815,24.76716,29.27562
79-1,1783321365.564818,2026-07-06T14:02:45.564818,5.08438,1.26005,6.40657,12.85000,8.30924,5.05573,1.26322,6.38651,12.84000,8.13568,5.02592,1.24052,6.23473,12.27000,7.74757,5.07354,1.16337,5.90238,11.78000,7.57909,24.93019,31.77158
79-1,1783321365.664937,2026-07-06T14:02:45.664937,5.08513,1.24638,6.33798,12.71000,8.94380,5.05191,1.25932,6.36195,12.80000,8.77263,5.02615,1.23637,6.21416,12.23000,8.36973,5.07424,1.14945,5.83259,11.64000,8.16304,24.74668,34.24920
79-1,1783321365.765054,2026-07-06T14:02:45.765054,5.08838,1.26005,6.41161,12.85000,9.58571,5.05267,1.24247,6.27779,12.63000,9.40115,5.02626,1.23441,6.20448,12.21000,8.99090,5.07354,1.16337,5.90238,11.78000,8.75397,24.79626,36.73173
79-1,1783321365.865174,2026-07-06T14:02:45.865174,5.08438,1.26005,6.40657,12.85000,10.22713,5.05191,1.25932,6.36195,12.80000,10.03810,5.02598,1.23930,6.22868,12.26000,9.61452,5.07354,1.16337,5.90238,11.78000,9.34491,24.89958,39.22466
79-1,1783321365.965292,2026-07-06T14:02:45.965292,5.08822,1.26298,6.42632,12.88000,10.87052,5.04791,1.25932,6.35691,12.80000,10.67454,5.03398,1.23930,6.23859,12.26000,10.23911,5.07439,1.14652,5.81789,11.61000,9.92739,24.83971,41.71156
79-1,1783321366.065411,2026-07-06T14:02:46.065411,5.08720,1.28178,6.52066,13.07000,11.52336,5.05276,1.24052,6.26803,12.61000,11.30210,5.02729,1.21610,6.11370,12.03000,10.85121,5.07344,1.16532,5.91217,11.80000,10.51931,24.81456,44.19598
79-1,1783321366.165528,2026-07-06T14:02:46.165528,5.08417,1.26395,6.42616,12.89000,12.16673,5.05151,1.26811,6.40585,12.89000,11.94343,5.02581,1.24247,6.24441,12.29000,11.47638,5.07449,1.14457,5.80809,11.59000,11.10080,24.88451,46.68734
79-1,1783321366.265646,2026-07-06T14:02:46.265646,5.08417,1.26395,6.42616,12.89000,12.81011,5.05569,1.26420,6.39139,12.85000,12.58332,5.02718,1.21805,6.12338,12.05000,12.08944,5.07449,1.14457,5.80809,11.59000,11.68230,24.74902,49.16517
80-1,1783321366.365775,2026-07-06T14:02:46.365775,5.09201,1.26688,6.45099,12.92000,0.64593,5.05169,1.26420,6.38634,12.85000,0.63946,5.02318,1.21805,6.11851,12.05000,0.61264,5.07334,1.16727,5.92197,11.82000,0.59296,24.87781,2.49099
80-1,1783321366.465895,2026-07-06T14:02:46.465895,5.09008,1.30229,6.62874,13.28000,1.30960,5.05232,1.25028,6.31682,12.71000,1.27190,5.02660,1.22831,6.17422,12.15000,1.23080,5.06943,1.24442,6.30851,12.60000,1.22457,25.42829,5.03686
80-1,1783321366.566012,2026-07-06T14:02:46.566012,5.09330,1.16996,5.95894,11.93000,1.90619,5.05971,1.08695,5.49964,11.05000,1.82250,5.03369,1.10282,5.55123,10.91000,1.78657,5.08682,0.82253,4.18408,8.33000,1.64346,21.19389,7.15873
80-1,1783321366.666131,2026-07-06T14:02:46.666131,5.08530,1.16996,5.94958,11.93000,2.50186,5.03676,1.24052,6.24818,12.61000,2.44807,5.01524,1.21708,6.10394,12.04000,2.39769,5.07482,0.82253,4.17421,8.33000,2.06138,22.47591,9.40900
80-1,1783321366.766248,2026-07-06T14:02:46.766248,5.08481,1.25224,6.36738,12.77000,3.13934,5.05276,1.24052,6.26803,12.61000,3.07560,5.02724,1.21708,6.11854,12.04000,3.01027,5.07099,1.13480,5.75456,11.49000,2.63751,24.50851,11.86273
80-1,1783321366.866366,2026-07-06T14:02:46.866366,5.08454,1.25712,6.39187,12.82000,3.77928,5.05329,1.22880,6.20947,12.49000,3.69728,5.03015,1.23637,6.21911,12.23000,3.63291,5.07779,1.15848,5.88253,11.73000,3.22646,24.70298,14.33594
80-1,1783321366.966485,2026-07-06T14:02:46.966485,5.08524,1.24442,6.32818,12.69000,4.41285,5.05186,1.26029,6.36683,12.81000,4.33472,5.03066,1.22733,6.17429,12.14000,4.25107,5.07798,1.15458,5.86292,11.69000,3.81345,24.73222,16.81209
80-1,1783321367.066602,2026-07-06T14:02:47.066602,5.09206,1.26591,6.44608,12.91000,5.05822,5.05605,1.25614,6.35112,12.77000,4.97058,5.03124,1.21708,6.12341,12.04000,4.86413,5.07389,1.15653,5.86810,11.71000,4.40095,24.78871,19.29388
80-1,1783321367.166720,2026-07-06T14:02:47.166720,5.09206,1.26591,6.44608,12.91000,5.70358,5.05605,1.25614,6.35112,12.77000,5.60644,5.02724,1.21708,6.11854,12.04000,5.47671,5.07389,1.15653,5.86810,11.71000,4.98845,24.78384,21.77518
80-1,1783321367.266837,2026-07-06T14:02:47.266837,5.08854,1.25712,6.39690,12.82000,6.34402,5.05316,1.23173,6.22411,12.52000,6.22958,5.03026,1.23441,6.20942,12.21000,6.09838,5.07769,1.16044,5.89233,11.75000,5.57837,24.72276,24.25036
80-1,1783321367.366954,2026-07-06T14:02:47.366954,5.08806,1.26591,6.44102,12.91000,6.98888,5.05223,1.25224,6.32658,12.73000,6.86298,5.03049,1.23026,6.18883,12.17000,6.71799,5.07869,1.14066,5.79306,11.55000,6.15836,24.74949,26.72820
80-1,1783321367.467071,2026-07-06T14:02:47.467071,5.08731,1.27982,6.51086,13.05000,7.64072,5.05586,1.26029,6.37187,12.81000,7.50091,5.02284,1.22416,6.14875,12.11000,7.33358,5.06959,1.16239,5.89283,11.77000,6.74833,24.92431,29.22354
80-1,1783321367.567189,2026-07-06T14:02:47.567189,5.09531,1.27982,6.52110,13.05000,8.29360,5.05986,1.26029,6.37691,12.81000,8.13935,5.03484,1.22416,6.16344,12.11000,7.95065,5.07759,1.16239,5.90213,11.77000,7.33923,24.96358,31.72283
80-1,1783321367.667307,2026-07-06T14:02:47.667307,5.08438,1.26005,6.40657,12.85000,8.93502,5.05186,1.26029,6.36683,12.81000,8.77679,5.02437,1.19706,6.01446,11.84000,8.55281,5.07354,1.16337,5.90238,11.78000,7.93017,24.69024,34.19479
80-1,1783321367.767427,2026-07-06T14:02:47.767427,5.08417,1.26395,6.42616,12.89000,9.57841,5.05191,1.25932,6.36195,12.80000,9.41375,5.02306,1.22025,6.12940,12.07000,9.16648,5.07349,1.16434,5.90728,11.79000,8.52161,24.82479,36.68024
80-1,1783321367.867544,2026-07-06T14:02:47.867544,5.08325,1.28080,6.51063,13.06000,10.23023,5.05214,1.25419,6.33634,12.75000,10.04812,5.02204,1.23832,6.21889,12.25000,9.78910,5.07398,1.15458,5.85830,11.69000,9.10813,24.92416,39.17558
80-1,1783321367.967661,2026-07-06T14:02:47.967661,5.08725,1.28080,6.51576,13.06000,10.88257,5.05214,1.25419,6.33634,12.75000,10.68250,5.02604,1.23832,6.22384,12.25000,10.41221,5.07798,1.15458,5.86292,11.69000,9.69510,24.93886,41.67238
80-1,1783321368.067780,2026-07-06T14:02:48.067780,5.08406,1.26591,6.43596,12.91000,11.52693,5.05210,1.25517,6.34122,12.76000,11.31737,5.03135,1.21512,6.11372,12.02000,11.02431,5.07339,1.16630,5.91707,11.81000,10.28751,24.80797,44.15611
80-1,1783321368.167898,2026-07-06T14:02:48.167898,5.08272,1.29057,6.55959,13.16000,12.18366,5.05178,1.26225,6.37658,12.83000,11.95578,5.02946,1.24857,6.27965,12.35000,11.65301,5.07374,1.15946,5.88279,11.74000,10.87648,25.09861,46.66894
80-1,1783321368.268016,2026-07-06T14:02:48.268016,5.09228,1.26200,6.42646,12.87000,12.82707,5.05289,1.23759,6.25339,12.58000,12.58186,5.02998,1.23930,6.23364,12.26000,12.27712,5.07344,1.16532,5.91217,11.80000,11.46840,24.82566,49.15445
80-1,1783321368.368134,2026-07-06T14:02:48.368134,5.08704,1.28471,6.53536,13.10000,13.48138,5.04889,1.23759,6.24844,12.58000,13.20744,5.02569,1.24442,6.25409,12.31000,12.90326,5.07329,1.16825,5.92687,11.83000,12.06179,24.96476,51.65387
80-1,1783321368.468253,2026-07-06T14:02:48.468253,5.09104,1.28471,6.54049,13.10000,14.13620,5.05169,1.26420,6.38634,12.85000,13.84683,5.02569,1.24442,6.25409,12.31000,13.52941,5.07729,1.16825,5.93154,11.83000,12.65565,25.11246,54.16809
80-1,1783321368.568372,2026-07-06T14:02:48.568372,5.08481,1.25224,6.36738,12.77000,14.77370,5.05333,1.22782,6.20459,12.48000,14.46803,5.02186,1.24149,6.23460,12.28000,14.15362,5.07349,1.16434,5.90728,11.79000,13.24708,24.71385,56.64243
80-1,1783321368.668489,2026-07-06T14:02:48.668489,5.08396,1.26786,6.44575,12.93000,15.41903,5.04801,1.25712,6.34594,12.78000,15.10337,5.02271,1.22636,6.15963,12.13000,14.77030,5.07329,1.16825,5.92687,11.83000,13.84046,24.87819,59.13317
81-1,1783321368.768618,2026-07-06T14:02:48.768618,5.08738,1.20511,6.13088,12.29000,0.61388,5.05601,1.25712,6.35600,12.78000,0.63642,5.02329,1.21610,6.10883,12.03000,0.61167,5.07374,1.15946,5.88279,11.74000,0.58903,24.47850,2.45099
81-1,1783321368.868737,2026-07-06T14:02:48.868737,5.09538,1.20511,6.14052,12.29000,1.22866,5.05253,1.33403,6.74020,13.56000,1.31124,5.02729,1.21610,6.11370,12.03000,1.22376,5.07374,1.15946,5.88279,11.74000,1.17801,24.87721,4.94167
81-1,1783321368.968854,2026-07-06T14:02:48.968854,5.08367,1.34648,6.84504,13.73000,1.91397,5.06322,1.09793,5.55908,11.16000,1.86780,5.02335,1.21512,6.10400,12.02000,1.83488,5.07168,1.19999,6.08596,12.15000,1.78732,24.59408,7.40397
81-1,1783321369.068974,2026-07-06T14:02:49.068974,5.08966,1.23661,6.29393,12.61000,2.54411,5.04027,1.25126,6.30669,12.72000,2.49922,5.02238,1.23222,6.18866,12.19000,2.45449,5.07530,1.12870,5.72847,11.43000,2.36086,24.51775,9.85868
81-1,1783321369.169092,2026-07-06T14:02:49.169092,5.08796,1.26786,6.45082,12.93000,3.18996,5.05627,1.25126,6.32671,12.72000,3.13264,5.03300,1.18583,5.96827,11.73000,3.05202,5.06998,1.15458,5.85368,11.69000,2.94692,24.59948,12.32154
81-1,1783321369.269210,2026-07-06T14:02:49.269210,5.08396,1.26786,6.44575,12.93000,3.83529,5.05130,1.18436,5.98257,12.04000,3.73161,5.02500,1.18583,5.95878,11.73000,3.64860,5.07398,1.15458,5.85830,11.69000,3.53344,24.24540,14.74894
81-1,1783321369.369329,2026-07-06T14:02:49.369329,5.08854,1.25712,6.39690,12.82000,4.47574,5.04827,1.25126,6.31670,12.72000,4.36403,5.02735,1.21512,6.10886,12.02000,4.26022,5.07384,1.15751,5.87300,11.72000,4.12144,24.69546,17.22142
81-1,1783321369.469447,2026-07-06T14:02:49.469447,5.08972,1.23563,6.28902,12.60000,5.10539,5.05348,1.22465,6.18873,12.45000,4.98363,5.02684,1.22416,6.15365,12.11000,4.87631,5.07479,1.13871,5.77870,11.53000,4.69999,24.41010,19.66531
81-1,1783321369.569565,2026-07-06T14:02:49.569565,5.08812,1.26493,6.43612,12.90000,5.74976,5.05348,1.22465,6.18873,12.45000,5.60323,5.03020,1.23539,6.21426,12.22000,5.49847,5.07384,1.15751,5.87300,11.72000,5.28798,24.71211,22.13944
81-1,1783321369.669682,2026-07-06T14:02:49.669682,5.08812,1.26493,6.43612,12.90000,6.39412,5.05591,1.25932,6.36698,12.80000,6.24067,5.02620,1.23539,6.20932,12.22000,6.12012,5.07815,1.15140,5.84699,11.66000,5.87336,24.85941,24.62827
81-1,1783321369.769799,2026-07-06T14:02:49.769799,5.08529,1.24345,6.32328,12.68000,7.02719,5.05596,1.25810,6.36088,12.79000,6.87750,5.02751,1.21220,6.09433,11.99000,6.73027,5.07015,1.15140,5.83778,11.66000,6.45782,24.61627,27.09278
81-1,1783321369.869916,2026-07-06T14:02:49.869916,5.08838,1.26005,6.41161,12.85000,7.66910,5.05333,1.22782,6.20459,12.48000,7.49869,5.02564,1.24540,6.25893,12.32000,7.35690,5.07369,1.16044,5.88769,11.75000,7.04729,24.76282,29.57198
81-1,1783321369.970034,2026-07-06T14:02:49.970034,5.08902,1.24833,6.35278,12.73000,8.30513,5.05333,1.22782,6.20459,12.48000,8.11988,5.03020,1.23539,6.21426,12.22000,7.97905,5.07379,1.15848,5.87789,11.73000,7.63576,24.64952,32.03983
81-1,1783321370.070151,2026-07-06T14:02:50.070151,5.08401,1.26688,6.44085,12.92000,8.94997,5.05601,1.25712,6.35600,12.78000,8.75622,5.02620,1.23539,6.20932,12.22000,8.60071,5.06944,1.16532,5.90751,11.80000,8.22721,24.91368,34.53410
81-1,1783321370.170267,2026-07-06T14:02:50.170267,5.08801,1.26688,6.44592,12.92000,9.59531,5.05596,1.25810,6.36088,12.79000,9.39305,5.02718,1.21805,6.12338,12.05000,9.21376,5.07744,1.16532,5.91684,11.80000,8.81958,24.84702,37.02171
81-1,1783321370.270386,2026-07-06T14:02:50.270386,5.08870,1.25419,6.38219,12.79000,10.23428,5.05649,1.24638,6.30229,12.67000,10.02403,5.02586,1.24149,6.23957,12.28000,9.83846,5.07369,1.16044,5.88769,11.75000,9.40905,24.81174,39.50582
81-1,1783321370.370503,2026-07-06T14:02:50.370503,5.08715,1.28275,6.52556,13.08000,10.88761,5.05249,1.24638,6.29731,12.67000,10.65450,5.03215,1.20096,6.04343,11.88000,10.44351,5.07344,1.16532,5.91217,11.80000,10.00096,24.77847,41.98658
81-1,1783321370.470621,2026-07-06T14:02:50.470621,5.11036,0.85720,4.38062,8.74000,11.32619,5.05589,1.08304,5.47574,11.01000,11.20272,5.03215,1.20096,6.04343,11.88000,11.04857,5.09856,0.82766,4.21988,8.38000,10.42344,20.11967,44.00091
81-1,1783321370.570740,2026-07-06T14:02:50.570740,5.09436,0.85720,4.36690,8.74000,11.76339,5.06430,0.89724,4.54392,9.12000,11.65765,5.04320,0.86331,4.35384,8.54000,11.48447,5.08256,0.82766,4.20664,8.38000,10.84461,17.47130,45.75012
81-1,1783321370.670858,2026-07-06T14:02:50.670858,5.09813,1.00809,5.13936,10.28000,12.27794,5.04001,1.25712,6.33589,12.78000,12.29199,5.02420,1.19999,6.02898,11.87000,12.08808,5.07990,0.95901,4.87169,9.71000,11.33235,22.37592,47.99036
81-1,1783321370.770977,2026-07-06T14:02:50.770977,5.08428,1.26200,6.41637,12.87000,12.92033,5.04401,1.25712,6.34092,12.78000,12.92683,5.02575,1.24345,6.24925,12.30000,12.71374,5.06954,1.16337,5.89773,11.78000,11.92282,24.90427,50.48373
81-1,1783321370.871094,2026-07-06T14:02:50.871094,5.10011,0.97171,4.95583,9.91000,13.41650,5.05632,1.25028,6.32182,12.71000,13.55976,5.03775,1.24345,6.26417,12.30000,13.34090,5.08931,0.93118,4.73907,9.43000,12.39729,22.28089,52.71444
81-1,1783321370.971212,2026-07-06T14:02:50.971212,5.08811,0.97171,4.94417,9.91000,13.91150,5.07230,0.89724,4.55109,9.12000,14.01540,5.04726,0.86233,4.35241,8.53000,13.77665,5.08265,0.82571,4.19679,8.36000,12.81746,18.04446,54.52101
81-1,1783321371.071329,2026-07-06T14:02:51.071329,5.08691,0.84719,4.30959,8.64000,14.34296,5.05460,1.11161,5.61872,11.30000,14.57793,5.04612,0.88260,4.45368,8.73000,14.22254,5.07465,0.82571,4.19019,8.36000,13.23697,18.57218,56.38040
81-1,1783321371.171449,2026-07-06T14:02:51.171449,5.08390,1.26884,6.45065,12.94000,14.98880,5.05860,1.11161,5.62317,11.30000,15.14092,5.00975,1.24345,6.22935,12.30000,14.84622,5.07754,1.16337,5.90703,11.78000,13.82838,24.21020,58.80433
81-1,1783321371.271567,2026-07-06T14:02:51.271567,5.08433,1.26102,6.41147,12.86000,15.63071,5.05182,1.26127,6.37170,12.82000,15.77885,5.02575,1.24345,6.24925,12.30000,15.47189,5.07739,1.16630,5.92174,11.81000,14.42126,24.95416,61.30270
81-1,1783321371.371686,2026-07-06T14:02:51.371686,5.08401,1.26688,6.44085,12.92000,16.27556,5.05236,1.24931,6.31194,12.70000,16.41079,5.02626,1.23441,6.20448,12.21000,16.09307,5.06939,1.16630,5.91241,11.81000,15.01320,24.86968,63.79261
81-1,1783321371.471805,2026-07-06T14:02:51.471805,5.08801,1.26688,6.44592,12.92000,16.92092,5.04782,1.26127,6.36666,12.82000,17.04822,5.02958,1.24638,6.26875,12.33000,16.72069,5.07339,1.16630,5.91707,11.81000,15.60561,24.99840,66.29544
81-1,1783321371.571923,2026-07-06T14:02:51.571923,5.08876,1.25321,6.37729,12.78000,17.55940,5.05182,1.26127,6.37170,12.82000,17.68614,5.03031,1.23344,6.20457,12.20000,17.34188,5.07444,1.14554,5.81299,11.60000,16.18760,24.76655,68.77502
81-1,1783321371.672041,2026-07-06T14:02:51.672041,5.08725,1.28080,6.51576,13.06000,18.21174,5.05672,1.24149,6.27788,12.62000,18.31467,5.02975,1.24345,6.25422,12.30000,17.96804,5.07339,1.16630,5.91707,11.81000,16.78000,24.96493,71.27446
81-1,1783321371.772111,2026-07-06T14:02:51.772111,5.08677,1.28959,6.55985,13.15000,18.86819,5.05560,1.26615,6.40116,12.87000,18.95523,5.02575,1.24345,6.24925,12.30000,18.59340,5.07329,1.16825,5.92687,11.83000,17.37310,25.13713,73.78992
81-1,1783321371.872230,2026-07-06T14:02:51.872230,5.08677,1.28959,6.55985,13.15000,19.52495,5.05241,1.24833,6.30707,12.69000,19.58669,5.03078,1.22514,6.16339,12.12000,19.21047,5.07329,1.16825,5.92687,11.83000,17.96649,24.95718,76.28860
81-1,1783321371.972349,2026-07-06T14:02:51.972349,5.08828,1.26200,6.42141,12.87000,20.16786,5.04841,1.24833,6.30207,12.69000,20.21764,5.02986,1.24149,6.24454,12.28000,19.83567,5.06954,1.16337,5.89773,11.78000,18.55697,24.86575,78.77814
81-1,1783321372.072465,2026-07-06T14:02:52.072465,5.08699,1.28568,6.54026,13.11000,20.82265,5.05569,1.26420,6.39139,12.85000,20.85753,5.02684,1.22416,6.15365,12.11000,20.45176,5.06934,1.16727,5.91730,11.82000,19.14939,25.00260,81.28132
81-1,1783321372.172584,2026-07-06T14:02:52.172584,5.08640,1.29643,6.59414,13.22000,21.48284,5.05164,1.26518,6.39121,12.86000,21.49741,5.03084,1.22416,6.15854,12.11000,21.06834,5.07709,1.17215,5.95114,11.87000,19.74521,25.09503,83.79379
81-1,1783321372.272701,2026-07-06T14:02:52.272701,5.09040,1.29643,6.59933,13.22000,22.14355,5.05155,1.26713,6.40097,12.88000,22.13825,5.02535,1.25053,6.28433,12.37000,21.69751,5.07709,1.17215,5.95114,11.87000,20.34102,25.23577,86.32032
81-1,1783321372.372819,2026-07-06T14:02:52.372819,5.08315,1.28275,6.52043,13.08000,22.79636,5.05524,1.27396,6.44020,12.95000,22.78303,5.02530,1.25150,6.28917,12.38000,22.32717,5.06934,1.16727,5.91730,11.82000,20.93345,25.16710,88.84000
81-1,1783321372.472938,2026-07-06T14:02:52.472938,5.08272,1.29057,6.55959,13.16000,23.45310,5.05124,1.27396,6.43511,12.95000,23.42731,5.02941,1.24955,6.28449,12.36000,22.95637,5.07309,1.17215,5.94645,11.87000,21.52880,25.22564,91.36558
81-1,1783321372.573079,2026-07-06T14:02:52.573079,5.08325,1.28080,6.51063,13.06000,24.10508,5.04751,1.26811,6.40077,12.89000,24.06829,5.02141,1.24955,6.27450,12.36000,23.58470,5.07299,1.17411,5.95624,11.89000,22.12526,25.14214,93.88333
81-1,1783321372.673196,2026-07-06T14:02:52.673196,5.09173,1.27201,6.47674,12.97000,24.75351,5.04778,1.26225,6.37153,12.83000,24.70619,5.01724,1.25248,6.28399,12.39000,24.21383,5.07384,1.15751,5.87300,11.72000,22.71325,25.00526,96.38678
81-1,1783321372.773315,2026-07-06T14:02:52.773315,5.08373,1.27201,6.46657,12.97000,25.40094,5.06063,1.24345,6.29262,12.64000,25.33620,5.01849,1.23026,6.17406,12.17000,24.83197,5.07384,1.15751,5.87300,11.72000,23.30125,24.80625,98.87036
81-1,1783321372.873433,2026-07-06T14:02:52.873433,5.07867,1.29154,6.55932,13.17000,26.05765,5.04863,1.24345,6.27770,12.64000,25.96471,5.02935,1.25053,6.28934,12.37000,25.46165,5.06899,1.17411,5.95155,11.89000,23.89711,25.07791,101.38112
81-1,1783321372.973551,2026-07-06T14:02:52.973551,5.07968,1.27299,6.46637,12.98000,26.70505,5.04747,1.26908,6.40565,12.90000,26.60603,5.02535,1.25053,6.28433,12.37000,26.09083,5.06904,1.17313,5.94666,11.88000,24.49248,25.10301,103.89438
81-1,1783321373.073672,2026-07-06T14:02:53.073672,5.08752,1.27592,6.49126,13.01000,27.35495,5.04707,1.27787,6.44950,12.99000,27.25176,5.02518,1.25346,6.29885,12.40000,26.72147,5.06894,1.17508,5.95644,11.90000,25.08884,25.19605,106.41702
81-1,1783321373.173790,2026-07-06T14:02:53.173790,5.09152,1.27592,6.49636,13.01000,28.00536,5.05164,1.26518,6.39121,12.86000,27.89164,5.02666,1.22733,6.16938,12.14000,27.33914,5.07694,1.17508,5.96584,11.90000,25.68613,25.02279,108.92226
81-1,1783321373.273907,2026-07-06T14:02:53.273907,5.08752,1.27592,6.49126,13.01000,28.65524,5.05164,1.26518,6.39121,12.86000,28.53150,5.03318,1.25346,6.30888,12.40000,27.97076,5.06919,1.17020,5.93198,11.85000,26.28002,25.12333,111.43753
81-1,1783321373.374025,2026-07-06T14:02:53.374025,5.08747,1.27689,6.49616,13.02000,29.30563,5.05124,1.27396,6.43511,12.95000,29.17577,5.01718,1.25346,6.28882,12.40000,28.60039,5.06883,1.17728,5.96745,11.92000,26.87747,25.18754,113.95925
81-1,1783321373.474143,2026-07-06T14:02:53.474143,5.08331,1.27982,6.50574,13.05000,29.95697,5.05169,1.26420,6.38634,12.85000,29.81516,5.02130,1.25150,6.28417,12.38000,29.22955,5.06878,1.17826,5.97234,11.93000,27.47541,25.14859,116.47708
81-1,1783321373.574261,2026-07-06T14:02:53.574261,5.08731,1.27982,6.51086,13.05000,30.60882,5.05920,1.27494,6.45018,12.96000,30.46094,5.02238,1.23222,6.18866,12.19000,29.84914,5.07278,1.17826,5.97705,11.93000,28.07382,25.12675,118.99272
81-1,1783321373.674377,2026-07-06T14:02:53.674377,5.08309,1.28373,6.52532,13.09000,31.26211,5.04320,1.27494,6.42978,12.96000,31.10467,5.02946,1.24857,6.27965,12.35000,30.47784,5.06878,1.17826,5.97234,11.93000,28.67175,25.20709,121.51637
81-1,1783321373.774495,2026-07-06T14:02:53.774495,5.08336,1.27885,6.50084,13.04000,31.91296,5.05542,1.27006,6.42068,12.91000,31.74749,5.02146,1.24857,6.26966,12.35000,31.10554,5.07344,1.16532,5.91217,11.80000,29.26366,25.10335,124.02965
81-1,1783321373.874613,2026-07-06T14:02:53.874613,5.07840,1.29643,6.58377,13.22000,32.57212,5.05524,1.27396,6.44020,12.95000,32.39227,5.03295,1.25761,6.32947,12.44000,31.73924,5.07273,1.17924,5.98195,11.94000,29.86256,25.33539,126.56618
81-1,1783321373.974731,2026-07-06T14:02:53.974731,5.08654,1.14725,5.83554,11.70000,33.15636,5.05651,1.15775,5.85417,11.77000,32.97838,5.03279,1.26054,6.34401,12.47000,32.37439,5.07824,1.07059,5.43671,10.84000,30.40687,23.47043,128.91600
81-1,1783321374.074848,2026-07-06T14:02:54.074848,5.08254,1.14725,5.83095,11.70000,33.74014,5.06051,1.15775,5.85880,11.77000,33.56494,5.02964,1.24540,6.26391,12.32000,33.00151,5.07824,1.07059,5.43671,10.84000,30.95118,23.39037,131.25777
81-1,1783321374.174966,2026-07-06T14:02:54.174966,5.08704,1.28471,6.53536,13.10000,34.39444,5.05120,1.27494,6.43998,12.96000,34.20970,5.02164,1.24540,6.25395,12.32000,33.62764,5.07269,1.18021,5.98684,11.95000,31.55057,25.21613,133.78235
81-1,1783321374.275084,2026-07-06T14:02:54.275084,5.08587,1.30619,6.64312,13.32000,35.05954,5.05076,1.28471,6.48875,13.06000,34.85934,5.02484,1.25956,6.32909,12.46000,34.26130,5.07259,1.18216,5.99663,11.97000,32.15094,25.45759,136.33112
81-1,1783321374.375202,2026-07-06T14:02:54.375202,5.11517,0.84231,4.30856,8.59000,35.49090,5.08026,0.89822,4.56319,9.13000,35.31620,5.04401,0.91995,4.64023,9.10000,34.72587,5.10256,0.82766,4.22319,8.38000,32.57376,17.73517,138.10673
81-1,1783321374.475321,2026-07-06T14:02:54.475321,5.09517,0.84231,4.29172,8.59000,35.92058,5.06026,0.89822,4.54523,9.13000,35.77126,5.04315,0.86428,4.35871,8.55000,35.16226,5.08656,0.82766,4.20995,8.38000,32.99525,17.40561,139.84935
81-1,1783321374.575438,2026-07-06T14:02:54.575438,5.10480,1.03250,5.27071,10.53000,36.44828,5.05544,1.09305,5.52585,11.11000,36.32450,5.03915,0.86428,4.35526,8.55000,35.59830,5.08330,0.97073,4.93453,9.83000,33.48929,20.08635,141.86036
81-1,1783321374.675557,2026-07-06T14:02:54.675557,5.09109,1.28373,6.53559,13.09000,37.10261,5.04680,1.28373,6.47873,13.05000,36.97314,5.01701,1.25663,6.30452,12.43000,36.22949,5.07269,1.18021,5.98684,11.95000,34.08868,25.30568,144.39392
81-1,1783321374.775675,2026-07-06T14:02:54.775675,5.08245,1.29545,6.58406,13.21000,37.76179,5.05160,1.26615,6.39609,12.87000,37.61350,5.03272,1.26176,6.35007,12.48000,36.86525,5.07669,1.18021,5.99156,11.95000,34.68854,25.32178,146.92909
82-1,1783321374.875791,2026-07-06T14:02:54.875791,5.09045,1.29545,6.59443,13.21000,0.66021,5.05160,1.26615,6.39609,12.87000,0.64035,5.03261,1.26371,6.35976,12.50000,0.63672,5.07269,1.18021,5.98684,11.95000,0.59938,25.33712,2.53666
82-1,1783321374.975909,2026-07-06T14:02:54.975909,5.08002,1.19340,6.06247,12.17000,1.26717,5.05383,1.21683,6.14967,12.37000,1.25605,5.02266,1.29814,6.52010,12.84000,1.28950,5.06850,1.10501,5.60076,11.19000,1.16012,24.33300,4.97283
82-1,1783321375.076026,2026-07-06T14:02:55.076026,5.07429,1.29838,6.58836,13.24000,1.92678,5.04889,1.32597,6.69467,13.48000,1.92629,5.02666,1.29814,6.52529,12.84000,1.94279,5.06999,1.23344,6.25351,12.49000,1.78620,26.06183,7.58206
82-1,1783321375.176144,2026-07-06T14:02:55.176144,5.08847,1.33183,6.77696,13.58000,2.60527,5.05829,1.03006,5.21034,10.47000,2.44794,5.03788,1.38285,6.96666,13.68000,2.64028,5.07535,1.12772,5.72357,11.42000,2.35923,24.67753,10.05273
82-1,1783321375.276261,2026-07-06T14:02:55.276261,5.08047,1.33183,6.76631,13.58000,3.28270,5.05429,1.03006,5.20622,10.47000,2.96918,5.06652,0.87551,4.43581,8.66000,3.08438,5.07765,1.08231,5.49558,10.96000,2.90943,21.90392,12.24568
82-1,1783321375.376380,2026-07-06T14:02:55.376380,5.09873,1.21708,6.20555,12.41000,3.90399,5.05414,1.21000,6.11550,12.30000,3.58145,5.04737,0.86038,4.34265,8.51000,3.51916,5.08965,1.08231,5.50857,10.96000,3.46095,22.17227,14.46555
82-1,1783321375.476498,2026-07-06T14:02:55.476498,5.09815,0.86111,4.39007,8.78000,4.34352,5.06830,0.89724,4.54751,9.12000,4.03674,5.04337,0.86038,4.33920,8.51000,3.95359,5.09086,0.74270,3.78098,7.52000,3.83949,17.05776,16.17334
82-1,1783321375.576615,2026-07-06T14:02:55.576615,5.08541,1.09452,5.56607,11.16000,4.90077,5.04961,1.22172,6.16920,12.42000,4.65438,5.03424,0.88040,4.43213,8.71000,4.39732,5.07860,0.98465,5.00064,9.97000,4.34014,21.16804,18.29261
82-1,1783321375.676733,2026-07-06T14:02:55.676733,5.08838,1.26005,6.41161,12.85000,5.54269,5.04961,1.22172,6.16920,12.42000,5.27203,5.01431,1.23344,6.18484,12.20000,5.01654,5.07784,1.15751,5.87763,11.72000,4.92860,24.64328,20.75986
82-1,1783321375.776851,2026-07-06T14:02:55.776851,5.08838,1.26005,6.41161,12.85000,6.18461,5.05218,1.25321,6.33146,12.74000,5.90592,5.03415,1.23637,6.22405,12.23000,5.63967,5.07384,1.15751,5.87300,11.72000,5.51659,24.84012,23.24679
82-1,1783321375.876969,2026-07-06T14:02:55.876969,5.08428,1.26200,6.41637,12.87000,6.82700,5.05191,1.25932,6.36195,12.80000,6.54287,5.03015,1.23637,6.21911,12.23000,6.26232,5.07429,1.14847,5.82769,11.63000,6.10004,24.82512,25.73223
82-1,1783321375.977088,2026-07-06T14:02:55.977088,5.08341,1.27787,6.49595,13.03000,7.47737,5.05654,1.24540,6.29741,12.66000,7.17336,5.02729,1.21610,6.11370,12.03000,6.87442,5.07374,1.15946,5.88279,11.74000,6.68902,24.78985,28.21417
82-1,1783321376.077205,2026-07-06T14:02:56.077205,5.08678,1.21610,6.18604,12.40000,8.09670,5.05654,1.24540,6.29741,12.66000,7.80384,5.03049,1.15946,5.83265,11.47000,7.45837,5.07324,1.09037,5.53168,11.04000,7.24284,23.84778,30.60175
82-1,1783321376.177324,2026-07-06T14:02:56.177324,5.08678,1.21610,6.18604,12.40000,8.71604,5.05605,1.25614,6.35112,12.77000,8.43970,5.02649,1.23026,6.18391,12.17000,8.07749,5.07724,1.09037,5.53605,11.04000,7.79710,24.25712,33.03033
82-1,1783321376.277442,2026-07-06T14:02:56.277442,5.08524,1.24442,6.32818,12.69000,9.34960,5.05725,1.22977,6.21927,12.50000,9.06236,5.02249,1.23026,6.17898,12.17000,8.69612,5.07464,1.14164,5.79339,11.56000,8.37712,24.51982,35.48521
82-1,1783321376.377561,2026-07-06T14:02:56.377561,5.08412,1.26493,6.43106,12.90000,9.99347,5.04782,1.26127,6.36666,12.82000,9.69979,5.02586,1.24149,6.23957,12.28000,9.32082,5.07349,1.16434,5.90728,11.79000,8.96856,24.94457,37.98263
82-1,1783321376.477680,2026-07-06T14:02:56.477680,5.08428,1.26200,6.41637,12.87000,10.63588,5.05582,1.26127,6.37675,12.82000,10.33822,5.02758,1.21097,6.08827,11.98000,9.93037,5.07469,1.14066,5.78849,11.55000,9.54810,24.66988,40.45257
82-1,1783321376.577798,2026-07-06T14:02:56.577798,5.08428,1.26200,6.41637,12.87000,11.27827,5.05601,1.25712,6.35600,12.78000,10.97457,5.03117,1.14750,5.77324,11.35000,10.50837,5.07810,0.99442,5.04974,10.07000,10.05366,23.59535,42.81488
82-1,1783321376.677917,2026-07-06T14:02:56.677917,5.08356,1.05521,5.36421,10.76000,11.81533,5.07230,0.89724,4.55109,9.12000,11.43023,5.03117,1.14750,5.77324,11.35000,11.08639,5.07810,0.99442,5.04974,10.07000,10.55924,20.73828,44.89119
82-1,1783321376.778035,2026-07-06T14:02:56.778035,5.09443,0.85598,4.36074,8.73000,12.25192,5.05924,0.92068,4.65795,9.36000,11.89657,5.03926,0.86233,4.34551,8.53000,11.52145,5.07456,0.82766,4.20002,8.38000,10.97974,17.56422,46.64968
82-1,1783321376.878153,2026-07-06T14:02:56.878153,5.07276,1.25321,6.35724,12.78000,12.88839,5.05924,0.92068,4.65795,9.36000,12.36291,5.01815,1.23637,6.20427,12.23000,12.14261,5.05829,1.14847,5.80931,11.63000,11.56135,23.02877,48.95527
82-1,1783321376.978271,2026-07-06T14:02:56.978271,5.08033,1.26102,6.40642,12.86000,13.52979,5.05573,1.26322,6.38651,12.84000,13.00232,5.03146,1.21317,6.10402,12.00000,12.75373,5.06549,1.16434,5.89796,11.79000,12.15184,24.79491,51.43768
82-1,1783321377.078388,2026-07-06T14:02:57.078388,5.08433,1.26102,6.41147,12.86000,14.17169,5.05596,1.25810,6.36088,12.79000,13.63915,5.02346,1.21317,6.09432,12.00000,13.36388,5.07349,1.16434,5.90728,11.79000,12.74327,24.77395,53.91798
82-1,1783321377.178506,2026-07-06T14:02:57.178506,5.08892,1.25028,6.36258,12.75000,14.80869,5.05645,1.24735,6.30718,12.68000,14.27061,5.02581,1.24247,6.24441,12.29000,13.98905,5.07054,1.14359,5.79862,11.58000,13.32381,24.71279,56.39217
82-1,1783321377.278625,2026-07-06T14:02:57.278625,5.08812,1.26493,6.43612,12.90000,15.45307,5.05245,1.24735,6.30219,12.68000,14.90158,5.02724,1.21708,6.11854,12.04000,14.60163,5.06934,1.16727,5.91730,11.82000,13.91624,24.77415,58.87253
82-1,1783321377.378742,2026-07-06T14:02:57.378742,5.08422,1.26298,6.42126,12.88000,16.09595,5.05173,1.26322,6.38146,12.84000,15.54048,5.02152,1.24760,6.26483,12.34000,15.22885,5.07410,1.15238,5.84728,11.67000,14.50166,24.91483,61.36694
82-1,1783321377.478861,2026-07-06T14:02:57.478861,5.08822,1.26298,6.42632,12.88000,16.73935,5.05307,1.23368,6.23387,12.54000,16.16460,5.02552,1.24760,6.26982,12.34000,15.85658,5.07810,1.15238,5.85189,11.67000,15.08754,24.78190,63.84807
82-1,1783321377.578979,2026-07-06T14:02:57.578979,5.08828,1.26200,6.42141,12.87000,17.38225,5.05160,1.26615,6.39609,12.87000,16.80497,5.02671,1.22636,6.16454,12.13000,16.47376,5.06939,1.16630,5.91241,11.81000,15.67948,24.89445,66.34045
82-1,1783321377.679096,2026-07-06T14:02:57.679096,5.08779,1.27103,6.46675,12.96000,18.02968,5.05160,1.26615,6.39609,12.87000,17.44533,5.02564,1.24540,6.25893,12.32000,17.10039,5.06924,1.16923,5.92709,11.84000,16.27289,25.04886,68.84828
82-1,1783321377.779215,2026-07-06T14:02:57.779215,5.08715,1.28275,6.52556,13.08000,18.68301,5.05236,1.24931,6.31194,12.70000,18.07727,5.02689,1.22318,6.14881,12.10000,17.71600,5.07759,1.16239,5.90213,11.77000,16.86380,24.88844,71.34008
82-1,1783321377.879333,2026-07-06T14:02:57.879333,5.08715,1.28275,6.52556,13.08000,19.33634,5.05173,1.26322,6.38146,12.84000,18.71617,5.02552,1.24760,6.26982,12.34000,18.34372,5.07319,1.17020,5.93666,11.85000,17.45816,25.11350,73.85439
82-1,1783321377.979451,2026-07-06T14:02:57.979451,5.08693,1.28666,6.54515,13.12000,19.99162,5.05632,1.25028,6.32182,12.71000,19.34910,5.02952,1.24760,6.27481,12.34000,18.97194,5.07319,1.17020,5.93666,11.85000,18.05253,25.07844,76.36520
82-1,1783321378.079569,2026-07-06T14:02:58.079569,5.08870,1.25419,6.38219,12.79000,20.63059,5.04832,1.25028,6.31182,12.71000,19.98102,5.02724,1.21708,6.11854,12.04000,19.58452,5.06964,1.16141,5.88794,11.76000,18.64202,24.70049,78.83815
82-1,1783321378.179688,2026-07-06T14:02:58.179688,5.08379,1.27103,6.46167,12.96000,21.27753,5.05147,1.26908,6.41072,12.90000,20.62285,5.02541,1.24955,6.27949,12.36000,20.21321,5.06909,1.17215,5.94176,11.87000,19.23690,25.09364,81.35049
82-1,1783321378.279806,2026-07-06T14:02:58.279806,5.08288,1.28764,6.54490,13.13000,21.93279,5.05245,1.24735,6.30219,12.68000,21.25382,5.02609,1.23734,6.21900,12.24000,20.83585,5.07719,1.17020,5.94134,11.85000,19.83174,25.00743,83.85420
82-1,1783321378.379924,2026-07-06T14:02:58.379924,5.08688,1.28764,6.55005,13.13000,22.58857,5.05147,1.26908,6.41072,12.90000,21.89565,5.03009,1.23734,6.22395,12.24000,21.45898,5.07319,1.17020,5.93666,11.85000,20.42611,25.12138,86.36930
82-1,1783321378.480042,2026-07-06T14:02:58.480042,5.08070,1.25419,6.37216,12.79000,23.22654,5.04747,1.26908,6.40565,12.90000,22.53697,5.01741,1.24955,6.26950,12.36000,22.08667,5.07379,1.15848,5.87789,11.73000,21.01459,24.92520,88.86477
82-1,1783321378.580161,2026-07-06T14:02:58.580161,5.07931,1.27982,6.50062,13.05000,23.87737,5.04885,1.23856,6.25332,12.59000,23.16304,5.01701,1.25663,6.30452,12.43000,22.71787,5.07294,1.17508,5.96114,11.90000,21.61141,25.01960,91.36970
82-1,1783321378.680279,2026-07-06T14:02:58.680279,5.08251,1.29447,6.57917,13.20000,24.53607,5.04742,1.27006,6.41052,12.91000,23.80485,5.02998,1.23930,6.23364,12.26000,23.34197,5.07304,1.17313,5.95135,11.88000,22.20725,25.17468,93.89013
82-1,1783321378.780396,2026-07-06T14:02:58.780396,5.09051,1.29447,6.58952,13.20000,25.19579,5.05569,1.26420,6.39139,12.85000,24.44474,5.02598,1.23930,6.22868,12.26000,23.96557,5.07304,1.17313,5.95135,11.88000,22.80308,25.16094,96.40919
82-1,1783321378.880515,2026-07-06T14:02:58.880515,5.08796,1.26786,6.45082,12.93000,25.84164,5.05169,1.26420,6.38634,12.85000,25.08413,5.02958,1.24638,6.26875,12.33000,24.59318,5.07719,1.17020,5.94134,11.85000,23.39792,25.04725,98.91687
82-1,1783321378.980633,2026-07-06T14:02:58.980633,5.08763,1.27396,6.48145,12.99000,26.49055,5.05133,1.27201,6.42535,12.93000,25.72743,5.02930,1.25150,6.29418,12.38000,25.22335,5.07724,1.16923,5.93644,11.84000,23.99226,25.13742,101.43358
82-1,1783321379.080751,2026-07-06T14:02:59.080751,5.08315,1.28275,6.52043,13.08000,27.14336,5.05147,1.26908,6.41072,12.90000,26.36925,5.02524,1.25248,6.29401,12.39000,25.85349,5.06488,1.17631,5.95785,11.91000,24.58875,25.18301,103.95486
82-1,1783321379.180869,2026-07-06T14:02:59.180869,5.08715,1.28275,6.52556,13.08000,27.79669,5.05245,1.24735,6.30219,12.68000,27.00022,5.02524,1.25248,6.29401,12.39000,26.48363,5.07283,1.17728,5.97216,11.92000,25.18667,25.09392,106.46721
82-1,1783321379.280985,2026-07-06T14:02:59.280985,5.07851,1.29447,6.57399,13.20000,28.45485,5.05245,1.24735,6.30219,12.68000,27.63117,5.03324,1.25248,6.30403,12.39000,27.11477,5.07283,1.17728,5.97216,11.92000,25.78458,25.15237,108.98538
82-1,1783321379.381104,2026-07-06T14:02:59.381104,5.07996,1.26786,6.44068,12.93000,29.09968,5.04720,1.27494,6.43488,12.96000,28.27542,5.03346,1.24857,6.28464,12.35000,27.74398,5.07719,1.17020,5.94134,11.85000,26.37942,25.10154,111.49850
83-1,1783321379.481232,2026-07-06T14:02:59.481232,5.09046,1.22196,6.22035,12.46000,0.62283,5.05027,1.20707,6.09602,12.27000,0.61038,5.03386,1.24149,6.24950,12.28000,0.62575,5.07794,1.15555,5.86782,11.70000,0.58753,24.43369,2.44650
83-1,1783321379.581349,2026-07-06T14:02:59.581349,5.08475,1.32670,6.74594,13.53000,1.29822,5.04342,1.35844,6.85118,13.81000,1.29631,5.02986,1.24149,6.24454,12.28000,1.25094,5.07584,1.19681,6.07484,12.12000,1.19573,25.91650,5.04120
83-1,1783321379.681468,2026-07-06T14:02:59.681468,5.08475,1.32670,6.74594,13.53000,1.97362,5.05942,1.35844,6.87292,13.81000,1.98442,5.02225,1.09281,5.48835,10.81000,1.80043,5.07184,1.19681,6.07005,12.12000,1.80346,25.17726,7.56193
83-1,1783321379.781587,2026-07-06T14:02:59.781587,5.08822,1.26298,6.42632,12.88000,2.61701,5.06264,1.11063,5.62272,11.29000,2.54736,5.01426,1.23441,6.18967,12.21000,2.42013,5.07398,1.15458,5.85830,11.69000,2.38998,24.09701,9.97448
83-1,1783321379.881703,2026-07-06T14:02:59.881703,5.08812,1.26493,6.43612,12.90000,3.26137,5.05618,1.25321,6.33647,12.74000,3.18174,5.02729,1.21610,6.11370,12.03000,3.03221,5.07379,1.15848,5.87789,11.73000,2.97846,24.76418,12.45378
83-1,1783321379.981822,2026-07-06T14:02:59.981822,5.08854,1.25712,6.39690,12.82000,3.90182,5.04885,1.23856,6.25332,12.59000,3.80781,5.02729,1.21610,6.11370,12.03000,3.64430,5.07864,1.14164,5.79796,11.56000,3.55894,24.56188,14.91288
83-1,1783321380.081940,2026-07-06T14:03:00.081940,5.08454,1.25712,6.39187,12.82000,4.54176,5.05694,1.23661,6.25346,12.59000,4.43390,5.03015,1.23637,6.21911,12.23000,4.26695,5.07464,1.14164,5.79339,11.56000,4.13897,24.65783,17.38158
83-1,1783321380.182058,2026-07-06T14:03:00.182058,5.09222,1.26298,6.43137,12.88000,5.18566,5.05294,1.23661,6.24851,12.57000,5.05949,5.03044,1.23124,6.19367,12.18000,4.88705,5.07784,1.15751,5.87763,11.72000,4.72742,24.75118,19.85962
83-1,1783321380.282176,2026-07-06T14:03:00.282176,5.09260,1.25614,6.39702,12.81000,5.82611,5.05614,1.25419,6.34135,12.75000,5.69437,5.02724,1.21708,6.11854,12.04000,5.49962,5.07774,1.15946,5.88743,11.74000,5.31686,24.74434,22.33696
83-1,1783321380.382294,2026-07-06T14:03:00.382294,5.08529,1.24345,6.32328,12.68000,6.45919,5.05618,1.25321,6.33647,12.74000,6.32876,5.02724,1.21708,6.11854,12.04000,6.11220,5.06979,1.15848,5.87326,11.73000,5.90488,24.65155,24.80503
83-1,1783321380.482412,2026-07-06T14:03:00.482412,5.08529,1.24345,6.32328,12.68000,7.09227,5.05294,1.23661,6.24851,12.57000,6.95436,5.02998,1.23930,6.23364,12.26000,6.73630,5.07779,1.15848,5.88253,11.73000,6.49383,24.68796,27.27675
83-1,1783321380.582530,2026-07-06T14:03:00.582530,5.08449,1.25810,6.39677,12.83000,7.73270,5.04894,1.23661,6.24357,12.57000,7.57945,5.03084,1.22416,6.15854,12.11000,7.35288,5.07364,1.16141,5.89259,11.76000,7.08378,24.69147,29.74880
83-1,1783321380.682648,2026-07-06T14:03:00.682648,5.08486,1.25126,6.36248,12.76000,8.36970,5.05205,1.25614,6.34609,12.77000,8.21481,5.02615,1.23637,6.21416,12.23000,7.97503,5.07415,1.15140,5.84238,11.66000,7.66871,24.76511,32.22824
83-1,1783321380.782765,2026-07-06T14:03:00.782765,5.08503,1.17484,5.97410,11.98000,8.96781,5.05588,1.17167,5.92380,11.91000,8.80788,5.03415,1.23637,6.22405,12.23000,8.59817,5.07760,1.08329,5.50049,10.97000,8.21940,23.62244,34.59325
83-1,1783321380.882883,2026-07-06T14:03:00.882883,5.09303,1.17484,5.98350,11.98000,9.56686,5.05566,1.17655,5.94823,11.96000,9.40340,5.03004,1.23832,6.22879,12.25000,9.22178,5.07709,1.09330,5.55076,11.07000,8.77513,23.71128,36.96718
83-1,1783321380.983002,2026-07-06T14:03:00.983002,5.08770,1.19926,6.10145,12.23000,10.17773,5.05566,1.17655,5.94823,11.96000,9.99894,5.02992,1.24052,6.23969,12.27000,9.84649,5.07309,1.09330,5.54639,11.07000,9.33043,23.83576,39.35359
83-1,1783321381.083121,2026-07-06T14:03:01.083121,5.08913,1.24638,6.34297,12.71000,10.81278,5.05320,1.23075,6.21923,12.51000,10.62160,5.02706,1.22025,6.13428,12.07000,10.46065,5.07449,1.14457,5.80809,11.59000,9.91193,24.50457,41.80696
83-1,1783321381.183240,2026-07-06T14:03:01.183240,5.08773,1.27201,6.47165,12.97000,11.46071,5.05205,1.25614,6.34609,12.77000,11.25696,5.02706,1.22025,6.13428,12.07000,11.07480,5.07359,1.16239,5.89748,11.77000,10.50238,24.84950,44.29485
83-1,1783321381.283358,2026-07-06T14:03:01.283358,5.08844,1.25907,6.40671,12.84000,12.10214,5.05223,1.25224,6.32658,12.73000,11.89036,5.02598,1.23930,6.22868,12.26000,11.69841,5.07359,1.16239,5.89748,11.77000,11.09282,24.85945,46.78374
83-1,1783321381.383477,2026-07-06T14:03:01.383477,5.08844,1.25907,6.40671,12.84000,12.74358,5.05223,1.25224,6.32658,12.73000,12.52378,5.02660,1.22831,6.17422,12.15000,12.31656,5.07359,1.16239,5.89748,11.77000,11.68327,24.80499,49.26719
83-1,1783321381.483596,2026-07-06T14:03:01.483596,5.08331,1.27982,6.50574,13.05000,13.39492,5.05560,1.26615,6.40116,12.87000,13.16465,5.02564,1.24540,6.25893,12.32000,12.94320,5.06949,1.16434,5.90262,11.79000,12.27424,25.06845,51.77701
83-1,1783321381.583712,2026-07-06T14:03:01.583712,5.08385,1.26981,6.45555,12.95000,14.04123,5.05578,1.26225,6.38163,12.83000,13.80356,5.03009,1.23734,6.22395,12.24000,13.56632,5.06934,1.16727,5.91730,11.82000,12.86665,24.97843,54.27776
83-1,1783321381.683829,2026-07-06T14:03:01.683829,5.08812,1.26493,6.43612,12.90000,14.68560,5.05214,1.25419,6.33634,12.75000,14.43793,5.02209,1.23734,6.21405,12.24000,14.18845,5.07410,1.15238,5.84728,11.67000,13.45207,24.83379,56.76405
83-1,1783321381.783948,2026-07-06T14:03:01.783948,5.08812,1.26493,6.43612,12.90000,15.32997,5.05214,1.25419,6.33634,12.75000,15.07232,5.02558,1.24638,6.26377,12.33000,14.81557,5.07010,1.15238,5.84267,11.67000,14.03703,24.87890,59.25489
83-1,1783321381.884065,2026-07-06T14:03:01.884065,5.08833,1.26102,6.41651,12.86000,15.97237,5.05178,1.26225,6.37658,12.83000,15.71072,5.02620,1.23539,6.20932,12.22000,15.43723,5.06949,1.16434,5.90262,11.79000,14.62798,24.90503,61.74831
83-1,1783321381.984181,2026-07-06T14:03:01.984181,5.09367,1.16312,5.92456,11.86000,16.56552,5.05704,1.14603,5.79552,11.65000,16.29095,5.03604,1.20292,6.05794,11.90000,16.04373,5.06690,1.05765,5.35900,10.71000,15.16450,23.13702,64.06471
83-1,1783321382.084299,2026-07-06T14:03:02.084299,5.08790,1.26884,6.45572,12.94000,17.21185,5.05160,1.26615,6.39609,12.87000,16.93131,5.03204,1.20292,6.05313,11.90000,16.64976,5.06124,1.16923,5.91773,11.84000,15.75698,24.82267,66.54990
83-1,1783321382.184418,2026-07-06T14:03:02.184418,5.08790,1.26884,6.45572,12.94000,17.85819,5.05160,1.26615,6.39609,12.87000,17.57168,5.02626,1.23441,6.20448,12.21000,17.27094,5.07319,1.17020,5.93666,11.85000,16.35135,24.99295,69.05217
83-1,1783321382.284537,2026-07-06T14:03:02.284537,5.09125,1.28080,6.52088,13.06000,18.51105,5.05627,1.25126,6.32671,12.72000,18.20510,5.02546,1.24857,6.27466,12.35000,17.89915,5.07319,1.17020,5.93666,11.85000,16.94572,25.05891,71.56103
83-1,1783321382.384654,2026-07-06T14:03:02.384654,5.08693,1.28666,6.54515,13.12000,19.16634,5.05538,1.27103,6.42556,12.92000,18.84841,5.03084,1.22416,6.15854,12.11000,18.51573,5.07410,1.15238,5.84728,11.67000,17.53113,24.97653,74.06161
83-1,1783321382.484772,2026-07-06T14:03:02.484772,5.08736,1.27885,6.50596,13.04000,19.81770,5.04796,1.25810,6.35082,12.79000,19.48425,5.02684,1.22416,6.15365,12.11000,19.13182,5.07324,1.16923,5.93176,11.84000,18.12501,24.94219,76.55878
83-1,1783321382.584891,2026-07-06T14:03:02.584891,5.08945,1.24052,6.31355,12.65000,20.44980,5.05596,1.25810,6.36088,12.79000,20.12109,5.02964,1.24540,6.26391,12.32000,19.75896,5.07235,1.10794,5.61988,11.22000,18.68766,24.55822,79.01751
83-1,1783321382.685009,2026-07-06T14:03:02.685009,5.08545,1.24052,6.30858,12.65000,21.08141,5.05694,1.23661,6.25346,12.57000,20.74717,5.02930,1.25150,6.29418,12.38000,20.38912,5.07235,1.10794,5.61988,11.22000,19.25031,24.47610,81.46800
83-1,1783321382.785127,2026-07-06T14:03:02.785127,5.09202,0.90017,4.58370,9.18000,21.54032,5.07226,0.89822,4.55601,9.13000,21.20331,5.05520,0.86331,4.36420,8.54000,20.82605,5.07956,0.88675,4.50428,8.98000,19.70128,18.00819,83.27096
83-1,1783321382.885244,2026-07-06T14:03:02.885244,5.09443,0.85598,4.36074,8.73000,21.97690,5.06074,0.97586,4.93858,9.92000,21.69775,5.04320,0.86331,4.35384,8.54000,21.26194,5.08256,0.82766,4.20664,8.38000,20.12243,17.85980,85.05902
83-1,1783321382.985362,2026-07-06T14:03:02.985362,5.06801,1.26688,6.42058,12.92000,22.61972,5.06074,0.97586,4.93858,9.92000,22.19219,5.02934,1.10892,5.57714,10.97000,21.82032,5.05819,1.15043,5.81908,11.65000,20.70502,22.75538,87.33725
83-1,1783321383.085481,2026-07-06T14:03:03.085481,5.08401,1.26688,6.44085,12.92000,23.26457,5.05423,1.20804,6.10574,12.28000,22.80349,5.02437,1.19706,6.01446,11.84000,22.42248,5.07019,1.15043,5.83288,11.65000,21.28901,24.39393,89.77954
83-1,1783321383.185598,2026-07-06T14:03:03.185598,5.08725,1.28080,6.51576,13.06000,23.91691,5.05249,1.24638,6.29731,12.67000,23.43396,5.02130,1.25150,6.28417,12.38000,23.05163,5.07374,1.15946,5.88279,11.74000,21.87798,24.98003,92.28048
83-1,1783321383.285717,2026-07-06T14:03:03.285717,5.08741,1.27787,6.50106,13.03000,24.56779,5.05133,1.27201,6.42535,12.93000,24.07726,5.02530,1.25150,6.28917,12.38000,23.68130,5.07304,1.17313,5.95135,11.88000,22.47382,25.16693,94.80016
83-1,1783321383.385835,2026-07-06T14:03:03.385835,5.08347,1.27689,6.49105,13.02000,25.21766,5.05533,1.27201,6.43044,12.93000,24.72106,5.02564,1.24540,6.25893,12.32000,24.30793,5.06914,1.17118,5.93687,11.86000,23.06820,25.11729,97.31485
83-1,1783321383.485953,2026-07-06T14:03:03.485953,5.08747,1.27689,6.49616,13.02000,25.86804,5.04818,1.25321,6.32645,12.74000,25.35445,5.02524,1.25248,6.29401,12.39000,24.93807,5.07579,1.11893,5.67946,11.33000,23.63682,24.79608,99.79738
83-1,1783321383.586069,2026-07-06T14:03:03.586069,5.08683,1.21512,6.18114,12.39000,26.48687,5.04769,1.26420,6.38128,12.85000,25.99332,5.02541,1.24955,6.27949,12.36000,25.56675,5.07579,1.11893,5.67946,11.33000,24.20543,24.52137,102.25237
83-1,1783321383.686187,2026-07-06T14:03:03.686187,5.08235,1.29740,6.59385,13.23000,27.14704,5.05120,1.27494,6.43998,12.96000,26.63808,5.02141,1.24955,6.27450,12.36000,26.19494,5.07283,1.17728,5.97216,11.92000,24.80335,25.28049,104.78340
83-1,1783321383.786304,2026-07-06T14:03:03.786304,5.09040,1.29643,6.59933,13.22000,27.80774,5.04720,1.27494,6.43488,12.96000,27.28232,5.02906,1.25565,6.31476,12.42000,26.82716,5.07359,1.16239,5.89748,11.77000,25.39379,25.24645,107.31101
83-1,1783321383.886422,2026-07-06T14:03:03.886422,5.08720,1.28178,6.52066,13.07000,28.46058,5.04680,1.19535,6.03269,12.15000,27.88630,5.03391,1.16971,5.88823,11.57000,27.41667,5.07283,1.17728,5.97216,11.92000,25.99171,24.41374,109.75525
83-1,1783321383.986539,2026-07-06T14:03:03.986539,5.09120,1.28178,6.52578,13.07000,29.11392,5.04320,1.27494,6.42978,12.96000,28.53003,5.02924,1.25248,6.29902,12.39000,28.04731,5.07683,1.17728,5.97686,11.92000,26.59009,25.23144,112.28136
83-1,1783321384.086657,2026-07-06T14:03:04.086657,5.08785,1.26981,6.46063,12.95000,29.76074,5.05120,1.27494,6.43998,12.96000,29.17479,5.02524,1.25248,6.29401,12.39000,28.67745,5.07304,1.17313,5.95135,11.88000,27.18593,25.14597,114.79891
83-1,1783321384.186776,2026-07-06T14:03:04.186776,5.09282,1.17875,6.00315,12.02000,30.36178,5.05920,1.27494,6.45018,12.96000,29.82058,5.02226,1.23441,6.19954,12.21000,29.29815,5.07770,1.08133,5.49068,10.95000,27.73565,24.14355,117.21615
83-1,1783321384.286894,2026-07-06T14:03:04.286894,5.08752,1.27592,6.49126,13.01000,31.01167,5.05098,1.27982,6.46437,13.01000,30.46778,5.02101,1.25663,6.30955,12.43000,29.92985,5.06888,1.17631,5.96255,11.91000,28.33261,25.22773,119.74190
83-1,1783321384.387013,2026-07-06T14:03:04.387013,5.09952,1.27592,6.50657,13.01000,31.66309,5.05129,1.27299,6.43023,12.94000,31.11156,5.00884,1.25956,6.30893,12.46000,30.56149,5.07288,1.17631,5.96726,11.91000,28.93004,25.21299,122.26618
83-1,1783321384.487131,2026-07-06T14:03:04.487131,5.09019,1.30033,6.61894,13.26000,32.32577,5.05614,1.25419,6.34135,12.75000,31.74644,5.02484,1.25956,6.32909,12.46000,31.19515,5.07273,1.17924,5.98195,11.94000,29.52894,25.27133,124.79630
83-1,1783321384.587250,2026-07-06T14:03:04.587250,5.09093,1.28666,6.55030,13.12000,32.98158,5.05214,1.25419,6.33634,12.75000,32.38083,5.02615,1.23637,6.21416,12.23000,31.81730,5.07278,1.17826,5.97705,11.93000,30.12736,25.07785,127.30706
83-1,1783321384.687367,2026-07-06T14:03:04.687367,5.08720,1.28178,6.52066,13.07000,33.63441,5.05124,1.27396,6.43511,12.95000,33.02510,5.03318,1.25346,6.30888,12.40000,32.44893,5.07724,1.16923,5.93644,11.84000,30.72170,25.20109,129.83014
83-1,1783321384.787484,2026-07-06T14:03:04.787484,5.07520,1.28178,6.50528,13.07000,34.28570,5.05116,1.27592,6.44486,12.97000,33.67034,5.03649,1.19486,6.01791,11.82000,33.05142,5.07429,1.14847,5.82769,11.63000,31.30515,24.79574,132.31261
83-1,1783321384.887602,2026-07-06T14:03:04.887602,5.08572,1.23563,6.28408,12.60000,34.91485,5.06157,1.22269,6.18874,12.43000,34.28994,5.00729,1.21610,6.08938,12.03000,33.66108,5.07429,1.14847,5.82769,11.63000,31.88860,24.38989,134.75447
83-1,1783321384.987720,2026-07-06T14:03:04.987720,5.08636,1.22391,6.22526,12.48000,35.53811,5.05357,1.22269,6.17896,12.43000,34.90857,5.03129,1.21610,6.11856,12.03000,34.27366,5.07614,1.11209,5.64514,11.26000,32.45379,24.16792,137.17413
83-1,1783321385.087839,2026-07-06T14:03:05.087839,5.08704,1.28471,6.53536,13.10000,36.19242,5.05111,1.27689,6.44974,12.98000,35.55431,5.02558,1.24638,6.26377,12.33000,34.90078,5.07259,1.18216,5.99663,11.97000,33.05416,25.24550,139.70167
83-1,1783321385.187957,2026-07-06T14:03:05.187957,5.08741,1.27787,6.50106,13.03000,36.84330,5.05111,1.27689,6.44974,12.98000,36.20004,5.02479,1.26054,6.33393,12.47000,35.53492,5.07659,1.18216,6.00136,11.97000,33.65501,25.28609,142.23327
84-1,1783321385.288080,2026-07-06T14:03:05.288080,5.08341,1.27787,6.49595,13.03000,0.65039,5.06174,1.21879,6.16919,12.39000,0.61768,5.03186,1.20609,6.06888,11.93000,0.60763,5.08059,1.18216,6.00609,11.97000,0.60135,24.74011,2.47705
84-1,1783321385.388198,2026-07-06T14:03:05.388198,5.08656,1.29350,6.57945,13.19000,1.30911,5.05374,1.21879,6.15944,12.39000,1.23435,5.02786,1.20609,6.06406,11.93000,1.21475,5.06984,1.23637,6.26818,12.52000,1.22890,25.07113,4.98712
84-1,1783321385.488316,2026-07-06T14:03:05.488316,5.08608,1.30229,6.62353,13.28000,1.97225,5.04493,1.32499,6.68450,13.47000,1.90359,5.03044,1.30204,6.54985,12.88000,1.87051,5.06984,1.23637,6.26818,12.52000,1.85646,26.12606,7.60282
84-1,1783321385.588434,2026-07-06T14:03:05.588434,5.09799,1.15726,5.89971,11.80000,2.56292,5.06173,0.95413,4.82955,9.70000,2.38711,5.05646,0.84109,4.25294,8.32000,2.29631,5.10426,0.79397,4.05263,8.04000,2.26220,19.03483,9.50855
84-1,1783321385.688553,2026-07-06T14:03:05.688553,5.08999,1.15726,5.89045,11.80000,3.15266,5.04405,1.25614,6.33604,12.77000,3.02147,5.01158,1.21097,6.06890,11.98000,2.90392,5.07626,0.79397,4.03040,8.04000,2.66572,22.32579,11.74377
84-1,1783321385.788669,2026-07-06T14:03:05.788669,5.08449,1.25810,6.39677,12.83000,3.79308,5.05205,1.25614,6.34609,12.77000,3.65681,5.02758,1.21097,6.08827,11.98000,3.51345,5.07584,1.11795,5.67456,11.32000,3.23384,24.50569,14.19718
84-1,1783321385.888787,2026-07-06T14:03:05.888787,5.08417,1.26395,6.42616,12.89000,4.43645,5.05605,1.25614,6.35112,12.77000,4.29267,5.02626,1.23441,6.20448,12.21000,4.13463,5.07374,1.15946,5.88279,11.74000,3.82281,24.86455,16.68657
84-1,1783321385.988904,2026-07-06T14:03:05.988904,5.08817,1.26395,6.43122,12.89000,5.08033,5.05632,1.25028,6.32182,12.71000,4.92560,5.02729,1.21610,6.11370,12.03000,4.74672,5.07044,1.14554,5.80841,11.60000,4.40433,24.67515,19.15697
84-1,1783321386.089020,2026-07-06T14:03:06.089020,5.08817,1.26395,6.43122,12.89000,5.72420,5.05325,1.22977,6.21435,12.50000,5.54775,5.03089,1.15238,5.79749,11.40000,5.32714,5.07444,1.14554,5.81299,11.60000,4.98631,24.25605,21.58540
84-1,1783321386.189138,2026-07-06T14:03:06.189138,5.08474,1.03348,5.25497,10.54000,6.25032,5.05725,1.22977,6.21927,12.50000,6.17041,5.03489,1.15238,5.80210,11.40000,5.90804,5.07786,0.99930,5.07429,10.12000,5.49433,22.35063,23.82310
84-1,1783321386.289257,2026-07-06T14:03:06.289257,5.09464,0.85208,4.34102,8.69000,6.68493,5.06039,0.89529,4.53052,9.10000,6.62401,5.03920,0.86331,4.35038,8.54000,6.34359,5.07861,0.82669,4.19841,8.37000,5.91467,17.42033,25.56720
84-1,1783321386.389374,2026-07-06T14:03:06.389374,5.06854,1.25712,6.37176,12.82000,7.32286,5.04601,1.21293,6.12044,12.33000,7.23677,5.01826,1.23441,6.19460,12.21000,6.96378,5.06198,1.15458,5.84445,11.69000,6.49980,24.53125,28.02321
84-1,1783321386.489494,2026-07-06T14:03:06.489494,5.08454,1.25712,6.39187,12.82000,7.96281,5.05196,1.25810,6.35585,12.79000,7.87311,5.03129,1.21610,6.11856,12.03000,7.57636,5.07374,1.15946,5.88279,11.74000,7.08879,24.74907,30.50107
84-1,1783321386.589611,2026-07-06T14:03:06.589611,5.08534,1.24247,6.31838,12.67000,8.59538,5.05596,1.25810,6.36088,12.79000,8.50994,5.02729,1.21610,6.11370,12.03000,8.18845,5.07374,1.15946,5.88279,11.74000,7.67775,24.67575,32.97153
84-1,1783321386.689729,2026-07-06T14:03:06.689729,5.08449,1.25810,6.39677,12.83000,9.23582,5.05201,1.25712,6.35097,12.78000,9.14579,5.02575,1.24345,6.24925,12.30000,8.81411,5.07364,1.16141,5.89259,11.76000,8.26771,24.88958,35.46344
84-1,1783321386.789848,2026-07-06T14:03:06.789848,5.08540,1.24149,6.31348,12.66000,9.86791,5.05280,1.23954,6.26315,12.60000,9.77285,5.02581,1.24247,6.24441,12.29000,9.43930,5.07344,1.16532,5.91217,11.80000,8.85963,24.73321,37.93969
84-1,1783321386.889966,2026-07-06T14:03:06.889966,5.08822,1.26298,6.42632,12.88000,10.51131,5.05196,1.25810,6.35585,12.79000,10.40918,5.02729,1.21610,6.11370,12.03000,10.05139,5.07354,1.16337,5.90238,11.78000,9.45056,24.79825,40.42244
84-1,1783321386.990084,2026-07-06T14:03:06.990084,5.08822,1.26298,6.42632,12.88000,11.15470,5.05596,1.25810,6.36088,12.79000,11.04603,5.02729,1.21610,6.11370,12.03000,10.66348,5.07354,1.16337,5.90238,11.78000,10.04150,24.80328,42.90571
84-1,1783321387.090203,2026-07-06T14:03:07.090203,5.08486,1.25126,6.36248,12.76000,11.79170,5.05645,1.24735,6.30718,12.68000,11.67749,5.02604,1.23832,6.22384,12.25000,11.28660,5.07754,1.16337,5.90703,11.78000,10.63290,24.80053,45.38870
84-1,1783321387.190321,2026-07-06T14:03:07.190321,5.08320,1.28178,6.51553,13.07000,12.44403,5.05591,1.25932,6.36698,12.80000,12.31494,5.02724,1.21708,6.11854,12.04000,11.89918,5.07749,1.16434,5.91194,11.79000,11.22480,24.91299,47.88295
84-1,1783321387.290438,2026-07-06T14:03:07.290438,5.09168,1.27299,6.48165,12.98000,13.09295,5.05801,1.21293,6.13500,12.33000,12.92916,5.03186,1.20609,6.06888,11.93000,12.50678,5.07864,1.14164,5.79796,11.56000,11.80527,24.48349,50.33416
84-1,1783321387.390554,2026-07-06T14:03:07.390554,5.07968,1.27299,6.46637,12.98000,13.74034,5.05801,1.21293,6.13500,12.33000,13.54337,5.02786,1.20609,6.06406,11.93000,13.11389,5.07464,1.14164,5.79339,11.56000,12.38528,24.45882,52.78288
84-1,1783321387.490673,2026-07-06T14:03:07.490673,5.08699,1.28568,6.54026,13.11000,14.39514,5.05169,1.26420,6.38634,12.85000,14.18277,5.02569,1.24442,6.25409,12.31000,13.74004,5.07334,1.16727,5.92197,11.82000,12.97818,25.10266,55.29613
84-1,1783321387.590791,2026-07-06T14:03:07.590791,5.08828,1.26200,6.42141,12.87000,15.03804,5.05196,1.25810,6.35585,12.79000,14.81910,5.02751,1.21220,6.09433,11.99000,14.35019,5.07784,1.15751,5.87763,11.72000,13.56664,24.74922,57.77397
84-1,1783321387.690910,2026-07-06T14:03:07.690910,5.08309,1.28373,6.52532,13.09000,15.69135,5.05573,1.26322,6.38651,12.84000,15.45851,5.02975,1.24345,6.25422,12.30000,14.97636,5.07734,1.16727,5.92664,11.82000,14.16001,25.09269,60.28623
84-1,1783321387.791028,2026-07-06T14:03:07.791028,5.08709,1.28373,6.53046,13.09000,16.34516,5.05173,1.26322,6.38146,12.84000,16.09741,5.02575,1.24345,6.24925,12.30000,15.60202,5.07334,1.16727,5.92197,11.82000,14.75290,25.08314,62.79750
84-1,1783321387.891145,2026-07-06T14:03:07.891145,5.08801,1.26688,6.44592,12.92000,16.99051,5.04832,1.25028,6.31182,12.71000,16.72933,5.02740,1.21415,6.10401,12.01000,16.21314,5.07334,1.16727,5.92197,11.82000,15.34580,24.78372,65.27878
84-1,1783321387.991264,2026-07-06T14:03:07.991264,5.07893,1.28666,6.53486,13.12000,17.64477,5.05155,1.26713,6.40097,12.88000,17.37019,5.02546,1.24857,6.27466,12.35000,16.84135,5.06964,1.16141,5.88794,11.76000,15.93529,25.09843,67.79159
84-1,1783321388.091382,2026-07-06T14:03:08.091382,5.07925,1.28080,6.50551,13.06000,18.29609,5.05258,1.24442,6.28755,12.65000,17.99969,5.02724,1.21708,6.11854,12.04000,17.45393,5.06934,1.16727,5.91730,11.82000,16.52772,24.82890,70.27742
84-1,1783321388.191500,2026-07-06T14:03:08.191500,5.08454,1.25712,6.39187,12.82000,18.93603,5.05551,1.26811,6.41092,12.89000,18.64153,5.02946,1.24857,6.27965,12.35000,18.08263,5.07324,1.16923,5.93176,11.84000,17.12159,25.01420,72.78179
84-1,1783321388.291618,2026-07-06T14:03:08.291618,5.08854,1.25712,6.39690,12.82000,19.57648,5.05151,1.26811,6.40585,12.89000,19.28288,5.02946,1.24857,6.27965,12.35000,18.71134,5.07324,1.16923,5.93176,11.84000,17.71547,25.01416,75.28616
84-1,1783321388.391736,2026-07-06T14:03:08.391736,5.08683,1.28861,6.55495,13.14000,20.23274,5.05596,1.25810,6.36088,12.79000,19.91971,5.02581,1.24247,6.24441,12.29000,19.33651,5.06929,1.16825,5.92219,11.83000,18.30838,25.08243,77.79735
84-1,1783321388.491853,2026-07-06T14:03:08.491853,5.08661,1.29252,6.57455,13.18000,20.89097,5.05542,1.27006,6.42068,12.91000,20.56254,5.02541,1.24955,6.27949,12.36000,19.96520,5.06914,1.17118,5.93687,11.86000,18.90277,25.21159,80.32149
84-1,1783321388.591970,2026-07-06T14:03:08.591970,5.09115,1.28275,6.53069,13.08000,21.54481,5.05147,1.26908,6.41072,12.90000,21.20436,5.02535,1.25053,6.28433,12.37000,20.59437,5.06939,1.16630,5.91241,11.81000,19.49470,25.13815,82.83824
85-1,1783321388.692097,2026-07-06T14:03:08.692097,5.09915,1.28275,6.54095,13.08000,0.65492,5.05547,1.26908,6.41580,12.90000,0.64239,5.02935,1.25053,6.28934,12.37000,0.62973,5.07739,1.16630,5.92174,11.81000,0.59292,25.16783,2.51997
85-1,1783321388.792215,2026-07-06T14:03:08.792215,5.09104,1.28471,6.54049,13.10000,1.30974,5.04830,1.33891,6.75922,13.61000,1.31911,5.01421,1.30619,6.54952,12.92000,1.28545,5.07639,1.18607,6.02096,12.01000,1.19573,25.87019,5.11003
85-1,1783321388.892333,2026-07-06T14:03:08.892333,5.09093,1.28666,6.55030,13.12000,1.96554,5.06848,0.89334,4.52786,9.08000,1.77243,5.03926,0.86233,4.34551,8.53000,1.72052,5.06490,1.01810,5.15656,10.31000,1.71199,20.58023,7.17048
85-1,1783321388.992451,2026-07-06T14:03:08.992451,5.08124,1.24442,6.32321,12.69000,2.59861,5.04072,1.24149,6.25801,12.62000,2.39897,5.01575,1.20804,6.05925,11.95000,2.32716,5.05815,1.15140,5.82396,11.66000,2.29508,24.46443,9.61981
85-1,1783321389.092569,2026-07-06T14:03:09.092569,5.09324,1.24442,6.33814,12.69000,3.23317,5.06072,1.24149,6.28284,12.62000,3.02799,5.03575,1.20804,6.08341,11.95000,2.93622,5.09061,0.82669,4.20833,8.37000,2.71641,22.91272,11.91379
85-1,1783321389.192687,2026-07-06T14:03:09.192687,5.09533,0.83938,4.27693,8.56000,3.66137,5.06426,0.89822,4.54882,9.13000,3.48341,5.04320,0.86331,4.35384,8.54000,3.37211,5.08661,0.82669,4.20502,8.37000,3.13740,17.38461,13.65430
85-1,1783321389.292805,2026-07-06T14:03:09.292805,5.09448,0.85501,4.35581,8.72000,4.09747,5.05820,1.03201,5.22013,10.49000,4.00604,5.03705,0.97244,4.89823,9.62000,3.86252,5.07465,0.82571,4.19019,8.36000,3.55692,18.66436,15.52295
85-1,1783321389.392923,2026-07-06T14:03:09.392923,5.07260,1.25614,6.37190,12.81000,4.73541,5.05316,1.23173,6.22411,12.52000,4.62919,5.02644,1.23124,6.18875,12.18000,4.48212,5.05834,1.14750,5.80443,11.62000,4.13805,24.58919,17.98477
85-1,1783321389.493041,2026-07-06T14:03:09.493041,5.08561,1.23759,6.29388,12.62000,5.36554,5.05316,1.23173,6.22411,12.52000,5.25233,5.03044,1.23124,6.19367,12.18000,5.10222,5.07379,1.15848,5.87789,11.73000,4.72653,24.58955,20.44662
85-1,1783321389.593159,2026-07-06T14:03:09.593159,5.08961,1.23759,6.29883,12.62000,5.99617,5.05601,1.25712,6.35600,12.78000,5.88869,5.02649,1.23026,6.18391,12.17000,5.72134,5.07779,1.15848,5.88253,11.73000,5.31548,24.72127,22.92167
85-1,1783321389.693276,2026-07-06T14:03:09.693276,5.08449,1.25810,6.39677,12.83000,6.63659,5.05614,1.25419,6.34135,12.75000,6.52356,5.02724,1.21708,6.11854,12.04000,6.33391,5.07379,1.15848,5.87789,11.73000,5.90395,24.73455,25.39801
85-1,1783321389.793396,2026-07-06T14:03:09.793396,5.08502,1.24833,6.34778,12.73000,7.27213,5.05733,1.22782,6.20950,12.48000,7.14526,5.02620,1.23539,6.20932,12.22000,6.95558,5.07429,1.14847,5.82769,11.63000,6.48742,24.59429,27.86039
85-1,1783321389.893514,2026-07-06T14:03:09.893514,5.08001,1.26688,6.43579,12.92000,7.91647,5.05333,1.22782,6.20459,12.48000,7.76645,5.02620,1.23539,6.20932,12.22000,7.57725,5.07374,1.15946,5.88279,11.74000,7.07639,24.73249,30.33657
85-1,1783321389.993634,2026-07-06T14:03:09.993634,5.08801,1.26688,6.44592,12.92000,8.56183,5.04782,1.26127,6.36666,12.82000,8.40388,5.02695,1.22221,6.14396,12.09000,8.19238,5.07374,1.15946,5.88279,11.74000,7.66538,24.83933,32.82347
85-1,1783321390.093752,2026-07-06T14:03:10.093752,5.08433,1.26102,6.41147,12.86000,9.20374,5.04782,1.26127,6.36666,12.82000,9.04129,5.02638,1.23222,6.19359,12.19000,8.81247,5.07459,1.14261,5.79829,11.57000,8.24589,24.77001,35.30340
85-1,1783321390.193871,2026-07-06T14:03:10.193871,5.08315,1.28275,6.52043,13.08000,9.85655,5.05325,1.22977,6.21435,12.50000,9.66347,5.02609,1.23734,6.21900,12.24000,9.43511,5.07369,1.16044,5.88769,11.75000,8.83536,24.84147,37.79049
85-1,1783321390.293988,2026-07-06T14:03:10.293988,5.09287,1.17777,5.99823,12.01000,10.45708,5.06125,1.22977,6.22419,12.50000,10.28662,5.02609,1.23734,6.21900,12.24000,10.05774,5.08020,1.03201,5.24283,10.45000,9.36026,23.68425,40.16171
85-1,1783321390.394106,2026-07-06T14:03:10.394106,5.08487,1.17777,5.98881,12.01000,11.05667,5.06030,0.89724,4.54033,9.12000,10.74119,5.04732,0.86135,4.34753,8.52000,10.49301,5.08661,0.82669,4.20502,8.37000,9.78126,19.08169,42.07212
85-1,1783321390.494223,2026-07-06T14:03:10.494223,5.08938,1.02176,5.20013,10.42000,11.57729,5.06017,0.90017,4.55503,9.15000,11.19722,5.04732,0.86135,4.34753,8.52000,10.92827,5.07861,0.82669,4.19841,8.37000,10.20159,18.30110,43.90438
85-1,1783321390.594339,2026-07-06T14:03:10.594339,5.07622,1.26298,6.41116,12.88000,12.21915,5.03982,1.26127,6.35657,12.82000,11.83362,5.01929,1.21610,6.10397,12.03000,11.53938,5.07359,1.16239,5.89748,11.77000,10.79202,24.76918,46.38417
85-1,1783321390.694457,2026-07-06T14:03:10.694457,5.08812,1.26493,6.43612,12.90000,12.86352,5.05182,1.26127,6.37170,12.82000,12.47154,5.02729,1.21610,6.11370,12.03000,12.15147,5.07359,1.16239,5.89748,11.77000,11.38247,24.81900,48.86900
85-1,1783321390.794574,2026-07-06T14:03:10.794574,5.08460,1.25614,6.38698,12.81000,13.50297,5.05196,1.25810,6.35585,12.79000,13.10787,5.02586,1.24149,6.23957,12.28000,12.77615,5.07379,1.15848,5.87789,11.73000,11.97094,24.86029,51.35793
85-1,1783321390.894693,2026-07-06T14:03:10.894693,5.08860,1.25614,6.39200,12.81000,14.14293,5.05210,1.25517,6.34122,12.76000,13.74274,5.02740,1.21415,6.10401,12.01000,13.38728,5.07779,1.15848,5.88253,11.73000,12.55989,24.71976,53.83284
85-1,1783321390.994812,2026-07-06T14:03:10.994812,5.08731,1.27982,6.51086,13.05000,14.79479,5.05463,1.19926,6.06179,12.19000,14.34964,5.02597,1.16874,5.87403,11.56000,13.97538,5.07369,1.16044,5.88769,11.75000,13.14936,24.33437,56.26918
85-1,1783321391.094930,2026-07-06T14:03:11.094930,5.08693,1.28666,6.54515,13.12000,15.45008,5.05463,1.19926,6.06179,12.19000,14.95654,5.02197,1.16874,5.86936,11.56000,14.56301,5.07424,1.14945,5.83259,11.64000,13.73331,24.30889,58.70294
85-1,1783321391.195049,2026-07-06T14:03:11.195049,5.08341,1.27787,6.49595,13.03000,16.10045,5.05182,1.26127,6.37170,12.82000,15.59447,5.03369,1.24442,6.26404,12.31000,15.19016,5.06934,1.16727,5.91730,11.82000,14.32575,25.04899,61.21082
85-1,1783321391.295168,2026-07-06T14:03:11.295168,5.08741,1.27787,6.50106,13.03000,16.75132,5.05285,1.23856,6.25827,12.59000,16.22104,5.02626,1.23441,6.20448,12.21000,15.81134,5.07334,1.16727,5.92197,11.82000,14.91864,24.88578,63.70235
85-1,1783321391.395286,2026-07-06T14:03:11.395286,5.09093,1.28666,6.55030,13.12000,17.40713,5.05173,1.26322,6.38146,12.84000,16.85994,5.02535,1.25053,6.28433,12.37000,16.44052,5.07034,1.14750,5.81820,11.62000,15.50115,25.03429,66.20873
85-1,1783321391.495404,2026-07-06T14:03:11.495404,5.09072,1.29057,6.56991,13.16000,18.06489,5.05573,1.26322,6.38651,12.84000,17.49934,5.04470,0.97855,4.93647,9.68000,16.93475,5.06924,1.16923,5.92709,11.84000,16.09456,23.81998,68.59353
85-1,1783321391.595521,2026-07-06T14:03:11.595521,5.11048,0.85501,4.36949,8.72000,18.50235,5.06430,0.89724,4.54392,9.12000,17.95426,5.03670,0.97855,4.92864,9.68000,17.42819,5.09461,0.82669,4.21164,8.37000,16.51622,18.05369,70.40103
85-1,1783321391.695640,2026-07-06T14:03:11.695640,5.09448,0.85501,4.35581,8.72000,18.93845,5.06439,0.89529,4.53410,9.10000,18.40821,5.03926,0.86233,4.34551,8.53000,17.86326,5.07465,0.98367,4.99179,9.96000,17.01599,18.22721,72.22592
85-1,1783321391.795757,2026-07-06T14:03:11.795757,5.09347,1.09354,5.56991,11.15000,19.49610,5.04386,1.26029,6.35674,12.81000,19.04463,5.01769,1.24442,6.24413,12.31000,18.48840,5.07465,0.98367,4.99179,9.96000,17.51575,23.16257,74.54489
85-1,1783321391.895876,2026-07-06T14:03:11.895876,5.08449,1.25810,6.39677,12.83000,20.13653,5.04386,1.26029,6.35674,12.81000,19.68106,5.02598,1.23930,6.22868,12.26000,19.11201,5.07734,1.16727,5.92664,11.82000,18.10912,24.90883,77.03874
85-1,1783321391.995995,2026-07-06T14:03:11.995995,5.08785,1.26981,6.46063,12.95000,20.78336,5.05632,1.25028,6.32182,12.71000,20.31400,5.02998,1.23930,6.23364,12.26000,19.73612,5.07744,1.16532,5.91684,11.80000,18.70151,24.93293,79.53499
85-1,1783321392.096113,2026-07-06T14:03:12.096113,5.08385,1.26981,6.45555,12.95000,21.42968,5.05573,1.26322,6.38651,12.84000,20.95340,5.02175,1.24345,6.24428,12.30000,20.36128,5.06929,1.16825,5.92219,11.83000,19.29443,25.00853,82.03880
85-1,1783321392.196231,2026-07-06T14:03:12.196231,5.08779,1.27103,6.46675,12.96000,22.07712,5.05591,1.25932,6.36698,12.80000,21.59085,5.02146,1.24857,6.26966,12.35000,20.98899,5.06929,1.16825,5.92219,11.83000,19.88735,25.02558,84.54431
85-1,1783321392.296350,2026-07-06T14:03:12.296350,5.08773,1.27201,6.47165,12.97000,22.72506,5.05591,1.25932,6.36698,12.80000,22.22831,5.03398,1.23930,6.23859,12.26000,21.61359,5.07739,1.16630,5.92174,11.81000,20.48023,24.99896,87.04718
85-1,1783321392.396469,2026-07-06T14:03:12.396469,5.08683,1.28861,6.55495,13.14000,23.38133,5.05160,1.26615,6.39609,12.87000,22.86867,5.03398,1.23930,6.23859,12.26000,22.23819,5.07724,1.16923,5.93644,11.84000,21.07457,25.12607,89.56277
85-1,1783321392.496587,2026-07-06T14:03:12.496587,5.08704,1.28471,6.53536,13.10000,24.03564,5.05155,1.26713,6.40097,12.88000,23.50953,5.02541,1.24955,6.27949,12.36000,22.86688,5.06909,1.17215,5.94176,11.87000,21.66945,25.15758,92.08150
85-1,1783321392.596705,2026-07-06T14:03:12.596705,5.08704,1.28471,6.53536,13.10000,24.68994,5.05942,1.27006,6.42576,12.91000,24.15286,5.02700,1.22123,6.13912,12.08000,23.48152,5.06909,1.17215,5.94176,11.87000,22.26433,25.04200,94.58866
85-1,1783321392.696824,2026-07-06T14:03:12.696824,5.08747,1.27689,6.49616,13.02000,25.34033,5.05542,1.27006,6.42068,12.91000,24.79569,5.02952,1.24760,6.27481,12.34000,24.10974,5.07744,1.16532,5.91684,11.80000,22.85672,25.10849,97.10248
85-1,1783321392.796942,2026-07-06T14:03:12.796942,5.08773,1.27201,6.47165,12.97000,25.98826,5.05538,1.27103,6.42556,12.92000,25.43901,5.02952,1.24760,6.27481,12.34000,24.73797,5.07714,1.17118,5.94624,11.86000,23.45204,25.11826,99.61727
85-1,1783321392.897060,2026-07-06T14:03:12.897060,5.08347,1.27689,6.49105,13.02000,26.63813,5.05605,1.25614,6.35112,12.77000,26.07487,5.02535,1.25053,6.28433,12.37000,25.36714,5.07304,1.17313,5.95135,11.88000,24.04788,25.07785,102.12803
85-1,1783321392.997179,2026-07-06T14:03:12.997179,5.09547,1.27689,6.50637,13.02000,27.28954,5.05133,1.27201,6.42535,12.93000,26.71817,5.02535,1.25053,6.28433,12.37000,25.99632,5.07704,1.17313,5.95604,11.88000,24.64419,25.17209,104.64822
85-1,1783321393.097299,2026-07-06T14:03:13.097299,5.09212,1.26493,6.44118,12.90000,27.93443,5.05133,1.27201,6.42535,12.93000,27.36147,5.03591,1.13431,5.71229,11.22000,26.56823,5.08099,1.17411,5.96564,11.89000,25.24147,24.54446,107.10561
85-1,1783321393.197416,2026-07-06T14:03:13.197416,5.09141,1.27787,6.50617,13.03000,28.58581,5.05695,1.14798,5.80530,11.67000,27.94268,5.03191,1.13431,5.70776,11.22000,27.13968,5.06579,1.15848,5.86863,11.73000,25.82902,23.88786,109.49719
85-1,1783321393.297534,2026-07-06T14:03:13.297534,5.08725,1.28080,6.51576,13.06000,29.23816,5.05138,1.27103,6.42048,12.92000,28.58549,5.03386,1.24149,6.24950,12.28000,27.76537,5.06488,1.17631,5.95785,11.91000,26.42551,25.14359,112.01454
85-1,1783321393.397653,2026-07-06T14:03:13.397653,5.08725,1.28080,6.51576,13.06000,29.89051,5.05129,1.27299,6.43023,12.94000,29.22928,5.03318,1.25346,6.30888,12.40000,28.39701,5.06888,1.17631,5.96255,11.91000,27.02248,25.21742,114.53927
85-1,1783321393.497771,2026-07-06T14:03:13.497771,5.08763,1.27396,6.48145,12.99000,30.53942,5.05529,1.27299,6.43532,12.94000,29.87357,5.02506,1.25565,6.30974,12.42000,29.02873,5.07688,1.17631,5.97197,11.91000,27.62038,25.19848,117.06210
85-1,1783321393.597891,2026-07-06T14:03:13.597891,5.08699,1.28568,6.54026,13.11000,31.19423,5.04827,1.25126,6.31670,12.72000,30.50600,5.02506,1.25565,6.30974,12.42000,29.66046,5.07288,1.17631,5.96726,11.91000,28.21782,25.13396,119.57851
85-1,1783321393.698009,2026-07-06T14:03:13.698009,5.08656,1.29350,6.57945,13.19000,31.85295,5.04724,1.27396,6.43001,12.95000,31.14976,5.02158,1.24638,6.25878,12.33000,30.28707,5.07359,1.16239,5.89748,11.77000,28.80826,25.16572,122.09804
85-1,1783321393.798128,2026-07-06T14:03:13.798128,5.08645,1.29545,6.58924,13.21000,32.51266,5.05107,1.27787,6.45461,12.99000,31.79599,5.02106,1.25565,6.30471,12.42000,30.91830,5.06869,1.18021,5.98212,11.95000,29.40719,25.33068,124.63414
85-1,1783321393.898247,2026-07-06T14:03:13.898247,5.08645,1.29545,6.58924,13.21000,33.17237,5.05907,1.27787,6.46484,12.99000,32.44324,5.02501,1.25663,6.31457,12.43000,31.55051,5.07269,1.18021,5.98684,11.95000,30.00659,25.35549,127.17270
85-1,1783321393.998366,2026-07-06T14:03:13.998366,5.08661,1.29252,6.57455,13.18000,33.83060,5.04786,1.26029,6.36178,12.81000,33.08017,5.02501,1.25663,6.31457,12.43000,32.18271,5.07278,1.17826,5.97705,11.93000,30.60500,25.22795,129.69848
85-1,1783321394.098482,2026-07-06T14:03:14.098482,5.08790,1.26884,6.45572,12.94000,34.47693,5.04711,1.27689,6.44463,12.98000,33.72539,5.02855,1.26469,6.35954,12.51000,32.81941,5.07269,1.18021,5.98684,11.95000,31.20438,25.24673,132.22610
85-1,1783321394.198601,2026-07-06T14:03:14.198601,5.09904,1.28471,6.55077,13.10000,35.13278,5.05498,1.27982,6.46949,13.01000,34.37310,5.02986,1.24149,6.24454,12.28000,33.44460,5.07264,1.18119,5.99174,11.96000,31.80427,25.25654,134.75475
85-1,1783321394.298719,2026-07-06T14:03:14.298719,5.08304,1.28471,6.53022,13.10000,35.78658,5.05898,1.27982,6.47460,13.01000,35.02133,5.03284,1.25956,6.33916,12.46000,34.07927,5.07264,1.18119,5.99174,11.96000,32.40415,25.33572,137.29132
85-1,1783321394.398838,2026-07-06T14:03:14.398838,5.09125,1.28080,6.52088,13.06000,36.43943,5.05610,1.25517,6.34624,12.76000,35.65671,5.02884,1.25956,6.33413,12.46000,34.71343,5.07724,1.16923,5.93644,11.84000,32.99849,25.13769,139.80806
85-1,1783321394.498954,2026-07-06T14:03:14.498954,5.09109,1.28373,6.53559,13.09000,37.09376,5.05507,1.27787,6.45972,12.99000,36.30343,5.02106,1.25565,6.30471,12.42000,35.34463,5.06859,1.18216,5.99190,11.97000,33.59838,25.29192,142.34021
85-1,1783321394.599072,2026-07-06T14:03:14.599072,5.09099,1.28568,6.54540,13.11000,37.74907,5.05502,1.27885,6.46461,13.00000,36.95065,5.02844,1.26664,6.36923,12.53000,35.98231,5.06849,1.18412,6.00169,11.99000,34.19926,25.38093,144.88129
85-1,1783321394.699190,2026-07-06T14:03:14.699190,5.08699,1.28568,6.54026,13.11000,38.40387,5.05502,1.27885,6.46461,13.00000,37.59788,5.02964,1.24540,6.26391,12.32000,36.60944,5.07259,1.18216,5.99663,11.97000,34.79963,25.26541,147.41082
86-1,1783321394.799319,2026-07-06T14:03:14.799319,5.08645,1.29545,6.58924,13.21000,0.65977,5.05085,1.28275,6.47899,13.04000,0.64873,5.02815,1.20096,6.03863,11.88000,0.60464,5.06859,1.18216,5.99190,11.97000,0.59996,25.09876,2.51310
86-1,1783321394.899437,2026-07-06T14:03:14.899437,5.09218,1.19047,6.06207,12.14000,1.26669,5.05218,1.25321,6.33146,12.74000,1.28262,5.02415,1.20096,6.03382,11.88000,1.20873,5.07034,1.14750,5.81820,11.62000,1.18247,24.24555,4.94051
86-1,1783321394.999555,2026-07-06T14:03:14.999555,5.08272,1.29057,6.55959,13.16000,1.92343,5.04844,1.33598,6.74460,13.58000,1.95788,5.02661,1.29911,6.53013,12.85000,1.86252,5.06584,1.23637,6.26323,12.52000,1.80953,26.09755,7.55335
86-1,1783321395.099672,2026-07-06T14:03:15.099672,5.10292,1.06693,5.44444,10.88000,2.46851,5.06444,1.33598,6.76598,13.58000,2.63527,5.05189,0.85110,4.29967,8.42000,2.29299,5.10802,0.79885,4.08055,8.09000,2.21806,20.59064,9.61482
86-1,1783321395.199790,2026-07-06T14:03:15.199790,5.08292,1.06693,5.42310,10.88000,3.01146,5.05599,0.90408,4.57102,9.19000,3.09291,5.01438,1.23222,6.17880,12.19000,2.91160,5.08002,0.79885,4.05818,8.09000,2.62436,20.23110,11.64032
86-1,1783321395.299908,2026-07-06T14:03:15.299908,5.08545,1.24052,6.30858,12.65000,3.64306,5.04010,1.25517,6.32615,12.76000,3.72627,5.02638,1.23222,6.19359,12.19000,3.53169,5.07374,1.15946,5.88279,11.74000,3.21333,24.71111,14.11435
86-1,1783321395.400028,2026-07-06T14:03:15.400028,5.08320,1.28178,6.51553,13.07000,4.29540,5.05610,1.25517,6.34624,12.76000,4.36166,5.02266,1.22733,6.16447,12.14000,4.14887,5.07384,1.15751,5.87300,11.72000,3.80134,24.89924,16.60726
86-1,1783321395.500145,2026-07-06T14:03:15.500145,5.08422,1.26298,6.42126,12.88000,4.93828,5.04810,1.25517,6.33619,12.76000,4.99602,5.02311,1.21928,6.12456,12.06000,4.76205,5.07415,1.15140,5.84238,11.66000,4.38626,24.72439,19.08261
86-1,1783321395.600264,2026-07-06T14:03:15.600264,5.08422,1.26298,6.42126,12.88000,5.58116,5.05333,1.22782,6.20459,12.48000,5.61722,5.03015,1.23637,6.21911,12.23000,5.38470,5.07415,1.15140,5.84238,11.66000,4.97119,24.68734,21.55428
86-1,1783321395.700382,2026-07-06T14:03:15.700382,5.08720,1.28178,6.52066,13.07000,6.23400,5.05164,1.26518,6.39121,12.86000,6.25709,5.02615,1.23637,6.21416,12.23000,6.00685,5.07359,1.16239,5.89748,11.77000,5.56164,25.02351,24.05958
86-1,1783321395.800503,2026-07-06T14:03:15.800503,5.08806,1.26591,6.44102,12.91000,6.87888,5.05201,1.25712,6.35097,12.78000,6.89295,5.03089,1.22318,6.15370,12.10000,6.62296,5.07464,1.14164,5.79339,11.56000,6.14167,24.73908,26.53646
86-1,1783321395.900620,2026-07-06T14:03:15.900620,5.08438,1.26005,6.40657,12.85000,7.52029,5.04925,1.22977,6.20943,12.78000,7.51463,5.03009,1.23734,6.22395,12.24000,7.24609,5.07359,1.16239,5.89748,11.77000,6.73211,24.73743,29.01312
86-1,1783321396.000737,2026-07-06T14:03:16.000737,5.08438,1.26005,6.40657,12.85000,8.16170,5.04925,1.22977,6.20943,12.50000,8.13630,5.02581,1.24247,6.24441,12.29000,7.87126,5.07454,1.14359,5.80319,11.58000,7.31311,24.66360,31.48237
86-1,1783321396.100855,2026-07-06T14:03:16.100855,5.08725,1.28080,6.51576,13.06000,8.81404,5.05564,1.26518,6.39627,12.86000,8.77668,5.02581,1.24247,6.24441,12.29000,8.49644,5.07054,1.14359,5.79862,11.58000,7.89366,24.95506,33.98082
86-1,1783321396.200974,2026-07-06T14:03:16.200974,5.08833,1.26102,6.41651,12.86000,9.45645,5.05586,1.26029,6.37187,12.81000,9.41462,5.02758,1.21097,6.08827,11.98000,9.10598,5.07354,1.16337,5.90238,11.78000,8.48460,24.77903,36.46165
86-1,1783321396.301092,2026-07-06T14:03:16.301092,5.09154,1.20219,6.12097,12.26000,10.06927,5.05591,1.25932,6.36698,12.80000,10.05207,5.03037,1.16166,5.84356,11.49000,9.69103,5.07689,1.09720,5.57037,11.11000,9.04229,23.90188,38.85466
86-1,1783321396.401210,2026-07-06T14:03:16.401210,5.08822,1.26298,6.42632,12.88000,10.71266,5.04791,1.25932,6.35691,12.80000,10.68851,5.02181,1.24247,6.23944,12.29000,10.31571,5.07054,1.14359,5.79862,11.58000,9.62284,24.82129,41.33971
86-1,1783321396.501328,2026-07-06T14:03:16.501328,5.08422,1.26298,6.42126,12.88000,11.35554,5.04948,1.22465,6.18383,12.45000,11.30762,5.02581,1.24247,6.24441,12.29000,10.94089,5.07454,1.14359,5.80319,11.58000,10.20384,24.65269,43.80790
86-1,1783321396.601447,2026-07-06T14:03:16.601447,5.08390,1.26884,6.45065,12.94000,12.00138,5.04773,1.26322,6.37641,12.84000,11.94603,5.02638,1.23222,6.19359,12.19000,11.56099,5.07339,1.16630,5.91707,11.81000,10.79626,24.93772,46.30465
86-1,1783321396.701566,2026-07-06T14:03:16.701566,5.08325,1.28080,6.51063,13.06000,12.65321,5.05636,1.24931,6.31694,12.70000,12.57847,5.02541,1.24955,6.27949,12.36000,12.18968,5.07389,1.15653,5.86810,11.71000,11.38376,24.97516,48.80512
86-1,1783321396.801684,2026-07-06T14:03:16.801684,5.08401,1.26688,6.44085,12.92000,13.29806,5.05236,1.24931,6.31194,12.70000,13.21041,5.02586,1.24149,6.23957,12.28000,12.81437,5.07334,1.16727,5.92197,11.82000,11.97666,24.91433,51.29949
86-1,1783321396.901802,2026-07-06T14:03:16.901802,5.08401,1.26688,6.44085,12.92000,13.94290,5.05564,1.26518,6.39627,12.86000,13.85079,5.02586,1.24149,6.23957,12.28000,13.43907,5.06934,1.16727,5.91730,11.82000,12.56908,24.99399,53.80184
86-1,1783321397.001920,2026-07-06T14:03:17.001920,5.09217,1.26395,6.43627,12.89000,14.58729,5.05578,1.26225,6.38163,12.83000,14.48971,5.02935,1.25053,6.28934,12.37000,14.06874,5.07339,1.16630,5.91707,11.81000,13.16149,25.02431,56.30723
86-1,1783321397.102038,2026-07-06T14:03:17.102038,5.09104,1.28471,6.54049,13.10000,15.24211,5.05569,1.26420,6.39139,12.85000,15.12960,5.02952,1.24760,6.27481,12.34000,14.69696,5.07364,1.16141,5.89259,11.76000,13.75144,25.09928,58.82012
86-1,1783321397.202157,2026-07-06T14:03:17.202157,5.08806,1.26591,6.44102,12.91000,15.88698,5.05169,1.26420,6.38634,12.85000,15.76900,5.02535,1.25053,6.28433,12.37000,15.32615,5.07314,1.17118,5.94156,11.86000,14.34631,25.05325,61.32844
86-1,1783321397.302276,2026-07-06T14:03:17.302276,5.08806,1.26591,6.44102,12.91000,16.53185,5.04751,1.26811,6.40077,12.89000,16.40983,5.03735,1.25053,6.29934,12.37000,15.95683,5.07410,1.15238,5.84728,11.67000,14.93173,24.98841,63.83024
86-1,1783321397.402394,2026-07-06T14:03:17.402394,5.08401,1.26688,6.44085,12.92000,17.17670,5.04805,1.25614,6.34107,12.77000,17.04469,5.03375,1.24345,6.25920,12.30000,16.58349,5.07010,1.15238,5.84267,11.67000,15.51669,24.88379,66.32157
86-1,1783321397.502513,2026-07-06T14:03:17.502513,5.08609,1.22880,6.24977,12.53000,17.80241,5.04876,1.24052,6.26307,12.61000,17.67174,5.03666,1.19193,6.00335,11.79000,17.18454,5.07525,1.12967,5.73337,11.44000,16.09071,24.24956,68.74940
86-1,1783321397.602630,2026-07-06T14:03:17.602630,5.08277,1.28959,6.55469,13.15000,18.45865,5.05276,1.24052,6.26803,12.61000,18.29928,5.02524,1.25248,6.29401,12.39000,17.81467,5.07319,1.17020,5.93666,11.85000,16.68507,25.05339,71.25767
86-1,1783321397.702748,2026-07-06T14:03:17.702748,5.09077,1.28959,6.56501,13.15000,19.11593,5.05147,1.26908,6.41072,12.90000,18.94111,5.02524,1.25248,6.29401,12.39000,18.44482,5.07299,1.17411,5.95624,11.89000,17.28139,25.22598,73.78324
86-1,1783321397.802867,2026-07-06T14:03:17.802867,5.08454,1.25712,6.39187,12.82000,19.75588,5.05245,1.24735,6.30219,12.68000,19.57208,5.02535,1.25053,6.28433,12.37000,19.07400,5.06899,1.17411,5.95155,11.89000,17.87726,24.92994,76.27921
86-1,1783321397.902986,2026-07-06T14:03:17.902986,5.08368,1.27299,6.47146,12.98000,20.40379,5.04733,1.27201,6.42027,12.93000,20.21487,5.02924,1.25248,6.29902,12.39000,19.70465,5.07415,1.15140,5.84238,11.66000,18.46219,25.03313,78.78550
86-1,1783321398.003103,2026-07-06T14:03:18.003103,5.08283,1.28861,6.54980,13.14000,21.05953,5.04733,1.27201,6.42027,12.93000,20.85764,5.03111,1.21928,6.13431,12.06000,20.31880,5.07309,1.17215,5.94645,11.87000,19.05753,25.05083,81.29350
86-1,1783321398.103220,2026-07-06T14:03:18.103220,5.08773,1.27201,6.47165,12.97000,21.70746,5.05489,1.19340,6.03249,12.13000,21.46160,5.01884,1.22416,6.14385,12.11000,20.93391,5.07339,1.16630,5.91707,11.81000,19.64993,24.56506,83.75290
86-1,1783321398.203340,2026-07-06T14:03:18.203340,5.08773,1.27201,6.47165,12.97000,22.35540,5.05124,1.27396,6.43511,12.95000,22.10588,5.02684,1.22416,6.15365,12.11000,21.55001,5.07339,1.16630,5.91707,11.81000,20.24235,24.97748,86.25364
86-1,1783321398.303459,2026-07-06T14:03:18.303459,5.08677,1.28959,6.55985,13.15000,23.01217,5.05578,1.26225,6.38163,12.83000,22.74480,5.02535,1.25053,6.28433,12.37000,22.17919,5.07304,1.17313,5.95135,11.88000,20.83819,25.17716,88.77435
86-1,1783321398.403577,2026-07-06T14:03:18.403577,5.08731,1.27982,6.51086,13.05000,23.66402,5.05178,1.26225,6.37658,12.83000,23.38322,5.02535,1.25053,6.28433,12.37000,22.80836,5.07299,1.17411,5.95624,11.89000,21.43452,25.12801,91.29012
86-1,1783321398.503695,2026-07-06T14:03:18.503695,5.09141,1.27787,6.50617,13.03000,24.31540,5.04733,1.27201,6.42027,12.93000,24.02600,5.03031,1.23344,6.20457,12.20000,23.42955,5.07389,1.15653,5.86810,11.71000,22.02202,24.99911,93.79297
86-1,1783321398.603815,2026-07-06T14:03:18.603815,5.09141,1.27787,6.50617,13.03000,24.96680,5.04854,1.24540,6.28745,12.66000,24.65550,5.02231,1.23344,6.19470,12.20000,24.04976,5.07704,1.17313,5.95604,11.88000,22.61834,24.94436,96.29040
86-1,1783321398.703933,2026-07-06T14:03:18.703933,5.08256,1.29350,6.57427,13.19000,25.62500,5.05133,1.27201,6.42535,12.93000,25.29879,5.02524,1.25248,6.29401,12.39000,24.67991,5.07304,1.17313,5.95135,11.88000,23.21418,25.24498,98.81788
86-1,1783321398.804052,2026-07-06T14:03:18.804052,5.08245,1.29545,6.58406,13.21000,26.28420,5.05533,1.27201,6.43044,12.93000,25.94260,5.02524,1.25248,6.29401,12.39000,25.31006,5.07304,1.17313,5.95135,11.88000,23.81002,25.25986,101.34688
86-1,1783321398.904172,2026-07-06T14:03:18.904172,5.08790,1.26884,6.45572,12.94000,26.93054,5.05520,1.27494,6.44508,12.96000,26.58788,5.01849,1.23026,6.17406,12.17000,25.92821,5.07278,1.17826,5.97705,11.93000,24.40844,25.05191,103.85507
86-1,1783321399.004290,2026-07-06T14:03:19.004290,5.08790,1.26884,6.45572,12.94000,27.57688,5.05645,1.24735,6.30718,12.68000,27.21935,5.02249,1.23026,6.17898,12.17000,26.54683,5.06924,1.16923,5.92709,11.84000,25.00185,24.86897,106.34491
86-1,1783321399.104408,2026-07-06T14:03:19.104408,5.08773,1.27201,6.47165,12.97000,28.22480,5.05111,1.27689,6.44974,12.98000,27.86508,5.02918,1.25346,6.30386,12.40000,27.17796,5.07724,1.16923,5.93644,11.84000,25.59620,25.16169,108.86404
86-1,1783321399.204526,2026-07-06T14:03:19.204526,5.09467,1.29154,6.57998,13.17000,28.88358,5.04311,1.27689,6.43952,12.98000,28.50980,5.02906,1.25565,6.31476,12.42000,27.81019,5.07288,1.17631,5.96726,11.91000,26.19363,25.30152,111.39719
86-1,1783321399.304645,2026-07-06T14:03:19.304645,5.09424,1.29936,6.61923,13.25000,29.54629,5.05520,1.27494,6.44508,12.96000,29.15506,5.02604,1.23832,6.22384,12.25000,28.43331,5.07278,1.17826,5.97705,11.93000,26.79204,25.26520,113.92670
86-1,1783321399.404764,2026-07-06T14:03:19.404764,5.07996,1.26786,6.44068,12.93000,30.19112,5.05610,1.25517,6.34624,12.76000,29.79044,5.02604,1.23832,6.22384,12.25000,29.05643,5.07659,1.18216,6.00136,11.97000,27.39289,25.01212,116.43089
86-1,1783321399.504882,2026-07-06T14:03:19.504882,5.09596,1.26786,6.46097,12.93000,30.83798,5.05111,1.27689,6.44974,12.98000,30.43618,5.01679,1.26054,6.32384,12.47000,29.68956,5.06859,1.18216,5.99190,11.97000,27.99279,25.22645,118.95651
86-1,1783321399.605000,2026-07-06T14:03:19.605000,5.08529,1.24345,6.32328,12.68000,31.47106,5.06711,1.27689,6.47017,12.98000,31.08396,5.02037,1.19706,6.00967,11.84000,30.29124,5.07149,1.12479,5.70437,11.39000,28.56390,24.50749,121.41016
86-1,1783321399.705118,2026-07-06T14:03:19.705118,5.08277,1.28959,6.55469,13.15000,32.12730,5.05511,1.27689,6.45484,12.98000,31.73021,5.02090,1.25858,6.31922,12.45000,30.92391,5.06869,1.18021,5.98212,11.95000,29.16282,25.31087,123.94423
86-1,1783321399.805238,2026-07-06T14:03:19.805238,5.08720,1.28178,6.52066,13.07000,32.78015,5.05480,1.28373,6.48900,13.05000,32.37988,5.02890,1.25858,6.32928,12.45000,31.55759,5.06854,1.18314,5.99680,11.98000,29.76321,25.33574,126.48084
86-1,1783321399.905356,2026-07-06T14:03:19.905356,5.07920,1.28178,6.51040,13.07000,33.43196,5.05529,1.27299,6.43532,12.94000,33.02418,5.02472,1.26176,6.33997,12.48000,32.19234,5.07254,1.18314,6.00153,11.98000,30.36408,25.28722,129.01255
86-1,1783321400.005475,2026-07-06T14:03:20.005475,5.08299,1.28568,6.53511,13.11000,34.08625,5.06729,1.27299,6.45060,12.94000,33.67001,5.02564,1.24540,6.25893,12.32000,32.81898,5.07678,1.17826,5.98176,11.93000,30.96297,25.22640,131.53820
86-1,1783321400.105594,2026-07-06T14:03:20.105594,5.08304,1.28471,6.53022,13.10000,34.74004,5.04311,1.27689,6.43952,12.98000,34.31472,5.02495,1.25761,6.31941,12.44000,33.45167,5.07294,1.17508,5.96114,11.90000,31.55979,25.25029,134.06623
86-1,1783321400.205713,2026-07-06T14:03:20.205713,5.08715,1.28275,6.52556,13.08000,35.39337,5.04302,1.27885,6.44926,13.00000,34.96041,5.02095,1.25761,6.31438,12.44000,34.08386,5.07249,1.18412,6.00642,11.99000,32.16114,25.29562,136.59879
86-1,1783321400.305831,2026-07-06T14:03:20.305831,5.09515,1.28275,6.53582,13.08000,36.04773,5.05494,1.28080,6.47437,13.02000,35.60862,5.02479,1.26054,6.33393,12.47000,34.71800,5.07249,1.18412,6.00642,11.99000,32.76250,25.35054,139.13686
87-1,1783321400.405949,2026-07-06T14:03:20.405949,5.08683,1.28861,6.55495,13.14000,0.65626,5.04694,1.28080,6.46412,13.02000,0.64717,5.02461,1.26371,6.34965,12.50000,0.63571,5.07649,1.18412,6.01116,11.99000,0.60182,25.37988,2.54096
87-1,1783321400.506069,2026-07-06T14:03:20.506069,5.09250,1.18461,6.03261,12.08000,1.26025,5.05036,1.20511,6.08627,12.25000,1.25653,5.02610,1.30815,6.57487,12.94000,1.29399,5.07084,1.13773,5.76925,11.52000,1.17944,24.46300,4.99021
87-1,1783321400.606187,2026-07-06T14:03:20.606187,5.08613,1.30131,6.61863,13.27000,1.92290,5.04430,1.33891,6.75386,13.61000,1.93271,5.01810,1.30815,6.56440,12.94000,1.95120,5.06579,1.23734,6.26812,12.53000,1.80699,26.20501,7.61381
87-1,1783321400.706306,2026-07-06T14:03:20.706306,5.09709,1.17386,5.98329,11.97000,2.52193,5.08444,0.89431,4.54708,9.09000,2.38796,5.02992,1.24052,6.23969,12.27000,2.57591,5.10270,0.82473,4.20836,8.35000,2.22833,20.97842,9.71414
87-1,1783321400.806424,2026-07-06T14:03:20.806424,5.09309,1.17386,5.97859,11.97000,3.12050,5.05644,0.89431,4.52204,9.09000,2.84070,5.03277,1.18998,5.98888,11.77000,3.17551,5.07470,0.82473,4.18527,8.35000,2.64735,20.67478,11.78405
87-1,1783321400.906542,2026-07-06T14:03:20.906542,5.08438,1.26005,6.40657,12.85000,3.76191,5.05596,1.25810,6.36088,12.79000,3.47754,5.03038,1.23222,6.19852,12.19000,3.79609,5.07369,1.16044,5.88769,11.75000,3.23681,24.85366,14.27235
87-1,1783321401.006663,2026-07-06T14:03:21.006663,5.08320,1.28178,6.51553,13.07000,4.41425,5.05676,1.24052,6.27299,12.61000,4.10559,5.02735,1.21512,6.10886,12.02000,4.40771,5.07379,1.15848,5.87789,11.73000,3.82531,24.77527,16.75287
87-1,1783321401.106781,2026-07-06T14:03:21.106781,5.08341,1.27787,6.49595,13.03000,5.06462,5.05302,1.23466,6.23875,12.55000,4.73021,5.02735,1.21512,6.10886,12.02000,5.01933,5.07015,1.15140,5.83778,11.66000,4.40978,24.68134,19.22394
87-1,1783321401.206900,2026-07-06T14:03:21.206900,5.08741,1.27787,6.50106,13.03000,5.71549,5.05302,1.23466,6.23875,12.55000,5.35482,5.02649,1.23026,6.18391,12.17000,5.63845,5.07015,1.15140,5.83778,11.66000,4.99425,24.76150,21.70302
87-1,1783321401.307018,2026-07-06T14:03:21.307018,5.08678,1.21610,6.18604,12.40000,6.33483,5.05036,1.20511,6.08627,12.25000,5.96417,5.02791,1.20511,6.05921,11.92000,6.24509,5.07609,1.11307,5.65005,11.27000,5.55992,23.98157,24.10401
87-1,1783321401.407135,2026-07-06T14:03:21.407135,5.08513,1.24638,6.33798,12.71000,6.96937,5.04867,1.24247,6.27282,12.63000,6.59218,5.02581,1.24247,6.24441,12.29000,6.87026,5.07374,1.15946,5.88279,11.74000,6.14889,24.73800,26.58070
87-1,1783321401.507253,2026-07-06T14:03:21.507253,5.09083,1.21512,6.18600,12.39000,7.58870,5.05432,1.20609,6.09597,12.26000,7.20250,5.02981,1.24247,6.24938,12.29000,7.49593,5.07525,1.12967,5.73337,11.44000,6.72291,24.26472,29.01005
87-1,1783321401.607372,2026-07-06T14:03:21.607372,5.08683,1.21512,6.18114,12.39000,8.20755,5.05432,1.20609,6.09597,12.26000,7.81282,5.03231,1.19803,6.02889,11.85000,8.09954,5.06998,1.15458,5.85368,11.69000,7.30897,24.15968,31.42888
87-1,1783321401.707490,2026-07-06T14:03:21.707490,5.09244,1.25907,6.41174,12.84000,8.84948,5.05214,1.25419,6.33634,12.75000,8.44721,5.03397,1.16874,5.88338,11.56000,8.68857,5.07798,1.15458,5.86292,11.69000,7.89595,24.49438,33.88121
87-1,1783321401.807610,2026-07-06T14:03:21.807610,5.09163,1.27396,6.48655,12.99000,9.49891,5.05196,1.25810,6.35585,12.79000,9.08356,5.02198,1.23930,6.22372,12.26000,9.31169,5.07509,1.13285,5.74930,11.47000,8.47158,24.81542,36.36574
87-1,1783321401.907729,2026-07-06T14:03:21.907729,5.09190,1.26884,6.46080,12.94000,10.14576,5.05591,1.25932,6.36698,12.80000,9.72101,5.02198,1.23930,6.22372,12.26000,9.93480,5.07349,1.16434,5.90728,11.79000,9.06301,24.95878,38.86458
87-1,1783321402.007847,2026-07-06T14:03:22.007847,5.08320,1.28178,6.51553,13.07000,10.79809,5.04791,1.25932,6.35691,12.80000,10.35745,5.03078,1.22514,6.16339,12.12000,10.55187,5.06994,1.15555,5.85858,11.70000,9.64956,24.89441,41.35697
87-1,1783321402.107966,2026-07-06T14:03:22.107966,5.08720,1.28178,6.52066,13.07000,11.45093,5.05223,1.25224,6.32658,12.73000,10.99086,5.02981,1.24247,6.24938,12.29000,11.17755,5.07394,1.15555,5.86320,11.70000,10.23657,24.95982,43.85592
87-1,1783321402.208083,2026-07-06T14:03:22.208083,5.09131,1.27982,6.51598,13.05000,12.10329,5.05186,1.26029,6.36683,12.81000,11.62829,5.01958,1.21097,6.07859,11.98000,11.78612,5.06949,1.16434,5.90262,11.79000,10.82753,24.86402,46.34523
87-1,1783321402.308203,2026-07-06T14:03:22.308203,5.09168,1.27299,6.48165,12.98000,12.75223,5.04925,1.22977,6.20943,12.50000,12.24998,5.03158,1.21097,6.09312,11.98000,12.39616,5.06954,1.16337,5.89773,11.78000,11.41800,24.68193,48.81637
87-1,1783321402.408321,2026-07-06T14:03:22.408321,5.08693,1.28666,6.54515,13.12000,13.40752,5.04925,1.22977,6.20943,12.50000,12.87165,5.03009,1.23734,6.22395,12.24000,13.01930,5.07349,1.16434,5.90728,11.79000,12.00943,24.88581,51.30790
87-1,1783321402.508439,2026-07-06T14:03:22.508439,5.08693,1.28666,6.54515,13.12000,14.06280,5.05178,1.26225,6.37658,12.83000,13.51006,5.03146,1.21317,6.10402,12.00000,13.63042,5.07349,1.16434,5.90728,11.79000,12.60086,24.93303,53.80414
87-1,1783321402.608557,2026-07-06T14:03:22.608557,5.08296,1.13944,5.79173,11.62000,14.64266,5.06327,1.00833,5.10546,10.25000,14.02121,5.05509,0.86526,4.37398,8.56000,14.06833,5.07370,1.08133,5.48635,10.95000,13.15014,20.75752,55.88235
87-1,1783321402.708675,2026-07-06T14:03:22.708675,5.09831,0.85818,4.37527,8.75000,15.08070,5.06026,0.89822,4.54523,9.13000,14.47627,5.04709,0.86526,4.36705,8.56000,14.50555,5.07856,0.82766,4.20333,8.38000,13.57097,17.49088,57.63349
87-1,1783321402.808793,2026-07-06T14:03:22.808793,5.06465,1.25517,6.35697,12.80000,15.71715,5.06026,0.89822,4.54523,9.13000,14.93133,5.03665,0.97952,4.93351,9.69000,14.99948,5.06149,1.16434,5.89331,11.79000,14.16099,21.72902,59.80895
87-1,1783321402.908911,2026-07-06T14:03:22.908911,5.08865,1.25517,6.38710,12.80000,16.35661,5.05241,1.24833,6.30707,12.69000,15.56278,5.02186,1.24149,6.23460,12.28000,15.62368,5.07344,1.16532,5.91217,11.80000,14.75291,24.84094,62.29598
87-1,1783321403.009029,2026-07-06T14:03:23.009029,5.08731,1.27982,6.51086,13.05000,17.00847,5.05191,1.25932,6.36195,12.80000,16.19973,5.02706,1.22025,6.13428,12.07000,16.23783,5.07344,1.16532,5.91217,11.80000,15.34482,24.91926,64.79086
87-1,1783321403.109147,2026-07-06T14:03:23.109147,5.08715,1.28275,6.52556,13.08000,17.66180,5.05641,1.24833,6.31206,12.69000,16.83168,5.02706,1.22025,6.13428,12.07000,16.85199,5.06944,1.16532,5.90751,11.80000,15.93627,24.87941,67.28174
87-1,1783321403.209265,2026-07-06T14:03:23.209265,5.08497,1.24931,6.35268,12.74000,18.29781,5.05241,1.24833,6.30707,12.69000,17.46313,5.02992,1.24052,6.23969,12.27000,17.47669,5.06949,1.16434,5.90262,11.79000,16.52723,24.80206,69.76486
87-1,1783321403.309385,2026-07-06T14:03:23.309385,5.08497,1.24931,6.35268,12.74000,18.93384,5.05573,1.26322,6.38651,12.84000,18.10255,5.02964,1.24540,6.26391,12.32000,18.10383,5.07374,1.15946,5.88279,11.74000,17.11622,24.88589,72.25645
87-1,1783321403.409503,2026-07-06T14:03:23.409503,5.08747,1.27689,6.49616,13.02000,19.58423,5.05245,1.24735,6.30219,12.68000,18.73351,5.03381,1.24247,6.25435,12.29000,18.73001,5.07374,1.15946,5.88279,11.74000,17.70519,24.93549,74.75294
87-1,1783321403.509620,2026-07-06T14:03:23.509620,5.08357,1.27494,6.48126,13.00000,20.23311,5.05155,1.26713,6.40097,12.88000,19.37436,5.02581,1.24247,6.24441,12.29000,19.35518,5.07324,1.16923,5.93176,11.84000,18.29906,25.05840,77.26171
87-1,1783321403.609738,2026-07-06T14:03:23.609738,5.08540,1.24149,6.31348,12.66000,20.86520,5.05401,1.21293,6.13015,12.88000,19.98809,5.02586,1.24149,6.23957,12.28000,19.97987,5.07569,1.12088,5.68926,11.35000,18.86865,24.37246,79.70182
87-1,1783321403.709857,2026-07-06T14:03:23.709857,5.08486,1.25126,6.36248,12.76000,21.50221,5.05801,1.21293,6.13500,12.33000,20.60232,5.02518,1.25346,6.29885,12.40000,20.61050,5.06519,1.17020,5.92730,11.85000,19.46209,24.72363,82.17712
87-1,1783321403.809975,2026-07-06T14:03:23.809975,5.08886,1.25126,6.36749,12.76000,22.13971,5.05241,1.24833,6.30707,12.69000,21.23378,5.03449,1.23026,6.19375,12.17000,21.23061,5.07319,1.17020,5.93666,11.85000,20.05646,24.80497,84.66056
87-1,1783321403.910092,2026-07-06T14:03:23.910092,5.08283,1.28861,6.54980,13.14000,22.79545,5.05151,1.26811,6.40585,12.89000,21.87511,5.02249,1.23026,6.17898,12.17000,21.84923,5.07324,1.16923,5.93176,11.84000,20.65033,25.06639,87.17012
87-1,1783321404.010210,2026-07-06T14:03:24.010210,5.08347,1.27689,6.49105,13.02000,23.44533,5.05218,1.25321,6.33146,12.74000,22.50901,5.02958,1.24638,6.26875,12.33000,22.47685,5.06959,1.16239,5.89283,11.77000,21.24031,24.98409,89.67148
87-1,1783321404.110329,2026-07-06T14:03:24.110329,5.08428,1.26200,6.41637,12.87000,24.08772,5.05218,1.25321,6.33146,12.74000,23.14290,5.03369,1.24442,6.26404,12.31000,23.10399,5.06888,1.17631,5.96255,11.91000,21.83727,24.97442,92.17189
87-1,1783321404.210446,2026-07-06T14:03:24.210446,5.08428,1.26200,6.41637,12.87000,24.73011,5.05551,1.26811,6.41092,12.89000,23.78475,5.03364,1.24540,6.26889,12.32000,23.73162,5.07319,1.17020,5.93666,11.85000,22.43163,25.03284,94.67811
87-1,1783321404.310564,2026-07-06T14:03:24.310564,5.07990,1.26884,6.44557,12.94000,25.37543,5.05529,1.27299,6.43532,12.94000,24.42904,5.03220,1.12918,5.68228,11.17000,24.30052,5.07719,1.17020,5.94134,11.85000,23.02647,24.50451,97.13146
87-1,1783321404.410681,2026-07-06T14:03:24.410681,5.08349,1.20316,6.11626,12.27000,25.98777,5.05214,1.25419,6.33634,12.75000,25.06341,5.02820,1.12918,5.67777,11.17000,24.86896,5.07919,1.05179,5.34225,10.65000,23.56132,23.47262,99.48147
87-1,1783321404.510799,2026-07-06T14:03:24.510799,5.09125,1.28080,6.52088,13.06000,26.64063,5.04814,1.25419,6.33132,12.75000,25.69729,5.03038,1.23222,6.19852,12.19000,25.48954,5.07304,1.17313,5.95135,11.88000,24.15716,25.00207,101.98463
87-1,1783321404.610917,2026-07-06T14:03:24.610917,5.08725,1.28080,6.51576,13.06000,27.29297,5.05138,1.27103,6.42048,12.92000,26.34010,5.02918,1.25346,6.30386,12.40000,26.12067,5.07294,1.17508,5.96114,11.90000,24.75397,25.20124,104.50771
87-1,1783321404.711035,2026-07-06T14:03:24.711035,5.08401,1.26688,6.44085,12.92000,27.93782,5.05138,1.27103,6.42048,12.92000,26.98290,5.01712,1.25468,6.29486,12.41000,26.75090,5.06894,1.17508,5.95644,11.90000,25.35032,25.11263,107.02193
87-1,1783321404.811152,2026-07-06T14:03:24.811152,5.08357,1.27494,6.48126,13.00000,28.58671,5.05538,1.27103,6.42556,12.92000,27.62621,5.02912,1.25468,6.30992,12.41000,27.38263,5.06883,1.17728,5.96745,11.92000,25.94776,25.18419,109.54331
87-1,1783321404.911270,2026-07-06T14:03:24.911270,5.08341,1.27787,6.49595,13.03000,29.23706,5.05138,1.27103,6.42048,12.92000,28.26901,5.02604,1.23832,6.22384,12.25000,28.00575,5.06919,1.17020,5.93198,11.85000,26.54166,25.07225,112.05348
87-1,1783321405.011387,2026-07-06T14:03:25.011387,5.07861,1.29252,6.56421,13.18000,29.89426,5.04324,1.27396,6.42492,12.95000,28.91226,5.02506,1.25565,6.30974,12.42000,28.63746,5.07288,1.17631,5.96726,11.91000,27.13908,25.26613,114.58306
87-1,1783321405.111506,2026-07-06T14:03:25.111506,5.08261,1.29252,6.56938,13.18000,30.55197,5.04373,1.26322,6.37135,12.84000,29.55015,5.03295,1.25761,6.32947,12.44000,29.27116,5.07288,1.17631,5.96726,11.91000,27.73652,25.23746,117.10980
87-1,1783321405.211623,2026-07-06T14:03:25.211623,5.07547,1.27689,6.48083,13.02000,31.20082,5.05663,1.24345,6.28764,12.64000,30.17965,5.03295,1.25761,6.32947,12.44000,29.90485,5.07273,1.17924,5.98195,11.94000,28.33542,25.07989,119.62074
87-1,1783321405.311741,2026-07-06T14:03:25.311741,5.07590,1.26884,6.44050,12.94000,31.84563,5.05663,1.24345,6.28764,12.64000,30.80916,5.02152,1.24760,6.26483,12.34000,30.53207,5.07304,1.17313,5.95135,11.88000,28.93125,24.94432,122.11810
87-1,1783321405.411859,2026-07-06T14:03:25.411859,5.09483,1.28861,6.56526,13.14000,32.50293,5.05196,1.25810,6.35585,12.79000,31.44549,5.02106,1.25565,6.30471,12.42000,31.16329,5.06878,1.17826,5.97234,11.93000,29.52919,25.19816,124.64090
87-1,1783321405.511976,2026-07-06T14:03:25.511976,5.07883,1.28861,6.54464,13.14000,33.15816,5.05129,1.27299,6.43023,12.94000,32.08927,5.02941,1.24955,6.28449,12.36000,31.79247,5.06483,1.17728,5.96274,11.92000,30.12616,25.22210,127.16606
87-1,1783321405.612094,2026-07-06T14:03:25.612094,5.09168,1.27299,6.48165,12.98000,33.80709,5.05511,1.27689,6.45484,12.98000,32.73551,5.03741,1.24955,6.29449,12.36000,32.42266,5.07283,1.17728,5.97216,11.92000,30.72408,25.20314,129.68934
87-1,1783321405.712213,2026-07-06T14:03:25.712213,5.09109,1.28373,6.53559,13.09000,34.46142,5.04311,1.27689,6.43952,12.98000,33.38023,5.02541,1.24955,6.27949,12.36000,33.05136,5.07659,1.18216,6.00136,11.97000,31.32493,25.25596,132.21794
87-1,1783321405.812331,2026-07-06T14:03:25.812331,5.09093,1.28666,6.55030,13.12000,35.11722,5.05596,1.25810,6.36088,12.79000,34.01707,5.02472,1.26176,6.33997,12.48000,33.68610,5.07654,1.18314,6.00626,11.98000,31.92627,25.25741,134.74666
87-1,1783321405.912448,2026-07-06T14:03:25.912448,5.08693,1.28666,6.54515,13.12000,35.77251,5.05507,1.27787,6.45972,12.99000,34.66380,5.02072,1.26176,6.33493,12.48000,34.32034,5.07283,1.17728,5.97216,11.92000,32.52418,25.31196,137.28084
87-1,1783321406.012567,2026-07-06T14:03:26.012567,5.07893,1.28666,6.53486,13.12000,36.42677,5.05494,1.28080,6.47437,13.02000,35.31200,5.02872,1.26176,6.34502,12.48000,34.95559,5.07683,1.17728,5.97686,11.92000,33.12258,25.33111,139.81694
87-1,1783321406.112686,2026-07-06T14:03:26.112686,5.07883,1.28861,6.54464,13.14000,37.08201,5.04294,1.28080,6.45900,13.02000,35.95868,5.02855,1.26469,6.35954,12.51000,35.59231,5.06504,1.17313,5.94196,11.88000,33.71748,25.30514,142.35048
87-1,1783321406.212805,2026-07-06T14:03:26.212805,5.08715,1.28275,6.52556,13.08000,37.73534,5.04307,1.27787,6.44439,12.99000,36.60388,5.02958,1.24638,6.26875,12.33000,36.21992,5.06454,1.18314,5.99206,11.98000,34.31740,25.23076,144.87654
88-1,1783321406.312936,2026-07-06T14:03:26.312936,5.09029,1.29838,6.60913,13.24000,0.66178,5.04561,1.22172,6.16431,12.42000,0.61724,5.03330,1.25150,6.29918,12.38000,0.63075,5.07553,1.20292,6.10545,12.18000,0.61135,25.17807,2.52112
88-1,1783321406.413053,2026-07-06T14:03:26.413053,5.08229,1.29838,6.59875,13.24000,1.32243,5.04782,1.34965,6.81279,13.72000,1.29932,5.02530,1.25150,6.28917,12.38000,1.26040,5.06753,1.20292,6.09583,12.18000,1.22164,25.79654,5.10379
88-1,1783321406.513172,2026-07-06T14:03:26.513172,5.08420,1.33671,6.79611,13.63000,2.00285,5.06382,1.34965,6.83438,13.72000,1.98357,5.02975,1.31425,6.61035,13.00000,1.92222,5.07279,1.25712,6.37709,12.73000,1.86011,26.61793,7.76875
88-1,1783321406.613292,2026-07-06T14:03:26.613292,5.09191,1.19535,6.08661,12.19000,2.61224,5.05941,1.00540,5.08674,10.22000,2.49285,5.04122,1.11112,5.60139,10.99000,2.48303,5.08380,1.03983,5.28627,10.53000,2.38937,22.06101,9.97749
88-1,1783321406.713410,2026-07-06T14:03:26.713410,5.08854,1.25712,6.39690,12.82000,3.25269,5.04791,1.25932,6.35691,12.80000,3.12930,5.02318,1.21805,6.11851,12.05000,3.09561,5.07364,1.16141,5.89259,11.76000,2.97933,24.76491,12.45692
88-1,1783321406.813529,2026-07-06T14:03:26.813529,5.08854,1.25712,6.39690,12.82000,3.89313,5.05610,1.25517,6.34624,12.76000,3.76467,5.02718,1.21805,6.12338,12.05000,3.70867,5.07764,1.16141,5.89723,11.76000,3.56975,24.76375,14.93623
88-1,1783321406.913647,2026-07-06T14:03:26.913647,5.08449,1.25810,6.39677,12.83000,4.53357,5.05210,1.25517,6.34122,12.76000,4.39954,5.03004,1.23832,6.22879,12.25000,4.33228,5.07379,1.15848,5.87789,11.73000,4.15823,24.84467,17.42362
88-1,1783321407.013764,2026-07-06T14:03:27.013764,5.08396,1.26786,6.44575,12.93000,5.17889,5.05618,1.25321,6.33647,12.74000,5.03393,5.02992,1.24052,6.23969,12.27000,4.95698,5.06979,1.15848,5.87326,11.73000,4.74625,24.89517,19.91605
88-1,1783321407.113894,2026-07-06T14:03:27.113894,5.08854,1.25712,6.39690,12.82000,5.81942,5.05685,1.23856,6.26323,12.59000,5.66107,5.03015,1.23637,6.21911,12.23000,5.57970,5.06984,1.15751,5.86837,11.72000,5.33385,24.74761,22.39404
88-1,1783321407.214012,2026-07-06T14:03:27.214012,5.08454,1.25712,6.39187,12.82000,6.45936,5.06094,1.23661,6.25840,12.57000,6.28765,5.02615,1.23637,6.21416,12.23000,6.20185,5.07364,1.16141,5.89259,11.76000,5.92380,24.75702,24.87266
88-1,1783321407.314130,2026-07-06T14:03:27.314130,5.08454,1.25712,6.39187,12.82000,7.09930,5.04894,1.23661,6.24357,12.57000,6.91274,5.02626,1.23441,6.20448,12.21000,6.82303,5.07364,1.16141,5.89259,11.76000,6.51376,24.73251,27.34883
88-1,1783321407.414249,2026-07-06T14:03:27.414249,5.08412,1.26493,6.43106,12.90000,7.74317,5.05623,1.25224,6.33159,12.73000,7.54666,5.02689,1.22318,6.14881,12.10000,7.43865,5.07384,1.15751,5.87300,11.72000,7.10176,24.78446,29.83023
89-1,1783321407.514375,2026-07-06T14:03:27.514375,5.09245,1.18558,6.03752,12.09000,0.60451,5.05591,1.25932,6.36698,12.80000,0.63750,5.02524,1.18168,5.93820,11.69000,0.59457,5.07364,1.16141,5.89259,11.76000,0.59000,24.23529,2.42659
89-1,1783321407.614494,2026-07-06T14:03:27.614494,5.06992,1.30522,6.61734,12.09000,1.26703,5.04483,1.32719,6.69545,13.49000,1.30784,5.02124,1.18168,5.93348,11.69000,1.18862,5.06663,1.22074,6.18504,12.36000,1.20924,25.43131,4.97273
89-1,1783321407.714613,2026-07-06T14:03:27.714613,5.07792,1.30522,6.62778,13.31000,1.93060,5.04483,1.32719,6.69545,13.49000,1.97818,5.01444,1.16044,5.81893,11.48000,1.77121,5.06263,1.22074,6.18016,12.36000,1.82799,25.32232,7.50799
89-1,1783321407.814734,2026-07-06T14:03:27.814734,5.08833,1.26102,6.41651,12.86000,2.57302,5.04916,1.23173,6.21918,12.52000,2.60085,5.02386,1.20609,6.05923,11.93000,2.37786,5.07059,1.14261,5.79372,11.57000,2.40806,24.48864,9.95980
89-1,1783321407.914852,2026-07-06T14:03:27.914852,5.08844,1.25907,6.40671,12.84000,3.21446,5.04907,1.23368,6.22894,12.54000,3.22448,5.02266,1.22733,6.16447,12.14000,2.99504,5.06979,1.15848,5.87326,11.73000,2.99609,24.67338,12.43007
89-1,1783321408.014971,2026-07-06T14:03:28.014971,5.08150,1.23954,6.29873,12.64000,3.84508,5.05201,1.25712,6.35097,12.78000,3.86033,5.03031,1.23344,6.20457,12.20000,3.61623,5.07789,1.15653,5.87272,11.71000,3.58405,24.72699,14.90570
89-1,1783321408.115096,2026-07-06T14:03:28.115096,5.08550,1.23954,6.30368,12.64000,4.47623,5.05601,1.25712,6.35600,12.78000,4.49673,5.02631,1.23344,6.19964,12.20000,4.23697,5.06989,1.15653,5.86347,11.71000,4.17114,24.72279,17.38108
89-1,1783321408.215207,2026-07-06T14:03:28.215207,5.08763,1.27396,6.48145,12.99000,5.12510,5.04818,1.25321,6.32645,12.74000,5.13008,5.02706,1.22025,6.13428,12.07000,4.85108,5.07079,1.13871,5.77414,11.53000,4.74919,24.71632,19.85545
89-1,1783321408.315325,2026-07-06T14:03:28.315325,5.08817,1.26395,6.43122,12.89000,5.76898,5.04938,1.22684,6.19480,12.47000,5.75029,5.02684,1.22416,6.15365,12.11000,5.46717,5.07769,1.16044,5.89233,11.75000,5.33912,24.67200,22.32557
89-1,1783321408.415443,2026-07-06T14:03:28.415443,5.08790,1.26884,6.45572,12.94000,6.41531,5.05218,1.25321,6.33146,12.74000,6.38418,5.02604,1.23832,6.22384,12.25000,6.09029,5.07844,1.14554,5.81757,11.60000,5.92156,24.82859,24.81135
89-1,1783321408.515562,2026-07-06T14:03:28.515562,5.09190,1.26884,6.46080,12.94000,7.06216,5.05218,1.25321,6.33146,12.74000,7.01808,5.03004,1.23832,6.22879,12.25000,6.71391,5.07769,1.16044,5.89233,11.75000,6.51149,24.91338,27.30564
89-1,1783321408.615680,2026-07-06T14:03:28.615680,5.08449,1.25810,6.39677,12.83000,7.70260,5.05601,1.25712,6.35600,12.78000,7.65443,5.02666,1.22733,6.16938,12.14000,7.33158,5.07769,1.16044,5.89233,11.75000,7.10143,24.81448,29.79003
89-1,1783321408.715799,2026-07-06T14:03:28.715799,5.08373,1.27201,6.46657,12.97000,8.35002,5.05667,1.24247,6.28276,12.63000,8.28345,5.02644,1.23124,6.18875,12.18000,7.95119,5.07364,1.16141,5.89259,11.76000,7.69138,24.83067,32.27603
89-1,1783321408.815917,2026-07-06T14:03:28.815917,5.08763,1.27396,6.48145,12.99000,8.99893,5.05205,1.25614,6.34609,12.77000,8.91881,5.03009,1.23734,6.22395,12.24000,8.57432,5.07384,1.15751,5.87300,11.72000,8.27938,24.92449,34.77143
89-1,1783321408.916035,2026-07-06T14:03:28.916035,5.08363,1.27396,6.47636,12.99000,9.64733,5.05605,1.25614,6.35112,12.77000,9.55467,5.02209,1.23734,6.21405,12.24000,9.19645,5.08154,1.16337,5.91169,11.78000,8.87124,24.95322,37.26969
89-1,1783321409.016153,2026-07-06T14:03:29.016153,5.09201,1.26688,6.45099,12.92000,10.29319,5.05191,1.25932,6.36195,12.80000,10.19162,5.02380,1.20707,6.06407,11.94000,9.80358,5.06954,1.16337,5.89773,11.78000,9.46171,24.77474,39.75009
89-1,1783321409.116270,2026-07-06T14:03:29.116270,5.08725,1.28080,6.51576,13.06000,10.94553,5.05329,1.22880,6.20947,12.49000,10.81329,5.02204,1.23832,6.21889,12.25000,10.42620,5.07344,1.16532,5.91217,11.80000,10.05362,24.85629,42.23864
89-1,1783321409.216388,2026-07-06T14:03:29.216388,5.08683,1.28861,6.55495,13.14000,11.60180,5.04778,1.26225,6.37153,12.83000,11.45120,5.03489,1.22318,6.15859,12.10000,11.04278,5.07364,1.16141,5.89259,11.76000,10.64358,24.97766,44.73935
89-1,1783321409.316506,2026-07-06T14:03:29.316506,5.09078,1.21610,6.19091,12.40000,12.22162,5.05578,1.26225,6.38163,12.83000,12.09011,5.03489,1.22318,6.15859,12.10000,11.65937,5.07760,1.08329,5.50049,10.97000,11.19427,24.23162,47.16537
89-1,1783321409.416624,2026-07-06T14:03:29.416624,5.09478,1.21610,6.19577,12.40000,12.84193,5.05113,1.18827,6.00209,12.08000,12.69103,5.02758,1.21097,6.08827,11.98000,12.26891,5.06960,1.08329,5.49182,10.97000,11.74410,23.77795,49.54597
89-1,1783321409.516742,2026-07-06T14:03:29.516742,5.08390,1.26884,6.45065,12.94000,13.48775,5.04854,1.24540,6.28745,12.66000,13.32052,5.02575,1.24345,6.24925,12.30000,12.89458,5.07339,1.16630,5.91707,11.81000,12.33651,24.90442,52.03936
89-1,1783321409.616860,2026-07-06T14:03:29.616860,5.08293,1.28666,6.54001,13.12000,14.14253,5.05169,1.26420,6.38634,12.85000,13.95991,5.03506,1.22025,6.14404,12.07000,13.50971,5.07394,1.15555,5.86320,11.70000,12.92352,24.93359,54.53566
89-1,1783321409.716978,2026-07-06T14:03:29.716978,5.08881,1.25224,6.37239,12.77000,14.78052,5.05569,1.26420,6.39139,12.85000,14.59980,5.02706,1.22025,6.13428,12.07000,14.12386,5.07334,1.16727,5.92197,11.82000,13.51642,24.82003,57.02059
89-1,1783321409.817096,2026-07-06T14:03:29.817096,5.08881,1.25224,6.37239,12.77000,15.41850,5.05173,1.26322,6.38146,12.84000,15.23870,5.03381,1.24247,6.25435,12.29000,14.75003,5.07344,1.16532,5.91217,11.80000,14.10833,24.92037,59.51556
89-1,1783321409.917214,2026-07-06T14:03:29.917214,5.08320,1.28178,6.51553,13.07000,16.07083,5.05138,1.27103,6.42048,12.92000,15.88150,5.03524,1.21708,6.12828,12.04000,15.36358,5.07344,1.16532,5.91217,11.80000,14.70024,24.97646,62.01615
89-1,1783321410.017331,2026-07-06T14:03:30.017331,5.08261,1.29252,6.56938,13.18000,16.72854,5.05569,1.26420,6.39139,12.85000,16.52139,5.02564,1.24540,6.25893,12.32000,15.99020,5.06994,1.15555,5.85858,11.70000,15.28679,25.07828,64.52692
89-1,1783321410.117450,2026-07-06T14:03:30.117450,5.08790,1.26884,6.45572,12.94000,17.37487,5.05169,1.26420,6.38634,12.85000,17.16078,5.02564,1.24540,6.25893,12.32000,16.61684,5.06919,1.17020,5.93198,11.85000,15.88069,25.03297,67.03318
89-1,1783321410.217568,2026-07-06T14:03:30.217568,5.08790,1.26884,6.45572,12.94000,18.02121,5.05542,1.27006,6.42068,12.91000,17.80361,5.02729,1.21610,6.11370,12.03000,17.22893,5.07359,1.16239,5.89748,11.77000,16.47114,24.88758,69.52489
89-1,1783321410.317685,2026-07-06T14:03:30.317685,5.08396,1.26786,6.44575,12.93000,18.66654,5.05564,1.26518,6.39627,12.86000,18.44398,5.02558,1.24638,6.26377,12.33000,17.85604,5.07759,1.16239,5.90213,11.77000,17.06204,25.00792,72.02860
89-1,1783321410.417802,2026-07-06T14:03:30.417802,5.08731,1.27982,6.51086,13.05000,19.31839,5.05124,1.27396,6.43511,12.95000,19.08825,5.02631,1.23344,6.19964,12.20000,18.47673,5.07334,1.16727,5.92197,11.82000,17.65493,25.06758,74.53830
89-1,1783321410.517920,2026-07-06T14:03:30.517920,5.08817,1.26395,6.43122,12.89000,19.96227,5.05524,1.27396,6.44020,12.95000,19.73303,5.02631,1.23344,6.19964,12.20000,19.09743,5.07329,1.16825,5.92687,11.83000,18.24832,24.99793,77.04105
89-1,1783321410.618038,2026-07-06T14:03:30.618038,5.08357,1.27494,6.48126,13.00000,20.61116,5.04778,1.26225,6.37153,12.83000,20.37093,5.02546,1.24857,6.27466,12.35000,19.72563,5.06949,1.16434,5.90262,11.79000,18.83927,25.03007,79.54699
89-1,1783321410.718157,2026-07-06T14:03:30.718157,5.08757,1.27494,6.48636,13.00000,21.26056,5.05072,1.19730,6.04723,12.17000,20.97637,5.02969,1.17362,5.90294,11.61000,20.31663,5.07349,1.16434,5.90728,11.79000,19.43071,24.34381,81.98427
89-1,1783321410.818274,2026-07-06T14:03:30.818274,5.08373,1.27201,6.46657,12.97000,21.90798,5.04342,1.27006,6.40544,12.91000,21.61767,5.01724,1.25248,6.28399,12.39000,20.94577,5.07314,1.17118,5.94156,11.86000,20.02556,25.09756,84.49698
89-1,1783321410.918393,2026-07-06T14:03:30.918393,5.08288,1.28764,6.54490,13.13000,22.56325,5.05542,1.27006,6.42068,12.91000,22.26050,5.02924,1.25248,6.29902,12.39000,21.57641,5.07405,1.15336,5.85218,11.68000,20.61147,25.11678,87.01163
89-1,1783321411.018511,2026-07-06T14:03:31.018511,5.08363,1.27396,6.47636,12.99000,23.21165,5.04863,1.24345,6.27770,12.64000,22.88901,5.02300,1.22123,6.13424,12.08000,22.19056,5.07299,1.17411,5.95624,11.89000,21.20780,24.84454,89.49901
89-1,1783321411.118628,2026-07-06T14:03:31.118628,5.09163,1.27396,6.48655,12.99000,23.86106,5.04733,1.27201,6.42027,12.93000,23.53179,5.02524,1.25248,6.29401,12.39000,22.82070,5.07309,1.17215,5.94645,11.87000,21.80314,25.14728,92.01670
89-1,1783321411.218746,2026-07-06T14:03:31.218746,5.08379,1.27103,6.46167,12.96000,24.50799,5.05133,1.27201,6.42535,12.93000,24.17508,5.02518,1.25346,6.29885,12.40000,23.45133,5.06909,1.17215,5.94176,11.87000,22.39802,25.12763,94.53242
89-1,1783321411.318864,2026-07-06T14:03:31.318864,5.08272,1.29057,6.55959,13.16000,25.16472,5.05133,1.27201,6.42535,12.93000,24.81837,5.03004,1.23832,6.22879,12.25000,24.07494,5.07294,1.17508,5.96114,11.90000,22.99483,25.17487,97.05287
89-1,1783321411.418981,2026-07-06T14:03:31.418981,5.08315,1.28275,6.52043,13.08000,25.81753,5.05151,1.26811,6.40585,12.89000,25.45971,5.03004,1.23832,6.22879,12.25000,24.69855,5.07324,1.16923,5.93176,11.84000,23.58871,25.08683,99.56450
89-1,1783321411.519099,2026-07-06T14:03:31.519099,5.08715,1.28275,6.52556,13.08000,26.47086,5.04751,1.26811,6.40077,12.89000,26.10055,5.02930,1.25150,6.29418,12.38000,25.32872,5.06894,1.17508,5.95644,11.90000,24.18505,25.17695,102.08517
89-1,1783321411.619218,2026-07-06T14:03:31.619218,5.08444,1.25907,6.40167,12.84000,27.11178,5.04841,1.24833,6.30207,12.69000,26.73150,5.02890,1.25858,6.32928,12.45000,25.96239,5.07294,1.17508,5.96114,11.90000,24.78187,24.99416,104.58754
89-1,1783321411.719337,2026-07-06T14:03:31.719337,5.08251,1.29447,6.57917,13.20000,27.77048,5.04711,1.27689,6.44463,12.98000,27.37673,5.03786,1.24149,6.25447,12.28000,26.58858,5.07283,1.17728,5.97216,11.92000,25.37980,25.25043,107.11559
89-1,1783321411.819455,2026-07-06T14:03:31.819455,5.08661,1.29252,6.57455,13.18000,28.42872,5.04711,1.27689,6.44463,12.98000,28.02195,5.03386,1.24149,6.24950,12.28000,27.21427,5.07288,1.17631,5.96726,11.91000,25.97723,25.23594,109.64218
89-1,1783321411.919573,2026-07-06T14:03:31.919573,5.08251,1.29447,6.57917,13.20000,29.08741,5.05138,1.27103,6.42048,12.92000,28.66476,5.01735,1.25053,6.27433,12.37000,27.84245,5.07349,1.16434,5.90728,11.79000,26.56866,25.18126,112.16328
89-1,1783321412.019691,2026-07-06T14:03:32.019691,5.08651,1.29447,6.58435,13.20000,29.74662,5.05214,1.25419,6.33634,12.75000,29.29914,5.01695,1.25761,6.30935,12.44000,28.47413,5.07349,1.16434,5.90728,11.79000,27.16008,25.13732,114.67998
89-1,1783321412.119810,2026-07-06T14:03:32.119810,5.09502,1.13846,5.80049,11.61000,30.32736,5.05107,1.27787,6.45461,12.99000,29.94537,5.02609,1.23734,6.21900,12.24000,29.09676,5.07490,1.05765,5.36746,10.71000,27.69746,23.84156,117.06695
89-1,1783321412.219927,2026-07-06T14:03:32.219927,5.08796,1.26786,6.45082,12.93000,30.97320,5.04707,1.27787,6.44950,12.99000,30.59107,5.03009,1.23734,6.22395,12.24000,29.71989,5.06869,1.18021,5.98212,11.95000,28.29638,25.10639,119.58054
89-1,1783321412.320045,2026-07-06T14:03:32.320045,5.07936,1.27885,6.49573,13.04000,31.62354,5.04724,1.27396,6.43001,12.95000,31.23483,5.02512,1.25468,6.30490,12.41000,30.35112,5.07273,1.17924,5.98195,11.94000,28.89528,25.21259,122.10477
89-1,1783321412.420163,2026-07-06T14:03:32.420163,5.09536,1.27885,6.51619,13.04000,32.27592,5.04747,1.26908,6.40565,12.90000,31.87615,5.02490,1.25858,6.32425,12.45000,30.98429,5.06873,1.17924,5.97723,11.94000,29.49371,25.22332,124.63008
89-1,1783321412.520280,2026-07-06T14:03:32.520280,5.08656,1.29350,6.57945,13.19000,32.93464,5.05520,1.27494,6.44508,12.96000,32.52142,5.01679,1.26054,6.32384,12.47000,31.61742,5.07273,1.17924,5.98195,11.94000,30.09260,25.33032,127.16608
89-1,1783321412.620398,2026-07-06T14:03:32.620398,5.08725,1.28080,6.51576,13.06000,33.58698,5.05120,1.27494,6.43998,12.96000,33.16617,5.02079,1.26054,6.32888,12.47000,32.25105,5.07704,1.17313,5.95604,11.88000,30.68891,25.24066,129.69311
89-1,1783321412.720516,2026-07-06T14:03:32.720516,5.08651,1.29447,6.58435,13.20000,34.24620,5.05485,1.28275,6.48413,13.04000,33.81535,5.03004,1.23832,6.22879,12.25000,32.87467,5.07688,1.17631,5.97197,11.91000,31.28681,25.26924,132.22303
89-1,1783321412.820634,2026-07-06T14:03:32.820634,5.07851,1.29447,6.57399,13.20000,34.90437,5.05494,1.28080,6.47437,13.02000,34.46356,5.02884,1.25956,6.33413,12.46000,33.50883,5.06869,1.18021,5.98212,11.95000,31.88573,25.36461,134.76249
89-1,1783321412.920751,2026-07-06T14:03:32.920751,5.08331,1.27982,6.50574,13.05000,35.55571,5.05196,1.25810,6.35585,12.79000,35.09988,5.02884,1.25956,6.33413,12.46000,34.14298,5.07669,1.18021,5.99156,11.95000,32.48559,25.18728,137.28416
90-1,1783321413.020882,2026-07-06T14:03:33.020882,5.08765,1.20023,6.10636,12.24000,0.61143,5.05196,1.25810,6.35585,12.79000,0.63642,5.02884,1.25956,6.33413,12.46000,0.63424,5.06684,1.13773,5.76469,11.52000,0.57722,24.56103,2.45932
90-1,1783321413.120999,2026-07-06T14:03:33.120999,5.07476,1.36308,6.91730,13.90000,1.30398,5.06035,1.33793,6.77040,13.60000,1.31425,5.03393,1.31108,6.59986,12.97000,1.29500,5.06033,1.26615,6.40714,12.82000,1.21869,26.69470,5.13192
90-1,1783321413.221116,2026-07-06T14:03:33.221116,5.09414,1.22782,6.25469,13.90000,1.93018,5.07505,1.01321,5.14212,10.30000,1.82906,5.05630,0.91482,4.62562,9.05000,1.75811,5.09444,1.06668,5.43415,10.80000,1.76274,21.45658,7.28009
90-1,1783321413.321233,2026-07-06T14:03:33.321233,5.08614,1.22782,6.24487,12.52000,2.55539,5.04441,1.24833,6.29708,12.69000,2.45951,5.02391,1.20511,6.05439,11.92000,2.36425,5.07444,1.06668,5.41282,10.80000,2.30465,24.00916,9.68381
90-1,1783321413.421350,2026-07-06T14:03:33.421350,5.08838,1.26005,6.41161,12.85000,3.19731,5.05641,1.24833,6.31206,12.69000,3.09145,5.03591,1.20511,6.06885,11.92000,2.97185,5.07849,1.14457,5.81267,11.59000,2.88660,24.60519,12.14721
90-1,1783321413.521468,2026-07-06T14:03:33.521468,5.09197,1.19437,6.08170,12.18000,3.80619,5.05491,1.10477,5.58451,11.23000,3.65056,5.03779,1.03006,5.18923,10.19000,3.49138,5.07964,1.12186,5.69865,11.36000,3.45714,22.55409,14.40527
91-1,1783321413.621594,2026-07-06T14:03:33.621594,5.08613,1.30131,6.61863,13.27000,0.66270,5.04920,1.23075,6.21431,12.51000,0.62221,5.02809,1.20194,6.04347,11.89000,0.60511,5.06929,1.16825,5.92219,11.83000,0.59297,24.79860,2.48299
91-1,1783321413.721711,2026-07-06T14:03:33.721711,5.09013,1.30131,6.62384,13.27000,1.32586,5.04470,1.33012,6.71005,13.52000,1.29401,5.02250,1.30107,6.53460,12.87000,1.25934,5.07729,1.16825,5.93154,11.83000,1.18682,25.80003,5.06602
91-1,1783321413.821831,2026-07-06T14:03:33.821831,5.08131,1.38969,7.06145,14.17000,2.03285,5.06070,1.33012,6.73133,13.52000,1.96795,5.03450,1.30107,6.55021,12.87000,1.91514,5.08683,1.29569,6.59098,13.12000,1.84671,26.93397,7.76265
91-1,1783321413.921950,2026-07-06T14:03:33.921950,5.09309,1.17386,5.97859,11.97000,2.63142,5.06549,0.95926,4.85912,9.75000,2.45444,5.03560,0.85623,4.31162,8.47000,2.34682,5.08141,0.92923,4.72178,9.41000,2.31944,19.87111,9.75211
91-1,1783321414.022070,2026-07-06T14:03:34.022070,5.08460,1.25614,6.38698,12.81000,3.27089,5.05267,1.24247,6.27779,12.63000,3.08297,5.01444,1.23124,6.17397,12.18000,2.96496,5.06979,1.15848,5.87326,11.73000,2.90748,24.71200,12.22629
91-1,1783321414.122188,2026-07-06T14:03:34.122188,5.08460,1.25614,6.38698,12.81000,3.91034,5.04911,1.23270,6.22406,12.53000,3.70611,5.02798,1.20389,6.05316,11.91000,3.57099,5.07379,1.15848,5.87789,11.73000,3.49596,24.54209,14.68339
91-1,1783321414.222306,2026-07-06T14:03:34.222306,5.08982,1.23368,6.27921,12.58000,4.53900,5.05311,1.23270,6.22899,12.53000,4.32975,5.02398,1.20389,6.04834,11.91000,4.17653,5.07379,1.15848,5.87789,11.73000,4.08444,24.43443,17.12972
91-1,1783321414.322425,2026-07-06T14:03:34.322425,5.08881,1.25224,6.37239,12.77000,5.17700,5.05610,1.25517,6.34624,12.76000,4.96512,5.02981,1.24247,6.24938,12.29000,4.80222,5.07419,1.15043,5.83748,11.65000,4.66888,24.80549,19.61322
91-1,1783321414.422543,2026-07-06T14:03:34.422543,5.08534,1.24247,6.31838,12.67000,5.80958,5.05610,1.25517,6.34624,12.76000,5.60050,5.02609,1.23734,6.21900,12.24000,5.42485,5.07369,1.16044,5.88769,11.75000,5.25835,24.77131,22.09328
91-1,1783321414.522662,2026-07-06T14:03:34.522662,5.08534,1.24247,6.31838,12.67000,6.44217,5.05721,1.14212,5.77597,11.61000,6.17878,5.03316,1.11209,5.59735,11.00000,5.98525,5.07880,1.05960,5.38151,10.73000,5.79714,23.07321,24.40334
91-1,1783321414.622780,2026-07-06T14:03:34.622780,5.08562,1.16410,5.92016,11.87000,7.03488,5.05321,1.14212,5.77140,11.61000,6.75660,5.03249,1.19486,6.01313,11.82000,6.58727,5.07480,1.05960,5.37727,10.73000,6.33550,23.08196,26.71426
91-1,1783321414.722899,2026-07-06T14:03:34.722899,5.09270,1.25419,6.38721,12.79000,7.67437,5.06129,1.22880,6.21930,12.49000,7.37927,5.02449,1.19486,6.00357,11.82000,7.18834,5.07784,1.15751,5.87763,11.72000,6.92396,24.48771,29.16594
91-1,1783321414.823016,2026-07-06T14:03:34.823016,5.09233,1.26102,6.42156,12.86000,8.31727,5.06058,1.24442,6.29750,12.65000,8.00976,5.02591,1.16971,5.87888,11.57000,7.77692,5.07930,1.12870,5.73298,11.43000,7.49793,24.33092,31.60189
91-1,1783321414.923135,2026-07-06T14:03:34.923135,5.08838,1.26005,6.41161,12.85000,8.95920,5.05218,1.25321,6.33146,12.74000,8.64366,5.02175,1.24345,6.24428,12.30000,8.40209,5.07754,1.16337,5.90703,11.78000,8.08934,24.89438,34.09428
91-1,1783321415.023253,2026-07-06T14:03:35.023253,5.09638,1.26005,6.42169,12.85000,9.60212,5.06018,1.25321,6.34148,12.74000,9.27855,5.04720,0.86331,4.35729,8.54000,8.83833,5.07754,1.16337,5.90703,11.78000,8.68074,23.02749,36.39974
91-1,1783321415.123370,2026-07-06T14:03:35.123370,5.09436,0.85720,4.36690,8.74000,10.03932,5.06426,0.89822,4.54882,9.13000,9.73397,5.04320,0.86331,4.35384,8.54000,9.27423,5.08256,0.82766,4.20664,8.38000,9.10189,17.47620,38.14942
91-1,1783321415.223489,2026-07-06T14:03:35.223489,5.08966,0.94339,4.80152,9.62000,10.52005,5.06048,0.98172,4.96797,9.98000,10.23136,5.03115,0.86428,4.34834,8.55000,9.70958,5.07861,0.82669,4.19841,8.37000,9.52223,18.31624,39.98321
91-1,1783321415.323606,2026-07-06T14:03:35.323606,5.08534,1.24247,6.31838,12.67000,11.15263,5.05627,1.25126,6.32671,12.72000,10.86477,5.01169,1.20902,6.05924,11.96000,10.31621,5.06174,1.15946,5.86888,11.74000,10.10981,24.57321,42.44342
91-1,1783321415.423724,2026-07-06T14:03:35.423724,5.08534,1.24247,6.31838,12.67000,11.78521,5.05227,1.25126,6.32170,12.72000,11.49769,5.02181,1.24247,6.23944,12.29000,10.94089,5.06994,1.15555,5.85858,11.70000,10.69636,24.73810,44.92015
92-1,1783321415.523853,2026-07-06T14:03:35.523853,5.09222,1.26298,6.43137,12.88000,0.64396,5.04841,1.24833,6.30207,12.69000,0.63102,5.02581,1.24247,6.24441,12.29000,0.62524,5.07394,1.15555,5.86320,11.70000,0.58707,24.84105,2.48730
92-1,1783321415.623971,2026-07-06T14:03:35.623971,5.09591,1.19535,6.09140,12.19000,1.25383,5.04685,1.28275,6.47386,13.04000,1.27917,5.03284,1.18876,5.98282,11.76000,1.22423,5.07454,1.14359,5.80319,11.58000,1.16808,24.35127,4.92531
92-1,1783321415.724088,2026-07-06T14:03:35.724088,5.08651,1.29447,6.58435,13.20000,1.91303,5.05293,1.32499,6.69510,13.47000,1.94946,5.02650,1.30107,6.53980,12.87000,1.87898,5.06994,1.23441,6.25840,12.50000,1.79465,26.07765,7.53613
92-1,1783321415.824206,2026-07-06T14:03:35.824206,5.09051,1.29447,6.58952,13.20000,2.57276,5.05693,1.32499,6.70040,13.47000,2.62029,5.04451,0.84011,4.23796,8.31000,2.30327,5.09156,0.80789,4.11340,8.18000,2.20648,21.64128,9.70280
92-1,1783321415.924324,2026-07-06T14:03:35.924324,5.08588,1.15922,5.89563,11.82000,3.16302,5.06080,0.88626,4.48517,9.01000,3.06934,5.03651,0.84011,4.23124,8.31000,2.72690,5.07956,0.80789,4.10370,8.18000,2.61733,18.71574,11.57659
92-1,1783321416.024443,2026-07-06T14:03:36.024443,5.09239,0.89334,4.54922,9.11000,3.61848,5.06030,0.89724,4.54033,9.12000,3.52391,5.03801,0.95535,4.81307,9.45000,3.20878,5.07825,0.91263,4.63454,9.24000,3.08134,18.53716,13.43252
92-1,1783321416.124561,2026-07-06T14:03:36.124561,5.09431,0.85818,4.37183,8.75000,4.05618,5.05870,0.93265,4.71797,9.48000,3.99627,5.04332,0.86135,4.34408,8.52000,3.64370,5.08265,0.82571,4.19679,8.36000,3.50151,17.63067,15.19766
92-1,1783321416.224682,2026-07-06T14:03:36.224682,5.06844,1.25907,6.38153,12.84000,4.69511,5.06270,0.93265,4.72170,9.48000,4.46901,5.01444,1.23124,6.17397,12.18000,4.26184,5.05849,1.14457,5.78978,11.59000,4.08119,23.06698,17.50715
92-1,1783321416.324800,2026-07-06T14:03:36.324800,5.08844,1.25907,6.40671,12.84000,5.33653,5.05316,1.23173,6.22411,12.52000,5.09215,5.02244,1.23124,6.18382,12.18000,4.88096,5.07049,1.14457,5.80351,11.59000,4.66223,24.61815,19.97188
93-1,1783321416.424930,2026-07-06T14:03:36.424930,5.09141,1.27787,6.50617,13.03000,0.65146,5.05205,1.25614,6.34609,12.77000,0.63543,5.03191,1.20511,6.06403,11.92000,0.60719,5.07379,1.15848,5.87789,11.73000,0.58855,24.79418,2.48263
93-1,1783321416.525048,2026-07-06T14:03:36.525048,5.09003,1.30326,6.63364,13.29000,1.31560,5.05266,1.33110,6.72557,13.53000,1.30878,5.02639,1.30302,6.54947,12.89000,1.26291,5.07244,1.18509,6.01132,12.00000,1.19039,25.92000,5.07768
93-1,1783321416.625167,2026-07-06T14:03:36.625167,5.09099,1.21220,6.17128,12.36000,1.93347,5.06066,1.33110,6.73622,13.53000,1.98321,5.03985,0.99368,5.00801,9.83000,1.76431,5.07975,1.04080,5.28702,10.54000,1.71972,23.20253,7.40071
93-1,1783321416.725285,2026-07-06T14:03:36.725285,5.08699,1.21220,6.16643,12.36000,2.55084,5.06248,0.93753,4.74622,9.53000,2.45839,5.02785,0.99368,4.99608,9.83000,2.26450,5.05805,1.15336,5.83373,11.68000,2.30378,21.74246,9.57751
93-1,1783321416.825402,2026-07-06T14:03:36.825402,5.08796,1.26786,6.45082,12.93000,3.19667,5.04957,1.22269,6.17407,12.43000,3.07652,5.02231,1.23344,6.19470,12.20000,2.88470,5.07405,1.15336,5.85218,11.68000,2.88969,24.67177,12.04757
93-1,1783321416.925519,2026-07-06T14:03:36.925519,5.08929,1.24345,6.32826,12.68000,3.83024,5.04863,1.24345,6.27770,12.64000,3.70502,5.02391,1.20511,6.05439,11.92000,3.49084,5.07384,1.15751,5.87300,11.72000,3.47767,24.53335,14.50378
93-1,1783321417.025637,2026-07-06T14:03:37.025637,5.08325,1.28080,6.51063,13.06000,4.48207,5.05263,1.24345,6.28267,12.64000,4.33403,5.02615,1.23637,6.21416,12.23000,4.11299,5.07489,1.13675,5.76890,11.51000,4.05524,24.77636,16.98433
93-1,1783321417.125754,2026-07-06T14:03:37.125754,5.08725,1.28080,6.51576,13.06000,5.13441,5.05218,1.25321,6.33146,12.74000,4.96792,5.02615,1.23637,6.21416,12.23000,4.73514,5.07379,1.15848,5.87789,11.73000,4.64372,24.93927,19.48118
93-1,1783321417.225871,2026-07-06T14:03:37.225871,5.08470,1.25419,6.37718,12.79000,5.77288,5.05232,1.25028,6.31682,12.71000,5.60034,5.03020,1.23539,6.21426,12.22000,5.35729,5.07379,1.15848,5.87789,11.73000,5.23220,24.78615,21.96271
93-1,1783321417.325989,2026-07-06T14:03:37.325989,5.08481,1.25224,6.36738,12.77000,6.41037,5.05716,1.23173,6.22904,12.52000,6.22398,5.03135,1.21512,6.11372,12.02000,5.96939,5.07424,1.14945,5.83259,11.64000,5.81615,24.54273,24.41988
93-1,1783321417.426109,2026-07-06T14:03:37.426109,5.08439,1.18656,6.03294,12.10000,7.01438,5.05716,1.23173,6.22904,12.52000,6.84763,5.03242,1.12528,5.66287,11.13000,6.53635,5.07839,1.06766,5.42199,10.81000,6.35899,23.34684,26.75735
93-1,1783321417.526227,2026-07-06T14:03:37.526227,5.08860,1.25614,6.39200,12.81000,7.65434,5.05392,1.21488,6.13991,12.35000,7.46234,5.03642,1.12528,5.66737,11.13000,7.10375,5.06579,1.15848,5.86863,11.73000,6.94655,24.06791,29.16698
93-1,1783321417.626345,2026-07-06T14:03:37.626345,5.08860,1.25614,6.39200,12.81000,8.29429,5.05205,1.25614,6.34609,12.77000,8.09770,5.02626,1.23441,6.20448,12.21000,7.72493,5.07379,1.15848,5.87789,11.73000,7.53503,24.82046,31.65196
93-1,1783321417.726462,2026-07-06T14:03:37.726462,5.09136,1.27885,6.51107,13.04000,8.94616,5.04916,1.23173,6.21918,12.52000,8.72035,5.02764,1.21000,6.08343,11.97000,8.33399,5.07389,1.15653,5.86810,11.71000,8.12253,24.68178,34.12304
93-1,1783321417.826582,2026-07-06T14:03:37.826582,5.09233,1.26102,6.42156,12.86000,9.58909,5.05716,1.23173,6.22904,12.52000,9.34400,5.02558,1.24638,6.26377,12.33000,8.96112,5.07349,1.16434,5.90728,11.79000,8.71396,24.82165,36.60817
93-1,1783321417.926701,2026-07-06T14:03:37.926701,5.08812,1.26493,6.43612,12.90000,10.23347,5.05569,1.26420,6.39139,12.85000,9.98390,5.03392,1.24052,6.24465,12.27000,9.58633,5.07415,1.15140,5.84238,11.66000,9.29890,24.91454,39.10259
93-1,1783321418.026820,2026-07-06T14:03:38.026820,5.08812,1.26493,6.43612,12.90000,10.87784,5.05596,1.25810,6.36088,12.79000,10.62074,5.02992,1.24052,6.23969,12.27000,10.21104,5.07349,1.16434,5.90728,11.79000,9.89033,24.94397,41.59996
93-1,1783321418.126937,2026-07-06T14:03:38.126937,5.09606,1.26591,6.45115,12.91000,11.52371,5.05285,1.23856,6.25827,12.59000,11.24730,5.02244,1.23124,6.18382,12.18000,10.83014,5.07349,1.16434,5.90728,11.79000,10.48175,24.80052,44.08291
93-1,1783321418.227055,2026-07-06T14:03:38.227055,5.09596,1.26786,6.46097,12.93000,12.17057,5.04885,1.23856,6.25332,12.59000,11.87337,5.02329,1.21610,6.10883,12.03000,11.44175,5.07260,1.10306,5.59538,11.17000,11.04195,24.41850,46.52763
93-1,1783321418.327172,2026-07-06T14:03:38.327172,5.09173,1.27201,6.47674,12.97000,12.81900,5.04907,1.23368,6.22894,12.54000,12.49699,5.02581,1.24247,6.24441,12.29000,12.06692,5.06969,1.16044,5.88305,11.75000,11.63094,24.83314,49.01385
93-1,1783321418.427289,2026-07-06T14:03:38.427289,5.08773,1.27201,6.47165,12.97000,13.46693,5.04782,1.26127,6.36666,12.82000,13.13441,5.02181,1.24247,6.23944,12.29000,12.69160,5.07744,1.16532,5.91684,11.80000,12.22332,24.99459,51.51625
93-1,1783321418.527407,2026-07-06T14:03:38.527407,5.08913,1.24638,6.34297,12.71000,14.10197,5.05614,1.25419,6.34135,12.75000,13.76929,5.02724,1.21708,6.11854,12.04000,13.30417,5.07344,1.16532,5.91217,11.80000,12.81523,24.71503,53.99067
93-1,1783321418.627525,2026-07-06T14:03:38.627525,5.09175,1.19828,6.10134,12.22000,14.71283,5.05614,1.25419,6.34135,12.75000,14.40417,5.03260,1.12210,5.64710,11.10000,13.86955,5.07344,1.16532,5.91217,11.80000,13.40715,24.00196,56.39370
94-1,1783321418.727652,2026-07-06T14:03:38.727652,5.08252,1.22098,6.20567,12.45000,0.62135,5.04935,1.13919,5.75219,11.58000,0.57595,5.02781,1.27787,6.42489,12.64000,0.64330,5.07785,1.07840,5.47596,10.92000,0.54829,23.85871,2.38889
94-1,1783321418.827771,2026-07-06T14:03:38.827771,5.08635,1.29740,6.59904,12.45000,1.28204,5.04075,1.32914,6.69987,13.51000,1.24673,5.02781,1.27787,6.42489,12.64000,1.28655,5.06989,1.23539,6.26329,12.51000,1.17536,25.98709,4.99069
94-1,1783321418.927889,2026-07-06T14:03:38.927889,5.09035,1.29740,6.60423,13.23000,1.94325,5.05360,1.31034,6.62194,13.32000,1.90971,5.03861,1.29911,6.54572,12.85000,1.94190,5.06589,1.23539,6.25834,12.51000,1.80194,26.03023,7.59679
94-1,1783321419.028008,2026-07-06T14:03:39.028008,5.08493,1.17679,5.98391,12.00000,2.54235,5.04960,1.31034,6.61670,13.32000,2.57217,5.06515,0.82888,4.19841,8.20000,2.36224,5.08121,0.85427,4.34074,8.65000,2.23653,21.13976,9.71329
94-1,1783321419.128128,2026-07-06T14:03:39.128128,5.07963,1.27396,6.47126,12.99000,3.19025,5.06095,1.05960,5.36260,10.77000,3.10907,5.01386,1.24149,6.22467,12.28000,2.98545,5.06589,1.15653,5.85885,11.71000,2.82311,23.91738,12.10788
94-1,1783321419.228246,2026-07-06T14:03:39.228246,5.08368,1.27299,6.47146,12.98000,3.83816,5.05320,1.23075,6.21923,12.51000,3.73173,5.02986,1.24149,6.24454,12.28000,3.61065,5.07084,1.13773,5.76925,11.52000,3.40072,24.70448,14.58126
94-1,1783321419.328365,2026-07-06T14:03:39.328365,5.09168,1.27299,6.48165,12.98000,4.48710,5.05258,1.24442,6.28755,12.65000,4.36123,5.02609,1.23734,6.21900,12.24000,4.23329,5.07369,1.16044,5.88769,11.75000,3.99019,24.87589,17.07181
94-1,1783321419.428484,2026-07-06T14:03:39.428484,5.08757,1.27494,6.48636,13.00000,5.13651,5.05614,1.25419,6.34135,12.65000,4.99612,5.02764,1.21000,6.08343,11.97000,4.84236,5.07369,1.16044,5.88769,11.75000,4.57966,24.79883,19.55465
94-1,1783321419.528603,2026-07-06T14:03:39.528603,5.08854,1.25712,6.39690,12.82000,5.77695,5.05614,1.25419,6.34135,12.75000,5.63101,5.02975,1.24345,6.25422,12.30000,5.46852,5.07389,1.15653,5.86810,11.71000,5.16717,24.86057,22.04364
94-1,1783321419.628721,2026-07-06T14:03:39.628721,5.08422,1.26298,6.42126,12.88000,6.41984,5.05227,1.25126,6.32170,12.72000,6.26393,5.02975,1.24345,6.25422,12.30000,6.09468,5.07359,1.16239,5.89748,11.77000,5.75761,24.89466,24.53606
94-1,1783321419.728840,2026-07-06T14:03:39.728840,5.08822,1.26298,6.42632,12.88000,7.06324,5.05285,1.23856,6.25827,12.59000,6.89050,5.02604,1.23832,6.22384,12.25000,6.71781,5.07749,1.16434,5.91194,11.79000,6.34951,24.82037,27.02105
94-1,1783321419.828962,2026-07-06T14:03:39.828962,5.08401,1.26688,6.44085,12.92000,7.70810,5.05596,1.25810,6.36088,12.79000,7.52736,5.02775,1.20804,6.07374,11.95000,7.32592,5.06949,1.16434,5.90262,11.79000,6.94049,24.77809,29.50187
94-1,1783321419.929080,2026-07-06T14:03:39.929080,5.08315,1.28275,6.52043,13.08000,8.36092,5.05596,1.25810,6.36088,12.79000,8.16420,5.02609,1.23734,6.21900,12.24000,7.94855,5.07410,1.15238,5.84728,11.67000,7.52591,24.94759,31.99958
94-1,1783321420.029199,2026-07-06T14:03:40.029199,5.09179,1.27103,6.47184,12.96000,9.00888,5.04814,1.25419,6.33132,12.75000,8.79809,5.02609,1.23734,6.21900,12.24000,8.57120,5.07349,1.16434,5.90728,11.79000,8.11734,24.92944,34.49550
94-1,1783321420.129318,2026-07-06T14:03:40.129318,5.08379,1.27103,6.46167,12.96000,9.65581,5.04854,1.24540,6.28745,12.66000,9.42758,5.02620,1.23539,6.20932,12.22000,9.19287,5.07415,1.15140,5.84238,11.66000,8.70228,24.80082,36.97853
94-1,1783321420.229435,2026-07-06T14:03:40.229435,5.09190,1.26884,6.46080,12.94000,10.30265,5.05173,1.26322,6.38146,12.84000,10.06647,5.02615,1.23637,6.21416,12.23000,9.81501,5.07415,1.15140,5.84238,11.66000,9.28720,24.89880,39.47132
94-1,1783321420.329553,2026-07-06T14:03:40.329553,5.08838,1.26005,6.41161,12.85000,10.94456,5.05573,1.26322,6.38651,12.84000,10.70588,5.02981,1.24247,6.24938,12.29000,10.44068,5.06944,1.16532,5.90751,11.80000,9.87865,24.95501,41.96977
94-1,1783321420.429671,2026-07-06T14:03:40.429671,5.08817,1.26395,6.43122,12.89000,11.58844,5.05774,1.21879,6.16431,12.39000,11.32303,5.02581,1.24247,6.24441,12.29000,11.06586,5.07199,1.11502,5.65539,11.29000,10.44485,24.49533,44.42218
94-1,1783321420.529788,2026-07-06T14:03:40.529788,5.08779,1.27103,6.46675,12.96000,12.23588,5.05578,1.26225,6.38163,12.83000,11.96194,5.02986,1.24149,6.24454,12.28000,11.69105,5.07015,1.15140,5.83778,11.66000,11.02931,24.93070,46.91818
94-1,1783321420.629905,2026-07-06T14:03:40.629905,5.09179,1.27103,6.47184,12.96000,12.88382,5.05249,1.24638,6.29731,12.67000,12.59241,5.03066,1.22733,6.17429,12.14000,12.30920,5.07415,1.15140,5.84238,11.66000,11.61424,24.78582,49.39967
94-1,1783321420.730022,2026-07-06T14:03:40.730022,5.08801,1.26688,6.44592,12.92000,13.52917,5.05249,1.24638,6.29731,12.67000,13.22288,5.02564,1.24540,6.25893,12.32000,12.93582,5.07324,1.16923,5.93176,11.84000,12.20811,24.93392,51.89598
94-1,1783321420.830142,2026-07-06T14:03:40.830142,5.08688,1.28764,6.55005,13.13000,14.18495,5.04773,1.26322,6.37641,12.84000,13.86128,5.02564,1.24540,6.25893,12.32000,13.56246,5.07754,1.16337,5.90703,11.78000,12.79951,25.09242,54.40821
94-1,1783321420.930261,2026-07-06T14:03:40.930261,5.08796,1.26786,6.45082,12.93000,14.83080,5.04907,1.23368,6.22894,12.54000,14.48492,5.02998,1.23930,6.23364,12.26000,14.18657,5.07739,1.16630,5.92174,11.81000,13.39239,24.83514,56.89468
94-1,1783321421.030380,2026-07-06T14:03:41.030380,5.08396,1.26786,6.44575,12.93000,15.47614,5.05169,1.26420,6.38634,12.85000,15.12431,5.03346,1.24857,6.28464,12.35000,14.81578,5.07334,1.16727,5.92197,11.82000,13.98529,25.03870,59.40152
94-1,1783321421.130497,2026-07-06T14:03:41.130497,5.08709,1.28373,6.53046,13.09000,16.12996,5.04769,1.26420,6.38128,12.85000,15.76319,5.03420,1.23539,6.21920,12.22000,15.43843,5.06934,1.16727,5.91730,11.82000,14.57772,25.04824,61.90929
94-1,1783321421.230615,2026-07-06T14:03:41.230615,5.08725,1.28080,6.51576,13.06000,16.78230,5.04889,1.23759,6.24844,12.58000,16.38877,5.02958,1.24638,6.26875,12.33000,16.06605,5.07424,1.14945,5.83259,11.64000,15.16167,24.86554,64.39878
94-1,1783321421.330733,2026-07-06T14:03:41.330733,5.08715,1.28275,6.52556,13.08000,17.43563,5.04769,1.26420,6.38128,12.85000,17.02765,5.02558,1.24638,6.26377,12.33000,16.69316,5.07324,1.16923,5.93176,11.84000,15.75554,25.10237,66.91198
94-1,1783321421.430851,2026-07-06T14:03:41.430851,5.08715,1.28275,6.52556,13.08000,18.08895,5.05285,1.23856,6.25827,12.59000,17.65422,5.02700,1.22123,6.13912,12.08000,17.30780,5.06909,1.17215,5.94176,11.87000,16.35042,24.86471,69.40138
94-1,1783321421.530970,2026-07-06T14:03:41.530970,5.09077,1.28959,6.56501,13.15000,18.74623,5.04885,1.23856,6.25332,12.59000,18.28029,5.02546,1.24857,6.27466,12.35000,17.93601,5.07309,1.17215,5.94645,11.87000,16.94577,25.03944,71.90830
94-1,1783321421.631087,2026-07-06T14:03:41.631087,5.08736,1.27885,6.50596,13.04000,19.39759,5.05151,1.26811,6.40585,12.89000,18.92163,5.03071,1.22636,6.16945,12.13000,18.55368,5.06974,1.15946,5.87815,11.74000,17.53427,24.95941,74.40717
94-1,1783321421.731205,2026-07-06T14:03:41.731205,5.08779,1.27103,6.46675,12.96000,20.04503,5.05267,1.24247,6.27779,12.63000,19.55014,5.03071,1.22636,6.16945,12.13000,19.17135,5.06914,1.17118,5.93687,11.86000,18.12866,24.85086,76.89518
94-1,1783321421.831323,2026-07-06T14:03:41.831323,5.08731,1.27982,6.51086,13.05000,20.69688,5.05151,1.26811,6.40585,12.89000,20.19148,5.02124,1.25248,6.28900,12.39000,19.80099,5.07299,1.17411,5.95624,11.89000,18.72499,25.16195,79.41434
94-1,1783321421.931441,2026-07-06T14:03:41.931441,5.08331,1.27982,6.50574,13.05000,21.34822,5.04751,1.26811,6.40077,12.89000,20.83232,5.02095,1.25761,6.31438,12.44000,20.43317,5.07299,1.17411,5.95624,11.89000,19.32131,25.17713,81.93503
94-1,1783321422.031559,2026-07-06T14:03:42.031559,5.08822,1.26298,6.42632,12.88000,21.99162,5.05573,1.26322,6.38651,12.84000,21.47172,5.02586,1.24149,6.23957,12.28000,21.05787,5.07374,1.15946,5.88279,11.74000,19.91029,24.93519,84.43150
94-1,1783321422.131677,2026-07-06T14:03:42.131677,5.08763,1.27396,6.48145,12.99000,22.64052,5.05542,1.27006,6.42068,12.91000,22.11455,5.02986,1.24149,6.24454,12.28000,21.68306,5.06499,1.17411,5.94685,11.89000,20.50567,25.09352,86.94380
94-1,1783321422.231795,2026-07-06T14:03:42.231795,5.08363,1.27396,6.47636,12.99000,23.28892,5.05133,1.27201,6.42535,12.93000,22.75784,5.02118,1.25346,6.29384,12.40000,22.31319,5.06494,1.17508,5.95174,11.90000,21.10155,25.14729,89.46150
94-1,1783321422.331913,2026-07-06T14:03:42.331913,5.09163,1.27396,6.48655,12.99000,23.93835,5.05933,1.27201,6.43553,12.93000,23.40216,5.02876,1.11917,5.62807,11.07000,22.87666,5.08636,0.83157,4.22965,8.42000,21.52502,22.77980,91.74218
94-1,1783321422.432032,2026-07-06T14:03:42.432032,5.09356,0.87185,4.44083,8.89000,24.38296,5.06426,0.89822,4.54882,9.13000,23.85758,5.04720,0.86331,4.35729,8.54000,23.31290,5.08236,0.83157,4.22633,8.42000,21.94815,17.57327,93.50159
94-1,1783321422.532150,2026-07-06T14:03:42.532150,5.09425,0.85916,4.37676,8.76000,24.82115,5.06190,0.95022,4.80994,9.66000,24.33914,5.03920,0.86331,4.35038,8.54000,23.74846,5.07456,0.82766,4.20002,8.38000,22.36865,17.73710,95.27739
94-1,1783321422.632268,2026-07-06T14:03:42.632268,5.07493,1.28666,6.52971,13.12000,25.47489,5.05120,1.27494,6.43998,12.96000,24.98390,5.02941,1.24955,6.28449,12.36000,24.37765,5.05699,1.17411,5.93746,11.89000,22.96309,25.19164,97.79953
94-1,1783321422.732386,2026-07-06T14:03:42.732386,5.09493,1.28666,6.55545,13.12000,26.13121,5.05920,1.27494,6.45018,12.96000,25.62968,5.02975,1.24345,6.25422,12.30000,25.00381,5.07288,1.17631,5.96726,11.91000,23.56052,25.22711,100.32522
94-1,1783321422.832504,2026-07-06T14:03:42.832504,5.09072,1.29057,6.56991,13.16000,26.78898,5.05142,1.27006,6.41560,12.91000,26.27199,5.02106,1.25565,6.30471,12.42000,25.63502,5.07288,1.17631,5.96726,11.91000,24.15795,25.25748,102.85395
94-1,1783321422.932622,2026-07-06T14:03:42.932622,5.09109,1.28373,6.53559,13.09000,27.44331,5.05116,1.27592,6.44486,12.97000,26.91725,5.02506,1.25565,6.30974,12.42000,26.26674,5.07334,1.16727,5.92197,11.82000,24.75085,25.21216,105.37815
94-1,1783321423.032741,2026-07-06T14:03:43.032741,5.09622,1.26298,6.43642,12.88000,28.08771,5.05210,1.25517,6.34122,12.76000,27.55212,5.02124,1.25248,6.28900,12.39000,26.89639,5.07278,1.17826,5.97705,11.93000,25.34926,25.04369,107.88548
94-1,1783321423.132858,2026-07-06T14:03:43.132858,5.09536,1.27885,6.51619,13.04000,28.74010,5.05210,1.25517,6.34122,12.76000,28.18698,5.02220,1.23539,6.20438,12.22000,27.51756,5.06883,1.17728,5.96745,11.92000,25.94671,25.02924,110.39135
94-1,1783321423.232976,2026-07-06T14:03:43.232976,5.08736,1.27885,6.50596,13.04000,29.39146,5.06342,1.27006,6.43084,12.91000,28.83082,5.02495,1.25761,6.31941,12.44000,28.15024,5.07283,1.17728,5.97216,11.92000,26.54463,25.22837,112.91715
94-1,1783321423.333094,2026-07-06T14:03:43.333094,5.08245,1.29545,6.58406,13.21000,30.05064,5.06333,1.27201,6.44062,12.93000,29.47565,5.03295,1.25761,6.32947,12.44000,28.78393,5.07283,1.17728,5.97216,11.92000,27.14255,25.32631,115.45278
94-1,1783321423.433212,2026-07-06T14:03:43.433212,5.08235,1.29740,6.59385,13.23000,30.71081,5.04818,1.25321,6.32645,12.74000,30.10904,5.02484,1.25956,6.32909,12.46000,29.41759,5.07683,1.17728,5.97686,11.92000,27.74094,25.22625,117.97838
94-1,1783321423.533330,2026-07-06T14:03:43.533330,5.12151,0.87283,4.47020,8.90000,31.15835,5.06018,1.25321,6.34148,12.74000,30.74393,5.03185,1.13529,5.71261,11.23000,29.98952,5.08875,0.94217,4.79446,9.54000,28.22095,21.31875,120.11276
94-1,1783321423.633448,2026-07-06T14:03:43.633448,5.09351,0.87283,4.44576,8.90000,31.60345,5.06030,0.89724,4.54033,9.12000,31.19850,5.04726,0.86233,4.35241,8.53000,30.42528,5.08261,0.82669,4.20172,8.37000,28.64162,17.54022,121.86886
94-1,1783321423.733566,2026-07-06T14:03:43.733566,5.08648,0.85501,4.34897,8.72000,32.03887,5.05501,1.01419,5.12674,10.31000,31.71178,5.03526,0.86233,4.34206,8.53000,30.86000,5.07461,0.82669,4.19510,8.37000,29.06163,18.01287,123.67227
94-1,1783321423.833684,2026-07-06T14:03:43.833684,5.06331,1.27982,6.48014,13.05000,32.68765,5.05151,1.26811,6.40585,12.89000,32.35313,5.02101,1.25663,6.30955,12.43000,31.49170,5.07273,1.17924,5.98195,11.94000,29.66053,25.17749,126.19300
94-1,1783321423.933803,2026-07-06T14:03:43.933803,5.08704,1.28471,6.53536,13.10000,33.34196,5.05551,1.26811,6.41092,12.89000,32.99498,5.02112,1.25468,6.29988,12.41000,32.12243,5.07278,1.17826,5.97705,11.93000,30.25894,25.22321,128.71831
94-1,1783321424.033922,2026-07-06T14:03:44.033922,5.08704,1.28471,6.53536,13.10000,33.99627,5.05929,1.27299,6.44041,12.94000,33.63979,5.03352,1.24760,6.27980,12.34000,32.75116,5.07724,1.16923,5.93644,11.84000,30.85329,25.19201,131.24051
94-1,1783321424.134039,2026-07-06T14:03:44.134039,5.07904,1.28471,6.52508,13.10000,34.64954,5.05916,1.27592,6.45507,12.97000,34.28605,5.02552,1.24760,6.26982,12.34000,33.37888,5.07324,1.16923,5.93176,11.84000,31.44716,25.18173,133.76163
94-1,1783321424.234156,2026-07-06T14:03:44.234156,5.07979,1.27103,6.45658,12.96000,35.29596,5.05196,1.25810,6.35585,12.79000,34.92238,5.02890,1.25858,6.32928,12.45000,34.01255,5.07669,1.18021,5.99156,11.95000,32.04702,25.13327,136.27790
94-1,1783321424.334275,2026-07-06T14:03:44.334275,5.08661,1.29252,6.57455,13.18000,35.95420,5.05196,1.25810,6.35585,12.79000,35.55872,5.02472,1.26176,6.33997,12.48000,34.64730,5.07664,1.18119,5.99646,11.96000,32.64738,25.26683,138.80760
94-1,1783321424.434394,2026-07-06T14:03:44.434394,5.07125,1.28080,6.49526,13.18000,36.60449,5.04698,1.27982,6.45925,13.01000,36.20541,5.02466,1.26273,6.34481,12.49000,35.28253,5.06878,1.17826,5.97234,11.93000,33.24533,25.27166,141.33777
94-1,1783321424.534511,2026-07-06T14:03:44.534511,5.07925,1.28080,6.50551,13.06000,37.25581,5.04707,1.27787,6.44950,12.99000,36.85112,5.03694,1.11600,5.62123,11.04000,35.84532,5.07278,1.17826,5.97705,11.93000,33.84373,24.55329,143.79597
94-1,1783321424.634629,2026-07-06T14:03:44.634629,5.08666,0.99832,5.07812,10.18000,37.76421,5.07621,0.89920,4.56452,9.14000,37.30811,5.02894,1.11600,5.61230,11.04000,36.40720,5.07779,1.00052,5.08043,10.13000,34.35237,20.33537,145.83189
94-1,1783321424.734747,2026-07-06T14:03:44.734747,5.09544,0.83743,4.26706,8.54000,38.19142,5.06421,0.89920,4.55373,9.14000,37.76402,5.03120,0.86331,4.34348,8.54000,36.84207,5.08656,0.82766,4.20995,8.38000,34.77386,17.37422,147.57137
94-1,1783321424.834865,2026-07-06T14:03:44.834865,5.05947,1.27689,6.46040,13.02000,38.83823,5.05340,1.04959,5.30402,10.67000,38.29504,5.00895,1.25761,6.29929,12.44000,37.47274,5.05704,1.17313,5.93258,11.88000,35.36782,23.99629,149.97383
95-1,1783321424.934996,2026-07-06T14:03:44.934996,5.08747,1.27689,6.49616,13.02000,0.65047,5.04294,1.28080,6.45900,13.02000,0.64675,5.02849,1.19486,6.00835,11.82000,0.60162,5.07374,1.15946,5.88279,11.74000,0.58905,24.84630,2.48789
95-1,1783321425.035115,2026-07-06T14:03:45.035115,5.09170,1.19926,6.10625,12.23000,1.26182,5.05257,1.33305,6.73532,13.55000,1.32109,5.02849,1.19486,6.00835,11.82000,1.20318,5.07374,1.15946,5.88279,11.74000,1.17803,24.73271,4.96412
95-1,1783321425.135235,2026-07-06T14:03:45.135235,5.08388,1.34257,6.82547,13.69000,1.94518,5.05657,1.33305,6.74065,13.55000,1.99595,5.03461,1.36991,6.89699,13.55000,1.89370,5.07853,1.30155,6.60998,13.18000,1.83982,27.07309,7.67465
95-1,1783321425.235355,2026-07-06T14:03:45.235355,5.09052,1.22098,6.21544,12.45000,2.56748,5.06057,0.89138,4.51091,9.06000,2.44759,5.05122,1.07572,5.43368,10.64000,2.43772,5.09210,1.03397,5.26506,10.47000,2.36696,21.42509,9.81974
95-1,1783321425.335476,2026-07-06T14:03:45.335476,5.08652,1.22098,6.21056,12.45000,3.18928,5.04511,1.23270,6.21913,12.53000,3.07025,5.02598,1.23930,6.22868,12.26000,3.06134,5.06979,1.15848,5.87326,11.73000,2.95499,24.53163,12.27587
95-1,1783321425.435595,2026-07-06T14:03:45.435595,5.08790,1.26884,6.45572,12.94000,3.83562,5.05316,1.23173,6.22411,12.52000,3.69340,5.02998,1.23930,6.23364,12.26000,3.68545,5.07779,1.15848,5.88253,11.73000,3.54395,24.79600,14.75842
95-1,1783321425.535715,2026-07-06T14:03:45.535715,5.08849,1.25810,6.40181,12.83000,4.47658,5.05716,1.23173,6.22904,12.52000,4.31706,5.01809,1.23734,6.20910,12.24000,4.30710,5.06974,1.15946,5.87815,11.74000,4.13247,24.71810,17.23321
95-1,1783321425.635835,2026-07-06T14:03:45.635835,5.08476,1.25321,6.37228,12.78000,5.11457,5.05578,1.26225,6.38163,12.83000,4.95598,5.01964,1.21000,6.07375,11.97000,4.91521,5.07074,1.13968,5.77904,11.54000,4.71107,24.60670,19.69682
95-1,1783321425.735953,2026-07-06T14:03:45.735953,5.08876,1.25321,6.37729,12.78000,5.75305,5.05601,1.25712,6.35600,12.78000,5.59234,5.02620,1.23539,6.20932,12.22000,5.53687,5.06579,1.15848,5.86863,11.73000,5.29862,24.81124,22.18088
95-1,1783321425.836072,2026-07-06T14:03:45.836072,5.08860,1.25614,6.39200,12.81000,6.39301,5.05405,1.21195,6.12526,12.32000,6.20559,5.02620,1.23539,6.20932,12.22000,6.15854,5.07379,1.15848,5.87789,11.73000,5.88711,24.60447,24.64425
95-1,1783321425.936191,2026-07-06T14:03:45.936191,5.09693,1.10331,5.62347,11.25000,6.95602,5.05005,1.21195,6.12042,12.32000,6.81836,5.03054,1.08768,5.47162,10.76000,6.70635,5.08044,1.02713,5.21828,10.40000,6.40956,22.43379,26.89029
95-1,1783321426.036309,2026-07-06T14:03:46.036309,5.08865,1.25517,6.38710,12.80000,7.59549,5.05218,1.25321,6.33146,12.74000,7.45226,5.02209,1.23734,6.21405,12.24000,7.32850,5.07384,1.15751,5.87300,11.72000,6.99756,24.80561,29.37380
95-1,1783321426.136428,2026-07-06T14:03:46.136428,5.07909,1.28373,6.52019,13.09000,8.24828,5.05294,1.23661,6.24851,12.57000,8.07785,5.02604,1.23832,6.22384,12.25000,7.95162,5.07389,1.15653,5.86810,11.71000,7.58506,24.86064,31.86281
95-1,1783321426.236547,2026-07-06T14:03:46.236547,5.08709,1.28373,6.53046,13.09000,8.90210,5.04801,1.25712,6.34594,12.78000,8.71319,5.02204,1.23832,6.21889,12.25000,8.57424,5.07349,1.16434,5.90728,11.79000,8.17649,25.00257,34.36603
95-1,1783321426.336613,2026-07-06T14:03:46.336613,5.08828,1.26200,6.42141,12.87000,9.54467,5.05201,1.25712,6.35097,12.78000,9.34872,5.02358,1.21097,6.08343,11.98000,9.18299,5.07349,1.16434,5.90728,11.79000,8.76761,24.76309,36.84400
95-1,1783321426.436732,2026-07-06T14:03:46.436732,5.08812,1.26493,6.43612,12.90000,10.18905,5.05191,1.25932,6.36195,12.80000,9.98567,5.02192,1.24052,6.22977,12.27000,9.80671,5.07024,1.14945,5.82799,11.64000,9.35110,24.85583,39.33253
95-1,1783321426.536852,2026-07-06T14:03:46.536852,5.08817,1.26395,6.43122,12.89000,10.83294,5.05289,1.23759,6.25339,12.58000,10.61175,5.02620,1.23539,6.20932,12.22000,10.42839,5.06949,1.16434,5.90262,11.79000,9.94207,24.79655,41.81516
95-1,1783321426.636971,2026-07-06T14:03:46.636971,5.08417,1.26395,6.42616,12.89000,11.47632,5.05164,1.26518,6.39121,12.86000,11.25163,5.02220,1.23539,6.20438,12.22000,11.04956,5.07429,1.14847,5.82769,11.63000,10.52553,24.84944,44.30305
95-1,1783321426.737089,2026-07-06T14:03:46.737089,5.08806,1.26591,6.44102,12.91000,12.12118,5.05164,1.26518,6.39121,12.86000,11.89151,5.03004,1.23832,6.22879,12.25000,11.67318,5.07429,1.14847,5.82769,11.63000,11.10899,24.88871,46.79486
95-1,1783321426.837207,2026-07-06T14:03:46.837207,5.08838,1.26005,6.41161,12.85000,12.76310,5.05582,1.26127,6.37675,12.82000,12.52994,5.02986,1.24149,6.24454,12.28000,12.29837,5.07339,1.16630,5.91707,11.81000,11.70140,24.94997,49.29281
95-1,1783321426.937325,2026-07-06T14:03:46.937325,5.09014,1.22782,6.24978,12.52000,13.38882,5.05672,1.24149,6.27788,12.62000,13.15847,5.02615,1.16556,5.85829,11.53000,12.88489,5.07374,1.15946,5.88279,11.74000,12.29037,24.26874,51.72256
95-1,1783321427.037444,2026-07-06T14:03:47.037444,5.08614,1.22782,6.24487,12.52000,14.01405,5.04872,1.24149,6.26794,12.62000,13.78601,5.02615,1.16556,5.85829,11.53000,13.47141,5.06939,1.16630,5.91241,11.81000,12.88231,24.28351,54.15378
95-1,1783321427.137562,2026-07-06T14:03:47.137562,5.08390,1.26884,6.45065,12.94000,14.65988,5.05272,1.24149,6.27291,12.62000,14.41404,5.02649,1.23026,6.18391,12.17000,14.09054,5.07339,1.16630,5.91707,11.81000,13.47472,24.82454,56.63917
95-1,1783321427.237680,2026-07-06T14:03:47.237680,5.08752,1.27592,6.49126,13.01000,15.30977,5.05164,1.26518,6.39121,12.86000,15.05392,5.02541,1.24955,6.27949,12.36000,14.71923,5.07344,1.16532,5.91217,11.80000,14.06664,25.07413,59.14955
95-1,1783321427.337801,2026-07-06T14:03:47.337801,5.08688,1.28764,6.55005,13.13000,15.96556,5.05276,1.24052,6.26803,12.61000,15.68147,5.02284,1.22416,6.14875,12.11000,15.33484,5.07329,1.16825,5.92687,11.83000,14.66004,24.89370,61.64192
95-1,1783321427.437920,2026-07-06T14:03:47.437920,5.08454,1.25712,6.39187,12.82000,16.60551,5.05173,1.26322,6.38146,12.84000,16.32038,5.02684,1.22416,6.15365,12.11000,15.95094,5.07434,1.14750,5.82279,11.62000,15.24301,24.74977,64.11985
95-1,1783321427.538037,2026-07-06T14:03:47.538037,5.08454,1.25712,6.39187,12.82000,17.24545,5.05236,1.24931,6.31194,12.70000,16.95232,5.02158,1.24638,6.25878,12.33000,16.57755,5.07434,1.14750,5.82279,11.62000,15.82597,24.78538,66.60129
95-1,1783321427.638156,2026-07-06T14:03:47.638156,5.08390,1.26884,6.45065,12.94000,17.89128,5.04836,1.24931,6.30695,12.70000,17.58376,5.03020,1.23539,6.21426,12.22000,17.19972,5.07324,1.16923,5.93176,11.84000,16.41985,24.90362,69.09461
95-1,1783321427.738274,2026-07-06T14:03:47.738274,5.08261,1.29252,6.56938,13.18000,18.54899,5.05164,1.26518,6.39121,12.86000,18.22363,5.02946,1.24857,6.27965,12.35000,17.82842,5.07314,1.17118,5.94156,11.86000,17.01471,25.18180,71.61576
95-1,1783321427.838392,2026-07-06T14:03:47.838392,5.09238,1.26005,6.41665,12.85000,19.19141,5.05241,1.24833,6.30707,12.69000,18.85508,5.02535,1.25053,6.28433,12.37000,18.45760,5.07334,1.16727,5.92197,11.82000,17.60760,24.93002,74.11170
95-1,1783321427.938513,2026-07-06T14:03:47.938513,5.08838,1.26005,6.41161,12.85000,19.83335,5.05160,1.26615,6.39609,12.87000,19.49547,5.02535,1.25053,6.28433,12.37000,19.08679,5.07334,1.16727,5.92197,11.82000,18.20052,25.01400,76.61613
95-1,1783321428.038633,2026-07-06T14:03:48.038633,5.08709,1.28373,6.53046,13.09000,20.48718,5.04760,1.26615,6.39103,12.87000,20.13534,5.02552,1.24760,6.26982,12.34000,19.71453,5.06934,1.16727,5.91730,11.82000,18.79296,25.10861,79.13000
95-1,1783321428.138752,2026-07-06T14:03:48.138752,5.08635,1.29740,6.59904,13.23000,21.14787,5.04872,1.24149,6.26794,12.62000,20.76288,5.02535,1.25053,6.28433,12.37000,20.34370,5.07709,1.17215,5.95114,11.87000,19.38878,25.10245,81.64323
95-1,1783321428.238870,2026-07-06T14:03:48.238870,5.09125,1.28080,6.52088,13.06000,21.80073,5.04738,1.27103,6.41539,12.92000,21.40517,5.02700,1.22123,6.13912,12.08000,20.95834,5.07704,1.17313,5.95604,11.88000,19.98509,25.03143,84.14933
95-1,1783321428.338988,2026-07-06T14:03:48.338988,5.08325,1.28080,6.51063,13.06000,22.45256,5.05551,1.26811,6.41092,12.89000,22.04702,5.02300,1.22123,6.13424,12.08000,21.57249,5.07364,1.16141,5.89259,11.76000,20.57504,24.94838,86.64712
95-1,1783321428.439106,2026-07-06T14:03:48.439106,5.09163,1.27396,6.48655,12.99000,23.10198,5.05151,1.26811,6.40585,12.89000,22.68837,5.02598,1.23930,6.22868,12.26000,22.19610,5.07364,1.16141,5.89259,11.76000,21.16500,25.01367,89.15145
95-1,1783321428.539224,2026-07-06T14:03:48.539224,5.09099,1.28568,6.54540,13.11000,23.75729,5.05142,1.27006,6.41560,12.91000,23.33068,5.02524,1.25248,6.29401,12.39000,22.82624,5.06904,1.17313,5.94666,11.88000,21.76037,25.20167,91.67458
95-1,1783321428.639342,2026-07-06T14:03:48.639342,5.08677,1.28959,6.55985,13.15000,24.41405,5.05124,1.27396,6.43511,12.95000,23.97495,5.02918,1.25346,6.30386,12.40000,23.45737,5.06894,1.17508,5.95644,11.90000,22.35671,25.25526,94.20308
95-1,1783321428.739460,2026-07-06T14:03:48.739460,5.09260,1.25614,6.39702,12.81000,25.05451,5.06201,1.21293,6.13985,12.33000,24.58966,5.02918,1.25346,6.30386,12.40000,24.08850,5.07485,1.05863,5.37237,10.72000,22.89458,24.21310,96.62724
95-1,1783321428.839578,2026-07-06T14:03:48.839578,5.09260,1.25614,6.39702,12.81000,25.69496,5.05801,1.21293,6.13500,12.33000,25.20388,5.02260,1.22831,6.16931,12.15000,24.70616,5.07885,1.05863,5.37660,10.72000,23.43288,24.07793,99.03788
95-1,1783321428.939696,2026-07-06T14:03:48.939696,5.08373,1.27201,6.46657,12.97000,26.34239,5.04454,1.24540,6.28246,12.66000,25.83287,5.02118,1.25346,6.29384,12.40000,25.33628,5.07369,1.16044,5.88769,11.75000,24.02234,24.93056,101.53388
95-1,1783321429.039815,2026-07-06T14:03:49.039815,5.08251,1.29447,6.57917,13.20000,27.00108,5.04333,1.27201,6.41518,12.93000,26.47515,5.02124,1.25248,6.28900,12.39000,25.96593,5.07294,1.17508,5.96114,11.90000,24.61916,25.24449,104.06133
95-1,1783321429.139933,2026-07-06T14:03:49.139933,5.07877,1.28959,6.54954,13.15000,27.65681,5.05116,1.27592,6.44486,12.97000,27.12040,5.02924,1.25248,6.29902,12.39000,26.59657,5.07283,1.17728,5.97216,11.92000,25.21708,25.26558,106.59086
95-1,1783321429.240050,2026-07-06T14:03:49.240050,5.08677,1.28959,6.55985,13.15000,28.31357,5.05516,1.27592,6.44996,12.97000,27.76615,5.02260,1.22831,6.16931,12.15000,27.21423,5.06883,1.17728,5.96745,11.92000,25.81453,25.14657,109.10848
95-1,1783321429.340168,2026-07-06T14:03:49.340168,5.08315,1.28275,6.52043,13.08000,28.96638,5.05586,1.26029,6.37187,12.81000,28.40409,5.02101,1.25663,6.30955,12.43000,27.84593,5.06883,1.17728,5.96745,11.92000,26.41198,25.16930,111.62838
95-1,1783321429.440286,2026-07-06T14:03:49.440286,5.08373,1.27201,6.46657,12.97000,29.61379,5.05524,1.27396,6.44020,12.95000,29.04887,5.02090,1.25858,6.31922,12.45000,28.47859,5.07349,1.16434,5.90728,11.79000,27.00340,25.13327,114.14466
95-1,1783321429.540402,2026-07-06T14:03:49.540402,5.08725,1.28080,6.51576,13.06000,30.26613,5.06689,1.28178,6.49463,13.03000,29.69909,5.02090,1.25858,6.31922,12.45000,29.11125,5.07273,1.17924,5.98195,11.94000,27.60229,25.31156,116.67877
95-1,1783321429.640520,2026-07-06T14:03:49.640520,5.07925,1.28080,6.50551,13.06000,30.91745,5.05489,1.28178,6.47925,13.03000,30.34778,5.02586,1.24149,6.23957,12.28000,29.73595,5.07273,1.17924,5.98195,11.94000,28.20119,25.20628,119.20237
95-1,1783321429.740639,2026-07-06T14:03:49.740639,5.09509,1.28373,6.54073,13.09000,31.57230,5.05960,1.26615,6.40622,12.87000,30.98916,5.02501,1.25663,6.31457,12.43000,30.36815,5.07673,1.17924,5.98666,11.94000,28.80057,25.24818,121.73019
95-1,1783321429.840757,2026-07-06T14:03:49.840757,5.09451,1.29447,6.59470,13.20000,32.23255,5.05907,1.27787,6.46484,12.99000,31.63641,5.02490,1.25858,6.32425,12.45000,31.00133,5.07259,1.18216,5.99663,11.97000,29.40094,25.38042,124.27122
95-1,1783321429.940875,2026-07-06T14:03:49.940875,5.09013,1.30131,6.62384,13.27000,32.89571,5.05480,1.28373,6.48900,13.05000,32.28607,5.02890,1.25858,6.32928,12.45000,31.63500,5.07269,1.18021,5.98684,11.95000,30.00033,25.42896,126.81711
95-1,1783321430.040992,2026-07-06T14:03:50.040992,5.09515,1.28275,6.53582,13.27000,33.55006,5.04680,1.28373,6.47873,13.05000,32.93470,5.02850,1.26566,6.36438,12.52000,32.27218,5.08119,1.17020,5.94602,11.85000,30.59563,25.32495,129.35257
95-1,1783321430.141110,2026-07-06T14:03:50.141110,5.09115,1.28275,6.53069,13.08000,34.20390,5.05201,1.25712,6.35097,12.78000,33.57055,5.02998,1.23930,6.23364,12.26000,32.89628,5.07319,1.17020,5.93666,11.85000,31.18999,25.05196,131.86072
95-1,1783321430.241228,2026-07-06T14:03:50.241228,5.09136,1.27885,6.51107,13.04000,34.85577,5.05085,1.28275,6.47899,13.04000,34.21921,5.02072,1.26176,6.33493,12.48000,33.53052,5.07259,1.18216,5.99663,11.97000,31.79036,25.32162,134.39587
95-1,1783321430.341344,2026-07-06T14:03:50.341344,5.09024,1.29936,6.61403,13.25000,35.51795,5.05107,1.27787,6.45461,12.99000,34.86543,5.02872,1.26176,6.34502,12.48000,34.16576,5.07269,1.18021,5.98684,11.95000,32.38975,25.40050,136.93888
95-1,1783321430.441462,2026-07-06T14:03:50.441462,5.08683,1.28861,6.55495,13.14000,36.17421,5.04707,1.27787,6.44950,12.99000,35.51114,5.02466,1.26273,6.34481,12.49000,34.80099,5.07259,1.18216,5.99663,11.97000,32.99012,25.34589,139.47646
96-1,1783321430.541592,2026-07-06T14:03:50.541592,5.08283,1.28861,6.54980,13.14000,0.65583,5.05071,1.28568,6.49362,13.07000,0.65020,5.02906,1.18485,5.95868,11.72000,0.59664,5.07384,1.23637,6.27312,12.52000,0.62813,25.27522,2.53080
96-1,1783321430.641708,2026-07-06T14:03:50.641708,5.09029,1.29838,6.60913,13.24000,1.31751,5.04835,1.33793,6.75434,13.60000,1.32642,5.01426,1.30522,6.54470,12.91000,1.25187,5.06984,1.23637,6.26818,12.52000,1.25567,26.17635,5.15148
96-1,1783321430.741827,2026-07-06T14:03:50.741827,5.08875,1.32670,6.75125,13.53000,1.99344,5.06817,0.90017,4.56223,9.15000,1.78319,5.03826,1.30522,6.57602,12.91000,1.91026,5.07458,1.22172,6.19970,12.37000,1.87638,24.08920,7.56327
96-1,1783321430.841947,2026-07-06T14:03:50.841947,5.08401,1.26688,6.44085,12.92000,2.63829,5.05617,0.90017,4.55143,9.15000,2.23888,5.03680,0.83499,4.20566,8.26000,2.33132,5.08219,1.07157,5.44590,10.85000,2.42162,20.64384,9.63011
96-1,1783321430.942065,2026-07-06T14:03:50.942065,5.08401,1.26688,6.44085,12.92000,3.28314,5.04818,1.25321,6.32645,12.74000,2.87227,5.02318,1.21805,6.11851,12.05000,2.94390,5.07474,1.13968,5.78360,11.54000,3.00067,24.66941,12.09998
96-1,1783321431.042183,2026-07-06T14:03:51.042183,5.08828,1.26200,6.42141,12.87000,3.92604,5.04933,1.22782,6.19968,12.48000,3.49297,5.02318,1.21805,6.11851,12.05000,3.55648,5.06674,1.13968,5.77448,11.54000,3.57880,24.51408,14.55429
96-1,1783321431.142302,2026-07-06T14:03:51.142302,5.08736,1.27885,6.50596,13.04000,4.57741,5.05241,1.15995,5.86053,11.79000,4.07972,5.02694,1.15140,5.78804,11.39000,4.13597,5.08174,1.15946,5.89207,11.74000,4.16870,24.04660,16.96181
96-1,1783321431.242422,2026-07-06T14:03:51.242422,5.08406,1.26591,6.43596,12.91000,5.22178,5.04841,1.15995,5.85589,11.79000,4.66601,5.03094,1.15140,5.79264,11.39000,4.71593,5.08169,1.16044,5.89697,11.75000,4.75911,23.98146,19.36283
96-1,1783321431.342540,2026-07-06T14:03:51.342540,5.08406,1.26591,6.43596,12.91000,5.86613,5.05201,1.25712,6.35097,12.78000,5.30186,5.02644,1.23124,6.18875,12.18000,5.33553,5.07069,1.14066,5.78393,11.55000,5.33818,24.75961,21.84171
96-1,1783321431.442658,2026-07-06T14:03:51.442658,5.08540,1.24149,6.31348,12.66000,6.49823,5.05223,1.25224,6.32658,12.73000,5.93526,5.02758,1.21097,6.08827,11.98000,5.94508,5.07469,1.14066,5.78849,11.55000,5.91771,24.51682,24.29628
96-1,1783321431.542777,2026-07-06T14:03:51.542777,5.08433,1.26102,6.41147,12.86000,7.14014,5.05302,1.23466,6.23875,12.55000,6.55988,5.02569,1.24442,6.25409,12.31000,6.57123,5.06964,1.16141,5.88794,11.76000,6.50721,24.79225,26.77846
96-1,1783321431.642895,2026-07-06T14:03:51.642895,5.08497,1.24931,6.35268,12.74000,7.77616,5.05302,1.23466,6.23875,12.55000,7.18449,5.02969,1.24442,6.25907,12.31000,7.19788,5.07064,1.14164,5.78883,11.56000,7.08678,24.63933,29.24530
96-1,1783321431.743013,2026-07-06T14:03:51.743013,5.08709,1.28373,6.53046,13.09000,8.42997,5.05596,1.25810,6.36088,12.79000,7.82133,5.02609,1.23734,6.21900,12.24000,7.82051,5.07349,1.16434,5.90728,11.79000,7.67820,25.01762,31.75001
96-1,1783321431.843131,2026-07-06T14:03:51.843131,5.08709,1.28373,6.53046,13.09000,9.08379,5.05578,1.26225,6.38163,12.83000,8.46025,5.02735,1.21512,6.10886,12.02000,8.43212,5.07810,1.15238,5.85189,11.67000,8.26408,24.87284,34.24024
96-1,1783321431.943250,2026-07-06T14:03:51.943250,5.08470,1.25419,6.37718,12.79000,9.72226,5.05280,1.23954,6.26315,12.60000,9.08731,5.02592,1.24052,6.23473,12.27000,9.05633,5.07010,1.15238,5.84267,11.67000,8.84904,24.71773,36.71494
96-1,1783321432.043316,2026-07-06T14:03:52.043316,5.08272,1.29057,6.55959,13.16000,10.37866,5.05280,1.23954,6.26315,12.60000,9.71403,5.03392,1.24052,6.24465,12.27000,9.68121,5.07344,1.16532,5.91217,11.80000,9.44065,24.97956,39.21454
96-1,1783321432.143433,2026-07-06T14:03:52.143433,5.09157,1.27494,6.49146,13.00000,11.02856,5.05173,1.26322,6.38146,12.84000,10.35293,5.02592,1.24052,6.23473,12.27000,10.30541,5.07364,1.16141,5.89259,11.76000,10.03060,25.00024,41.71749
96-1,1783321432.243549,2026-07-06T14:03:52.243549,5.08357,1.27494,6.48126,13.00000,11.67744,5.05173,1.26322,6.38146,12.84000,10.99181,5.02620,1.23539,6.20932,12.22000,10.92706,5.07339,1.16630,5.91707,11.81000,10.62299,24.98911,44.21931
96-1,1783321432.343666,2026-07-06T14:03:52.343666,5.09061,1.29252,6.57972,13.18000,12.33618,5.04894,1.23661,6.24357,12.57000,11.61690,5.02564,1.24540,6.25893,12.32000,11.55368,5.07339,1.16630,5.91707,11.81000,11.21539,24.99929,46.72215
96-1,1783321432.443784,2026-07-06T14:03:52.443784,5.09131,1.27982,6.51598,13.05000,12.98855,5.04894,1.23661,6.24357,12.57000,12.24199,5.02964,1.24540,6.26391,12.32000,12.18082,5.06964,1.16141,5.88794,11.76000,11.80488,24.91140,49.21623
96-1,1783321432.543899,2026-07-06T14:03:52.543899,5.08683,1.28861,6.55495,13.14000,13.64480,5.05173,1.26322,6.38146,12.84000,12.88088,5.03129,1.21610,6.11856,12.03000,12.79338,5.06934,1.16727,5.91730,11.82000,12.39729,24.97227,51.71635
96-1,1783321432.644018,2026-07-06T14:03:52.644018,5.08283,1.28861,6.54980,13.14000,14.30056,5.05205,1.25614,6.34609,12.77000,13.51624,5.02975,1.24345,6.25422,12.30000,13.41954,5.07419,1.15043,5.83748,11.65000,12.98173,24.98759,54.21808
96-1,1783321432.744133,2026-07-06T14:03:52.744133,5.08838,1.26005,6.41161,12.85000,14.94246,5.04738,1.27103,6.41539,12.92000,14.15852,5.02724,1.21708,6.11854,12.04000,14.03210,5.07019,1.15043,5.83288,11.65000,13.56569,24.77842,56.69877
97-1,1783321432.844262,2026-07-06T14:03:52.844262,5.08309,1.28373,6.52532,13.09000,0.65337,5.05538,1.27103,6.42556,12.92000,0.64338,5.03524,1.21708,6.12828,12.04000,0.61361,5.06929,1.16825,5.92219,11.83000,0.59298,25.00135,2.50335
97-1,1783321432.944381,2026-07-06T14:03:52.944381,5.08256,1.29350,6.57427,13.19000,1.31158,5.05116,1.27592,6.44486,12.97000,1.28864,5.02375,1.27885,6.42461,12.65000,1.25684,5.06579,1.23734,6.26812,12.53000,1.22054,25.71186,5.07760
97-1,1783321433.044500,2026-07-06T14:03:53.044500,5.08262,1.21903,6.19588,12.43000,1.93191,5.04608,1.38798,7.00387,14.11000,1.98986,5.02101,1.32743,6.66505,13.13000,1.92414,5.08055,1.10404,5.60911,11.18000,1.78212,25.47391,7.62803
97-1,1783321433.144618,2026-07-06T14:03:53.144618,5.08262,1.21903,6.19588,12.43000,2.55222,5.07082,1.10672,5.61199,11.25000,2.55172,5.04282,1.08280,5.46035,10.71000,2.47082,5.07059,1.14261,5.79372,11.57000,2.36217,23.06194,9.93693
97-1,1783321433.244735,2026-07-06T14:03:53.244735,5.08476,1.25321,6.37228,12.78000,3.19020,5.05882,1.10672,5.59871,11.25000,3.11224,5.03082,1.08280,5.44735,10.71000,3.01619,5.07059,1.14261,5.79372,11.57000,2.94222,23.21206,12.26085
97-1,1783321433.344852,2026-07-06T14:03:53.344852,5.08711,1.21000,6.15540,12.34000,3.80646,5.05032,1.20609,6.09115,12.26000,3.72207,5.02517,1.18290,5.94426,11.70000,3.61132,5.07619,1.11112,5.64024,11.25000,3.50691,23.83105,14.64676
97-1,1783321433.444971,2026-07-06T14:03:53.444971,5.08849,1.25810,6.40181,12.83000,4.44740,5.04854,1.24540,6.28745,12.66000,4.35157,5.02340,1.21415,6.09916,12.01000,4.22196,5.07479,1.13871,5.77870,11.53000,4.08547,24.56712,17.10640
97-1,1783321433.545096,2026-07-06T14:03:53.545096,5.08449,1.25810,6.39677,12.83000,5.08788,5.05214,1.25419,6.33634,12.75000,4.98599,5.02626,1.23441,6.20448,12.21000,4.84318,5.07389,1.15653,5.86810,11.71000,4.67301,24.80569,19.59005
97-1,1783321433.645205,2026-07-06T14:03:53.645205,5.08368,1.27299,6.47146,12.98000,5.73573,5.05614,1.25419,6.34135,12.75000,5.62081,5.03426,1.23441,6.21435,12.21000,5.46529,5.07389,1.15653,5.86810,11.71000,5.26046,24.89526,22.08229
97-1,1783321433.745272,2026-07-06T14:03:53.745272,5.09176,1.12479,5.72716,11.47000,6.30883,5.05321,1.14212,5.77140,11.61000,6.19834,5.02871,1.12015,5.63291,11.08000,6.02896,5.07575,1.04080,5.28286,10.54000,5.78910,22.41433,24.32524
97-1,1783321433.845339,2026-07-06T14:03:53.845339,5.08385,1.26981,6.45555,12.95000,6.95482,5.04876,1.24052,6.26307,12.61000,6.82507,5.02278,1.22514,6.15359,12.12000,6.64473,5.06974,1.15946,5.87815,11.74000,6.37731,24.75036,26.80193
97-1,1783321433.945406,2026-07-06T14:03:53.945406,5.09185,1.26981,6.46571,12.95000,7.60182,5.05186,1.26029,6.36683,12.81000,7.46218,5.02592,1.24052,6.23473,12.27000,7.26862,5.07789,1.15653,5.87272,11.71000,6.96497,24.93999,29.29761
97-1,1783321434.045473,2026-07-06T14:03:54.045473,5.08828,1.26200,6.42141,12.87000,8.24439,5.05586,1.26029,6.37187,12.81000,8.09980,5.02992,1.24052,6.23969,12.27000,7.89301,5.06989,1.15653,5.86347,11.71000,7.55171,24.89644,31.78892
97-1,1783321434.145540,2026-07-06T14:03:54.145540,5.08773,1.27201,6.47165,12.97000,8.89199,5.04818,1.25321,6.32645,12.74000,8.73286,5.02295,1.22221,6.13907,12.09000,8.50733,5.07759,1.16239,5.90213,11.77000,8.14232,24.83930,34.27450
97-1,1783321434.245607,2026-07-06T14:03:54.245607,5.08828,1.26200,6.42141,12.87000,9.53456,5.04854,1.24540,6.28745,12.66000,9.36203,5.02569,1.24442,6.25409,12.31000,9.13315,5.07759,1.16239,5.90213,11.77000,8.73293,24.86508,36.76267
97-1,1783321434.345674,2026-07-06T14:03:54.345674,5.08796,1.26786,6.45082,12.93000,10.18008,5.05186,1.26029,6.36683,12.81000,9.99914,5.02586,1.24149,6.23957,12.28000,9.75753,5.07344,1.16532,5.91217,11.80000,9.32454,24.96939,39.26129
97-1,1783321434.445741,2026-07-06T14:03:54.445741,5.09196,1.26786,6.45589,12.93000,10.82610,5.05586,1.26029,6.37187,12.81000,10.63675,5.03095,1.22221,6.14885,12.09000,10.37283,5.07744,1.16532,5.91684,11.80000,9.91662,24.89345,41.75230
97-1,1783321434.545808,2026-07-06T14:03:54.545808,5.08747,1.27689,6.49616,13.02000,11.47615,5.04867,1.24247,6.27282,12.63000,11.26446,5.03095,1.22221,6.14885,12.09000,10.98813,5.06954,1.16337,5.89773,11.78000,10.50679,24.81556,44.23553
97-1,1783321434.645877,2026-07-06T14:03:54.645877,5.08731,1.27982,6.51086,13.05000,12.12768,5.04751,1.26811,6.40077,12.89000,11.90497,5.02569,1.24442,6.25409,12.31000,11.61396,5.07344,1.16532,5.91217,11.80000,11.09841,25.07789,46.74503
97-1,1783321434.745944,2026-07-06T14:03:54.745944,5.09115,1.28275,6.53069,13.08000,12.78119,5.05582,1.26127,6.37675,12.82000,12.54307,5.02758,1.21097,6.08827,11.98000,12.22320,5.07389,1.15653,5.86810,11.71000,11.68562,24.86381,49.23308
97-1,1783321434.846012,2026-07-06T14:03:54.846012,5.08715,1.28275,6.52556,13.08000,13.43419,5.05182,1.26127,6.37170,12.82000,13.18068,5.02158,1.24638,6.25878,12.33000,12.84950,5.06929,1.16825,5.92219,11.83000,12.27824,25.07823,51.74261
97-1,1783321434.946078,2026-07-06T14:03:54.946078,5.08288,1.28764,6.54490,13.13000,14.08911,5.05227,1.25126,6.32170,12.72000,13.81327,5.02558,1.24638,6.26377,12.33000,13.47629,5.06929,1.16825,5.92219,11.83000,12.87085,25.05256,54.24952
97-1,1783321435.046144,2026-07-06T14:03:55.046144,5.08368,1.27299,6.47146,12.98000,14.73669,5.05147,1.26908,6.41072,12.90000,14.45476,5.03078,1.22514,6.16339,12.12000,14.09304,5.07034,1.14750,5.81820,11.62000,13.45306,24.86377,56.73755
97-1,1783321435.146211,2026-07-06T14:03:55.146211,5.08720,1.28178,6.52066,13.07000,15.38919,5.05302,1.23466,6.23875,12.55000,15.07906,5.02969,1.24442,6.25907,12.31000,14.71937,5.06934,1.16727,5.91730,11.82000,14.04518,24.93578,59.23279
97-1,1783321435.246277,2026-07-06T14:03:55.246277,5.09120,1.28178,6.52578,13.07000,16.04220,5.05551,1.26811,6.41092,12.55000,15.72057,5.02684,1.22416,6.15365,12.11000,15.33514,5.07329,1.16825,5.92687,11.83000,14.63826,25.01722,61.73617
97-1,1783321435.346343,2026-07-06T14:03:55.346343,5.08741,1.27787,6.50106,13.03000,16.69273,5.05151,1.26811,6.40585,12.89000,16.36158,5.02684,1.22416,6.15365,12.11000,15.95091,5.07329,1.16825,5.92687,11.83000,15.23134,24.98743,64.23656
97-1,1783321435.446409,2026-07-06T14:03:55.446409,5.08704,1.28471,6.53536,13.10000,17.34670,5.05685,1.23856,6.26323,12.59000,16.98831,5.02169,1.24442,6.24911,12.31000,16.57623,5.07329,1.16825,5.92687,11.83000,15.82441,24.97457,66.73566
97-1,1783321435.546475,2026-07-06T14:03:55.546475,5.07973,1.27201,6.46148,12.97000,17.99327,5.05547,1.26908,6.41580,12.90000,17.63032,5.02324,1.21708,6.11367,12.04000,17.18800,5.07319,1.17020,5.93666,11.85000,16.41847,24.92761,69.23007
97-1,1783321435.646542,2026-07-06T14:03:55.646542,5.08773,1.27201,6.47165,12.97000,18.64087,5.05672,1.24149,6.27788,12.62000,18.25852,5.01735,1.25053,6.27433,12.37000,17.81585,5.07015,1.15140,5.83778,11.66000,17.00264,24.86164,71.71789
97-1,1783321435.746607,2026-07-06T14:03:55.746607,5.08044,1.25907,6.39663,12.84000,19.28095,5.05672,1.24149,6.27788,12.62000,18.88672,5.02535,1.25053,6.28433,12.37000,18.44470,5.07415,1.15140,5.84238,11.66000,17.58726,24.80122,74.19964
97-1,1783321435.846672,2026-07-06T14:03:55.846672,5.08193,1.23173,6.25955,12.56000,19.90732,5.05476,1.19633,6.04714,12.16000,19.49183,5.03455,1.22929,6.18890,12.16000,19.06399,5.08109,1.17215,5.95583,11.87000,18.18323,24.45142,76.64637
97-1,1783321435.946739,2026-07-06T14:03:55.946739,5.10236,0.85720,4.37376,8.74000,20.34498,5.06821,0.89920,4.55732,9.14000,19.94787,5.05515,0.86428,4.36909,8.55000,19.50119,5.08261,0.82669,4.20172,8.37000,18.60368,17.50189,78.39773
97-1,1783321436.046855,2026-07-06T14:03:56.046855,5.07201,1.26688,6.42565,12.92000,20.98830,5.04364,1.26518,6.38109,12.86000,20.58672,5.02324,1.21708,6.11367,12.04000,20.11327,5.07119,1.05179,5.33383,10.65000,19.13769,24.25424,80.82597
97-1,1783321436.146972,2026-07-06T14:03:56.146972,5.08401,1.26688,6.44085,12.92000,21.63313,5.04764,1.26518,6.38615,12.86000,21.22608,5.02724,1.21708,6.11854,12.04000,20.72584,5.07304,1.17313,5.95135,11.88000,19.73352,24.89689,83.31857
97-1,1783321436.247087,2026-07-06T14:03:56.247087,5.08368,1.27299,6.47146,12.98000,22.28103,5.05276,1.24052,6.26803,12.61000,21.85360,5.02541,1.24955,6.27949,12.36000,21.35451,5.07304,1.17313,5.95135,11.88000,20.32934,24.97033,85.81848
97-1,1783321436.347202,2026-07-06T14:03:56.347202,5.08363,1.27396,6.47636,12.99000,22.92940,5.05142,1.27006,6.41560,12.91000,22.49590,5.02512,1.25468,6.30490,12.41000,21.98572,5.07309,1.17215,5.94645,11.87000,20.92466,25.14331,88.33569
97-1,1783321436.447317,2026-07-06T14:03:56.447317,5.09573,1.27201,6.48183,12.97000,23.57833,5.05155,1.26713,6.40097,12.88000,23.13673,5.03838,1.23222,6.20837,12.19000,22.60727,5.07934,1.04886,5.32752,10.62000,21.45803,24.41869,90.78036
97-1,1783321436.547432,2026-07-06T14:03:56.547432,5.08773,1.27201,6.47165,12.97000,24.22624,5.05555,1.26713,6.40604,12.88000,23.77808,5.01838,1.23222,6.18373,12.19000,23.22636,5.07309,1.17215,5.94645,11.87000,22.05336,25.00787,93.28404
97-1,1783321436.647548,2026-07-06T14:03:56.647548,5.08683,1.28861,6.55495,13.14000,24.88250,5.04733,1.27201,6.42027,12.93000,24.42085,5.02941,1.24955,6.28449,12.36000,23.85554,5.07309,1.17215,5.94645,11.87000,22.64870,25.20616,95.80758
97-1,1783321436.747664,2026-07-06T14:03:56.747664,5.08661,1.29252,6.57455,13.18000,25.54071,5.04733,1.27201,6.42027,12.93000,25.06362,5.02924,1.25248,6.29902,12.39000,24.48617,5.06509,1.17215,5.93707,11.87000,23.24309,25.23091,98.33359
97-1,1783321436.847781,2026-07-06T14:03:56.847781,5.08022,1.26298,6.41621,12.88000,26.18308,5.05632,1.25028,6.32182,12.71000,25.69654,5.02924,1.25248,6.29902,12.39000,25.11681,5.06534,1.16727,5.91263,11.82000,23.83504,24.94968,100.83147
97-1,1783321436.947896,2026-07-06T14:03:56.947896,5.09222,1.26298,6.43137,12.88000,26.82696,5.05632,1.25028,6.32182,12.71000,26.32945,5.02124,1.25248,6.28900,12.39000,25.74643,5.07709,1.17215,5.95114,11.87000,24.43084,24.99333,103.33368
97-1,1783321437.048011,2026-07-06T14:03:57.048011,5.07957,1.27494,6.47616,13.00000,27.47532,5.05155,1.26713,6.40097,12.88000,26.97028,5.02535,1.25053,6.28433,12.37000,26.37559,5.06909,1.17215,5.94176,11.87000,25.02570,25.10322,105.84689
97-1,1783321437.148128,2026-07-06T14:03:57.148128,5.08629,1.29838,6.60394,13.24000,28.13649,5.05116,1.27592,6.44486,12.97000,27.61552,5.02541,1.24955,6.27949,12.36000,27.00427,5.07283,1.17728,5.97216,11.92000,25.62362,25.30045,108.37990
97-1,1783321437.248244,2026-07-06T14:03:57.248244,5.08720,1.28178,6.52066,13.07000,28.78931,5.05538,1.27103,6.42556,12.92000,28.25882,5.02924,1.25248,6.29902,12.39000,27.63490,5.07278,1.17826,5.97705,11.93000,26.22201,25.22229,110.90505
97-1,1783321437.348360,2026-07-06T14:03:57.348360,5.08396,1.26786,6.44575,12.93000,29.43463,5.05138,1.27103,6.42048,12.92000,28.90161,5.02924,1.25248,6.29902,12.39000,28.26554,5.07304,1.17313,5.95135,11.88000,26.81784,25.11660,113.41962
97-1,1783321437.448479,2026-07-06T14:03:57.448479,5.08796,1.26786,6.45082,12.93000,30.08049,5.05507,1.27787,6.45972,12.99000,29.54836,5.03306,1.25565,6.31978,12.42000,28.89827,5.07694,1.17508,5.96584,11.90000,27.41514,25.19616,115.94225
97-1,1783321437.548547,2026-07-06T14:03:57.548547,5.07541,1.27787,6.48572,13.03000,30.72949,5.05538,1.27103,6.42556,12.92000,30.19135,5.01679,1.26054,6.32384,12.47000,29.53108,5.07294,1.17508,5.96114,11.90000,28.01165,25.19626,118.46357
97-1,1783321437.648613,2026-07-06T14:03:57.648613,5.07488,1.28764,6.53460,13.13000,31.38339,5.04342,1.27006,6.40544,12.91000,30.83232,5.01781,1.24247,6.23447,12.29000,30.15494,5.07683,1.17728,5.97686,11.92000,28.60974,25.15137,120.98039
97-1,1783321437.748682,2026-07-06T14:03:57.748682,5.08725,1.28080,6.51576,13.06000,32.03542,5.05942,1.27006,6.42576,12.91000,31.47534,5.03198,1.20389,6.05797,11.91000,30.76116,5.07669,1.18021,5.99156,11.95000,29.20930,24.99105,123.48121
97-1,1783321437.848748,2026-07-06T14:03:57.848748,5.07925,1.28080,6.50551,13.06000,32.68639,5.04873,1.15287,5.82051,11.72000,32.05777,5.01198,1.20389,6.03390,11.91000,31.36494,5.07259,1.18216,5.99663,11.97000,29.80936,24.35655,125.91847
97-1,1783321437.948815,2026-07-06T14:03:57.948815,5.07883,1.28861,6.54464,13.14000,33.34129,5.04307,1.27787,6.44439,12.99000,32.70264,5.02495,1.25761,6.31941,12.44000,31.99730,5.07259,1.18216,5.99663,11.97000,30.40942,25.30507,128.45066
97-1,1783321438.048881,2026-07-06T14:03:58.048881,5.07936,1.27885,6.49573,13.04000,33.99130,5.05205,1.25614,6.34609,12.77000,33.33767,5.02479,1.26054,6.33393,12.47000,32.63112,5.07273,1.17924,5.98195,11.94000,31.00802,25.15770,130.96810
97-1,1783321438.148949,2026-07-06T14:03:58.148949,5.08373,1.27201,6.46657,12.97000,34.63840,5.04805,1.25614,6.34107,12.77000,33.97221,5.03352,1.24760,6.27980,12.34000,33.25953,5.07324,1.16923,5.93176,11.84000,31.60160,25.01920,133.47173
97-1,1783321438.249015,2026-07-06T14:03:58.249015,5.08773,1.27201,6.47165,12.97000,35.28599,5.05098,1.27982,6.46437,13.01000,34.61907,5.02552,1.24760,6.26982,12.34000,33.88692,5.08004,1.11405,5.65941,11.28000,32.16791,24.86525,135.95988
97-1,1783321438.349081,2026-07-06T14:03:58.349081,5.09181,1.19730,6.09643,12.21000,35.89603,5.05147,1.26908,6.41072,12.90000,35.26057,5.03169,1.20902,6.08342,11.96000,34.49567,5.07204,1.11405,5.65049,11.28000,32.73333,24.24106,138.38560
97-1,1783321438.449148,2026-07-06T14:03:58.449148,5.09266,1.18168,6.01788,12.05000,36.49823,5.06421,0.89920,4.55373,9.14000,35.71625,5.04372,0.99588,5.02294,9.85000,34.99830,5.08449,1.18412,6.02063,11.99000,33.33580,21.61518,140.54857
97-1,1783321438.549215,2026-07-06T14:03:58.549215,5.09853,0.85403,4.35430,8.71000,36.93395,5.06021,0.89920,4.55013,9.14000,36.17156,5.04315,0.86428,4.35871,8.55000,35.43446,5.10256,0.82766,4.22319,8.38000,33.75840,17.48633,142.29837
97-1,1783321438.649282,2026-07-06T14:03:58.649282,5.06720,1.28178,6.49502,13.07000,37.58388,5.05626,0.89822,4.54164,9.13000,36.62603,5.03115,0.86428,4.34834,8.55000,35.86958,5.07319,1.09134,5.53658,11.05000,34.31243,20.92158,144.39192
97-1,1783321438.749349,2026-07-06T14:03:58.749349,5.08720,1.28178,6.52066,13.07000,38.23638,5.03951,1.26811,6.39063,12.89000,37.26552,5.02472,1.26176,6.33997,12.48000,36.50400,5.07259,1.18216,5.99663,11.97000,34.91249,25.24789,146.91840
98-1,1783321438.849431,2026-07-06T14:03:58.849431,5.10283,1.28861,6.57557,13.14000,0.65810,5.05298,1.23563,6.24363,12.56000,0.62487,5.02569,1.24442,6.25409,12.31000,0.62592,5.07659,1.18216,6.00136,11.97000,0.60063,25.07465,2.50952
98-1,1783321438.949497,2026-07-06T14:03:58.949497,5.10213,1.30131,6.63945,13.27000,1.32248,5.04898,1.23563,6.23869,12.56000,1.24916,5.01855,1.30009,6.52456,12.86000,1.27881,5.07504,1.13382,5.75420,11.48000,1.17643,25.15690,5.02688
98-1,1783321439.049563,2026-07-06T14:03:59.049563,5.08677,1.28959,6.55985,13.15000,1.97890,5.05670,1.33012,6.72601,13.52000,1.92220,5.03455,1.30009,6.54536,12.86000,1.93378,5.07398,1.15458,5.85830,11.69000,1.76265,25.68952,7.59753
98-1,1783321439.149631,2026-07-06T14:03:59.149631,5.07877,1.28959,6.54954,13.15000,2.63430,5.06886,1.06156,5.38088,10.79000,2.46065,5.03611,0.84719,4.26656,8.38000,2.36072,5.06598,1.15458,5.84907,11.69000,2.34795,22.04605,9.80362
98-1,1783321439.249696,2026-07-06T14:03:59.249696,5.08796,1.26786,6.45082,12.93000,3.27980,5.05325,1.22977,6.21435,12.50000,3.08250,5.01431,1.23344,6.18484,12.20000,2.97961,5.07398,1.15458,5.85830,11.69000,2.93416,24.70831,12.27608
98-1,1783321439.349762,2026-07-06T14:03:59.349762,5.08860,1.25614,6.39200,12.81000,3.91942,5.05325,1.22977,6.21435,12.50000,3.70434,5.02689,1.22318,6.14881,12.10000,3.59490,5.07069,1.14066,5.78393,11.55000,3.51294,24.53909,14.73159
98-1,1783321439.449828,2026-07-06T14:03:59.449828,5.08454,1.25712,6.39187,12.82000,4.55903,5.04876,1.24052,6.26307,12.61000,4.33106,5.02289,1.22318,6.14391,12.10000,4.20969,5.06979,1.15848,5.87326,11.73000,4.10065,24.67211,17.20043
98-1,1783321439.549893,2026-07-06T14:03:59.549893,5.09254,1.25712,6.40193,12.82000,5.19964,5.04823,1.25224,6.32157,12.73000,4.96363,5.02724,1.21708,6.11854,12.04000,4.82195,5.07384,1.15751,5.87300,11.72000,4.68833,24.71504,19.67355
98-1,1783321439.649959,2026-07-06T14:03:59.649959,5.08341,1.27787,6.49595,13.03000,5.84966,5.05623,1.25224,6.33159,12.73000,5.59721,5.02631,1.23344,6.19964,12.20000,5.44232,5.07384,1.15751,5.87300,11.72000,5.27602,24.90018,22.16521
98-1,1783321439.750025,2026-07-06T14:03:59.750025,5.08561,1.23759,6.29388,12.62000,6.47947,5.05223,1.25224,6.32658,12.73000,6.23028,5.02271,1.22636,6.15963,12.13000,6.05869,5.07415,1.15140,5.84238,11.66000,5.86064,24.62247,24.62908
98-1,1783321439.850090,2026-07-06T14:03:59.850090,5.08486,1.25126,6.36248,12.76000,7.11613,5.05316,1.23173,6.22411,12.52000,6.85310,5.02671,1.22636,6.16454,12.13000,6.67554,5.07379,1.15848,5.87789,11.73000,6.44881,24.62902,27.09358
98-1,1783321439.950155,2026-07-06T14:03:59.950155,5.08886,1.25126,6.36749,12.76000,7.75329,5.05214,1.25419,6.33634,12.75000,7.48714,5.03044,1.23124,6.19367,12.18000,7.29532,5.07454,1.14359,5.80319,11.58000,7.02951,24.70069,29.56527
98-1,1783321440.050220,2026-07-06T14:04:00.050220,5.08545,1.24052,6.30858,12.65000,8.38456,5.05632,1.25028,6.32182,12.71000,8.11973,5.03009,1.23734,6.22395,12.24000,7.91811,5.07454,1.14359,5.80319,11.58000,7.61020,24.65754,32.03260
98-1,1783321440.150285,2026-07-06T14:04:00.150285,5.08406,1.26591,6.43596,12.91000,9.02857,5.04832,1.25028,6.31182,12.71000,8.75133,5.02391,1.20511,6.05439,11.92000,8.52394,5.07364,1.16141,5.89259,11.76000,8.19985,24.69476,34.50369
98-1,1783321440.250348,2026-07-06T14:04:00.250348,5.09150,1.12967,5.75173,11.52000,9.60411,5.06067,1.24247,6.28773,12.63000,9.38050,5.03191,1.20511,6.06403,11.92000,9.13073,5.08249,1.14457,5.81725,11.59000,8.78194,23.92074,36.89728
98-1,1783321440.350412,2026-07-06T14:04:00.350412,5.09836,0.85720,4.37033,8.74000,10.04142,5.07621,0.89920,4.56452,9.14000,9.83724,5.04320,0.86331,4.35384,8.54000,9.56640,5.09856,0.82766,4.21988,8.38000,9.20420,17.50857,38.64926
98-1,1783321440.450477,2026-07-06T14:04:00.450477,5.08636,0.85720,4.36005,8.74000,10.47771,5.05442,1.11551,5.63827,11.34000,10.40144,5.04246,0.87649,4.41967,8.67000,10.00865,5.07125,1.12967,5.72885,11.44000,9.77746,20.14684,40.66526
98-1,1783321440.550542,2026-07-06T14:04:00.550542,5.08134,1.24247,6.31341,12.67000,11.10946,5.06242,1.11551,5.64719,11.34000,10.96652,5.01420,1.23539,6.19449,12.22000,10.62850,5.07525,1.12967,5.73337,11.44000,10.35116,23.88846,43.05564
98-1,1783321440.650657,2026-07-06T14:04:00.650657,5.08033,1.26102,6.40642,12.86000,11.75084,5.05596,1.25810,6.36088,12.79000,11.60334,5.02620,1.23539,6.20932,12.22000,11.25015,5.06959,1.16239,5.89283,11.77000,10.94113,24.86945,45.54546
98-1,1783321440.750728,2026-07-06T14:04:00.750728,5.08465,1.25517,6.38208,12.80000,12.38950,5.05641,1.24833,6.31206,12.69000,12.23499,5.02238,1.23222,6.18866,12.19000,11.86945,5.06964,1.16141,5.88794,11.76000,11.53034,24.77074,48.02428
98-1,1783321440.850799,2026-07-06T14:04:00.850799,5.08865,1.25517,6.38710,12.80000,13.02866,5.05182,1.26127,6.37170,12.82000,12.87261,5.02152,1.24760,6.26483,12.34000,12.49638,5.07364,1.16141,5.89259,11.76000,12.12001,24.91622,50.51767
98-1,1783321440.950868,2026-07-06T14:04:00.950868,5.07947,1.27689,6.48594,13.02000,13.67771,5.05582,1.26127,6.37675,12.82000,13.51073,5.02598,1.23930,6.22868,12.26000,13.11968,5.07364,1.16141,5.89259,11.76000,12.70968,24.98396,53.01779
98-1,1783321441.050938,2026-07-06T14:04:01.050938,5.08001,1.26688,6.43579,12.92000,14.32174,5.05191,1.25932,6.36195,12.80000,14.14737,5.02575,1.24345,6.24925,12.30000,13.74504,5.06959,1.16239,5.89283,11.77000,13.29938,24.93982,55.51353
98-1,1783321441.151008,2026-07-06T14:04:01.151008,5.09046,1.22196,6.22035,12.46000,14.94421,5.05454,1.20121,6.07156,12.21000,14.75496,5.02575,1.24345,6.24925,12.30000,14.37040,5.07230,1.10892,5.62478,11.23000,13.86225,24.16594,57.93182
98-1,1783321441.251078,2026-07-06T14:04:01.251078,5.09046,1.22196,6.22035,12.46000,15.56668,5.04880,1.23954,6.25819,12.60000,15.38121,5.02592,1.24052,6.23473,12.27000,14.99431,5.07044,1.14554,5.80841,11.60000,14.44350,24.52168,60.38570
98-1,1783321441.351148,2026-07-06T14:04:01.351148,5.08331,1.27982,6.50574,13.05000,16.21771,5.04880,1.23954,6.25819,12.60000,16.00747,5.02569,1.24442,6.25409,12.31000,15.62016,5.07044,1.14554,5.80841,11.60000,15.02474,24.82643,62.87008
98-1,1783321441.451218,2026-07-06T14:04:01.451218,5.08704,1.28471,6.53536,13.10000,16.87170,5.05164,1.26518,6.39121,12.86000,16.64703,5.02581,1.24247,6.24441,12.29000,16.24503,5.06929,1.16825,5.92219,11.83000,15.61737,25.09317,65.38114
98-1,1783321441.551287,2026-07-06T14:04:01.551287,5.08870,1.25419,6.38219,12.79000,17.51036,5.05311,1.23270,6.22899,12.53000,17.27036,5.02981,1.24247,6.24938,12.29000,16.87040,5.08124,1.16923,5.94112,11.84000,16.21190,24.80168,67.86303
98-1,1783321441.651358,2026-07-06T14:04:01.651358,5.11048,0.85501,4.36949,8.72000,17.94762,5.07626,0.89822,4.55960,9.13000,17.72665,5.04326,0.86233,4.34896,8.53000,17.30561,5.09865,0.82571,4.21000,8.36000,16.63320,17.48805,69.61307
98-1,1783321441.751428,2026-07-06T14:04:01.751428,5.09448,0.85501,4.35581,8.72000,18.38350,5.06426,0.89822,4.54882,9.13000,18.18185,5.04320,0.86331,4.35384,8.54000,17.74130,5.07810,0.99442,5.04974,10.07000,17.13852,18.30821,71.44517
98-1,1783321441.851497,2026-07-06T14:04:01.851497,5.09111,1.21000,6.16024,12.34000,18.99996,5.05833,1.11747,5.65251,11.36000,18.74749,5.01826,1.23441,6.19460,12.21000,18.36119,5.08210,0.99442,5.05372,10.07000,17.64425,23.06107,73.75288
98-1,1783321441.951568,2026-07-06T14:04:01.951568,5.08892,1.25028,6.36258,12.75000,19.63666,5.05169,1.26420,6.38634,12.85000,19.38658,5.02626,1.23441,6.20448,12.21000,18.98207,5.07364,1.16141,5.89259,11.76000,18.23392,24.84599,76.23923
98-1,1783321442.051639,2026-07-06T14:04:02.051639,5.08373,1.27201,6.46657,12.97000,20.28378,5.05280,1.23954,6.26315,12.60000,20.01334,5.02946,1.24857,6.27965,12.35000,19.61049,5.07319,1.17020,5.93666,11.85000,18.82801,24.94603,78.73562
98-1,1783321442.151710,2026-07-06T14:04:02.151710,5.08773,1.27201,6.47165,12.97000,20.93140,5.04880,1.23954,6.25819,12.60000,20.63960,5.03106,1.22025,6.13916,12.07000,20.22484,5.06934,1.16727,5.91730,11.82000,19.42016,24.78630,81.21600
98-1,1783321442.251781,2026-07-06T14:04:02.251781,5.09157,1.27494,6.49146,13.00000,21.58101,5.05564,1.26518,6.39627,12.86000,21.27968,5.02152,1.24760,6.26483,12.34000,20.85176,5.07334,1.16727,5.92197,11.82000,20.01278,25.07453,83.72523
98-1,1783321442.351847,2026-07-06T14:04:02.351847,5.09228,1.26200,6.42646,12.87000,22.22408,5.05614,1.25419,6.34135,12.75000,21.91423,5.02552,1.24760,6.26982,12.34000,21.47916,5.07374,1.15946,5.88279,11.74000,20.60144,24.92042,86.21892
98-1,1783321442.451913,2026-07-06T14:04:02.451913,5.08336,1.27885,6.50084,13.04000,22.87459,5.05173,1.26322,6.38146,12.84000,22.55280,5.03015,1.23637,6.21911,12.23000,22.10148,5.07344,1.16532,5.91217,11.80000,21.19305,25.01358,88.72192
98-1,1783321442.551979,2026-07-06T14:04:02.551979,5.08736,1.27885,6.50596,13.04000,23.52562,5.05573,1.26322,6.38651,12.84000,23.19187,5.02958,1.24638,6.26875,12.33000,22.72877,5.06914,1.17118,5.93687,11.86000,21.78713,25.09809,91.23339
98-1,1783321442.652044,2026-07-06T14:04:02.652044,5.08667,1.29154,6.56965,13.17000,24.18301,5.05542,1.27006,6.42068,12.91000,23.83436,5.02935,1.25053,6.28934,12.37000,23.35812,5.06914,1.17118,5.93687,11.86000,22.38121,25.21654,93.75670
98-1,1783321442.752111,2026-07-06T14:04:02.752111,5.08860,1.25614,6.39200,12.81000,24.82264,5.05618,1.25321,6.33647,12.74000,24.46843,5.02135,1.25053,6.27933,12.37000,23.98647,5.07309,1.17215,5.94645,11.87000,22.97625,24.95425,96.25379
98-1,1783321442.852177,2026-07-06T14:04:02.852177,5.08747,1.27689,6.49616,13.02000,25.47269,5.05142,1.27006,6.41560,12.91000,25.11042,5.02689,1.22318,6.14881,12.10000,24.60176,5.07398,1.15458,5.85830,11.69000,23.56247,24.91887,98.74732
98-1,1783321442.952244,2026-07-06T14:04:02.952244,5.09122,1.20804,6.15042,12.32000,26.08814,5.04742,1.27006,6.41052,12.91000,25.75189,5.02769,1.20902,6.07859,11.96000,25.21002,5.07149,1.12479,5.70437,11.39000,24.13328,24.34390,101.18333
98-1,1783321443.052310,2026-07-06T14:04:03.052310,5.09122,1.20804,6.15042,12.32000,26.70359,5.05517,1.18729,6.00196,12.07000,26.35249,5.02186,1.24149,6.23460,12.28000,25.83389,5.07389,1.15653,5.86810,11.71000,24.72048,24.25508,103.61045
98-1,1783321443.152377,2026-07-06T14:04:03.152377,5.09318,1.24540,6.34305,12.70000,27.33831,5.05396,1.21390,6.13503,12.34000,26.96640,5.02186,1.24149,6.23460,12.28000,26.45777,5.06989,1.15653,5.86347,11.71000,25.30722,24.57615,106.06970
98-1,1783321443.252445,2026-07-06T14:04:03.252445,5.09147,1.27689,6.50126,13.02000,27.98888,5.05107,1.27787,6.45461,12.99000,27.61230,5.02244,1.23124,6.18382,12.18000,27.07657,5.07699,1.17411,5.96094,11.89000,25.90372,25.10063,108.58147
98-1,1783321443.352511,2026-07-06T14:04:03.352511,5.08293,1.28666,6.54001,13.12000,28.64332,5.05507,1.27787,6.45972,12.99000,28.25870,5.02164,1.24540,6.25395,12.32000,27.70238,5.07739,1.16630,5.92174,11.81000,26.49629,25.17542,111.10069
98-1,1783321443.452579,2026-07-06T14:04:03.452579,5.09493,1.28666,6.55545,13.12000,29.29930,5.04445,1.24735,6.29221,12.68000,28.88835,5.02518,1.25346,6.29885,12.40000,28.33269,5.06873,1.17924,5.97723,11.94000,27.09441,25.12374,113.61475
98-1,1783321443.552645,2026-07-06T14:04:03.552645,5.08277,1.28959,6.55469,13.15000,29.95521,5.04324,1.27396,6.42492,12.95000,29.53127,5.02918,1.25346,6.30386,12.40000,28.96350,5.06873,1.17924,5.97723,11.94000,27.69253,25.26070,116.14251
98-1,1783321443.652712,2026-07-06T14:04:03.652712,5.08325,1.28080,6.51063,13.06000,30.60671,5.05911,1.27689,6.45995,12.98000,30.17769,5.03055,1.22929,6.18398,12.16000,29.58231,5.07283,1.17728,5.97216,11.92000,28.29015,25.12672,118.65685
98-1,1783321443.752779,2026-07-06T14:04:03.752779,5.09131,1.27982,6.51598,13.05000,31.25875,5.04711,1.27689,6.44463,12.98000,30.82259,5.02935,1.25053,6.28934,12.37000,30.21167,5.07288,1.17631,5.96726,11.91000,28.88728,25.21721,121.18028
98-1,1783321443.852851,2026-07-06T14:04:03.852851,5.08331,1.27982,6.50574,13.05000,31.90978,5.05614,1.25419,6.34135,12.75000,31.45718,5.02901,1.25663,6.31960,12.43000,30.84408,5.06934,1.16727,5.91730,11.82000,29.47943,25.08399,123.69047
98-1,1783321443.952921,2026-07-06T14:04:03.952921,5.08736,1.27885,6.50596,13.04000,32.56084,5.05102,1.27885,6.45949,13.00000,32.10358,5.01701,1.25663,6.30452,12.43000,31.47497,5.07334,1.16727,5.92197,11.82000,30.07204,25.19194,126.21144
98-1,1783321444.052993,2026-07-06T14:04:04.052993,5.08704,1.28471,6.53536,13.10000,33.21485,5.05151,1.26811,6.40585,12.89000,32.74463,5.02930,1.25150,6.29418,12.38000,32.10484,5.07678,1.17826,5.98176,11.93000,30.67065,25.21715,128.73497
98-1,1783321444.153064,2026-07-06T14:04:04.153064,5.08693,1.28666,6.54515,13.12000,33.86983,5.04414,1.25419,6.32630,12.75000,33.37771,5.02912,1.25468,6.30992,12.41000,32.73628,5.07654,1.18314,6.00626,11.98000,31.27170,25.18763,131.25552
98-1,1783321444.253135,2026-07-06T14:04:04.253135,5.08267,1.29154,6.56448,13.12000,34.52674,5.04414,1.25419,6.32630,12.75000,34.01079,5.02890,1.25858,6.32928,12.45000,33.36966,5.07264,1.18119,5.99174,11.96000,31.87130,25.21180,133.77849
98-1,1783321444.353206,2026-07-06T14:04:04.353206,5.07467,1.29154,6.55415,13.17000,35.18262,5.05498,1.27982,6.46949,13.01000,34.65820,5.02090,1.25858,6.31922,12.45000,34.00203,5.07664,1.18119,5.99646,11.96000,32.47137,25.33932,136.31422
98-1,1783321444.453278,2026-07-06T14:04:04.453278,5.07877,1.28959,6.54954,13.15000,35.83804,5.05516,1.27592,6.44996,12.97000,35.30365,5.02095,1.25761,6.31438,12.44000,34.63392,5.07264,1.18119,5.99174,11.96000,33.07097,25.30562,138.84659
98-1,1783321444.553349,2026-07-06T14:04:04.553349,5.07845,1.29545,6.57888,13.21000,36.49640,5.05889,1.28178,6.48437,13.03000,35.95255,5.03290,1.25858,6.33432,12.45000,35.26780,5.07283,1.17728,5.97216,11.92000,33.66861,25.36973,141.38536
98-1,1783321444.653420,2026-07-06T14:04:04.653420,5.09109,1.28373,6.53559,13.09000,37.15042,5.05089,1.28178,6.47412,13.03000,36.60042,5.03369,1.24442,6.26404,12.31000,35.89465,5.07273,1.17924,5.98195,11.94000,34.26724,25.25570,143.91274
98-1,1783321444.753493,2026-07-06T14:04:04.753493,5.08309,1.28373,6.52532,13.09000,37.80343,5.05173,1.26322,6.38146,12.84000,37.23903,5.02079,1.26054,6.32888,12.47000,36.52800,5.08099,1.17411,5.96564,11.89000,34.86424,25.20130,146.43470
99-1,1783321444.853577,2026-07-06T14:04:04.853577,5.08102,1.24833,6.34279,12.73000,0.63481,5.05196,1.25810,6.35585,12.79000,0.63612,5.02079,1.26054,6.32888,12.47000,0.63342,5.06499,1.17411,5.94685,11.89000,0.59518,24.97437,2.49953
99-1,1783321444.953648,2026-07-06T14:04:04.953648,5.07728,1.31693,6.68645,13.43000,1.30393,5.04857,1.33305,6.72999,13.55000,1.30960,5.02633,1.30399,6.55431,12.90000,1.28932,5.06953,1.24247,6.29874,12.58000,1.22551,26.26949,5.12836
99-1,1783321445.053721,2026-07-06T14:04:05.053721,5.08262,1.21903,6.19588,12.43000,1.92397,5.06057,1.33305,6.74598,13.55000,1.98469,5.03596,1.13334,5.70744,11.21000,1.86048,5.07544,1.12577,5.71377,11.40000,1.79730,24.36307,7.56644
99-1,1783321445.153793,2026-07-06T14:04:05.153793,5.08662,1.21903,6.20075,12.43000,2.54450,5.06039,0.89529,4.53052,9.10000,2.43807,5.02855,1.19388,6.00350,11.81000,2.46126,5.07324,1.09037,5.53168,11.04000,2.35087,22.26645,9.79469
99-1,1783321445.253865,2026-07-06T14:04:05.253865,5.08363,1.27396,6.47636,12.99000,3.19260,5.04414,1.25419,6.32630,12.75000,3.07115,5.02855,1.19388,6.00350,11.81000,3.06204,5.07324,1.09037,5.53168,11.04000,2.90443,24.33784,12.23022
99-1,1783321445.353936,2026-07-06T14:04:05.353936,5.08352,1.27592,6.48615,13.01000,3.84168,5.04933,1.22782,6.19968,12.48000,3.69156,5.02586,1.24149,6.23957,12.28000,3.68645,5.07084,1.13773,5.76925,11.52000,3.48177,24.69465,14.70145
99-1,1783321445.454008,2026-07-06T14:04:05.454008,5.08924,1.24442,6.33316,12.69000,4.47545,5.05333,1.22782,6.20459,12.48000,4.31247,5.02620,1.23539,6.20932,12.22000,4.30782,5.06979,1.15848,5.87326,11.73000,4.06952,24.62033,17.16525
99-1,1783321445.554080,2026-07-06T14:04:05.554080,5.08524,1.24442,6.32818,12.69000,5.10872,5.05627,1.25126,6.32671,12.72000,4.94559,5.02786,1.20609,6.06406,11.93000,4.91466,5.07374,1.15946,5.88279,11.74000,4.65822,24.60174,19.62719
99-1,1783321445.654153,2026-07-06T14:04:05.654153,5.08428,1.26200,6.41637,12.87000,5.75082,5.05586,1.26029,6.37187,12.81000,5.58324,5.02386,1.20609,6.05923,11.93000,5.52103,5.07374,1.15946,5.88279,11.74000,5.24693,24.73026,22.10203
99-1,1783321445.754225,2026-07-06T14:04:05.754225,5.08913,1.24638,6.34297,12.71000,6.38558,5.05245,1.24735,6.30219,12.68000,6.21391,5.02586,1.24149,6.23957,12.28000,6.14543,5.07805,1.15336,5.85679,11.68000,5.83303,24.74152,24.57795
99-1,1783321445.854302,2026-07-06T14:04:05.854302,5.08801,1.26688,6.44592,12.92000,7.03066,5.05245,1.24735,6.30219,12.68000,6.84462,5.02598,1.23930,6.22868,12.26000,6.76878,5.06959,1.16239,5.89283,11.77000,6.42277,24.86962,27.06683
99-1,1783321445.954424,2026-07-06T14:04:05.954424,5.08876,1.25321,6.37729,12.78000,7.66917,5.05267,1.24247,6.27779,12.63000,7.47316,5.03164,1.21000,6.08827,11.97000,7.37835,5.07029,1.14847,5.82309,11.63000,7.00578,24.56644,29.52647
99-1,1783321446.054545,2026-07-06T14:04:06.054545,5.08476,1.25321,6.37228,12.78000,8.30717,5.05191,1.25932,6.36195,12.80000,8.11013,5.02364,1.21000,6.07859,11.97000,7.98695,5.07349,1.16434,5.90728,11.79000,7.59723,24.72010,32.00148
99-1,1783321446.154668,2026-07-06T14:04:06.154668,5.09173,1.27201,6.47674,12.97000,8.95564,5.05236,1.24931,6.31194,12.70000,8.74210,5.02986,1.24149,6.24454,12.28000,8.61217,5.07349,1.16434,5.90728,11.79000,8.18868,24.94050,34.49860
99-1,1783321446.254787,2026-07-06T14:04:06.254787,5.09141,1.27787,6.50617,13.03000,9.60703,5.05236,1.24931,6.31194,12.70000,9.37404,5.03049,1.23026,6.18883,12.17000,9.23179,5.07439,1.14652,5.81789,11.61000,8.77116,24.82483,36.98403
99-1,1783321446.354906,2026-07-06T14:04:06.354906,5.09163,1.27396,6.48655,12.99000,10.25646,5.05610,1.25517,6.34624,12.76000,10.00942,5.02569,1.24442,6.25409,12.31000,9.85794,5.07354,1.16337,5.90238,11.78000,9.36210,24.98926,39.48592
99-1,1783321446.455024,2026-07-06T14:04:06.455024,5.08763,1.27396,6.48145,12.99000,10.90537,5.05601,1.25712,6.35600,12.78000,10.64577,5.02969,1.24442,6.25907,12.31000,10.48459,5.07394,1.15555,5.86320,11.70000,9.94911,24.95972,41.98484
99-1,1783321446.555141,2026-07-06T14:04:06.555141,5.08454,1.25712,6.39187,12.82000,11.54530,5.05707,1.23368,6.23881,12.54000,11.27039,5.02181,1.24247,6.23944,12.29000,11.10926,5.07394,1.15555,5.86320,11.70000,10.53612,24.73332,44.46107
99-1,1783321446.655258,2026-07-06T14:04:06.655258,5.08396,1.26786,6.44575,12.93000,12.19064,5.05707,1.23368,6.23881,12.54000,11.89500,5.02255,1.22929,6.17415,12.16000,11.72740,5.07329,1.16825,5.92687,11.83000,11.12950,24.78558,46.94254
99-1,1783321446.755377,2026-07-06T14:04:06.755377,5.09173,1.27201,6.47674,12.97000,12.83908,5.05564,1.26518,6.39627,12.86000,12.53539,5.02581,1.24247,6.24441,12.29000,12.35258,5.07364,1.16141,5.89259,11.76000,11.71946,25.01001,49.44651
99-1,1783321446.855449,2026-07-06T14:04:06.855449,5.07973,1.27201,6.46148,12.97000,13.48569,5.05618,1.25321,6.33647,12.74000,13.16949,5.02181,1.24247,6.23944,12.29000,12.97698,5.07739,1.16630,5.92174,11.81000,12.31207,24.95913,51.94423
99-1,1783321446.955567,2026-07-06T14:04:06.955567,5.08725,1.28080,6.51576,13.06000,14.13804,5.05133,1.27201,6.42535,12.93000,13.81278,5.02311,1.21928,6.12456,12.06000,13.59016,5.06939,1.16630,5.91241,11.81000,12.90400,24.97808,54.44498
99-1,1783321447.055685,2026-07-06T14:04:07.055685,5.08433,1.26102,6.41147,12.86000,14.77994,5.05533,1.27201,6.43044,12.93000,14.45658,5.02169,1.24442,6.24911,12.31000,14.21580,5.07329,1.16825,5.92687,11.83000,13.49739,25.01789,56.94971
99-1,1783321447.155802,2026-07-06T14:04:07.155802,5.08368,1.27299,6.47146,12.98000,15.42785,5.05155,1.26713,6.40097,12.88000,15.09743,5.02735,1.21512,6.10886,12.02000,14.82741,5.06954,1.16337,5.89773,11.78000,14.08785,24.87902,59.44054
99-1,1783321447.255920,2026-07-06T14:04:07.255920,5.08688,1.28764,6.55005,13.13000,16.08362,5.05191,1.25932,6.36195,12.80000,15.73438,5.01935,1.21512,6.09914,12.02000,15.43804,5.06919,1.17020,5.93198,11.85000,14.68175,24.94312,61.93779
99-1,1783321447.356037,2026-07-06T14:04:07.356037,5.08288,1.28764,6.54490,13.13000,16.73888,5.06099,1.14701,5.80500,11.66000,16.31556,5.02552,1.24760,6.26982,12.34000,16.06575,5.08269,1.14066,5.79762,11.55000,15.26219,24.41734,64.38238
99-1,1783321447.456155,2026-07-06T14:04:07.456155,5.08870,1.25419,6.38219,12.79000,17.37785,5.05699,1.14701,5.80041,11.66000,16.89628,5.02541,1.24955,6.27949,12.36000,16.69445,5.07469,1.14066,5.78849,11.55000,15.84172,24.25058,66.81030
