row_number,timestamp,datetime,voltage_v_0x40,current_a_0x40,power_w_0x40,shunt_mv_0x40,energy_j_0x40,voltage_v_0x41,current_a_0x41,power_w_0x41,shunt_mv_0x41,energy_j_0x41,voltage_v_0x44,current_a_0x44,power_w_0x44,shunt_mv_0x44,energy_j_0x44,voltage_v_0x45,current_a_0x45,power_w_0x45,shunt_mv_0x45,energy_j_0x45,total_power_w,total_energy_j
0-1,1783321469.018888,2026-07-06T14:04:29.018888,5.08683,1.28861,6.55495,13.14000,0.65586,5.06192,1.21488,6.14963,12.35000,0.61531,5.03020,1.23539,6.21426,12.22000,0.62178,5.08689,1.13675,5.78254,11.51000,0.57858,24.70138,2.47153
0-1,1783321469.118943,2026-07-06T14:04:29.118943,5.10759,0.90799,4.63762,9.26000,1.11988,5.06383,1.17264,5.93807,11.92000,1.20945,5.03065,1.01492,5.10572,10.04000,1.13263,5.08664,1.14164,5.80709,11.56000,1.15961,21.48850,4.62157
0-1,1783321469.218998,2026-07-06T14:04:29.218998,5.08234,1.37089,6.96733,13.98000,1.81700,5.05463,1.19926,6.06179,12.19000,1.81596,5.01399,1.31010,6.56882,12.96000,1.78988,5.07054,1.14359,5.79862,11.58000,1.73979,25.39656,7.16264
0-1,1783321469.319053,2026-07-06T14:04:29.319053,5.09687,1.17777,6.00295,12.01000,2.41763,5.04663,1.19926,6.05220,12.19000,2.42151,5.05019,1.02298,5.16625,10.12000,2.30679,5.07054,1.14359,5.79862,11.58000,2.31997,23.02002,9.46590
0-1,1783321469.419107,2026-07-06T14:04:29.419107,5.09287,1.17777,5.99823,12.01000,3.01777,5.05827,1.20707,6.10568,12.27000,3.03241,5.03419,1.02298,5.14988,10.12000,2.82205,5.07439,1.14652,5.81789,11.61000,2.90207,23.07168,11.77430
0-1,1783321469.519162,2026-07-06T14:04:29.519162,5.08283,1.28861,6.54980,13.14000,3.67311,5.05854,1.20121,6.07636,12.21000,3.64038,5.03244,1.19584,6.01798,11.83000,3.42418,5.07530,1.12870,5.72847,11.43000,3.47524,24.37261,14.21292
0-1,1783321469.619217,2026-07-06T14:04:29.619217,5.08396,1.26786,6.44575,12.93000,4.31804,5.05152,1.17948,5.95817,11.99000,4.23652,5.03060,1.22831,6.17914,12.15000,4.04243,5.07429,1.14847,5.82769,11.63000,4.05833,24.41075,16.65532
0-1,1783321469.719272,2026-07-06T14:04:29.719272,5.09045,1.29545,6.59443,13.21000,4.97785,5.05552,1.17948,5.96289,11.99000,4.83314,5.03026,1.23441,6.20942,12.21000,4.66372,5.07029,1.14847,5.82309,11.63000,4.64096,24.58983,19.11567
0-1,1783321469.819328,2026-07-06T14:04:29.819328,5.08645,1.29545,6.58924,13.21000,5.63714,5.05796,1.21390,6.13988,12.34000,5.44747,5.02626,1.23441,6.20448,12.21000,5.28451,5.07464,1.14164,5.79339,11.56000,5.22062,24.72699,21.58974
0-1,1783321469.919384,2026-07-06T14:04:29.919384,5.08683,1.28861,6.55495,13.14000,6.29300,5.05814,1.21000,6.12034,12.30000,6.05985,5.03146,1.21317,6.10402,12.00000,5.89526,5.07429,1.14847,5.82769,11.63000,5.80371,24.60700,24.05182
0-1,1783321470.019438,2026-07-06T14:04:30.019438,5.08635,1.29740,6.59904,13.23000,6.95327,5.05513,1.18827,6.00685,12.08000,6.66086,5.03049,1.23026,6.18883,12.17000,6.51448,5.07405,1.15336,5.85218,11.68000,6.38925,24.64690,26.51785
0-1,1783321470.119493,2026-07-06T14:04:30.119493,5.08677,1.28959,6.55985,13.15000,7.60961,5.05913,1.18827,6.01160,12.08000,7.26235,5.03049,1.23026,6.18883,12.17000,7.13370,5.07454,1.14359,5.80319,11.58000,6.96989,24.56347,28.97554
0-1,1783321470.219548,2026-07-06T14:04:30.219548,5.08677,1.28959,6.55985,13.15000,8.26595,5.05410,1.21097,6.12038,12.31000,7.87472,5.02649,1.23026,6.18391,12.17000,7.75243,5.07454,1.14359,5.80319,11.58000,7.55052,24.66733,31.44363
0-1,1783321470.319602,2026-07-06T14:04:30.319602,5.08645,1.29545,6.58924,13.21000,8.92524,5.05405,1.21195,6.12526,12.32000,8.48758,5.02391,1.20511,6.05439,11.92000,8.35820,5.07405,1.15336,5.85218,11.68000,8.13606,24.62107,33.90708
0-1,1783321470.419658,2026-07-06T14:04:30.419658,5.08267,1.29154,6.56448,13.17000,9.58205,5.05117,1.18729,5.99721,12.07000,9.08764,5.03026,1.23441,6.20942,12.21000,8.97948,5.07474,1.13968,5.78360,11.54000,8.71474,24.55471,36.36392
0-1,1783321470.519713,2026-07-06T14:04:30.519713,5.08267,1.29154,6.56448,13.17000,10.23886,5.05517,1.18729,6.00196,12.07000,9.68816,5.03015,1.23637,6.21911,12.23000,9.60174,5.07389,1.15653,5.86810,11.71000,9.30188,24.65365,38.83063
0-1,1783321470.619767,2026-07-06T14:04:30.619767,5.09244,1.25907,6.41174,12.84000,10.88038,5.05357,1.22269,6.17896,12.43000,10.30639,5.03415,1.23637,6.22405,12.23000,10.22448,5.07389,1.15653,5.86810,11.71000,9.88900,24.68285,41.30025
0-1,1783321470.719822,2026-07-06T14:04:30.719822,5.08844,1.25907,6.40671,12.84000,11.52141,5.05405,1.21195,6.12526,12.32000,10.91926,5.02615,1.23637,6.21416,12.23000,10.84624,5.07389,1.15653,5.86810,11.71000,10.47614,24.61423,43.76304
0-1,1783321470.819877,2026-07-06T14:04:30.819877,5.08645,1.29545,6.58924,13.21000,12.18069,5.05388,1.21586,6.14479,12.36000,11.53408,5.02711,1.21928,6.12944,12.06000,11.45952,5.07439,1.14652,5.81789,11.61000,11.05825,24.68136,46.23254
0-1,1783321470.919933,2026-07-06T14:04:30.919933,5.08624,1.29936,6.60884,13.25000,12.84194,5.05388,1.21586,6.14479,12.36000,12.14889,5.02991,1.16971,5.88355,11.57000,12.04820,5.07844,1.06668,5.41709,10.80000,11.60026,24.05427,48.63929
0-1,1783321471.019988,2026-07-06T14:04:31.019988,5.08790,1.26884,6.45572,12.94000,13.48787,5.06029,1.07425,5.43602,10.92000,12.69280,5.02169,1.24442,6.24911,12.31000,12.67346,5.07444,1.06668,5.41282,10.80000,12.14184,23.55367,50.99596
0-1,1783321471.120043,2026-07-06T14:04:31.120043,5.08390,1.26884,6.45065,12.94000,14.13329,5.05388,1.21586,6.14479,12.36000,13.30761,5.02569,1.24442,6.25409,12.31000,13.29921,5.07389,1.15653,5.86810,11.71000,12.72897,24.71763,53.46909
0-1,1783321471.220098,2026-07-06T14:04:31.220098,5.08629,1.29838,6.60394,13.24000,14.79405,5.05032,1.20609,6.09115,12.26000,13.91707,5.02609,1.23734,6.21900,12.24000,13.92145,5.07479,1.13871,5.77870,11.53000,13.30716,24.69279,55.93973
0-1,1783321471.320153,2026-07-06T14:04:31.320153,5.08613,1.30131,6.61863,13.27000,15.45627,5.05032,1.20609,6.09115,12.26000,14.52651,5.02586,1.24149,6.23957,12.28000,14.54575,5.07379,1.15848,5.87789,11.73000,13.89527,24.82724,58.42381
0-1,1783321471.420210,2026-07-06T14:04:31.420210,5.08992,1.30522,6.64344,13.31000,16.12100,5.05361,1.22172,6.17408,12.42000,15.14427,5.02975,1.24345,6.25422,12.30000,15.17153,5.07369,1.16044,5.88769,11.75000,14.48437,24.95943,60.92117
0-1,1783321471.520264,2026-07-06T14:04:31.520264,5.08592,1.30522,6.63822,13.31000,16.78518,5.05499,1.19120,6.02150,12.11000,15.74675,5.02575,1.24345,6.24925,12.30000,15.79680,5.07369,1.16044,5.88769,11.75000,15.07346,24.79666,63.40219
0-1,1783321471.620318,2026-07-06T14:04:31.620318,5.08560,1.31108,6.66760,13.37000,17.45230,5.05357,1.22269,6.17896,12.43000,16.36498,5.02592,1.24052,6.23473,12.27000,16.42060,5.07369,1.16044,5.88769,11.75000,15.66255,24.96898,65.90044
0-1,1783321471.720375,2026-07-06T14:04:31.720375,5.08624,1.29936,6.60884,13.25000,18.11356,5.05357,1.22269,6.17896,12.43000,16.98323,5.02581,1.24247,6.24441,12.29000,17.04540,5.07359,1.16239,5.89748,11.77000,16.25263,24.92969,68.39482
0-1,1783321471.820430,2026-07-06T14:04:31.820430,5.08597,1.30424,6.63333,13.30000,18.77726,5.05489,1.19340,6.03249,12.13000,17.58681,5.02524,1.25248,6.29401,12.39000,17.67515,5.07459,1.14261,5.79829,11.57000,16.83278,24.75812,70.87199
0-1,1783321471.920486,2026-07-06T14:04:31.920486,5.08288,1.28764,6.54490,13.13000,19.43211,5.05342,1.22587,6.19483,12.46000,18.20664,5.02924,1.25248,6.29902,12.39000,18.30540,5.07459,1.14261,5.79829,11.57000,17.41293,24.83704,73.35708
0-1,1783321472.020541,2026-07-06T14:04:32.020541,5.08688,1.28764,6.55005,13.13000,20.08748,5.05485,1.19437,6.03737,12.14000,18.81071,5.02226,1.23441,6.19954,12.21000,18.92570,5.07389,1.15653,5.86810,11.71000,18.00007,24.65506,75.82395
0-1,1783321472.120595,2026-07-06T14:04:32.120595,5.08801,1.26688,6.44592,12.92000,20.73242,5.05085,1.19437,6.03259,12.14000,19.41429,5.02586,1.17069,5.88372,11.58000,19.51438,5.07679,1.09915,5.58018,11.13000,18.55839,23.94241,78.21948
0-1,1783321472.220650,2026-07-06T14:04:32.220650,5.08667,1.29154,6.56965,13.17000,21.38974,5.05450,1.20219,6.07644,12.22000,20.02227,5.02558,1.24638,6.26377,12.33000,20.14111,5.07344,1.16532,5.91217,11.80000,19.14993,24.82203,80.70304
0-1,1783321472.320704,2026-07-06T14:04:32.320704,5.09154,1.20219,6.12097,12.26000,22.00218,5.05588,1.17167,5.92380,11.91000,20.61497,5.03758,1.24638,6.27872,12.33000,20.76932,5.08144,1.16532,5.92150,11.80000,19.74240,24.24499,83.12887
0-1,1783321472.420760,2026-07-06T14:04:32.420760,5.09154,1.20219,6.12097,12.26000,22.61461,5.05089,1.19340,6.02771,12.13000,21.21808,5.02598,1.23930,6.22868,12.26000,21.39253,5.07810,1.15238,5.85189,11.67000,20.32792,24.22925,85.55314
0-1,1783321472.520814,2026-07-06T14:04:32.520814,5.08673,1.21708,6.19095,12.41000,23.23404,5.05089,1.19340,6.02771,12.13000,21.82118,5.02724,1.21708,6.11854,12.04000,22.00472,5.07859,1.14261,5.80286,11.57000,20.90852,24.14006,87.96846
0-1,1783321472.620869,2026-07-06T14:04:32.620869,5.08256,1.29350,6.57427,13.19000,23.89183,5.05836,1.20511,6.09591,12.25000,22.43110,5.02164,1.24540,6.25395,12.32000,22.63046,5.07784,1.15751,5.87763,11.72000,21.49660,24.80176,90.45000
0-1,1783321472.720924,2026-07-06T14:04:32.720924,5.08203,1.30326,6.62321,13.29000,24.55452,5.05716,1.23173,6.22904,12.52000,23.05435,5.02564,1.24540,6.25893,12.32000,23.25670,5.08145,1.00735,5.11882,11.72000,22.00877,24.23000,92.87433
0-1,1783321472.820978,2026-07-06T14:04:32.820978,5.08603,1.30326,6.62843,13.29000,25.21772,5.08223,0.85476,4.34410,8.69000,23.48899,5.03870,1.01395,5.10898,10.03000,23.76787,5.07745,1.00735,5.11479,10.20000,22.52052,21.19630,94.99511
0-1,1783321472.921033,2026-07-06T14:04:32.921033,5.09469,0.85110,4.33609,8.68000,25.65157,5.06223,0.85476,4.32700,8.69000,23.92193,5.04737,0.86038,4.34265,8.51000,24.20237,5.07487,0.82156,4.16930,8.32000,22.93768,17.17504,96.71355
0-1,1783321473.021089,2026-07-06T14:04:33.021089,5.07478,1.21610,6.17145,12.40000,26.26905,5.06367,0.99954,5.06135,10.16000,24.42835,5.01341,1.24955,6.26450,12.36000,24.82917,5.05829,1.14847,5.80931,11.63000,23.51893,23.30661,99.04551
0-1,1783321473.121145,2026-07-06T14:04:33.121145,5.08624,1.29936,6.60884,13.25000,26.93031,5.05333,1.22782,6.20459,12.48000,25.04915,5.02541,1.24955,6.27949,12.36000,25.45747,5.06929,1.16825,5.92219,11.83000,24.11149,25.01511,101.54842
0-1,1783321473.221200,2026-07-06T14:04:33.221200,5.09024,1.29936,6.61403,13.25000,27.59207,5.05450,1.20219,6.07644,12.22000,25.65713,5.03026,1.23441,6.20942,12.21000,26.07876,5.07329,1.16825,5.92687,11.83000,24.70450,24.82676,104.03246
0-1,1783321473.321254,2026-07-06T14:04:33.321254,5.08677,1.28959,6.55985,13.15000,28.24842,5.05050,1.20219,6.07163,12.22000,26.26463,5.02935,1.25053,6.28934,12.37000,26.70804,5.06924,1.16923,5.92709,11.84000,25.29753,24.84791,106.51861
0-1,1783321473.421310,2026-07-06T14:04:33.421310,5.08624,1.29936,6.60884,13.25000,28.90967,5.04925,1.22977,6.20943,12.50000,26.88592,5.02546,1.24857,6.27466,12.35000,27.33585,5.06929,1.16825,5.92219,11.83000,25.89008,25.01512,109.02152
0-1,1783321473.521365,2026-07-06T14:04:33.521365,5.08555,1.31205,6.67250,13.38000,29.57729,5.04916,1.23173,6.21918,12.52000,27.50818,5.02546,1.24857,6.27466,12.35000,27.96366,5.07398,1.15458,5.85830,11.69000,26.47623,25.02464,111.52536
0-1,1783321473.621421,2026-07-06T14:04:33.621421,5.08101,1.32182,6.71618,13.48000,30.24928,5.05814,1.21000,6.12034,12.30000,28.12055,5.02564,1.24540,6.25893,12.32000,28.58991,5.07398,1.15458,5.85830,11.69000,27.06239,24.95375,114.02214
0-1,1783321473.721476,2026-07-06T14:04:33.721476,5.08501,1.32182,6.72146,13.48000,30.92180,5.05014,1.21000,6.11066,12.30000,28.73195,5.02552,1.24760,6.26982,12.34000,29.21723,5.07319,1.17020,5.93666,11.85000,27.65638,25.03860,116.52737
0-1,1783321473.821530,2026-07-06T14:04:33.821530,5.09013,1.30131,6.62384,13.27000,31.58454,5.05342,1.22587,6.19483,12.46000,29.35177,5.01730,1.25150,6.27916,12.38000,29.84549,5.07324,1.16923,5.93176,11.84000,28.24988,25.02959,119.03168
0-1,1783321473.921587,2026-07-06T14:04:33.921587,5.08976,1.30815,6.65815,13.34000,32.25073,5.05338,1.22684,6.19971,12.47000,29.97210,5.02124,1.25248,6.28900,12.38000,30.47475,5.07309,1.17215,5.94645,11.87000,28.84486,25.09331,121.54244
0-1,1783321474.021642,2026-07-06T14:04:34.021642,5.08849,1.25810,6.40181,12.83000,32.89127,5.06455,1.15677,5.85854,11.76000,30.55827,5.02924,1.25248,6.29902,12.39000,31.10499,5.07709,1.17215,5.95114,11.87000,29.44031,24.51051,123.99484
0-1,1783321474.121698,2026-07-06T14:04:34.121698,5.08449,1.25810,6.39677,12.83000,33.53130,5.04855,1.15677,5.84003,11.76000,31.14260,5.02930,1.25150,6.29418,12.38000,31.73477,5.07309,1.17215,5.94645,11.87000,30.03528,24.47743,126.44396
0-1,1783321474.221753,2026-07-06T14:04:34.221753,5.08299,1.28568,6.53511,13.11000,34.18517,5.06485,1.23856,6.27313,12.59000,31.77026,5.02879,1.26054,6.33897,12.47000,32.36901,5.07299,1.17411,5.95624,11.89000,30.63123,25.10345,128.95568
0-1,1783321474.321807,2026-07-06T14:04:34.321807,5.08245,1.29545,6.58406,13.21000,34.84393,5.06588,1.21586,6.15938,12.36000,32.38653,5.02615,1.23637,6.21416,12.23000,32.99076,5.07339,1.16630,5.91707,11.81000,31.22326,24.87467,131.44449
0-1,1783321474.421863,2026-07-06T14:04:34.421863,5.08128,1.31693,6.69172,13.43000,35.51348,5.05280,1.23954,6.26315,12.60000,33.01319,5.03415,1.23637,6.22405,12.23000,33.61351,5.07288,1.17631,5.96726,11.91000,31.82032,25.14618,133.96050
0-1,1783321474.521917,2026-07-06T14:04:34.521917,5.08528,1.31693,6.69698,13.43000,36.18354,5.04880,1.23954,6.25819,12.60000,33.63936,5.02506,1.25565,6.30974,12.42000,34.24483,5.07688,1.17631,5.97197,11.91000,32.41784,25.23688,136.48557
0-1,1783321474.621973,2026-07-06T14:04:34.621973,5.08917,1.31889,6.71205,13.45000,36.85512,5.06094,1.23661,6.25840,12.57000,34.26554,5.04252,0.94632,4.77183,9.36000,34.72228,5.07870,1.06156,5.39132,10.75000,32.95727,23.13360,138.80021
0-1,1783321474.722027,2026-07-06T14:04:34.722027,5.09475,0.85012,4.33116,8.67000,37.28847,5.07501,0.92581,4.69849,9.41000,34.73565,5.04337,0.86038,4.33920,8.51000,35.15643,5.09082,0.82253,4.18737,8.33000,33.37624,17.55622,140.55678
0-1,1783321474.822083,2026-07-06T14:04:34.822083,5.08281,1.06888,5.43292,10.90000,37.83206,5.05344,1.13724,5.74698,11.56000,35.31066,5.03137,0.86038,4.32888,8.51000,35.58956,5.06964,1.16141,5.88794,11.76000,33.96536,21.39672,142.69765
0-1,1783321474.922140,2026-07-06T14:04:34.922140,5.09024,1.29936,6.61403,13.25000,38.49384,5.05344,1.13724,5.74698,11.56000,35.88569,5.02912,1.25468,6.30992,12.41000,36.22092,5.07764,1.16141,5.89723,11.76000,34.55542,24.56816,145.15587
0-1,1783321475.022194,2026-07-06T14:04:35.022194,5.08624,1.29936,6.60884,13.25000,39.15509,5.05560,1.26615,6.40116,12.87000,36.52615,5.02890,1.25858,6.32928,12.45000,36.85419,5.07734,1.16727,5.92664,11.82000,35.14840,25.26592,147.68383
1-1,1783321475.122250,2026-07-06T14:04:35.122250,5.08450,1.18461,6.02313,12.08000,0.60265,5.05779,1.21781,6.15943,12.38000,0.61629,5.03021,1.30619,6.57042,12.92000,0.65741,5.07884,1.13773,5.77835,11.52000,0.57816,24.53133,2.45451
1-1,1783321475.222305,2026-07-06T14:04:35.222305,5.07642,1.33280,6.76587,13.59000,1.27961,5.04830,1.33891,6.75922,13.61000,1.29258,5.02621,1.30619,6.56519,12.92000,1.31429,5.06974,1.23832,6.27796,12.54000,1.20630,26.36824,5.09277
1-1,1783321475.322374,2026-07-06T14:04:35.322374,5.08629,1.29838,6.60394,13.24000,1.94046,5.05630,1.33891,6.76993,13.61000,1.97004,5.04136,1.39213,7.01824,13.77000,2.01660,5.08174,1.23832,6.29281,12.54000,1.83602,26.68492,7.76312
1-1,1783321475.422429,2026-07-06T14:04:35.422429,5.08629,1.29838,6.60394,13.24000,2.60121,5.05724,0.87649,4.43263,8.91000,2.41355,5.06692,0.93924,4.75904,9.29000,2.49276,5.07612,0.79690,4.04515,8.07000,2.24075,19.84076,9.74828
1-1,1783321475.522483,2026-07-06T14:04:35.522483,5.08624,1.29936,6.60884,13.25000,3.26246,5.05614,1.25419,6.34135,12.75000,3.04803,5.02244,1.23124,6.18382,12.18000,3.11148,5.05909,1.13285,5.73117,11.47000,2.81418,24.86518,12.23616
1-1,1783321475.622539,2026-07-06T14:04:35.622539,5.08645,1.29545,6.58924,13.21000,3.92175,5.05623,1.25224,6.33159,12.73000,3.68154,5.03044,1.23124,6.19367,12.18000,3.73120,5.06205,1.15336,5.83834,11.68000,3.39834,24.95284,14.73284
1-1,1783321475.722594,2026-07-06T14:04:35.722594,5.08309,1.28373,6.52532,13.09000,4.57464,5.05294,1.23661,6.24851,12.73000,4.30674,5.02758,1.21097,6.08827,11.98000,4.34036,5.07398,1.15458,5.85830,11.69000,3.98450,24.72040,17.20623
1-1,1783321475.822650,2026-07-06T14:04:35.822650,5.08309,1.28373,6.52532,13.09000,5.22754,5.05694,1.23661,6.25346,12.57000,4.93243,5.02678,1.22514,6.15849,12.12000,4.95655,5.07398,1.15458,5.85830,11.69000,4.57065,24.79557,19.68718
1-1,1783321475.922706,2026-07-06T14:04:35.922706,5.08325,1.28080,6.51063,13.06000,5.87897,5.05680,1.23954,6.26811,12.60000,5.55959,5.02644,1.23124,6.18875,12.18000,5.57577,5.07479,1.13871,5.77870,11.53000,5.14885,24.74619,22.16318
1-1,1783321476.022762,2026-07-06T14:04:36.022762,5.08320,1.28178,6.51553,13.07000,6.53088,5.05601,1.25712,6.35600,12.78000,6.19555,5.02244,1.23124,6.18382,12.18000,6.19450,5.07389,1.15653,5.86810,11.71000,5.73598,24.92345,24.65691
1-1,1783321476.122816,2026-07-06T14:04:36.122816,5.08235,1.29740,6.59385,13.23000,7.19063,5.05654,1.24540,6.29741,12.66000,6.82563,5.02740,1.21415,6.10401,12.01000,6.80523,5.07104,1.13382,5.74966,11.48000,6.31126,24.74493,27.13276
1-1,1783321476.222872,2026-07-06T14:04:36.222872,5.08725,1.28080,6.51576,13.06000,7.84256,5.05254,1.24540,6.29243,12.66000,7.45522,5.02598,1.23930,6.22868,12.26000,7.42845,5.07504,1.13382,5.75420,11.48000,6.88700,24.79107,29.61324
1-1,1783321476.322928,2026-07-06T14:04:36.322928,5.08725,1.28080,6.51576,13.06000,8.49451,5.05645,1.24735,6.30718,12.68000,8.08630,5.02598,1.23930,6.22868,12.26000,8.05166,5.07379,1.15848,5.87789,11.73000,7.47512,24.92951,32.10758
1-1,1783321476.422982,2026-07-06T14:04:36.422982,5.08693,1.28666,6.54515,13.12000,9.14938,5.05930,1.18436,5.99205,12.04000,8.68583,5.02598,1.23930,6.22868,12.26000,8.67487,5.07540,1.12674,5.71867,11.41000,8.04730,24.48455,34.55738
1-1,1783321476.523039,2026-07-06T14:04:36.523039,5.08768,1.27299,6.47655,12.98000,9.79740,5.04463,1.24345,6.27272,12.64000,9.31345,5.03425,1.09281,5.50146,10.81000,9.22533,5.06584,1.15751,5.86374,11.72000,8.63400,24.11447,36.97019
1-1,1783321476.623094,2026-07-06T14:04:36.623094,5.08256,1.29350,6.57427,13.19000,10.45519,5.05263,1.24345,6.28267,12.64000,9.94207,5.02592,1.24052,6.23473,12.27000,9.84915,5.07384,1.15751,5.87300,11.72000,9.22163,24.96467,39.46804
1-1,1783321476.723149,2026-07-06T14:04:36.723149,5.08656,1.29350,6.57945,13.19000,11.11349,5.04851,1.15775,5.84491,11.77000,10.52688,5.03534,1.14432,5.76206,11.32000,10.42567,5.07130,1.12870,5.72395,11.43000,9.79434,23.91037,41.86038
1-1,1783321476.823205,2026-07-06T14:04:36.823205,5.09040,1.29643,6.59933,13.22000,11.77380,5.04378,1.26225,6.36648,12.83000,11.16389,5.02734,1.14432,5.75290,11.32000,11.00128,5.06974,1.15946,5.87815,11.74000,10.38248,24.59686,44.32146
1-1,1783321476.923263,2026-07-06T14:04:36.923263,5.08987,1.30619,6.64834,13.32000,12.43902,5.05223,1.25224,6.32658,12.73000,11.79691,5.02746,1.21317,6.09917,12.00000,11.61155,5.07779,1.15848,5.88253,11.73000,10.97108,24.95662,46.81856
1-1,1783321477.023318,2026-07-06T14:04:37.023318,5.08987,1.30619,6.64834,13.32000,13.10422,5.05223,1.25224,6.32658,12.73000,12.42991,5.02592,1.24052,6.23473,12.27000,12.23537,5.07354,1.16337,5.90238,11.78000,11.56164,25.11203,49.33113
1-1,1783321477.123373,2026-07-06T14:04:37.123373,5.07787,1.30619,6.63267,13.32000,13.76785,5.06391,1.25932,6.37706,12.80000,13.06797,5.02351,1.21220,6.08948,11.99000,12.84465,5.07354,1.16337,5.90238,11.78000,12.15220,25.00159,51.83267
2-1,1783321477.223428,2026-07-06T14:04:37.223428,5.08939,1.31498,6.69245,13.41000,0.66961,5.06378,1.26225,6.39173,12.83000,0.63953,5.03151,1.21220,6.09918,11.99000,0.61025,5.06989,1.15653,5.86347,11.71000,0.58667,25.04683,2.50607
2-1,1783321477.323484,2026-07-06T14:04:37.323484,5.09361,1.23759,6.30378,12.62000,1.30034,5.04848,1.33500,6.73973,13.57000,1.31387,5.02871,1.19095,5.98897,11.78000,1.20949,5.06574,1.23832,6.27300,12.54000,1.21432,25.30548,5.03802
2-1,1783321477.423539,2026-07-06T14:04:37.423539,5.08207,1.37577,6.99178,14.03000,1.99991,5.05248,1.33500,6.74507,13.57000,1.98875,5.03775,1.31425,6.62086,13.00000,1.87194,5.08130,1.01028,5.13356,10.23000,1.72796,25.49127,7.58855
2-1,1783321477.523593,2026-07-06T14:04:37.523593,5.09007,1.37577,7.00279,14.03000,2.70057,5.05786,0.86282,4.36402,8.77000,2.42539,5.05647,0.98270,4.96897,9.72000,2.36910,5.06530,1.01028,5.11739,10.23000,2.23998,21.45317,9.73504
2-1,1783321477.623648,2026-07-06T14:04:37.623648,5.09025,1.22587,6.23997,12.50000,3.32491,5.04023,1.25224,6.31155,12.73000,3.05689,5.02649,1.23026,6.18391,12.17000,2.98783,5.07130,1.12870,5.72395,11.43000,2.81269,24.45938,12.18232
2-1,1783321477.723703,2026-07-06T14:04:37.723703,5.08433,1.26102,6.41147,12.86000,3.96640,5.05232,1.25028,6.31682,12.71000,3.68892,5.03049,1.23026,6.18883,12.17000,3.60705,5.07005,1.15336,5.84757,11.68000,3.39776,24.76469,14.66014
2-1,1783321477.823759,2026-07-06T14:04:37.823759,5.08299,1.28568,6.53511,13.11000,4.62028,5.05232,1.25028,6.31682,12.71000,4.32096,5.02644,1.23124,6.18875,12.18000,4.22628,5.07469,1.14066,5.78849,11.55000,3.97694,24.82917,17.14445
2-1,1783321477.923816,2026-07-06T14:04:37.923816,5.08741,1.27787,6.50106,13.03000,5.27076,5.05370,1.21976,6.16432,12.40000,4.93774,5.02791,1.20511,6.05921,11.92000,4.83255,5.07069,1.14066,5.78393,11.55000,4.55566,24.50852,19.59671
2-1,1783321478.023873,2026-07-06T14:04:38.023873,5.08741,1.27787,6.50106,13.03000,5.92123,5.05210,1.25517,6.34122,12.76000,5.57222,5.02842,1.12528,5.65837,11.13000,5.39870,5.07394,1.15555,5.86320,11.70000,5.14231,24.36385,22.03447
2-1,1783321478.123928,2026-07-06T14:04:38.123928,5.09282,1.17875,6.00315,12.02000,6.52188,5.05752,1.13529,5.74175,11.54000,6.14671,5.02842,1.12528,5.65837,11.13000,5.96485,5.07750,1.08524,5.51030,10.99000,5.69365,22.91357,24.32709
2-1,1783321478.223982,2026-07-06T14:04:38.223982,5.08741,1.27787,6.50106,13.03000,7.17234,5.05752,1.13529,5.74175,11.54000,6.72120,5.03111,1.14847,5.77809,11.36000,6.54298,5.07049,1.14457,5.80351,11.59000,6.27431,23.82441,26.71083
2-1,1783321478.324039,2026-07-06T14:04:38.324039,5.09061,1.29252,6.57972,13.18000,7.83068,5.05410,1.21097,6.12038,12.31000,7.33358,5.02900,1.18583,5.96353,11.73000,7.13966,5.07049,1.14457,5.80351,11.59000,6.85499,24.46714,29.15892
2-1,1783321478.424093,2026-07-06T14:04:38.424093,5.08661,1.29252,6.57455,13.18000,8.48850,5.05186,1.26029,6.36683,12.81000,7.97062,5.02986,1.24149,6.24454,12.28000,7.76446,5.07494,1.13578,5.76400,11.50000,7.43171,24.94992,31.65528
2-1,1783321478.524149,2026-07-06T14:04:38.524149,5.08235,1.29740,6.59385,13.23000,9.14825,5.05276,1.24052,6.26803,12.61000,8.59777,5.02586,1.24149,6.23957,12.28000,8.38877,5.07789,1.15653,5.87272,11.71000,8.01931,24.97417,34.15410
2-1,1783321478.624204,2026-07-06T14:04:38.624204,5.08165,1.31010,6.65747,13.36000,9.81436,5.05276,1.24052,6.26803,12.61000,9.22492,5.02364,1.21000,6.07859,11.97000,8.99696,5.07849,1.14457,5.81267,11.59000,8.60089,24.81676,36.63714
2-1,1783321478.724259,2026-07-06T14:04:38.724259,5.08677,1.28959,6.55985,13.15000,10.47071,5.05605,1.25614,6.35112,12.77000,9.86038,5.02186,1.24149,6.23460,12.28000,9.62076,5.07369,1.16044,5.88769,11.75000,9.18999,25.03326,39.14183
2-1,1783321478.824315,2026-07-06T14:04:38.824315,5.08277,1.28959,6.55469,13.15000,11.12654,5.05601,1.25712,6.35600,12.78000,10.49633,5.02660,1.22831,6.17422,12.15000,10.23853,5.07369,1.16044,5.88769,11.75000,9.77908,24.97260,41.64048
2-1,1783321478.924372,2026-07-06T14:04:38.924372,5.08581,1.30717,6.64802,13.33000,11.79172,5.04916,1.23173,6.21918,12.52000,11.11860,5.02660,1.22831,6.17422,12.15000,10.85630,5.07424,1.14945,5.83259,11.64000,10.36267,24.87401,44.12930
2-1,1783321479.024428,2026-07-06T14:04:39.024428,5.08592,1.30522,6.63822,13.31000,12.45592,5.05316,1.23173,6.22411,12.52000,11.74137,5.02986,1.24149,6.24454,12.28000,11.48111,5.07369,1.16044,5.88769,11.75000,10.95178,24.99456,46.63017
2-1,1783321479.124484,2026-07-06T14:04:39.124484,5.08549,1.31303,6.67740,13.39000,13.12403,5.05560,1.26615,6.40116,12.87000,12.38184,5.02986,1.24149,6.24454,12.28000,12.10591,5.07424,1.14945,5.83259,11.64000,11.53536,25.15569,49.14713
2-1,1783321479.224539,2026-07-06T14:04:39.224539,5.09040,1.29643,6.59933,13.22000,13.78433,5.05596,1.25810,6.36088,12.79000,13.01828,5.03038,1.23222,6.19852,12.19000,12.72610,5.07424,1.14945,5.83259,11.64000,12.11894,24.99132,51.64764
2-1,1783321479.324594,2026-07-06T14:04:39.324594,5.08640,1.29643,6.59414,13.22000,14.44411,5.05182,1.26127,6.37170,12.82000,13.65580,5.02638,1.23222,6.19359,12.19000,13.34580,5.07379,1.15848,5.87789,11.73000,12.70705,25.03732,54.15276
2-1,1783321479.424648,2026-07-06T14:04:39.424648,5.08240,1.29643,6.58896,13.22000,15.10336,5.05582,1.26127,6.37675,12.82000,14.29382,5.02604,1.23832,6.22384,12.25000,13.96852,5.07459,1.14261,5.79829,11.57000,13.28719,24.98784,56.65289
2-1,1783321479.524704,2026-07-06T14:04:39.524704,5.08272,1.29057,6.55959,13.16000,15.75969,5.05201,1.25712,6.35097,12.78000,14.92927,5.02615,1.23637,6.21416,12.23000,14.59029,5.07364,1.16141,5.89259,11.76000,13.87678,25.01731,59.15603
2-1,1783321479.624759,2026-07-06T14:04:39.624759,5.08672,1.29057,6.56475,13.16000,16.41652,5.05210,1.25517,6.34122,12.76000,15.56374,5.03364,1.24540,6.26889,12.32000,15.21752,5.06964,1.16141,5.88794,11.76000,14.46590,25.06280,61.66368
2-1,1783321479.724814,2026-07-06T14:04:39.724814,5.08272,1.29057,6.55959,13.16000,17.07284,5.05178,1.26225,6.37658,12.83000,16.20175,5.02564,1.24540,6.25893,12.32000,15.84376,5.07749,1.16434,5.91194,11.79000,15.05742,25.10704,64.17578
2-1,1783321479.824869,2026-07-06T14:04:39.824869,5.09051,1.29447,6.58952,13.20000,17.73215,5.05578,1.26225,6.38163,12.83000,16.84026,5.03786,1.24149,6.25447,12.28000,16.46955,5.07610,1.03397,5.24852,10.47000,15.58256,24.47414,66.62452
2-1,1783321479.924925,2026-07-06T14:04:39.924925,5.11464,0.85208,4.35807,8.69000,18.16820,5.06439,0.89529,4.53410,9.10000,17.29393,5.05937,0.86038,4.35297,8.51000,16.90509,5.08682,0.82253,4.18408,8.33000,16.00120,17.42922,68.36842
2-1,1783321480.024983,2026-07-06T14:04:40.024983,5.07613,1.19144,6.04791,12.15000,18.77335,5.05758,1.04569,5.28864,10.63000,17.82310,5.02484,1.18876,5.97331,11.76000,17.50277,5.06164,1.16141,5.87865,11.76000,16.58941,23.18851,70.68863
2-1,1783321480.125041,2026-07-06T14:04:40.125041,5.08813,1.19144,6.06221,12.15000,19.37992,5.05164,1.26518,6.39121,12.86000,18.46259,5.02884,1.18876,5.97806,11.76000,18.10092,5.07364,1.16141,5.89259,11.76000,17.17901,24.32407,73.12243
2-1,1783321480.225090,2026-07-06T14:04:40.225090,5.08597,1.30424,6.63333,13.30000,20.04358,5.05964,1.26518,6.40134,12.86000,19.10304,5.02649,1.23026,6.18391,12.17000,18.71961,5.07359,1.16239,5.89748,11.77000,17.76905,25.11606,75.63528
2-1,1783321480.325147,2026-07-06T14:04:40.325147,5.08699,1.28568,6.54026,13.11000,20.69797,5.05564,1.26518,6.39627,12.86000,19.74303,5.02558,1.24638,6.26377,12.33000,19.34635,5.07339,1.16630,5.91707,11.81000,18.36109,25.11737,78.14844
2-1,1783321480.425204,2026-07-06T14:04:40.425204,5.08683,1.28861,6.55495,13.14000,21.35384,5.05542,1.27006,6.42068,12.91000,20.38546,5.03118,1.21805,6.12826,12.05000,19.95952,5.07394,1.15555,5.86320,11.70000,18.94774,24.96709,80.64657
2-1,1783321480.525261,2026-07-06T14:04:40.525261,5.08283,1.28861,6.54980,13.14000,22.00920,5.05564,1.26518,6.39627,12.86000,21.02545,5.02718,1.21805,6.12338,12.05000,20.57221,5.07394,1.15555,5.86320,11.70000,19.53440,24.93265,83.14126
2-1,1783321480.625318,2026-07-06T14:04:40.625318,5.09083,1.28861,6.56011,13.14000,22.66558,5.05164,1.26518,6.39121,12.86000,21.66494,5.02541,1.24955,6.27949,12.36000,21.20051,5.07729,1.16825,5.93154,11.83000,20.12789,25.16235,85.65892
2-1,1783321480.725374,2026-07-06T14:04:40.725374,5.08877,1.17972,6.00334,12.03000,23.26625,5.05997,1.16971,5.91871,11.89000,22.25714,5.03289,1.11698,5.62162,11.05000,21.76299,5.07944,1.12577,5.71827,11.40000,20.70004,23.26194,87.98643
2-1,1783321480.825433,2026-07-06T14:04:40.825433,5.08261,1.29252,6.56938,13.18000,23.92357,5.05560,1.26615,6.40116,12.87000,22.89763,5.02535,1.25053,6.28433,12.37000,22.39179,5.07424,1.14945,5.83259,11.64000,21.28364,25.08746,90.49664
2-1,1783321480.925488,2026-07-06T14:04:40.925488,5.08245,1.29545,6.58406,13.21000,24.58235,5.05155,1.26713,6.40097,12.88000,23.53809,5.02535,1.25053,6.28433,12.37000,23.02058,5.07024,1.14945,5.82799,11.64000,21.86676,25.09735,93.00778
2-1,1783321481.025546,2026-07-06T14:04:41.025546,5.08645,1.29545,6.58924,13.21000,25.24165,5.05555,1.26713,6.40604,12.88000,24.17906,5.02924,1.25248,6.29902,12.39000,23.65084,5.07329,1.16825,5.92687,11.83000,22.45979,25.22117,95.53135
2-1,1783321481.125603,2026-07-06T14:04:41.125603,5.08955,1.31205,6.67775,13.38000,25.90981,5.04814,1.25419,6.33132,12.75000,24.81255,5.02546,1.24857,6.27466,12.35000,24.27867,5.07319,1.17020,5.93666,11.85000,23.05380,25.22039,98.05482
2-1,1783321481.225660,2026-07-06T14:04:41.225660,5.09029,1.29838,6.60913,13.24000,26.57110,5.04742,1.27006,6.41052,12.91000,25.45397,5.02524,1.25248,6.29401,12.39000,24.90842,5.07344,1.16532,5.91217,11.80000,23.64535,25.22583,100.57884
2-1,1783321481.325716,2026-07-06T14:04:41.325716,5.08754,1.20219,6.11617,12.26000,27.18306,5.05673,1.15287,5.82974,11.72000,26.03727,5.03225,1.12821,5.67743,11.16000,25.47649,5.07729,1.08939,5.53114,11.03000,24.19878,23.15448,102.89560
2-1,1783321481.425774,2026-07-06T14:04:41.425774,5.08754,1.20219,6.11617,12.26000,27.79503,5.05273,1.15287,5.82512,11.72000,26.62012,5.02825,1.12821,5.67292,11.16000,26.04411,5.07329,1.08939,5.52678,11.03000,24.75177,23.14099,105.21102
2-1,1783321481.525831,2026-07-06T14:04:41.525831,5.08203,1.30326,6.62321,13.29000,28.45773,5.04747,1.26908,6.40565,12.90000,27.26105,5.03341,1.24955,6.28949,12.36000,26.67341,5.07319,1.17020,5.93666,11.85000,25.34578,25.25501,107.73797
2-1,1783321481.625889,2026-07-06T14:04:41.625889,5.08107,1.32084,6.71128,13.47000,29.12924,5.04751,1.26811,6.40077,12.89000,27.90150,5.03301,1.25663,6.32463,12.43000,27.30624,5.07304,1.17313,5.95135,11.88000,25.94126,25.38803,110.27824
2-1,1783321481.725947,2026-07-06T14:04:41.725947,5.08901,1.32182,6.72675,13.48000,29.80231,5.05151,1.26811,6.40585,12.89000,28.54245,5.02220,1.23539,6.20438,12.22000,27.92704,5.07374,1.15946,5.88279,11.74000,26.52987,25.21977,112.80167
2-1,1783321481.826005,2026-07-06T14:04:41.826005,5.08101,1.32182,6.71618,13.48000,30.47432,5.05551,1.26811,6.41092,12.89000,29.18392,5.02220,1.23539,6.20438,12.22000,28.54784,5.06974,1.15946,5.87815,11.74000,27.11803,25.20963,115.32410
2-1,1783321481.926062,2026-07-06T14:04:41.926062,5.08656,1.29350,6.57945,13.19000,31.13263,5.05520,1.27494,6.44508,12.96000,29.82879,5.02930,1.25150,6.29418,12.38000,29.17761,5.06899,1.17411,5.95155,11.89000,27.71352,25.27026,117.85256
2-1,1783321482.026119,2026-07-06T14:04:42.026119,5.08123,1.31791,6.69661,13.44000,31.80268,5.05555,1.26713,6.40604,12.88000,30.46976,5.02895,1.25761,6.32444,12.44000,29.81042,5.06883,1.17728,5.96745,11.92000,28.31061,25.39454,120.39348
2-1,1783321482.126176,2026-07-06T14:04:42.126176,5.08096,1.32279,6.72107,13.49000,32.47517,5.05124,1.27396,6.43511,12.95000,31.11364,5.03038,1.23222,6.19852,12.19000,30.43063,5.07294,1.17508,5.96114,11.90000,28.90707,25.31584,122.92651
2-1,1783321482.226234,2026-07-06T14:04:42.226234,5.08486,1.32475,6.73615,13.51000,33.14918,5.05924,1.27396,6.44530,12.95000,31.75854,5.02238,1.23222,6.18866,12.19000,31.04985,5.07294,1.17508,5.96114,11.90000,29.50352,25.33125,125.46110
2-1,1783321482.326290,2026-07-06T14:04:42.326290,5.08486,1.32475,6.73615,13.51000,33.82317,5.05098,1.27982,6.46437,13.01000,32.40535,5.02501,1.25663,6.31457,12.43000,31.68166,5.07688,1.17631,5.97197,11.91000,30.10106,25.48706,128.01124
2-1,1783321482.426347,2026-07-06T14:04:42.426347,5.08181,1.30717,6.64279,13.33000,34.48783,5.05102,1.27885,6.45949,13.00000,33.05166,5.02495,1.25761,6.31941,12.44000,32.31396,5.07744,1.16532,5.91684,11.80000,30.69308,25.33853,130.54653
2-1,1783321482.526404,2026-07-06T14:04:42.526404,5.08213,1.30131,6.61343,13.27000,35.14954,5.05973,1.26322,6.39156,12.84000,33.69118,5.01712,1.25468,6.29486,12.41000,32.94381,5.07309,1.17215,5.94645,11.87000,31.28806,25.24630,133.07259
2-1,1783321482.626460,2026-07-06T14:04:42.626460,5.09344,1.31400,6.69281,13.40000,35.81920,5.05573,1.26322,6.38651,12.84000,34.33019,5.02912,1.25468,6.30992,12.41000,33.57515,5.07709,1.17215,5.95114,11.87000,31.88351,25.34038,135.60805
2-1,1783321482.726517,2026-07-06T14:04:42.726517,5.08944,1.31400,6.68755,13.40000,36.48834,5.05520,1.27494,6.44508,12.96000,34.97507,5.03004,1.23832,6.22879,12.25000,34.19839,5.07288,1.17631,5.96726,11.91000,32.48058,25.32868,138.14236
2-1,1783321482.826574,2026-07-06T14:04:42.826574,5.08528,1.31693,6.69698,13.43000,37.15842,5.05516,1.27592,6.44996,12.97000,35.62043,5.02924,1.25248,6.29902,12.39000,34.82865,5.08088,1.17631,5.97667,11.91000,33.07858,25.42263,140.68607
2-1,1783321482.926630,2026-07-06T14:04:42.926630,5.08491,1.32377,6.73125,13.50000,37.83192,5.05494,1.28080,6.47437,13.02000,36.26823,5.02912,1.25468,6.30992,12.41000,35.45999,5.08088,1.17631,5.97667,11.91000,33.67658,25.49221,143.23672
3-1,1783321483.026691,2026-07-06T14:04:43.026691,5.08501,1.32182,6.72146,13.48000,0.67256,5.05894,1.28080,6.47949,13.02000,0.64834,5.02512,1.25468,6.30490,12.41000,0.63087,5.08089,1.09720,5.57476,11.11000,0.55782,25.08061,2.50959
3-1,1783321483.126746,2026-07-06T14:04:43.126746,5.07701,1.32182,6.71089,13.48000,1.34401,5.05450,1.20219,6.07644,12.22000,1.25632,5.02495,1.18680,5.96363,11.74000,1.22757,5.06889,1.09720,5.56160,11.11000,1.11428,24.31256,4.94218
3-1,1783321483.226801,2026-07-06T14:04:43.226801,5.08826,1.33573,6.79656,13.62000,2.02405,5.04817,1.34184,6.77383,13.64000,1.93408,5.01821,1.30619,6.55474,12.92000,1.88340,5.06969,1.23930,6.28284,12.55000,1.74292,26.40797,7.58445
3-1,1783321483.326856,2026-07-06T14:04:43.326856,5.08387,1.41606,7.19906,14.44000,2.74435,5.05967,1.08792,5.50453,11.06000,2.48484,5.03910,0.93606,4.71692,9.26000,2.35535,5.07689,1.09720,5.57037,11.11000,2.30026,22.99088,9.88480
3-1,1783321483.426913,2026-07-06T14:04:43.426913,5.09186,1.19633,6.09152,12.20000,3.35385,5.05567,1.08792,5.50018,11.06000,3.03517,5.03910,0.93606,4.71692,9.26000,2.82732,5.07399,1.07547,5.45694,10.89000,2.84626,21.76556,12.06260
3-1,1783321483.526968,2026-07-06T14:04:43.526968,5.07882,1.36210,6.91787,13.89000,4.04601,5.05955,1.26713,6.41111,12.88000,3.67663,5.02673,1.29691,6.51924,12.83000,3.47960,5.08199,1.07547,5.46554,10.89000,3.39312,25.31376,14.59536
3-1,1783321483.627024,2026-07-06T14:04:43.627024,5.07882,1.36210,6.91787,13.89000,4.73819,5.07510,0.92386,4.68866,9.39000,4.14576,5.04607,0.95437,4.81584,9.44000,3.96145,5.06845,0.94803,4.80503,9.60000,3.87389,21.22740,16.71928
3-1,1783321483.727080,2026-07-06T14:04:43.727080,5.08608,1.30229,6.62353,13.28000,5.40091,5.04548,1.22465,6.17893,12.45000,4.76400,5.02231,1.23344,6.19470,12.20000,4.58127,5.05889,1.13675,5.75071,11.51000,4.44928,24.74787,19.19546
3-1,1783321483.827136,2026-07-06T14:04:43.827136,5.08672,1.29057,6.56475,13.16000,6.05775,5.05348,1.22465,6.18873,12.45000,5.38322,5.02231,1.23344,6.19470,12.20000,5.20108,5.07398,1.15458,5.85830,11.69000,5.03544,24.80648,21.67749
3-1,1783321483.927193,2026-07-06T14:04:43.927193,5.08613,1.30131,6.61863,13.27000,6.72000,5.05601,1.25712,6.35600,12.78000,6.01918,5.02358,1.21097,6.08343,11.98000,5.80977,5.06998,1.15458,5.85368,11.69000,5.62114,24.91174,24.17009
3-1,1783321484.027249,2026-07-06T14:04:44.027249,5.08213,1.30131,6.61343,13.27000,7.38171,5.05614,1.25419,6.34135,12.75000,6.65367,5.02231,1.23344,6.19470,12.20000,6.42959,5.07515,1.13163,5.74317,11.46000,6.19578,24.89265,26.66075
3-1,1783321484.127306,2026-07-06T14:04:44.127306,5.08693,1.28666,6.54515,13.12000,8.03659,5.05245,1.24735,6.30219,12.68000,7.28425,5.02826,1.19901,6.02894,11.86000,7.03283,5.07410,1.15238,5.84728,11.67000,6.78084,24.72356,29.13451
3-1,1783321484.227363,2026-07-06T14:04:44.227363,5.08838,1.26005,6.41161,12.85000,8.67812,5.05245,1.24735,6.30219,12.68000,7.91483,5.02026,1.19901,6.01935,11.86000,7.63511,5.07394,1.15555,5.86320,11.70000,7.36750,24.59635,31.59555
4-1,1783321484.327425,2026-07-06T14:04:44.327425,5.08977,1.23466,6.28412,12.59000,0.62880,5.04823,1.25224,6.32157,12.73000,0.63255,5.02386,1.20609,6.05923,11.93000,0.60630,5.07353,1.24247,6.30371,12.58000,0.63076,24.96863,2.49842
4-1,1783321484.427480,2026-07-06T14:04:44.427480,5.08977,1.23466,6.28412,12.59000,1.25756,5.04422,1.34086,6.76359,13.63000,1.30928,5.02186,1.31230,6.59017,12.98000,1.26568,5.06953,1.24247,6.29874,12.58000,1.26098,25.93662,5.09350
4-1,1783321484.527536,2026-07-06T14:04:44.527536,5.09103,1.35820,6.91462,13.85000,1.94941,5.05985,1.08402,5.48496,11.02000,1.85808,5.03876,1.01297,5.10411,10.02000,1.77637,5.07323,1.24833,6.33306,12.64000,1.89464,23.83675,7.47850
4-1,1783321484.627591,2026-07-06T14:04:44.627591,5.09883,1.21512,6.19572,12.39000,2.56932,5.04785,1.08402,5.47195,11.02000,2.40558,5.01198,1.20389,6.03390,11.91000,2.38009,5.08480,1.02005,5.18676,10.33000,2.41360,22.88833,9.76859
4-1,1783321484.727648,2026-07-06T14:04:44.727648,5.08677,1.28959,6.55985,13.15000,3.22568,5.05720,1.23075,6.22415,12.51000,3.02835,5.02398,1.20389,6.04834,11.91000,2.98527,5.07419,1.15043,5.83748,11.65000,2.99768,24.66982,12.23698
4-1,1783321484.827703,2026-07-06T14:04:44.827703,5.08677,1.28959,6.55985,13.15000,3.88202,5.05605,1.25614,6.35112,12.77000,3.66381,5.02626,1.23441,6.20448,12.21000,3.60606,5.07019,1.15043,5.83288,11.65000,3.58129,24.94833,14.73318
4-1,1783321484.927759,2026-07-06T14:04:44.927759,5.09445,1.29545,6.59961,13.21000,4.54235,5.05845,1.20316,6.08613,12.23000,4.27276,5.02906,1.18485,5.95868,11.72000,4.20226,5.08294,1.13578,5.77308,11.50000,4.15892,24.41750,17.17630
4-1,1783321485.027813,2026-07-06T14:04:45.027813,5.09464,0.85208,4.34102,8.69000,4.97669,5.06835,0.89627,4.54260,12.23000,4.72727,5.04726,0.86233,4.35241,8.53000,4.63774,5.09877,0.82351,4.19889,8.34000,4.57904,17.43492,18.92074
4-1,1783321485.127867,2026-07-06T14:04:45.127867,5.09459,0.85305,4.34595,8.70000,5.41152,5.06435,0.89627,4.53901,9.11000,5.18142,5.04326,0.86233,4.34896,8.53000,5.07287,5.07770,0.92337,4.68859,9.35000,5.04815,17.92251,20.71397
4-1,1783321485.227923,2026-07-06T14:04:45.227923,5.07190,1.26884,6.43542,12.94000,6.05542,5.05218,1.25321,6.33146,12.74000,5.81491,5.02631,1.23344,6.19964,12.20000,5.69318,5.08170,0.92337,4.69228,9.35000,5.51764,23.65880,23.08116
4-1,1783321485.327979,2026-07-06T14:04:45.327979,5.08790,1.26884,6.45572,12.94000,6.70135,5.05348,1.22465,6.18873,12.45000,6.43413,5.02764,1.21000,6.08343,11.97000,6.30186,5.07410,1.15238,5.84728,11.67000,6.10270,24.57516,25.54004
4-1,1783321485.428035,2026-07-06T14:04:45.428035,5.08530,1.16996,5.94958,11.93000,7.29665,5.05218,1.25321,6.33146,12.74000,7.06764,5.02631,1.23344,6.19964,12.20000,6.92218,5.07995,1.03690,5.26738,10.50000,6.62973,23.74806,27.91620
4-1,1783321485.528090,2026-07-06T14:04:45.528090,5.07845,1.29545,6.57888,13.21000,7.95490,5.05218,1.25321,6.33146,12.74000,7.70113,5.03031,1.23344,6.20457,12.20000,7.54298,5.07015,1.15140,5.83778,11.66000,7.21383,24.95269,30.41284
5-1,1783321485.628148,2026-07-06T14:04:45.628148,5.09543,1.20414,6.13561,12.28000,0.61392,5.05223,1.25224,6.32658,12.73000,0.63302,5.02329,1.21610,6.10883,12.03000,0.61124,5.07594,1.11600,5.66475,11.30000,0.56680,24.23577,2.42498
5-1,1783321485.728205,2026-07-06T14:04:45.728205,5.08343,1.20414,6.12116,12.28000,1.22638,5.04830,1.33891,6.75922,13.61000,1.30933,5.01850,1.30107,6.52939,12.87000,1.26455,5.07594,1.11600,5.66475,11.30000,1.13360,25.07452,4.93385
5-1,1783321485.828259,2026-07-06T14:04:45.828259,5.08058,1.32987,6.75653,13.56000,1.90240,5.05208,1.34379,6.78894,13.66000,1.98859,5.02348,1.35453,6.80447,13.40000,1.94536,5.07753,1.24247,6.30868,12.58000,1.76481,26.65862,7.60116
5-1,1783321485.928315,2026-07-06T14:04:45.928315,5.08219,1.30033,6.60853,13.26000,2.56362,5.05608,1.34379,6.79432,13.66000,2.66840,5.03148,1.35453,6.81531,13.40000,2.62727,5.10016,0.79592,4.05934,8.06000,2.17097,24.27750,10.03026
5-1,1783321486.028369,2026-07-06T14:04:46.028369,5.11069,0.85110,4.34971,8.68000,2.99882,5.06471,0.88821,4.49853,9.03000,3.11850,5.04343,0.85940,4.33433,8.50000,3.06094,5.08670,0.82473,4.19517,8.35000,2.59071,17.37774,11.76897
5-1,1783321486.128425,2026-07-06T14:04:46.128425,5.09869,0.85110,4.33950,8.68000,3.43302,5.06444,0.89431,4.52920,9.09000,3.57167,5.04337,0.86038,4.33920,8.51000,3.49510,5.08670,0.82473,4.19517,8.35000,3.01046,17.40307,13.51025
5-1,1783321486.228480,2026-07-06T14:04:46.228480,5.09059,0.85305,4.34254,8.70000,3.86751,5.04165,1.22074,6.15455,12.41000,4.18746,5.01415,1.23637,6.19932,12.23000,4.11537,5.08325,0.89285,4.53858,9.04000,3.46457,21.23499,15.63492
5-1,1783321486.328535,2026-07-06T14:04:46.328535,5.08699,1.28568,6.54026,13.11000,4.52189,5.05365,1.22074,6.16920,12.41000,4.80472,5.02615,1.23637,6.21416,12.23000,4.73713,5.07094,1.13578,5.75945,11.50000,4.04083,24.68307,18.10458
5-1,1783321486.428589,2026-07-06T14:04:46.428589,5.08720,1.28178,6.52066,13.07000,5.17431,5.05254,1.24540,6.29243,12.66000,5.43431,5.02655,1.22929,6.17906,12.16000,5.35537,5.06998,1.15458,5.85368,11.69000,4.62652,24.84583,20.59051
6-1,1783321486.528644,2026-07-06T14:04:46.528644,5.08550,1.23954,6.30368,12.64000,0.63072,5.05374,1.21879,6.15944,12.39000,0.61628,5.03037,1.16166,5.84356,11.49000,0.58468,5.07798,1.15458,5.86292,11.69000,0.58662,24.16960,2.41829
6-1,1783321486.628699,2026-07-06T14:04:46.628699,5.08150,1.23954,6.29873,12.64000,1.26094,5.05441,1.20414,6.08620,12.24000,1.22524,5.02164,1.24540,6.25395,12.32000,1.21042,5.07743,1.24442,6.31847,12.60000,1.21881,24.95735,4.91541
6-1,1783321486.728754,2026-07-06T14:04:46.728754,5.08486,1.32475,6.73615,13.51000,1.93492,5.04241,1.20414,6.07175,12.24000,1.83275,5.01764,1.24540,6.24897,12.32000,1.83566,5.09656,0.86697,4.41857,8.78000,1.66091,23.47544,7.26424
6-1,1783321486.828810,2026-07-06T14:04:46.828810,5.08624,1.29936,6.60884,13.25000,2.59617,5.05649,1.24638,6.30229,12.67000,2.46333,5.02764,1.21000,6.08343,11.97000,2.44434,5.06744,1.12577,5.70476,11.40000,2.23170,24.69932,9.73554
6-1,1783321486.928864,2026-07-06T14:04:46.928864,5.09061,1.29252,6.57972,13.18000,3.25450,5.05685,1.23856,6.26323,12.59000,3.08999,5.02615,1.23637,6.21416,12.23000,3.06609,5.07405,1.15336,5.85218,11.40000,2.81724,24.90929,12.22782
6-1,1783321487.028919,2026-07-06T14:04:47.028919,5.08261,1.29252,6.56938,13.18000,3.91180,5.05729,1.22880,6.21438,12.49000,3.71177,5.03044,1.23124,6.19367,12.18000,3.68580,5.07805,1.15336,5.85679,11.68000,3.40324,24.83422,14.71262
6-1,1783321487.128974,2026-07-06T14:04:47.128974,5.08352,1.27592,6.48615,13.01000,4.56077,5.05329,1.22880,6.20947,12.49000,4.33306,5.02644,1.23124,6.18875,12.18000,4.30501,5.07449,1.14457,5.80809,11.59000,3.98437,24.69246,17.18321
6-1,1783321487.229028,2026-07-06T14:04:47.229028,5.08277,1.28959,6.55469,13.15000,5.21660,5.05610,1.25517,6.34624,12.76000,4.96803,5.02375,1.20804,6.06891,11.95000,4.91224,5.07398,1.15458,5.85830,11.69000,4.57052,24.82814,19.66738
6-1,1783321487.329083,2026-07-06T14:04:47.329083,5.09143,1.20414,6.13079,12.28000,5.83001,5.05858,1.20023,6.07147,12.20000,5.57550,5.02244,1.23124,6.18382,12.18000,5.53096,5.08260,1.06351,5.40539,10.77000,5.11135,23.79147,22.04782
6-1,1783321487.429137,2026-07-06T14:04:47.429137,5.09143,1.20414,6.13079,12.28000,6.44342,5.04938,1.22684,6.19480,12.47000,6.19532,5.03431,1.23344,6.20951,12.20000,6.15224,5.07460,1.06351,5.39688,10.77000,5.65133,23.93198,24.44232
6-1,1783321487.529192,2026-07-06T14:04:47.529192,5.08565,1.31010,6.66271,13.36000,7.11006,5.05338,1.22684,6.19971,12.47000,6.81563,5.02631,1.23344,6.19964,12.20000,6.77255,5.07084,1.13773,5.76925,11.52000,6.22857,24.83131,26.92681
6-1,1783321487.629246,2026-07-06T14:04:47.629246,5.08651,1.29447,6.58435,13.20000,7.76885,5.05601,1.25712,6.35600,12.78000,7.45158,5.02780,1.20707,6.06890,11.94000,7.37977,5.06989,1.15653,5.86347,11.71000,6.81524,24.87272,29.41543
6-1,1783321487.729301,2026-07-06T14:04:47.729301,5.08576,1.30815,6.65291,13.34000,8.43451,5.05605,1.25614,6.35112,12.77000,8.08704,5.02620,1.23539,6.20932,12.22000,8.00104,5.07494,1.13578,5.76400,11.50000,7.39195,24.97735,31.91453
6-1,1783321487.829356,2026-07-06T14:04:47.829356,5.08619,1.30033,6.61373,13.26000,9.09624,5.04942,1.22587,6.18992,12.46000,8.70637,5.02678,1.22514,6.15849,12.12000,8.61723,5.07094,1.13578,5.75945,11.50000,7.96822,24.72159,34.38806
6-1,1783321487.929410,2026-07-06T14:04:47.929410,5.08619,1.30033,6.61373,13.26000,9.75798,5.05342,1.22587,6.19483,12.46000,9.32619,5.02278,1.22514,6.15359,12.12000,9.23292,5.06984,1.15751,5.86837,11.72000,8.55537,24.83052,36.87246
6-1,1783321488.029464,2026-07-06T14:04:48.029464,5.08976,1.30815,6.65815,13.34000,10.42415,5.05201,1.25712,6.35097,12.78000,9.96163,5.03398,1.23930,6.23859,12.26000,9.85712,5.07094,1.13578,5.75945,11.50000,9.13163,25.00716,39.37452
6-1,1783321488.129518,2026-07-06T14:04:48.129518,5.09077,1.28959,6.56501,13.15000,11.08101,5.05186,1.26029,6.36683,12.81000,10.59866,5.02598,1.23930,6.22868,12.26000,10.48032,5.07274,1.10013,5.58068,11.14000,9.69000,24.74120,41.84998
6-1,1783321488.229573,2026-07-06T14:04:48.229573,5.10045,1.18558,6.04700,12.09000,11.68603,5.05885,1.19437,6.04215,12.14000,11.20320,5.03574,1.06644,5.37031,10.55000,11.01764,5.07274,1.10013,5.58068,11.14000,10.24837,23.04014,44.15524
6-1,1783321488.329627,2026-07-06T14:04:48.329627,5.08845,1.18558,6.03278,12.09000,12.28964,5.05485,1.19437,6.03737,12.14000,11.80726,5.02660,1.22831,6.17422,12.15000,11.63540,5.07379,1.15848,5.87789,11.73000,10.83648,24.12226,46.56878
6-1,1783321488.429683,2026-07-06T14:04:48.429683,5.08213,1.30131,6.61343,13.27000,12.95135,5.04836,1.24931,6.30695,12.70000,12.43831,5.01860,1.22831,6.16440,12.15000,12.25218,5.07424,1.14945,5.83259,11.64000,11.42006,24.91737,49.06191
6-1,1783321488.529737,2026-07-06T14:04:48.529737,5.08181,1.30717,6.64279,13.33000,13.61599,5.04778,1.26225,6.37153,12.83000,13.07581,5.03335,1.25053,6.29434,12.37000,12.88196,5.07359,1.16239,5.89748,11.77000,12.01013,25.20614,51.58389
6-1,1783321488.629791,2026-07-06T14:04:48.629791,5.08645,1.29545,6.58924,13.21000,14.27527,5.05582,1.26127,6.37675,12.82000,13.71383,5.03375,1.24345,6.25920,12.30000,13.50822,5.07464,1.14164,5.79339,11.56000,12.58978,25.01858,54.08711
6-1,1783321488.729846,2026-07-06T14:04:48.729846,5.08645,1.29545,6.58924,13.21000,14.93455,5.05182,1.26127,6.37170,12.82000,14.35135,5.02181,1.24247,6.23944,12.29000,14.13250,5.07064,1.14164,5.78883,11.56000,13.16898,24.98921,56.58738
6-1,1783321488.829900,2026-07-06T14:04:48.829900,5.08635,1.29740,6.59904,13.23000,15.59482,5.05263,1.24345,6.28267,12.64000,14.97995,5.02981,1.24247,6.24938,12.29000,14.75778,5.06949,1.16434,5.90262,11.79000,13.75956,25.03371,59.09211
6-1,1783321488.929954,2026-07-06T14:04:48.929954,5.08544,1.31400,6.68229,13.40000,16.26341,5.05178,1.26225,6.37658,12.83000,15.61796,5.02164,1.24540,6.25395,12.32000,15.38351,5.06994,1.15555,5.85858,11.70000,14.34574,25.17140,61.61062
6-1,1783321489.030008,2026-07-06T14:04:49.030008,5.09061,1.29252,6.57972,13.18000,16.92174,5.05302,1.23466,6.23875,12.55000,16.24217,5.02192,1.24052,6.22977,12.27000,16.00683,5.07734,1.16727,5.92664,11.82000,14.93872,24.97488,64.10946
6-1,1783321489.130062,2026-07-06T14:04:49.130062,5.09061,1.29252,6.57972,13.18000,17.58006,5.05302,1.23466,6.23875,12.55000,16.86638,5.02586,1.24149,6.23957,12.28000,16.63112,5.07334,1.16727,5.92197,11.82000,15.53124,24.98001,66.60880
6-1,1783321489.230116,2026-07-06T14:04:49.230116,5.08272,1.29057,6.55959,13.16000,18.23638,5.05182,1.26127,6.37170,12.82000,17.50390,5.02186,1.24149,6.23460,12.28000,17.25492,5.06959,1.16239,5.89283,11.77000,16.12084,25.05872,69.11603
6-1,1783321489.330170,2026-07-06T14:04:49.330170,5.08635,1.29740,6.59904,13.23000,18.89664,5.05298,1.23563,6.24363,12.56000,18.12860,5.02518,1.25346,6.29885,12.40000,17.88515,5.07024,1.14945,5.82799,11.64000,16.70396,24.96951,71.61434
6-1,1783321489.430224,2026-07-06T14:04:49.430224,5.09534,1.13260,5.77099,11.55000,19.47405,5.05330,1.14017,5.76163,11.59000,18.70507,5.03369,1.10282,5.55123,10.91000,18.44057,5.07539,1.04788,5.31842,10.61000,17.23608,22.40227,73.85578
6-1,1783321489.530280,2026-07-06T14:04:49.530280,5.07365,1.31010,6.64699,13.36000,20.13912,5.05730,1.14017,5.76619,11.59000,19.28201,5.02152,1.24760,6.26483,12.34000,19.06740,5.07539,1.04788,5.31842,10.61000,17.76822,23.99643,76.25676
6-1,1783321489.630335,2026-07-06T14:04:49.630335,5.08165,1.31010,6.65747,13.36000,20.80523,5.05164,1.26518,6.39121,12.86000,19.92149,5.02552,1.24760,6.26982,12.34000,19.69473,5.06929,1.16825,5.92219,11.83000,18.36077,25.24069,78.78222
6-1,1783321489.730390,2026-07-06T14:04:49.730390,5.08613,1.30131,6.61863,13.27000,21.46746,5.05155,1.26713,6.40097,12.88000,20.56193,5.02244,1.23124,6.18382,12.18000,20.31345,5.07405,1.15336,5.85218,11.68000,18.94631,25.05560,81.28914
7-1,1783321489.830444,2026-07-06T14:04:49.830444,5.08587,1.30619,6.64312,13.32000,0.66467,5.05517,1.18729,6.00196,12.07000,0.60052,5.02130,1.25150,6.28417,12.38000,0.62876,5.07499,1.13480,5.75910,11.49000,0.57622,24.68835,2.47016
7-1,1783321489.930498,2026-07-06T14:04:49.930498,5.08319,1.35527,6.88907,13.82000,1.35395,5.05117,1.18729,5.99721,12.07000,1.20057,5.01804,1.30912,6.56923,12.95000,1.28604,5.06159,1.24125,6.28269,12.57000,1.20483,25.73820,5.04539
7-1,1783321490.030553,2026-07-06T14:04:50.030553,5.08719,1.35527,6.89450,13.82000,2.04378,5.04839,1.33695,6.74947,13.59000,1.87588,5.02204,1.30912,6.57447,12.95000,1.94384,5.07359,1.24125,6.29759,12.57000,1.83493,26.51603,7.69844
7-1,1783321490.130607,2026-07-06T14:04:50.130607,5.08265,1.43852,7.31149,14.67000,2.77533,5.05882,1.10672,5.59871,11.25000,2.43606,5.02913,1.32524,6.66479,13.11000,2.61069,5.06994,1.15555,5.85858,11.70000,2.42111,25.43357,10.24318
7-1,1783321490.230661,2026-07-06T14:04:50.230661,5.10923,0.95120,4.85991,9.70000,3.26158,5.06805,0.81448,4.12782,8.28000,2.84906,5.05537,0.86038,4.34953,8.51000,3.04587,5.08665,0.82571,4.20010,8.36000,2.84135,17.53736,11.99786
7-1,1783321490.330715,2026-07-06T14:04:50.330715,5.08881,0.95901,4.88023,9.78000,3.74987,5.06405,0.81448,4.12456,8.28000,3.26174,5.03710,0.97147,4.89337,9.61000,3.53547,5.07410,0.99442,5.04576,10.07000,3.34620,18.94392,13.89328
7-1,1783321490.430769,2026-07-06T14:04:50.430769,5.10081,0.95901,4.89174,9.78000,4.23930,5.05526,1.18534,5.99219,12.05000,3.86128,5.03710,0.97147,4.89337,9.61000,4.02508,5.08210,0.99442,5.05372,10.07000,3.85184,20.83102,15.97751
7-1,1783321490.530823,2026-07-06T14:04:50.530823,5.09104,1.28471,6.54049,13.10000,4.89371,5.05241,1.24833,6.30707,12.69000,4.49233,5.03031,1.23344,6.20457,12.20000,4.64587,5.07479,1.13871,5.77870,11.53000,4.43003,24.83083,18.46194
7-1,1783321490.630877,2026-07-06T14:04:50.630877,5.08299,1.28568,6.53511,13.11000,5.54757,5.05338,1.22684,6.19971,12.47000,5.11264,5.03026,1.23441,6.20942,12.21000,5.26714,5.07389,1.15653,5.86810,11.71000,5.01715,24.81234,20.94450
7-1,1783321490.730935,2026-07-06T14:04:50.730935,5.08373,1.27201,6.46657,12.97000,6.19460,5.05738,1.22684,6.20461,12.47000,5.73346,5.02775,1.20804,6.07374,11.95000,5.87487,5.07384,1.15751,5.87300,11.72000,5.60479,24.61792,23.40773
7-1,1783321490.830990,2026-07-06T14:04:50.830990,5.08565,1.31010,6.66271,13.36000,6.86124,5.05973,1.26322,6.39156,12.84000,6.37297,5.02375,1.20804,6.06891,11.95000,6.48210,5.06984,1.15751,5.86837,11.72000,6.19195,24.99155,25.90826
7-1,1783321490.931045,2026-07-06T14:04:50.931045,5.08965,1.31010,6.66795,13.36000,7.52840,5.06280,1.19535,6.05182,12.15000,6.97848,5.02615,1.23637,6.21416,12.23000,7.10385,5.07054,1.14359,5.79862,11.58000,6.77213,24.73255,28.38285
7-1,1783321491.031099,2026-07-06T14:04:51.031099,5.08667,1.29154,6.56965,13.17000,8.18572,5.04401,1.25712,6.34092,12.78000,7.61291,5.02638,1.23222,6.19359,12.19000,7.72354,5.07084,1.13773,5.76925,11.52000,7.34937,24.87341,30.87154
7-1,1783321491.131152,2026-07-06T14:04:51.131152,5.08603,1.30326,6.62843,13.29000,8.84891,5.05201,1.25712,6.35097,12.78000,8.24835,5.02204,1.23832,6.21889,12.25000,8.34576,5.06979,1.15848,5.87326,11.73000,7.93700,25.07155,33.38003
7-1,1783321491.231206,2026-07-06T14:04:51.231206,5.08965,1.31010,6.66795,13.36000,9.51607,5.05205,1.25614,6.34609,12.77000,8.88330,5.02604,1.23832,6.22384,12.25000,8.96848,5.07499,1.13480,5.75910,11.49000,8.51323,24.99698,35.88108
7-1,1783321491.331261,2026-07-06T14:04:51.331261,5.08965,1.31010,6.66795,13.36000,10.18323,5.05276,1.24052,6.26803,12.61000,9.51045,5.02786,1.20609,6.06406,11.93000,9.57522,5.07499,1.13480,5.75910,11.49000,9.08945,24.75914,38.35835
7-1,1783321491.431315,2026-07-06T14:04:51.431315,5.08619,1.30033,6.61373,13.26000,10.84496,5.05191,1.25932,6.36195,12.80000,10.14699,5.02981,1.24247,6.24938,12.29000,10.20050,5.07369,1.16044,5.88769,11.75000,9.67854,25.11275,40.87099
7-1,1783321491.531369,2026-07-06T14:04:51.531369,5.08555,1.31205,6.67250,13.38000,11.51257,5.04791,1.25932,6.35691,12.80000,10.78302,5.03066,1.22733,6.17429,12.14000,10.81826,5.07479,1.13871,5.77870,11.53000,10.25672,24.98240,43.37058
7-1,1783321491.631423,2026-07-06T14:04:51.631423,5.09013,1.30131,6.62384,13.27000,12.17532,5.05285,1.23856,6.25827,12.59000,11.40919,5.02581,1.24247,6.24441,12.14000,11.44304,5.06964,1.16141,5.88794,11.76000,10.84584,25.01446,45.87338
7-1,1783321491.731477,2026-07-06T14:04:51.731477,5.08613,1.30131,6.61863,13.27000,12.83754,5.05155,1.26713,6.40097,12.88000,12.04963,5.02981,1.24247,6.24938,12.29000,12.06832,5.07364,1.16141,5.89259,11.76000,11.43541,25.16157,48.39090
7-1,1783321491.831532,2026-07-06T14:04:51.831532,5.08256,1.29350,6.57427,13.19000,13.49533,5.05586,1.26029,6.37187,12.81000,12.68717,5.02186,1.24149,6.23460,12.28000,12.69212,5.07424,1.14945,5.83259,11.64000,12.01899,25.01333,50.89361
7-1,1783321491.931587,2026-07-06T14:04:51.931587,5.08208,1.30229,6.61832,13.28000,14.15752,5.05186,1.26029,6.36683,12.81000,13.32420,5.02198,1.23930,6.22372,12.26000,13.31483,5.07369,1.16044,5.88769,11.75000,12.60808,25.09656,53.40463
7-1,1783321492.031641,2026-07-06T14:04:52.031641,5.08971,1.30912,6.66305,13.35000,14.82418,5.05205,1.25614,6.34609,12.77000,13.95915,5.02975,1.24345,6.25422,12.30000,13.94059,5.07354,1.16337,5.90238,11.78000,13.19864,25.16574,55.92257
7-1,1783321492.131695,2026-07-06T14:04:52.131695,5.08656,1.29350,6.57945,13.19000,15.48248,5.05182,1.26127,6.37170,12.82000,14.59666,5.02175,1.24345,6.24428,12.30000,14.56536,5.07754,1.16337,5.90703,11.78000,13.78966,25.10246,58.43417
7-1,1783321492.231750,2026-07-06T14:04:52.231750,5.08256,1.29350,6.57427,13.19000,16.14027,5.05254,1.24540,6.29243,12.66000,15.22625,5.02581,1.24247,6.24441,12.29000,15.19014,5.07374,1.15946,5.88279,11.74000,14.37826,24.99390,60.93492
7-1,1783321492.331804,2026-07-06T14:04:52.331804,5.07702,1.24833,6.33780,12.73000,16.77439,5.05254,1.24540,6.29243,12.66000,15.85583,5.02804,1.20292,6.04831,11.90000,15.79530,5.07689,1.09720,5.57037,11.11000,14.93560,24.24891,63.36112
7-1,1783321492.431858,2026-07-06T14:04:52.431858,5.07424,1.29936,6.59324,13.25000,17.43407,5.05241,1.24833,6.30707,12.69000,16.48688,5.02169,1.24442,6.24911,12.31000,16.42055,5.07339,1.16630,5.91707,11.81000,15.52763,25.06649,65.86913
7-1,1783321492.531912,2026-07-06T14:04:52.531912,5.08645,1.29545,6.58924,13.21000,18.09335,5.05164,1.26518,6.39121,12.86000,17.12635,5.02569,1.24442,6.25409,12.31000,17.04629,5.07339,1.16630,5.91707,11.81000,16.11965,25.15161,68.38565
7-1,1783321492.631966,2026-07-06T14:04:52.631966,5.08645,1.29545,6.58924,13.21000,18.75264,5.05227,1.25126,6.32170,12.72000,17.75886,5.02952,1.24760,6.27481,12.34000,17.67412,5.07339,1.16630,5.91707,11.81000,16.71168,25.10282,70.89730
7-1,1783321492.732020,2026-07-06T14:04:52.732020,5.08283,1.28861,6.54980,13.14000,19.40797,5.05227,1.25126,6.32170,12.72000,18.39137,5.03031,1.23344,6.20457,12.20000,18.29491,5.07374,1.15946,5.88279,11.74000,17.30028,24.95886,73.39453
7-1,1783321492.832095,2026-07-06T14:04:52.832095,5.08219,1.30033,6.60853,13.26000,20.06931,5.05155,1.26713,6.40097,12.88000,19.03195,5.02558,1.24638,6.26377,12.33000,18.92175,5.07334,1.16727,5.92197,11.82000,17.89292,25.19524,75.91593
7-1,1783321492.932160,2026-07-06T14:04:52.932160,5.09019,1.30033,6.61894,13.26000,20.73164,5.05173,1.26322,6.38146,12.84000,19.67051,5.02158,1.24638,6.25878,12.33000,19.54804,5.07339,1.16630,5.91707,11.81000,18.48501,25.17625,78.43520
7-1,1783321493.032226,2026-07-06T14:04:53.032226,5.07819,1.30033,6.60333,13.26000,21.39241,5.05164,1.26518,6.39121,12.86000,20.31005,5.02711,1.21928,6.12944,12.06000,20.16139,5.07339,1.16630,5.91707,11.81000,19.07711,25.04105,80.94096
7-1,1783321493.132292,2026-07-06T14:04:53.132292,5.08613,1.30131,6.61863,13.27000,22.05471,5.05164,1.26518,6.39121,12.86000,20.94960,5.02558,1.24638,6.26377,12.33000,20.78818,5.07389,1.15653,5.86810,11.71000,19.66431,25.14171,83.45680
7-1,1783321493.232358,2026-07-06T14:04:53.232358,5.08533,1.31596,6.69209,13.42000,22.72436,5.05551,1.26811,6.41092,12.89000,21.59111,5.02924,1.25248,6.29902,12.39000,21.41850,5.07334,1.16727,5.92197,11.82000,20.25690,25.32400,85.99087
8-1,1783321493.332425,2026-07-06T14:04:53.332425,5.08208,1.30229,6.61832,13.28000,0.66227,5.05614,1.25419,6.34135,12.75000,0.63456,5.02924,1.25248,6.29902,12.39000,0.63032,5.06924,1.16923,5.92709,11.84000,0.59310,25.18578,2.52025
8-1,1783321493.432492,2026-07-06T14:04:53.432492,5.07808,1.30229,6.61311,13.28000,1.32403,5.04973,1.30741,6.60208,13.29000,1.29521,5.02517,1.18290,5.94426,11.70000,1.22515,5.07324,1.16923,5.93176,11.84000,1.18668,25.09121,5.03107
8-1,1783321493.532558,2026-07-06T14:04:53.532558,5.08404,1.33964,6.81079,13.66000,2.00555,5.04973,1.30741,6.60208,13.29000,1.95585,5.01815,1.30717,6.55957,12.93000,1.88153,5.06953,1.24247,6.29874,12.58000,1.81696,26.27118,7.65990
8-1,1783321493.632625,2026-07-06T14:04:53.632625,5.08697,1.43266,7.28790,14.61000,2.73483,5.06035,1.33793,6.77040,13.60000,2.63334,5.03430,1.02103,5.14016,10.10000,2.39589,5.07004,1.23246,6.24861,12.48000,2.44225,25.44707,10.20632
8-1,1783321493.732691,2026-07-06T14:04:53.732691,5.10039,1.18656,6.05192,12.10000,3.34042,5.05427,0.85379,4.31526,8.68000,3.06515,5.03430,1.02103,5.14016,10.10000,2.91025,5.08400,0.95706,4.86569,9.69000,2.92913,20.37303,12.24496
8-1,1783321493.832757,2026-07-06T14:04:53.832757,5.08373,1.27201,6.46657,12.97000,3.98751,5.03729,1.22880,6.18981,12.49000,3.68454,5.02940,1.17875,5.92839,11.66000,3.50348,5.08400,0.95706,4.86569,9.69000,3.41602,23.45046,14.59156
8-1,1783321493.932823,2026-07-06T14:04:53.932823,5.09173,1.27201,6.47674,12.97000,4.63561,5.05329,1.22880,6.20947,12.49000,4.30590,5.02815,1.20096,6.03863,11.88000,4.10774,5.07059,1.14261,5.79372,11.57000,3.99578,24.51856,17.04503
8-1,1783321494.032890,2026-07-06T14:04:54.032890,5.08272,1.29057,6.55959,13.16000,5.29201,5.05991,1.25932,6.37202,12.80000,4.94353,5.02604,1.23832,6.22384,12.25000,4.73054,5.07394,1.15555,5.86320,11.70000,4.58249,25.01865,19.54857
8-1,1783321494.132957,2026-07-06T14:04:54.132957,5.08256,1.29350,6.57427,13.19000,5.94988,5.05232,1.25028,6.31682,12.71000,5.57564,5.03004,1.23832,6.22879,12.25000,5.35384,5.07394,1.15555,5.86320,11.70000,5.16921,24.98308,22.04856
8-1,1783321494.233023,2026-07-06T14:04:54.233023,5.08144,1.31400,6.67704,13.40000,6.61802,5.05338,1.22684,6.19971,12.47000,6.19602,5.02215,1.23637,6.20921,12.23000,5.97517,5.07415,1.15140,5.84238,11.66000,5.75383,24.92834,24.54304
8-1,1783321494.333089,2026-07-06T14:04:54.333089,5.08544,1.31400,6.68229,13.40000,7.28669,5.05173,1.26322,6.38146,12.84000,6.83458,5.02380,1.20707,6.06407,11.94000,6.58198,5.07015,1.15140,5.83778,11.66000,6.33799,24.96560,27.04125
8-1,1783321494.433156,2026-07-06T14:04:54.433156,5.08235,1.29740,6.59385,13.23000,7.94651,5.05573,1.26322,6.38651,12.84000,7.47366,5.02620,1.23539,6.20932,12.22000,7.20332,5.06979,1.15848,5.87326,11.73000,6.92571,25.06294,29.54921
8-1,1783321494.533217,2026-07-06T14:04:54.533217,5.08133,1.31596,6.68682,13.42000,8.61561,5.05591,1.25932,6.36698,12.80000,8.11075,5.03020,1.23539,6.21426,12.22000,7.82513,5.07049,1.14457,5.80351,11.59000,7.50642,25.07157,32.05792
8-1,1783321494.633273,2026-07-06T14:04:54.633273,5.08181,1.30717,6.64279,13.33000,9.28026,5.05742,1.22587,6.19973,12.46000,8.73107,5.02644,1.23124,6.18875,12.18000,8.44435,5.06979,1.15848,5.87326,11.73000,8.09407,24.90453,34.54975
8-1,1783321494.733327,2026-07-06T14:04:54.733327,5.08981,1.30717,6.65325,13.33000,9.94594,5.04791,1.25932,6.35691,12.80000,9.36710,5.03020,1.23539,6.21426,12.22000,9.06611,5.07379,1.15848,5.87789,11.73000,8.68218,25.10231,37.06134
9-1,1783321494.833386,2026-07-06T14:04:54.833386,5.08997,1.30424,6.63854,13.30000,0.66425,5.05191,1.25932,6.36195,12.80000,0.63657,5.03324,1.18168,5.94766,11.69000,0.59512,5.07449,1.14457,5.80809,11.59000,0.58115,24.75624,2.47710
9-1,1783321494.933441,2026-07-06T14:04:54.933441,5.08796,1.26786,6.45082,12.93000,1.30968,5.05533,1.27201,6.43044,12.93000,1.27997,5.01010,1.30815,6.55394,11.69000,1.25087,5.06974,1.23832,6.27796,12.54000,1.20929,25.71316,5.04981
9-1,1783321495.033494,2026-07-06T14:04:55.033494,5.08404,1.33964,6.81079,13.66000,1.99112,5.05226,1.33988,6.76945,13.62000,1.95727,5.01810,1.30815,6.56440,12.94000,1.90766,5.07254,1.26200,6.40155,12.78000,1.84979,26.54619,7.70585
9-1,1783321495.133548,2026-07-06T14:04:55.133548,5.09270,1.25419,6.38721,12.79000,2.63019,5.08223,0.85476,4.34410,8.69000,2.39192,5.02666,1.15653,5.81348,11.44000,2.48932,5.08454,1.26200,6.41670,12.78000,2.49181,22.96149,10.00324
9-1,1783321495.233603,2026-07-06T14:04:55.233603,5.08070,1.25419,6.37216,12.79000,3.26775,5.05823,0.85476,4.32358,8.69000,2.82451,5.03002,1.09696,5.51771,10.85000,3.04139,5.07607,0.79788,4.05007,8.08000,2.89703,20.26352,12.03070
9-1,1783321495.333656,2026-07-06T14:04:55.333656,5.08656,1.29350,6.57945,13.19000,3.92605,5.05338,1.22684,6.19971,12.47000,3.44482,5.02204,1.23832,6.21889,12.25000,3.66362,5.07069,1.14066,5.78393,11.55000,3.47574,24.78198,14.51022
9-1,1783321495.433710,2026-07-06T14:04:55.433710,5.08603,1.30326,6.62843,13.29000,4.58925,5.05258,1.24442,6.28755,12.65000,4.07391,5.03004,1.23832,6.22879,12.25000,4.28683,5.06994,1.15555,5.85858,11.70000,4.06191,25.00335,17.01189
9-1,1783321495.533763,2026-07-06T14:04:55.533763,5.08635,1.29740,6.59904,13.23000,5.24951,5.05623,1.25224,6.33159,12.73000,4.70740,5.02238,1.23222,6.18866,12.19000,4.90603,5.07509,1.13285,5.74930,11.47000,4.63714,24.86859,19.50008
9-1,1783321495.633816,2026-07-06T14:04:55.633816,5.08635,1.29740,6.59904,13.23000,5.90976,5.05623,1.25224,6.33159,12.73000,5.34090,5.02420,1.19999,6.02898,11.87000,5.50924,5.07509,1.13285,5.74930,11.47000,5.21238,24.70891,21.97228
9-1,1783321495.733870,2026-07-06T14:04:55.733870,5.08587,1.30619,6.64312,13.32000,6.57443,5.05267,1.24247,6.27779,12.63000,5.96902,5.02198,1.23930,6.22372,12.26000,6.13195,5.07384,1.15751,5.87300,11.72000,5.80000,25.01763,24.47540
9-1,1783321495.833925,2026-07-06T14:04:55.833925,5.08699,1.28568,6.54026,13.11000,7.22881,5.05245,1.24735,6.30219,12.68000,6.59958,5.02998,1.23930,6.23364,12.26000,6.75566,5.07479,1.13871,5.77870,11.53000,6.37818,24.85479,26.96223
9-1,1783321495.933980,2026-07-06T14:04:55.933980,5.07808,1.30229,6.61311,13.28000,7.89049,5.05445,1.20316,6.08132,12.23000,7.20805,5.02615,1.23637,6.21416,12.23000,7.37742,5.07635,1.10794,5.62431,11.22000,6.94093,24.53290,29.41689
9-1,1783321496.034034,2026-07-06T14:04:56.034034,5.08608,1.30229,6.62353,13.28000,8.55320,5.05045,1.20316,6.07651,12.23000,7.81602,5.02598,1.23930,6.22868,12.26000,8.00062,5.06835,1.10794,5.61545,11.22000,7.50277,24.54417,31.87261
9-1,1783321496.134087,2026-07-06T14:04:56.134087,5.08667,1.29154,6.56965,13.17000,9.21051,5.05578,1.26225,6.38163,12.83000,8.45453,5.02764,1.21000,6.08343,11.97000,8.60928,5.07384,1.15751,5.87300,11.72000,8.09038,24.90771,34.36471
9-1,1783321496.234142,2026-07-06T14:04:56.234142,5.08667,1.29154,6.56965,13.17000,9.86784,5.05605,1.25614,6.35112,12.77000,9.08999,5.02364,1.21000,6.07859,11.97000,9.21748,5.07405,1.15336,5.85218,11.68000,8.67593,24.85154,36.85124
9-1,1783321496.334195,2026-07-06T14:04:56.334195,5.08597,1.30424,6.63333,13.30000,10.53153,5.05294,1.23661,6.24851,12.57000,9.71517,5.02609,1.23734,6.21900,12.24000,9.83971,5.07379,1.15848,5.87789,11.73000,9.26403,24.97873,39.35044
9-1,1783321496.434251,2026-07-06T14:04:56.434251,5.08661,1.29252,6.57455,13.18000,11.18935,5.05294,1.23661,6.24851,12.57000,10.34037,5.02660,1.22831,6.17422,12.15000,10.45748,5.07779,1.15848,5.88253,11.73000,9.85261,24.87981,41.83980
9-1,1783321496.534305,2026-07-06T14:04:56.534305,5.08661,1.29252,6.57455,13.18000,11.84715,5.05186,1.26029,6.36683,12.81000,10.97740,5.02535,1.25053,6.28433,12.37000,11.08624,5.07039,1.14652,5.81330,11.61000,10.43425,25.03901,44.34504
9-1,1783321496.634358,2026-07-06T14:04:56.634358,5.08555,1.31205,6.67250,13.38000,12.51476,5.05263,1.24345,6.28267,12.64000,11.60600,5.02935,1.25053,6.28934,12.37000,11.71551,5.06964,1.16141,5.88794,11.76000,11.02336,25.13245,46.85963
9-1,1783321496.734413,2026-07-06T14:04:56.734413,5.08635,1.29740,6.59904,13.23000,13.17503,5.05151,1.26811,6.40585,12.89000,12.24694,5.02592,1.24052,6.23473,12.27000,12.33933,5.07464,1.14164,5.79339,11.56000,11.60301,25.03301,49.36431
9-1,1783321496.834468,2026-07-06T14:04:56.834468,5.08565,1.31010,6.66271,13.36000,13.84166,5.05551,1.26811,6.41092,12.89000,12.88838,5.02575,1.24345,6.24925,12.30000,12.96460,5.07364,1.16141,5.89259,11.76000,12.19260,25.21547,51.88724
9-1,1783321496.934523,2026-07-06T14:04:56.934523,5.08565,1.31010,6.66271,13.36000,14.50830,5.05196,1.25810,6.35585,12.79000,13.52432,5.02975,1.24345,6.25422,12.30000,13.59037,5.07364,1.16141,5.89259,11.76000,12.78218,25.16537,54.40517
9-1,1783321497.034577,2026-07-06T14:04:57.034577,5.08549,1.31303,6.67740,13.39000,15.17641,5.05160,1.26615,6.39609,12.87000,14.16427,5.02575,1.24345,6.24925,12.30000,14.21563,5.07779,1.15848,5.88253,11.73000,13.37075,25.20527,56.92706
9-1,1783321497.134631,2026-07-06T14:04:57.134631,5.08597,1.30424,6.63333,13.30000,15.84010,5.05569,1.26420,6.39139,12.85000,14.80375,5.02958,1.24638,6.26875,12.33000,14.84284,5.07754,1.16337,5.90703,11.78000,13.96177,25.20050,59.44847
9-1,1783321497.234686,2026-07-06T14:04:57.234686,5.08571,1.30912,6.65781,13.35000,16.50624,5.05569,1.26420,6.39139,12.85000,15.44324,5.02986,1.24149,6.24454,12.28000,15.46764,5.06944,1.16532,5.90751,11.80000,14.55285,25.20125,61.96997
9-1,1783321497.334740,2026-07-06T14:04:57.334740,5.08571,1.30912,6.65781,13.35000,17.17238,5.05564,1.26518,6.39627,12.86000,16.08322,5.02946,1.24857,6.27965,12.35000,16.09595,5.06944,1.16532,5.90751,11.80000,15.14392,25.24124,64.49547
9-1,1783321497.434795,2026-07-06T14:04:57.434795,5.08608,1.30229,6.62353,13.28000,17.83510,5.05569,1.26420,6.39139,12.85000,16.72271,5.02946,1.24857,6.27965,12.35000,16.72425,5.07049,1.14457,5.80351,11.59000,15.72459,25.09808,67.00664
9-1,1783321497.534848,2026-07-06T14:04:57.534848,5.08528,1.31693,6.69698,13.43000,18.50515,5.04751,1.26811,6.40077,12.89000,17.36312,5.02620,1.23539,6.20932,12.22000,17.34551,5.06929,1.16825,5.92219,11.83000,16.31712,25.22926,69.53091
9-1,1783321497.634902,2026-07-06T14:04:57.634902,5.08555,1.31205,6.67250,13.38000,19.17276,5.05551,1.26811,6.41092,12.89000,18.00456,5.02552,1.24760,6.26982,12.34000,17.97283,5.07780,1.07938,5.48086,10.93000,16.86550,24.83410,72.01565
9-1,1783321497.734955,2026-07-06T14:04:57.734955,5.08555,1.31205,6.67250,13.38000,19.84037,5.05513,1.18827,6.00685,12.08000,18.60557,5.03369,1.24442,6.26404,12.31000,18.59957,5.06580,1.07938,5.46791,10.93000,17.41259,24.41130,74.45809
9-1,1783321497.835009,2026-07-06T14:04:57.835009,5.08533,1.31596,6.69209,13.42000,20.50994,5.05249,1.24638,6.29731,12.67000,19.23564,5.02969,1.24442,6.25907,12.31000,19.22582,5.06929,1.16825,5.92219,11.83000,18.00513,25.17066,76.97652
9-1,1783321497.935064,2026-07-06T14:04:57.935064,5.08139,1.31498,6.68193,13.41000,21.17849,5.05551,1.26811,6.41092,12.89000,19.87708,5.02541,1.24955,6.27949,12.36000,19.85411,5.06934,1.16727,5.91730,11.82000,18.59718,25.28964,79.50686
9-1,1783321498.035118,2026-07-06T14:04:58.035118,5.08203,1.30326,6.62321,13.29000,21.84117,5.05151,1.26811,6.40585,12.89000,20.51801,5.02655,1.22929,6.17906,12.16000,20.47235,5.06979,1.15848,5.87326,11.73000,19.18482,25.08138,82.01635
10-1,1783321498.135172,2026-07-06T14:04:58.135172,5.08928,1.31693,6.70225,13.43000,0.67059,5.05555,1.26713,6.40604,12.88000,0.64095,5.02541,1.24955,6.27949,12.36000,0.62829,5.07779,1.15848,5.88253,11.73000,0.58857,25.27031,2.52840
10-1,1783321498.235226,2026-07-06T14:04:58.235226,5.07728,1.31693,6.68645,13.43000,1.33959,5.05685,1.23856,6.26323,12.59000,1.26761,5.02941,1.24955,6.28449,12.36000,1.25708,5.06659,1.14261,5.78915,11.57000,1.16780,25.02332,5.03209
10-1,1783321498.335280,2026-07-06T14:04:58.335280,5.08708,1.35722,6.90429,13.84000,2.03040,5.04813,1.34281,6.77870,13.65000,1.94585,5.02210,1.30815,6.56963,12.94000,1.91440,5.06564,1.24027,6.28277,12.56000,1.79642,26.53539,7.68707
10-1,1783321498.435334,2026-07-06T14:04:58.435334,5.08228,1.44536,7.34570,14.74000,2.76536,5.05213,1.34281,6.78407,13.65000,2.62462,5.03765,1.38701,6.98724,13.72000,2.61350,5.06924,1.16923,5.92709,11.84000,2.38945,27.04410,10.39293
10-1,1783321498.535388,2026-07-06T14:04:58.535388,5.09751,1.16605,5.94396,11.89000,3.36008,5.06191,0.86184,4.36257,8.76000,3.06112,5.06966,0.81985,4.15636,8.11000,3.02936,5.08255,0.98563,5.00949,9.98000,2.89067,19.47238,12.34122
10-1,1783321498.635442,2026-07-06T14:04:58.635442,5.08951,1.16605,5.93463,11.89000,3.95387,5.04378,1.26225,6.36648,12.83000,3.69811,5.04029,0.84402,4.25411,8.35000,3.45500,5.09455,0.98563,5.02132,9.98000,3.39307,21.57654,14.50004
10-1,1783321498.735497,2026-07-06T14:04:58.735497,5.09062,0.92581,4.71294,9.44000,4.42542,5.06830,0.89724,4.54751,9.12000,4.15311,5.04429,0.84402,4.25748,8.35000,3.88098,5.08670,0.82473,4.19517,8.35000,3.81282,17.71310,16.27232
10-1,1783321498.835551,2026-07-06T14:04:58.835551,5.09431,0.85818,4.37183,8.75000,4.86284,5.06430,0.89724,4.54392,9.12000,4.60774,5.03532,0.86135,4.33719,8.52000,4.31493,5.08677,0.82351,4.18901,8.34000,4.23194,17.44195,18.01746
10-1,1783321498.935605,2026-07-06T14:04:58.935605,5.06277,1.28959,6.52890,13.15000,5.51608,5.05442,1.11551,5.63827,11.34000,5.17188,5.01460,1.22831,6.15948,12.15000,4.93122,5.05839,1.14652,5.79955,11.61000,4.81221,24.12620,20.43139
10-1,1783321499.035659,2026-07-06T14:04:59.035659,5.09077,1.28959,6.56501,13.15000,6.17294,5.04786,1.26029,6.36178,12.81000,5.80840,5.03449,1.23026,6.19375,12.17000,5.55093,5.07439,1.14652,5.81789,11.61000,5.39432,24.93843,22.92658
11-1,1783321499.135714,2026-07-06T14:04:59.135714,5.09003,1.30326,6.63364,13.29000,0.66373,5.05894,1.19242,6.03237,12.12000,0.60357,5.02649,1.23026,6.18391,12.17000,0.61873,5.07794,1.15555,5.86782,11.70000,0.58710,24.71774,2.47312
11-1,1783321499.235768,2026-07-06T14:04:59.235768,5.08913,1.24638,6.34297,12.71000,1.29837,5.05094,1.19242,6.02283,12.12000,1.20618,5.02666,1.22733,6.16938,12.14000,1.23600,5.07333,1.24638,6.32328,12.62000,1.21977,24.85846,4.96032
11-1,1783321499.335821,2026-07-06T14:04:59.335821,5.08186,1.37968,7.01134,14.07000,1.99987,5.06004,1.34477,6.80458,13.67000,1.88699,5.02751,1.21220,6.09433,11.99000,1.84576,5.08475,1.02103,5.19167,10.34000,1.73922,25.10192,7.47184
11-1,1783321499.435875,2026-07-06T14:04:59.435875,5.08715,1.28275,6.52556,13.08000,2.65278,5.07563,1.00052,5.07826,10.17000,2.39509,5.02238,1.23222,6.18866,12.19000,2.46496,5.06475,1.02103,5.17125,10.34000,2.25662,22.96373,9.76945
11-1,1783321499.535928,2026-07-06T14:04:59.535928,5.08715,1.28275,6.52556,13.08000,3.30569,5.05232,1.25028,6.31682,12.71000,3.02712,5.02638,1.23222,6.19359,12.19000,3.08465,5.07429,1.14847,5.82769,11.63000,2.83970,24.86366,12.25715
11-1,1783321499.635983,2026-07-06T14:04:59.635983,5.08592,1.30522,6.63822,13.31000,3.96987,5.05632,1.25028,6.32182,12.71000,3.65964,5.02764,1.21000,6.08343,11.97000,3.69332,5.07494,1.13578,5.76400,11.50000,3.41641,24.80747,14.73924
11-1,1783321499.736037,2026-07-06T14:04:59.736037,5.08613,1.30131,6.61863,13.27000,4.63209,5.05605,1.25614,6.35112,12.77000,4.29510,5.02678,1.22514,6.15849,12.12000,4.30951,5.07410,1.15238,5.84728,11.67000,4.00146,24.97552,17.23816
11-1,1783321499.836091,2026-07-06T14:04:59.836091,5.08357,1.27494,6.48126,13.00000,5.28057,5.05667,1.24247,6.28276,12.63000,4.92371,5.02626,1.23441,6.20448,12.21000,4.93029,5.07489,1.13675,5.76890,11.51000,4.57866,24.73740,19.71322
11-1,1783321499.936145,2026-07-06T14:04:59.936145,5.08357,1.27494,6.48126,13.00000,5.92904,5.05302,1.23466,6.23875,12.55000,5.54792,5.02626,1.23441,6.20448,12.21000,5.55107,5.07489,1.13675,5.76890,11.51000,5.15586,24.69339,22.18389
11-1,1783321500.036198,2026-07-06T14:05:00.036198,5.08699,1.28568,6.54026,13.11000,6.58342,5.05302,1.23466,6.23875,12.55000,6.17213,5.02329,1.21610,6.10883,12.03000,6.16228,5.08210,1.15238,5.85650,11.67000,5.74182,24.74434,24.65966
11-1,1783321500.136252,2026-07-06T14:05:00.136252,5.08747,1.27689,6.49616,13.02000,7.23338,5.05618,1.25321,6.33647,12.74000,6.80612,5.02231,1.23344,6.19470,12.20000,6.78208,5.08229,1.14847,5.83688,11.63000,6.32583,24.86421,27.14741
11-1,1783321500.236306,2026-07-06T14:05:00.236306,5.08555,1.31205,6.67250,13.38000,7.90099,5.05627,1.25126,6.32671,12.72000,7.43913,5.03015,1.23637,6.21911,12.23000,7.40433,5.06984,1.15751,5.86837,11.72000,6.91298,25.08669,29.65743
11-1,1783321500.336360,2026-07-06T14:05:00.336360,5.08555,1.31205,6.67250,13.38000,8.56860,5.05272,1.24149,6.27291,12.62000,8.06676,5.02615,1.23637,6.21416,12.23000,8.02608,5.07784,1.15751,5.87763,11.72000,7.50106,25.03720,32.16250
11-1,1783321500.436414,2026-07-06T14:05:00.436414,5.08608,1.30229,6.62353,13.28000,9.23132,5.05672,1.24149,6.27788,12.62000,8.69489,5.03169,1.20902,6.08342,11.96000,8.63475,5.07389,1.15653,5.86810,11.71000,8.08819,24.85293,34.64915
11-1,1783321500.536468,2026-07-06T14:05:00.536468,5.08656,1.29350,6.57945,13.19000,9.88961,5.05601,1.25712,6.35600,12.78000,9.33083,5.03009,1.23734,6.22395,12.24000,9.25748,5.07384,1.15751,5.87300,11.72000,8.67580,25.03240,37.15373
11-1,1783321500.636523,2026-07-06T14:05:00.636523,5.09013,1.30131,6.62384,13.27000,10.55236,5.05698,1.23563,6.24857,12.56000,9.95603,5.03100,1.22123,6.14401,12.08000,9.87222,5.07389,1.15653,5.86810,11.71000,9.26294,24.88452,39.64355
11-1,1783321500.736578,2026-07-06T14:05:00.736578,5.08544,1.31400,6.68229,13.40000,11.22096,5.05555,1.26713,6.40604,12.88000,10.59699,5.02700,1.22123,6.13912,12.08000,10.48647,5.07389,1.15653,5.86810,11.71000,9.85007,25.09555,42.15448
11-1,1783321500.836634,2026-07-06T14:05:00.836634,5.08944,1.31400,6.68755,13.40000,11.89009,5.05555,1.26713,6.40604,12.88000,11.23795,5.02946,1.24857,6.27965,12.35000,11.11479,5.07764,1.16141,5.89723,11.76000,10.44012,25.27047,44.68295
11-1,1783321500.936690,2026-07-06T14:05:00.936690,5.08619,1.30033,6.61373,13.26000,12.55183,5.05591,1.25932,6.36698,12.80000,11.87501,5.03004,1.23832,6.22879,12.25000,11.73801,5.07824,1.14945,5.83718,11.64000,11.02417,25.04668,47.18902
11-1,1783321501.036744,2026-07-06T14:05:01.036744,5.10908,0.88064,4.49927,8.98000,13.00200,5.07124,0.92068,4.66900,9.36000,12.34216,5.05926,0.86233,4.36276,8.53000,12.17453,5.09861,0.82669,4.21494,8.37000,11.44589,17.74597,48.96458
11-1,1783321501.136800,2026-07-06T14:05:01.136800,5.09425,0.85916,4.37676,8.76000,13.43992,5.06430,0.89724,4.54392,9.12000,12.79680,5.04326,0.86233,4.34896,8.53000,12.60966,5.08165,0.92434,4.69720,9.36000,11.91587,17.96684,50.76226
11-1,1783321501.236853,2026-07-06T14:05:01.236853,5.09425,0.85916,4.37676,8.76000,13.87783,5.05630,0.89724,4.53674,9.12000,13.25072,5.04001,0.99075,4.99341,9.80000,13.10927,5.08965,0.92434,4.70460,9.36000,12.38658,18.61151,52.62440
11-1,1783321501.336909,2026-07-06T14:05:01.336909,5.08385,1.26981,6.45555,12.95000,14.52375,5.05596,1.25810,6.36088,12.79000,13.88716,5.02849,1.19486,6.00835,11.82000,13.71044,5.07920,1.13065,5.74279,11.45000,12.96118,24.56757,55.08254
11-1,1783321501.436964,2026-07-06T14:05:01.436964,5.08492,1.25028,6.35758,12.75000,15.15985,5.05748,1.22465,6.19362,12.45000,14.50686,5.02426,1.19901,6.02414,11.86000,14.31319,5.07930,1.12870,5.73298,11.43000,13.53479,24.30832,57.51470
11-1,1783321501.537017,2026-07-06T14:05:01.537017,5.08315,1.28275,6.52043,13.08000,15.81225,5.05680,1.23954,6.26811,12.60000,15.13401,5.03226,1.19901,6.03373,11.86000,14.91688,5.07419,1.15043,5.83748,11.65000,14.11885,24.65975,59.98200
11-1,1783321501.637072,2026-07-06T14:05:01.637072,5.08715,1.28275,6.52556,13.08000,16.46516,5.05280,1.23954,6.26315,12.60000,15.76067,5.02969,1.24442,6.25907,12.31000,15.54313,5.07419,1.15043,5.83748,11.65000,14.70292,24.88526,62.47188
11-1,1783321501.737136,2026-07-06T14:05:01.737136,5.08661,1.29252,6.57455,13.18000,17.12303,5.05573,1.26322,6.38651,12.84000,16.39973,5.03180,1.20707,6.07373,11.94000,16.15089,5.07364,1.16141,5.89259,11.76000,15.29256,24.92738,64.96621
11-1,1783321501.837192,2026-07-06T14:05:01.837192,5.08833,1.26102,6.41651,12.86000,17.76504,5.05757,1.22269,6.18385,12.43000,17.01846,5.02169,1.24442,6.24911,12.31000,16.77615,5.07469,1.14066,5.78849,11.55000,15.87173,24.63796,67.43139
11-1,1783321501.937247,2026-07-06T14:05:01.937247,5.08192,1.30522,6.63300,13.31000,18.42871,5.05564,1.26518,6.39627,12.86000,17.65844,5.02981,1.24247,6.24938,12.31000,17.40144,5.07339,1.16630,5.91707,11.81000,16.46377,25.19572,69.95236
11-1,1783321502.037301,2026-07-06T14:05:02.037301,5.08592,1.30522,6.63822,13.31000,19.09289,5.04764,1.26518,6.38615,12.86000,18.29740,5.02181,1.24247,6.23944,12.29000,18.02572,5.07339,1.16630,5.91707,11.81000,17.05579,25.18088,72.47180
11-1,1783321502.137356,2026-07-06T14:05:02.137356,5.08939,1.31498,6.69245,13.41000,19.76250,5.04827,1.25126,6.31670,12.72000,18.92941,5.02924,1.25248,6.29902,12.39000,18.65597,5.07339,1.16630,5.91707,11.81000,17.64782,25.22524,74.99570
11-1,1783321502.237410,2026-07-06T14:05:02.237410,5.08549,1.31303,6.67740,13.39000,20.43061,5.04760,1.26615,6.39103,12.87000,19.56887,5.03004,1.23832,6.22879,12.25000,19.27918,5.07349,1.16434,5.90728,11.79000,18.23887,25.20450,77.51753
11-1,1783321502.337466,2026-07-06T14:05:02.337466,5.09009,1.22880,6.25469,12.53000,21.05642,5.05686,1.14994,5.81507,11.69000,20.15069,5.02524,1.25248,6.29401,12.39000,19.90893,5.07989,1.11698,5.67412,11.31000,18.80660,24.03789,79.92264
11-1,1783321502.437527,2026-07-06T14:05:02.437527,5.08208,1.30229,6.61832,13.28000,21.71866,5.05686,1.14994,5.81507,11.69000,20.73256,5.02524,1.25248,6.29401,12.39000,20.53872,5.07589,1.11698,5.66966,11.31000,19.37391,24.39706,82.36385
11-1,1783321502.537582,2026-07-06T14:05:02.537582,5.08608,1.30229,6.62353,13.28000,22.38138,5.05147,1.26908,6.41072,12.90000,21.37399,5.02231,1.23344,6.19470,12.20000,21.15853,5.07410,1.15238,5.84728,11.67000,19.95896,25.07623,84.87286
11-1,1783321502.637636,2026-07-06T14:05:02.637636,5.08139,1.31498,6.68193,13.41000,23.04993,5.05205,1.25614,6.34609,12.77000,22.00894,5.02164,1.24540,6.25395,12.32000,21.78427,5.07724,1.16923,5.93644,11.84000,20.55293,25.21841,87.39606
11-1,1783321502.737691,2026-07-06T14:05:02.737691,5.10332,0.91287,4.65867,9.31000,23.51605,5.07630,0.89724,4.55468,9.12000,22.46465,5.05526,0.86233,4.35931,8.53000,22.22044,5.09465,0.82571,4.20670,8.36000,20.97383,17.77936,89.17497
11-1,1783321502.837746,2026-07-06T14:05:02.837746,5.09496,0.84622,4.31144,8.63000,23.94744,5.06430,0.89724,4.54392,9.12000,22.91930,5.04326,0.86233,4.34896,8.53000,22.65557,5.08670,0.82473,4.19517,8.35000,21.39358,17.39949,90.91588
11-1,1783321502.937802,2026-07-06T14:05:02.937802,5.08696,0.84622,4.30467,8.63000,24.37814,5.05635,0.89627,4.53184,9.11000,23.37273,5.04624,0.95120,4.79999,9.41000,23.13584,5.07870,0.82473,4.18857,8.35000,21.81267,17.82507,92.69938
11-1,1783321503.037858,2026-07-06T14:05:03.037858,5.08635,1.29740,6.59904,13.23000,25.03842,5.05529,1.27299,6.43532,12.94000,24.01662,5.03111,1.21928,6.13431,12.06000,23.74961,5.06934,1.16727,5.91730,11.82000,22.40473,25.08597,95.20938
11-1,1783321503.137913,2026-07-06T14:05:03.137913,5.08619,1.30033,6.61373,13.26000,25.70015,5.05618,1.25321,6.33647,12.74000,24.65062,5.02535,1.25053,6.28433,12.37000,24.37839,5.06919,1.17020,5.93198,11.85000,22.99825,25.16651,97.72741
11-1,1783321503.237967,2026-07-06T14:05:03.237967,5.08667,1.29154,6.56965,13.17000,26.35747,5.05313,1.14408,5.78117,12.74000,25.22905,5.02935,1.25053,6.28934,12.37000,25.00766,5.07970,1.04178,5.29193,10.55000,23.52773,23.93209,100.12191
11-1,1783321503.338021,2026-07-06T14:05:03.338021,5.08267,1.29154,6.56448,13.17000,27.01427,5.05713,1.14408,5.78575,11.63000,25.80794,5.02860,1.12210,5.64261,11.10000,25.57223,5.07170,1.04178,5.28360,10.55000,24.05638,23.27644,102.45082
11-1,1783321503.438076,2026-07-06T14:05:03.438076,5.08597,1.30424,6.63333,13.30000,27.67797,5.05182,1.26127,6.37170,12.82000,26.44546,5.02249,1.23026,6.17898,12.17000,26.19047,5.06914,1.17118,5.93687,11.86000,24.65039,25.12088,104.96428
11-1,1783321503.538131,2026-07-06T14:05:03.538131,5.08101,1.32182,6.71618,13.48000,28.34996,5.05138,1.27103,6.42048,12.92000,27.08786,5.02518,1.25346,6.29885,12.40000,26.82070,5.06904,1.17313,5.94666,11.88000,25.24538,25.38217,107.50391
11-1,1783321503.638186,2026-07-06T14:05:03.638186,5.08972,1.16214,5.91500,11.85000,28.94179,5.05529,1.27299,6.43532,12.94000,27.73175,5.02518,1.25346,6.29885,12.40000,27.45093,5.08189,1.15653,5.87735,11.71000,25.83344,24.52652,109.95791
11-1,1783321503.738242,2026-07-06T14:05:03.738242,5.08491,1.32377,6.73125,13.50000,29.61529,5.05929,1.27299,6.44041,12.94000,28.37615,5.02490,1.25858,6.32425,12.45000,28.08371,5.07789,1.15653,5.87272,11.71000,26.42104,25.36863,112.49619
11-1,1783321503.838296,2026-07-06T14:05:03.838296,5.08891,1.32377,6.73655,13.50000,30.28931,5.04427,1.25126,6.31169,12.72000,29.00766,5.02575,1.24345,6.24925,12.30000,28.70898,5.07349,1.16434,5.90728,11.79000,27.01209,25.20477,115.01804
11-1,1783321503.938351,2026-07-06T14:05:03.938351,5.08086,1.32475,6.73085,13.51000,30.96276,5.04329,1.27299,6.42005,12.94000,29.65002,5.03330,1.25150,6.29918,12.38000,29.33924,5.08088,1.17631,5.97667,11.91000,27.61009,25.42675,117.56210
11-1,1783321504.038406,2026-07-06T14:05:04.038406,5.08577,1.23466,6.27918,12.59000,31.59102,5.05186,1.26029,6.36683,12.81000,30.28705,5.02930,1.25150,6.29418,12.38000,29.96900,5.08169,1.16044,5.89697,11.75000,28.20010,24.83716,120.04717
11-1,1783321504.138460,2026-07-06T14:05:04.138460,5.08997,1.30424,6.63854,13.30000,32.25524,5.05186,1.26029,6.36683,12.81000,30.92408,5.01398,1.23930,6.21381,12.26000,30.59072,5.07329,1.16825,5.92687,11.83000,28.79312,25.14605,122.56315
11-1,1783321504.238515,2026-07-06T14:05:04.238515,5.08597,1.30424,6.63333,13.30000,32.91894,5.05933,1.27201,6.43553,12.93000,31.56798,5.01295,1.25761,6.30432,12.44000,31.22150,5.06929,1.16825,5.92219,11.83000,29.38566,25.29537,125.09407
12-1,1783321504.338573,2026-07-06T14:05:04.338573,5.08875,1.32670,6.75125,13.53000,0.67551,5.06397,1.16971,5.92339,11.89000,0.59268,5.03220,1.12918,5.68228,11.17000,0.56856,5.06894,1.17508,5.95644,11.90000,0.59599,24.31336,2.43274
12-1,1783321504.438628,2026-07-06T14:05:04.438628,5.08783,1.34355,6.83574,13.70000,1.35947,5.04026,1.33988,6.75337,13.62000,1.26839,5.02420,1.12918,5.67325,11.17000,1.13619,5.06543,1.24442,6.30354,12.60000,1.22669,25.56590,4.99074
12-1,1783321504.538684,2026-07-06T14:05:04.538684,5.08191,1.37870,7.00645,14.06000,2.06051,5.06026,1.33988,6.78016,13.62000,1.94679,5.03359,1.31718,6.63014,13.03000,1.79958,5.08560,1.00443,5.10810,10.17000,1.73779,25.52485,7.54467
12-1,1783321504.638739,2026-07-06T14:05:04.638739,5.07791,1.37870,7.00094,14.06000,2.76098,5.05720,0.87747,4.43753,8.92000,2.39079,5.06115,0.82888,4.19510,8.20000,2.21932,5.06960,1.00443,5.09203,10.17000,2.24727,20.72560,9.61836
12-1,1783321504.738794,2026-07-06T14:05:04.738794,5.08865,1.25517,6.38710,12.80000,3.40005,5.04072,1.24149,6.25801,12.62000,3.01693,5.01004,1.23832,6.20403,12.25000,2.84007,5.07494,1.13578,5.76400,11.50000,2.82399,24.61314,12.08103
12-1,1783321504.838850,2026-07-06T14:05:04.838850,5.08608,1.30229,6.62353,13.28000,4.06277,5.04818,1.25321,6.32645,12.74000,3.64993,5.03004,1.23832,6.22879,12.25000,3.46329,5.07415,1.15140,5.84238,11.66000,3.40855,25.02115,14.58455
12-1,1783321504.938906,2026-07-06T14:05:04.938906,5.08373,1.27201,6.46657,12.97000,4.70979,5.05618,1.25321,6.33647,12.74000,4.28393,5.03426,1.23441,6.21435,12.21000,4.08508,5.07819,1.07157,5.44162,10.85000,3.95302,24.45901,17.03181
12-1,1783321505.038962,2026-07-06T14:05:05.038962,5.07467,1.29154,6.55415,13.17000,5.36557,5.06726,1.18534,6.00642,12.05000,4.88491,5.03404,1.23832,6.23375,12.25000,4.70880,5.07419,1.07157,5.43733,10.85000,4.49705,24.23165,19.45633
12-1,1783321505.139016,2026-07-06T14:05:05.139016,5.08267,1.29154,6.56448,13.17000,6.02237,5.06418,1.25321,6.34650,12.74000,5.51990,5.02849,1.19486,6.00835,11.82000,5.30996,5.07499,1.13480,5.75910,11.49000,5.07328,24.67843,21.92552
12-1,1783321505.239072,2026-07-06T14:05:05.239072,5.09181,1.19730,6.09643,12.21000,6.63236,5.05223,1.25224,6.32658,12.73000,6.15291,5.02449,1.19486,6.00357,11.82000,5.91065,5.07564,1.12186,5.69416,11.36000,5.64301,24.12074,24.33893
12-1,1783321505.339128,2026-07-06T14:05:05.339128,5.08613,1.30131,6.61863,13.27000,7.29459,5.05623,1.25224,6.33159,12.73000,6.78643,5.02386,1.20609,6.05923,11.93000,6.51692,5.07384,1.15751,5.87300,11.72000,6.23064,24.88245,26.82858
12-1,1783321505.439183,2026-07-06T14:05:05.439183,5.09139,1.13163,5.76155,11.54000,7.87107,5.06107,1.23368,6.24374,12.54000,7.41115,5.03804,1.23832,6.23870,12.25000,7.14113,5.08490,0.93924,4.77593,9.51000,6.70850,23.01992,29.13185
12-1,1783321505.539238,2026-07-06T14:05:05.539238,5.08339,1.13163,5.75250,11.54000,8.44663,5.07635,0.89627,4.54977,9.11000,7.86637,5.05932,0.86135,4.35786,8.52000,7.57716,5.08090,0.93924,4.77217,9.51000,7.18598,19.43230,31.07614
12-1,1783321505.639293,2026-07-06T14:05:05.639293,5.08625,0.85916,4.36989,8.76000,8.88386,5.05958,1.00150,5.06715,10.18000,8.37337,5.03665,1.05033,5.29012,10.39000,8.10646,5.07465,0.82571,4.19019,8.36000,7.60523,18.91735,32.96891
12-1,1783321505.739348,2026-07-06T14:05:05.739348,5.06288,1.28764,6.51915,13.13000,9.53613,5.06358,1.00150,5.07115,10.18000,8.88076,5.03665,1.05033,5.29012,10.39000,8.63576,5.05784,1.15751,5.85448,11.72000,8.19100,22.73490,35.24365
12-1,1783321505.839404,2026-07-06T14:05:05.839404,5.08699,1.28568,6.54026,13.11000,10.19053,5.05586,1.26029,6.37187,12.81000,9.51831,5.02289,1.22318,6.14391,12.10000,9.25050,5.07394,1.15555,5.86320,11.70000,8.77765,24.91924,37.73698
12-1,1783321505.939460,2026-07-06T14:05:05.939460,5.08299,1.28568,6.53511,13.11000,10.84440,5.05596,1.25810,6.36088,12.79000,10.15475,5.02198,1.23930,6.22372,12.26000,9.87322,5.06994,1.15555,5.85858,11.70000,9.36383,24.97829,40.23619
12-1,1783321506.039514,2026-07-06T14:05:06.039514,5.08955,1.31205,6.67775,13.38000,11.51254,5.05285,1.23856,6.25827,12.59000,10.78092,5.02592,1.24052,6.23473,12.27000,10.49703,5.07764,1.16141,5.89723,11.76000,9.95387,25.06798,42.74436
12-1,1783321506.139570,2026-07-06T14:05:06.139570,5.09008,1.30229,6.62874,13.28000,12.17578,5.05285,1.23856,6.25827,12.59000,11.40709,5.02192,1.24052,6.22977,12.27000,11.12035,5.07779,1.15848,5.88253,11.73000,10.54245,24.99931,45.24567
12-1,1783321506.239626,2026-07-06T14:05:06.239626,5.08139,1.31498,6.68193,13.41000,12.84435,5.05582,1.26127,6.37675,12.82000,12.04512,5.02746,1.21317,6.09917,12.00000,11.73061,5.06964,1.16141,5.88794,11.76000,11.13158,25.04579,47.75166
12-1,1783321506.339682,2026-07-06T14:05:06.339682,5.08939,1.31498,6.69245,13.41000,13.51397,5.05654,1.24540,6.29741,12.66000,12.67522,5.02581,1.24247,6.24441,12.29000,12.35540,5.07764,1.16141,5.89723,11.76000,11.72163,25.13150,50.26621
12-1,1783321506.439737,2026-07-06T14:05:06.439737,5.08176,1.30815,6.64768,13.34000,14.17910,5.06125,1.22977,6.22419,12.50000,13.29798,5.02981,1.24247,6.24938,12.29000,12.98068,5.07104,1.13382,5.74966,11.48000,12.29691,24.87091,52.75467
12-1,1783321506.539792,2026-07-06T14:05:06.539792,5.08331,1.27982,6.50574,13.05000,14.83003,5.05325,1.22977,6.21435,12.50000,13.91975,5.02181,1.24247,6.23944,12.29000,13.60497,5.07029,1.14847,5.82309,11.63000,12.87954,24.78262,55.23429
12-1,1783321506.639847,2026-07-06T14:05:06.639847,5.08160,1.31108,6.66236,13.37000,15.49663,5.05182,1.26127,6.37170,12.82000,14.55727,5.02655,1.22929,6.17906,12.16000,14.22321,5.07754,1.16337,5.90703,11.78000,13.47057,25.12015,57.74769
12-1,1783321506.739902,2026-07-06T14:05:06.739902,5.08640,1.29643,6.59414,13.22000,16.15641,5.05263,1.24345,6.28267,12.64000,15.18589,5.02586,1.24149,6.23957,12.28000,14.84751,5.07349,1.16434,5.90728,11.78000,14.06162,25.02366,60.25143
12-1,1783321506.839956,2026-07-06T14:05:06.839956,5.08640,1.29643,6.59414,13.22000,16.81618,5.04782,1.26127,6.36666,12.82000,15.82290,5.02626,1.23441,6.20448,12.21000,15.46830,5.06949,1.16434,5.90262,11.79000,14.65220,25.06790,62.75959
12-1,1783321506.940012,2026-07-06T14:05:06.940012,5.08661,1.29252,6.57455,13.18000,17.47401,5.05182,1.26127,6.37170,12.82000,16.46043,5.02626,1.23441,6.20448,12.21000,16.08909,5.07394,1.15555,5.86320,11.70000,15.23885,25.01393,65.26238
12-1,1783321507.040067,2026-07-06T14:05:07.040067,5.08581,1.30717,6.64802,13.33000,18.13918,5.05218,1.25321,6.33146,12.74000,17.09392,5.02581,1.24247,6.24441,12.29000,16.71388,5.07344,1.16532,5.91217,11.80000,15.83040,25.13606,67.77738
12-1,1783321507.140122,2026-07-06T14:05:07.140122,5.08635,1.29740,6.59904,13.23000,18.79944,5.05142,1.27006,6.41560,12.91000,17.73583,5.02592,1.24052,6.23473,12.27000,17.33770,5.07410,1.15238,5.84728,11.67000,16.41545,25.09665,70.28842
12-1,1783321507.240178,2026-07-06T14:05:07.240178,5.08635,1.29740,6.59904,13.23000,19.45972,5.05964,1.26518,6.40134,12.86000,18.37633,5.02952,1.24760,6.27481,12.34000,17.96553,5.07410,1.15238,5.84728,11.67000,17.00050,25.12247,72.80207
12-1,1783321507.340233,2026-07-06T14:05:07.340233,5.08128,1.31693,6.69172,13.43000,20.12926,5.05164,1.26518,6.39121,12.86000,19.01580,5.02552,1.24760,6.26982,12.34000,18.59286,5.07334,1.16727,5.92197,11.82000,17.59302,25.27472,75.33094
12-1,1783321507.440288,2026-07-06T14:05:07.440288,5.08096,1.32279,6.72107,13.49000,20.80173,5.05524,1.27396,6.44020,12.95000,19.66017,5.02546,1.24857,6.27466,12.35000,19.22067,5.07319,1.17020,5.93666,11.85000,18.18702,25.37259,77.86959
12-1,1783321507.540344,2026-07-06T14:05:07.540344,5.08917,1.31889,6.71205,13.45000,21.47331,5.05551,1.26811,6.41092,12.89000,20.30162,5.02530,1.25150,6.28917,12.38000,19.84993,5.07784,1.15751,5.87763,11.72000,18.77510,25.28977,80.39997
12-1,1783321507.640398,2026-07-06T14:05:07.640398,5.09317,1.31889,6.71733,13.45000,22.14541,5.05445,1.20316,6.08132,12.23000,20.91008,5.02540,1.17875,5.92368,11.66000,20.44262,5.06584,1.15751,5.86374,11.72000,19.36180,24.58607,82.85991
12-1,1783321507.740454,2026-07-06T14:05:07.740454,5.09419,1.30033,6.62414,13.26000,22.80819,5.05445,1.20316,6.08132,12.23000,21.51855,5.02940,1.17875,5.92839,11.66000,21.03579,5.07015,1.15140,5.83778,11.66000,19.94590,24.47163,85.30844
12-1,1783321507.840509,2026-07-06T14:05:07.840509,5.08638,1.15018,5.85026,11.73000,23.39354,5.05464,1.11063,5.61383,11.29000,22.08025,5.02682,1.08280,5.44302,10.71000,21.58039,5.07500,1.05570,5.35766,10.69000,20.48196,22.26477,87.53614
12-1,1783321507.940572,2026-07-06T14:05:07.940572,5.07771,1.30912,6.64734,13.35000,24.05870,5.04729,1.27299,6.42514,12.94000,22.72317,5.01712,1.25468,6.29486,12.41000,22.21028,5.07324,1.16923,5.93176,11.84000,21.07551,25.29910,90.06766
12-1,1783321508.040628,2026-07-06T14:05:08.040628,5.09892,1.06693,5.44017,10.88000,24.60301,5.06607,1.12333,5.69084,11.42000,23.29257,5.03774,1.10184,5.55079,10.90000,22.76567,5.06924,1.16923,5.92709,11.84000,21.66855,22.60889,92.32980
12-1,1783321508.140682,2026-07-06T14:05:08.140682,5.08292,1.06693,5.42310,10.88000,25.14562,5.05407,1.12333,5.67736,11.42000,23.86061,5.03374,1.10184,5.54638,10.90000,23.32061,5.07971,0.88382,4.48953,8.95000,22.11775,21.13637,94.44459
12-1,1783321508.240738,2026-07-06T14:05:08.240738,5.08643,0.85598,4.35390,8.73000,25.58125,5.05230,0.89724,4.53315,9.12000,24.31418,5.03532,0.86135,4.33719,8.52000,23.75457,5.07465,0.82571,4.19019,8.36000,22.53700,17.41443,96.18701
12-1,1783321508.340793,2026-07-06T14:05:08.340793,5.06224,1.29936,6.57765,13.25000,26.23938,5.03680,1.23954,6.24332,12.60000,24.93886,5.01330,1.25150,6.27415,12.38000,24.38233,5.05779,1.15848,5.85936,11.73000,23.12326,24.95448,98.68383
12-1,1783321508.440848,2026-07-06T14:05:08.440848,5.08197,1.30424,6.62811,13.30000,26.90256,5.05129,1.27299,6.43023,12.94000,25.58223,5.03724,1.25248,6.30904,12.39000,25.01358,5.07304,1.17313,5.95135,11.88000,23.71872,25.31873,101.21709
12-1,1783321508.540903,2026-07-06T14:05:08.540903,5.08597,1.30424,6.63333,13.30000,27.56625,5.05129,1.27299,6.43023,12.94000,26.22561,5.02524,1.25248,6.29401,12.39000,25.64333,5.07304,1.17313,5.95135,11.88000,24.31419,25.30892,103.74937
12-1,1783321508.640958,2026-07-06T14:05:08.640958,5.08581,1.30717,6.64802,13.33000,28.23142,5.05960,1.26615,6.40622,12.87000,26.86658,5.02141,1.24955,6.27450,12.36000,26.27112,5.07319,1.17020,5.93666,11.85000,24.90818,25.26540,106.27730
12-1,1783321508.741013,2026-07-06T14:05:08.741013,5.08629,1.29838,6.60394,13.24000,28.89218,5.05933,1.27201,6.43553,12.93000,27.51049,5.02255,1.22929,6.17415,12.16000,26.88888,5.07364,1.16141,5.89259,11.76000,25.49776,25.10621,108.78930
12-1,1783321508.841068,2026-07-06T14:05:08.841068,5.08208,1.30229,6.61832,13.28000,29.55437,5.05133,1.27201,6.42535,12.93000,28.15338,5.03324,1.25248,6.30403,12.39000,27.51962,5.07304,1.17313,5.95135,11.88000,26.09322,25.29905,111.32060
12-1,1783321508.941123,2026-07-06T14:05:08.941123,5.08208,1.30229,6.61832,13.28000,30.21657,5.05133,1.27201,6.42535,12.93000,28.79627,5.02924,1.25248,6.29902,12.39000,28.14987,5.06904,1.17313,5.94666,11.88000,26.68822,25.28935,113.85093
12-1,1783321509.041178,2026-07-06T14:05:09.041178,5.09392,1.30522,6.64866,13.31000,30.88180,5.05649,1.24638,6.30229,12.67000,29.42684,5.02524,1.25248,6.29401,12.39000,28.77962,5.07319,1.17020,5.93666,11.85000,27.28221,25.18162,116.37048
12-1,1783321509.141232,2026-07-06T14:05:09.141232,5.09280,1.32572,6.75165,13.52000,31.55733,5.05533,1.27201,6.43044,12.93000,30.07024,5.02558,1.24638,6.26377,12.33000,29.40634,5.07294,1.17508,5.96114,11.90000,27.87865,25.40700,118.91256
12-1,1783321509.241288,2026-07-06T14:05:09.241288,5.09083,1.28861,6.56011,13.14000,32.21371,5.04724,1.27396,6.43001,12.95000,30.71360,5.02512,1.25468,6.30490,12.41000,30.03718,5.07288,1.17631,5.96726,11.91000,28.47571,25.26228,121.44019
12-1,1783321509.341343,2026-07-06T14:05:09.341343,5.07797,1.30424,6.62289,13.30000,32.87636,5.05924,1.27396,6.44530,12.95000,31.35848,5.02106,1.25565,6.30471,12.42000,30.66799,5.06888,1.17631,5.96255,11.91000,29.07229,25.33545,123.97512
12-1,1783321509.441398,2026-07-06T14:05:09.441398,5.07797,1.30424,6.62289,13.30000,33.53901,5.04836,1.24931,6.30695,12.70000,31.98952,5.02906,1.25565,6.31476,12.42000,31.29982,5.07349,1.16434,5.90728,11.79000,29.66334,25.15188,126.49169
12-1,1783321509.541453,2026-07-06T14:05:09.541453,5.08181,1.30717,6.64279,13.33000,34.20366,5.04702,1.27885,6.45437,13.00000,32.63531,5.03261,1.26371,6.35976,12.50000,31.93614,5.07678,1.17826,5.98176,11.93000,30.26184,25.43868,129.03696
12-1,1783321509.641508,2026-07-06T14:05:09.641508,5.08165,1.31010,6.65747,13.36000,34.86977,5.04711,1.27689,6.44463,12.98000,33.28013,5.03404,1.23832,6.23375,12.25000,32.55986,5.07688,1.17631,5.97197,11.91000,30.85937,25.30782,131.56913
12-1,1783321509.741563,2026-07-06T14:05:09.741563,5.08442,1.33280,6.77653,13.59000,35.54780,5.06711,1.27689,6.47017,12.98000,33.92750,5.02890,1.25858,6.32928,12.45000,33.19314,5.07678,1.17826,5.98176,11.93000,31.45787,25.55774,134.12631
12-1,1783321509.841618,2026-07-06T14:05:09.841618,5.08842,1.33280,6.78186,13.59000,36.22636,5.05569,1.26420,6.39139,12.85000,34.56699,5.01690,1.25858,6.31418,12.45000,33.82490,5.07678,1.17826,5.98176,11.93000,32.05638,25.46919,136.67463
12-1,1783321509.941674,2026-07-06T14:05:09.941674,5.08624,1.29936,6.60884,13.25000,36.88761,5.05498,1.27982,6.46949,13.01000,35.21430,5.02890,1.25858,6.32928,12.45000,34.45818,5.07678,1.17826,5.98176,11.93000,32.65489,25.38937,139.21498
12-1,1783321510.041728,2026-07-06T14:05:10.041728,5.08565,1.31010,6.66271,13.36000,37.55424,5.04689,1.28178,6.46899,13.03000,35.86155,5.02866,1.26273,6.34986,12.49000,35.09352,5.07724,1.16923,5.93644,11.84000,33.24886,25.41800,141.75817
12-1,1783321510.141783,2026-07-06T14:05:10.141783,5.08917,1.31889,6.71205,13.45000,38.22581,5.04289,1.28178,6.46386,13.03000,36.50829,5.02586,1.24149,6.23957,12.28000,35.71781,5.07704,1.17313,5.95604,11.88000,33.84479,25.37152,144.29670
12-1,1783321510.241838,2026-07-06T14:05:10.241838,5.08517,1.31889,6.70678,13.45000,38.89686,5.05098,1.27982,6.46437,13.01000,37.15509,5.02586,1.24149,6.23957,12.28000,36.34211,5.06904,1.17313,5.94666,11.88000,34.43978,25.35738,146.83384
13-1,1783321510.341892,2026-07-06T14:05:10.341892,5.08549,1.31303,6.67740,13.39000,0.66810,5.05182,1.26127,6.37170,12.82000,0.63752,5.01266,1.26273,6.32966,12.49000,0.63331,5.07678,1.17826,5.98176,11.93000,0.59850,25.36052,2.53743
13-1,1783321510.441949,2026-07-06T14:05:10.441949,5.09004,1.22977,6.25959,12.54000,1.29442,5.05920,1.27494,6.45018,12.96000,1.28290,5.01546,1.21317,6.08461,12.00000,1.24212,5.07824,1.14945,5.83718,11.64000,1.18255,24.63156,5.00198
13-1,1783321510.542004,2026-07-06T14:05:10.542004,5.08399,1.34062,6.81568,13.67000,1.97636,5.05120,1.27494,6.43998,12.96000,1.92725,5.01781,1.31327,6.58975,12.99000,1.90145,5.06969,1.23930,6.28284,12.55000,1.81118,26.12825,7.61624
13-1,1783321510.642059,2026-07-06T14:05:10.642059,5.08399,1.34062,6.81568,13.67000,2.65830,5.06017,1.34184,6.78993,13.64000,2.60662,5.02581,1.31327,6.60026,12.99000,2.56184,5.06969,1.23930,6.28284,12.55000,2.43981,26.48871,10.26657
13-1,1783321510.742115,2026-07-06T14:05:10.742115,5.08880,1.32572,6.74635,13.52000,3.33331,5.08093,0.88333,4.48813,8.98000,3.05568,5.03709,0.82986,4.18008,8.21000,2.98008,5.08051,0.78909,4.00896,7.99000,2.84093,19.42352,12.21001
13-1,1783321510.842170,2026-07-06T14:05:10.842170,5.08476,1.25321,6.37228,12.78000,3.97089,5.03720,1.23075,6.19954,12.51000,3.67598,5.01511,1.21928,6.11481,12.06000,3.59190,5.06174,1.15946,5.86888,11.74000,3.42814,24.55551,14.66691
13-1,1783321510.942225,2026-07-06T14:05:10.942225,5.08293,1.28666,6.54001,13.12000,4.62526,5.05320,1.23075,6.21923,12.51000,4.29824,5.02700,1.22123,6.13912,12.08000,4.20615,5.07394,1.15555,5.86320,11.70000,4.01478,24.76156,17.14444
14-1,1783321511.042281,2026-07-06T14:05:11.042281,5.08754,1.20219,6.11617,12.26000,0.61196,5.05680,1.23954,6.26811,12.60000,0.62716,5.02700,1.22123,6.13912,12.08000,0.61425,5.07159,1.12284,5.69457,11.37000,0.56977,24.21797,2.42315
14-1,1783321511.142337,2026-07-06T14:05:11.142337,5.09154,1.20219,6.12097,12.26000,1.22440,5.05382,1.30546,6.59756,13.27000,1.28729,5.02324,1.21708,6.11367,12.04000,1.22597,5.07959,1.12284,5.70356,11.37000,1.14045,24.53576,4.87811
14-1,1783321511.242392,2026-07-06T14:05:11.242392,5.08308,1.35722,6.89886,13.84000,1.91467,5.05230,1.33891,6.76457,13.61000,1.96412,5.01810,1.30815,6.56440,12.94000,1.88277,5.06564,1.24027,6.28277,12.56000,1.76907,26.51060,7.53062
14-1,1783321511.342447,2026-07-06T14:05:11.342447,5.08282,1.36210,6.92332,13.89000,2.60738,5.06030,1.33891,6.77528,13.61000,2.64202,5.05702,0.83108,4.20279,8.22000,2.30328,5.08636,0.83157,4.22965,8.42000,2.19227,22.13104,9.74494
14-1,1783321511.442502,2026-07-06T14:05:11.442502,5.08213,1.30131,6.61343,13.27000,3.26909,5.05386,0.86282,4.36057,8.77000,3.07832,5.03302,0.83108,4.18285,8.22000,2.72179,5.06704,1.13382,5.74513,11.48000,2.76710,20.90198,11.83630
14-1,1783321511.542557,2026-07-06T14:05:11.542557,5.07813,1.30131,6.60822,13.27000,3.93027,5.04229,1.11844,5.63951,11.37000,3.64257,5.02586,1.17069,5.88372,11.58000,3.31049,5.07104,1.13382,5.74966,11.48000,3.34238,23.88111,14.22571
14-1,1783321511.642613,2026-07-06T14:05:11.642613,5.08715,1.28275,6.52556,13.08000,4.58319,5.05294,1.23661,6.24851,12.57000,4.26778,5.02181,1.24247,6.23944,12.29000,3.93478,5.07789,1.15653,5.87272,11.71000,3.92998,24.88623,16.71573
14-1,1783321511.742669,2026-07-06T14:05:11.742669,5.08651,1.29447,6.58435,13.20000,5.24199,5.05294,1.23661,6.24851,12.57000,4.89297,5.02940,1.17875,5.92839,11.66000,4.52795,5.08035,1.10794,5.62874,11.22000,4.49317,24.38999,19.15609
14-1,1783321511.842724,2026-07-06T14:05:11.842724,5.09045,1.29545,6.59443,13.21000,5.90180,5.05045,1.20316,6.07651,12.23000,5.50096,5.02540,1.17875,5.92368,11.66000,5.12064,5.06589,1.15653,5.85885,11.71000,5.07938,24.45347,21.60278
14-1,1783321511.942778,2026-07-06T14:05:11.942778,5.08245,1.29545,6.58406,13.21000,6.56056,5.04854,1.24540,6.28745,12.66000,6.13005,5.03026,1.23441,6.20942,12.21000,5.74192,5.06989,1.15653,5.86347,11.71000,5.66604,24.94440,24.09857
14-1,1783321512.042833,2026-07-06T14:05:12.042833,5.08240,1.29643,6.58896,13.22000,7.21982,5.05582,1.26127,6.37675,12.82000,6.76807,5.03066,1.22733,6.17429,12.14000,6.35969,5.07109,1.13285,5.74476,11.47000,6.24084,24.88476,26.58843
14-1,1783321512.142888,2026-07-06T14:05:12.142888,5.08251,1.29447,6.57917,13.20000,7.87810,5.05182,1.26127,6.37170,12.82000,7.40559,5.02644,1.23124,6.18875,12.18000,6.97890,5.06979,1.15848,5.87326,11.73000,6.82848,25.01288,29.09107
14-1,1783321512.242942,2026-07-06T14:05:12.242942,5.08886,1.25126,6.36749,12.76000,8.51519,5.05276,1.24052,6.26803,12.61000,8.03273,5.02644,1.23124,6.18875,12.18000,7.59812,5.07645,1.10599,5.61450,11.20000,7.39024,24.43877,31.53628
14-1,1783321512.342997,2026-07-06T14:05:12.342997,5.08261,1.29252,6.56938,13.18000,9.17249,5.05557,1.17850,5.95800,11.98000,8.62886,5.02564,1.17460,5.90309,11.62000,8.18875,5.07645,1.10599,5.61450,11.20000,7.95199,24.04497,33.94209
14-1,1783321512.443051,2026-07-06T14:05:12.443051,5.08661,1.29252,6.57455,13.18000,9.83030,5.05201,1.25712,6.35097,12.78000,9.26430,5.02631,1.23344,6.19964,12.20000,8.80905,5.07354,1.16337,5.90238,11.78000,8.54255,25.02754,36.44620
14-1,1783321512.543106,2026-07-06T14:05:12.543106,5.08672,1.29057,6.56475,13.16000,10.48714,5.05241,1.24833,6.30707,12.78000,9.89535,5.02609,1.23734,6.21900,12.24000,9.43129,5.07398,1.15458,5.85830,11.69000,9.12870,24.94912,38.94248
14-1,1783321512.643161,2026-07-06T14:05:12.643161,5.08544,1.31400,6.68229,13.40000,11.15573,5.05241,1.24833,6.30707,12.69000,10.52641,5.02758,1.21097,6.08827,12.24000,10.04045,5.07354,1.16337,5.90238,11.78000,9.71927,24.98001,41.44186
14-1,1783321512.743215,2026-07-06T14:05:12.743215,5.08720,1.28178,6.52066,13.07000,11.80815,5.05564,1.26518,6.39627,12.86000,11.16638,5.03158,1.21097,6.09312,11.98000,10.65009,5.07289,1.09720,5.56599,11.11000,10.27617,24.57604,43.90080
14-1,1783321512.843294,2026-07-06T14:05:12.843294,5.09120,1.28178,6.52578,13.07000,12.46125,5.06197,1.12552,5.69736,11.44000,11.73657,5.02431,1.12723,5.66356,11.15000,11.21690,5.07289,1.09720,5.56599,11.11000,10.83321,23.45269,46.24793
14-1,1783321512.943352,2026-07-06T14:05:12.943352,5.08773,1.27201,6.47165,12.97000,13.10879,5.05169,1.26420,6.38634,12.85000,12.37557,5.01831,1.23344,6.18977,12.20000,11.83623,5.07019,1.15043,5.83288,11.65000,11.41683,24.88064,48.73742
14-1,1783321513.043407,2026-07-06T14:05:13.043407,5.08704,1.28471,6.53536,13.10000,13.76268,5.05569,1.26420,6.39139,12.85000,13.01507,5.02369,1.13822,5.71805,11.26000,12.40835,5.07480,1.05960,5.37727,10.73000,11.95486,24.02207,51.14096
14-1,1783321513.143462,2026-07-06T14:05:13.143462,5.07813,1.30131,6.60822,13.27000,14.42387,5.05169,1.26420,6.38634,12.85000,13.65405,5.03569,1.13822,5.73171,11.26000,12.98184,5.06544,1.16532,5.90285,11.80000,12.54547,24.62912,53.60523
14-1,1783321513.243519,2026-07-06T14:05:13.243519,5.08213,1.30131,6.61343,13.27000,15.08559,5.05311,1.23270,6.22899,12.53000,14.27730,5.02164,1.24540,6.25395,12.32000,13.60759,5.07344,1.16532,5.91217,11.80000,13.13702,25.00854,56.10750
14-1,1783321513.343574,2026-07-06T14:05:13.343574,5.08219,1.30033,6.60853,13.26000,15.74680,5.05155,1.26713,6.40097,12.88000,14.91775,5.02289,1.22318,6.14391,12.10000,14.22232,5.07359,1.16239,5.89748,11.77000,13.72709,25.05089,58.61396
14-1,1783321513.443631,2026-07-06T14:05:13.443631,5.08123,1.31791,6.69661,13.44000,16.41684,5.05555,1.26713,6.40604,12.88000,15.55872,5.02581,1.24247,6.24441,12.29000,14.84711,5.07344,1.16532,5.91217,11.80000,14.31864,25.25923,61.14132
14-1,1783321513.543685,2026-07-06T14:05:13.543685,5.08171,1.30912,6.65257,13.35000,17.08246,5.05249,1.24638,6.29731,12.67000,16.18879,5.02581,1.24247,6.24441,12.29000,15.47189,5.07319,1.17020,5.93666,11.85000,14.91263,25.13095,63.65578
14-1,1783321513.643739,2026-07-06T14:05:13.643739,5.08944,1.31400,6.68755,13.35000,17.75158,5.05173,1.26322,6.38146,12.84000,16.82729,5.03078,1.22514,6.16339,12.12000,16.08857,5.07319,1.17020,5.93666,11.85000,15.50662,25.16906,66.17406
14-1,1783321513.743794,2026-07-06T14:05:13.743794,5.08544,1.31400,6.68229,13.40000,18.42017,5.05632,1.25028,6.32182,12.71000,17.45981,5.02958,1.24638,6.26875,12.33000,16.71578,5.07039,1.14652,5.81330,11.61000,16.08827,25.08616,68.68404
14-1,1783321513.843849,2026-07-06T14:05:13.843849,5.08597,1.30424,6.63333,13.30000,19.08387,5.05632,1.25028,6.32182,12.71000,18.09234,5.02192,1.24052,6.22977,12.27000,17.33911,5.07324,1.16923,5.93176,11.84000,16.68177,25.11668,71.19709
14-1,1783321513.943904,2026-07-06T14:05:13.943904,5.08635,1.29740,6.59904,13.23000,19.74414,5.05147,1.26908,6.41072,12.90000,18.73377,5.02992,1.24052,6.23969,12.27000,17.96342,5.07349,1.16434,5.90728,11.79000,17.27283,25.15673,73.71416
14-1,1783321514.043959,2026-07-06T14:05:14.043959,5.08235,1.29740,6.59385,13.23000,20.40389,5.05258,1.24442,6.28755,12.65000,19.36287,5.02541,1.24955,6.27949,12.36000,18.59171,5.07794,1.15555,5.86782,11.70000,17.85993,25.02871,76.21840
14-1,1783321514.144014,2026-07-06T14:05:14.144014,5.08635,1.29740,6.59904,13.23000,21.06416,5.05129,1.27299,6.43023,12.94000,20.00624,5.02530,1.25150,6.28917,12.38000,19.22097,5.06994,1.15555,5.85858,11.70000,18.44611,25.17702,78.73748
14-1,1783321514.244069,2026-07-06T14:05:14.244069,5.08091,1.32377,6.72596,13.50000,21.73712,5.05529,1.27299,6.43532,12.94000,20.65013,5.02964,1.17460,5.90779,11.62000,19.81208,5.07314,1.17118,5.94156,11.86000,19.04059,25.01063,81.23991
14-1,1783321514.344123,2026-07-06T14:05:14.344123,5.08112,1.31986,6.70639,13.46000,22.40812,5.05151,1.26811,6.40585,12.89000,21.29106,5.03364,1.17460,5.91249,11.62000,20.40364,5.07329,1.16825,5.92687,11.83000,19.63360,24.95160,83.73642
14-1,1783321514.444177,2026-07-06T14:05:14.444177,5.08955,1.31205,6.67775,13.38000,23.07626,5.05173,1.26322,6.38146,12.84000,21.92955,5.02649,1.23026,6.18391,12.17000,21.02237,5.07314,1.17118,5.94156,11.86000,20.22808,25.18468,86.25626
14-1,1783321514.544232,2026-07-06T14:05:14.544232,5.08555,1.31205,6.67250,13.38000,23.74387,5.04738,1.27103,6.41539,12.92000,22.57144,5.02518,1.25346,6.29885,12.40000,21.65260,5.06914,1.17118,5.93687,11.86000,20.82209,25.32361,88.79001
14-1,1783321514.644286,2026-07-06T14:05:14.644286,5.08677,1.28959,6.55985,13.15000,24.40021,5.04738,1.27103,6.41539,12.92000,23.21333,5.02518,1.25346,6.29885,12.40000,22.28283,5.07319,1.17020,5.93666,11.85000,21.41608,25.21075,91.31245
14-1,1783321514.744340,2026-07-06T14:05:14.744340,5.08523,1.31791,6.70188,13.44000,25.07077,5.05533,1.27201,6.43044,12.93000,23.85672,5.02918,1.25346,6.30386,12.40000,22.91356,5.07369,1.16044,5.88769,11.75000,22.00516,25.32387,93.84621
14-1,1783321514.844394,2026-07-06T14:05:14.844394,5.08213,1.30131,6.61343,13.27000,25.73246,5.05601,1.25712,6.35600,12.78000,24.49266,5.02631,1.23344,6.19964,12.20000,23.53385,5.07304,1.17313,5.95135,11.88000,22.60062,25.12042,96.35960
14-1,1783321514.944449,2026-07-06T14:05:14.944449,5.08613,1.30131,6.61863,13.27000,26.39469,5.05947,1.26908,6.42088,12.90000,25.13511,5.02518,1.25346,6.29885,12.40000,24.16409,5.07304,1.17313,5.95135,11.88000,23.19608,25.28971,98.88996
14-1,1783321515.044504,2026-07-06T14:05:15.044504,5.08528,1.31693,6.69698,13.43000,27.06475,5.05547,1.26908,6.41580,12.90000,25.77703,5.02101,1.25663,6.30955,12.43000,24.79538,5.06914,1.17118,5.93687,11.86000,23.79009,25.35920,101.42727
14-1,1783321515.144559,2026-07-06T14:05:15.144559,5.07804,1.15629,5.87167,11.79000,27.65225,5.04451,1.15775,5.84028,11.77000,26.36139,5.03301,1.25663,6.32463,12.43000,25.42820,5.07860,1.06351,5.40114,10.77000,24.33050,23.43772,103.77233
14-1,1783321515.244613,2026-07-06T14:05:15.244613,5.06939,1.31498,6.66615,13.41000,28.31922,5.03960,1.26615,6.38090,12.87000,26.99982,5.02215,1.23637,6.20921,12.23000,26.04945,5.07379,1.15848,5.87789,11.73000,24.91861,25.13415,106.28710
14-1,1783321515.344667,2026-07-06T14:05:15.344667,5.08501,1.32182,6.72146,13.48000,28.99173,5.05129,1.27299,6.43023,12.94000,27.64319,5.02112,1.25468,6.29988,12.41000,26.67978,5.06888,1.17631,5.96255,11.91000,25.51519,25.41412,108.82990
14-1,1783321515.444722,2026-07-06T14:05:15.444722,5.08501,1.32182,6.72146,13.48000,29.66424,5.05129,1.27299,6.43023,12.94000,28.28657,5.02101,1.25663,6.30955,12.43000,27.31108,5.07288,1.17631,5.96726,11.91000,26.11224,25.42850,111.37413
14-1,1783321515.544776,2026-07-06T14:05:15.544776,5.07275,1.32670,6.73002,13.53000,30.33761,5.05942,1.27006,6.42576,12.91000,28.92949,5.02501,1.25663,6.31457,12.43000,27.94288,5.07288,1.17631,5.96726,11.91000,26.70929,25.43761,113.91929
14-1,1783321515.644831,2026-07-06T14:05:15.644831,5.09056,1.00027,5.09195,10.20000,30.84709,5.07105,1.01321,5.13806,10.30000,29.44358,5.03026,1.23441,6.20942,12.21000,28.56417,5.08881,0.86209,4.38700,8.73000,27.14823,20.82643,116.00307
14-1,1783321515.744886,2026-07-06T14:05:15.744886,5.09533,0.83938,4.27693,8.56000,31.27502,5.06435,0.89627,4.53901,9.11000,29.89773,5.05126,0.86233,4.35586,8.53000,28.99999,5.08261,0.82669,4.20172,8.37000,27.56864,17.37352,117.74138
14-1,1783321515.844942,2026-07-06T14:05:15.844942,5.08733,0.83938,4.27021,8.56000,31.70227,5.06035,0.89627,4.53542,9.11000,30.35152,5.02289,1.22318,6.14391,12.10000,29.61472,5.07461,0.82669,4.19510,8.37000,27.98838,19.14464,119.65690
14-1,1783321515.944997,2026-07-06T14:05:15.944997,5.08197,1.30424,6.62811,13.30000,32.36545,5.04423,1.25224,6.31656,12.73000,30.98353,5.02289,1.22318,6.14391,12.10000,30.22946,5.06494,1.17508,5.95174,11.90000,28.58388,25.04032,122.16233
14-1,1783321516.045053,2026-07-06T14:05:16.045053,5.08155,1.31205,6.66725,13.38000,33.03255,5.04324,1.27396,6.42492,12.95000,31.62638,5.03426,1.23441,6.21435,12.21000,30.85124,5.06499,1.17411,5.94685,11.89000,29.17890,25.25337,124.68907
14-1,1783321516.145108,2026-07-06T14:05:16.145108,5.08086,1.25126,6.35748,12.76000,33.66865,5.05063,1.19926,6.05699,12.19000,32.23242,5.03734,1.10892,5.58601,10.97000,31.41015,5.07214,1.11209,5.64070,11.26000,29.74328,23.64118,127.05449
14-1,1783321516.245163,2026-07-06T14:05:16.245163,5.08486,1.25126,6.36248,12.76000,34.30525,5.05463,1.19926,6.06179,12.19000,32.83893,5.02895,1.25761,6.32444,12.44000,32.04294,5.07214,1.11209,5.64070,11.26000,30.30766,24.38941,129.49477
14-1,1783321516.345218,2026-07-06T14:05:16.345218,5.08912,1.31986,6.71695,13.46000,34.97731,5.05524,1.27396,6.44020,12.95000,33.48330,5.02884,1.25956,6.33413,12.46000,32.67670,5.07309,1.17215,5.94645,11.87000,30.90263,25.43773,132.03994
14-1,1783321516.445272,2026-07-06T14:05:16.445272,5.08891,1.32377,6.73655,13.50000,35.65133,5.05601,1.25712,6.35600,12.78000,34.11924,5.01684,1.25956,6.31901,12.46000,33.30894,5.07299,1.17411,5.95624,11.89000,31.49858,25.36780,134.57809
14-1,1783321516.545328,2026-07-06T14:05:16.545328,5.08458,1.32987,6.76185,13.56000,36.32790,5.05116,1.27592,6.44486,12.97000,34.76409,5.02061,1.26371,6.34459,12.50000,33.94376,5.07273,1.17924,5.98195,11.94000,32.09711,25.53325,137.13286
14-1,1783321516.645384,2026-07-06T14:05:16.645384,5.08496,1.32279,6.72636,13.49000,37.00090,5.05516,1.27592,6.44996,12.97000,35.40945,5.02181,1.24247,6.23944,12.29000,34.56805,5.07273,1.17924,5.98195,11.94000,32.69564,25.39771,139.67403
14-1,1783321516.745439,2026-07-06T14:05:16.745439,5.08496,1.32279,6.72636,13.49000,37.67391,5.05502,1.27885,6.46461,13.00000,36.05626,5.02495,1.25761,6.31941,12.44000,35.20034,5.06919,1.17020,5.93198,11.85000,33.28916,25.44236,142.21967
14-1,1783321516.845494,2026-07-06T14:05:16.845494,5.08144,1.31400,6.67704,13.40000,38.34198,5.05498,1.27982,6.46949,13.01000,36.70357,5.02095,1.25761,6.31438,12.44000,35.83212,5.06869,1.18021,5.98212,11.95000,33.88770,25.44303,144.76537
14-1,1783321516.945548,2026-07-06T14:05:16.945548,5.08144,1.31400,6.67704,13.40000,39.01005,5.05147,1.26908,6.41072,12.90000,37.34499,5.02890,1.25858,6.32928,12.45000,36.46539,5.06869,1.18021,5.98212,11.95000,34.48624,25.39916,147.30667
14-1,1783321517.045603,2026-07-06T14:05:17.045603,5.08064,1.32865,6.75041,13.55000,39.68546,5.05147,1.26908,6.41072,12.90000,37.98641,5.02879,1.26054,6.33897,12.47000,37.09964,5.06864,1.18119,5.98701,11.96000,35.08527,25.48711,149.85679
15-1,1783321517.145660,2026-07-06T14:05:17.145660,5.08064,1.32865,6.75041,13.55000,0.67542,5.05160,1.26615,6.39609,12.87000,0.63997,5.02593,1.31108,6.58938,12.97000,0.65931,5.06864,1.18119,5.98701,11.96000,0.59904,25.72289,2.57374
15-1,1783321517.245715,2026-07-06T14:05:17.245715,5.08372,1.34550,6.84015,13.72000,1.35981,5.04813,1.34281,6.77870,13.65000,1.31821,5.02593,1.31108,6.58938,12.97000,1.31861,5.06959,1.24125,6.29262,12.57000,1.22865,26.50085,5.22529
15-1,1783321517.345770,2026-07-06T14:05:17.345770,5.08009,1.41215,7.17386,14.40000,2.07759,5.05976,0.99759,5.04756,10.14000,1.82325,5.03714,1.39604,7.03204,13.81000,2.02220,5.07635,1.10794,5.62431,11.22000,1.79139,24.87777,7.71443
15-1,1783321517.445825,2026-07-06T14:05:17.445825,5.09159,1.20121,6.11607,12.25000,2.68954,5.05176,0.99759,5.03958,10.14000,2.32749,5.06156,0.96341,4.87634,9.53000,2.51011,5.07289,1.09720,5.56599,11.11000,2.34830,21.59798,9.87543
15-1,1783321517.545881,2026-07-06T14:05:17.545881,5.08759,1.20121,6.11126,12.25000,3.30100,5.05316,1.23173,6.22411,12.52000,2.95024,5.02175,1.24345,6.24428,12.30000,3.13488,5.07689,1.09720,5.57037,11.11000,2.90564,24.15002,12.29176
15-1,1783321517.645937,2026-07-06T14:05:17.645937,5.09008,1.30229,6.62874,13.28000,3.96425,5.05218,1.25321,6.33146,12.74000,3.58374,5.02975,1.24345,6.25422,12.30000,3.76065,5.07429,1.14847,5.82769,11.63000,3.48874,25.04211,14.79738
15-1,1783321517.745992,2026-07-06T14:05:17.745992,5.09061,1.29252,6.57972,13.18000,4.62258,5.04849,1.24638,6.29232,12.67000,4.21332,5.02877,1.18998,5.98412,11.77000,4.35939,5.07405,1.15336,5.85218,11.68000,4.07428,24.70834,17.26957
15-1,1783321517.846046,2026-07-06T14:05:17.846046,5.08709,1.28373,6.53046,13.09000,5.27599,5.05249,1.24638,6.29731,12.67000,4.84340,5.02644,1.23124,6.18875,12.18000,4.97861,5.07015,1.15140,5.83778,11.66000,4.65837,24.85430,19.75636
15-1,1783321517.946105,2026-07-06T14:05:17.946105,5.08309,1.28373,6.52532,13.09000,5.92890,5.05205,1.25614,6.34609,12.77000,5.47837,5.02740,1.21415,6.10401,12.01000,5.58936,5.07415,1.15140,5.84238,11.66000,5.24295,24.81780,22.23959
15-1,1783321518.046161,2026-07-06T14:05:18.046161,5.08171,1.30912,6.65257,13.35000,6.59453,5.05276,1.24052,6.26803,12.61000,6.10553,5.02740,1.21415,6.10401,12.01000,6.20011,5.07374,1.15946,5.88279,11.74000,5.83156,24.90740,24.73173
15-1,1783321518.146216,2026-07-06T14:05:18.146216,5.08597,1.30424,6.63333,13.30000,7.25823,5.05236,1.24931,6.31194,12.70000,6.73707,5.03398,1.23930,6.23859,12.26000,6.82431,5.07449,1.14457,5.80809,11.59000,6.41269,24.99195,27.23231
15-1,1783321518.246270,2026-07-06T14:05:18.246270,5.08523,1.31791,6.70188,13.44000,7.92878,5.04836,1.24931,6.30695,12.70000,7.36811,5.03386,1.24149,6.24950,12.28000,7.44960,5.07359,1.16239,5.89748,11.77000,7.00276,25.15581,29.74925
15-1,1783321518.346327,2026-07-06T14:05:18.346327,5.08773,1.27201,6.47165,12.97000,8.57631,5.05182,1.26127,6.37170,12.82000,8.00564,5.02844,1.19584,6.01319,11.83000,8.05126,5.07970,1.04178,5.29193,10.55000,7.53225,24.14847,32.16546
15-1,1783321518.446381,2026-07-06T14:05:18.446381,5.07973,1.27201,6.46148,12.97000,9.22281,5.05708,1.14505,5.79063,11.64000,8.58501,5.02444,1.19584,6.00841,11.83000,8.65242,5.07170,1.04178,5.28360,10.55000,8.06090,23.54412,34.52114
15-1,1783321518.546436,2026-07-06T14:05:18.546436,5.08640,1.29643,6.59414,13.22000,9.88259,5.05223,1.25224,6.32658,12.73000,9.21802,5.02575,1.24345,6.24925,12.30000,9.27769,5.06979,1.15848,5.87326,11.73000,8.64855,25.04323,37.02684
15-1,1783321518.646491,2026-07-06T14:05:18.646491,5.08945,1.24052,6.31355,12.65000,10.51429,5.05223,1.25224,6.32658,12.73000,9.85103,5.02820,1.19999,6.03378,11.87000,9.88140,5.07260,1.10306,5.59538,11.17000,9.20839,24.26929,39.45511
15-1,1783321518.746546,2026-07-06T14:05:18.746546,5.08229,1.29838,6.59875,13.24000,11.17452,5.05329,1.22880,6.20947,12.49000,10.47231,5.02581,1.24247,6.24441,12.29000,10.50619,5.07074,1.13968,5.77904,11.54000,9.78661,24.83167,41.93963
15-1,1783321518.846664,2026-07-06T14:05:18.846664,5.08629,1.29838,6.60394,13.24000,11.83570,5.05182,1.26127,6.37170,12.82000,11.11024,5.02981,1.24247,6.24938,12.29000,11.13186,5.07474,1.13968,5.78360,11.54000,10.36566,25.00862,44.44346
15-1,1783321518.946783,2026-07-06T14:05:18.946783,5.08560,1.31108,6.66760,13.37000,12.50326,5.05649,1.24638,6.30229,12.67000,11.74122,5.02666,1.22733,6.16938,12.14000,11.74954,5.06954,1.16337,5.89773,11.78000,10.95613,25.03700,46.95015
15-1,1783321519.046898,2026-07-06T14:05:19.046898,5.08560,1.31108,6.66760,13.37000,13.17078,5.04849,1.24638,6.29232,12.67000,12.37117,5.02564,1.24540,6.25893,12.32000,12.37615,5.07039,1.14652,5.81330,11.61000,11.53813,25.03215,49.45624
15-1,1783321519.147015,2026-07-06T14:05:19.147015,5.08608,1.30229,6.62353,13.28000,13.83391,5.05938,1.27103,6.43065,12.92000,13.01499,5.02351,1.21220,6.08948,11.99000,12.98581,5.07359,1.16239,5.89748,11.77000,12.12857,25.04114,51.96327
15-1,1783321519.247133,2026-07-06T14:05:19.247133,5.08608,1.30229,6.62353,13.28000,14.49704,5.05986,1.26029,6.37691,12.81000,13.65343,5.03151,1.21220,6.09918,11.99000,13.59645,5.07359,1.16239,5.89748,11.77000,12.71901,24.99710,54.46594
16-1,1783321519.347270,2026-07-06T14:05:19.347270,5.09056,1.29350,6.58462,13.19000,0.65936,5.05783,1.21683,6.15454,12.37000,0.61629,5.02981,1.24247,6.24938,12.29000,0.62579,5.07349,1.16434,5.90728,11.79000,0.59153,24.89582,2.49298
16-1,1783321519.447388,2026-07-06T14:05:19.447388,5.07962,1.34745,6.84455,13.74000,1.34463,5.04983,1.21683,6.14481,12.37000,1.23150,5.02153,1.31816,6.61916,13.04000,1.28849,5.07323,1.24833,6.33306,12.64000,1.22559,25.94158,5.09021
16-1,1783321519.547508,2026-07-06T14:05:19.547508,5.08309,1.28373,6.52532,13.09000,1.99794,5.05492,1.36943,6.92234,13.92000,1.92457,5.04846,0.84109,4.24621,8.32000,1.71362,5.09546,0.80984,4.12650,8.20000,1.63873,21.82037,7.27486
16-1,1783321519.647625,2026-07-06T14:05:19.647625,5.08272,1.29057,6.55959,13.16000,2.65467,5.06094,1.23661,6.25840,12.57000,2.55114,5.01449,1.23026,6.16914,12.17000,2.33126,5.06219,1.15043,5.82368,11.65000,2.22178,24.81081,9.75884
16-1,1783321519.747741,2026-07-06T14:05:19.747741,5.08672,1.29057,6.56475,13.16000,3.31190,5.05302,1.23466,6.23875,12.55000,3.17574,5.02649,1.23026,6.18391,12.17000,2.95036,5.07419,1.15043,5.83748,11.65000,2.80621,24.82489,12.24421
16-1,1783321519.847857,2026-07-06T14:05:19.847857,5.08293,1.28666,6.54001,13.12000,3.96666,5.05302,1.23466,6.23875,12.55000,3.80034,5.02409,1.20194,6.03866,11.89000,3.55493,5.07504,1.13382,5.75420,11.48000,3.38230,24.57162,14.70423
16-1,1783321519.947975,2026-07-06T14:05:19.947975,5.08272,1.29057,6.55959,13.16000,4.62340,5.05649,1.24638,6.30229,12.67000,4.43131,5.02175,1.24345,6.24428,12.30000,4.18010,5.07389,1.15653,5.86810,11.71000,3.96980,24.97426,17.20461
16-1,1783321520.048092,2026-07-06T14:05:20.048092,5.08197,1.30424,6.62811,13.30000,5.28698,5.05605,1.25614,6.35112,12.77000,5.06716,5.03015,1.23637,6.21911,12.23000,4.80274,5.07849,1.14457,5.81267,11.59000,4.55175,25.01101,19.70863
16-1,1783321520.148209,2026-07-06T14:05:20.148209,5.08597,1.30424,6.63333,13.30000,5.95109,5.05342,1.22587,6.19483,12.46000,5.68737,5.02615,1.23637,6.21416,12.23000,5.42488,5.07049,1.14457,5.80351,11.59000,5.13278,24.84583,22.19613
16-1,1783321520.248329,2026-07-06T14:05:20.248329,5.07877,1.28959,6.54954,13.15000,6.60684,5.05342,1.22587,6.19483,12.46000,6.30760,5.02404,1.20292,6.04350,11.90000,6.02996,5.07384,1.15751,5.87300,11.72000,5.72078,24.66087,24.66518
16-1,1783321520.348447,2026-07-06T14:05:20.348447,5.07883,1.28861,6.54464,13.14000,7.26207,5.05586,1.26029,6.37187,12.81000,6.94554,5.02249,1.23026,6.17898,12.17000,6.64858,5.07410,1.15238,5.84728,11.67000,6.30620,24.94277,27.16240
16-1,1783321520.448565,2026-07-06T14:05:20.448565,5.08972,1.23563,6.28902,12.60000,7.89172,5.05819,1.20902,6.11545,12.29000,7.55781,5.02844,1.19584,6.01319,11.83000,7.25061,5.07650,1.10501,5.60960,11.19000,6.86783,24.02726,29.56796
16-1,1783321520.548688,2026-07-06T14:05:20.548688,5.08972,1.23563,6.28902,12.60000,8.52139,5.04805,1.25614,6.34107,12.77000,8.19269,5.02844,1.19584,6.01319,11.83000,7.85267,5.07650,1.10501,5.60960,11.19000,7.42947,24.25288,31.99623
16-1,1783321520.648772,2026-07-06T14:05:20.648772,5.07835,1.29740,6.58866,13.23000,9.18081,5.05605,1.25614,6.35112,12.77000,8.82834,5.02598,1.23930,6.22868,12.26000,8.47606,5.07398,1.15458,5.85830,11.69000,8.01580,25.02676,34.50101
16-1,1783321520.748844,2026-07-06T14:05:20.748844,5.08629,1.29838,6.60394,13.24000,9.84168,5.05272,1.24149,6.27291,12.62000,9.45608,5.02791,1.20511,6.05921,11.92000,9.08242,5.07384,1.15751,5.87300,11.72000,8.60352,24.80906,36.98368
16-1,1783321520.848916,2026-07-06T14:05:20.848916,5.08731,1.27982,6.51086,13.05000,10.49323,5.05591,1.25932,6.36698,12.80000,10.09324,5.02631,1.23344,6.19964,12.20000,9.70283,5.07379,1.15848,5.87789,11.73000,9.19173,24.95537,39.48103
16-1,1783321520.948989,2026-07-06T14:05:20.948989,5.09093,1.28666,6.55030,13.12000,11.14874,5.05596,1.25810,6.36088,12.79000,10.72979,5.02631,1.23344,6.19964,12.20000,10.32324,5.07389,1.15653,5.86810,11.71000,9.77897,24.97892,41.98074
16-1,1783321521.049060,2026-07-06T14:05:21.049060,5.08293,1.28666,6.54001,13.12000,11.80320,5.05263,1.24345,6.28267,12.79000,11.35850,5.02764,1.21000,6.08343,11.97000,10.93202,5.07389,1.15653,5.86810,11.71000,10.36619,24.77421,44.45991
16-1,1783321521.149131,2026-07-06T14:05:21.149131,5.07856,1.29350,6.56910,13.19000,12.46058,5.05263,1.24345,6.28267,12.64000,11.98721,5.02592,1.24052,6.23473,12.27000,11.55593,5.07369,1.16044,5.88769,11.75000,10.95538,24.97419,46.95910
16-1,1783321521.249201,2026-07-06T14:05:21.249201,5.07776,1.30815,6.64245,13.34000,13.12529,5.05186,1.26029,6.36683,12.81000,12.62434,5.02695,1.22221,6.14396,12.09000,12.17076,5.07439,1.14652,5.81789,11.61000,11.53758,24.97113,49.45798
16-1,1783321521.349272,2026-07-06T14:05:21.349272,5.09256,1.11014,5.65346,11.32000,13.69104,5.05838,1.11649,5.64762,11.35000,13.18951,5.03095,1.22221,6.14885,12.09000,12.78608,5.07680,1.02005,5.17860,10.33000,12.05581,22.62853,51.72243
16-1,1783321521.449341,2026-07-06T14:05:21.449341,5.08856,1.11014,5.64902,11.32000,14.25633,5.04360,1.26615,6.38596,12.87000,13.82854,5.03151,1.14139,5.74293,11.29000,13.36077,5.07680,1.02005,5.17860,10.33000,12.57402,22.95651,54.01967
17-1,1783321521.549438,2026-07-06T14:05:21.549438,5.09088,1.28764,6.55520,13.13000,0.65616,5.05160,1.26615,6.39609,12.87000,0.64023,5.02649,1.23026,6.18391,12.17000,0.61899,5.07344,1.16532,5.91217,11.80000,0.59179,25.04737,2.50717
17-1,1783321521.649508,2026-07-06T14:05:21.649508,5.08847,1.33183,6.77696,13.58000,1.33433,5.05573,1.26322,6.38651,12.84000,1.27933,5.01804,1.30912,6.56923,12.95000,1.27637,5.06933,1.24638,6.31829,12.62000,1.22406,26.05099,5.11409
17-1,1783321521.749581,2026-07-06T14:05:21.749581,5.08410,1.33866,6.80590,13.65000,2.01541,5.05217,1.34184,6.77919,13.64000,1.95774,5.02204,1.30912,6.57447,12.95000,1.93430,5.07173,1.27787,6.48102,12.94000,1.87264,26.64058,7.78010
17-1,1783321521.849653,2026-07-06T14:05:21.849653,5.08810,1.33866,6.81125,13.65000,2.69703,5.08577,0.86477,4.39804,8.79000,2.39786,5.02575,1.31425,6.60509,13.00000,2.59529,5.08373,1.27787,6.49636,12.94000,2.52274,24.31074,10.21293
17-1,1783321521.949726,2026-07-06T14:05:21.949726,5.08768,1.27299,6.47655,12.98000,3.34516,5.05377,0.86477,4.37036,8.79000,2.83522,5.04441,0.98367,4.96205,9.73000,3.09185,5.07921,0.81472,4.13815,8.25000,2.93686,19.94711,12.20908
17-1,1783321522.049796,2026-07-06T14:05:22.049796,5.09154,1.20219,6.12097,12.26000,3.95769,5.04650,1.20219,6.06682,12.22000,3.44233,5.03271,1.12015,5.63740,11.08000,3.65599,5.06655,1.06449,5.39327,10.78000,3.47657,23.21846,14.53257
17-1,1783321522.149867,2026-07-06T14:05:22.149867,5.06965,1.31010,6.64175,13.36000,4.62233,5.04476,1.24052,6.25811,12.61000,4.06858,5.02871,1.12015,5.63291,11.08000,4.21968,5.07074,1.13968,5.77904,11.54000,4.05488,24.31181,16.96548
17-1,1783321522.249939,2026-07-06T14:05:22.249939,5.08245,1.29545,6.58406,13.21000,5.28121,5.05302,1.23466,6.23875,12.55000,4.69290,5.02998,1.23930,6.23364,12.26000,4.84349,5.07074,1.13968,5.77904,11.54000,4.63320,24.83549,19.45080
17-1,1783321522.350009,2026-07-06T14:05:22.350009,5.08645,1.29545,6.58924,13.21000,5.94060,5.04902,1.23466,6.23381,12.55000,5.31673,5.03009,1.23734,6.22395,12.24000,5.46633,5.07405,1.15336,5.85218,11.68000,5.21883,24.89918,21.94248
17-1,1783321522.450080,2026-07-06T14:05:22.450080,5.08603,1.30326,6.62843,13.29000,6.60391,5.05586,1.26029,6.37187,12.81000,5.95436,5.02764,1.21000,6.08343,11.97000,6.07510,5.07079,1.13871,5.77414,11.53000,5.79665,24.85787,24.43003
17-1,1783321522.550151,2026-07-06T14:05:22.550151,5.08651,1.29447,6.58435,13.20000,7.26281,5.05591,1.25932,6.36698,12.80000,6.59151,5.02764,1.21000,6.08343,11.97000,6.68388,5.06974,1.15946,5.87815,11.74000,6.38488,24.91291,26.92309
17-1,1783321522.650224,2026-07-06T14:05:22.650224,5.08160,1.31108,6.66236,13.37000,7.92953,5.05320,1.23075,6.21923,12.51000,7.21389,5.02981,1.24247,6.24938,12.29000,7.30927,5.07779,1.15848,5.88253,11.73000,6.97357,25.01350,29.42626
17-1,1783321522.750296,2026-07-06T14:05:22.750296,5.08560,1.31108,6.66760,13.37000,8.59677,5.05320,1.23075,6.21923,12.51000,7.83626,5.03004,1.23832,6.22879,12.25000,7.93259,5.07379,1.15848,5.87789,11.73000,7.56178,24.99351,31.92740
17-1,1783321522.850367,2026-07-06T14:05:22.850367,5.08224,1.29936,6.60364,13.25000,9.25761,5.06364,1.26518,6.40640,12.86000,8.47736,5.03100,1.15043,5.78779,11.38000,8.51178,5.08164,1.16141,5.90188,11.76000,8.15238,24.69971,34.39913
17-1,1783321522.950440,2026-07-06T14:05:22.950440,5.08625,1.22587,6.23507,12.50000,9.88157,5.06819,1.16483,5.90358,11.84000,9.06814,5.03419,1.02298,5.14988,11.38000,9.02715,5.09221,0.95291,4.85241,9.65000,8.63798,22.14094,36.61484
17-1,1783321523.050511,2026-07-06T14:05:23.050511,5.08524,1.24442,6.32818,12.69000,10.51484,5.04748,1.18046,5.95833,12.00000,9.66440,5.03419,1.02298,5.14988,10.12000,9.54250,5.06330,1.12870,5.71493,11.43000,9.20988,23.15132,38.93162
17-1,1783321523.150583,2026-07-06T14:05:23.150583,5.08924,1.24442,6.33316,12.69000,11.14860,5.05548,1.18046,5.96777,12.00000,10.26160,5.04404,1.20292,6.06756,11.90000,10.14969,5.07530,1.12870,5.72847,11.43000,9.78314,24.09696,41.34304
17-1,1783321523.250655,2026-07-06T14:05:23.250655,5.10007,0.89920,4.58597,9.17000,11.60753,5.06576,1.04178,5.27740,10.59000,10.78973,5.04181,1.24247,6.26429,12.29000,10.77658,5.07379,1.00052,5.07643,10.13000,10.29115,21.20409,43.46498
17-1,1783321523.350727,2026-07-06T14:05:23.350727,5.07899,1.28568,6.52997,13.11000,12.26100,5.05582,1.26127,6.37675,12.82000,11.42786,5.02986,1.24149,6.24454,12.28000,11.40148,5.06554,1.16337,5.89307,11.78000,10.88087,25.04433,45.97121
17-1,1783321523.450798,2026-07-06T14:05:23.450798,5.08648,1.14823,5.84045,11.71000,12.84546,5.05717,1.14310,5.78086,11.62000,12.00636,5.02986,1.24149,6.24454,12.28000,12.02638,5.07929,1.04984,5.33243,10.63000,11.41450,23.19828,48.29269
17-1,1783321523.550869,2026-07-06T14:05:23.550869,5.09048,1.14823,5.84504,11.71000,13.43038,5.06117,1.14310,5.78543,11.62000,12.58531,5.03015,1.16556,5.86295,11.53000,12.61309,5.07129,1.04984,5.32403,10.63000,11.94728,22.81745,50.57607
17-1,1783321523.650944,2026-07-06T14:05:23.650944,5.08779,1.27103,6.46675,12.96000,14.07754,5.05542,1.27006,6.42068,12.91000,13.22786,5.02541,1.24955,6.27949,12.36000,13.24151,5.07019,1.15043,5.83288,11.65000,12.53101,24.99980,53.07792
17-1,1783321523.751018,2026-07-06T14:05:23.751018,5.08812,1.26493,6.43612,12.90000,14.72163,5.05555,1.26713,6.40604,12.88000,13.86894,5.02969,1.24442,6.25907,12.31000,13.86788,5.07334,1.16727,5.92197,11.82000,13.12364,25.02320,55.58209
17-1,1783321523.851089,2026-07-06T14:05:23.851089,5.08779,1.27103,6.46675,12.96000,15.36876,5.05614,1.25419,6.34135,12.75000,14.50352,5.02169,1.24442,6.24911,12.31000,14.49323,5.07419,1.15043,5.83748,11.65000,13.70780,24.89469,58.07332
17-1,1783321523.951161,2026-07-06T14:05:23.951161,5.08320,1.28178,6.51553,13.07000,16.02079,5.05214,1.25419,6.33634,12.75000,15.13762,5.02924,1.25248,6.29902,12.39000,15.12359,5.07314,1.17118,5.94156,11.86000,14.30239,25.09245,60.58438
17-1,1783321524.051232,2026-07-06T14:05:24.051232,5.08720,1.28178,6.52066,13.07000,16.67331,5.05551,1.26811,6.41092,12.89000,15.77916,5.02952,1.24760,6.27481,12.34000,15.75151,5.06914,1.17118,5.93687,11.86000,14.89649,25.14326,63.10048
17-1,1783321524.151302,2026-07-06T14:05:24.151302,5.08785,1.26981,6.46063,12.95000,17.31983,5.05680,1.23954,6.26811,12.60000,16.40641,5.02918,1.25346,6.30386,12.40000,16.38234,5.07719,1.17020,5.94134,11.85000,15.49105,24.97394,65.59963
18-1,1783321524.251392,2026-07-06T14:05:24.251392,5.08998,1.23075,6.26450,12.55000,0.62701,5.05129,1.27299,6.43023,12.94000,0.64360,5.02518,1.25346,6.29885,12.40000,0.63045,5.07824,1.14945,5.83718,11.64000,0.58424,24.83076,2.48530
18-1,1783321524.351465,2026-07-06T14:05:24.351465,5.08058,1.32987,6.75653,13.56000,1.30316,5.05529,1.27299,6.43532,12.94000,1.28760,5.02170,1.31523,6.60467,13.01000,1.29140,5.06598,1.31254,6.64930,13.29000,1.24966,26.44582,5.13181
18-1,1783321524.451537,2026-07-06T14:05:24.451537,5.08458,1.32987,6.76185,13.56000,1.97983,5.04632,1.20609,6.08632,12.26000,1.89668,5.04697,0.86746,4.37804,8.58000,1.72952,5.08198,1.31254,6.67030,13.29000,1.91717,23.89651,7.52320
18-1,1783321524.551608,2026-07-06T14:05:24.551608,5.08877,1.17972,6.00334,12.03000,2.58059,5.04529,1.22880,6.19964,12.49000,2.51708,5.01020,1.23539,6.18955,12.22000,2.34891,5.07470,1.06156,5.38708,10.75000,2.45626,23.77961,9.90284
18-1,1783321524.651680,2026-07-06T14:05:24.651680,5.08373,1.27201,6.46657,12.97000,3.22771,5.05582,1.26127,6.37675,12.82000,3.15521,5.03020,1.23539,6.21426,12.22000,2.97078,5.07034,1.14750,5.81820,11.62000,3.03850,24.87578,12.39220
18-1,1783321524.751760,2026-07-06T14:05:24.751760,5.08736,1.27885,6.50596,13.04000,3.87883,5.05182,1.26127,6.37170,12.82000,3.79289,5.02495,1.18680,5.96363,11.74000,3.56763,5.07489,1.13675,5.76890,11.51000,3.61585,24.61019,14.85520
19-1,1783321524.851847,2026-07-06T14:05:24.851847,5.08736,1.27885,6.50596,13.04000,0.65116,5.04889,1.23759,6.24844,12.58000,0.62538,5.02204,1.23832,6.21889,12.25000,0.62243,5.07489,1.13675,5.76890,11.51000,0.57739,24.74219,2.47636
19-1,1783321524.951916,2026-07-06T14:05:24.951916,5.08807,1.19242,6.06712,12.16000,1.25829,5.04430,1.33891,6.75386,13.61000,1.30124,5.02170,1.31523,6.60467,13.01000,1.28335,5.07349,1.16434,5.90728,11.79000,1.16853,25.33293,5.01141
19-1,1783321525.051988,2026-07-06T14:05:25.051988,5.08597,1.30424,6.63333,13.30000,1.92210,5.05307,1.23368,6.23387,12.54000,1.92508,5.01770,1.31523,6.59941,13.01000,1.94377,5.06849,1.26298,6.40139,12.79000,1.80913,25.86800,7.60008
19-1,1783321525.152060,2026-07-06T14:05:25.152060,5.09651,1.11112,5.66282,11.33000,2.48879,5.05307,1.23368,6.23387,12.54000,2.54891,5.02870,0.90774,4.56476,8.98000,2.40057,5.10066,0.86502,4.41216,8.76000,2.25066,20.87361,9.68894
19-1,1783321525.252131,2026-07-06T14:05:25.252131,5.08044,1.25907,6.39663,12.84000,3.12891,5.05889,1.19340,6.03726,12.13000,3.15306,5.01146,1.21317,6.07976,12.00000,3.00898,5.06704,1.13382,5.74513,11.48000,2.82558,24.25878,12.11652
19-1,1783321525.352196,2026-07-06T14:05:25.352196,5.08444,1.25907,6.40167,12.84000,3.76949,5.05618,1.25321,6.33647,12.74000,3.78712,5.02689,1.22318,6.14881,12.10000,3.62426,5.07104,1.13382,5.74966,11.48000,3.40092,24.63661,14.58179
20-1,1783321525.452281,2026-07-06T14:05:25.452281,5.07756,1.23856,6.28887,12.63000,0.62942,5.05307,1.23368,6.23387,12.54000,0.62392,5.03489,1.22318,6.15859,12.10000,0.61638,5.06998,1.15458,5.85368,11.69000,0.58587,24.53501,2.45559
20-1,1783321525.552352,2026-07-06T14:05:25.552352,5.07424,1.29936,6.59324,13.25000,1.28922,5.05307,1.23368,6.23387,12.54000,1.24775,5.02301,1.29203,6.48988,12.78000,1.26584,5.06564,1.24027,6.28277,12.56000,1.21459,25.59976,5.01740
20-1,1783321525.652424,2026-07-06T14:05:25.652424,5.08587,1.30619,6.64312,13.32000,1.95401,5.06026,1.33988,6.78016,13.62000,1.92625,5.01954,1.35356,6.79423,13.39000,1.94575,5.08686,0.90066,4.58154,9.12000,1.67308,24.79905,7.49909
20-1,1783321525.752495,2026-07-06T14:05:25.752495,5.07787,1.30619,6.63267,13.32000,2.61775,5.07977,0.90896,4.61733,9.24000,2.38831,5.04870,1.04935,5.29785,10.38000,2.47591,5.07086,0.90066,4.56713,9.12000,2.13011,21.11498,9.61208
20-1,1783321525.852566,2026-07-06T14:05:25.852566,5.08396,1.26786,6.44575,12.93000,3.26278,5.04872,1.24149,6.26794,12.62000,3.01556,5.04070,1.04935,5.28946,10.38000,3.00523,5.07120,1.13065,5.73375,11.45000,2.70390,23.73690,11.98746
20-1,1783321525.952638,2026-07-06T14:05:25.952638,5.08476,1.25321,6.37228,12.78000,3.90046,5.05272,1.24149,6.27291,12.62000,3.64330,5.02329,1.21610,6.10883,12.03000,3.61655,5.06998,1.15458,5.85368,11.69000,3.28968,24.60770,14.45000
20-1,1783321526.052709,2026-07-06T14:05:26.052709,5.08396,1.26786,6.44575,12.93000,4.54549,5.05227,1.25126,6.32170,12.72000,4.27591,5.02278,1.22514,6.15359,12.12000,4.23235,5.07509,1.13285,5.74930,11.47000,3.86502,24.67034,16.91877
20-1,1783321526.152780,2026-07-06T14:05:26.152780,5.08796,1.26786,6.45082,12.93000,5.19104,5.05245,1.24735,6.30219,12.68000,4.90658,5.02620,1.23539,6.20932,12.22000,4.85372,5.06709,1.13285,5.74023,11.47000,4.43945,24.70256,19.39079
20-1,1783321526.252852,2026-07-06T14:05:26.252852,5.08470,1.25419,6.37718,12.79000,5.82921,5.05289,1.23759,6.25339,12.58000,5.53237,5.03020,1.23539,6.21426,12.22000,5.47559,5.07389,1.15653,5.86810,11.71000,5.02668,24.71293,21.86385
20-1,1783321526.352924,2026-07-06T14:05:26.352924,5.08481,1.25224,6.36738,12.77000,6.46641,5.05689,1.23759,6.25834,12.58000,6.15865,5.03575,1.20804,6.08341,11.95000,6.08437,5.07559,1.12284,5.69906,11.37000,5.59700,24.40819,24.30643
20-1,1783321526.452996,2026-07-06T14:05:26.452996,5.10643,0.85598,4.37101,8.73000,6.90382,5.06426,0.89822,4.54882,9.13000,6.61386,5.04337,0.86038,4.33920,8.51000,6.51860,5.09470,0.82473,4.20177,8.35000,6.01748,17.46080,26.05376
20-1,1783321526.553066,2026-07-06T14:05:26.553066,5.07982,1.12381,5.70877,11.46000,7.47510,5.06430,0.89724,4.54392,9.12000,7.06857,5.03705,0.97244,4.89823,9.62000,7.00877,5.06814,1.11209,5.63625,11.26000,6.58150,20.78717,28.13395
20-1,1783321526.653139,2026-07-06T14:05:26.653139,5.09182,1.12381,5.72225,11.46000,8.04774,5.04018,1.25321,6.31642,12.74000,7.70067,5.02655,1.22929,6.17906,12.16000,7.62712,5.08014,1.11209,5.64959,11.26000,7.14687,23.86732,30.52241
20-1,1783321526.753210,2026-07-06T14:05:26.753210,5.08412,1.26493,6.43106,12.90000,8.69131,5.05218,1.25321,6.33146,12.74000,8.33427,5.02655,1.22929,6.17906,12.16000,8.24547,5.07034,1.14750,5.81820,11.62000,7.72910,24.75978,33.00016
20-1,1783321526.853285,2026-07-06T14:05:26.853285,5.08550,1.23954,6.30368,12.64000,9.32215,5.04933,1.22782,6.19968,12.48000,8.95470,5.02398,1.20389,6.04834,11.91000,8.85076,5.06994,1.15555,5.85858,11.70000,8.31540,24.41028,35.44301
20-1,1783321526.953356,2026-07-06T14:05:26.953356,5.08385,1.26981,6.45555,12.95000,9.96816,5.04814,1.25419,6.33132,12.75000,9.58829,5.02209,1.23734,6.21405,12.24000,9.47261,5.07530,1.12870,5.72847,11.43000,8.88866,24.72939,37.91771
20-1,1783321527.053427,2026-07-06T14:05:27.053427,5.08785,1.26981,6.46063,12.95000,10.61468,5.07635,0.89627,4.54977,9.11000,10.04359,5.05537,0.86038,4.34953,8.51000,9.90787,5.07930,1.12870,5.73298,11.43000,9.46236,21.09291,40.02850
20-1,1783321527.153499,2026-07-06T14:05:27.153499,5.09549,0.83645,4.26213,8.53000,11.04120,5.06435,0.89627,4.53901,9.11000,10.49781,5.04337,0.86038,4.33920,8.51000,10.34210,5.08270,0.82473,4.19187,8.35000,9.88185,17.33221,41.76296
20-1,1783321527.253570,2026-07-06T14:05:27.253570,5.07848,1.14823,5.83126,11.71000,11.62474,5.06092,0.97195,4.91898,9.88000,10.99006,5.03310,1.04227,5.24584,10.31000,10.86705,5.06730,1.12870,5.71944,11.43000,10.45420,21.71552,43.93605
20-1,1783321527.353642,2026-07-06T14:05:27.353642,5.08433,1.26102,6.41147,12.86000,12.26635,5.04880,1.23954,6.25819,12.60000,11.61633,5.02391,1.20511,6.05439,11.92000,11.47293,5.07384,1.15751,5.87300,11.72000,11.04192,24.59705,46.39753
20-1,1783321527.453712,2026-07-06T14:05:27.453712,5.08833,1.26102,6.41651,12.86000,12.90845,5.05164,1.26518,6.39121,12.86000,12.25590,5.02215,1.23637,6.20921,12.23000,12.09429,5.07384,1.15751,5.87300,11.72000,11.62964,24.88993,48.88828
20-1,1783321527.553784,2026-07-06T14:05:27.553784,5.08768,1.27299,6.47655,12.98000,13.55657,5.05564,1.26518,6.39627,12.86000,12.89599,5.02615,1.23637,6.21416,12.23000,12.71615,5.07774,1.15946,5.88743,11.74000,12.21880,24.97441,51.38751
20-1,1783321527.653855,2026-07-06T14:05:27.653855,5.08828,1.26200,6.42141,12.87000,14.19917,5.05210,1.25517,6.34122,12.76000,13.53056,5.02329,1.21610,6.10883,12.03000,13.32747,5.07779,1.15848,5.88253,11.73000,12.80747,24.75399,53.86468
20-1,1783321527.753926,2026-07-06T14:05:27.753926,5.08438,1.26005,6.40657,12.85000,14.84028,5.05218,1.25321,6.33146,12.74000,14.16415,5.02226,1.23441,6.19954,12.21000,13.94786,5.07760,1.08329,5.50049,10.97000,13.35791,24.43806,56.31021
20-1,1783321527.853998,2026-07-06T14:05:27.853998,5.08438,1.26005,6.40657,12.85000,15.48140,5.05205,1.25614,6.34609,12.77000,14.79922,5.03071,1.22636,6.16945,12.13000,14.56525,5.06960,1.08329,5.49182,10.97000,13.90749,24.41393,58.75337
20-1,1783321527.954069,2026-07-06T14:05:27.954069,5.08401,1.26688,6.44085,12.92000,16.12594,5.04805,1.25614,6.34107,12.77000,15.43378,5.02671,1.22636,6.16454,12.13000,15.18214,5.07044,1.14554,5.80841,11.60000,14.48874,24.75487,61.23061
20-1,1783321528.054140,2026-07-06T14:05:28.054140,5.08844,1.25907,6.40671,12.84000,16.76707,5.05698,1.23563,6.24857,12.56000,16.05908,5.02975,1.24345,6.25422,12.30000,15.80801,5.07369,1.16044,5.88769,11.75000,15.07793,24.79719,63.71208
21-1,1783321528.154233,2026-07-06T14:05:28.154233,5.08977,1.23466,6.28412,12.59000,0.62900,5.05676,1.24052,6.27299,12.61000,0.62788,5.03106,1.22025,6.13916,12.07000,0.61449,5.07299,1.17411,5.95624,11.89000,0.59618,24.65251,2.46754
21-1,1783321528.254304,2026-07-06T14:05:28.254304,5.08223,1.37284,6.97711,14.00000,1.32720,5.05021,1.38505,6.99481,14.08000,1.32786,5.02290,1.36479,6.85519,13.50000,1.30049,5.06794,1.19486,6.05549,12.10000,1.20216,26.88260,5.15771
21-1,1783321528.354376,2026-07-06T14:05:28.354376,5.08223,1.37284,6.97711,14.00000,2.02542,5.06221,1.38505,7.01143,14.08000,2.02951,5.03090,1.36479,6.86611,13.50000,1.98760,5.06794,1.19486,6.05549,12.10000,1.80814,26.91014,7.85067
21-1,1783321528.454447,2026-07-06T14:05:28.454447,5.09486,1.14139,5.81523,11.64000,2.60735,5.06339,1.09403,5.53949,11.12000,2.58385,5.02889,1.11698,5.61715,11.05000,2.54971,5.07584,1.11795,5.67456,11.32000,2.37600,22.64643,10.11691
21-1,1783321528.554518,2026-07-06T14:05:28.554518,5.08833,1.26102,6.41651,12.86000,3.24946,5.05614,1.25419,6.34135,12.75000,3.21844,5.02351,1.21220,6.08948,11.99000,3.15909,5.07630,1.10892,5.62921,11.23000,2.93932,24.47655,12.56631
21-1,1783321528.654589,2026-07-06T14:05:28.654589,5.08550,1.23954,6.30368,12.64000,3.88028,5.04786,1.26029,6.36178,12.81000,3.85507,5.03095,1.22221,6.14885,12.09000,3.77441,5.06605,1.15336,5.84295,11.68000,3.52403,24.65726,15.03379
21-1,1783321528.754660,2026-07-06T14:05:28.754660,5.08550,1.23954,6.30368,12.64000,4.51109,5.06386,1.26029,6.38195,12.81000,4.49371,5.03095,1.22221,6.14885,12.09000,4.38974,5.07805,1.15336,5.85679,11.68000,4.11013,24.69127,17.50467
21-1,1783321528.854731,2026-07-06T14:05:28.854731,5.08747,1.27689,6.49616,13.02000,5.16117,5.05610,1.25517,6.34624,12.76000,5.12879,5.03106,1.22025,6.13916,12.07000,5.00409,5.07024,1.14945,5.82799,11.64000,4.69334,24.80955,19.98739
21-1,1783321528.954802,2026-07-06T14:05:28.954802,5.08870,1.25419,6.38219,12.79000,5.79984,5.05711,1.23270,6.23392,12.53000,5.75263,5.03015,1.23637,6.21911,12.23000,5.62644,5.06984,1.15751,5.86837,11.72000,5.28060,24.70359,22.45951
21-1,1783321529.054873,2026-07-06T14:05:29.054873,5.07990,1.26884,6.44557,12.94000,6.44486,5.04391,1.25932,6.35187,12.80000,6.38826,5.02740,1.21415,6.10401,12.01000,6.23728,5.07789,1.15653,5.87272,11.71000,5.86828,24.77417,24.93868
21-1,1783321529.154944,2026-07-06T14:05:29.154944,5.09190,1.26884,6.46080,12.94000,7.09139,5.05591,1.25932,6.36698,12.80000,7.02541,5.02340,1.21415,6.09916,12.01000,6.84762,5.06989,1.15653,5.86347,11.71000,6.45505,24.79041,27.41947
21-1,1783321529.255015,2026-07-06T14:05:29.255015,5.08757,1.27494,6.48636,13.00000,7.74049,5.05205,1.25614,6.34609,12.77000,7.66047,5.02986,1.24149,6.24454,12.28000,7.47252,5.07389,1.15653,5.86810,11.71000,7.04227,24.94509,29.91575
21-1,1783321529.355088,2026-07-06T14:05:29.355088,5.09163,1.27396,6.48655,12.99000,8.38962,5.05333,1.22782,6.20459,12.48000,8.28139,5.03020,1.23539,6.21426,12.22000,8.09440,5.06984,1.15751,5.86837,11.72000,7.62954,24.77377,32.39495
21-1,1783321529.455161,2026-07-06T14:05:29.455161,5.09297,1.24931,6.36268,12.74000,9.02635,5.05618,1.25321,6.33647,12.74000,8.91549,5.02718,1.21805,6.12338,12.05000,8.70719,5.06994,1.15555,5.85858,11.70000,8.21583,24.68111,34.86486
21-1,1783321529.555233,2026-07-06T14:05:29.555233,5.08828,1.26200,6.42141,12.87000,9.66895,5.05618,1.25321,6.33647,12.74000,9.54959,5.03118,1.21805,6.12826,12.05000,9.32045,5.06994,1.15555,5.85858,11.70000,8.80210,24.74472,37.34110
21-1,1783321529.655305,2026-07-06T14:05:29.655305,5.08828,1.26200,6.42141,12.87000,10.31156,5.04810,1.25517,6.33619,12.76000,10.18367,5.02626,1.23441,6.20448,12.21000,9.94135,5.06594,1.15555,5.85396,11.70000,9.38792,24.81604,39.82450
21-1,1783321529.755378,2026-07-06T14:05:29.755378,5.09260,1.25614,6.39702,12.81000,10.95173,5.05614,1.25419,6.34135,12.75000,10.81827,5.02398,1.20389,6.04834,11.91000,10.54662,5.07374,1.15946,5.88279,11.74000,9.97663,24.66950,42.29325
21-1,1783321529.855451,2026-07-06T14:05:29.855451,5.09131,1.27982,6.51598,13.05000,11.60380,5.05586,1.26029,6.37187,12.81000,11.45592,5.02192,1.24052,6.22977,12.27000,11.17005,5.07424,1.14945,5.83259,11.64000,10.56031,24.95021,44.79008
21-1,1783321529.955518,2026-07-06T14:05:29.955518,5.08113,1.24638,6.33300,12.71000,12.23753,5.05685,1.23856,6.26323,12.81000,12.08267,5.02751,1.21220,6.09433,11.99000,11.77990,5.06979,1.15848,5.87326,11.73000,11.14803,24.56382,47.24813
21-1,1783321530.055589,2026-07-06T14:05:30.055589,5.08913,1.24638,6.34297,12.71000,12.87228,5.04885,1.23856,6.25332,12.59000,12.70844,5.02351,1.21220,6.08948,11.99000,12.38928,5.07379,1.15848,5.87789,11.73000,11.73624,24.56366,49.70624
21-1,1783321530.155661,2026-07-06T14:05:30.155661,5.08433,1.26102,6.41147,12.86000,13.51388,5.05173,1.26322,6.38146,12.84000,13.34704,5.02175,1.24345,6.24428,12.30000,13.01415,5.07459,1.14261,5.79829,11.57000,12.31649,24.83550,52.19156
21-1,1783321530.255737,2026-07-06T14:05:30.255737,5.08373,1.27201,6.46657,12.97000,14.16103,5.05320,1.23075,6.21923,12.51000,13.96944,5.02335,1.21512,6.10400,12.02000,13.62502,5.07359,1.16239,5.89748,11.77000,12.90668,24.68728,54.66217
21-1,1783321530.355808,2026-07-06T14:05:30.355808,5.08731,1.27982,6.51086,13.05000,14.81258,5.04773,1.26322,6.37641,12.84000,14.60754,5.02564,1.24540,6.25893,12.32000,14.25136,5.07349,1.16434,5.90728,11.79000,13.49783,25.05348,57.16931
21-1,1783321530.455879,2026-07-06T14:05:30.455879,5.08731,1.27982,6.51086,13.05000,15.46413,5.04373,1.26322,6.37135,12.84000,15.24512,5.02564,1.24540,6.25893,12.32000,14.87770,5.07349,1.16434,5.90728,11.79000,14.08898,25.04842,59.67592
21-1,1783321530.555950,2026-07-06T14:05:30.555950,5.08471,1.18070,6.00352,12.04000,16.06491,5.06432,1.16190,5.88424,11.81000,15.83396,5.03980,1.13627,5.72655,11.24000,15.45076,5.08540,1.08719,5.52880,11.01000,14.64225,23.14311,61.99188
21-1,1783321530.656021,2026-07-06T14:05:30.656021,5.10285,0.84817,4.32809,8.65000,16.49802,5.07630,0.89724,4.55468,9.12000,16.28976,5.05526,0.86233,4.35931,8.53000,15.88700,5.09861,0.82669,4.21494,8.37000,15.06405,17.45702,63.73882
21-1,1783321530.756092,2026-07-06T14:05:30.756092,5.09459,0.85305,4.34595,8.70000,16.93293,5.06158,0.95730,4.84548,9.73000,16.77465,5.04070,0.90774,4.57566,8.98000,16.34489,5.08265,0.82571,4.19679,8.36000,15.48402,17.96388,65.53648
21-1,1783321530.856163,2026-07-06T14:05:30.856163,5.06817,1.26395,6.40594,12.89000,17.57397,5.06158,0.95730,4.84548,9.73000,17.25954,5.04070,0.90774,4.57566,8.98000,16.80278,5.05749,1.16434,5.88865,11.79000,16.07330,21.71573,67.70960
21-1,1783321530.956235,2026-07-06T14:05:30.956235,5.08017,1.26395,6.42111,12.89000,18.21655,5.05672,1.24149,6.27788,12.62000,17.88778,5.02958,1.24638,6.26875,12.33000,17.43011,5.07349,1.16434,5.90728,11.79000,16.66446,24.87502,70.19890
21-1,1783321531.056306,2026-07-06T14:05:31.056306,5.08699,1.28568,6.54026,13.11000,18.87104,5.05569,1.26420,6.39139,12.85000,18.52737,5.02958,1.24638,6.26875,12.33000,18.05743,5.07034,1.14750,5.81820,11.62000,17.24669,25.01860,72.70253
21-1,1783321531.156377,2026-07-06T14:05:31.156377,5.08801,1.26688,6.44592,12.92000,19.51609,5.05614,1.25419,6.34135,12.75000,19.16196,5.02552,1.24760,6.26982,12.34000,18.68485,5.06929,1.16825,5.92219,11.83000,17.83933,24.97928,75.20223
21-1,1783321531.256448,2026-07-06T14:05:31.256448,5.08741,1.27787,6.50106,13.03000,20.16665,5.05214,1.25419,6.33634,12.75000,19.79604,5.02152,1.24760,6.26483,12.34000,19.31178,5.06554,1.16337,5.89307,11.78000,18.42905,24.99530,77.70353
21-1,1783321531.356519,2026-07-06T14:05:31.356519,5.08741,1.27787,6.50106,13.03000,20.81722,5.05164,1.26518,6.39121,12.86000,20.43561,5.02278,1.22514,6.15359,12.12000,19.92757,5.06954,1.16337,5.89773,11.78000,19.01924,24.94359,80.19965
21-1,1783321531.456589,2026-07-06T14:05:31.456589,5.08693,1.28666,6.54515,13.12000,21.47220,5.05142,1.27006,6.41560,12.91000,21.07763,5.02158,1.24638,6.25878,12.33000,20.55389,5.07034,1.14750,5.81820,11.62000,19.60147,25.03773,82.70519
21-1,1783321531.556660,2026-07-06T14:05:31.556660,5.08693,1.28666,6.54515,13.12000,22.12717,5.05991,1.25932,6.37202,12.80000,21.71528,5.02164,1.24540,6.25395,12.32000,21.17973,5.06924,1.16923,5.92709,11.84000,20.19460,25.09821,85.21679
21-1,1783321531.656731,2026-07-06T14:05:31.656731,5.09185,1.26981,6.46571,12.95000,22.77420,5.05191,1.25932,6.36195,12.80000,22.35193,5.02964,1.24540,6.26391,12.32000,21.80656,5.07319,1.17020,5.93666,11.85000,20.78869,25.02823,87.72138
21-1,1783321531.756801,2026-07-06T14:05:31.756801,5.08785,1.26981,6.46063,12.95000,23.42072,5.05538,1.27103,6.42556,12.92000,22.99493,5.02941,1.24955,6.28449,12.36000,22.43546,5.07319,1.17020,5.93666,11.85000,21.38277,25.10734,90.23389
21-1,1783321531.856873,2026-07-06T14:05:31.856873,5.08661,1.29252,6.57455,13.18000,24.07864,5.05676,1.24052,6.27299,12.61000,23.62268,5.02935,1.25053,6.28934,12.37000,23.06484,5.07354,1.16337,5.90238,11.78000,21.97343,25.03926,92.73960
21-1,1783321531.956944,2026-07-06T14:05:31.956944,5.08720,1.28178,6.52066,13.07000,24.73118,5.05942,1.27006,6.42576,12.91000,24.26572,5.02671,1.22636,6.16454,12.13000,23.68173,5.07324,1.16923,5.93176,11.84000,22.56703,25.04272,95.24566
21-1,1783321532.057017,2026-07-06T14:05:32.057017,5.08747,1.27689,6.49616,13.02000,25.38126,5.05142,1.27006,6.41560,12.91000,24.90774,5.02671,1.22636,6.16454,12.13000,24.29863,5.06504,1.17313,5.94196,11.88000,23.16166,25.01826,97.74930
21-1,1783321532.157088,2026-07-06T14:05:32.157088,5.08747,1.27689,6.49616,13.02000,26.03134,5.05524,1.27396,6.44020,12.95000,25.55222,5.02535,1.25053,6.28433,12.37000,24.92751,5.07304,1.17313,5.95135,11.88000,23.75722,25.17204,100.26829
21-1,1783321532.257159,2026-07-06T14:05:32.257159,5.07952,1.27592,6.48105,13.01000,26.67991,5.05560,1.26615,6.40116,12.87000,26.19279,5.02518,1.25346,6.29885,12.40000,25.55785,5.07304,1.17313,5.95135,11.88000,24.35278,25.13241,102.78333
21-1,1783321532.357230,2026-07-06T14:05:32.357230,5.08677,1.28959,6.55985,13.15000,27.33636,5.05120,1.27494,6.43998,12.96000,26.83725,5.02255,1.22929,6.17415,12.16000,26.17570,5.07364,1.16141,5.89259,11.76000,24.94246,25.06657,105.29177
21-1,1783321532.457301,2026-07-06T14:05:32.457301,5.08725,1.28080,6.51576,13.06000,27.98840,5.05120,1.27494,6.43998,12.96000,27.48170,5.02655,1.22929,6.17906,12.16000,26.79404,5.07324,1.16923,5.93176,11.84000,25.53605,25.06656,107.80019
21-1,1783321532.557372,2026-07-06T14:05:32.557372,5.08331,1.27982,6.50574,13.05000,28.63943,5.05142,1.27006,6.41560,12.91000,28.12371,5.02941,1.24955,6.28449,12.36000,27.42294,5.07304,1.17313,5.95135,11.88000,26.13161,25.15718,110.31769
21-1,1783321532.657454,2026-07-06T14:05:32.657454,5.08731,1.27982,6.51086,13.05000,29.29105,5.05147,1.26908,6.41072,12.90000,28.76531,5.02924,1.25248,6.29902,12.39000,28.05336,5.06904,1.17313,5.94666,11.88000,26.72676,25.16726,112.83649
21-1,1783321532.757525,2026-07-06T14:05:32.757525,5.08785,1.26981,6.46063,12.95000,29.93758,5.05832,1.20609,6.10079,12.26000,29.37583,5.03369,1.17362,5.90764,11.61000,28.64455,5.07299,1.17411,5.95624,11.89000,27.32281,24.42530,115.28077
21-1,1783321532.857597,2026-07-06T14:05:32.857597,5.08656,1.29350,6.57945,13.19000,30.59599,5.05832,1.20609,6.10079,12.26000,29.98634,5.02969,1.17362,5.90294,11.61000,29.23526,5.07314,1.17118,5.94156,11.86000,27.91739,24.52474,117.73499
21-1,1783321532.957668,2026-07-06T14:05:32.957668,5.09206,1.26591,6.44608,12.91000,31.24106,5.05511,1.27689,6.45484,12.98000,30.63229,5.01301,1.25663,6.29949,12.43000,29.86566,5.07299,1.17411,5.95624,11.89000,28.51344,25.15665,120.25244
21-1,1783321533.057739,2026-07-06T14:05:33.057739,5.09206,1.26591,6.44608,12.91000,31.88613,5.05511,1.27689,6.45484,12.98000,31.27823,5.01284,1.25956,6.31397,12.46000,30.49751,5.07299,1.17411,5.95624,11.89000,29.10949,25.17113,122.77135
21-1,1783321533.157810,2026-07-06T14:05:33.157810,5.08693,1.28666,6.54515,13.12000,32.54111,5.04707,1.27787,6.44950,12.99000,31.92364,5.02592,1.24052,6.23473,12.27000,31.12142,5.06894,1.17508,5.95644,11.90000,29.70556,25.18582,125.29172
21-1,1783321533.257881,2026-07-06T14:05:33.257881,5.08656,1.29350,6.57945,13.19000,33.19952,5.05507,1.27787,6.45972,12.99000,32.57007,5.02484,1.25956,6.32909,12.27000,31.75478,5.06883,1.17728,5.96745,11.92000,30.30273,25.33571,127.82710
21-1,1783321533.357953,2026-07-06T14:05:33.357953,5.08715,1.28275,6.52556,13.08000,33.85254,5.05138,1.27103,6.42048,12.92000,33.21258,5.02484,1.25956,6.32909,12.46000,32.38814,5.07314,1.17118,5.94156,11.86000,30.89731,25.21669,130.35057
21-1,1783321533.458024,2026-07-06T14:05:33.458024,5.09515,1.28275,6.53582,13.08000,34.50659,5.05111,1.27689,6.44974,12.98000,33.85801,5.02090,1.25858,6.31922,12.45000,33.02051,5.07314,1.17118,5.94156,11.86000,31.49188,25.24634,132.87700
21-1,1783321533.558095,2026-07-06T14:05:33.558095,5.07925,1.28080,6.50551,13.06000,35.15760,5.04311,1.27689,6.43952,12.98000,34.50242,5.02079,1.26054,6.32888,12.47000,33.65385,5.07324,1.16923,5.93176,11.84000,32.08548,25.20567,135.39936
21-1,1783321533.658167,2026-07-06T14:05:33.658167,5.08667,1.29154,6.56965,13.17000,35.81504,5.04711,1.27689,6.44463,12.98000,35.14735,5.02569,1.24442,6.25409,12.31000,34.27971,5.07288,1.17631,5.96726,11.91000,32.68264,25.23563,137.92474
21-1,1783321533.758242,2026-07-06T14:05:33.758242,5.08587,1.30619,6.64312,13.32000,36.47985,5.05116,1.27592,6.44486,12.97000,35.79232,5.03369,1.24442,6.26404,12.31000,34.90658,5.07269,1.18021,5.98684,11.95000,33.28177,25.33886,140.46052
22-1,1783321533.858316,2026-07-06T14:05:33.858316,5.09429,1.29838,6.61433,13.24000,0.66192,5.05151,1.26811,6.40585,12.89000,0.64106,5.03284,1.25956,6.33916,12.46000,0.63438,5.07854,1.14359,5.80777,11.58000,0.58121,25.16711,2.51857
22-1,1783321533.958389,2026-07-06T14:05:33.958389,5.08229,1.29838,6.59875,13.24000,1.32228,5.04804,1.34477,6.78844,13.67000,1.32040,5.03090,1.29398,6.50990,12.80000,1.28585,5.06254,1.14359,5.78947,11.58000,1.16057,25.68656,5.08910
22-1,1783321534.058460,2026-07-06T14:05:34.058460,5.08799,1.34062,6.82105,13.67000,2.00487,5.06004,1.34477,6.80458,13.67000,2.00134,5.04549,0.82278,4.15133,8.14000,1.70128,5.07928,1.28690,6.53654,13.03000,1.81469,24.31350,7.52218
22-1,1783321534.158531,2026-07-06T14:05:34.158531,5.09494,1.21317,6.18104,12.37000,2.62341,5.05994,0.99368,5.02797,10.10000,2.50450,5.03349,0.82278,4.14145,8.14000,2.11572,5.08725,1.12967,5.74693,11.44000,2.38980,21.09739,9.63342
22-1,1783321534.258603,2026-07-06T14:05:34.258603,5.09330,1.16996,5.95894,11.93000,3.21973,5.04832,1.25028,6.31182,12.71000,3.13613,5.02660,1.22831,6.17422,12.15000,2.73358,5.07580,1.03983,5.27795,10.53000,2.91797,23.72293,12.00742
22-1,1783321534.358674,2026-07-06T14:05:34.358674,5.08930,1.16996,5.95426,11.93000,3.81558,5.05289,1.23759,6.25339,12.58000,3.76191,5.02815,1.20096,6.03863,11.88000,3.33787,5.07580,1.03983,5.27795,10.53000,3.44614,23.52423,14.36151
22-1,1783321534.458745,2026-07-06T14:05:34.458745,5.07990,1.26884,6.44557,12.94000,4.46060,5.05289,1.23759,6.25339,12.58000,4.38770,5.02604,1.23832,6.22384,12.25000,3.96070,5.07499,1.13480,5.75910,11.49000,4.02246,24.68190,16.83146
22-1,1783321534.558817,2026-07-06T14:05:34.558817,5.08070,1.25419,6.37216,12.79000,5.09827,5.05311,1.23270,6.22899,12.53000,5.01104,5.03004,1.23832,6.22879,12.25000,4.58403,5.07405,1.15336,5.85218,11.68000,4.60810,24.68212,19.30144
22-1,1783321534.658888,2026-07-06T14:05:34.658888,5.08583,1.16019,5.90054,11.83000,5.68875,5.05218,1.25321,6.33146,12.74000,5.64464,5.03849,1.23026,6.19867,12.17000,5.20434,5.08059,1.02420,5.20355,10.37000,5.12883,23.63422,21.66655
22-1,1783321534.758960,2026-07-06T14:05:34.758960,5.08183,1.16019,5.89590,11.83000,6.27876,5.07226,0.89822,4.55601,9.13000,6.10057,5.05920,0.86331,4.36765,8.54000,5.64141,5.07659,1.02420,5.19945,10.37000,5.64914,20.01901,23.66988
22-1,1783321534.859030,2026-07-06T14:05:34.859030,5.09448,0.85501,4.35581,8.72000,6.71465,5.06426,0.89822,4.54882,9.13000,6.55577,5.03961,0.92703,4.67187,9.17000,6.10893,5.08265,0.82571,4.19679,8.36000,6.06912,17.77329,25.44847
22-1,1783321534.959102,2026-07-06T14:05:34.959102,5.07527,1.20707,6.12620,12.31000,7.32771,5.05891,1.10477,5.58893,11.23000,7.11507,5.04361,0.92703,4.67558,9.17000,6.57682,5.07084,1.13773,5.76925,11.52000,6.64646,22.15996,27.66605
22-1,1783321535.059173,2026-07-06T14:05:35.059173,5.08881,1.25224,6.37239,12.77000,7.96540,5.05218,1.25321,6.33146,12.74000,7.74866,5.02791,1.20511,6.05921,11.92000,7.18318,5.06984,1.15751,5.86837,11.72000,7.23371,24.63143,30.13094
22-1,1783321535.159244,2026-07-06T14:05:35.159244,5.08449,1.25810,6.39677,12.83000,8.60553,5.05729,1.22880,6.21438,12.49000,8.37054,5.02581,1.24247,6.24441,12.29000,7.80806,5.07424,1.14945,5.83259,11.64000,7.81738,24.68815,32.60152
22-1,1783321535.259315,2026-07-06T14:05:35.259315,5.09249,1.25810,6.40684,12.83000,9.24667,5.05329,1.22880,6.20947,12.49000,8.99193,5.03426,1.23441,6.21435,12.21000,8.42994,5.07424,1.14945,5.83259,11.64000,8.40106,24.66325,35.06959
22-1,1783321535.359386,2026-07-06T14:05:35.359386,5.08897,1.24931,6.35768,12.74000,9.88289,5.05186,1.26029,6.36683,12.81000,9.62906,5.02626,1.23441,6.20448,12.21000,9.05083,5.07405,1.15336,5.85218,11.68000,8.98669,24.78117,37.54947
22-1,1783321535.459458,2026-07-06T14:05:35.459458,5.08812,1.26493,6.43612,12.90000,10.52696,5.05196,1.25810,6.35585,12.79000,10.26510,5.02678,1.22514,6.15849,12.12000,9.66711,5.07415,1.15140,5.84238,11.66000,9.57135,24.79284,40.03052
22-1,1783321535.559528,2026-07-06T14:05:35.559528,5.08741,1.27787,6.50106,13.03000,11.17752,5.05289,1.23759,6.25339,12.58000,10.89088,5.02609,1.23734,6.21900,12.24000,10.28945,5.07364,1.16141,5.89259,11.76000,10.16102,24.86604,42.51888
22-1,1783321535.659600,2026-07-06T14:05:35.659600,5.08341,1.27787,6.49595,13.03000,11.82759,5.04489,1.23759,6.24349,12.58000,11.51568,5.02764,1.21000,6.08343,11.97000,10.89823,5.07764,1.16141,5.89723,11.76000,10.75117,24.72010,44.99267
22-1,1783321535.759671,2026-07-06T14:05:35.759671,5.08704,1.28471,6.53536,13.10000,12.48159,5.05586,1.26029,6.37187,12.81000,12.15332,5.02764,1.21000,6.08343,11.97000,11.50701,5.07405,1.15336,5.85218,11.68000,11.33680,24.84284,47.47872
22-1,1783321535.859743,2026-07-06T14:05:35.859743,5.08773,1.27201,6.47165,12.97000,13.12922,5.05641,1.24833,6.31206,12.69000,12.78498,5.02604,1.23832,6.22384,12.25000,12.12984,5.07374,1.15946,5.88279,11.74000,11.92550,24.89034,49.96953
22-1,1783321535.959814,2026-07-06T14:05:35.959814,5.08812,1.26493,6.43612,12.90000,13.77329,5.05151,1.26811,6.40585,12.89000,13.42602,5.02689,1.22318,6.14881,12.10000,12.74516,5.07469,1.14066,5.78849,11.55000,12.50476,24.77927,52.44922
22-1,1783321536.059885,2026-07-06T14:05:36.059885,5.08812,1.26493,6.43612,12.90000,14.41736,5.05151,1.26811,6.40585,12.89000,14.06706,5.02181,1.24247,6.23944,12.29000,13.36954,5.06669,1.14066,5.77937,11.55000,13.08311,24.86078,54.93707
22-1,1783321536.159956,2026-07-06T14:05:36.159956,5.07990,1.26884,6.44557,12.94000,15.06237,5.05182,1.26127,6.37170,12.82000,14.70468,5.02581,1.24247,6.24441,12.29000,13.99443,5.07364,1.16141,5.89259,11.76000,13.67279,24.95427,57.43427
22-1,1783321536.260028,2026-07-06T14:05:36.260028,5.08022,1.26298,6.41621,12.88000,15.70445,5.05223,1.25224,6.32658,12.73000,15.33779,5.02620,1.23539,6.20932,12.22000,14.61581,5.07424,1.14945,5.83259,11.64000,14.25646,24.78470,59.91451
22-1,1783321536.360099,2026-07-06T14:05:36.360099,5.08534,1.24247,6.31838,12.67000,16.33674,5.05169,1.26420,6.38634,12.85000,15.97688,5.02552,1.24760,6.26982,12.34000,15.24323,5.07354,1.16337,5.90238,11.78000,14.84712,24.87692,62.40397
22-1,1783321536.460170,2026-07-06T14:05:36.460170,5.08934,1.24247,6.32335,12.67000,16.96952,5.05169,1.26420,6.38634,12.85000,16.61597,5.03009,1.23734,6.22395,12.24000,15.86607,5.07344,1.16532,5.91217,11.80000,15.43876,24.84581,64.89032
22-1,1783321536.560240,2026-07-06T14:05:36.560240,5.08401,1.26688,6.44085,12.92000,17.61406,5.05272,1.24149,6.27291,12.62000,17.24370,5.02609,1.23734,6.21900,12.24000,16.48841,5.07344,1.16532,5.91217,11.80000,16.03039,24.84493,67.37656
22-1,1783321536.660311,2026-07-06T14:05:36.660311,5.09168,1.27299,6.48165,12.98000,18.26268,5.05164,1.26518,6.39121,12.86000,17.88327,5.02952,1.24760,6.27481,12.34000,17.11633,5.06969,1.16044,5.88305,11.75000,16.61911,25.03072,69.88141
22-1,1783321536.760382,2026-07-06T14:05:36.760382,5.09115,1.28275,6.53069,13.08000,18.91622,5.05294,1.23661,6.24851,12.57000,18.50857,5.02609,1.23734,6.21900,12.24000,17.73868,5.06939,1.16630,5.91241,11.81000,17.21078,24.91061,72.37425
22-1,1783321536.860454,2026-07-06T14:05:36.860454,5.08747,1.27689,6.49616,13.02000,19.56630,5.04894,1.23661,6.24357,12.57000,19.13337,5.02575,1.24345,6.24925,12.30000,18.36405,5.07354,1.16337,5.90238,11.78000,17.80143,24.89136,74.86515
22-1,1783321536.960526,2026-07-06T14:05:36.960526,5.07947,1.27689,6.48594,13.02000,20.21536,5.05560,1.26615,6.40116,12.87000,19.77395,5.02289,1.22318,6.14391,12.10000,18.97888,5.07354,1.16337,5.90238,11.78000,18.39210,24.93339,77.36030
22-1,1783321537.060597,2026-07-06T14:05:37.060597,5.08725,1.28080,6.51576,13.06000,20.86740,5.05641,1.24833,6.31206,12.69000,20.40561,5.03089,1.22318,6.15370,12.10000,19.59469,5.06949,1.16434,5.90262,11.79000,18.98278,24.88414,79.85048
22-1,1783321537.160669,2026-07-06T14:05:37.160669,5.08790,1.26884,6.45572,12.94000,21.51344,5.05151,1.26811,6.40585,12.89000,21.04666,5.02946,1.24857,6.27965,12.35000,20.22311,5.06924,1.16923,5.92709,11.84000,19.57592,25.06831,82.35912
22-1,1783321537.260744,2026-07-06T14:05:37.260744,5.08779,1.27103,6.46675,12.96000,22.16060,5.05151,1.26811,6.40585,12.89000,21.68772,5.03015,1.23637,6.21911,12.23000,20.84549,5.06964,1.16141,5.88794,11.76000,20.16515,24.97965,84.85896
22-1,1783321537.360815,2026-07-06T14:05:37.360815,5.08379,1.27103,6.46167,12.96000,22.80722,5.05551,1.26811,6.41092,12.89000,22.32927,5.02569,1.24442,6.25409,12.31000,21.47134,5.07364,1.16141,5.89259,11.76000,20.75483,25.01927,87.36266
22-1,1783321537.460886,2026-07-06T14:05:37.460886,5.08693,1.28666,6.54515,13.12000,23.46220,5.05560,1.26615,6.40116,12.87000,22.96984,5.03369,1.24442,6.26404,12.31000,22.09819,5.06934,1.16727,5.91730,11.82000,21.34698,25.12765,89.87721
22-1,1783321537.560957,2026-07-06T14:05:37.560957,5.08796,1.26786,6.45082,12.93000,24.10774,5.05147,1.26908,6.41072,12.90000,23.61136,5.02552,1.24760,6.26982,12.34000,22.72561,5.06919,1.17020,5.93198,11.85000,21.94060,25.06334,92.38532
22-1,1783321537.661028,2026-07-06T14:05:37.661028,5.08677,1.28959,6.55985,13.15000,24.76420,5.05547,1.26908,6.41580,12.90000,24.25340,5.02689,1.22318,6.14881,12.10000,23.34093,5.07309,1.17215,5.94645,11.87000,22.53567,25.07091,94.89420
22-1,1783321537.761099,2026-07-06T14:05:37.761099,5.08277,1.28959,6.55469,13.15000,25.42013,5.04845,1.24735,6.29720,12.68000,24.88357,5.02535,1.25053,6.28433,12.37000,23.96981,5.07709,1.17215,5.95114,11.87000,23.13121,25.08736,97.40472
22-1,1783321537.861171,2026-07-06T14:05:37.861171,5.07952,1.27592,6.48105,13.01000,26.06870,5.05929,1.27299,6.44041,12.94000,25.52807,5.02535,1.25053,6.28433,12.37000,24.59869,5.07405,1.15336,5.85218,11.68000,23.71684,25.05797,99.91230
22-1,1783321537.961242,2026-07-06T14:05:37.961242,5.08720,1.28178,6.52066,13.07000,26.72123,5.05929,1.27299,6.44041,12.94000,26.17257,5.02935,1.25053,6.28934,12.37000,25.22808,5.06914,1.17118,5.93687,11.86000,24.31095,25.18728,102.43282
22-1,1783321538.061313,2026-07-06T14:05:38.061313,5.08752,1.27592,6.49126,13.01000,27.37082,5.05929,1.27299,6.44041,12.94000,26.81707,5.03060,1.22831,6.17914,12.15000,25.84643,5.06904,1.17313,5.94666,11.88000,24.90604,25.05747,104.94035
22-1,1783321538.161384,2026-07-06T14:05:38.161384,5.09125,1.28080,6.52088,13.06000,28.02337,5.04747,1.26908,6.40565,12.90000,27.45809,5.02501,1.25663,6.31457,12.43000,26.47833,5.07299,1.17411,5.95624,11.89000,25.50209,25.19734,107.46187
22-1,1783321538.261455,2026-07-06T14:05:38.261455,5.09125,1.28080,6.52088,13.06000,28.67592,5.04733,1.27201,6.42027,12.93000,28.10057,5.02101,1.25663,6.30955,12.43000,27.10974,5.07299,1.17411,5.95624,11.89000,26.09813,25.20694,109.98436
22-1,1783321538.361526,2026-07-06T14:05:38.361526,5.08245,1.29545,6.58406,13.21000,29.33479,5.04778,1.26225,6.37153,12.83000,28.73818,5.02930,1.25150,6.29418,12.38000,27.73960,5.07384,1.15751,5.87300,11.72000,26.68585,25.12277,112.49843
22-1,1783321538.461597,2026-07-06T14:05:38.461597,5.08325,1.28080,6.51063,13.06000,29.98632,5.04445,1.24735,6.29221,12.68000,29.36785,5.03038,1.23222,6.19852,12.19000,28.35990,5.07299,1.17411,5.95624,11.89000,27.28190,24.95760,114.99596
22-1,1783321538.561669,2026-07-06T14:05:38.561669,5.08715,1.28275,6.52556,13.08000,30.63934,5.04045,1.24735,6.28722,12.68000,29.99702,5.03009,1.23734,6.22395,12.24000,28.98274,5.07364,1.16141,5.89259,11.76000,27.87158,24.92932,117.49067
22-1,1783321538.661741,2026-07-06T14:05:38.661741,5.08715,1.28275,6.52556,13.08000,31.29237,5.05147,1.26908,6.41072,12.90000,30.63855,5.02209,1.23734,6.21405,12.24000,29.60459,5.07364,1.16141,5.89259,11.76000,28.46126,25.04292,119.99677
22-1,1783321538.761812,2026-07-06T14:05:38.761812,5.09515,1.28275,6.53582,13.08000,31.94642,5.05124,1.27396,6.43511,12.95000,31.28252,5.02518,1.25346,6.29885,12.40000,30.23492,5.06488,1.17631,5.95785,11.91000,29.05747,25.22763,122.52133
22-1,1783321538.861884,2026-07-06T14:05:38.861884,5.09451,1.29447,6.59470,13.20000,32.60636,5.05898,1.27982,6.47460,13.01000,31.93044,5.02501,1.25663,6.31457,12.43000,30.86683,5.06483,1.17728,5.96274,11.92000,29.65417,25.34661,125.05781
22-1,1783321538.961955,2026-07-06T14:05:38.961955,5.07883,1.28861,6.54464,13.14000,33.26129,5.05898,1.27982,6.47460,13.01000,32.57837,5.02101,1.25663,6.30955,12.43000,31.49824,5.07294,1.17508,5.96114,11.90000,30.25071,25.28993,127.58861
22-1,1783321539.062027,2026-07-06T14:05:39.062027,5.08283,1.28861,6.54980,13.14000,33.91674,5.05578,1.26225,6.38163,12.83000,33.21699,5.02501,1.25663,6.31457,12.43000,32.13015,5.07294,1.17508,5.96114,11.90000,30.84725,25.20714,130.11112
22-1,1783321539.162092,2026-07-06T14:05:39.162092,5.07136,1.27885,6.48550,13.04000,34.56571,5.05511,1.27689,6.45484,12.98000,33.86289,5.02598,1.23930,6.22868,12.26000,32.75342,5.06878,1.17826,5.97234,11.93000,31.44488,25.14136,132.62689
22-1,1783321539.262163,2026-07-06T14:05:39.262163,5.08267,1.29154,6.56448,13.17000,35.22262,5.04302,1.27885,6.44926,13.00000,34.50827,5.02512,1.25468,6.30490,12.41000,33.38436,5.07683,1.17728,5.97686,11.92000,32.04299,25.29550,135.15824
22-1,1783321539.362231,2026-07-06T14:05:39.362231,5.08320,1.28178,6.51553,13.07000,35.87462,5.05102,1.27885,6.45949,13.00000,35.15467,5.02495,1.25761,6.31941,12.44000,34.01673,5.07719,1.17020,5.94134,11.85000,32.63753,25.23577,137.68355
22-1,1783321539.462303,2026-07-06T14:05:39.462303,5.07467,1.29154,6.55415,13.17000,36.53051,5.05080,1.28373,6.48387,13.05000,35.80352,5.02495,1.25761,6.31941,12.44000,34.64912,5.07688,1.17631,5.97197,11.91000,33.23515,25.32940,140.21830
23-1,1783321539.662453,2026-07-06T14:05:39.662453,5.08322,1.20804,6.14076,12.32000,0.61457,5.04391,1.34770,6.79766,13.70000,0.68031,5.02306,1.22025,6.12940,12.07000,0.61343,5.06998,1.15458,5.85368,11.69000,0.58583,24.92150,2.49414
23-1,1783321539.762524,2026-07-06T14:05:39.762524,5.07701,1.32182,6.71089,13.48000,1.28613,5.04791,1.34770,6.80305,13.70000,1.36110,5.01901,1.36283,6.84008,13.48000,1.29792,5.06359,1.28080,6.48545,12.97000,1.23484,26.83947,5.18000
23-1,1783321539.862580,2026-07-06T14:05:39.862580,5.09778,1.16117,5.91938,11.84000,1.87840,5.05404,0.94729,4.78766,9.63000,1.84013,5.03101,1.36283,6.85644,13.48000,1.98395,5.09360,1.00443,5.11614,10.17000,1.74674,22.67962,7.44922
23-1,1783321539.962653,2026-07-06T14:05:39.962653,5.09378,1.16117,5.91473,11.84000,2.47031,5.04072,1.24149,6.25801,12.62000,2.46639,5.02729,1.14530,5.75775,11.33000,2.56015,5.07760,1.00443,5.10006,10.17000,2.25712,23.03055,9.75396
23-1,1783321540.062724,2026-07-06T14:05:40.062724,5.08934,1.24247,6.32335,12.67000,3.10309,5.04916,1.23173,6.21918,12.52000,3.08875,5.02375,1.20804,6.06891,11.95000,3.16747,5.07415,1.15140,5.84238,11.66000,2.84177,24.45382,12.20108
23-1,1783321540.162796,2026-07-06T14:05:40.162796,5.08796,1.26786,6.45082,12.93000,3.74863,5.04916,1.23173,6.21918,12.52000,3.71111,5.02631,1.23344,6.19964,12.20000,3.78787,5.07415,1.15140,5.84238,11.66000,3.42643,24.71202,14.67404
23-1,1783321540.262867,2026-07-06T14:05:40.262867,5.08854,1.25712,6.39690,12.82000,4.38878,5.05618,1.25321,6.33647,12.74000,4.34521,5.03031,1.23344,6.20457,12.20000,4.40877,5.07805,1.15336,5.85679,11.68000,4.01252,24.79473,17.15528
23-1,1783321540.362938,2026-07-06T14:05:40.362938,5.08454,1.25712,6.39187,12.82000,5.02842,5.05596,1.25810,6.36088,12.79000,4.98175,5.02220,1.23539,6.20438,12.22000,5.02966,5.07405,1.15336,5.85218,11.68000,4.59816,24.80931,19.63799
23-1,1783321540.463010,2026-07-06T14:05:40.463010,5.08422,1.26298,6.42126,12.88000,5.67101,5.05352,1.22367,6.18384,12.44000,5.60058,5.02346,1.21317,6.09432,12.00000,5.63952,5.07084,1.13773,5.76925,11.52000,5.17550,24.46867,22.08660
23-1,1783321540.563081,2026-07-06T14:05:40.563081,5.08406,1.26591,6.43596,12.91000,6.31506,5.04952,1.22367,6.17895,12.44000,6.21891,5.02186,1.24149,6.23460,12.28000,6.26342,5.06979,1.15848,5.87326,11.73000,5.76324,24.72277,24.56063
23-1,1783321540.663152,2026-07-06T14:05:40.663152,5.08396,1.26786,6.44575,12.93000,6.96010,5.05560,1.26615,6.40116,12.87000,6.85948,5.03426,1.23441,6.21435,12.21000,6.88530,5.07094,1.13578,5.75945,11.50000,6.33960,24.82071,27.04448
24-1,1783321540.763225,2026-07-06T14:05:40.763225,5.09062,1.21903,6.20563,12.93000,0.62102,5.05814,1.21000,6.12034,12.30000,0.61248,5.03026,1.23441,6.20942,12.21000,0.62139,5.07724,1.09037,5.53605,11.04000,0.55401,24.07144,2.40890
24-1,1783321540.863298,2026-07-06T14:05:40.863298,5.08662,1.21903,6.20075,12.43000,1.24154,5.04430,1.33891,6.75386,13.61000,1.28836,5.02460,1.19291,5.99389,11.80000,1.22122,5.06924,1.09037,5.52732,11.04000,1.10715,24.47582,4.85827
24-1,1783321540.963373,2026-07-06T14:05:40.963373,5.08597,1.30424,6.63333,13.30000,1.90537,5.05230,1.33891,6.76457,13.61000,1.96532,5.01810,1.30815,6.56440,12.94000,1.87815,5.06953,1.24247,6.29874,12.58000,1.73749,26.26104,7.48633
24-1,1783321541.063444,2026-07-06T14:05:41.063444,5.08292,1.36015,6.91353,13.87000,2.59722,5.06191,1.39189,7.04561,14.15000,2.67039,5.03995,0.92093,4.64143,9.11000,2.34263,5.07434,1.14750,5.82279,11.62000,2.32018,24.42336,9.93041
24-1,1783321541.163515,2026-07-06T14:05:41.163515,5.08946,1.16703,5.93954,11.90000,3.19159,5.08586,0.86282,4.38818,8.77000,3.10952,5.03995,0.92093,4.64143,9.11000,2.80710,5.07620,1.03201,5.23871,10.45000,2.84443,20.20786,11.95264
24-1,1783321541.263587,2026-07-06T14:05:41.263587,5.08946,1.16703,5.93954,11.90000,3.78597,5.04427,1.25126,6.31169,12.72000,3.74113,5.01964,1.21000,6.07375,11.97000,3.41491,5.07620,1.03201,5.23871,10.45000,3.36867,23.56369,14.31068
24-1,1783321541.363659,2026-07-06T14:05:41.363659,5.09222,1.26298,6.43137,12.88000,4.42957,5.04827,1.25126,6.31670,12.72000,4.37326,5.01855,1.22929,6.16923,12.16000,4.03227,5.07130,1.12870,5.72395,11.43000,3.94148,24.64125,16.77658
25-1,1783321541.463745,2026-07-06T14:05:41.463745,5.09131,1.27982,6.51598,13.05000,0.65216,5.04938,1.22684,6.19480,12.47000,0.62001,5.02729,1.21610,6.11370,12.03000,0.61190,5.06979,1.15848,5.87326,11.73000,0.58783,24.69774,2.47190
25-1,1783321541.563815,2026-07-06T14:05:41.563815,5.08192,1.30522,6.63300,13.31000,1.31592,5.04422,1.34086,6.76359,13.63000,1.29684,5.02729,1.21610,6.11370,12.03000,1.22369,5.06159,1.24125,6.28269,12.57000,1.21654,25.79298,5.05300
25-1,1783321541.663886,2026-07-06T14:05:41.663886,5.08592,1.30522,6.63822,13.31000,1.98022,5.07360,0.86868,4.40733,8.83000,1.73789,5.02941,1.32035,6.64059,13.06000,1.88823,5.08559,1.24125,6.31248,12.57000,1.84824,23.99862,7.45458
25-1,1783321541.763958,2026-07-06T14:05:41.763958,5.08999,1.15726,5.89045,11.80000,2.56969,5.05760,0.86868,4.39343,8.83000,2.17755,5.03700,1.18583,5.97301,11.73000,2.48596,5.08200,0.91751,4.66278,9.29000,2.31485,20.91967,9.54805
25-1,1783321541.864029,2026-07-06T14:05:41.864029,5.08497,1.24931,6.35268,12.74000,3.20541,5.05307,1.23368,6.23387,12.54000,2.80138,5.02660,1.22831,6.17422,12.15000,3.10382,5.07005,1.15336,5.84757,11.68000,2.90003,24.60834,12.01064
25-1,1783321541.964101,2026-07-06T14:05:41.964101,5.08779,1.27103,6.46675,12.96000,3.85255,5.05272,1.24149,6.27291,12.62000,3.42913,5.02660,1.22831,6.17422,12.15000,3.72169,5.07054,1.14359,5.79862,11.58000,3.48031,24.71250,14.48367
25-1,1783321542.064172,2026-07-06T14:05:42.064172,5.08779,1.27103,6.46675,12.96000,4.49968,5.04818,1.25321,6.32645,12.74000,4.06222,5.02769,1.20902,6.07859,11.96000,4.32997,5.07454,1.14359,5.80319,11.58000,4.06103,24.67498,16.95290
25-1,1783321542.164244,2026-07-06T14:05:42.164244,5.08940,1.24149,6.31845,12.66000,5.13198,5.05218,1.25321,6.33146,12.74000,4.69582,5.02615,1.23637,6.21416,12.23000,4.95184,5.07405,1.15336,5.85218,11.68000,4.64667,24.71625,19.42631
25-1,1783321542.264315,2026-07-06T14:05:42.264315,5.09094,1.21317,6.17619,12.37000,5.75004,5.05823,1.20804,6.11057,12.28000,5.30731,5.03118,1.21805,6.12826,12.05000,5.56510,5.07694,1.09622,5.56547,11.10000,5.20362,23.98049,21.82607
25-1,1783321542.364387,2026-07-06T14:05:42.364387,5.08796,1.26786,6.45082,12.93000,6.39558,5.05596,1.25810,6.36088,12.79000,5.94385,5.03118,1.21805,6.12826,12.05000,6.17836,5.07489,1.13675,5.76890,11.51000,5.78092,24.70886,24.29872
25-1,1783321542.464458,2026-07-06T14:05:42.464458,5.08886,1.25126,6.36749,12.76000,7.03278,5.05348,1.22465,6.18873,12.45000,6.56317,5.02631,1.23344,6.19964,12.20000,6.79877,5.07405,1.15336,5.85218,11.68000,6.36655,24.60804,26.76127
25-1,1783321542.564529,2026-07-06T14:05:42.564529,5.08486,1.25126,6.36248,12.76000,7.66949,5.05348,1.22465,6.18873,12.45000,7.18248,5.02746,1.21317,6.09917,12.00000,7.40912,5.07405,1.15336,5.85218,11.68000,6.95219,24.50256,29.21327
25-1,1783321542.664601,2026-07-06T14:05:42.664601,5.08812,1.26493,6.43612,12.90000,8.31356,5.05582,1.26127,6.37675,12.82000,7.82061,5.02186,1.24149,6.23460,12.28000,8.03303,5.06684,1.13773,5.76469,11.52000,7.52907,24.81216,31.69628
25-1,1783321542.764673,2026-07-06T14:05:42.764673,5.08828,1.26200,6.42141,12.87000,8.95616,5.05601,1.25712,6.35600,12.78000,8.45667,5.02986,1.24149,6.24454,12.28000,8.65793,5.06574,1.15946,5.87352,11.74000,8.11685,24.89547,34.18761
25-1,1783321542.864746,2026-07-06T14:05:42.864746,5.08693,1.28666,6.54515,13.12000,9.61116,5.05249,1.24638,6.29731,12.67000,9.08687,5.02631,1.23344,6.19964,12.20000,9.27835,5.07074,1.13968,5.77904,11.54000,8.69518,24.82114,36.67155
25-1,1783321542.964818,2026-07-06T14:05:42.964818,5.08693,1.28666,6.54515,13.12000,10.26614,5.05649,1.24638,6.30229,12.67000,9.71754,5.02638,1.23222,6.19359,12.19000,9.89815,5.07874,1.13968,5.78815,11.54000,9.27440,24.82918,39.15624
25-1,1783321543.064888,2026-07-06T14:05:43.064888,5.08743,1.20414,6.12597,12.28000,10.87917,5.05832,1.20609,6.10079,12.26000,10.32806,5.02192,1.24052,6.22977,12.27000,10.52157,5.07614,1.11209,5.64514,11.26000,9.83932,24.10167,41.56812
25-1,1783321543.164960,2026-07-06T14:05:43.164960,5.08417,1.26395,6.42616,12.89000,11.52225,5.05614,1.25419,6.34135,12.75000,10.96264,5.02592,1.24052,6.23473,12.27000,11.14549,5.07449,1.14457,5.80809,11.59000,10.42054,24.81033,44.05093
25-1,1783321543.265031,2026-07-06T14:05:43.265031,5.08779,1.27103,6.46675,12.96000,12.16938,5.05191,1.25932,6.36195,12.80000,11.59929,5.02689,1.22318,6.14881,12.10000,11.76081,5.06949,1.16434,5.90262,11.79000,11.01122,24.88013,46.54070
25-1,1783321543.365103,2026-07-06T14:05:43.365103,5.08779,1.27103,6.46675,12.96000,12.81652,5.05191,1.25932,6.36195,12.80000,12.23594,5.02581,1.24247,6.24441,12.29000,12.38570,5.06949,1.16434,5.90262,11.79000,11.60191,24.97573,49.04007
25-1,1783321543.465175,2026-07-06T14:05:43.465175,5.08747,1.27689,6.49616,13.02000,13.46661,5.05155,1.26713,6.40097,12.88000,12.87650,5.02998,1.23930,6.23364,12.26000,13.00951,5.07464,1.14164,5.79339,11.56000,12.18167,24.92416,51.53429
25-1,1783321543.565246,2026-07-06T14:05:43.565246,5.08812,1.26493,6.43612,12.90000,14.11068,5.05298,1.23563,6.24363,12.56000,13.50131,5.01798,1.23930,6.21877,12.26000,13.63183,5.06944,1.16532,5.90751,11.80000,12.77284,24.80603,54.01665
25-1,1783321543.665317,2026-07-06T14:05:43.665317,5.08844,1.25907,6.40671,12.84000,14.75180,5.05178,1.26225,6.37658,12.83000,14.13942,5.02946,1.24857,6.27965,12.35000,14.26024,5.07005,1.15336,5.84757,11.68000,13.35801,24.91051,56.50948
25-1,1783321543.765389,2026-07-06T14:05:43.765389,5.08860,1.25614,6.39200,12.81000,15.39146,5.05178,1.26225,6.37658,12.83000,14.77754,5.02598,1.23930,6.22868,12.26000,14.88356,5.07339,1.16630,5.91707,11.81000,13.95014,24.91433,59.00270
25-1,1783321543.865460,2026-07-06T14:05:43.865460,5.08860,1.25614,6.39200,12.81000,16.03112,5.04898,1.23563,6.23869,12.56000,15.40185,5.02575,1.24345,6.24925,12.30000,15.50893,5.06939,1.16630,5.91241,11.81000,14.54180,24.79235,61.48369
25-1,1783321543.965532,2026-07-06T14:05:43.965532,5.08801,1.26688,6.44592,12.92000,16.67617,5.04760,1.26615,6.39103,12.87000,16.04141,5.02758,1.21097,6.08827,11.98000,16.11819,5.07344,1.16532,5.91217,11.80000,15.13344,24.83739,63.96922
25-1,1783321544.065603,2026-07-06T14:05:44.065603,5.10743,0.91092,4.65244,9.29000,17.14175,5.07630,0.89724,4.55468,9.12000,16.49720,5.03158,1.21097,6.09312,11.98000,16.72794,5.09061,0.82669,4.20833,8.37000,15.55458,19.50857,65.92146
25-1,1783321544.165674,2026-07-06T14:05:44.165674,5.09539,0.83840,4.27199,8.55000,17.56925,5.06030,0.89724,4.54033,9.12000,16.95156,5.04326,0.86233,4.34896,8.53000,17.16314,5.08261,0.82669,4.20172,8.37000,15.97505,17.36300,67.65899
25-1,1783321544.265749,2026-07-06T14:05:44.265749,5.08739,0.83840,4.26529,8.55000,17.99610,5.06057,0.97977,4.95817,9.96000,17.44775,5.02244,1.23124,6.18382,12.18000,17.78199,5.07461,0.82669,4.19510,8.37000,16.39487,19.60238,69.62070
25-1,1783321544.365804,2026-07-06T14:05:44.365804,5.08757,1.27494,6.48636,13.00000,18.64509,5.04863,1.24345,6.27770,12.64000,18.07586,5.02135,1.25053,6.27933,12.37000,18.41027,5.07739,1.16630,5.92174,11.81000,16.98737,24.96513,72.11859
25-1,1783321544.465858,2026-07-06T14:05:44.465858,5.08902,1.24833,6.35278,12.73000,19.28071,5.05160,1.26615,6.39609,12.87000,18.71582,5.02535,1.25053,6.28433,12.37000,19.03904,5.07744,1.16532,5.91684,11.80000,17.57938,24.95004,74.61495
25-1,1783321544.565913,2026-07-06T14:05:44.565913,5.08646,1.22196,6.21546,12.46000,19.90260,5.05160,1.26615,6.39609,12.87000,19.35578,5.02711,1.21928,6.12944,12.06000,19.65232,5.07679,1.09915,5.58018,11.13000,18.13770,24.32117,77.04839
25-1,1783321544.665968,2026-07-06T14:05:44.665968,5.08246,1.22196,6.21057,12.46000,20.52400,5.05335,1.13919,5.75675,11.58000,19.93177,5.02575,1.24345,6.24925,12.30000,20.27759,5.06879,1.09915,5.57139,11.13000,18.69514,23.78796,79.42850
25-1,1783321544.766023,2026-07-06T14:05:44.766023,5.08741,1.27787,6.50106,13.03000,21.17446,5.04751,1.26811,6.40077,12.89000,20.57220,5.02306,1.22025,6.12940,12.07000,20.89086,5.06994,1.15555,5.85858,11.70000,19.28132,24.88981,81.91884
25-1,1783321544.866078,2026-07-06T14:05:44.866078,5.08817,1.26395,6.43122,12.89000,21.81794,5.05258,1.24442,6.28755,12.65000,21.20130,5.02706,1.22025,6.13428,12.07000,21.50463,5.06929,1.16825,5.92219,11.83000,19.87387,24.77524,84.39774
25-1,1783321544.966132,2026-07-06T14:05:44.966132,5.08785,1.26981,6.46063,12.95000,22.46435,5.05258,1.24442,6.28755,12.65000,21.83040,5.02152,1.24760,6.26483,12.34000,22.13145,5.06919,1.17020,5.93198,11.85000,20.46739,24.94499,86.89359
25-1,1783321545.066189,2026-07-06T14:05:45.066189,5.08385,1.26981,6.45555,12.95000,23.11027,5.05151,1.26811,6.40585,12.89000,22.47134,5.02095,1.25761,6.31438,12.44000,22.76325,5.07369,1.16044,5.88769,11.75000,21.05649,25.06347,89.40135
25-1,1783321545.166244,2026-07-06T14:05:45.166244,5.09196,1.26786,6.45589,12.93000,23.75621,5.05191,1.25932,6.36195,12.80000,23.10788,5.02609,1.23734,6.21900,12.24000,23.38549,5.07369,1.16044,5.88769,11.75000,21.64558,24.92453,91.89517
25-1,1783321545.266299,2026-07-06T14:05:45.266299,5.08038,1.26005,6.40153,12.85000,24.39672,5.05151,1.26811,6.40585,12.89000,23.74883,5.02609,1.23734,6.21900,12.24000,24.00773,5.07339,1.16630,5.91707,11.81000,22.23762,24.94345,94.39090
25-1,1783321545.366353,2026-07-06T14:05:45.366353,5.07957,1.27494,6.47616,13.00000,25.04469,5.05551,1.26811,6.41092,12.89000,24.39026,5.02530,1.25150,6.28917,12.38000,24.63699,5.07309,1.17215,5.94645,11.87000,22.83258,25.12270,96.90452
25-1,1783321545.466408,2026-07-06T14:05:45.466408,5.08363,1.27396,6.47636,12.99000,25.69268,5.05551,1.26811,6.41092,12.89000,25.03170,5.02501,1.25663,6.31457,12.43000,25.26879,5.06909,1.17215,5.94176,11.87000,23.42708,25.14361,99.42026
25-1,1783321545.566463,2026-07-06T14:05:45.566463,5.08763,1.27396,6.48145,12.99000,26.34118,5.05667,1.24247,6.28276,12.63000,25.66033,5.03815,1.23637,6.22900,12.23000,25.89204,5.07309,1.17215,5.94645,11.87000,24.02206,24.93966,101.91561
25-1,1783321545.666517,2026-07-06T14:05:45.666517,5.08768,1.27299,6.47655,12.98000,26.98919,5.05147,1.26908,6.41072,12.90000,26.30175,5.02215,1.23637,6.20921,12.23000,26.51330,5.07319,1.17020,5.93666,11.85000,24.61605,25.03314,104.42028
25-1,1783321545.766573,2026-07-06T14:05:45.766573,5.08757,1.27494,6.48636,13.00000,27.63818,5.05547,1.26908,6.41580,12.90000,26.94369,5.02524,1.25248,6.29401,12.39000,27.14305,5.07379,1.15848,5.87789,11.73000,25.20416,25.07406,106.92908
25-1,1783321545.866628,2026-07-06T14:05:45.866628,5.08796,1.26786,6.45082,12.93000,28.28362,5.04711,1.27689,6.44463,12.98000,27.58851,5.02524,1.25248,6.29401,12.39000,27.77279,5.06504,1.17313,5.94196,11.88000,25.79869,25.13142,109.44361
25-1,1783321545.966683,2026-07-06T14:05:45.966683,5.09196,1.26786,6.45589,12.93000,28.92957,5.04836,1.24931,6.30695,12.70000,28.21955,5.02644,1.23124,6.18875,12.18000,28.39201,5.06904,1.17313,5.94666,11.88000,26.39368,24.89825,111.93480
25-1,1783321546.066739,2026-07-06T14:05:46.066739,5.08251,1.29447,6.57917,13.20000,29.58785,5.05524,1.27396,6.44020,12.95000,28.86392,5.02244,1.23124,6.18382,12.18000,29.01073,5.07294,1.17508,5.96114,11.90000,26.99013,25.16433,114.45263
25-1,1783321546.166794,2026-07-06T14:05:46.166794,5.08267,1.29154,6.56448,13.17000,30.24466,5.04724,1.27396,6.43001,12.95000,29.50728,5.03341,1.24955,6.28949,12.36000,29.64003,5.07309,1.17215,5.94645,11.87000,27.58510,25.23043,116.97707
25-1,1783321546.266849,2026-07-06T14:05:46.266849,5.07541,1.27787,6.48572,13.03000,30.89359,5.04316,1.27592,6.43465,12.97000,30.15110,5.03295,1.25761,6.32947,12.44000,30.27333,5.06899,1.17411,5.95155,11.89000,28.18058,25.20139,119.49859
25-1,1783321546.366904,2026-07-06T14:05:46.366904,5.08341,1.27787,6.49595,13.03000,31.54354,5.04360,1.26615,6.38596,12.87000,30.79004,5.01290,1.25858,6.30915,12.45000,30.90459,5.07299,1.17411,5.95624,11.89000,28.77653,25.14730,122.01470
25-1,1783321546.466958,2026-07-06T14:05:46.466958,5.09029,1.29838,6.60913,13.24000,32.20481,5.05542,1.27006,6.42068,12.91000,31.43246,5.02890,1.25858,6.32928,12.45000,31.53786,5.07349,1.16434,5.90728,11.79000,29.36758,25.26637,124.54271
25-1,1783321546.567012,2026-07-06T14:05:46.567012,5.08373,1.27201,6.46657,12.97000,32.85182,5.05942,1.27006,6.42576,12.91000,32.07539,5.01815,1.23637,6.20427,12.23000,32.15862,5.07288,1.17631,5.96726,11.91000,29.96463,25.06386,127.05046
25-1,1783321546.667066,2026-07-06T14:05:46.667066,5.08331,1.27982,6.50574,13.05000,33.50274,5.05533,1.27201,6.43044,12.93000,32.71878,5.01706,1.25565,6.29969,12.42000,32.78893,5.07273,1.17924,5.98195,11.94000,30.56315,25.21782,129.57360
25-1,1783321546.767120,2026-07-06T14:05:46.767120,5.09531,1.27982,6.52110,13.05000,34.15520,5.05507,1.27787,6.45972,12.99000,33.36510,5.01695,1.25761,6.30935,12.44000,33.42021,5.07699,1.17411,5.96094,11.89000,31.15956,25.25111,132.10007
25-1,1783321546.867175,2026-07-06T14:05:46.867175,5.08331,1.27982,6.50574,13.05000,34.80613,5.05196,1.25810,6.35585,12.79000,34.00103,5.02095,1.25761,6.31438,12.44000,34.05199,5.06899,1.17411,5.95155,11.89000,31.75504,25.12752,134.61420
25-1,1783321546.967229,2026-07-06T14:05:46.967229,5.09099,1.28568,6.54540,13.11000,35.46103,5.06396,1.25810,6.37095,12.79000,34.63847,5.02872,1.26176,6.34502,12.48000,34.68684,5.07264,1.18119,5.99174,11.96000,32.35454,25.25311,137.14088
25-1,1783321547.067283,2026-07-06T14:05:47.067283,5.09008,1.30229,6.62874,13.28000,36.12426,5.04733,1.27201,6.42027,12.93000,35.28084,5.02924,1.25248,6.29902,12.39000,35.31708,5.07278,1.17826,5.97705,11.93000,32.95257,25.32508,139.67475
25-1,1783321547.167337,2026-07-06T14:05:47.167337,5.07904,1.28471,6.52508,13.10000,36.77712,5.04680,1.28373,6.47873,13.05000,35.92907,5.02152,1.24760,6.26483,12.34000,35.94390,5.07678,1.17826,5.98176,11.93000,33.55107,25.25040,142.20116
26-1,1783321547.267393,2026-07-06T14:05:47.267393,5.08704,1.28471,6.53536,13.10000,0.65390,5.05720,1.23075,6.22415,12.51000,0.62276,5.02552,1.24760,6.26982,12.34000,0.62733,5.07278,1.17826,5.97705,11.93000,0.59804,25.00638,2.50204
26-1,1783321547.367447,2026-07-06T14:05:47.367447,5.08587,1.30619,6.64312,13.32000,1.31857,5.05320,1.23075,6.21923,12.51000,1.24502,5.02181,1.31327,6.59500,12.99000,1.28719,5.06959,1.24125,6.29262,12.57000,1.22764,25.74997,5.07843
26-1,1783321547.467502,2026-07-06T14:05:47.467502,5.08244,1.36894,6.95755,13.96000,2.01471,5.06004,1.34477,6.80458,13.67000,1.92586,5.03684,1.33036,6.70083,13.16000,1.95764,5.06618,1.30863,6.62977,13.25000,1.89098,27.09273,7.78919
26-1,1783321547.567556,2026-07-06T14:05:47.567556,5.10286,1.14139,5.82436,11.64000,2.59746,5.05329,0.87551,4.42423,8.90000,2.36852,5.06628,0.80886,4.09792,8.00000,2.36765,5.10746,0.80984,4.13622,8.20000,2.30483,18.48273,9.63846
26-1,1783321547.667610,2026-07-06T14:05:47.667610,5.08686,1.14139,5.80610,11.64000,3.17838,5.03191,1.34770,6.78149,13.70000,3.04703,5.00170,1.31523,6.57836,13.01000,3.02585,5.07146,0.80984,4.10707,8.20000,2.71576,23.27302,11.96702
26-1,1783321547.767664,2026-07-06T14:05:47.767664,5.08533,1.31596,6.69209,13.42000,3.84796,5.05106,1.36650,6.90225,13.70000,3.73763,5.02170,1.31523,6.60467,13.01000,3.68667,5.07308,1.25126,6.34774,12.67000,3.35088,26.54675,14.62314
26-1,1783321547.867719,2026-07-06T14:05:47.867719,5.08512,1.31986,6.71167,13.46000,4.51949,5.05106,1.36650,6.90225,13.89000,4.42823,5.02991,1.09891,5.52742,10.87000,4.23971,5.07379,1.00052,5.07643,10.13000,3.85879,24.21777,17.04623
26-1,1783321547.967773,2026-07-06T14:05:47.967773,5.08897,1.24931,6.35768,12.74000,5.15560,5.05723,1.05350,5.32778,10.71000,4.96130,5.02437,1.19706,6.01446,11.84000,4.84148,5.06649,1.14457,5.79894,11.59000,4.43900,23.49886,19.39738
26-1,1783321548.067827,2026-07-06T14:05:48.067827,5.08438,1.26005,6.40657,12.85000,5.79660,5.04938,1.22684,6.19480,12.47000,5.58111,5.02204,1.23832,6.21889,12.25000,5.46371,5.06974,1.15946,5.87815,11.74000,5.02713,24.69841,21.86856
26-1,1783321548.167880,2026-07-06T14:05:48.167880,5.08438,1.26005,6.40657,12.85000,6.43760,5.05573,1.26322,6.38651,12.84000,6.22010,5.03004,1.23832,6.22879,12.25000,6.08692,5.07374,1.15946,5.88279,11.74000,5.61573,24.90466,24.36035
26-1,1783321548.267934,2026-07-06T14:05:48.267934,5.08134,1.24247,6.31341,12.67000,7.06928,5.05573,1.26322,6.38651,12.84000,6.85910,5.02311,1.21928,6.12456,12.06000,6.69970,5.07415,1.15140,5.84238,11.66000,6.20028,24.66686,26.82836
26-1,1783321548.367987,2026-07-06T14:05:48.367987,5.07941,1.27787,6.49083,13.03000,7.71871,5.05205,1.25614,6.34609,12.77000,7.49404,5.02152,1.24760,6.26483,12.34000,7.32652,5.07359,1.16239,5.89748,11.77000,6.79034,24.99923,29.32962
26-1,1783321548.468041,2026-07-06T14:05:48.468041,5.08481,1.25224,6.36738,12.77000,8.35579,5.05263,1.24345,6.28267,12.64000,8.12265,5.02998,1.23930,6.23364,12.26000,7.95022,5.07415,1.15140,5.84238,11.66000,7.37489,24.72607,31.80356
26-1,1783321548.568095,2026-07-06T14:05:48.568095,5.08881,1.25224,6.37239,12.77000,8.99338,5.04764,1.26518,6.38615,12.86000,8.76161,5.02598,1.23930,6.22868,12.26000,8.57343,5.07015,1.15140,5.83778,11.66000,7.95899,24.82500,34.28741
26-1,1783321548.668149,2026-07-06T14:05:48.668149,5.08341,1.27787,6.49595,13.03000,9.64332,5.05564,1.26518,6.39627,12.86000,9.40159,5.02626,1.23441,6.20448,12.21000,9.19421,5.07349,1.16434,5.90728,11.79000,8.55004,25.00398,36.78916
26-1,1783321548.768203,2026-07-06T14:05:48.768203,5.08412,1.26493,6.43106,12.90000,10.28678,5.04863,1.24345,6.27770,12.64000,10.02969,5.02581,1.24247,6.24441,12.29000,9.81899,5.07454,1.14359,5.80319,11.58000,9.13067,24.75636,39.26613
26-1,1783321548.868257,2026-07-06T14:05:48.868257,5.08341,1.27787,6.49595,13.03000,10.93672,5.04778,1.26225,6.37153,12.83000,10.66719,5.02284,1.22416,6.14875,12.11000,10.43420,5.06964,1.16141,5.88794,11.76000,9.71978,24.90417,41.75789
26-1,1783321548.968312,2026-07-06T14:05:48.968312,5.08741,1.27787,6.50106,13.03000,11.58718,5.05586,1.26029,6.37187,12.81000,11.30472,5.02684,1.22416,6.15365,12.11000,11.04990,5.07364,1.16141,5.89259,11.76000,10.30936,24.91917,44.25116
26-1,1783321549.068365,2026-07-06T14:05:49.068365,5.08672,1.29057,6.56475,13.16000,12.24401,5.04786,1.26029,6.36178,12.81000,11.94124,5.02564,1.24540,6.25893,12.32000,11.67612,5.07405,1.15336,5.85218,11.68000,10.89489,25.03764,46.75626
26-1,1783321549.168419,2026-07-06T14:05:49.168419,5.08720,1.28178,6.52066,13.07000,12.89642,5.05160,1.26615,6.39609,12.87000,12.58119,5.02684,1.22416,6.15365,12.11000,12.29182,5.07339,1.16630,5.91707,11.81000,11.48692,24.98747,49.25635
26-1,1783321549.268474,2026-07-06T14:05:49.268474,5.08731,1.27982,6.51086,13.05000,13.54787,5.05182,1.26127,6.37170,12.82000,13.21871,5.02564,1.24540,6.25893,12.32000,12.91806,5.06959,1.16239,5.89283,11.77000,12.07652,25.03432,51.76116
26-1,1783321549.368528,2026-07-06T14:05:49.368528,5.08331,1.27982,6.50574,13.05000,14.19879,5.05160,1.26615,6.39609,12.87000,13.85867,5.02564,1.24540,6.25893,12.32000,13.54429,5.07798,1.15458,5.86292,11.69000,12.66313,25.02368,54.26488
26-1,1783321549.468583,2026-07-06T14:05:49.468583,5.08444,1.25907,6.40167,12.84000,14.83931,5.05160,1.26615,6.39609,12.87000,14.49863,5.02615,1.23637,6.21416,12.23000,14.16605,5.07398,1.15458,5.85830,11.69000,13.24928,24.87022,56.75327
26-1,1783321549.568637,2026-07-06T14:05:49.568637,5.09104,1.28471,6.54049,13.10000,15.49372,5.05164,1.26518,6.39121,12.86000,15.13810,5.02575,1.24345,6.24925,12.30000,14.79131,5.07339,1.16630,5.91707,11.81000,13.84131,25.09802,59.26444
26-1,1783321549.668695,2026-07-06T14:05:49.668695,5.09072,1.29057,6.56991,13.16000,16.15109,5.05129,1.27299,6.43023,12.94000,15.78149,5.01724,1.25248,6.28399,12.39000,15.42007,5.07334,1.16727,5.92197,11.82000,14.43385,25.20610,61.78650
26-1,1783321549.768749,2026-07-06T14:05:49.768749,5.08790,1.26884,6.45572,12.94000,16.79701,5.05164,1.26518,6.39121,12.86000,16.42096,5.02524,1.25248,6.29401,12.39000,16.04981,5.07319,1.17020,5.93666,11.85000,15.02784,25.07760,64.29562
26-1,1783321549.868803,2026-07-06T14:05:49.868803,5.08390,1.26884,6.45065,12.94000,17.44242,5.05564,1.26518,6.39627,12.86000,17.06093,5.02541,1.24955,6.27949,12.36000,16.67810,5.06919,1.17020,5.93198,11.85000,15.62136,25.05839,66.80282
26-1,1783321549.968859,2026-07-06T14:05:49.968859,5.08390,1.26884,6.45065,12.94000,18.08785,5.04742,1.27006,6.41052,12.91000,17.70234,5.02569,1.24442,6.25409,12.31000,17.30386,5.06589,1.15653,5.85885,11.71000,16.20757,24.97411,69.30161
26-1,1783321550.068913,2026-07-06T14:05:50.068913,5.08283,1.28861,6.54980,13.14000,18.74318,5.04742,1.27006,6.41052,12.91000,18.34374,5.02530,1.25150,6.28917,12.38000,17.93312,5.06529,1.16825,5.91752,11.83000,16.79964,25.16701,71.81969
26-1,1783321550.168968,2026-07-06T14:05:50.168968,5.08720,1.28178,6.52066,13.07000,19.39561,5.05596,1.25810,6.36088,12.79000,18.98018,5.02130,1.25150,6.28417,12.38000,18.56188,5.07324,1.16923,5.93176,11.84000,17.39315,25.09747,74.33082
26-1,1783321550.269023,2026-07-06T14:05:50.269023,5.08320,1.28178,6.51553,13.07000,20.04752,5.05196,1.25810,6.35585,12.79000,19.61611,5.02300,1.22123,6.13424,12.08000,19.17564,5.07324,1.16923,5.93176,11.84000,17.98665,24.93738,76.82592
26-1,1783321550.369077,2026-07-06T14:05:50.369077,5.08119,1.17191,5.95470,11.95000,20.64331,5.05508,1.18925,6.01173,12.09000,20.21761,5.02517,1.18290,5.94426,11.70000,19.77039,5.06945,1.08621,5.50651,11.00000,18.53759,23.41720,79.16889
26-1,1783321550.469131,2026-07-06T14:05:50.469131,5.07520,1.28178,6.50528,13.07000,21.29419,5.05129,1.27299,6.43023,12.94000,20.86098,5.03031,1.23344,6.20457,12.20000,20.39118,5.06504,1.17313,5.94196,11.88000,19.13211,25.08204,81.67847
26-1,1783321550.569186,2026-07-06T14:05:50.569186,5.09399,1.15726,5.89508,11.80000,21.88402,5.06123,1.05350,5.33200,10.71000,21.39447,5.02231,1.23344,6.19470,12.20000,21.01099,5.07505,1.05472,5.35275,10.68000,19.66768,22.77453,83.95717
26-1,1783321550.669242,2026-07-06T14:05:50.669242,5.08199,1.15726,5.88119,11.80000,22.47247,5.05323,1.05350,5.32357,10.71000,21.92713,5.03859,0.94510,4.76196,9.35000,21.48745,5.08661,0.82669,4.20502,8.37000,20.08842,20.17174,85.97546
26-1,1783321550.769295,2026-07-06T14:05:50.769295,5.09523,0.84133,4.28679,8.58000,22.90138,5.05626,0.89822,4.54164,9.13000,22.38154,5.04326,0.86233,4.34896,8.53000,21.92258,5.08261,0.82669,4.20172,8.37000,20.50881,17.37911,87.71431
26-1,1783321550.869350,2026-07-06T14:05:50.869350,5.08534,1.24247,6.31838,12.67000,23.53356,5.04072,1.24149,6.25801,12.62000,23.00768,5.01335,1.25053,6.26933,12.37000,22.54986,5.07405,1.15336,5.85218,11.68000,21.09435,24.69790,90.18544
26-1,1783321550.969408,2026-07-06T14:05:50.969408,5.08347,1.27689,6.49105,13.02000,24.18304,5.04347,1.26908,6.40057,12.90000,23.64810,5.02284,1.22416,6.14875,12.11000,23.16509,5.07334,1.16727,5.92197,11.82000,21.68689,24.96234,92.68312
26-1,1783321551.069462,2026-07-06T14:05:51.069462,5.08283,1.28861,6.54980,13.14000,24.83837,5.05947,1.26908,6.42088,12.90000,24.29054,5.02284,1.22416,6.14875,12.11000,23.78030,5.07719,1.17020,5.94134,11.85000,22.28135,25.06077,95.19056
26-1,1783321551.169517,2026-07-06T14:05:51.169517,5.08283,1.28861,6.54980,13.14000,25.49372,5.04720,1.27494,6.43488,12.96000,24.93439,5.02158,1.24638,6.25878,12.33000,24.40652,5.07319,1.17020,5.93666,11.85000,22.87534,25.18012,97.70996
26-1,1783321551.269572,2026-07-06T14:05:51.269572,5.08347,1.27689,6.49105,13.02000,26.14317,5.04841,1.24833,6.30207,12.69000,25.56494,5.02124,1.25248,6.28900,12.39000,25.03576,5.06899,1.17411,5.95155,11.89000,23.47082,25.03367,100.21469
26-1,1783321551.369626,2026-07-06T14:05:51.369626,5.08357,1.27494,6.48126,13.00000,26.79165,5.04729,1.27299,6.42514,12.94000,26.20780,5.01718,1.25346,6.28882,12.40000,25.66498,5.06904,1.17313,5.94666,11.88000,24.06581,25.14188,102.73024
26-1,1783321551.469681,2026-07-06T14:05:51.469681,5.08747,1.27689,6.49616,13.02000,27.44162,5.05129,1.27299,6.43023,12.94000,26.85117,5.02918,1.25346,6.30386,12.40000,26.29572,5.06964,1.16141,5.88794,11.76000,24.65493,25.11819,105.24344
26-1,1783321551.569735,2026-07-06T14:05:51.569735,5.09547,1.27689,6.50637,13.02000,28.09261,5.05933,1.27201,6.43553,12.93000,27.49508,5.01844,1.23124,6.17890,12.18000,26.91394,5.07764,1.16141,5.89723,11.76000,25.24497,25.01803,107.74660
26-1,1783321551.669790,2026-07-06T14:05:51.669790,5.09547,1.27689,6.50637,13.02000,28.74361,5.05924,1.27396,6.44530,12.95000,28.13996,5.01712,1.25468,6.29486,12.41000,27.54377,5.07299,1.17411,5.95624,11.89000,25.84092,25.20277,110.26826
26-1,1783321551.769845,2026-07-06T14:05:51.769845,5.09520,1.28178,6.53091,13.07000,29.39706,5.05111,1.27689,6.44974,12.98000,28.78529,5.02609,1.23734,6.21900,12.24000,28.16601,5.07278,1.17826,5.97705,11.93000,26.43895,25.17670,112.78730
26-1,1783321551.869899,2026-07-06T14:05:51.869899,5.08747,1.27689,6.49616,13.02000,30.04702,5.05511,1.27689,6.45484,12.98000,29.43112,5.03009,1.23734,6.22395,12.24000,28.78875,5.07294,1.17508,5.96114,11.90000,27.03539,25.13609,115.30228
26-1,1783321551.969954,2026-07-06T14:05:51.969954,5.09147,1.27689,6.50126,13.02000,30.69751,5.05516,1.27592,6.44996,12.97000,30.07647,5.01301,1.25663,6.29949,12.43000,29.41904,5.07294,1.17508,5.96114,11.90000,27.63183,25.21185,117.82484
26-1,1783321552.070008,2026-07-06T14:05:52.070008,5.08267,1.29154,6.56448,13.17000,31.35431,5.05542,1.27006,6.42068,12.91000,30.71889,5.01284,1.25956,6.31397,12.46000,30.05078,5.07344,1.16532,5.91217,11.80000,28.22337,25.21130,120.34735
26-1,1783321552.170063,2026-07-06T14:05:52.170063,5.08401,1.26688,6.44085,12.92000,31.99875,5.04707,1.27787,6.44950,12.99000,31.36419,5.02079,1.26054,6.32888,12.47000,30.68402,5.07714,1.17118,5.94624,11.86000,28.81832,25.16547,122.86528
26-1,1783321552.270118,2026-07-06T14:05:52.270118,5.07915,1.28275,6.51529,13.08000,32.65064,5.05107,1.27787,6.45461,12.99000,32.01001,5.02879,1.26054,6.33897,12.47000,31.31826,5.07673,1.17924,5.98666,11.94000,29.41732,25.29553,125.39623
26-1,1783321552.370174,2026-07-06T14:05:52.370174,5.08277,1.28959,6.55469,13.15000,33.30647,5.05111,1.27689,6.44974,12.98000,32.65534,5.02112,1.25468,6.29988,12.41000,31.94860,5.07673,1.17924,5.98666,11.94000,30.01631,25.29097,127.92673
26-1,1783321552.470228,2026-07-06T14:05:52.470228,5.08277,1.28959,6.55469,13.15000,33.96230,5.05120,1.27494,6.43998,12.96000,33.29969,5.02146,1.24857,6.26966,12.35000,32.57591,5.07673,1.17924,5.98666,11.94000,30.61530,25.25099,130.45320
26-1,1783321552.570282,2026-07-06T14:05:52.570282,5.08331,1.27982,6.50574,13.05000,34.61322,5.04329,1.27299,6.42005,12.94000,33.94204,5.02090,1.25858,6.31922,12.45000,33.20817,5.07673,1.17924,5.98666,11.94000,31.21429,25.23167,132.97773
26-1,1783321552.670337,2026-07-06T14:05:52.670337,5.08267,1.29154,6.56448,13.17000,35.27003,5.04729,1.27299,6.42514,12.94000,34.58491,5.02090,1.25858,6.31922,12.45000,33.84044,5.07678,1.17826,5.98176,11.93000,31.81280,25.29060,135.50818
26-1,1783321552.770392,2026-07-06T14:05:52.770392,5.07488,1.28764,6.53460,13.13000,35.92385,5.05094,1.28080,6.46924,13.02000,35.23219,5.02484,1.25956,6.32909,12.46000,34.47370,5.07659,1.18216,6.00136,11.97000,32.41327,25.33429,138.04300
26-1,1783321552.870447,2026-07-06T14:05:52.870447,5.09088,1.28764,6.55520,13.13000,36.57973,5.05098,1.27982,6.46437,13.01000,35.87898,5.02479,1.26054,6.33393,12.47000,35.10744,5.07659,1.18216,6.00136,11.97000,33.01373,25.35486,140.57989
26-1,1783321552.970502,2026-07-06T14:05:52.970502,5.08693,1.28666,6.54515,13.12000,37.23461,5.05085,1.28275,6.47899,13.04000,36.52724,5.02444,1.26664,6.36416,12.53000,35.74421,5.06859,1.18216,5.99190,11.97000,33.61325,25.38020,143.11930
27-1,1783321553.070556,2026-07-06T14:05:53.070556,5.08693,1.28666,6.54515,13.12000,0.65487,5.05085,1.28275,6.47899,13.04000,0.64825,5.02444,1.26664,6.36416,12.53000,0.63676,5.06864,1.18119,5.98701,11.96000,0.59903,25.37531,2.53891
27-1,1783321553.170613,2026-07-06T14:05:53.170613,5.07696,1.32279,6.71578,13.49000,1.32683,5.05583,1.17264,5.92869,11.92000,1.24146,5.03511,1.14847,5.78269,11.36000,1.21536,5.06953,1.24247,6.29874,12.58000,1.22926,24.72590,5.01290
27-1,1783321553.270667,2026-07-06T14:05:53.270667,5.08496,1.32279,6.72636,13.49000,1.99983,5.04826,1.33988,6.76409,13.62000,1.91823,5.02604,1.30912,6.57970,12.95000,1.87368,5.06953,1.24247,6.29874,12.58000,1.85947,26.36889,7.65122
27-1,1783321553.370725,2026-07-06T14:05:53.370725,5.08975,1.38163,7.03217,14.09000,2.70345,5.06270,0.93265,4.72170,9.48000,2.39067,5.04110,0.90066,4.54033,8.91000,2.32798,5.07868,1.29862,6.59530,13.15000,2.51938,22.88950,9.94149
27-1,1783321553.470779,2026-07-06T14:05:53.470779,5.10392,1.12186,5.72589,11.44000,3.27635,5.05870,0.93265,4.71797,9.48000,2.86272,5.04110,0.90066,4.54033,8.91000,2.78226,5.07587,0.80178,4.06974,8.12000,2.92658,19.05393,11.84790
27-1,1783321553.570833,2026-07-06T14:05:53.570833,5.07355,1.31205,6.65676,13.38000,3.94239,5.04822,1.34086,6.76896,13.63000,3.53999,5.01844,1.30204,6.53422,12.88000,3.43603,5.05338,1.24540,6.29348,12.61000,3.55627,26.25342,14.47468
27-1,1783321553.670888,2026-07-06T14:05:53.670888,5.08555,1.31205,6.67250,13.38000,4.61001,5.04773,1.35160,6.82253,13.74000,4.22262,5.01759,1.31718,6.60906,13.03000,4.09731,5.07209,1.19193,6.04558,12.07000,4.16116,26.14967,17.09109
27-1,1783321553.770943,2026-07-06T14:05:53.770943,5.07866,1.36503,6.93253,13.92000,5.30364,5.08213,0.85696,4.35518,8.71000,4.65837,5.06560,0.82083,4.15798,8.12000,4.51333,5.07209,1.19193,6.04558,12.07000,4.76604,21.49127,19.24138
27-1,1783321553.870999,2026-07-06T14:05:53.870999,5.09335,1.16898,5.95403,11.92000,5.89937,5.05413,0.85696,4.33118,8.71000,5.09173,5.02960,0.82083,4.12843,8.12000,4.92640,5.08200,0.99637,5.06355,10.09000,5.27268,19.47719,21.19019
27-1,1783321553.971053,2026-07-06T14:05:53.971053,5.08186,1.37968,7.01134,14.07000,6.60089,5.05146,1.35746,6.85718,13.80000,5.77783,5.02501,1.32743,6.67036,13.13000,5.59380,5.06634,1.30546,6.61390,13.22000,5.93443,27.15278,23.90695
27-1,1783321554.071108,2026-07-06T14:05:54.071108,5.11912,0.84329,4.31689,8.60000,7.03281,5.07217,0.90017,4.56584,9.15000,6.23466,5.05217,0.84622,4.27523,8.37000,6.02156,5.11486,0.74270,3.79880,7.52000,6.31452,16.95676,25.60356
27-1,1783321554.171164,2026-07-06T14:05:54.171164,5.09512,0.84329,4.29665,8.60000,7.46272,5.06435,0.89627,4.53901,9.11000,6.68882,5.04320,0.86331,4.35384,8.54000,6.45719,5.08686,0.74270,3.77800,7.52000,6.69253,16.96750,27.30126
27-1,1783321554.271219,2026-07-06T14:05:54.271219,5.09398,0.93753,4.77575,9.56000,7.94055,5.05635,0.89627,4.53184,9.11000,7.14225,5.03120,0.86331,4.34348,8.54000,6.89177,5.08786,0.88089,4.48182,8.92000,7.14096,18.13289,29.11553
27-1,1783321554.371274,2026-07-06T14:05:54.371274,5.07734,1.24247,6.30844,12.67000,8.57175,5.06129,1.22880,6.21930,12.49000,7.76452,5.03809,1.23734,6.23385,12.24000,7.51551,5.07520,1.13065,5.73827,11.45000,7.71511,24.49986,31.56689
27-1,1783321554.471329,2026-07-06T14:05:54.471329,5.10691,0.84719,4.32654,8.64000,9.00464,5.07635,0.89627,4.54977,9.11000,8.21975,5.04326,0.86233,4.34896,8.53000,7.95064,5.09465,0.82571,4.20670,8.36000,8.13601,17.43197,33.31103
27-1,1783321554.571383,2026-07-06T14:05:54.571383,5.09491,0.84719,4.31637,8.64000,9.43651,5.05879,1.01907,5.15528,10.36000,8.73556,5.03732,0.96756,4.87390,9.57000,8.43830,5.08665,0.82571,4.20010,8.36000,8.55625,18.54565,35.16661
27-1,1783321554.671438,2026-07-06T14:05:54.671438,5.09030,1.22489,6.23506,12.49000,10.06036,5.05879,1.01907,5.15528,10.36000,9.25137,5.02609,1.23734,6.21900,12.24000,9.06054,5.07520,1.13065,5.73827,11.45000,9.13039,23.34761,37.50265
27-1,1783321554.771493,2026-07-06T14:05:54.771493,5.08849,1.25810,6.40181,12.83000,10.70089,5.05560,1.26615,6.40116,12.87000,9.89183,5.03009,1.23734,6.22395,12.24000,9.68327,5.07369,1.16044,5.88769,11.75000,9.71948,24.91461,39.99547
27-1,1783321554.871548,2026-07-06T14:05:54.871548,5.08373,1.27201,6.46657,12.97000,11.34790,5.05582,1.26127,6.37675,12.82000,10.52986,5.02964,1.24540,6.26391,12.32000,10.31001,5.07359,1.16239,5.89748,11.77000,10.30955,25.00471,42.49732
27-1,1783321554.971603,2026-07-06T14:05:54.971603,5.08773,1.27201,6.47165,12.97000,11.99543,5.05196,1.25810,6.35585,12.79000,11.16579,5.02986,1.24149,6.24454,12.28000,10.93480,5.07759,1.16239,5.90213,11.77000,10.90009,24.97417,44.99611
27-1,1783321555.071658,2026-07-06T14:05:55.071658,5.08438,1.26005,6.40657,12.85000,12.63643,5.05596,1.25810,6.36088,12.79000,11.80223,5.02581,1.24247,6.24441,12.29000,11.55959,5.07359,1.16239,5.89748,11.77000,11.49016,24.90934,47.48842
27-1,1783321555.171713,2026-07-06T14:05:55.171713,5.08704,1.28471,6.53536,13.10000,13.29033,5.05178,1.26225,6.37658,12.83000,12.44024,5.02981,1.24247,6.24938,12.29000,12.18487,5.06949,1.16434,5.90262,11.79000,12.08075,25.06394,49.99619
27-1,1783321555.271767,2026-07-06T14:05:55.271767,5.08822,1.26298,6.42632,12.88000,13.93331,5.05236,1.24931,6.31194,12.70000,13.07178,5.02164,1.24540,6.25395,12.32000,12.81060,5.07049,1.14457,5.80351,11.59000,12.66141,24.79572,52.47711
27-1,1783321555.371822,2026-07-06T14:05:55.371822,5.08709,1.28373,6.53046,13.09000,14.58672,5.04764,1.26518,6.38615,12.86000,13.71075,5.02175,1.24345,6.24428,12.30000,13.43538,5.06939,1.16630,5.91241,11.81000,13.25298,25.07330,54.98582
27-1,1783321555.471877,2026-07-06T14:05:55.471877,5.08709,1.28373,6.53046,13.09000,15.24012,5.05564,1.26518,6.39627,12.86000,14.35072,5.02746,1.21317,6.09917,12.00000,14.04563,5.07339,1.16630,5.91707,11.81000,13.84501,24.94297,57.48147
27-1,1783321555.571933,2026-07-06T14:05:55.571933,5.08773,1.27201,6.47165,12.97000,15.88764,5.05160,1.26615,6.39609,12.87000,14.99069,5.03146,1.21317,6.10402,12.00000,14.65637,5.06944,1.16532,5.90751,11.80000,14.43609,24.87927,59.97079
27-1,1783321555.671989,2026-07-06T14:05:55.671989,5.08773,1.27201,6.47165,12.97000,16.53517,5.05254,1.24540,6.29243,12.66000,15.62028,5.02564,1.24540,6.25893,12.32000,15.28261,5.06939,1.16630,5.91241,11.81000,15.02766,24.93542,62.46573
27-1,1783321555.772043,2026-07-06T14:05:55.772043,5.08892,1.25028,6.36258,12.75000,17.17178,5.05164,1.26518,6.39121,12.86000,16.25975,5.02552,1.24760,6.26982,12.34000,15.90994,5.07439,1.14652,5.81789,11.61000,15.60977,24.84150,64.95124
27-1,1783321555.872098,2026-07-06T14:05:55.872098,5.08892,1.25028,6.36258,12.75000,17.80839,5.05564,1.26518,6.39627,12.86000,16.89973,5.02666,1.22733,6.16938,12.14000,16.52722,5.07439,1.14652,5.81789,11.61000,16.19188,24.74612,67.42721
27-1,1783321555.972154,2026-07-06T14:05:55.972154,5.07963,1.27396,6.47126,12.99000,18.45587,5.05178,1.26225,6.37658,12.83000,17.53775,5.02666,1.22733,6.16938,12.14000,17.14450,5.06919,1.17020,5.93198,11.85000,16.78541,24.94920,69.92352
27-1,1783321556.072209,2026-07-06T14:05:56.072209,5.07963,1.27396,6.47126,12.99000,19.10336,5.05151,1.26811,6.40585,12.89000,18.17868,5.02946,1.24857,6.27965,12.35000,17.77281,5.06939,1.16630,5.91241,11.81000,17.37697,25.06917,72.43182
27-1,1783321556.172264,2026-07-06T14:05:56.172264,5.08320,1.28178,6.51553,13.07000,19.75527,5.04845,1.24735,6.29720,12.68000,18.80875,5.03026,1.23441,6.20942,12.21000,18.39409,5.07719,1.17020,5.94134,11.85000,17.97144,24.96349,74.92955
27-1,1783321556.272318,2026-07-06T14:05:56.272318,5.09120,1.28178,6.52578,13.07000,20.40820,5.05645,1.24735,6.30718,12.68000,19.43981,5.02837,1.19706,6.01925,11.84000,18.99634,5.07719,1.17020,5.94134,11.85000,18.56589,24.79355,77.41023
27-1,1783321556.372374,2026-07-06T14:05:56.372374,5.08773,1.27201,6.47165,12.97000,21.05572,5.04872,1.24149,6.26794,12.62000,20.06695,5.02837,1.19706,6.01925,11.84000,19.59860,5.06949,1.16434,5.90262,11.79000,19.15648,24.66146,79.87775
27-1,1783321556.472429,2026-07-06T14:05:56.472429,5.08773,1.27201,6.47165,12.97000,21.70324,5.04738,1.27103,6.41539,12.92000,20.70884,5.02518,1.25346,6.29885,12.40000,20.22883,5.06914,1.17118,5.93687,11.86000,19.75049,25.12276,82.39141
27-1,1783321556.572484,2026-07-06T14:05:56.572484,5.07947,1.27689,6.48594,13.02000,22.35219,5.05164,1.26518,6.39121,12.86000,21.34831,5.02609,1.23734,6.21900,12.24000,20.85107,5.06909,1.17215,5.94176,11.87000,20.34499,25.03791,84.89657
27-1,1783321556.672538,2026-07-06T14:05:56.672538,5.08422,1.26298,6.42126,12.88000,22.99467,5.05564,1.26518,6.39627,12.86000,21.98829,5.02935,1.25053,6.28934,12.37000,21.48035,5.07369,1.16044,5.88769,11.75000,20.93408,24.99456,87.39739
27-1,1783321556.772592,2026-07-06T14:05:56.772592,5.08822,1.26298,6.42632,12.88000,23.63765,5.04751,1.26811,6.40077,12.89000,22.62871,5.02135,1.25053,6.27933,12.37000,22.10862,5.07369,1.16044,5.88769,11.75000,21.52317,24.99411,89.89816
27-1,1783321556.872646,2026-07-06T14:05:56.872646,5.08741,1.27787,6.50106,13.03000,24.28811,5.05124,1.27396,6.43511,12.95000,23.27257,5.02512,1.25468,6.30490,12.41000,22.73945,5.07299,1.17411,5.95624,11.89000,22.11912,25.19731,92.41925
27-1,1783321556.972702,2026-07-06T14:05:56.972702,5.08966,1.23661,6.29393,12.61000,24.91785,5.05396,1.21390,6.13503,12.34000,23.88641,5.02855,1.19388,6.00350,11.81000,23.34014,5.07549,1.12479,5.70887,11.39000,22.69032,24.14133,94.83472
27-1,1783321557.072758,2026-07-06T14:05:57.072758,5.07909,1.28373,6.52019,13.09000,25.57024,5.05232,1.25028,6.31682,12.34000,24.51845,5.03364,1.24540,6.26889,12.32000,23.96738,5.07314,1.17118,5.94156,11.86000,23.28481,25.04746,97.34088
27-1,1783321557.172814,2026-07-06T14:05:57.172814,5.08709,1.28373,6.53046,13.09000,26.22364,5.04832,1.25028,6.31182,12.71000,25.14999,5.02564,1.24540,6.25893,12.32000,24.59362,5.06914,1.17118,5.93687,11.86000,23.87883,25.03808,99.84608
27-1,1783321557.272869,2026-07-06T14:05:57.272869,5.07552,1.27592,6.47594,13.01000,26.87160,5.04747,1.26908,6.40565,12.90000,25.79091,5.02964,1.24540,6.26391,12.32000,25.22036,5.06909,1.17215,5.94176,11.87000,24.47334,25.08726,102.35620
27-1,1783321557.372924,2026-07-06T14:05:57.372924,5.07488,1.28764,6.53460,13.13000,27.52542,5.04716,1.27592,6.43976,12.97000,26.43524,5.02906,1.25565,6.31476,12.42000,25.85218,5.06888,1.17631,5.96255,11.91000,25.06992,25.25167,104.88276
27-1,1783321557.472978,2026-07-06T14:05:57.472978,5.08741,1.27787,6.50106,13.03000,28.17587,5.05564,1.26518,6.39627,12.86000,27.07521,5.01701,1.25663,6.30452,12.43000,26.48298,5.07304,1.17313,5.95135,11.88000,25.66538,25.15320,107.39944
27-1,1783321557.573035,2026-07-06T14:05:57.573035,5.09141,1.27787,6.50617,13.03000,28.82686,5.04764,1.26518,6.38615,12.86000,27.71418,5.02501,1.25663,6.31457,12.43000,27.11479,5.07704,1.17313,5.95604,11.88000,26.26131,25.16293,109.91714
27-1,1783321557.673090,2026-07-06T14:05:57.673090,5.08763,1.27396,6.48145,12.99000,29.47536,5.05529,1.27299,6.43532,12.94000,28.35807,5.03015,1.23637,6.21911,12.23000,27.73704,5.07319,1.17020,5.93666,11.85000,26.85531,25.07254,112.42579
27-1,1783321557.773146,2026-07-06T14:05:57.773146,5.08715,1.28275,6.52556,13.08000,30.12828,5.05502,1.27885,6.46461,13.00000,29.00490,5.02906,1.25565,6.31476,12.42000,28.36887,5.07678,1.17826,5.98176,11.93000,27.45382,25.28669,114.95588
27-1,1783321557.873200,2026-07-06T14:05:57.873200,5.08336,1.27885,6.50084,13.04000,30.77872,5.04298,1.27982,6.45413,13.01000,29.65066,5.01695,1.25761,6.30935,12.44000,29.00015,5.07673,1.17924,5.98666,11.94000,28.05281,25.25098,117.48233
27-1,1783321557.973255,2026-07-06T14:05:57.973255,5.08736,1.27885,6.50596,13.04000,31.42967,5.06698,1.27982,6.48484,13.01000,30.29950,5.04881,0.90579,4.57316,8.96000,29.45772,5.08381,0.88186,4.48322,8.93000,28.50138,22.04718,119.68826
27-1,1783321558.073310,2026-07-06T14:05:58.073310,5.08960,0.94436,4.80644,9.63000,31.91058,5.06030,0.89724,4.54033,9.12000,30.75378,5.04081,0.90579,4.56591,8.96000,29.91456,5.07981,0.88186,4.47969,8.93000,28.94959,18.39237,121.52851
27-1,1783321558.173364,2026-07-06T14:05:58.173364,5.08333,0.83938,4.26685,8.56000,32.33750,5.06035,0.89627,4.53542,9.11000,31.20757,5.03120,0.86331,4.34348,8.54000,30.34914,5.07461,0.82669,4.19510,8.37000,29.36933,17.34085,123.26354
27-1,1783321558.273420,2026-07-06T14:05:58.273420,5.05947,1.27689,6.46040,13.02000,32.98389,5.05142,1.27006,6.41560,12.91000,31.84948,5.00884,1.25956,6.30893,12.46000,30.98038,5.05694,1.17508,5.94234,11.90000,29.96389,25.12727,125.77766
27-1,1783321558.373474,2026-07-06T14:05:58.373474,5.09024,1.29936,6.61403,13.25000,33.64566,5.05542,1.27006,6.42068,12.91000,32.49190,5.02598,1.23930,6.22868,12.26000,31.60359,5.07273,1.17924,5.98195,11.94000,30.56242,25.24534,128.30357
28-1,1783321558.473530,2026-07-06T14:05:58.473530,5.09424,1.29936,6.61923,13.25000,0.66229,5.05107,1.27787,6.45461,12.99000,0.64582,5.02598,1.23930,6.22868,12.26000,0.62322,5.07673,1.17924,5.98666,11.94000,0.59900,25.28918,2.53033
28-1,1783321558.573586,2026-07-06T14:05:58.573586,5.08533,1.31596,6.69209,13.42000,1.33187,5.04839,1.33695,6.74947,13.59000,1.32114,5.01786,1.31230,6.58492,12.98000,1.28208,5.07369,1.23930,6.28780,12.55000,1.22813,26.31428,5.16323
28-1,1783321558.673641,2026-07-06T14:05:58.673641,5.08592,1.30522,6.63822,13.31000,1.99607,5.05222,1.34086,6.77432,13.63000,1.99895,5.01673,1.33232,6.68388,13.18000,1.95083,5.07364,1.24027,6.29270,12.56000,1.85775,26.38912,7.80360
28-1,1783321558.773698,2026-07-06T14:05:58.773698,5.09767,1.16312,5.92921,11.86000,2.58932,5.04822,1.34086,6.76896,13.63000,2.67623,5.06571,0.81887,4.14817,8.10000,2.36588,5.10376,0.80398,4.10332,8.14000,2.26831,20.94966,9.89975
28-1,1783321558.873752,2026-07-06T14:05:58.873752,5.08567,1.16312,5.91525,11.86000,3.18117,5.06305,1.01321,5.12996,10.30000,3.18950,5.02971,0.81887,4.11869,8.10000,2.77798,5.07576,0.80398,4.08080,8.14000,2.67661,19.24470,11.82526
28-1,1783321558.973807,2026-07-06T14:05:58.973807,5.08476,1.25321,6.37228,12.78000,3.81874,5.05223,1.25224,6.32658,12.73000,3.82251,5.02404,1.20292,6.04350,11.90000,3.38266,5.07019,1.15043,5.83288,11.65000,3.26022,24.57524,14.28414
28-1,1783321559.073862,2026-07-06T14:05:59.073862,5.08454,1.25712,6.39187,12.82000,4.45828,5.05218,1.25321,6.33146,12.74000,4.45601,5.02186,1.24149,6.23460,12.28000,4.00646,5.07024,1.14945,5.82799,11.64000,3.84334,24.78592,16.76409
28-1,1783321559.173917,2026-07-06T14:05:59.173917,5.08854,1.25712,6.39690,12.82000,5.09833,5.05618,1.25321,6.33647,12.74000,5.09000,5.02615,1.23637,6.21416,12.23000,4.62822,5.06989,1.15653,5.86347,11.71000,4.43001,24.81100,19.24656
28-1,1783321559.273972,2026-07-06T14:05:59.273972,5.08854,1.25712,6.39690,12.82000,5.73837,5.05285,1.23856,6.25827,12.59000,5.71617,5.02615,1.23637,6.21416,12.23000,5.24998,5.07079,1.13871,5.77414,11.53000,5.00775,24.64347,21.71227
28-1,1783321559.374027,2026-07-06T14:05:59.374027,5.08908,1.24735,6.34787,12.72000,6.37350,5.05201,1.25712,6.35097,12.78000,6.35162,5.02837,1.19706,6.01925,11.84000,5.85224,5.07479,1.13871,5.77870,11.53000,5.58593,24.49679,24.16329
28-1,1783321559.474081,2026-07-06T14:05:59.474081,5.08747,1.27689,6.49616,13.02000,7.02347,5.05601,1.25712,6.35600,12.78000,6.98756,5.02604,1.23832,6.22384,12.25000,6.47496,5.06579,1.15848,5.86863,11.73000,6.17311,24.94463,26.65911
28-1,1783321559.574135,2026-07-06T14:05:59.574135,5.08918,1.24540,6.33807,12.70000,7.65762,5.04801,1.25712,6.34594,12.78000,7.62250,5.03484,1.22416,6.16344,12.11000,7.09163,5.06659,1.14261,5.78915,11.57000,6.75234,24.63660,29.12410
29-1,1783321559.674190,2026-07-06T14:05:59.674190,5.09078,1.21610,6.19091,12.40000,0.61943,5.04948,1.22465,6.18383,12.45000,0.61872,5.03084,1.22416,6.15854,12.11000,0.61619,5.06974,1.15946,5.87815,11.74000,0.58814,24.41143,2.44249
29-1,1783321559.774245,2026-07-06T14:05:59.774245,5.09078,1.21610,6.19091,12.40000,1.23886,5.04426,1.33988,6.75873,13.62000,1.29497,5.02215,1.30717,6.56480,12.93000,1.27303,5.07374,1.15946,5.88279,11.74000,1.17674,25.39723,4.98360
29-1,1783321559.874300,2026-07-06T14:05:59.874300,5.09012,1.37480,6.99789,14.02000,1.93903,5.06876,0.88723,4.49717,9.02000,1.74493,5.02946,1.17777,5.92354,11.65000,1.86571,5.08244,1.30351,6.62499,13.20000,1.83960,24.04359,7.38928
29-1,1783321559.974354,2026-07-06T14:05:59.974354,5.11928,0.84036,4.30202,8.57000,2.36947,5.06476,0.88723,4.49362,9.02000,2.19454,5.04726,0.86233,4.35241,8.53000,2.30119,5.11086,0.74270,3.79583,7.52000,2.21939,16.94388,9.08458
29-1,1783321560.074407,2026-07-06T14:06:00.074407,5.08794,0.97488,4.96015,9.94000,2.86575,5.05630,0.89724,4.53674,9.12000,2.64845,5.04326,0.86233,4.34896,8.53000,2.73632,5.07825,0.91263,4.63454,9.24000,2.68309,18.48039,10.93361
29-1,1783321560.174462,2026-07-06T14:06:00.174462,5.09594,0.97488,4.96795,9.94000,3.36281,5.04366,1.17655,5.93411,11.96000,3.24218,5.02625,1.09281,5.49272,10.81000,3.28589,5.08225,0.91263,4.63819,9.24000,3.14716,21.03297,13.03805
29-1,1783321560.274516,2026-07-06T14:06:00.274516,5.08966,1.23661,6.29393,12.61000,3.99255,5.04858,1.24442,6.28257,12.65000,3.87078,5.01815,1.23637,6.20427,12.23000,3.90665,5.07525,1.12967,5.73337,11.44000,3.72081,24.51414,15.49078
29-1,1783321560.374570,2026-07-06T14:06:00.374570,5.08828,1.26200,6.42141,12.87000,4.63504,5.05258,1.24442,6.28755,12.65000,4.49988,5.03015,1.23637,6.21911,12.23000,4.52890,5.07389,1.15653,5.86810,11.71000,4.30794,24.79617,17.97175
29-1,1783321560.474625,2026-07-06T14:06:00.474625,5.08768,1.27299,6.47655,12.98000,5.28305,5.05614,1.25419,6.34135,12.75000,5.13436,5.02215,1.23637,6.20921,12.23000,5.15016,5.07810,1.15238,5.85189,11.67000,4.89345,24.87900,20.46101
29-1,1783321560.574679,2026-07-06T14:06:00.574679,5.08368,1.27299,6.47146,12.98000,5.93054,5.05632,1.25028,6.32182,12.71000,5.76688,5.02364,1.21000,6.07859,11.97000,5.75835,5.06989,1.15653,5.86347,11.67000,5.48011,24.73534,22.93588
29-1,1783321560.674733,2026-07-06T14:06:00.674733,5.08352,1.27592,6.48615,13.01000,6.57951,5.05298,1.23563,6.24363,12.56000,6.39159,5.02204,1.23832,6.21889,12.25000,6.38057,5.07389,1.15653,5.86810,11.71000,6.06724,24.81677,25.41891
29-1,1783321560.774787,2026-07-06T14:06:00.774787,5.08476,1.25321,6.37228,12.78000,7.21708,5.05298,1.23563,6.24363,12.56000,7.01629,5.03031,1.23344,6.20457,12.20000,7.00137,5.07005,1.15336,5.84757,11.68000,6.65231,24.66805,27.88705
29-1,1783321560.874841,2026-07-06T14:06:00.874841,5.08433,1.26102,6.41147,12.86000,7.85858,5.05601,1.25712,6.35600,12.78000,7.65223,5.02631,1.23344,6.19964,12.20000,7.62167,5.06979,1.15848,5.87326,11.73000,7.23996,24.84037,30.37243
30-1,1783321560.974897,2026-07-06T14:06:00.974897,5.08834,1.18754,6.04259,12.11000,0.60460,5.05672,1.24149,6.27788,12.62000,0.62814,5.03511,1.21928,6.13919,12.06000,0.61426,5.07569,1.12088,5.68926,11.35000,0.56924,24.14892,2.41624
30-1,1783321561.074952,2026-07-06T14:06:01.074952,5.09234,1.18754,6.04734,12.11000,1.20966,5.04408,1.34379,6.77819,13.66000,1.30633,5.03193,1.27567,6.41910,12.62000,1.25652,5.06769,1.12088,5.68029,11.35000,1.13758,24.92492,4.91009
30-1,1783321561.175006,2026-07-06T14:06:01.175006,5.08960,1.31108,6.67285,13.37000,1.87731,5.05208,1.34379,6.78894,13.66000,1.98559,5.01821,1.37700,6.91005,13.62000,1.94790,5.07759,1.24125,6.30255,12.57000,1.76818,26.67439,7.57899
30-1,1783321561.275060,2026-07-06T14:06:01.275060,5.09703,1.17484,5.98820,11.98000,2.47645,5.05313,1.14408,5.78117,11.63000,2.56402,5.03421,1.37700,6.93209,13.62000,2.64148,5.09976,0.80398,4.10010,8.14000,2.17841,22.80156,9.86036
30-1,1783321561.375114,2026-07-06T14:06:01.375114,5.08444,1.25907,6.40167,12.84000,3.11697,5.04938,1.22684,6.19480,12.47000,3.18384,5.03819,0.95218,4.79725,9.42000,3.12147,5.05844,1.14554,5.79466,11.60000,2.75819,23.18838,12.18047
30-1,1783321561.475168,2026-07-06T14:06:01.475168,5.08044,1.25907,6.39663,12.84000,3.75697,5.05245,1.24735,6.30219,12.68000,3.81439,5.02631,1.23344,6.19964,12.20000,3.74177,5.07444,1.14554,5.81299,11.60000,3.33980,24.71145,14.65294
30-1,1783321561.575222,2026-07-06T14:06:01.575222,5.08357,1.27494,6.48126,13.00000,4.40545,5.05245,1.24735,6.30219,12.68000,4.44495,5.02809,1.20194,6.04347,11.89000,4.34644,5.06998,1.15458,5.85368,11.69000,3.92549,24.68060,17.12233
30-1,1783321561.675277,2026-07-06T14:06:01.675277,5.08556,1.23856,6.29878,12.63000,5.03567,5.05610,1.25517,6.34624,12.76000,5.07992,5.02581,1.24247,6.24441,12.29000,4.97122,5.07094,1.13578,5.75945,11.50000,4.50175,24.64888,19.58856
30-1,1783321561.775331,2026-07-06T14:06:01.775331,5.08320,1.28178,6.51553,13.07000,5.68758,5.05658,1.24442,6.29253,12.65000,5.70952,5.02981,1.24247,6.24938,12.29000,5.59650,5.06979,1.15848,5.87326,11.73000,5.08940,24.93070,22.08300
30-1,1783321561.875386,2026-07-06T14:06:01.875386,5.08720,1.28178,6.52066,13.07000,6.34000,5.04872,1.24149,6.26794,12.62000,6.33665,5.02631,1.23344,6.19964,12.20000,6.21680,5.07379,1.15848,5.87789,11.73000,5.67750,24.86613,24.57096
30-1,1783321561.975440,2026-07-06T14:06:01.975440,5.08492,1.25028,6.35758,12.75000,6.97610,5.05272,1.24149,6.27291,12.62000,6.96429,5.02764,1.21000,6.08343,11.97000,6.82548,5.07479,1.13871,5.77870,11.53000,6.25569,24.49262,27.02155
30-1,1783321562.075495,2026-07-06T14:06:02.075495,5.08786,1.19633,6.08674,12.20000,7.58511,5.04321,1.18632,5.98284,12.06000,7.56290,5.02398,1.20389,6.04834,11.91000,7.43064,5.07299,1.09525,5.55619,11.09000,6.81161,23.67411,29.39026
30-1,1783321562.175548,2026-07-06T14:06:02.175548,5.07947,1.27689,6.48594,13.02000,8.23405,5.04005,1.25614,6.33102,12.77000,8.19634,5.02798,1.20389,6.05316,11.91000,8.03628,5.06984,1.15751,5.86837,11.72000,7.39876,24.73849,31.86543
30-1,1783321562.275602,2026-07-06T14:06:02.275602,5.08747,1.27689,6.49616,13.02000,8.88402,5.05241,1.24833,6.30707,12.69000,8.82739,5.02609,1.23734,6.21900,12.24000,8.65852,5.07084,1.13773,5.76925,11.52000,7.97600,24.79148,34.34592
30-1,1783321562.375656,2026-07-06T14:06:02.375656,5.08822,1.26298,6.42632,12.88000,9.52700,5.05241,1.24833,6.30707,12.69000,9.45843,5.02689,1.22318,6.14881,12.10000,9.27373,5.07084,1.13773,5.76925,11.52000,8.55323,24.65145,36.81240
30-1,1783321562.475711,2026-07-06T14:06:02.475711,5.08741,1.27787,6.50106,13.03000,10.17746,5.05610,1.25517,6.34624,12.76000,10.09340,5.02575,1.24345,6.24925,12.30000,9.89900,5.07374,1.15946,5.88279,11.74000,9.14183,24.97934,39.31169
30-1,1783321562.575764,2026-07-06T14:06:02.575764,5.08828,1.26200,6.42141,12.87000,10.81994,5.05591,1.25932,6.36698,12.80000,10.73044,5.02975,1.24345,6.25422,12.30000,10.52475,5.07449,1.14457,5.80809,11.59000,9.72295,24.85070,41.79809
30-1,1783321562.675819,2026-07-06T14:06:02.675819,5.09078,1.21610,6.19091,12.40000,11.43937,5.05325,1.22977,6.21435,12.50000,11.35222,5.03009,1.23734,6.22395,12.24000,11.14749,5.07619,1.11112,5.64024,11.25000,10.28729,24.26945,44.22636
30-1,1783321562.775873,2026-07-06T14:06:02.775873,5.08278,1.21610,6.18118,12.40000,12.05782,5.04925,1.22977,6.20943,12.50000,11.97350,5.03004,1.23832,6.22879,12.25000,11.77070,5.06819,1.11112,5.63135,11.25000,10.85072,24.25075,46.65275
30-1,1783321562.875927,2026-07-06T14:06:02.875927,5.08347,1.27689,6.49105,13.02000,12.70728,5.05302,1.23466,6.23875,12.55000,12.59771,5.02198,1.23930,6.22372,12.26000,12.39341,5.06969,1.16044,5.88305,11.75000,11.43935,24.83657,49.13775
30-1,1783321562.975982,2026-07-06T14:06:02.975982,5.08320,1.28178,6.51553,13.07000,13.35919,5.05173,1.26322,6.38146,12.84000,13.23620,5.02998,1.23930,6.23364,12.26000,13.01712,5.06949,1.16434,5.90262,11.79000,12.02993,25.03325,51.64244
30-1,1783321563.076035,2026-07-06T14:06:03.076035,5.09217,1.26395,6.43627,12.89000,14.00316,5.05254,1.24540,6.29243,12.66000,13.86578,5.02604,1.23832,6.22384,12.25000,13.63984,5.07374,1.15946,5.88279,11.74000,12.61853,24.83533,54.12731
30-1,1783321563.176090,2026-07-06T14:06:03.176090,5.08417,1.26395,6.42616,12.89000,14.64613,5.04854,1.24540,6.28745,12.66000,14.49487,5.02575,1.24345,6.24925,12.30000,14.26510,5.06974,1.15946,5.87815,11.74000,13.20667,24.84101,56.61278
30-1,1783321563.276144,2026-07-06T14:06:03.276144,5.08412,1.26493,6.43106,12.90000,15.28958,5.05178,1.26225,6.37658,12.83000,15.13288,5.02569,1.24442,6.25409,12.31000,14.89085,5.06549,1.16434,5.89796,11.79000,13.79678,24.95969,59.11009
30-1,1783321563.376198,2026-07-06T14:06:03.376198,5.08401,1.26688,6.44085,12.92000,15.93402,5.05218,1.25321,6.33146,12.74000,15.76636,5.02569,1.24442,6.25409,12.31000,15.51660,5.07424,1.14945,5.83259,11.64000,14.38035,24.85899,61.59733
30-1,1783321563.476253,2026-07-06T14:06:03.476253,5.08299,1.28568,6.53511,13.11000,16.58788,5.05151,1.26811,6.40585,12.89000,16.40730,5.03324,1.25248,6.30403,12.39000,16.14734,5.07344,1.16532,5.91217,11.80000,14.97189,25.15716,64.11442
31-1,1783321563.576311,2026-07-06T14:06:03.576311,5.08699,1.28568,6.54026,13.11000,0.65441,5.05551,1.26811,6.41092,12.89000,0.64146,5.03381,1.24247,6.25435,12.29000,0.62580,5.07169,1.12088,5.68478,11.35000,0.56881,24.89031,2.49048
31-1,1783321563.676366,2026-07-06T14:06:03.676366,5.09041,1.22294,6.22525,12.47000,1.27727,5.05307,1.23368,6.23387,12.54000,1.26519,5.01370,1.31523,6.59415,13.01000,1.28557,5.06769,1.12088,5.68029,11.35000,1.13715,24.73356,4.96519
31-1,1783321563.776422,2026-07-06T14:06:03.776422,5.08960,1.31108,6.67285,13.37000,1.94493,5.04738,1.35942,6.86149,13.82000,1.95173,5.02170,1.31523,6.60467,13.01000,1.94641,5.08138,1.24540,6.32835,12.61000,1.77034,26.46736,7.61340
31-1,1783321563.876477,2026-07-06T14:06:03.876477,5.09698,1.17582,5.99312,11.99000,2.54457,5.07732,1.05155,5.33903,10.69000,2.48592,5.02675,0.94217,4.73604,9.32000,2.42028,5.09981,0.88186,4.49733,8.93000,2.22032,20.56552,9.67109
31-1,1783321563.976531,2026-07-06T14:06:03.976531,5.08849,1.25810,6.40181,12.83000,3.18510,5.05732,1.05155,5.31800,10.69000,3.01801,5.01164,1.21000,6.06407,11.97000,3.02701,5.07039,1.14652,5.81330,11.61000,2.80196,23.59718,12.03209
31-1,1783321564.076587,2026-07-06T14:06:04.076587,5.08449,1.25810,6.39677,12.83000,3.82514,5.05752,1.22367,6.18874,12.44000,3.63723,5.02638,1.23222,6.19359,12.19000,3.64672,5.06639,1.14652,5.80872,11.61000,3.38316,24.58782,14.49225
31-1,1783321564.176642,2026-07-06T14:06:04.176642,5.08812,1.26493,6.43612,12.90000,4.46910,5.05627,1.25126,6.32671,12.72000,4.27025,5.03038,1.23222,6.19852,12.19000,4.26691,5.07389,1.15653,5.86810,11.71000,3.97029,24.82945,16.97656
31-1,1783321564.276699,2026-07-06T14:06:04.276699,5.08838,1.26005,6.41161,12.85000,5.11063,5.05623,1.25224,6.33159,12.73000,4.90377,5.02671,1.22636,6.16454,12.13000,4.88371,5.07398,1.15458,5.85830,11.69000,4.55646,24.76604,19.45456
31-1,1783321564.376755,2026-07-06T14:06:04.376755,5.08673,1.21708,6.19095,12.41000,5.73007,5.05223,1.25224,6.32658,12.73000,5.53678,5.02946,1.17777,5.92354,11.65000,5.47640,5.07235,1.10794,5.61988,11.22000,5.11876,24.06095,21.86200
31-1,1783321564.476827,2026-07-06T14:06:04.476827,5.08673,1.21708,6.19095,12.41000,6.34961,5.05969,1.26420,6.39645,12.85000,6.17689,5.01975,1.20804,6.06408,11.95000,6.08324,5.07235,1.10794,5.61988,11.22000,5.68115,24.27136,24.29089
31-1,1783321564.576898,2026-07-06T14:06:04.576898,5.08492,1.25028,6.35758,12.75000,6.98582,5.06010,1.25517,6.35126,12.76000,6.81246,5.02775,1.20804,6.07374,11.95000,6.69105,5.07104,1.13382,5.74966,11.48000,6.25652,24.53224,26.74585
31-1,1783321564.676969,2026-07-06T14:06:04.676969,5.08309,1.28373,6.52532,13.09000,7.63882,5.05352,1.22367,6.18384,12.44000,7.43129,5.02598,1.23930,6.22868,12.26000,7.31436,5.06984,1.15751,5.86837,11.72000,6.84378,24.80621,29.22825
31-1,1783321564.777040,2026-07-06T14:06:04.777040,5.08293,1.28666,6.54001,13.12000,8.29328,5.05352,1.22367,6.18384,12.44000,8.05011,5.02837,1.19706,6.01925,11.84000,7.91671,5.07369,1.16044,5.88769,11.75000,7.43297,24.63079,31.69306
31-1,1783321564.877112,2026-07-06T14:06:04.877112,5.08693,1.28666,6.54515,13.12000,8.94827,5.05201,1.25712,6.35097,12.78000,8.68566,5.03009,1.16654,5.86780,11.54000,8.50391,5.07829,1.06961,5.43181,10.83000,7.97654,24.19573,34.11438
31-1,1783321564.977184,2026-07-06T14:06:04.977184,5.08909,1.17386,5.97389,11.97000,9.54608,5.05311,1.23270,6.22899,12.53000,9.30901,5.02204,1.23832,6.21889,12.25000,9.12625,5.07429,1.06961,5.42753,10.83000,8.51968,23.84930,36.50103
31-1,1783321565.077255,2026-07-06T14:06:05.077255,5.08465,1.25517,6.38208,12.80000,10.18475,5.05151,1.26811,6.40585,12.89000,9.95005,5.02604,1.23832,6.22384,12.25000,9.74908,5.07369,1.16044,5.88769,11.75000,9.10887,24.89946,38.99275
31-1,1783321565.177327,2026-07-06T14:06:05.177327,5.08736,1.27885,6.50596,13.04000,10.83581,5.05551,1.26811,6.41092,12.89000,10.59160,5.03044,1.23124,6.19367,12.18000,10.36889,5.07354,1.16337,5.90238,11.78000,9.69953,25.01293,41.49583
31-1,1783321565.277399,2026-07-06T14:06:05.277399,5.08796,1.26786,6.45082,13.04000,11.48135,5.04778,1.26225,6.37153,12.83000,11.22921,5.02992,1.24052,6.23969,12.27000,10.99331,5.06974,1.15946,5.87815,11.74000,10.28777,24.94019,43.99164
31-1,1783321565.377470,2026-07-06T14:06:05.377470,5.08396,1.26786,6.44575,12.93000,12.12639,5.04894,1.23661,6.24357,12.57000,11.85402,5.02729,1.21610,6.11370,12.03000,11.60511,5.07374,1.15946,5.88279,11.74000,10.87647,24.68581,46.46198
31-1,1783321565.477541,2026-07-06T14:06:05.477541,5.08715,1.28275,6.52556,13.08000,12.77941,5.05173,1.26322,6.38146,12.84000,12.49262,5.02729,1.21610,6.11370,12.03000,12.21692,5.07359,1.16239,5.89748,11.77000,11.46663,24.91820,48.95558
31-1,1783321565.577611,2026-07-06T14:06:05.577611,5.08677,1.28959,6.55985,13.15000,13.43586,5.05173,1.26322,6.38146,12.84000,13.13121,5.02586,1.24149,6.23957,12.28000,12.84131,5.07359,1.16239,5.89748,11.77000,12.05680,25.07836,51.46518
31-1,1783321565.677683,2026-07-06T14:06:05.677683,5.09459,1.14628,5.83980,11.69000,14.02025,5.05702,1.23466,6.24369,12.55000,13.75603,5.02780,1.20707,6.06890,11.94000,13.44864,5.08015,1.03299,5.24774,10.46000,12.58195,23.40013,53.80687
31-1,1783321565.777754,2026-07-06T14:06:05.777754,5.08259,1.14628,5.82605,11.69000,14.60327,5.06435,0.89627,4.53901,9.11000,14.21025,5.05115,0.86428,4.36563,8.55000,13.88551,5.07615,1.03299,5.24361,10.46000,13.10668,19.97430,55.80571
31-1,1783321565.877825,2026-07-06T14:06:05.877825,5.08631,0.85818,4.36497,8.75000,15.04008,5.06399,0.90408,4.57826,9.19000,14.66840,5.04315,0.86428,4.35871,8.55000,14.32169,5.07861,0.82669,4.19841,8.37000,13.52682,17.50035,57.55699
31-1,1783321565.977897,2026-07-06T14:06:05.977897,5.06486,1.25126,6.33746,12.76000,15.67428,5.05999,0.90408,4.57464,9.19000,15.12619,5.03586,1.20609,6.07371,11.93000,14.92950,5.06164,1.16141,5.87865,11.76000,14.11511,22.86446,59.84508
31-1,1783321566.077968,2026-07-06T14:06:06.077968,5.07893,1.28666,6.53486,13.12000,16.32823,5.05178,1.26225,6.37658,12.83000,15.76430,5.03392,1.24052,6.24465,12.27000,15.55441,5.07759,1.16239,5.90213,11.77000,14.70574,25.05822,62.35268
31-1,1783321566.178043,2026-07-06T14:06:06.178043,5.09093,1.28666,6.55030,13.12000,16.98375,5.05267,1.24247,6.27779,12.63000,16.39256,5.02644,1.23124,6.18875,12.18000,16.17375,5.06939,1.16630,5.91241,11.81000,15.29742,24.92925,64.84748
31-1,1783321566.278115,2026-07-06T14:06:06.278115,5.09461,1.29252,6.58489,13.18000,17.64272,5.05169,1.26420,6.38634,12.85000,17.03165,5.02644,1.23124,6.18875,12.18000,16.79307,5.07339,1.16630,5.91707,11.81000,15.88956,25.07705,67.35699
31-1,1783321566.378187,2026-07-06T14:06:06.378187,5.09509,1.28373,6.54073,13.09000,18.29726,5.05236,1.24931,6.31194,12.70000,17.66330,5.02164,1.24540,6.25395,12.32000,17.41891,5.07049,1.14457,5.80351,11.59000,16.47032,24.91013,69.84979
31-1,1783321566.478258,2026-07-06T14:06:06.478258,5.08277,1.28959,6.55469,13.15000,18.95319,5.05236,1.24931,6.31194,12.70000,18.29494,5.02186,1.24149,6.23460,12.28000,18.04282,5.06934,1.16727,5.91730,11.82000,17.06248,25.01853,72.35343
31-1,1783321566.578329,2026-07-06T14:06:06.578329,5.08677,1.28959,6.55985,13.15000,19.60964,5.05178,1.26225,6.37658,12.83000,18.93305,5.02964,1.24540,6.26391,12.32000,18.66965,5.07334,1.16727,5.92197,11.82000,17.65509,25.12231,74.86744
31-1,1783321566.678400,2026-07-06T14:06:06.678400,5.08725,1.28080,6.51576,13.06000,20.26168,5.05276,1.24052,6.26803,12.61000,19.56030,5.02564,1.24540,6.25893,12.32000,19.29599,5.06534,1.16727,5.91263,11.82000,18.24678,24.95535,77.36475
31-1,1783321566.778471,2026-07-06T14:06:06.778471,5.08763,1.27396,6.48145,12.99000,20.91029,5.04747,1.26908,6.40565,12.90000,20.20132,5.02946,1.24857,6.27965,12.35000,19.92440,5.06615,1.15140,5.83317,11.66000,18.83051,24.99992,79.86653
31-1,1783321566.878543,2026-07-06T14:06:06.878543,5.08661,1.29252,6.57455,13.18000,21.56822,5.04747,1.26908,6.40565,12.90000,20.84235,5.03026,1.23441,6.20942,12.21000,20.54579,5.06514,1.17118,5.93219,11.86000,19.42415,25.12181,82.38050
31-1,1783321566.978614,2026-07-06T14:06:06.978614,5.08704,1.28471,6.53536,13.10000,22.22222,5.05285,1.23856,6.25827,12.59000,21.46862,5.02124,1.25248,6.28900,12.39000,21.17514,5.07324,1.16923,5.93176,11.84000,20.01775,25.01439,84.88372
31-1,1783321567.078686,2026-07-06T14:06:07.078686,5.09104,1.28471,6.54049,13.10000,22.87673,5.05160,1.26615,6.39609,12.87000,22.10868,5.02524,1.25248,6.29401,12.39000,21.80499,5.07324,1.16923,5.93176,11.84000,20.61135,25.16235,87.40176
31-1,1783321567.178756,2026-07-06T14:06:07.178756,5.08363,1.27396,6.47636,12.99000,23.52483,5.05569,1.26420,6.39139,12.85000,22.74827,5.03009,1.23734,6.22395,12.24000,22.42782,5.06624,1.14945,5.82339,11.64000,21.19410,24.91509,89.89503
31-1,1783321567.278827,2026-07-06T14:06:07.278827,5.08320,1.28178,6.51553,13.07000,24.17684,5.05169,1.26420,6.38634,12.85000,23.38736,5.02946,1.24857,6.27965,12.35000,23.05623,5.06519,1.17020,5.92730,11.85000,21.78725,25.10882,92.40769
31-1,1783321567.378900,2026-07-06T14:06:07.378900,5.07596,1.26786,6.43561,12.93000,24.82087,5.05952,1.17948,5.96760,11.99000,23.98455,5.02112,1.25468,6.29988,12.41000,23.68668,5.06914,1.17118,5.93687,11.86000,22.38137,24.63996,94.87347
31-1,1783321567.478970,2026-07-06T14:06:07.478970,5.08796,1.26786,6.45082,12.93000,25.46641,5.05511,1.27689,6.45484,12.98000,24.63049,5.02912,1.25468,6.30992,12.41000,24.31811,5.06914,1.17118,5.93687,11.86000,22.97548,25.15245,97.39049
31-1,1783321567.579036,2026-07-06T14:06:07.579036,5.09163,1.27396,6.48655,12.99000,26.11549,5.05591,1.25932,6.36698,12.80000,25.26761,5.02175,1.24345,6.24428,12.30000,24.94295,5.07405,1.15336,5.85218,11.68000,23.56108,24.94999,99.88713
31-1,1783321567.679107,2026-07-06T14:06:07.679107,5.09147,1.27689,6.50126,13.02000,26.76608,5.04391,1.25932,6.35187,12.80000,25.90325,5.02135,1.25053,6.27933,12.37000,25.57133,5.07314,1.17118,5.94156,11.86000,24.15565,25.07402,102.39631
31-1,1783321567.779178,2026-07-06T14:06:07.779178,5.08341,1.27787,6.49595,13.03000,27.41613,5.05129,1.27299,6.43023,12.94000,26.54673,5.02884,1.25956,6.33413,12.46000,26.20519,5.07299,1.17411,5.95624,11.89000,24.75170,25.21655,104.91976
31-1,1783321567.879249,2026-07-06T14:06:07.879249,5.09141,1.27787,6.50617,13.03000,28.06721,5.05645,1.15897,5.86028,11.78000,27.13317,5.03284,1.25956,6.33916,12.46000,26.83956,5.08174,1.15946,5.89207,11.74000,25.34133,24.59768,107.38128
31-1,1783321567.979321,2026-07-06T14:06:07.979321,5.08763,1.27396,6.48145,12.99000,28.71582,5.03929,1.27299,6.41495,12.94000,27.77513,5.02112,1.25468,6.29988,12.41000,27.47000,5.07774,1.15946,5.88743,11.74000,25.93050,25.08371,109.89145
31-1,1783321568.079392,2026-07-06T14:06:08.079392,5.07936,1.27885,6.49573,13.04000,29.36586,5.05129,1.27299,6.43023,12.94000,28.41861,5.02118,1.25346,6.29384,12.40000,28.09983,5.07704,1.17313,5.95604,11.88000,26.52652,25.17584,112.41082
31-1,1783321568.179463,2026-07-06T14:06:08.179463,5.07861,1.29252,6.56421,13.18000,30.02275,5.04716,1.27592,6.43976,12.97000,29.06304,5.03038,1.23222,6.19852,12.19000,28.72013,5.07694,1.17508,5.96584,11.90000,27.12353,25.16833,114.92945
31-1,1783321568.279534,2026-07-06T14:06:08.279534,5.08640,1.29643,6.59414,13.22000,30.68263,5.04773,1.26322,6.37641,12.84000,29.70114,5.02501,1.25663,6.31457,12.19000,29.35203,5.06894,1.17508,5.95644,11.90000,27.71960,25.24156,117.45540
31-1,1783321568.379606,2026-07-06T14:06:08.379606,5.08240,1.29643,6.58896,13.22000,31.34200,5.04711,1.27689,6.44463,12.98000,30.34606,5.02101,1.25663,6.30955,12.43000,29.98344,5.07294,1.17508,5.96114,11.90000,28.31614,25.30428,119.98763
31-1,1783321568.479677,2026-07-06T14:06:08.479677,5.07888,1.28764,6.53975,13.13000,31.99644,5.03911,1.27689,6.43441,12.98000,30.98996,5.02090,1.25858,6.31922,12.45000,30.61581,5.07688,1.17631,5.97197,11.91000,28.91376,25.26535,122.51597
31-1,1783321568.579749,2026-07-06T14:06:08.579749,5.07915,1.28275,6.51529,13.08000,32.64843,5.05911,1.27689,6.45995,12.98000,31.63642,5.02072,1.26176,6.33493,12.48000,31.24976,5.07744,1.16532,5.91684,11.80000,29.50587,25.22701,125.04048
31-1,1783321568.679820,2026-07-06T14:06:08.679820,5.09456,1.29350,6.58980,13.19000,33.30788,5.05986,1.26029,6.37691,12.81000,32.27456,5.03398,1.23930,6.23859,12.26000,31.87406,5.07699,1.17411,5.96094,11.89000,30.10239,25.16624,127.55890
31-1,1783321568.779892,2026-07-06T14:06:08.779892,5.07856,1.29350,6.56910,13.19000,33.96526,5.04716,1.27592,6.43976,12.97000,32.91900,5.03398,1.23930,6.23859,12.26000,32.49837,5.07299,1.17411,5.95624,11.89000,30.69844,25.20369,130.08107
31-1,1783321568.879964,2026-07-06T14:06:08.879964,5.07904,1.28471,6.52508,13.10000,34.61824,5.05116,1.27592,6.44486,12.97000,33.56395,5.02501,1.25663,6.31457,12.43000,33.13028,5.07278,1.17826,5.97705,11.93000,31.29657,25.26156,132.60905
31-1,1783321568.980035,2026-07-06T14:06:08.980035,5.07803,1.30326,6.61800,13.29000,35.28052,5.05516,1.27592,6.44996,12.97000,34.20941,5.02501,1.25663,6.31457,12.43000,33.76219,5.06883,1.17728,5.96745,11.92000,31.89375,25.34998,135.14586
31-1,1783321569.080106,2026-07-06T14:06:09.080106,5.07083,1.28861,6.53434,13.14000,35.93441,5.05494,1.28080,6.47437,13.02000,34.85731,5.02072,1.26176,6.33493,12.48000,34.39613,5.06869,1.18021,5.98212,11.95000,32.49238,25.32576,137.68024
31-1,1783321569.180178,2026-07-06T14:06:09.180178,5.08283,1.28861,6.54980,13.14000,36.58986,5.06342,1.27006,6.43084,12.91000,35.50085,5.02872,1.26176,6.34502,12.48000,35.03109,5.06459,1.18216,5.98718,11.97000,33.09153,25.31284,140.21334
31-1,1783321569.280249,2026-07-06T14:06:09.280249,5.08229,1.29838,6.59875,13.24000,37.25021,5.04742,1.27006,6.41052,12.91000,36.14236,5.02175,1.24345,6.24428,12.30000,35.65596,5.06859,1.18216,5.99190,11.97000,33.69115,25.24545,142.73968
32-1,1783321569.380338,2026-07-06T14:06:09.380338,5.08341,1.27787,6.49595,13.03000,0.65017,5.05898,1.27982,6.47460,13.01000,0.64804,5.02072,1.26176,6.33493,12.48000,0.63406,5.07269,1.18021,5.98684,11.95000,0.59922,25.29232,2.53148
32-1,1783321569.480410,2026-07-06T14:06:09.480410,5.08549,1.31303,6.67740,13.39000,1.31839,5.05617,1.34184,6.78456,13.64000,1.32698,5.02146,1.31938,6.62520,13.05000,1.29705,5.06923,1.24833,6.32807,12.64000,1.23247,26.41523,5.17489
32-1,1783321569.580485,2026-07-06T14:06:09.580485,5.08967,1.16312,5.91991,11.86000,1.91082,5.05976,0.99759,5.04756,10.14000,1.83211,5.03746,1.31938,6.64631,13.05000,1.96218,5.08562,0.84622,4.30354,8.57000,1.66315,21.91732,7.36826
32-1,1783321569.680555,2026-07-06T14:06:09.680555,5.08567,1.16312,5.91525,11.86000,2.50277,5.05176,0.99759,5.03958,10.14000,2.33642,5.04264,0.94412,4.76086,9.34000,2.43860,5.06962,0.84622,4.29000,8.57000,2.09245,20.00569,9.37025
32-1,1783321569.780628,2026-07-06T14:06:09.780628,5.08768,1.27299,6.47655,12.98000,3.15089,5.05632,1.25028,6.32182,12.71000,2.96906,5.02631,1.23344,6.19964,12.20000,3.05901,5.07415,1.15140,5.84238,11.66000,2.67712,24.84039,11.85609
32-1,1783321569.880742,2026-07-06T14:06:09.880742,5.08860,1.25614,6.39200,12.81000,3.79082,5.05645,1.24735,6.30718,12.68000,3.60050,5.02415,1.20096,6.03382,11.88000,3.66309,5.07419,1.15043,5.83748,11.65000,3.26153,24.57048,14.31595
32-1,1783321569.980859,2026-07-06T14:06:09.980859,5.11864,0.85208,4.36147,8.69000,4.22748,5.07630,0.89724,4.55468,9.12000,4.05651,5.03215,1.20096,6.04343,11.88000,4.26814,5.09056,0.82766,4.21326,8.38000,3.68335,19.17284,16.23548
32-1,1783321570.080976,2026-07-06T14:06:10.080976,5.09464,0.85208,4.34102,8.69000,4.66209,5.06430,0.89724,4.54392,9.12000,4.51143,5.04326,0.86233,4.34896,8.53000,4.70354,5.08256,0.82766,4.20664,8.38000,4.10450,17.44054,17.98156
32-1,1783321570.181094,2026-07-06T14:06:10.181094,5.09836,0.85720,4.37033,8.74000,5.09964,5.06008,0.90213,4.56484,9.17000,4.96845,5.03116,1.07669,5.41702,10.65000,5.24588,5.07861,0.82669,4.19841,8.37000,4.52484,18.55060,19.83882
32-1,1783321570.281213,2026-07-06T14:06:10.281213,5.07579,1.27103,6.45150,12.96000,5.74556,5.04414,1.25419,6.32630,12.75000,5.60183,5.03066,1.22733,6.17429,12.14000,5.86405,5.06219,1.15043,5.82368,11.65000,5.10790,24.77577,22.31934
32-1,1783321570.381285,2026-07-06T14:06:10.381285,5.09356,1.23856,6.30869,12.63000,6.37688,5.05601,1.25712,6.35600,12.78000,6.23789,5.02266,1.22733,6.16447,12.14000,6.48094,5.06594,1.15555,5.85396,11.70000,5.69372,24.68312,24.78943
32-1,1783321570.481356,2026-07-06T14:06:10.481356,5.08556,1.23856,6.29878,12.63000,7.00721,5.05201,1.25712,6.35097,12.78000,6.87344,5.02780,1.20707,6.06890,11.94000,7.08826,5.07394,1.15555,5.86320,11.70000,6.28046,24.58185,27.24937
32-1,1783321570.581428,2026-07-06T14:06:10.581428,5.08796,1.26786,6.45082,12.93000,7.65275,5.05765,1.22074,6.17408,12.41000,7.49129,5.02620,1.23539,6.20932,12.22000,7.70964,5.07394,1.15555,5.86320,11.70000,6.86720,24.69742,29.72089
32-1,1783321570.681501,2026-07-06T14:06:10.681501,5.08913,1.24638,6.34297,12.71000,8.28751,5.05573,1.26322,6.38651,12.84000,8.13041,5.02660,1.22831,6.17422,12.15000,8.32751,5.07419,1.15043,5.83748,11.65000,7.45137,24.74118,32.19679
32-1,1783321570.781571,2026-07-06T14:06:10.781571,5.08401,1.26688,6.44085,12.92000,8.93205,5.05601,1.25712,6.35600,12.78000,8.76645,5.02660,1.22831,6.17422,12.15000,8.94536,5.07379,1.15848,5.87789,11.73000,8.03958,24.84896,34.68344
32-1,1783321570.881642,2026-07-06T14:06:10.881642,5.08801,1.26688,6.44592,12.92000,9.57710,5.05201,1.25712,6.35097,12.78000,9.40200,5.03449,1.23026,6.19375,12.17000,9.56518,5.07029,1.14847,5.82309,11.63000,8.62230,24.81373,37.16658
32-1,1783321570.981760,2026-07-06T14:06:10.981760,5.08396,1.26786,6.44575,12.93000,10.22243,5.04916,1.23173,6.21918,12.52000,10.02465,5.03757,1.17582,5.92326,11.63000,10.15820,5.07429,1.14847,5.82769,11.63000,9.20575,24.41588,39.61104
32-1,1783321571.081807,2026-07-06T14:06:11.081807,5.09206,1.26591,6.44608,12.91000,10.86734,5.04805,1.25614,6.34107,12.77000,10.65906,5.01844,1.23124,6.17890,12.18000,10.77639,5.07374,1.15946,5.88279,11.74000,9.79431,24.84884,42.09710
32-1,1783321571.181873,2026-07-06T14:06:11.181873,5.09125,1.28080,6.52088,13.06000,11.51986,5.05586,1.26029,6.37187,12.81000,11.29667,5.02644,1.23124,6.18875,12.18000,11.39567,5.07459,1.14261,5.79829,11.57000,10.37452,24.87979,44.58672
32-1,1783321571.281941,2026-07-06T14:06:11.281941,5.08325,1.28080,6.51063,13.06000,12.17137,5.04786,1.26029,6.36178,12.81000,11.93328,5.02964,1.24540,6.26391,12.32000,12.02249,5.06954,1.16337,5.89773,11.78000,10.96470,25.03405,47.09183
32-1,1783321571.382009,2026-07-06T14:06:11.382009,5.08725,1.28080,6.51576,13.06000,12.82338,5.05720,1.23075,6.22415,12.51000,12.55611,5.02992,1.24052,6.23969,12.27000,12.64688,5.07754,1.16337,5.90703,11.78000,11.55580,24.88663,49.58217
32-1,1783321571.482127,2026-07-06T14:06:11.482127,5.09409,1.22880,6.25960,12.53000,13.45009,5.05654,1.24540,6.29741,12.66000,13.18660,5.02969,1.24442,6.25907,12.31000,13.27353,5.07240,1.10697,5.61498,11.21000,12.11796,24.43106,52.02818
32-1,1783321571.582200,2026-07-06T14:06:11.582200,5.09093,1.28666,6.55030,13.12000,14.10559,5.05636,1.16092,5.87005,11.80000,13.77403,5.02569,1.24442,6.25409,12.31000,13.89939,5.07059,1.14261,5.79372,11.57000,12.69775,24.46816,54.47676
32-1,1783321571.682272,2026-07-06T14:06:11.682272,5.08428,1.26200,6.41637,12.87000,14.74769,5.05236,1.16092,5.86541,11.80000,14.36099,5.03402,1.09696,5.52210,10.85000,14.45199,5.07364,1.16141,5.89259,11.76000,13.28744,23.69647,56.84811
32-1,1783321571.782343,2026-07-06T14:06:11.782343,5.08428,1.26200,6.41637,12.87000,15.38978,5.05245,1.24735,6.30219,12.68000,14.99166,5.02581,1.24247,6.24441,12.29000,15.07688,5.06964,1.16141,5.88794,11.76000,13.87665,24.85091,59.33497
32-1,1783321571.882414,2026-07-06T14:06:11.882414,5.08412,1.26493,6.43106,12.90000,16.03334,5.05169,1.26420,6.38634,12.85000,15.63075,5.02615,1.23637,6.21416,12.23000,15.69874,5.07354,1.16337,5.90238,11.78000,14.46730,24.93394,61.83013
32-1,1783321571.982485,2026-07-06T14:06:11.982485,5.08293,1.28666,6.54001,13.12000,16.68781,5.05186,1.26029,6.36683,12.81000,16.26788,5.02981,1.24247,6.24938,12.29000,16.32412,5.07369,1.16044,5.88769,11.75000,15.05649,25.04391,64.33631
32-1,1783321572.082556,2026-07-06T14:06:12.082556,5.08683,1.28861,6.55495,13.14000,17.34378,5.05186,1.26029,6.36683,12.81000,16.90502,5.02181,1.24247,6.23944,12.29000,16.94851,5.07334,1.16727,5.92197,11.82000,15.64911,25.08319,66.84642
32-1,1783321572.182628,2026-07-06T14:06:12.182628,5.08683,1.28861,6.55495,13.14000,17.99974,5.05533,1.27201,6.43044,12.93000,17.54853,5.03398,1.23930,6.23859,12.26000,17.57281,5.07015,1.15140,5.83778,11.66000,16.23331,25.06176,69.35439
32-1,1783321572.282700,2026-07-06T14:06:12.282700,5.08806,1.26591,6.44102,12.91000,18.64430,5.05582,1.26127,6.37675,12.82000,18.18666,5.03358,1.24638,6.27374,12.33000,18.20064,5.07015,1.15140,5.83778,11.66000,16.81751,24.92929,71.84911
32-1,1783321572.382771,2026-07-06T14:06:12.382771,5.08385,1.26981,6.45555,12.95000,19.29032,5.05138,1.27103,6.42048,12.92000,18.82917,5.02530,1.25150,6.28917,12.38000,18.83000,5.07329,1.16825,5.92687,11.83000,17.41062,25.09207,74.36010
32-1,1783321572.482843,2026-07-06T14:06:12.482843,5.08454,1.25712,6.39187,12.82000,19.92996,5.05138,1.27103,6.42048,12.92000,19.47167,5.02530,1.25150,6.28917,12.38000,19.45937,5.07339,1.16630,5.91707,11.81000,18.00275,25.01859,76.86376
32-1,1783321572.582914,2026-07-06T14:06:12.582914,5.08790,1.26884,6.45572,12.94000,20.57599,5.05182,1.26127,6.37170,12.82000,20.10930,5.02198,1.23930,6.22372,12.26000,20.08219,5.07039,1.14652,5.81330,11.61000,18.58449,24.86444,79.35196
32-1,1783321572.682985,2026-07-06T14:06:12.682985,5.08390,1.26884,6.45065,12.94000,21.22152,5.05155,1.26713,6.40097,12.88000,20.74985,5.02158,1.24638,6.25878,12.33000,20.70851,5.07439,1.14652,5.81789,11.61000,19.16669,24.92829,81.84656
32-1,1783321572.783056,2026-07-06T14:06:12.783056,5.07968,1.27299,6.46637,12.98000,21.86862,5.05236,1.24931,6.31194,12.70000,21.38149,5.02311,1.21928,6.12456,12.06000,21.32140,5.07714,1.17118,5.94624,11.86000,19.76174,24.84911,84.33326
32-1,1783321572.883127,2026-07-06T14:06:12.883127,5.08006,1.26591,6.43089,12.91000,22.51216,5.04836,1.24931,6.30695,12.70000,22.01264,5.02711,1.21928,6.12944,12.06000,21.93478,5.07724,1.16923,5.93644,11.84000,20.35581,24.80372,86.81539
32-1,1783321572.983198,2026-07-06T14:06:12.983198,5.08677,1.28959,6.55985,13.15000,23.16861,5.05551,1.26811,6.41092,12.89000,22.65418,5.03324,1.25248,6.30403,12.39000,22.56563,5.07374,1.15946,5.88279,11.74000,20.94450,25.15759,89.33293
32-1,1783321573.083269,2026-07-06T14:06:13.083269,5.08677,1.28959,6.55985,13.15000,23.82506,5.05654,1.24540,6.29741,12.66000,23.28437,5.03290,1.25858,6.33432,12.45000,23.19951,5.06974,1.15946,5.87815,11.74000,21.53274,25.06973,91.84169
32-1,1783321573.183340,2026-07-06T14:06:13.183340,5.08309,1.28373,6.52532,13.09000,24.47806,5.05178,1.26225,6.37658,12.83000,23.92248,5.03020,1.23539,6.21426,12.22000,23.82138,5.07314,1.17118,5.94156,11.86000,22.12731,25.05772,94.34924
32-1,1783321573.283412,2026-07-06T14:06:13.283412,5.08320,1.28178,6.51553,13.07000,25.13008,5.05578,1.26225,6.38163,12.83000,24.56110,5.02620,1.23539,6.20932,12.22000,24.44276,5.07304,1.17313,5.95135,11.88000,22.72287,25.05783,96.85681
32-1,1783321573.383483,2026-07-06T14:06:13.383483,5.09131,1.27982,6.51598,13.05000,25.78214,5.05916,1.27592,6.45507,12.97000,25.20707,5.02130,1.25150,6.28417,12.38000,25.07162,5.07304,1.17313,5.95135,11.88000,23.31844,25.20657,99.37927
32-1,1783321573.483555,2026-07-06T14:06:13.483555,5.08731,1.27982,6.51086,13.05000,26.43369,5.05973,1.26322,6.39156,12.84000,25.84668,5.02130,1.25150,6.28417,12.38000,25.70049,5.07384,1.15751,5.87300,11.72000,23.90616,25.05959,101.88702
32-1,1783321573.583626,2026-07-06T14:06:13.583626,5.08763,1.27396,6.48145,12.99000,27.08230,5.05133,1.27201,6.42535,12.93000,26.48968,5.02530,1.25150,6.28917,12.38000,26.32986,5.06984,1.15751,5.86837,11.72000,24.49341,25.06434,104.39525
32-1,1783321573.683697,2026-07-06T14:06:13.683697,5.08752,1.27592,6.49126,13.01000,27.73189,5.04733,1.27201,6.42027,12.93000,27.13216,5.01730,1.25150,6.27916,12.38000,26.95822,5.06494,1.17508,5.95174,11.90000,25.08901,25.14243,106.91127
32-1,1783321573.783770,2026-07-06T14:06:13.783770,5.09019,1.30033,6.61894,13.26000,28.39426,5.05169,1.26420,6.38634,12.85000,27.77126,5.01730,1.25150,6.27916,12.38000,27.58659,5.06504,1.17313,5.94196,11.88000,25.68363,25.22640,109.43574
32-1,1783321573.883841,2026-07-06T14:06:13.883841,5.08720,1.28178,6.52066,13.07000,29.04679,5.05124,1.27396,6.43511,12.95000,28.41522,5.01701,1.25663,6.30452,12.43000,28.21749,5.06888,1.17631,5.96255,11.91000,26.28031,25.22284,111.95981
32-1,1783321573.983912,2026-07-06T14:06:13.983912,5.07920,1.28178,6.51040,13.07000,29.69829,5.04324,1.27396,6.42492,12.95000,29.05817,5.02564,1.24540,6.25893,12.32000,28.84383,5.07288,1.17631,5.96726,11.91000,26.87746,25.16151,114.47776
32-1,1783321574.083983,2026-07-06T14:06:14.083983,5.08709,1.28373,6.53046,13.09000,30.35181,5.05524,1.27396,6.44020,12.95000,29.70265,5.02164,1.24540,6.25395,12.32000,29.46967,5.07349,1.16434,5.90728,11.79000,27.46861,25.13189,116.99274
32-1,1783321574.184054,2026-07-06T14:06:14.184054,5.08736,1.27885,6.50596,13.04000,31.00286,5.05182,1.26127,6.37170,12.82000,30.34027,5.02101,1.25663,6.30955,12.43000,30.10107,5.07288,1.17631,5.96726,11.91000,28.06576,25.15447,119.50997
32-1,1783321574.284127,2026-07-06T14:06:14.284127,5.09504,1.28471,6.54563,13.10000,31.65790,5.05151,1.26811,6.40585,12.89000,30.98133,5.02130,1.25150,6.28417,12.38000,30.72994,5.07278,1.17826,5.97705,11.93000,28.66390,25.21270,122.03307
32-1,1783321574.384198,2026-07-06T14:06:14.384198,5.08304,1.28471,6.53022,13.10000,32.31139,5.03920,1.27494,6.42468,12.96000,31.62425,5.03009,1.23734,6.22395,12.24000,31.35279,5.07278,1.17826,5.97705,11.93000,29.26203,25.15590,124.55047
32-1,1783321574.484270,2026-07-06T14:06:14.484270,5.09461,1.29252,6.58489,13.18000,32.97035,5.04320,1.27494,6.42978,12.96000,32.26769,5.01809,1.23734,6.20910,12.24000,31.97414,5.06878,1.17826,5.97234,11.93000,29.85969,25.19611,127.07187
32-1,1783321574.584340,2026-07-06T14:06:14.584340,5.09585,1.26981,6.47078,12.95000,33.61789,5.04285,1.28275,6.46873,13.04000,32.91502,5.02106,1.25565,6.30471,12.42000,32.60505,5.06883,1.17728,5.96745,11.92000,30.45686,25.21167,129.59482
32-1,1783321574.684415,2026-07-06T14:06:14.684415,5.07931,1.27982,6.50062,13.05000,34.26843,5.05173,1.26322,6.38146,12.84000,33.55364,5.02095,1.25761,6.31438,12.44000,33.23696,5.07273,1.17924,5.98195,11.94000,31.05550,25.17841,132.11454
32-1,1783321574.784486,2026-07-06T14:06:14.784486,5.08731,1.27982,6.51086,13.05000,34.91998,5.05102,1.27885,6.45949,13.00000,34.20005,5.02484,1.25956,6.32909,12.46000,33.87032,5.07729,1.16825,5.93154,11.83000,31.64908,25.23098,134.63943
33-1,1783321574.884574,2026-07-06T14:06:14.884574,5.09493,1.28666,6.55545,13.12000,0.65613,5.05702,1.23466,6.24369,13.00000,0.62492,5.02484,1.25956,6.32909,12.46000,0.63347,5.07729,1.16825,5.93154,11.83000,0.59368,25.05977,2.50820
33-1,1783321574.984646,2026-07-06T14:06:14.984646,5.09429,1.29838,6.61433,13.24000,1.31803,5.05302,1.23466,6.23875,12.55000,1.24925,5.02804,1.20292,6.04831,11.90000,1.23874,5.07239,1.18607,6.01621,12.01000,1.19573,24.91760,5.00175
33-1,1783321575.084720,2026-07-06T14:06:15.084720,5.08507,1.32084,6.71657,13.47000,1.99018,5.04404,1.34477,6.78306,13.67000,1.92805,5.02204,1.30912,6.57447,12.95000,1.89666,5.06959,1.24125,6.29262,12.57000,1.82546,26.36672,7.64035
33-1,1783321575.184789,2026-07-06T14:06:15.184789,5.09307,1.32084,6.72713,13.47000,2.66336,5.06351,0.91482,4.63221,9.30000,2.39159,5.04566,0.81985,4.13668,8.11000,2.31062,5.09971,0.80496,4.10504,8.15000,2.23625,19.60106,9.60182
33-1,1783321575.284860,2026-07-06T14:06:15.284860,5.08893,1.17679,5.98862,12.00000,3.26265,5.03938,1.35942,6.85061,13.82000,3.07714,5.03366,0.81985,4.12684,8.11000,2.72360,5.07171,0.80496,4.08250,8.15000,2.64478,21.04857,11.70816
33-1,1783321575.384931,2026-07-06T14:06:15.384931,5.08250,1.36796,6.95266,13.95000,3.95841,5.05938,1.35942,6.87780,13.82000,3.76541,5.03661,1.33451,6.72142,13.20000,3.39622,5.07058,1.30058,6.59468,13.17000,3.30472,27.14656,14.42475
33-1,1783321575.485003,2026-07-06T14:06:15.485003,5.08934,1.24247,6.32335,12.67000,4.59120,5.05401,1.21293,6.13015,12.33000,4.37886,5.02860,1.19291,5.99866,11.80000,3.99651,5.07805,1.15336,5.85679,11.68000,3.89082,24.30895,16.85740
33-1,1783321575.585082,2026-07-06T14:06:15.585082,5.09747,1.09354,5.57428,11.15000,5.14907,5.06024,1.07523,5.44092,10.93000,4.92338,5.03659,1.05130,5.29498,10.40000,4.52643,5.08200,0.99637,5.06355,10.09000,4.39758,21.37373,18.99646
33-1,1783321575.685156,2026-07-06T14:06:15.685156,5.09747,1.09354,5.57428,11.15000,5.70691,5.05210,1.25517,6.34122,12.76000,5.55798,5.03015,1.23637,6.21911,12.23000,5.14880,5.07800,0.99637,5.05956,10.09000,4.90391,23.19417,21.31759
33-1,1783321575.785227,2026-07-06T14:06:15.785227,5.08844,1.25907,6.40671,12.84000,6.34804,5.05210,1.25517,6.34122,12.76000,6.19255,5.02615,1.23637,6.21416,12.23000,5.77066,5.07479,1.13871,5.77870,11.53000,5.48219,24.74079,23.79343
33-1,1783321575.885298,2026-07-06T14:06:15.885298,5.08876,1.25321,6.37729,12.78000,6.98622,5.05276,1.24052,6.26803,12.61000,6.81980,5.02740,1.21415,6.10401,12.01000,6.38150,5.07379,1.15848,5.87789,11.73000,6.07040,24.62722,26.25791
33-1,1783321575.985370,2026-07-06T14:06:15.985370,5.08741,1.27787,6.50106,13.03000,7.63679,5.05186,1.26029,6.36683,12.81000,7.45694,5.02586,1.24149,6.23957,12.28000,7.00590,5.07459,1.14261,5.79829,11.57000,6.65064,24.90575,28.75026
33-1,1783321576.085440,2026-07-06T14:06:16.085440,5.09141,1.27787,6.50617,13.03000,8.28786,5.06036,1.24931,6.32194,12.70000,8.08958,5.02295,1.22221,6.13907,12.09000,7.62024,5.07364,1.16141,5.89259,11.57000,7.24031,24.85977,31.23799
33-1,1783321576.185511,2026-07-06T14:06:16.185511,5.08806,1.26591,6.44102,12.91000,8.93242,5.05236,1.24931,6.31194,12.70000,8.72122,5.02695,1.22221,6.14396,12.09000,8.23507,5.07364,1.16141,5.89259,11.76000,7.82999,24.78951,33.71870
33-1,1783321576.285582,2026-07-06T14:06:16.285582,5.08763,1.27396,6.48145,12.99000,9.58103,5.04805,1.25614,6.34107,12.77000,9.35577,5.02564,1.24540,6.25893,12.32000,8.86140,5.07449,1.14457,5.80809,11.59000,8.41121,24.88954,36.20941
33-1,1783321576.385653,2026-07-06T14:06:16.385653,5.08763,1.27396,6.48145,12.99000,10.22964,5.04920,1.23075,6.21431,12.51000,9.97765,5.02689,1.22318,6.14881,12.10000,9.47673,5.07379,1.15848,5.87789,11.73000,8.99942,24.72246,38.68343
33-1,1783321576.485725,2026-07-06T14:06:16.485725,5.07963,1.27396,6.47126,12.99000,10.87722,5.05191,1.25932,6.36195,12.80000,10.61430,5.02615,1.23637,6.21416,12.23000,10.09858,5.06974,1.15946,5.87815,11.74000,9.58765,24.92552,41.17776
33-1,1783321576.585796,2026-07-06T14:06:16.585796,5.09345,1.24052,6.31851,12.65000,11.50953,5.05591,1.25932,6.36698,12.80000,11.25145,5.02615,1.23637,6.21416,12.23000,10.72044,5.07374,1.15946,5.88279,11.74000,10.17635,24.78244,43.65777
33-1,1783321576.685867,2026-07-06T14:06:16.685867,5.08550,1.23954,6.30368,12.64000,12.14034,5.05342,1.22587,6.19483,12.46000,11.87137,5.02951,1.17679,5.91870,11.64000,11.31273,5.07594,1.11600,5.66475,11.30000,10.74323,24.08196,46.06768
33-1,1783321576.785938,2026-07-06T14:06:16.785938,5.08379,1.27103,6.46167,12.96000,12.78696,5.05173,1.26322,6.38146,12.84000,12.50997,5.02724,1.21708,6.11854,12.04000,11.92502,5.07444,1.14554,5.81299,11.60000,11.32494,24.77466,48.54689
33-1,1783321576.886018,2026-07-06T14:06:16.886018,5.09048,1.14823,5.84504,11.71000,13.37194,5.05682,1.15091,5.81996,11.70000,13.09243,5.02620,1.16459,5.85344,11.52000,12.51084,5.07645,1.10599,5.61450,11.20000,11.88684,23.13294,50.86205
33-1,1783321576.986089,2026-07-06T14:06:16.986089,5.08648,1.14823,5.84045,11.71000,13.95640,5.04882,1.15091,5.81075,11.70000,13.67392,5.02220,1.16459,5.84879,11.52000,13.09613,5.06445,1.10599,5.60123,11.20000,12.44736,23.10122,53.17380
33-1,1783321577.086159,2026-07-06T14:06:17.086159,5.08801,1.26688,6.44592,12.92000,14.60144,5.05160,1.26615,6.39609,12.87000,14.31398,5.02666,1.22733,6.16938,12.14000,13.71350,5.08219,1.15043,5.84669,11.65000,13.03244,24.85808,55.66136
33-1,1783321577.186230,2026-07-06T14:06:17.186230,5.08806,1.26591,6.44102,12.91000,15.24600,5.05232,1.25028,6.31682,12.71000,14.94611,5.02575,1.24345,6.24925,12.30000,14.33887,5.08139,1.16630,5.92640,11.81000,13.62550,24.93349,58.15648
33-1,1783321577.286301,2026-07-06T14:06:17.286301,5.08470,1.25419,6.37718,12.79000,15.88417,5.05142,1.27006,6.41560,12.91000,15.58812,5.02729,1.21610,6.11370,12.03000,14.95067,5.07329,1.16825,5.92687,11.83000,14.21861,24.83335,60.64157
33-1,1783321577.386373,2026-07-06T14:06:17.386373,5.09270,1.25419,6.38721,12.79000,16.52335,5.05142,1.27006,6.41560,12.91000,16.23014,5.02329,1.21610,6.10883,12.03000,15.56200,5.06929,1.16825,5.92219,11.83000,14.81125,24.83383,63.12675
33-1,1783321577.486444,2026-07-06T14:06:17.486444,5.08677,1.28959,6.55985,13.15000,17.17980,5.05236,1.24931,6.31194,12.70000,16.86179,5.02541,1.24955,6.27949,12.36000,16.19039,5.07015,1.15140,5.83778,11.66000,15.39545,24.98906,65.62742
33-1,1783321577.586515,2026-07-06T14:06:17.586515,5.08741,1.27787,6.50106,13.03000,17.83037,5.05155,1.26713,6.40097,12.88000,17.50234,5.02689,1.22318,6.14881,12.10000,16.80571,5.07329,1.16825,5.92687,11.83000,15.98856,24.97771,68.12697
33-1,1783321577.686587,2026-07-06T14:06:17.686587,5.08806,1.26591,6.44102,12.91000,18.47494,5.05196,1.25810,6.35585,12.79000,18.13838,5.02546,1.24857,6.27466,12.35000,17.43363,5.07329,1.16825,5.92687,11.83000,16.58167,24.99840,70.62861
33-1,1783321577.786658,2026-07-06T14:06:17.786658,5.08806,1.26591,6.44102,12.91000,19.11950,5.05596,1.25810,6.36088,12.79000,18.77492,5.02546,1.24857,6.27466,12.35000,18.06154,5.07769,1.16044,5.89233,11.75000,17.17132,24.96889,73.12727
33-1,1783321577.886724,2026-07-06T14:06:17.886724,5.09093,1.28666,6.55030,13.12000,19.77496,5.05951,1.26811,6.41599,12.89000,19.41694,5.03341,1.24955,6.28949,12.36000,18.69090,5.07369,1.16044,5.88769,11.75000,17.76048,25.14347,75.64327
33-1,1783321577.986799,2026-07-06T14:06:17.986799,5.09517,1.20902,6.16017,12.33000,20.39144,5.05955,1.26713,6.41111,12.88000,20.05853,5.03586,1.20609,6.07371,11.93000,19.29873,5.07974,1.11991,5.68884,11.34000,18.32979,24.33383,78.07849
33-1,1783321578.086869,2026-07-06T14:06:18.086869,5.07968,1.27299,6.46637,12.98000,21.03853,5.05133,1.27201,6.42535,12.93000,20.70152,5.02649,1.23026,6.18391,12.17000,19.91755,5.07719,1.17020,5.94134,11.85000,18.92434,25.01697,80.58195
33-1,1783321578.186941,2026-07-06T14:06:18.186941,5.08390,1.26884,6.45065,12.94000,21.68405,5.05533,1.27201,6.43044,12.93000,21.34502,5.02249,1.23026,6.17898,12.17000,20.53589,5.07324,1.16923,5.93176,11.84000,19.51794,24.99183,83.08291
33-1,1783321578.287012,2026-07-06T14:06:18.287012,5.08790,1.26884,6.45572,12.94000,22.33009,5.05223,1.25224,6.32658,12.73000,21.97813,5.02552,1.24760,6.26982,12.34000,21.16332,5.07324,1.16923,5.93176,11.84000,20.11154,24.98388,85.58308
33-1,1783321578.387083,2026-07-06T14:06:18.387083,5.08672,1.29057,6.56475,13.16000,22.98703,5.05151,1.26811,6.40585,12.89000,22.61917,5.02518,1.25346,6.29885,12.40000,21.79365,5.07714,1.17118,5.94624,11.86000,20.70658,25.21569,88.10644
33-1,1783321578.487154,2026-07-06T14:06:18.487154,5.08757,1.27494,6.48636,13.00000,23.63612,5.05578,1.26225,6.38163,12.83000,23.25779,5.03752,1.24760,6.28479,12.34000,22.42258,5.07784,1.15751,5.87763,11.72000,21.29476,25.03041,90.61125
33-1,1783321578.587225,2026-07-06T14:06:18.587225,5.08235,1.29740,6.59385,13.23000,24.29597,5.05578,1.26225,6.38163,12.83000,23.89640,5.02552,1.24760,6.26982,12.34000,23.05000,5.06499,1.17411,5.94685,11.89000,21.88987,25.19215,93.13225
33-1,1783321578.687297,2026-07-06T14:06:18.687297,5.07835,1.29740,6.58866,13.23000,24.95532,5.05533,1.27201,6.43044,12.93000,24.53991,5.02930,1.25150,6.29418,12.38000,23.67988,5.06899,1.17411,5.95155,11.89000,22.48545,25.26483,95.66056
33-1,1783321578.787368,2026-07-06T14:06:18.787368,5.08709,1.28373,6.53046,13.09000,25.60882,5.05524,1.27396,6.44020,12.95000,25.18439,5.02569,1.24442,6.25409,12.31000,24.30573,5.07294,1.17508,5.96114,11.90000,23.08199,25.18589,98.18093
33-1,1783321578.887439,2026-07-06T14:06:18.887439,5.08656,1.29350,6.57945,13.19000,26.26724,5.04845,1.24735,6.29720,12.68000,25.81456,5.02524,1.25248,6.29401,12.39000,24.93558,5.07299,1.17411,5.95624,11.89000,23.67804,25.12690,100.69541
33-1,1783321578.987510,2026-07-06T14:06:18.987510,5.07568,1.27299,6.46128,12.98000,26.91383,5.05645,1.24735,6.30718,12.68000,26.44572,5.02512,1.25468,6.30490,12.41000,25.56652,5.07369,1.16044,5.88769,11.75000,24.26723,24.96105,103.19329
33-1,1783321579.087582,2026-07-06T14:06:19.087582,5.08368,1.27299,6.47146,12.98000,27.56144,5.05120,1.27494,6.43998,12.96000,27.09018,5.02512,1.25468,6.30490,12.41000,26.19746,5.06883,1.17728,5.96745,11.92000,24.86440,25.18379,105.71348
33-1,1783321579.187653,2026-07-06T14:06:19.187653,5.08720,1.28178,6.52066,13.07000,28.21397,5.05102,1.27885,6.45949,13.00000,27.73659,5.02466,1.26273,6.34481,12.49000,26.83239,5.07283,1.17728,5.97216,11.92000,25.46204,25.29712,108.24499
33-1,1783321579.287724,2026-07-06T14:06:19.287724,5.08688,1.28764,6.55005,13.13000,28.86944,5.06018,1.25321,6.34148,12.74000,28.37119,5.02581,1.24247,6.24441,12.29000,27.45727,5.07288,1.17631,5.96726,11.91000,26.05919,25.10320,110.75709
33-1,1783321579.387796,2026-07-06T14:06:19.387796,5.09125,1.28080,6.52088,13.06000,29.52199,5.05618,1.25321,6.33647,12.74000,29.00529,5.02930,1.25150,6.29418,12.38000,28.08714,5.07278,1.17826,5.97705,11.93000,26.65732,25.12858,113.27175
33-1,1783321579.487867,2026-07-06T14:06:19.487867,5.08325,1.28080,6.51063,13.06000,30.17352,5.04724,1.27396,6.43001,12.95000,29.64875,5.02530,1.25150,6.28917,12.38000,28.71651,5.07288,1.17631,5.96726,11.91000,27.25448,25.19707,115.79326
33-1,1783321579.587938,2026-07-06T14:06:19.587938,5.07941,1.27787,6.49083,13.03000,30.82306,5.04711,1.27689,6.44463,12.98000,30.29367,5.02095,1.25761,6.31438,12.44000,29.34840,5.07288,1.17631,5.96726,11.91000,27.85163,25.21710,118.31676
33-1,1783321579.688010,2026-07-06T14:06:19.688010,5.09429,1.29838,6.61433,13.24000,31.48497,5.05907,1.27787,6.46484,12.99000,30.94062,5.02066,1.26273,6.33976,12.49000,29.98283,5.06924,1.16923,5.92709,11.84000,28.44476,25.34602,120.85318
33-1,1783321579.788080,2026-07-06T14:06:19.788080,5.09419,1.30033,6.62414,13.26000,32.14785,5.05907,1.27787,6.46484,12.99000,31.58756,5.03369,1.24442,6.26404,12.31000,30.60967,5.06888,1.17631,5.96255,11.91000,29.04144,25.31557,123.38652
33-1,1783321579.888152,2026-07-06T14:06:19.888152,5.07893,1.28666,6.53486,13.12000,32.80181,5.05529,1.27299,6.43532,12.94000,32.23155,5.02569,1.24442,6.25409,12.31000,31.23553,5.07264,1.18119,5.99174,11.96000,29.64104,25.21601,125.90993
33-1,1783321579.988224,2026-07-06T14:06:19.988224,5.09093,1.28666,6.55030,13.12000,33.45731,5.05529,1.27299,6.43532,12.94000,32.87555,5.02084,1.25956,6.32405,12.46000,31.86839,5.07264,1.18119,5.99174,11.96000,30.24064,25.30141,128.44189
33-1,1783321580.088296,2026-07-06T14:06:20.088296,5.07872,1.29057,6.55443,13.16000,34.11322,5.05511,1.27689,6.45484,12.98000,33.52149,5.02090,1.25858,6.31922,12.45000,32.50077,5.07264,1.18119,5.99174,11.96000,30.84025,25.32023,130.97573
33-1,1783321580.188366,2026-07-06T14:06:20.188366,5.07915,1.28275,6.51529,13.08000,34.76521,5.04711,1.27689,6.44463,12.98000,34.16641,5.02484,1.25956,6.32909,12.46000,33.13412,5.07269,1.18021,5.98684,11.95000,31.43935,25.27585,133.50510
33-1,1783321580.288434,2026-07-06T14:06:20.288434,5.09277,1.17972,6.00806,12.03000,35.36642,5.06329,1.27299,6.44551,12.94000,34.81140,5.02084,1.25956,6.32405,12.46000,33.76695,5.08065,1.10208,5.59930,11.16000,31.99966,24.37692,135.94443
33-1,1783321580.388502,2026-07-06T14:06:20.388502,5.08077,1.17972,5.99390,12.03000,35.96622,5.06347,1.26908,6.42595,12.90000,35.45443,5.04054,1.12308,5.66094,11.11000,34.33344,5.06059,1.18216,5.98245,11.97000,32.59832,24.06324,138.35241
33-1,1783321580.488574,2026-07-06T14:06:20.488574,5.08704,1.28471,6.53536,13.10000,36.62022,5.05516,1.27592,6.44996,12.97000,36.09989,5.03335,1.25053,6.29434,12.37000,34.96332,5.07659,1.18216,6.00136,11.97000,33.19888,25.28102,140.88231
33-1,1783321580.588644,2026-07-06T14:06:20.588644,5.08672,1.29057,6.56475,13.16000,37.27716,5.05516,1.27592,6.44996,12.97000,36.74534,5.02479,1.26054,6.33393,12.47000,35.59716,5.07259,1.18216,5.99663,11.97000,33.79897,25.34527,143.41862
33-1,1783321580.688716,2026-07-06T14:06:20.688716,5.09036,1.22391,6.23016,12.48000,37.90063,5.04205,1.21195,6.11072,12.32000,37.35685,5.02479,1.26054,6.33393,12.47000,36.23101,5.07829,1.06961,5.43181,10.83000,34.34254,24.10662,145.83102
33-1,1783321580.788787,2026-07-06T14:06:20.788787,5.09836,1.22391,6.23995,12.48000,38.52506,5.04397,1.16971,5.89999,11.89000,37.94727,5.03650,1.26566,6.37451,12.52000,36.86891,5.09056,0.82766,4.21326,8.38000,34.76416,22.72771,148.10541
33-1,1783321580.888858,2026-07-06T14:06:20.888858,5.09523,0.84133,4.28679,8.58000,38.95405,5.06421,0.89920,4.55373,9.14000,38.40297,5.05920,0.86331,4.36765,8.54000,37.30598,5.08256,0.82766,4.20664,8.38000,35.18513,17.41481,149.84812
33-1,1783321580.988930,2026-07-06T14:06:20.988930,5.09101,0.84524,4.30313,8.62000,39.38467,5.06421,0.89920,4.55373,9.14000,38.85867,5.03014,1.09476,5.50680,10.83000,37.85706,5.07461,0.82669,4.19510,8.37000,35.60494,18.55876,151.70534
34-1,1783321581.089028,2026-07-06T14:06:21.089028,5.07127,1.20707,6.12137,12.31000,0.61274,5.05142,1.27006,6.41560,12.91000,0.64219,5.03414,1.09476,5.51118,10.83000,0.55166,5.05864,1.14164,5.77513,11.56000,0.57808,23.82328,2.38466
34-1,1783321581.189100,2026-07-06T14:06:21.189100,5.08340,1.35136,6.86951,13.78000,1.30018,5.04777,1.35063,6.81766,13.73000,1.32445,5.02135,1.32133,6.63486,13.07000,1.21562,5.06823,1.26811,6.42705,12.84000,1.22125,26.74908,5.06150
34-1,1783321581.289175,2026-07-06T14:06:21.289175,5.08340,1.35136,6.86951,13.78000,1.98765,5.07483,1.01810,5.16667,10.35000,1.84150,5.04806,0.84817,4.28161,8.39000,1.64410,5.07623,1.26811,6.43719,12.84000,1.86545,22.75498,7.33870
34-1,1783321581.389247,2026-07-06T14:06:21.389247,5.08470,1.25419,6.37718,12.79000,2.62583,5.05883,1.01810,5.15038,10.35000,2.35691,5.01460,1.22831,6.15948,12.15000,2.26050,5.07099,1.13480,5.75456,11.49000,2.44132,23.44160,9.68455
34-1,1783321581.489318,2026-07-06T14:06:21.489318,5.08465,1.25517,6.38208,12.80000,3.26449,5.05307,1.23368,6.23387,12.54000,2.98074,5.02660,1.22831,6.17422,12.15000,2.87836,5.06994,1.15555,5.85858,11.70000,3.02759,24.64875,12.15117
34-1,1783321581.589390,2026-07-06T14:06:21.589390,5.08757,1.27494,6.48636,13.00000,3.91359,5.05210,1.25517,6.34122,12.76000,3.61532,5.02804,1.20292,6.04831,11.90000,3.48362,5.07394,1.15555,5.86320,11.70000,3.61433,24.73909,14.62686
34-1,1783321581.689462,2026-07-06T14:06:21.689462,5.08757,1.27494,6.48636,13.00000,4.56270,5.05623,1.25224,6.33159,12.73000,4.24894,5.02604,1.23832,6.22384,12.25000,4.10646,5.06994,1.15555,5.85858,11.70000,4.20062,24.90037,17.11871
34-1,1783321581.789534,2026-07-06T14:06:21.789534,5.08465,1.25517,6.38208,12.80000,5.20136,5.04823,1.25224,6.32157,12.73000,4.88155,5.03044,1.23124,6.19367,12.18000,4.72627,5.07419,1.15043,5.83748,11.65000,4.78478,24.73480,19.59396
35-1,1783321581.889629,2026-07-06T14:06:21.889629,5.08449,1.25810,6.39677,12.83000,0.64028,5.05738,1.22684,6.20461,12.47000,0.62105,5.02644,1.23124,6.18875,12.18000,0.61946,5.06989,1.15653,5.86347,11.71000,0.58690,24.65360,2.46769
35-1,1783321581.989700,2026-07-06T14:06:21.989700,5.08192,1.30522,6.63300,13.31000,1.30405,5.05324,1.31816,6.66096,13.40000,1.28762,5.02826,1.19901,6.02894,11.86000,1.22278,5.06564,1.24027,6.28277,12.56000,1.21562,25.60567,5.03007
35-1,1783321582.089770,2026-07-06T14:06:22.089770,5.08592,1.30522,6.63822,13.31000,1.96834,5.04261,1.37626,6.93996,13.99000,1.98210,5.02215,1.30717,6.56480,12.93000,1.87973,5.07599,1.11502,5.65985,11.29000,1.78201,25.80283,7.61218
35-1,1783321582.189841,2026-07-06T14:06:22.189841,5.08549,1.31303,6.67740,13.39000,2.63656,5.05061,1.37626,6.95097,13.99000,2.67769,5.06475,0.83596,4.23394,8.27000,2.30342,5.06799,1.11502,5.65093,11.29000,2.34750,23.51324,9.96517
35-1,1783321582.289912,2026-07-06T14:06:22.289912,5.08998,1.23075,6.26450,12.55000,3.26345,5.05958,1.08988,5.51432,11.08000,3.22951,5.03675,0.83596,4.21054,8.27000,2.72477,5.07689,1.09720,5.57037,11.11000,2.90493,21.55973,12.12267
35-1,1783321582.389982,2026-07-06T14:06:22.389982,5.08838,1.26005,6.41161,12.85000,3.90506,5.05223,1.25224,6.32658,12.73000,3.86262,5.03044,1.23124,6.19367,12.18000,3.34458,5.07454,1.14359,5.80319,11.58000,3.48566,24.73505,14.59792
35-1,1783321582.490054,2026-07-06T14:06:22.490054,5.08412,1.26493,6.43106,12.90000,4.54863,5.05333,1.22782,6.20459,12.48000,4.48352,5.02780,1.20707,6.06890,11.94000,3.95190,5.06994,1.15555,5.85858,11.70000,4.07194,24.56313,17.05599
35-1,1783321582.590126,2026-07-06T14:06:22.590126,5.08412,1.26493,6.43106,12.90000,5.19220,5.05333,1.22782,6.20459,12.48000,5.10443,5.03004,1.16752,5.87265,11.55000,4.53959,5.07394,1.15555,5.86320,11.70000,4.65868,24.37150,19.49489
35-1,1783321582.690197,2026-07-06T14:06:22.690197,5.09168,1.27299,6.48165,12.98000,5.84082,5.05272,1.24149,6.27291,12.62000,5.73216,5.02860,1.12210,5.64261,11.10000,5.10425,5.07384,1.15751,5.87300,11.72000,5.24640,24.27017,21.92362
35-1,1783321582.790267,2026-07-06T14:06:22.790267,5.09430,1.22489,6.23996,12.49000,6.46526,5.05708,1.14505,5.79063,11.64000,6.31164,5.02460,1.12210,5.63812,11.10000,5.66846,5.07760,1.08329,5.50049,10.97000,5.79684,23.16920,24.24219
35-1,1783321582.890338,2026-07-06T14:06:22.890338,5.08833,1.26102,6.41651,12.86000,7.10737,5.04801,1.25712,6.34594,12.78000,6.94668,5.02609,1.23734,6.21900,12.24000,6.29080,5.07479,1.13871,5.77870,11.53000,6.37512,24.76015,26.71996
35-1,1783321582.990412,2026-07-06T14:06:22.990412,5.08433,1.26102,6.41147,12.86000,7.74898,5.05601,1.25712,6.35600,12.78000,7.58275,5.02655,1.22929,6.17906,12.16000,6.90916,5.07479,1.13871,5.77870,11.53000,6.95341,24.72523,29.19430
35-1,1783321583.090485,2026-07-06T14:06:23.090485,5.08833,1.26102,6.41651,12.86000,8.39110,5.05227,1.25126,6.32170,12.72000,8.21538,5.02586,1.24149,6.23957,12.28000,7.53357,5.06989,1.15653,5.86347,11.71000,7.54019,24.84125,31.68024
35-1,1783321583.190551,2026-07-06T14:06:23.190551,5.08736,1.27885,6.50596,13.04000,9.04213,5.05241,1.24833,6.30707,12.69000,8.84650,5.02586,1.24149,6.23957,12.28000,8.15794,5.07444,1.14554,5.81299,11.60000,8.12187,24.86559,34.16843
35-1,1783321583.290622,2026-07-06T14:06:23.290622,5.08822,1.26298,6.42632,12.88000,9.68522,5.05210,1.25517,6.34122,12.76000,9.48108,5.02615,1.23637,6.21416,12.23000,8.77980,5.07379,1.15848,5.87789,11.73000,8.71008,24.85959,36.65617
35-1,1783321583.390694,2026-07-06T14:06:23.390694,5.08822,1.26298,6.42632,12.88000,10.32831,5.05210,1.25517,6.34122,12.76000,10.11565,5.02671,1.22636,6.16454,12.13000,9.39670,5.06589,1.15653,5.85885,11.71000,9.29638,24.79093,39.13705
35-1,1783321583.490765,2026-07-06T14:06:23.490765,5.08709,1.28373,6.53046,13.09000,10.98182,5.04925,1.22977,6.20943,12.50000,10.73704,5.02575,1.24345,6.24925,12.30000,10.02207,5.07389,1.15653,5.86810,11.71000,9.88361,24.85724,41.62453
35-1,1783321583.590836,2026-07-06T14:06:23.590836,5.08715,1.28275,6.52556,13.08000,11.63484,5.04791,1.25932,6.35691,12.80000,11.37318,5.02175,1.24345,6.24428,12.30000,10.64693,5.07374,1.15946,5.88279,11.74000,10.47230,25.00954,44.12725
35-1,1783321583.690906,2026-07-06T14:06:23.690906,5.09163,1.27396,6.48655,12.99000,12.28395,5.06041,1.24833,6.31705,12.69000,12.00533,5.02351,1.21220,6.08948,11.99000,11.25631,5.07369,1.16044,5.88769,11.75000,11.06149,24.78077,46.60708
35-1,1783321583.790977,2026-07-06T14:06:23.790977,5.08363,1.27396,6.47636,12.99000,12.93205,5.05641,1.24833,6.31206,12.69000,12.63698,5.02158,1.24638,6.25878,12.33000,11.88263,5.07364,1.16141,5.89259,11.76000,11.65116,24.93979,49.10282
35-1,1783321583.891049,2026-07-06T14:06:23.891049,5.08320,1.28178,6.51553,13.07000,13.58407,5.05564,1.26518,6.39627,12.86000,13.27707,5.02769,1.20902,6.07859,11.96000,12.49093,5.07364,1.16141,5.89259,11.76000,12.24085,24.88298,51.59291
35-1,1783321583.991119,2026-07-06T14:06:23.991119,5.08444,1.25907,6.40167,12.84000,14.22469,5.05191,1.25932,6.36195,12.80000,13.91371,5.02769,1.20902,6.07859,11.96000,13.09922,5.06959,1.16239,5.89283,11.77000,12.83054,24.73504,54.06816
35-1,1783321584.091190,2026-07-06T14:06:24.091190,5.09171,1.12577,5.73208,11.48000,14.79830,5.05713,1.14408,5.78575,11.63000,14.49269,5.01775,1.17264,5.88403,11.60000,13.68804,5.07595,1.03690,5.26324,10.50000,13.35724,22.66510,56.33627
35-1,1783321584.191261,2026-07-06T14:06:24.191261,5.08683,1.28861,6.55495,13.14000,15.45426,5.05991,1.25932,6.37202,12.80000,15.13035,5.01431,1.23344,6.18484,12.20000,14.30696,5.06954,1.16337,5.89773,11.78000,13.94743,25.00954,58.83899
35-1,1783321584.291332,2026-07-06T14:06:24.291332,5.09083,1.28861,6.56011,13.14000,16.11074,5.05591,1.25932,6.36698,12.80000,15.76750,5.02581,1.24247,6.24441,12.29000,14.93184,5.06954,1.16337,5.89773,11.78000,14.53762,25.06923,61.34770
35-1,1783321584.391449,2026-07-06T14:06:24.391449,5.08822,1.26298,6.42632,12.88000,16.75412,5.05933,1.27201,6.43553,12.93000,16.41180,5.02581,1.24247,6.24441,12.29000,15.55701,5.07334,1.16727,5.92197,11.82000,15.13051,25.02823,63.85345
35-1,1783321584.491522,2026-07-06T14:06:24.491522,5.08704,1.28471,6.53536,13.10000,17.40813,5.05973,1.26322,6.39156,12.84000,17.05143,5.02564,1.24540,6.25893,12.32000,16.18336,5.07429,1.14847,5.82769,11.63000,15.71371,25.01354,66.35663
35-1,1783321584.591593,2026-07-06T14:06:24.591593,5.08709,1.28373,6.53046,13.09000,18.06164,5.05160,1.26615,6.39609,12.87000,17.69149,5.02552,1.24760,6.26982,12.34000,16.81079,5.06929,1.16825,5.92219,11.83000,16.30635,25.11856,68.87027
35-1,1783321584.691664,2026-07-06T14:06:24.691664,5.08309,1.28373,6.52532,13.09000,18.71464,5.05160,1.26615,6.39609,12.87000,18.33155,5.02535,1.25053,6.28433,12.37000,17.43967,5.07324,1.16923,5.93176,11.84000,16.89994,25.13750,71.38581
35-1,1783321584.791735,2026-07-06T14:06:24.791735,5.08347,1.27689,6.49105,13.02000,19.36420,5.04786,1.26029,6.36178,12.81000,18.96818,5.02535,1.25053,6.28433,12.37000,18.06855,5.07324,1.16923,5.93176,11.84000,17.49354,25.06892,73.89448
35-1,1783321584.891808,2026-07-06T14:06:24.891808,5.08406,1.26591,6.43596,12.91000,20.00827,5.04769,1.26420,6.38128,12.85000,19.60677,5.01855,1.22929,6.16923,12.16000,18.68592,5.06989,1.15653,5.86347,11.71000,18.08031,24.84994,76.38127
35-1,1783321584.991876,2026-07-06T14:06:24.991876,5.08315,1.28275,6.52043,13.08000,20.66075,5.05241,1.24833,6.30707,12.69000,20.23791,5.01735,1.25053,6.27433,12.37000,19.31378,5.06919,1.17020,5.93198,11.85000,18.67392,25.03381,78.88637
35-1,1783321585.091944,2026-07-06T14:06:25.091944,5.08715,1.28275,6.52556,13.08000,21.31376,5.05641,1.24833,6.31206,12.69000,20.86955,5.02255,1.22929,6.17415,12.16000,19.93162,5.07319,1.17020,5.93666,11.85000,19.26799,24.94843,81.38291
35-1,1783321585.192016,2026-07-06T14:06:25.192016,5.09083,1.28861,6.56011,13.14000,21.97024,5.05547,1.26908,6.41580,12.90000,21.51159,5.03055,1.22929,6.18398,12.16000,20.55046,5.06919,1.17020,5.93198,11.85000,19.86161,25.09187,83.89390
35-1,1783321585.292088,2026-07-06T14:06:25.292088,5.08283,1.28861,6.54980,13.14000,22.62569,5.05676,1.24052,6.27299,12.61000,22.13934,5.02518,1.25346,6.29885,12.40000,21.18080,5.06994,1.15555,5.85858,11.70000,20.44789,24.98022,86.39373
35-1,1783321585.392159,2026-07-06T14:06:25.392159,5.08277,1.28959,6.55469,13.15000,23.28162,5.04738,1.27103,6.41539,12.92000,22.78133,5.02501,1.25663,6.31457,12.43000,21.81271,5.06904,1.17313,5.94666,11.88000,21.04298,25.23131,88.91865
35-1,1783321585.492229,2026-07-06T14:06:25.492229,5.08299,1.28568,6.53511,13.11000,23.93560,5.05538,1.27103,6.42556,12.92000,23.42434,5.02204,1.23832,6.21889,12.25000,22.43503,5.06894,1.17508,5.95644,11.90000,21.63904,25.13600,91.43402
35-1,1783321585.592300,2026-07-06T14:06:25.592300,5.08299,1.28568,6.53511,13.11000,24.58957,5.05924,1.27396,6.44530,12.95000,24.06933,5.03004,1.23832,6.22879,12.25000,23.05835,5.06894,1.17508,5.95644,11.90000,22.23511,25.16564,93.95235
36-1,1783321585.692402,2026-07-06T14:06:25.692402,5.08251,1.29447,6.57917,13.20000,0.65859,5.06138,1.22684,6.20952,12.47000,0.62159,5.02112,1.25468,6.29988,12.41000,0.63063,5.06954,1.16337,5.89773,11.78000,0.59038,24.98630,2.50119
36-1,1783321585.792473,2026-07-06T14:06:25.792473,5.08181,1.30717,6.64279,13.33000,1.32334,5.04813,1.34281,6.77870,13.65000,1.29994,5.01764,1.31620,6.60423,13.02000,1.29152,5.06533,1.24638,6.31331,12.62000,1.22215,26.33903,5.13695
36-1,1783321585.892543,2026-07-06T14:06:25.892543,5.08502,1.24833,6.34778,12.73000,1.95856,5.06413,1.34281,6.80018,13.65000,1.98043,5.02814,1.13016,5.68261,11.18000,1.86018,5.07985,1.03885,5.27720,10.52000,1.75025,24.10777,7.54943
36-1,1783321585.992615,2026-07-06T14:06:25.992615,5.08502,1.24833,6.34778,12.73000,2.59380,5.06138,0.87356,4.42142,8.88000,2.42289,5.02529,1.18070,5.93336,11.68000,2.45395,5.06785,1.03885,5.26474,10.52000,2.27710,21.96730,9.74773
36-1,1783321586.092686,2026-07-06T14:06:26.092686,5.08477,1.10623,5.62496,11.28000,3.15669,5.06026,0.89822,4.54523,9.13000,2.87774,5.03329,1.18070,5.94281,11.68000,3.04865,5.07350,1.08524,5.50596,10.99000,2.82808,21.61896,11.91116
36-1,1783321586.192756,2026-07-06T14:06:26.192756,5.09859,0.85305,4.34937,8.70000,3.59194,5.06030,0.89724,4.54033,9.12000,3.33209,5.04320,0.86331,4.35384,8.54000,3.48434,5.08261,0.82669,4.20172,8.37000,3.24855,17.44526,13.65692
36-1,1783321586.292873,2026-07-06T14:06:26.292873,5.06481,1.25224,6.34234,12.77000,4.22691,5.06030,0.89724,4.54033,9.12000,3.78666,5.02238,1.23222,6.18866,12.19000,4.10393,5.06615,1.15140,5.83317,11.66000,3.83255,22.90450,15.95005
36-1,1783321586.392990,2026-07-06T14:06:26.392990,5.08881,1.25224,6.37239,12.77000,4.86490,5.05241,1.24833,6.30707,12.69000,4.41810,5.02786,1.20609,6.06406,11.93000,4.71104,5.07074,1.13968,5.77904,11.54000,4.41113,24.52256,18.40517
36-1,1783321586.493108,2026-07-06T14:06:26.493108,5.08352,1.27592,6.48615,13.01000,5.51427,5.05329,1.22880,6.20947,12.49000,5.03978,5.02386,1.20609,6.05923,11.93000,5.31768,5.07074,1.13968,5.77904,11.54000,4.98971,24.53389,20.86144
36-1,1783321586.593225,2026-07-06T14:06:26.593225,5.08470,1.25419,6.37718,12.79000,6.15274,5.04832,1.25028,6.31182,12.71000,5.67170,5.02969,1.24442,6.25907,12.31000,5.94432,5.07379,1.15848,5.87789,11.73000,5.57820,24.82596,23.34696
36-1,1783321586.693342,2026-07-06T14:06:26.693342,5.08768,1.27299,6.47655,12.98000,6.80115,5.05232,1.25028,6.31682,12.71000,6.30412,5.03031,1.23344,6.20457,12.20000,6.56550,5.07509,1.13285,5.74930,11.47000,6.15379,24.74724,25.82457
36-1,1783321586.793459,2026-07-06T14:06:26.793459,5.08950,1.23954,6.30864,12.64000,7.43275,5.04814,1.25419,6.33132,12.75000,6.93799,5.02346,1.21317,6.09432,12.00000,7.17565,5.06998,1.15458,5.85368,11.69000,6.73985,24.58796,28.28625
36-1,1783321586.893576,2026-07-06T14:06:26.893576,5.08550,1.23954,6.30368,12.64000,8.06386,5.04992,1.21488,6.13505,12.35000,7.55222,5.02746,1.21317,6.09917,12.00000,7.78628,5.07398,1.15458,5.85830,11.69000,7.32637,24.39620,30.72873
36-1,1783321586.993695,2026-07-06T14:06:26.993695,5.09511,1.21000,6.16508,12.34000,8.68110,5.04410,1.25517,6.33117,12.76000,8.18608,5.02991,1.16971,5.88355,11.57000,8.37533,5.07954,1.04495,5.30789,10.58000,7.85778,23.68769,33.10030
36-1,1783321587.093812,2026-07-06T14:06:27.093812,5.09281,1.25224,6.37740,12.77000,9.31959,5.05210,1.25517,6.34122,12.76000,8.82095,5.02700,1.22123,6.13912,12.08000,8.98996,5.07394,1.15555,5.86320,11.70000,8.44479,24.72094,35.57528
36-1,1783321587.193929,2026-07-06T14:06:27.193929,5.08785,1.26981,6.46063,12.95000,9.96641,5.05210,1.25517,6.34122,12.76000,9.45581,5.02575,1.24345,6.24925,12.30000,9.61562,5.07064,1.14164,5.78883,11.56000,9.02435,24.83993,38.06219
36-1,1783321587.294047,2026-07-06T14:06:27.294047,5.08385,1.26981,6.45555,12.95000,10.61272,5.05333,1.22782,6.20459,12.48000,10.07700,5.02975,1.24345,6.25422,12.30000,10.24178,5.07064,1.14164,5.78883,11.56000,9.60392,24.70319,40.53542
36-1,1783321587.394165,2026-07-06T14:06:27.394165,5.08849,1.25810,6.40181,12.83000,11.25366,5.04801,1.25712,6.34594,12.78000,10.71235,5.02626,1.23441,6.20448,12.21000,10.86296,5.07379,1.15848,5.87789,11.73000,10.19240,24.83012,43.02137
36-1,1783321587.494280,2026-07-06T14:06:27.494280,5.08801,1.26688,6.44592,12.92000,11.89899,5.05601,1.25712,6.35600,12.78000,11.34868,5.02586,1.24149,6.23957,12.28000,11.48763,5.07074,1.13968,5.77904,11.54000,10.77097,24.82053,45.50627
36-1,1783321587.594398,2026-07-06T14:06:27.594398,5.08940,1.24149,6.31845,12.66000,12.53158,5.04880,1.23954,6.25819,12.60000,11.97524,5.02986,1.24149,6.24454,12.28000,12.11283,5.06959,1.16239,5.89283,11.77000,11.36095,24.71401,47.98059
36-1,1783321587.694515,2026-07-06T14:06:27.694515,5.08940,1.24149,6.31845,12.66000,13.16417,5.04755,1.26713,6.39590,12.88000,12.61557,5.02586,1.24149,6.23957,12.28000,12.73751,5.06998,1.15458,5.85368,11.69000,11.94700,24.80760,50.46425
36-1,1783321587.794635,2026-07-06T14:06:27.794635,5.08220,1.22684,6.23506,12.51000,13.78842,5.05258,1.24442,6.28755,12.65000,13.24508,5.02449,1.19486,6.00357,11.82000,13.33859,5.06998,1.15458,5.85368,11.69000,12.53307,24.37986,52.90517
36-1,1783321587.894752,2026-07-06T14:06:27.894752,5.08294,1.21317,6.16648,12.37000,14.40579,5.05258,1.24442,6.28755,12.65000,13.87458,5.02517,1.18290,5.94426,11.70000,13.93371,5.07049,1.14457,5.80351,11.59000,13.11410,24.20180,55.32818
36-1,1783321587.994870,2026-07-06T14:06:27.994870,5.07573,1.27201,6.45639,12.97000,15.05219,5.05251,1.15775,5.84954,11.77000,14.46022,5.02592,1.24052,6.23473,12.27000,14.55792,5.06959,1.16239,5.89283,11.77000,13.70408,24.43349,57.77440
36-1,1783321588.094989,2026-07-06T14:06:28.094989,5.08773,1.27201,6.47165,12.97000,15.70012,5.04786,1.26029,6.36178,12.81000,15.09715,5.02192,1.24052,6.22977,12.27000,15.18164,5.07359,1.16239,5.89748,11.77000,14.29453,24.96068,60.27344
36-1,1783321588.195106,2026-07-06T14:06:28.195106,5.08768,1.27299,6.47655,12.98000,16.34854,5.05173,1.26322,6.38146,12.84000,15.73605,5.02586,1.24149,6.23957,12.28000,15.80633,5.07359,1.16239,5.89748,11.77000,14.88497,24.99506,62.77588
36-1,1783321588.295223,2026-07-06T14:06:28.295223,5.08801,1.26688,6.44592,12.92000,16.99389,5.05573,1.26322,6.38651,12.84000,16.37544,5.02564,1.24540,6.25893,12.32000,16.43295,5.07444,1.14554,5.81299,11.60000,15.46694,24.90435,65.26923
36-1,1783321588.395340,2026-07-06T14:06:28.395340,5.08833,1.26102,6.41651,12.86000,17.63629,5.05586,1.26029,6.37187,12.81000,17.01338,5.02530,1.25150,6.28917,12.38000,17.06260,5.07329,1.16825,5.92687,11.83000,16.06032,25.00442,67.77259
36-1,1783321588.495458,2026-07-06T14:06:28.495458,5.09104,1.28471,6.54049,13.10000,18.29111,5.05578,1.26225,6.38163,12.83000,17.65229,5.02930,1.25150,6.29418,12.38000,17.69277,5.07344,1.16532,5.91217,11.80000,16.65224,25.12847,70.28841
36-1,1783321588.595577,2026-07-06T14:06:28.595577,5.08704,1.28471,6.53536,13.10000,18.94542,5.04329,1.27299,6.42005,12.94000,18.29506,5.02586,1.24149,6.23957,12.28000,18.31746,5.06944,1.16532,5.90751,11.80000,17.24369,25.10249,72.80163
36-1,1783321588.695695,2026-07-06T14:06:28.695695,5.07904,1.28471,6.52508,13.10000,19.59870,5.05929,1.27299,6.44041,12.94000,18.93987,5.02546,1.24857,6.27466,12.35000,18.94567,5.07429,1.14847,5.82769,11.63000,17.82715,25.06784,75.31139
36-1,1783321588.795812,2026-07-06T14:06:28.795812,5.07957,1.27494,6.47616,13.00000,20.24708,5.04769,1.26420,6.38128,12.85000,19.57874,5.02300,1.22123,6.13424,12.08000,19.55981,5.06934,1.16727,5.91730,11.82000,18.41957,24.90898,77.80521
36-1,1783321588.895930,2026-07-06T14:06:28.895930,5.09425,1.22587,6.24487,12.50000,20.87230,5.05094,1.19242,6.02283,12.12000,20.18173,5.02700,1.22123,6.13912,12.08000,20.17445,5.07274,1.10013,5.58068,11.14000,18.97830,23.98750,80.20677
36-1,1783321588.996047,2026-07-06T14:06:28.996047,5.08625,1.22587,6.23507,12.50000,21.49653,5.05155,1.26713,6.40097,12.88000,20.82258,5.02626,1.23441,6.20448,12.21000,20.79562,5.06929,1.16825,5.92219,11.83000,19.57121,24.76271,82.68593
36-1,1783321589.096164,2026-07-06T14:06:29.096164,5.08796,1.26786,6.45082,12.93000,22.14237,5.05555,1.26713,6.40604,12.88000,21.46393,5.02552,1.24760,6.26982,12.34000,21.42334,5.06929,1.16825,5.92219,11.83000,20.16413,25.04887,85.19378
36-1,1783321589.196281,2026-07-06T14:06:29.196281,5.08672,1.29057,6.56475,13.16000,22.79962,5.05676,1.24052,6.27299,12.61000,22.09197,5.02524,1.25248,6.29401,12.39000,22.05348,5.07309,1.17215,5.94645,11.87000,20.75947,25.07820,87.70453
36-1,1783321589.296398,2026-07-06T14:06:29.296398,5.08688,1.28764,6.55005,13.13000,23.45539,5.05542,1.27006,6.42068,12.91000,22.73479,5.03020,1.23539,6.21426,12.22000,22.67563,5.07369,1.16044,5.88769,11.75000,21.34892,25.07268,90.21473
36-1,1783321589.396516,2026-07-06T14:06:29.396516,5.08288,1.28764,6.54490,13.13000,24.11065,5.04778,1.26225,6.37153,12.83000,23.37269,5.02220,1.23539,6.20438,12.22000,23.29680,5.07309,1.17215,5.94645,11.87000,21.94427,25.06726,92.72441
36-1,1783321589.496634,2026-07-06T14:06:29.496634,5.08433,1.26102,6.41147,12.86000,24.75255,5.05978,1.26225,6.38668,12.83000,24.01211,5.02558,1.24638,6.26377,12.33000,23.92391,5.06909,1.17215,5.94176,11.87000,22.53915,25.00368,95.22772
36-1,1783321589.596751,2026-07-06T14:06:29.596751,5.09650,1.18461,6.03735,12.08000,25.35699,5.05592,1.17069,5.91892,11.90000,24.60470,5.02626,1.23441,6.20448,12.21000,24.54509,5.07785,1.07840,5.47596,10.92000,23.08738,23.63671,97.59416
36-1,1783321589.696868,2026-07-06T14:06:29.696868,5.09147,1.27689,6.50126,13.02000,26.00788,5.05116,1.27592,6.44486,12.97000,25.24994,5.02535,1.25053,6.28433,12.37000,25.17426,5.07389,1.15653,5.86810,11.71000,23.67488,25.09855,100.10696
36-1,1783321589.796984,2026-07-06T14:06:29.796984,5.08709,1.28373,6.53046,13.09000,26.66168,5.05596,1.25810,6.36088,12.79000,25.88676,5.02135,1.25053,6.27933,12.37000,25.80292,5.07309,1.17215,5.94645,11.87000,24.27021,25.11712,102.62157
36-1,1783321589.897101,2026-07-06T14:06:29.897101,5.08709,1.28373,6.53046,13.09000,27.31549,5.05196,1.25810,6.35585,12.79000,26.52309,5.02918,1.25346,6.30386,12.40000,26.43404,5.07309,1.17215,5.94645,11.87000,24.86556,25.13662,105.13818
36-1,1783321589.997219,2026-07-06T14:06:29.997219,5.09217,1.26395,6.43627,12.89000,27.95988,5.04733,1.27201,6.42027,12.93000,27.16588,5.03020,1.23539,6.21426,12.22000,27.05620,5.06894,1.17508,5.95644,11.90000,25.46190,25.02724,107.64386
36-1,1783321590.097337,2026-07-06T14:06:30.097337,5.09157,1.27494,6.49146,13.00000,28.60979,5.04724,1.27396,6.43001,12.95000,27.80963,5.03312,1.25468,6.31493,12.41000,27.68844,5.06894,1.17508,5.95644,11.90000,26.05825,25.19284,110.16611
36-1,1783321590.197454,2026-07-06T14:06:30.197454,5.08747,1.27689,6.49616,13.02000,29.26017,5.05533,1.27201,6.43044,12.93000,28.45343,5.02912,1.25468,6.30992,12.41000,28.32017,5.07354,1.16337,5.90238,11.78000,26.64918,25.13890,112.68294
36-1,1783321590.297571,2026-07-06T14:06:30.297571,5.09147,1.27689,6.50126,13.02000,29.91105,5.05133,1.27201,6.42535,12.93000,29.09671,5.03306,1.25565,6.31978,12.42000,28.95289,5.07484,1.13773,5.77380,11.52000,27.22723,25.02019,115.18788
36-1,1783321590.397687,2026-07-06T14:06:30.397687,5.09868,1.21805,6.21047,12.42000,30.53282,5.05827,1.20707,6.10568,12.27000,29.70800,5.03290,1.25858,6.33432,12.45000,29.58706,5.07084,1.13773,5.76925,11.52000,27.80483,24.41972,117.63270
36-1,1783321590.497804,2026-07-06T14:06:30.497804,5.09445,1.29545,6.59961,13.21000,31.19355,5.05520,1.27494,6.44508,12.96000,30.35325,5.03306,1.25565,6.31978,12.42000,30.21977,5.06904,1.17313,5.94666,11.88000,28.40019,25.31113,120.16677
36-1,1783321590.597922,2026-07-06T14:06:30.597922,5.10351,1.05618,5.39024,10.77000,31.73321,5.06069,1.06546,5.39197,10.83000,30.89309,5.03706,1.25565,6.32480,12.42000,30.85300,5.07510,1.05374,5.34785,10.67000,28.93560,22.45486,122.41490
36-1,1783321590.698039,2026-07-06T14:06:30.698039,5.08351,1.05618,5.36912,10.77000,32.27075,5.05669,1.06546,5.38771,10.83000,31.43249,5.04715,0.86428,4.36217,8.55000,31.28972,5.08651,0.82864,4.21488,8.39000,29.35759,19.33388,124.35055
36-1,1783321590.798155,2026-07-06T14:06:30.798155,5.08328,0.84036,4.27177,8.57000,32.69843,5.05626,0.89822,4.54164,9.13000,31.88718,5.04720,0.86331,4.35729,8.54000,31.72596,5.07851,0.82864,4.20825,8.39000,29.77890,17.37895,126.09047
36-1,1783321590.898272,2026-07-06T14:06:30.898272,5.07429,1.29838,6.58836,13.24000,33.35803,5.03991,1.25932,6.34684,12.80000,32.52261,5.00490,1.25858,6.29908,12.45000,32.35660,5.06888,1.17631,5.96255,11.91000,30.37585,25.19683,128.61309
36-1,1783321590.998390,2026-07-06T14:06:30.998390,5.07606,1.26591,6.42583,12.91000,34.00137,5.04724,1.27396,6.43001,12.95000,33.16637,5.02090,1.25858,6.31922,12.45000,32.98927,5.06894,1.17508,5.95644,11.90000,30.97220,25.13150,131.12921
36-1,1783321591.098507,2026-07-06T14:06:31.098507,5.08645,1.29545,6.58924,13.21000,34.66107,5.05524,1.27396,6.44020,12.95000,33.81114,5.03706,1.25565,6.32480,12.42000,33.62249,5.07278,1.17826,5.97705,11.93000,31.57060,25.33129,133.66530
36-1,1783321591.198625,2026-07-06T14:06:31.198625,5.08245,1.29545,6.58406,13.21000,35.32025,5.05907,1.27787,6.46484,12.99000,34.45838,5.03666,1.26273,6.35996,12.49000,34.25924,5.06878,1.17826,5.97234,11.93000,32.16854,25.38120,136.20641
36-1,1783321591.298742,2026-07-06T14:06:31.298742,5.09104,1.28471,6.54049,13.10000,35.97506,5.05996,1.25810,6.36591,12.79000,35.09572,5.02175,1.24345,6.24428,12.30000,34.88439,5.06883,1.17728,5.96745,11.92000,32.76598,25.11813,138.72116
36-1,1783321591.398859,2026-07-06T14:06:31.398859,5.09056,1.29350,6.58462,13.19000,36.63430,5.04716,1.27592,6.43976,12.97000,35.74045,5.02575,1.24345,6.24925,12.30000,35.51005,5.06873,1.17924,5.97723,11.94000,33.36440,25.25086,141.24920
36-1,1783321591.498976,2026-07-06T14:06:31.498976,5.07909,1.28373,6.52019,13.09000,37.28708,5.04316,1.27592,6.43465,12.97000,36.38467,5.02095,1.25761,6.31438,12.44000,36.14223,5.06919,1.17020,5.93198,11.85000,33.95830,25.20120,143.77227
36-1,1783321591.599093,2026-07-06T14:06:31.599093,5.08309,1.28373,6.52532,13.09000,37.94038,5.05894,1.28080,6.47949,13.02000,37.03338,5.02079,1.26054,6.32888,12.47000,36.77586,5.07278,1.17826,5.97705,11.93000,34.55670,25.31074,146.30632
36-1,1783321591.699209,2026-07-06T14:06:31.699209,5.08699,1.28568,6.54026,13.11000,38.59516,5.05911,1.27689,6.45995,12.98000,37.68012,5.02490,1.25858,6.32425,12.45000,37.40902,5.07278,1.17826,5.97705,11.93000,35.15510,25.30151,148.83941
37-1,1783321591.799340,2026-07-06T14:06:31.799340,5.09191,1.19535,6.08661,12.19000,0.60946,5.05636,1.24931,6.31694,12.70000,0.63252,5.02090,1.25858,6.31922,12.45000,0.63275,5.06679,1.13871,5.76959,11.53000,0.57771,24.49236,2.45243
37-1,1783321591.899457,2026-07-06T14:06:31.899457,5.07876,1.36308,6.92276,13.90000,1.30254,5.05236,1.24931,6.31194,12.70000,1.26445,5.02586,1.31230,6.59542,12.98000,1.29306,5.05878,1.29667,6.55957,13.13000,1.23444,26.38969,5.09449
37-1,1783321591.999577,2026-07-06T14:06:31.999577,5.08676,1.36308,6.93366,13.90000,1.99674,5.04148,1.13627,5.72846,11.55000,1.83798,5.05200,0.84915,4.28989,8.40000,1.72256,5.09670,1.02200,5.20885,10.35000,1.75594,22.16086,7.31323
37-1,1783321592.099694,2026-07-06T14:06:32.099694,5.08434,1.18754,6.03784,12.11000,2.60123,5.04933,1.22782,6.19968,12.48000,2.45868,5.01518,1.21805,6.10877,12.05000,2.33416,5.08070,1.02200,5.19250,10.35000,2.27580,23.53879,9.66986
37-1,1783321592.199811,2026-07-06T14:06:32.199811,5.08140,1.24149,6.30852,12.66000,3.23282,5.04818,1.25321,6.32645,12.74000,3.09206,5.02318,1.21805,6.11851,12.05000,2.94672,5.07005,1.15336,5.84757,11.68000,2.86124,24.60105,12.13284
37-1,1783321592.299927,2026-07-06T14:06:32.299927,5.08449,1.25810,6.39677,12.83000,3.87324,5.05636,1.24931,6.31694,12.74000,3.72449,5.03038,1.23222,6.19852,12.19000,3.56730,5.07109,1.13285,5.74476,11.47000,3.43639,24.65699,14.60142
37-1,1783321592.400046,2026-07-06T14:06:32.400046,5.08908,1.24735,6.34787,12.72000,4.50878,5.04836,1.24931,6.30695,12.70000,4.35593,5.02306,1.22025,6.12940,12.07000,4.18096,5.07405,1.15336,5.85218,11.68000,4.02230,24.63640,17.06797
37-1,1783321592.500164,2026-07-06T14:06:32.500164,5.08108,1.24735,6.33789,12.72000,5.14332,5.05329,1.22880,6.20947,12.49000,4.97762,5.02244,1.23124,6.18382,12.18000,4.80008,5.07405,1.15336,5.85218,11.68000,4.60821,24.58336,19.52922
37-1,1783321592.600281,2026-07-06T14:06:32.600281,5.09115,1.28275,6.53069,13.08000,5.79715,5.05191,1.25932,6.36195,12.80000,5.61456,5.02609,1.23734,6.21900,12.24000,5.42271,5.07089,1.13675,5.76435,11.51000,5.18532,24.87599,22.01974
37-1,1783321592.700398,2026-07-06T14:06:32.700398,5.09168,1.27299,6.48165,12.98000,6.44607,5.05618,1.25321,6.33647,12.74000,6.24894,5.02609,1.23734,6.21900,12.24000,6.04533,5.06984,1.15751,5.86837,11.72000,5.77284,24.90549,24.51319
37-1,1783321592.800515,2026-07-06T14:06:32.800515,5.08757,1.27494,6.48636,13.00000,7.09547,5.05218,1.25321,6.33146,12.74000,6.88283,5.02369,1.20902,6.07375,11.96000,6.65342,5.07834,1.14750,5.82738,11.62000,6.35626,24.71895,26.98798
37-1,1783321592.900632,2026-07-06T14:06:32.900632,5.08357,1.27494,6.48126,13.00000,7.74436,5.05329,1.22880,6.20947,12.49000,7.50451,5.02198,1.23930,6.22372,12.26000,7.27652,5.07034,1.14750,5.81820,11.62000,6.93877,24.73265,29.46415
37-1,1783321593.000749,2026-07-06T14:06:33.000749,5.08460,1.25614,6.38698,12.81000,8.38380,5.05186,1.26029,6.36683,12.81000,8.14193,5.03009,1.23734,6.22395,12.24000,7.89964,5.07374,1.15946,5.88279,11.74000,7.52773,24.86055,31.95310
37-1,1783321593.100867,2026-07-06T14:06:33.100867,5.08336,1.27885,6.50084,13.04000,9.03465,5.05623,1.25224,6.33159,12.73000,8.77583,5.02609,1.23734,6.21900,12.24000,8.52227,5.07419,1.15043,5.83748,11.65000,8.11217,24.88891,34.44492
37-1,1783321593.200984,2026-07-06T14:06:33.200984,5.08763,1.27396,6.48145,12.99000,9.68355,5.05223,1.25224,6.32658,12.73000,9.40924,5.02631,1.23344,6.19964,12.20000,9.14296,5.07379,1.15848,5.87789,11.73000,8.70065,24.88556,36.93640
37-1,1783321593.301101,2026-07-06T14:06:33.301101,5.08763,1.27396,6.48145,12.99000,10.33246,5.05205,1.25614,6.34609,12.77000,10.04459,5.02598,1.23930,6.22868,12.26000,9.76656,5.07444,1.14554,5.81299,11.60000,9.28262,24.86921,39.42623
37-1,1783321593.401218,2026-07-06T14:06:33.401218,5.08785,1.26981,6.46063,12.95000,10.97927,5.05186,1.26029,6.36683,12.81000,10.68201,5.03124,1.21708,6.12341,12.04000,10.37962,5.07044,1.14554,5.80841,11.60000,9.86414,24.75928,41.90505
37-1,1783321593.501336,2026-07-06T14:06:33.501336,5.08725,1.28080,6.51576,13.06000,11.63162,5.05325,1.22977,6.21435,12.50000,11.30418,5.02724,1.21708,6.11854,12.04000,10.99219,5.07744,1.16532,5.91684,11.80000,10.45652,24.76549,44.38452
37-1,1783321593.601452,2026-07-06T14:06:33.601452,5.08731,1.27982,6.51086,13.05000,12.28346,5.05325,1.22977,6.21435,12.50000,11.92634,5.02569,1.24442,6.25409,12.31000,11.61833,5.07864,1.14164,5.79796,11.56000,11.03700,24.77726,46.86513
37-1,1783321593.701570,2026-07-06T14:06:33.701570,5.08331,1.27982,6.50574,13.05000,12.93480,5.05573,1.26322,6.38651,12.84000,12.56574,5.02729,1.21610,6.11370,12.03000,12.23042,5.06949,1.16434,5.90262,11.79000,11.62795,24.90857,49.35892
37-1,1783321593.801689,2026-07-06T14:06:33.801689,5.08081,1.25224,6.36237,12.77000,13.57180,5.05641,1.24833,6.31206,12.69000,13.19770,5.02169,1.24442,6.24911,12.31000,12.85608,5.06949,1.16434,5.90262,11.79000,12.21892,24.82616,51.84450
37-1,1783321593.901806,2026-07-06T14:06:33.901806,5.08357,1.27494,6.48126,13.00000,14.22068,5.05124,1.27396,6.43511,12.95000,13.84196,5.02169,1.24442,6.24911,12.31000,13.48172,5.07405,1.15336,5.85218,11.68000,12.80482,25.01766,54.34918
37-1,1783321594.001923,2026-07-06T14:06:34.001923,5.08508,1.24735,6.34288,12.72000,14.85571,5.05924,1.27396,6.44530,12.95000,14.48725,5.02684,1.22416,6.15365,12.11000,14.09780,5.07334,1.16727,5.92197,11.82000,13.39771,24.86380,56.83847
37-1,1783321594.102040,2026-07-06T14:06:34.102040,5.07996,1.26786,6.44068,12.93000,15.50053,5.05186,1.26029,6.36683,12.81000,15.12468,5.02569,1.24442,6.25409,12.31000,14.72394,5.07339,1.16630,5.91707,11.81000,13.99011,24.97867,59.33926
37-1,1783321594.202157,2026-07-06T14:06:34.202157,5.08396,1.26786,6.44575,12.93000,16.14586,5.05458,1.20023,6.06667,12.20000,15.73205,5.02929,1.18070,5.93808,11.68000,15.31844,5.07339,1.16630,5.91707,11.81000,14.58251,24.36757,61.77887
37-1,1783321594.302274,2026-07-06T14:06:34.302274,5.08747,1.27689,6.49616,13.02000,16.79624,5.05164,1.26518,6.39121,12.86000,16.37193,5.02529,1.18070,5.93336,11.68000,15.91248,5.07174,1.11991,5.67988,11.34000,15.15116,24.50061,64.23181
37-1,1783321594.402391,2026-07-06T14:06:34.402391,5.08790,1.26884,6.45572,12.94000,17.44257,5.05564,1.26518,6.39627,12.86000,17.01230,5.02711,1.21928,6.12944,12.06000,16.52614,5.06644,1.14554,5.80383,11.60000,15.73223,24.78526,66.71323
37-1,1783321594.502509,2026-07-06T14:06:34.502509,5.08886,1.25126,6.36749,12.76000,18.08006,5.04755,1.26713,6.39590,12.88000,17.65264,5.02564,1.24540,6.25893,12.32000,17.15277,5.06524,1.16923,5.92241,11.84000,16.32516,24.94473,69.21063
37-1,1783321594.602626,2026-07-06T14:06:34.602626,5.08486,1.25126,6.36248,12.76000,18.71706,5.04733,1.27201,6.42027,12.93000,18.29542,5.02689,1.22318,6.14881,12.10000,17.76837,5.06919,1.17020,5.93198,11.85000,16.91905,24.86354,71.69989
37-1,1783321594.702743,2026-07-06T14:06:34.702743,5.08773,1.27201,6.47165,12.97000,19.36498,5.05569,1.26420,6.39139,12.85000,18.93531,5.02689,1.22318,6.14881,12.10000,18.38397,5.07319,1.17020,5.93666,11.85000,17.51342,24.94851,74.19767
37-1,1783321594.802861,2026-07-06T14:06:34.802861,5.08731,1.27982,6.51086,13.05000,20.01684,5.05169,1.26420,6.38634,12.85000,19.57470,5.02152,1.24760,6.26483,12.34000,19.01119,5.07384,1.15751,5.87300,11.72000,18.10141,25.03503,76.70414
37-1,1783321594.902979,2026-07-06T14:06:34.902979,5.08357,1.27494,6.48126,13.00000,20.66573,5.05542,1.27006,6.42068,12.91000,20.21752,5.02130,1.25150,6.28417,12.38000,19.64035,5.07324,1.16923,5.93176,11.84000,18.69529,25.11787,79.21888
38-1,1783321595.003131,2026-07-06T14:06:35.003131,5.08757,1.27494,6.48636,13.00000,0.64962,5.05591,1.25932,6.36698,12.80000,0.63767,5.03100,1.22123,6.14401,12.08000,0.61534,5.07635,1.10794,5.62431,11.22000,0.56329,24.62166,2.46591
38-1,1783321595.103248,2026-07-06T14:06:35.103248,5.08294,1.21317,6.16648,12.37000,1.26699,5.04430,1.33891,6.75386,13.61000,1.31384,5.02300,1.22123,6.13424,12.08000,1.22948,5.06435,1.10794,5.61101,11.22000,1.12504,24.66559,4.93535
38-1,1783321595.203365,2026-07-06T14:06:35.203365,5.07771,1.30912,6.64734,13.35000,1.93250,5.04830,1.33891,6.75922,13.61000,1.99055,5.02204,1.30912,6.57447,12.95000,1.88769,5.06538,1.24540,6.30842,12.61000,1.75662,26.28945,7.56737
38-1,1783321595.303483,2026-07-06T14:06:35.303483,5.08129,1.24345,6.31831,12.68000,2.56508,5.05128,1.36161,6.87789,13.84000,2.67915,5.02871,1.19095,5.98897,11.78000,2.48729,5.07370,1.08133,5.48635,10.95000,2.30590,24.67152,10.03743
38-1,1783321595.403600,2026-07-06T14:06:35.403600,5.08390,1.26884,6.45065,12.94000,3.21090,5.06776,0.99759,5.05554,10.14000,3.18530,5.03276,1.11917,5.63254,11.07000,3.05121,5.06894,1.09622,5.55670,11.10000,2.86223,22.69543,12.30964
38-1,1783321595.503717,2026-07-06T14:06:35.503717,5.08790,1.26884,6.45572,12.94000,3.85722,5.04657,1.37724,6.95033,14.00000,3.88114,5.02876,1.11917,5.62807,11.07000,3.61467,5.08094,1.09622,5.56986,11.10000,3.41986,24.60398,14.77290
38-1,1783321595.603833,2026-07-06T14:06:35.603833,5.07877,1.28959,6.54954,13.15000,4.51294,5.05457,1.37724,6.96135,14.00000,4.57809,5.01535,1.21512,6.09428,12.02000,4.22481,5.05954,1.12381,5.68598,11.38000,3.98912,25.29115,17.30497
38-1,1783321595.703950,2026-07-06T14:06:35.703950,5.08049,1.25810,6.39174,12.83000,5.15286,5.05396,1.21390,6.13503,12.34000,5.19231,5.02655,1.22929,6.17906,12.16000,4.84344,5.07469,1.14066,5.78849,11.55000,4.56865,24.49432,19.75726
38-1,1783321595.804065,2026-07-06T14:06:35.804065,5.08545,1.24052,6.30858,12.65000,5.78445,5.05227,1.25126,6.32170,12.72000,5.82521,5.02631,1.23344,6.19964,12.20000,5.46412,5.07394,1.15555,5.86320,11.70000,5.15564,24.69312,22.22942
38-1,1783321595.904183,2026-07-06T14:06:35.904183,5.08945,1.24052,6.31355,12.65000,6.41655,5.05654,1.24540,6.29741,12.66000,6.45569,5.02369,1.20902,6.07375,11.96000,6.07221,5.07439,1.14652,5.81789,11.61000,5.73812,24.50260,24.68256
38-1,1783321596.004300,2026-07-06T14:06:36.004300,5.08768,1.27299,6.47655,12.98000,7.06496,5.05254,1.24540,6.29243,12.66000,7.08567,5.02769,1.20902,6.07859,11.96000,6.68078,5.06639,1.14652,5.80872,11.61000,6.31967,24.65629,27.15107
38-1,1783321596.104417,2026-07-06T14:06:36.104417,5.08828,1.26200,6.42141,12.87000,7.70785,5.05627,1.25126,6.32671,12.72000,7.71908,5.02615,1.23637,6.21416,12.23000,7.30292,5.07384,1.15751,5.87300,11.72000,6.90766,24.83528,29.63751
39-1,1783321596.204567,2026-07-06T14:06:36.204567,5.08352,1.27592,6.48615,13.01000,0.64959,5.05586,1.26029,6.37187,12.81000,0.63814,5.02671,1.22636,6.16454,12.13000,0.61738,5.07415,1.15140,5.84238,11.66000,0.58511,24.86494,2.49022
39-1,1783321596.304682,2026-07-06T14:06:36.304682,5.08352,1.27592,6.48615,13.01000,1.29895,5.05182,1.34965,6.81819,13.72000,1.32074,5.01764,1.31620,6.60423,13.02000,1.27856,5.06128,1.24735,6.31320,12.63000,1.21716,26.22177,5.11540
39-1,1783321596.404799,2026-07-06T14:06:36.404799,5.08091,1.32377,6.72596,13.50000,1.97233,5.05182,1.34965,6.81819,13.72000,2.00336,5.03364,1.31620,6.62529,13.02000,1.94187,5.07728,1.24735,6.33316,12.63000,1.85122,26.50260,7.76878
39-1,1783321596.504917,2026-07-06T14:06:36.504917,5.09372,1.16214,5.91965,11.85000,2.56500,5.06151,0.87063,4.40671,8.85000,2.44455,5.04542,0.82400,4.15743,8.15000,2.35810,5.08371,0.80496,4.09216,8.15000,2.26092,18.57595,9.62857
39-1,1783321596.605034,2026-07-06T14:06:36.605034,5.11128,0.84036,4.29530,8.57000,2.99503,5.06030,0.89724,4.54033,9.12000,2.89912,5.04320,0.86331,4.35384,8.54000,2.79399,5.08261,0.82669,4.20172,8.37000,2.68158,17.39119,11.36972
39-1,1783321596.705153,2026-07-06T14:06:36.705153,5.08870,0.96097,4.89007,9.80000,3.48461,5.06329,0.91971,4.65673,9.35000,3.36534,5.03710,0.97147,4.89337,9.61000,3.28391,5.08201,0.83840,4.26078,8.49000,3.10816,18.70095,13.24203
39-1,1783321596.805269,2026-07-06T14:06:36.805269,5.10070,0.96097,4.90160,9.80000,3.97535,5.05929,0.91971,4.65305,9.35000,3.83119,5.03710,0.97147,4.89337,9.61000,3.77382,5.07801,0.83840,4.25743,8.49000,3.53440,18.70545,15.11475
39-1,1783321596.905390,2026-07-06T14:06:36.905390,5.08454,1.25712,6.39187,12.82000,4.61530,5.05276,1.24052,6.26803,12.61000,4.45875,5.02620,1.23539,6.20932,12.22000,4.39550,5.07398,1.15458,5.85830,11.69000,4.12094,24.72752,17.59049
39-1,1783321597.005506,2026-07-06T14:06:37.005506,5.08529,1.24345,6.32328,12.68000,5.24837,5.05214,1.25419,6.33634,12.75000,5.09312,5.02809,1.20194,6.04347,11.89000,5.00055,5.07410,1.15238,5.84728,11.67000,4.70635,24.55037,20.04838
39-1,1783321597.105627,2026-07-06T14:06:37.105627,5.08454,1.25712,6.39187,12.82000,5.88833,5.05672,1.24149,6.27788,12.62000,5.72167,5.02209,1.23734,6.21405,12.24000,5.62270,5.07015,1.15140,5.83778,11.66000,5.29083,24.72158,22.52353
39-1,1783321597.205745,2026-07-06T14:06:37.205745,5.08854,1.25712,6.39690,12.82000,6.52877,5.05272,1.24149,6.27291,12.62000,6.34970,5.03009,1.23734,6.22395,12.24000,6.24584,5.06989,1.15653,5.86347,11.71000,5.87787,24.75723,25.00218
39-1,1783321597.305864,2026-07-06T14:06:37.305864,5.08870,1.25419,6.38219,12.79000,7.16775,5.05285,1.23856,6.25827,12.59000,6.97627,5.02620,1.23539,6.20932,12.22000,6.86750,5.06989,1.15653,5.86347,11.71000,6.46491,24.71325,27.47643
39-1,1783321597.405982,2026-07-06T14:06:37.405982,5.08779,1.27103,6.46675,12.96000,7.81519,5.05218,1.25321,6.33146,12.74000,7.61016,5.02786,1.20609,6.06406,11.93000,7.47462,5.07439,1.14652,5.81789,11.61000,7.04739,24.68016,29.94736
39-1,1783321597.506100,2026-07-06T14:06:37.506100,5.08524,1.24442,6.32818,12.69000,8.44875,5.05654,1.24540,6.29741,12.66000,8.24065,5.02226,1.23441,6.19954,12.21000,8.09531,5.07389,1.15653,5.86810,11.71000,7.63489,24.69323,32.41961
39-1,1783321597.606219,2026-07-06T14:06:37.606219,5.08524,1.24442,6.32818,12.69000,9.08232,5.05254,1.24540,6.29243,12.66000,8.87064,5.02226,1.23441,6.19954,12.21000,8.71600,5.07029,1.14847,5.82309,11.63000,8.21789,24.64324,34.88685
39-1,1783321597.706337,2026-07-06T14:06:37.706337,5.08849,1.25810,6.40181,12.83000,9.72326,5.05641,1.24833,6.31206,12.69000,9.50259,5.02711,1.21928,6.12944,12.06000,9.32967,5.07429,1.14847,5.82769,11.63000,8.80135,24.67100,37.35688
39-1,1783321597.806459,2026-07-06T14:06:37.806459,5.08934,1.24247,6.32335,12.67000,10.35637,5.05596,1.25810,6.36088,12.79000,10.13945,5.02581,1.24247,6.24441,12.29000,9.95487,5.07379,1.15848,5.87789,11.73000,9.38986,24.80653,39.84055
39-1,1783321597.906578,2026-07-06T14:06:37.906578,5.08022,1.26298,6.41621,12.88000,10.99875,5.04920,1.23075,6.21431,12.51000,10.76162,5.03004,1.23832,6.22879,12.25000,10.57849,5.07374,1.15946,5.88279,11.74000,9.97884,24.74210,42.31770
39-1,1783321598.006696,2026-07-06T14:06:38.006696,5.09967,0.97977,4.99649,9.99000,11.49899,5.05320,1.23075,6.21923,12.51000,11.38428,5.02604,1.23832,6.22384,12.25000,11.20161,5.08480,1.02005,5.18676,10.33000,10.49812,22.62632,44.58300
39-1,1783321598.106813,2026-07-06T14:06:38.106813,5.08767,0.97977,4.98473,9.99000,11.99805,5.06158,0.95730,4.84548,9.73000,11.86940,5.04132,0.89676,4.52083,8.87000,11.65423,5.07680,1.02005,5.17860,10.33000,11.01659,19.52964,46.53826
39-1,1783321598.206932,2026-07-06T14:06:38.206932,5.08653,0.85403,4.34405,8.71000,12.43297,5.06426,0.89822,4.54882,9.13000,12.32482,5.04320,0.86331,4.35384,8.54000,12.09013,5.07461,0.82669,4.19510,8.37000,11.43660,17.44181,48.28452
39-1,1783321598.307049,2026-07-06T14:06:38.307049,5.06433,1.26102,6.38625,12.86000,13.07234,5.04001,1.25712,6.33589,12.78000,12.95915,5.00986,1.24149,6.21971,12.28000,12.71282,5.05894,1.13578,5.74582,11.50000,12.01185,24.68767,50.75616
39-1,1783321598.407165,2026-07-06T14:06:38.407165,5.09228,1.26200,6.42646,12.87000,13.71573,5.05201,1.25712,6.35097,12.78000,13.59498,5.02986,1.24149,6.24454,12.28000,13.33800,5.07564,1.12186,5.69416,11.36000,12.58193,24.71613,53.23064
39-1,1783321598.507282,2026-07-06T14:06:38.507282,5.08428,1.26200,6.41637,12.87000,14.35812,5.04773,1.26322,6.37641,12.84000,14.23337,5.02581,1.24247,6.24441,12.29000,13.96318,5.07405,1.15336,5.85218,11.68000,13.16783,24.88937,55.72250
39-1,1783321598.607399,2026-07-06T14:06:38.607399,5.08417,1.26395,6.42616,12.89000,15.00149,5.04916,1.23173,6.21918,12.52000,14.85602,5.02764,1.21000,6.08343,11.97000,14.57223,5.07805,1.15336,5.85679,11.68000,13.75420,24.58556,58.18394
39-1,1783321598.707516,2026-07-06T14:06:38.707516,5.08433,1.26102,6.41147,12.86000,15.64338,5.05582,1.26127,6.37675,12.82000,15.49444,5.02175,1.24345,6.24428,12.30000,15.19739,5.06959,1.16239,5.89283,11.77000,14.34417,24.92533,60.67938
39-1,1783321598.807633,2026-07-06T14:06:38.807633,5.08720,1.28178,6.52066,13.07000,16.29622,5.04782,1.26127,6.36666,12.82000,16.13185,5.02575,1.24345,6.24925,12.30000,15.82305,5.07054,1.14359,5.79862,11.58000,14.92471,24.93519,63.17582
39-1,1783321598.907751,2026-07-06T14:06:38.907751,5.07920,1.28178,6.51040,13.07000,16.94802,5.05311,1.23270,6.22899,12.53000,16.75548,5.02375,1.20804,6.06891,11.95000,16.43065,5.06929,1.16825,5.92219,11.83000,15.51763,24.73049,65.65179
39-1,1783321599.007869,2026-07-06T14:06:39.007869,5.08486,1.25126,6.36248,12.76000,17.58502,5.05164,1.26518,6.39121,12.86000,17.39536,5.02164,1.24540,6.25395,12.32000,17.05678,5.06529,1.16825,5.91752,11.83000,16.11008,24.92516,68.14724
39-1,1783321599.107939,2026-07-06T14:06:39.107939,5.08401,1.26688,6.44085,12.92000,18.22955,5.05267,1.24247,6.27779,12.63000,18.02357,5.02329,1.21610,6.10883,12.03000,17.66809,5.07754,1.16337,5.90703,11.78000,16.70119,24.73450,70.62241
39-1,1783321599.208008,2026-07-06T14:06:39.208008,5.08417,1.26395,6.42616,12.89000,18.87261,5.04867,1.24247,6.27282,12.63000,18.65129,5.02186,1.24149,6.23460,12.28000,18.29198,5.07784,1.15751,5.87763,11.72000,17.28936,24.81121,73.10524
39-1,1783321599.308078,2026-07-06T14:06:39.308078,5.09217,1.26395,6.43627,12.89000,19.51669,5.05182,1.26127,6.37170,12.82000,19.28890,5.02186,1.24149,6.23460,12.28000,18.91588,5.06949,1.16434,5.90262,11.79000,17.88004,24.94519,75.60151
39-1,1783321599.408195,2026-07-06T14:06:39.408195,5.08822,1.26298,6.42632,12.88000,20.16008,5.05298,1.23563,6.24363,12.56000,19.91400,5.02575,1.24345,6.24925,12.30000,19.54154,5.07349,1.16434,5.90728,11.79000,18.47146,24.82648,78.08708
39-1,1783321599.508314,2026-07-06T14:06:39.508314,5.07990,1.26884,6.44557,12.94000,20.80540,5.05160,1.26615,6.39609,12.87000,20.55437,5.02564,1.24540,6.25893,12.32000,20.16817,5.07329,1.16825,5.92687,11.83000,19.06485,25.02746,80.59279
39-1,1783321599.608432,2026-07-06T14:06:39.608432,5.07973,1.27201,6.46148,12.97000,21.45231,5.05160,1.26615,6.39609,12.87000,21.19474,5.02512,1.25468,6.30490,12.41000,20.79941,5.07364,1.16141,5.89259,11.76000,19.65481,25.05506,83.10127
39-1,1783321599.708550,2026-07-06T14:06:39.708550,5.09115,1.28275,6.53069,13.08000,22.10615,5.05249,1.24638,6.29731,12.67000,21.82521,5.02912,1.25468,6.30992,12.41000,21.43114,5.07319,1.17020,5.93666,11.85000,20.24917,25.07458,85.61167
39-1,1783321599.808671,2026-07-06T14:06:39.808671,5.08715,1.28275,6.52556,13.08000,22.75950,5.05155,1.26713,6.40097,12.88000,22.46608,5.02615,1.23637,6.21416,12.23000,22.05331,5.07319,1.17020,5.93666,11.85000,20.84355,25.07735,88.12244
39-1,1783321599.908788,2026-07-06T14:06:39.908788,5.08363,1.27396,6.47636,12.99000,23.40789,5.04778,1.26225,6.37153,12.83000,23.10398,5.02552,1.24760,6.26982,12.34000,22.68103,5.06914,1.17118,5.93687,11.86000,21.43794,25.05458,90.63084
39-1,1783321600.008905,2026-07-06T14:06:40.008905,5.08245,1.29545,6.58406,13.21000,24.06707,5.05178,1.26225,6.37658,12.83000,23.74238,5.02615,1.23637,6.21416,12.23000,23.30317,5.06979,1.15848,5.87326,11.73000,22.02595,25.04806,93.13857
39-1,1783321600.109023,2026-07-06T14:06:40.109023,5.08736,1.27885,6.50596,13.04000,24.71843,5.05151,1.26811,6.40585,12.89000,24.38372,5.02615,1.23637,6.21416,12.23000,23.92532,5.06924,1.16923,5.92709,11.84000,22.61936,25.05306,95.64682
39-1,1783321600.209140,2026-07-06T14:06:40.209140,5.08736,1.27885,6.50596,13.04000,25.36979,5.05129,1.27299,6.43023,12.94000,25.02750,5.02535,1.25053,6.28433,12.37000,24.55449,5.06904,1.17313,5.94666,11.88000,23.21472,25.16718,98.16650
39-1,1783321600.309258,2026-07-06T14:06:40.309258,5.08645,1.29545,6.58924,13.21000,26.02949,5.05218,1.25321,6.33146,12.74000,25.66139,5.02524,1.25248,6.29401,12.39000,25.18464,5.07304,1.17313,5.95135,11.88000,23.81056,25.16606,100.68608
39-1,1783321600.409375,2026-07-06T14:06:40.409375,5.08966,1.23661,6.29393,12.61000,26.65962,5.05601,1.25712,6.35600,12.78000,26.29774,5.03244,1.19584,6.01798,11.83000,25.78714,5.07364,1.16141,5.89259,11.76000,24.40051,24.56050,103.14500
39-1,1783321600.509493,2026-07-06T14:06:40.509493,5.08272,1.29057,6.55959,13.16000,27.31635,5.04801,1.25712,6.34594,12.78000,26.93308,5.02844,1.19584,6.01319,11.83000,26.38916,5.07309,1.17215,5.94645,11.87000,24.99585,24.86517,105.63444
39-1,1783321600.609610,2026-07-06T14:06:40.609610,5.08272,1.29057,6.55959,13.16000,27.97308,5.05133,1.27201,6.42535,12.93000,27.57636,5.02266,1.22733,6.16447,12.14000,27.00633,5.07349,1.16434,5.90728,11.79000,25.58727,25.05669,108.14304
39-1,1783321600.709728,2026-07-06T14:06:40.709728,5.08629,1.29838,6.60394,13.24000,28.63425,5.05151,1.26811,6.40585,12.89000,28.21771,5.02124,1.25248,6.28900,12.39000,27.63598,5.07349,1.16434,5.90728,11.79000,26.17870,25.20607,110.66663
39-1,1783321600.809845,2026-07-06T14:06:40.809845,5.09520,1.28178,6.53091,13.07000,29.28811,5.05551,1.26811,6.41092,12.89000,28.85955,5.02512,1.25468,6.30490,12.41000,28.26720,5.07688,1.17631,5.97197,11.91000,26.77659,25.21870,113.19145
39-1,1783321600.909963,2026-07-06T14:06:40.909963,5.09456,1.29350,6.58980,13.19000,29.94787,5.04751,1.26811,6.40077,12.89000,29.50038,5.02112,1.25468,6.29988,12.41000,28.89794,5.07694,1.17508,5.96584,11.90000,27.37388,25.25629,115.72007
39-1,1783321601.010081,2026-07-06T14:06:41.010081,5.07899,1.28568,6.52997,13.11000,30.60163,5.05124,1.27396,6.43511,12.95000,30.14465,5.02992,1.24052,6.23969,12.27000,29.52264,5.07288,1.17631,5.96726,11.91000,27.97131,25.17203,118.24022
39-1,1783321601.110198,2026-07-06T14:06:41.110198,5.08699,1.28568,6.54026,13.11000,31.25642,5.05120,1.27494,6.43998,12.96000,30.78940,5.02912,1.25468,6.30992,12.41000,30.15437,5.07288,1.17631,5.96726,11.91000,28.56873,25.25742,120.76893
39-1,1783321601.210316,2026-07-06T14:06:41.210316,5.10245,1.29545,6.60997,13.21000,31.91820,5.06148,1.13627,5.75118,11.55000,31.36520,5.02855,1.19388,6.00350,11.81000,30.75543,5.07729,1.16825,5.93154,11.83000,29.16259,24.29619,123.20141
39-1,1783321601.310432,2026-07-06T14:06:41.310432,5.12659,0.85305,4.37325,8.70000,32.35603,5.05348,1.13627,5.74209,11.55000,31.94008,5.02855,1.19388,6.00350,11.81000,31.35648,5.08656,0.82766,4.20995,8.38000,29.58407,20.32879,125.23666
39-1,1783321601.410550,2026-07-06T14:06:41.410550,5.09436,0.85720,4.36690,8.74000,32.79324,5.06035,0.89627,4.53542,9.11000,32.39415,5.04320,0.86331,4.35384,8.54000,31.79237,5.08656,0.82766,4.20995,8.38000,30.00556,17.46611,126.98532
39-1,1783321601.510666,2026-07-06T14:06:41.510666,5.08636,0.85720,4.36005,8.74000,33.22975,5.04316,1.27592,6.43465,12.97000,33.03836,5.02380,1.20707,6.06407,11.94000,32.39948,5.05688,1.17631,5.94844,11.91000,30.60110,22.80721,129.26869
39-1,1783321601.610783,2026-07-06T14:06:41.610783,5.09157,1.27494,6.49146,13.00000,33.87966,5.05533,1.27201,6.43044,12.93000,33.68216,5.02220,1.23539,6.20438,12.22000,33.02065,5.06888,1.17631,5.96255,11.91000,31.19805,25.08883,131.78052
39-1,1783321601.710899,2026-07-06T14:06:41.710899,5.09452,1.22098,6.22032,12.45000,34.50241,5.05533,1.27201,6.43044,12.93000,34.32595,5.02620,1.23539,6.20932,12.22000,33.64230,5.07869,1.14066,5.79306,11.55000,31.77803,24.65314,134.24868
39-1,1783321601.811017,2026-07-06T14:06:41.811017,5.08224,1.29936,6.60364,13.25000,35.16355,5.04324,1.27396,6.42492,12.95000,34.96920,5.02512,1.25468,6.30490,12.41000,34.27353,5.07744,1.16532,5.91684,11.80000,32.37041,25.25030,136.77669
39-1,1783321601.911134,2026-07-06T14:06:41.911134,5.09024,1.29936,6.61403,13.25000,35.82573,5.04307,1.27787,6.44439,12.99000,35.61439,5.02604,1.23832,6.22384,12.25000,34.89665,5.07678,1.17826,5.98176,11.93000,32.96929,25.26402,139.30605
39-1,1783321602.011251,2026-07-06T14:06:42.011251,5.09131,1.27982,6.51598,13.05000,36.47809,5.05533,1.27201,6.43044,12.93000,36.25819,5.03306,1.25565,6.31978,12.42000,35.52936,5.06878,1.17826,5.97234,11.93000,33.56722,25.23854,141.83285
39-1,1783321602.111367,2026-07-06T14:06:42.111367,5.09125,1.28080,6.52088,13.06000,37.13093,5.04333,1.27201,6.41518,12.93000,36.90045,5.02106,1.25565,6.30471,12.42000,36.16057,5.07273,1.17924,5.98195,11.94000,34.16611,25.22272,144.35806
39-1,1783321602.211485,2026-07-06T14:06:42.211485,5.08624,1.29936,6.60884,13.25000,37.79260,5.05885,1.28275,6.48926,13.04000,37.55014,5.02879,1.26054,6.33897,12.47000,36.79521,5.07269,1.18021,5.98684,11.95000,34.76550,25.42391,146.90345
39-1,1783321602.311602,2026-07-06T14:06:42.311602,5.08651,1.29447,6.58435,13.20000,38.45180,5.05889,1.28178,6.48437,13.03000,38.19933,5.02879,1.26054,6.33897,12.47000,37.42985,5.07264,1.18119,5.99174,11.96000,35.36537,25.39943,149.44635
40-1,1783321602.411752,2026-07-06T14:06:42.411752,5.08251,1.29447,6.57917,13.20000,0.65891,5.05654,1.24540,6.29741,12.66000,0.63069,5.02815,1.20096,6.03863,11.88000,0.60477,5.07664,1.18119,5.99646,11.96000,0.60055,24.91167,2.49492
40-1,1783321602.511869,2026-07-06T14:06:42.511869,5.08581,1.30717,6.64802,13.33000,1.32449,5.05254,1.24540,6.29243,12.66000,1.26067,5.01554,1.35356,6.78881,13.39000,1.28445,5.07299,1.17411,5.95624,11.89000,1.19687,25.68550,5.06648
40-1,1783321602.611986,2026-07-06T14:06:42.611986,5.08747,1.27689,6.49616,13.02000,1.97486,5.05026,1.29569,6.54359,13.17000,1.91579,5.03554,1.35356,6.81588,13.39000,1.96683,5.06494,1.09622,5.55232,11.10000,1.75275,25.40795,7.61023
40-1,1783321602.712104,2026-07-06T14:06:42.712104,5.08331,1.27982,6.50574,13.05000,2.62620,5.05232,1.25028,6.31682,12.71000,2.54822,5.03374,1.10184,5.54638,10.90000,2.52212,5.06315,1.13163,5.72959,11.46000,2.32638,24.09853,10.02293
40-1,1783321602.812220,2026-07-06T14:06:42.812220,5.08731,1.27982,6.51086,13.05000,3.27805,5.04948,1.22465,6.18383,12.45000,3.16732,5.02678,1.22514,6.15849,12.12000,3.13869,5.07389,1.15653,5.86810,11.71000,2.91388,24.72128,12.49794
40-1,1783321602.912336,2026-07-06T14:06:42.912336,5.08433,1.26102,6.41147,12.86000,3.91994,5.05348,1.22465,6.18873,12.45000,3.78691,5.02609,1.23734,6.21900,12.24000,3.76131,5.07389,1.15653,5.86810,11.71000,3.50137,24.68730,14.96953
40-1,1783321603.012453,2026-07-06T14:06:43.012453,5.08566,1.23661,6.28898,12.61000,4.54957,5.05214,1.25419,6.33634,12.75000,4.42129,5.03009,1.23734,6.22395,12.24000,4.38443,5.07444,1.14554,5.81299,11.60000,4.08335,24.66226,17.43863
40-1,1783321603.112569,2026-07-06T14:06:43.112569,5.08060,1.25614,6.38195,12.81000,5.18851,5.05218,1.25321,6.33146,12.74000,5.05517,5.02300,1.22123,6.13424,12.08000,4.99857,5.07394,1.15555,5.86320,11.70000,4.67035,24.71085,19.91259
40-1,1783321603.212686,2026-07-06T14:06:43.212686,5.08460,1.25614,6.38698,12.81000,5.82795,5.05405,1.21195,6.12526,12.32000,5.66841,5.02255,1.22929,6.17415,12.16000,5.61671,5.07974,1.11991,5.68884,11.34000,5.23990,24.37523,22.35297
40-1,1783321603.312803,2026-07-06T14:06:43.312803,5.09462,1.21903,6.21050,12.43000,6.44973,5.05805,1.21195,6.13011,12.32000,6.28214,5.02804,1.20292,6.04831,11.90000,6.22224,5.07574,1.11991,5.68436,11.34000,5.80900,24.07328,24.76310
40-1,1783321603.412920,2026-07-06T14:06:43.412920,5.09249,1.25810,6.40684,12.83000,7.09116,5.05601,1.25712,6.35600,12.78000,6.91848,5.02804,1.20292,6.04831,11.90000,6.82778,5.07379,1.15848,5.87789,11.73000,6.39747,24.68904,27.23489
40-1,1783321603.513038,2026-07-06T14:06:43.513038,5.08444,1.25907,6.40167,12.84000,7.73208,5.05605,1.25614,6.35112,12.77000,7.55434,5.02924,1.18168,5.94293,11.69000,7.42278,5.07379,1.15848,5.87789,11.73000,6.98596,24.57361,29.69516
40-1,1783321603.613154,2026-07-06T14:06:43.613154,5.08790,1.26884,6.45572,12.94000,8.37840,5.05596,1.25810,6.36088,12.79000,8.19117,5.02649,1.23026,6.18391,12.17000,8.04188,5.07484,1.13773,5.77380,11.52000,7.56400,24.77431,32.17545
40-1,1783321603.713270,2026-07-06T14:06:43.713270,5.08390,1.26884,6.45065,12.94000,9.02422,5.04796,1.25810,6.35082,12.79000,8.82698,5.03004,1.23832,6.22879,12.25000,8.66548,5.07084,1.13773,5.76925,11.52000,8.14160,24.79951,34.65828
40-1,1783321603.813388,2026-07-06T14:06:43.813388,5.08779,1.27103,6.46675,12.96000,9.67165,5.04867,1.24247,6.27282,12.63000,9.45501,5.02604,1.23832,6.22384,12.25000,9.28860,5.07364,1.16141,5.89259,11.76000,8.73155,24.85600,37.14681
40-1,1783321603.913504,2026-07-06T14:06:43.913504,5.08752,1.27592,6.49126,13.01000,10.32153,5.04796,1.25810,6.35082,12.79000,10.09083,5.02351,1.21220,6.08948,11.99000,9.89826,5.07479,1.13871,5.77870,11.53000,9.31009,24.71026,39.62071
40-1,1783321604.013621,2026-07-06T14:06:44.013621,5.09141,1.27787,6.50617,13.03000,10.97291,5.05680,1.23954,6.26811,12.60000,10.71837,5.02204,1.23832,6.21889,12.25000,10.52087,5.07369,1.16044,5.88769,11.75000,9.89955,24.88086,42.11171
40-1,1783321604.113737,2026-07-06T14:06:44.113737,5.08741,1.27787,6.50106,13.03000,11.62377,5.05280,1.23954,6.26315,12.60000,11.34541,5.03071,1.22636,6.16945,12.13000,11.13854,5.07044,1.14554,5.80841,11.60000,10.48107,24.74207,44.58879
40-1,1783321604.213853,2026-07-06T14:06:44.213853,5.08741,1.27787,6.50106,13.03000,12.27463,5.05164,1.26518,6.39121,12.86000,11.98528,5.02671,1.22636,6.16454,12.13000,11.75571,5.07444,1.14554,5.81299,11.60000,11.06304,24.86980,47.07866
40-1,1783321604.313970,2026-07-06T14:06:44.313970,5.09261,1.18265,6.02279,12.06000,12.87762,5.05472,1.19730,6.05202,12.17000,12.59119,5.02717,1.14750,5.76865,11.35000,12.33325,5.07679,1.09915,5.58018,11.13000,11.62171,23.42364,49.42376
40-1,1783321604.414087,2026-07-06T14:06:44.414087,5.08513,1.24638,6.33798,12.71000,13.51215,5.05254,1.24540,6.29243,12.66000,13.22116,5.02164,1.24540,6.25395,12.32000,12.95937,5.07415,1.15140,5.84238,11.66000,12.20663,24.72674,51.89932
40-1,1783321604.514204,2026-07-06T14:06:44.514204,5.08113,1.24638,6.33300,12.71000,14.14620,5.05254,1.24540,6.29243,12.66000,13.85114,5.02746,1.21317,6.09917,12.00000,13.57000,5.06939,1.16630,5.91241,11.81000,12.79856,24.63701,54.36590
40-1,1783321604.614321,2026-07-06T14:06:44.614321,5.08796,1.26786,6.45082,12.93000,14.79203,5.05547,1.26908,6.41580,12.90000,14.49347,5.02746,1.21317,6.09917,12.00000,14.18063,5.07339,1.16630,5.91707,11.81000,13.39097,24.88286,56.85711
40-1,1783321604.714438,2026-07-06T14:06:44.714438,5.08779,1.27103,6.46675,12.96000,15.43947,5.05564,1.26518,6.39627,12.86000,15.13385,5.03752,1.24760,6.28479,12.34000,14.80985,5.07849,1.14457,5.81267,11.59000,13.97291,24.96048,59.35607
40-1,1783321604.814555,2026-07-06T14:06:44.814555,5.08822,1.26298,6.42632,12.88000,16.08285,5.04742,1.27006,6.41052,12.91000,15.77565,5.03951,1.21220,6.10887,11.99000,15.42145,5.07739,1.16630,5.92174,11.81000,14.56578,24.86745,61.84573
40-1,1783321604.914673,2026-07-06T14:06:44.914673,5.08422,1.26298,6.42126,12.88000,16.72573,5.05542,1.27006,6.42068,12.91000,16.41848,5.02581,1.24247,6.24441,12.29000,16.04663,5.07359,1.16239,5.89748,11.77000,15.15622,24.98383,64.34706
40-1,1783321605.014790,2026-07-06T14:06:45.014790,5.07909,1.28373,6.52019,13.09000,17.37851,5.05191,1.25932,6.36195,12.80000,17.05542,5.02581,1.24247,6.24441,12.29000,16.67180,5.07359,1.16239,5.89748,11.77000,15.74666,25.02403,66.85239
40-1,1783321605.114907,2026-07-06T14:06:45.114907,5.09141,1.27787,6.50617,13.03000,18.02989,5.05164,1.26518,6.39121,12.86000,17.69528,5.02631,1.23344,6.19964,12.20000,17.29249,5.07015,1.15140,5.83778,11.66000,16.33112,24.93480,69.34878
40-1,1783321605.215023,2026-07-06T14:06:45.215023,5.09093,1.28666,6.55030,13.12000,18.68568,5.05996,1.25810,6.36591,12.79000,18.33262,5.02546,1.24857,6.27466,12.35000,17.92068,5.06929,1.16825,5.92219,11.83000,16.92403,25.11306,71.86302
40-1,1783321605.315141,2026-07-06T14:06:45.315141,5.08966,1.23661,6.29393,12.61000,19.31582,5.05996,1.25810,6.36591,12.79000,18.96996,5.03375,1.17264,5.90279,11.60000,18.51166,5.07669,1.10111,5.58999,11.15000,17.48369,24.15262,74.28112
40-1,1783321605.415257,2026-07-06T14:06:45.415257,5.08566,1.23661,6.28898,12.61000,19.94545,5.04832,1.25028,6.31182,12.71000,19.60187,5.02575,1.17264,5.89341,11.60000,19.10168,5.06919,1.17020,5.93198,11.85000,18.07757,24.42619,76.72657
40-1,1783321605.515373,2026-07-06T14:06:45.515373,5.08672,1.29057,6.56475,13.16000,20.60269,5.04755,1.26713,6.39590,12.88000,20.24221,5.02535,1.25053,6.28433,12.37000,19.73085,5.07319,1.17020,5.93666,11.85000,18.67193,25.18164,79.24767
40-1,1783321605.615493,2026-07-06T14:06:45.615493,5.08645,1.29545,6.58924,13.21000,21.26240,5.04467,1.24247,6.26785,12.63000,20.86974,5.02649,1.23026,6.18391,12.17000,20.34998,5.07349,1.16434,5.90728,11.79000,19.26336,24.94828,81.74548
40-1,1783321605.715611,2026-07-06T14:06:45.715611,5.09152,1.27592,6.49636,13.01000,21.91280,5.05267,1.24247,6.27779,12.63000,21.49826,5.02146,1.24857,6.26966,12.35000,20.97768,5.07329,1.16825,5.92687,11.83000,19.85675,24.97068,84.24549
40-1,1783321605.815727,2026-07-06T14:06:45.815727,5.08352,1.27592,6.48615,13.01000,22.56217,5.05147,1.26908,6.41072,12.90000,22.14008,5.02998,1.23930,6.23364,12.26000,21.60177,5.07314,1.17118,5.94156,11.86000,20.45160,25.07207,86.75562
40-1,1783321605.915844,2026-07-06T14:06:45.915844,5.08293,1.28666,6.54001,13.12000,23.21693,5.05214,1.25419,6.33634,12.75000,22.77445,5.02998,1.23930,6.23364,12.26000,22.22586,5.07714,1.17118,5.94624,11.86000,21.04691,25.05623,89.26416
40-1,1783321606.015961,2026-07-06T14:06:46.015961,5.08668,1.21805,6.19585,12.42000,23.83724,5.06067,1.24247,6.28773,12.63000,23.40396,5.02746,1.21317,6.09917,12.00000,22.83650,5.07164,1.12186,5.68968,11.36000,21.61655,24.27243,91.69425
41-1,1783321606.116096,2026-07-06T14:06:46.116096,5.08738,1.20511,6.13088,12.29000,0.61392,5.05267,1.24247,6.27779,12.63000,0.62863,5.02700,1.22123,6.13912,12.08000,0.61474,5.06904,1.17313,5.94666,11.88000,0.59547,24.49445,2.45276
41-1,1783321606.216213,2026-07-06T14:06:46.216213,5.07938,1.20511,6.12124,12.29000,1.22675,5.05241,1.24833,6.30707,12.69000,1.26007,5.01410,1.30815,6.55917,12.94000,1.27142,5.06559,1.24125,6.28766,12.57000,1.22497,25.27514,4.98321
41-1,1783321606.316330,2026-07-06T14:06:46.316330,5.08187,1.30619,6.63790,13.32000,1.89132,5.04830,1.33891,6.75922,13.61000,1.93679,5.02210,1.30815,6.56963,12.94000,1.92916,5.06559,1.24125,6.28766,12.57000,1.85447,26.25441,7.61174
41-1,1783321606.416447,2026-07-06T14:06:46.416447,5.08356,1.34843,6.85483,13.75000,2.57760,5.07315,0.87844,4.45649,8.93000,2.38295,5.02871,1.19095,5.98897,11.78000,2.52875,5.07004,1.23246,6.24861,12.48000,2.48006,23.54890,9.96937
41-1,1783321606.516564,2026-07-06T14:06:46.516564,5.09330,1.16996,5.95894,11.93000,3.17420,5.05715,0.87844,4.44243,8.93000,2.82772,5.03494,1.08060,5.44075,10.69000,3.07347,5.08620,0.91360,4.64676,9.25000,2.94528,20.48888,12.02067
41-1,1783321606.616681,2026-07-06T14:06:46.616681,5.08768,1.27299,6.47655,12.98000,3.82261,5.04902,1.23466,6.23381,12.55000,3.45183,5.02620,1.23539,6.20932,12.22000,3.69512,5.07405,1.15336,5.85218,11.68000,3.53119,24.77186,14.50075
41-1,1783321606.716798,2026-07-06T14:06:46.716798,5.09168,1.27299,6.48165,12.98000,4.47154,5.04854,1.24540,6.28745,12.66000,4.08131,5.03020,1.23539,6.21426,12.22000,4.31728,5.07405,1.15336,5.85218,11.68000,4.11709,24.83554,16.98721
41-1,1783321606.816915,2026-07-06T14:06:46.816915,5.08433,1.26102,6.41147,12.86000,5.11343,5.05210,1.25517,6.34122,12.76000,4.71617,5.02329,1.21610,6.10883,12.03000,4.92888,5.07059,1.14261,5.79372,11.57000,4.69714,24.65524,19.45562
41-1,1783321606.917034,2026-07-06T14:06:46.917034,5.08352,1.27592,6.48615,13.01000,5.76282,5.05610,1.25517,6.34624,12.76000,5.35155,5.02209,1.23734,6.21405,12.24000,5.55102,5.07394,1.15555,5.86320,11.70000,5.28415,24.90964,21.94954
41-1,1783321607.017153,2026-07-06T14:06:47.017153,5.08449,1.25810,6.39677,12.83000,6.40325,5.04485,1.23856,6.24836,12.59000,5.97713,5.02604,1.23832,6.22384,12.25000,6.17414,5.07394,1.15555,5.86320,11.70000,5.87117,24.73217,24.42569
41-1,1783321607.117270,2026-07-06T14:06:47.117270,5.08049,1.25810,6.39174,12.83000,7.04317,5.04436,1.24931,6.30195,12.70000,6.60806,5.02604,1.23832,6.22384,12.25000,6.79725,5.06584,1.15751,5.86374,11.72000,6.45823,24.78127,26.90672
41-1,1783321607.217386,2026-07-06T14:06:47.217386,5.08796,1.26786,6.45082,12.93000,7.68901,5.05596,1.25810,6.36088,12.79000,7.24489,5.02775,1.20804,6.07374,11.95000,7.40533,5.07784,1.15751,5.87763,11.72000,7.04668,24.76307,29.38591
41-1,1783321607.317503,2026-07-06T14:06:47.317503,5.08918,1.24540,6.33807,12.70000,8.32356,5.05196,1.25810,6.35585,12.79000,7.88122,5.02604,1.23832,6.22384,12.25000,8.02845,5.07389,1.15653,5.86810,11.71000,7.63418,24.78586,31.86740
42-1,1783321607.417631,2026-07-06T14:06:47.417631,5.08763,1.27396,6.48145,12.99000,0.64897,5.04925,1.22977,6.20943,12.50000,0.62173,5.03220,1.19999,6.03858,11.87000,0.60463,5.07354,1.16337,5.90238,11.78000,0.59099,24.63184,2.46632
42-1,1783321607.517750,2026-07-06T14:06:47.517750,5.08363,1.27396,6.47636,12.99000,1.29738,5.04867,1.24247,6.27282,12.63000,1.24976,5.02420,1.19999,6.02898,11.87000,1.20824,5.06959,1.24125,6.29262,12.57000,1.22100,25.07078,4.97638
42-1,1783321607.617867,2026-07-06T14:06:47.617867,5.08597,1.30424,6.63333,13.30000,1.96149,5.05230,1.33891,6.76457,13.61000,1.92701,5.02186,1.31230,6.59017,12.98000,1.86803,5.06959,1.24125,6.29262,12.57000,1.85100,26.28069,7.60753
42-1,1783321607.717984,2026-07-06T14:06:47.717984,5.08170,1.38261,7.02601,14.10000,2.66491,5.05630,1.33891,6.76993,13.61000,2.60480,5.02855,1.19388,6.00350,11.81000,2.46908,5.08528,1.32621,6.74417,13.43000,2.52620,26.54361,10.26499
42-1,1783321607.818100,2026-07-06T14:06:47.818100,5.09239,1.18656,6.04243,12.10000,3.26986,5.05355,0.86966,4.39485,8.84000,3.04479,5.03276,1.11917,5.63254,11.07000,3.03299,5.11216,0.79592,4.06889,8.06000,2.93357,20.13871,12.28121
42-1,1783321607.918217,2026-07-06T14:06:47.918217,5.08892,1.25028,6.36258,12.75000,3.90685,5.05126,1.18534,5.98745,12.05000,3.64423,5.03276,1.11917,5.63254,11.07000,3.59690,5.07044,1.14554,5.80841,11.60000,3.51508,23.79098,14.66308
42-1,1783321608.018333,2026-07-06T14:06:48.018333,5.08492,1.25028,6.35758,12.75000,4.54335,5.04791,1.25932,6.35691,12.80000,4.28067,5.02837,1.19706,6.01925,11.84000,4.19953,5.07044,1.14554,5.80841,11.60000,4.09660,24.54215,17.12016
42-1,1783321608.118452,2026-07-06T14:06:48.118452,5.08747,1.27689,6.49616,13.02000,5.19374,5.06014,1.25419,6.34637,12.80000,4.91605,5.02615,1.23637,6.21416,12.23000,4.82168,5.07384,1.15751,5.87300,11.72000,4.68460,24.92969,19.61607
42-1,1783321608.218568,2026-07-06T14:06:48.218568,5.08785,1.26981,6.46063,12.95000,5.84055,5.04814,1.25419,6.33132,12.75000,5.54992,5.02626,1.23441,6.20448,12.21000,5.44285,5.06989,1.15653,5.86347,11.71000,5.27163,24.85990,22.10496
42-1,1783321608.318686,2026-07-06T14:06:48.318686,5.09577,1.05130,5.35719,10.72000,6.37690,5.05342,1.22587,6.19483,12.46000,6.17014,5.02626,1.23441,6.20448,12.21000,6.06403,5.07485,1.05863,5.37237,10.72000,5.80950,23.12887,24.42057
42-1,1783321608.418803,2026-07-06T14:06:48.418803,5.08377,1.05130,5.34458,10.72000,6.91199,5.06830,0.89724,4.54751,9.12000,6.62542,5.04172,0.88968,4.48549,8.80000,6.51311,5.09061,0.82669,4.20833,8.37000,6.23082,18.58591,26.28134
42-1,1783321608.518921,2026-07-06T14:06:48.518921,5.09048,0.85501,4.35239,8.72000,7.34774,5.05460,1.11161,5.61872,11.30000,7.18795,5.04326,0.86233,4.34896,8.53000,6.94851,5.07861,0.82669,4.19841,8.37000,6.65116,18.51848,28.13536
43-1,1783321608.619058,2026-07-06T14:06:48.619058,5.06865,1.25517,6.36199,12.80000,0.63708,5.06260,1.11161,5.62761,11.30000,0.56354,5.01277,1.18998,5.96508,11.77000,0.59733,5.06589,1.15653,5.85885,11.71000,0.58669,23.81353,2.38463
43-1,1783321608.719175,2026-07-06T14:06:48.719175,5.08197,1.30424,6.62811,13.30000,1.30066,5.04426,1.33988,6.75873,13.62000,1.24020,5.02477,1.18998,5.97936,11.77000,1.19596,5.06143,1.24442,6.29856,12.60000,1.21728,25.66476,4.95410
43-1,1783321608.819292,2026-07-06T14:06:48.819292,5.08197,1.30424,6.62811,13.30000,1.96425,5.04489,1.32597,6.68936,13.48000,1.90992,5.02975,1.31425,6.61035,13.00000,1.85777,5.08290,1.05765,5.37592,10.71000,1.75551,25.30374,7.48744
43-1,1783321608.919412,2026-07-06T14:06:48.919412,5.08209,1.22880,6.24486,12.53000,2.58948,5.06277,1.10770,5.60803,11.26000,2.47139,5.05669,0.83694,4.23215,8.28000,2.28149,5.07090,1.05765,5.36323,10.71000,2.29247,21.44827,9.63483
43-1,1783321609.019529,2026-07-06T14:06:49.019529,5.08124,1.24442,6.32321,12.69000,3.22254,5.05877,1.10770,5.60360,11.26000,3.03241,5.00626,1.23441,6.17979,12.21000,2.90020,5.07059,1.14261,5.79372,11.57000,2.87252,23.90032,12.02767
43-1,1783321609.119647,2026-07-06T14:06:49.119647,5.08693,1.28666,6.54515,13.12000,3.87783,5.05605,1.25614,6.35112,12.77000,3.66827,5.02609,1.23734,6.21900,12.24000,3.52283,5.06994,1.15555,5.85858,11.70000,3.45907,24.97385,14.52801
43-1,1783321609.219765,2026-07-06T14:06:49.219765,5.08817,1.26395,6.43122,12.89000,4.52171,5.05632,1.25028,6.32182,12.71000,4.30120,5.02609,1.23734,6.21900,12.24000,4.14546,5.07410,1.15238,5.84728,11.67000,4.04449,24.81932,17.01285
43-1,1783321609.319884,2026-07-06T14:06:49.319884,5.08817,1.26395,6.43122,12.89000,5.16559,5.05410,1.21097,6.12038,12.31000,4.91396,5.03591,1.20511,6.06885,11.92000,4.75307,5.07410,1.15238,5.84728,11.67000,4.62991,24.46773,19.46253
43-1,1783321609.420002,2026-07-06T14:06:49.420002,5.08564,1.09037,5.54521,11.12000,5.72077,5.05410,1.21097,6.12038,12.31000,5.52672,5.05526,0.86233,4.35931,8.53000,5.18952,5.07934,1.04886,5.32752,10.62000,5.16329,21.35242,21.60030
43-1,1783321609.520119,2026-07-06T14:06:49.520119,5.09825,0.85916,4.38020,8.76000,6.15930,5.06426,0.89822,4.54882,9.13000,5.98214,5.04320,0.86331,4.35384,8.54000,5.62541,5.08256,0.82766,4.20664,8.38000,5.58445,17.48950,23.35130
43-1,1783321609.620237,2026-07-06T14:06:49.620237,5.06524,1.24442,6.30330,12.69000,6.79038,5.05135,1.18339,5.97769,12.03000,6.58061,5.03520,0.86331,4.34693,8.54000,6.06062,5.06740,1.12674,5.70965,11.41000,6.15609,22.33757,25.58769
43-1,1783321609.720356,2026-07-06T14:06:49.720356,5.08124,1.24442,6.32321,12.69000,7.42345,5.05658,1.24442,6.29253,12.65000,7.21061,5.02820,1.19999,6.03378,11.87000,6.66471,5.06979,1.15848,5.87326,11.73000,6.74411,24.52278,28.04288
43-1,1783321609.820473,2026-07-06T14:06:49.820473,5.08838,1.26005,6.41161,12.85000,8.06536,5.05258,1.24442,6.28755,12.65000,7.84011,5.02604,1.23832,6.22384,12.25000,7.28783,5.07379,1.15848,5.87789,11.73000,7.33259,24.80089,30.52589
43-1,1783321609.920591,2026-07-06T14:06:49.920591,5.08865,1.25517,6.38710,12.80000,8.70483,5.05667,1.24247,6.28276,12.63000,8.46912,5.02631,1.23344,6.19964,12.20000,7.90852,5.07494,1.13578,5.76400,11.50000,7.90967,24.63350,32.99215
43-1,1783321610.020709,2026-07-06T14:06:50.020709,5.08731,1.27982,6.51086,13.05000,9.35668,5.05610,1.25517,6.34624,12.76000,9.10449,5.02631,1.23344,6.19964,12.20000,8.52921,5.07384,1.15751,5.87300,11.72000,8.49766,24.92974,35.48804
43-1,1783321610.120827,2026-07-06T14:06:50.120827,5.08731,1.27982,6.51086,13.05000,10.00853,5.05289,1.23759,6.25339,12.58000,9.73057,5.03026,1.23441,6.20942,12.21000,9.15089,5.07489,1.13675,5.76890,11.51000,9.07523,24.74257,37.96522
43-1,1783321610.220944,2026-07-06T14:06:50.220944,5.08934,1.24247,6.32335,12.67000,10.64161,5.05289,1.23759,6.25339,12.58000,10.35664,5.02998,1.23930,6.23364,12.26000,9.77498,5.07089,1.13675,5.76435,11.51000,9.65234,24.57473,40.42557
43-1,1783321610.321062,2026-07-06T14:06:50.321062,5.08833,1.26102,6.41651,12.86000,11.28402,5.05578,1.26225,6.38163,12.83000,10.99556,5.02729,1.21610,6.11370,12.03000,10.38707,5.06984,1.15751,5.86837,11.72000,10.23987,24.78021,42.90652
43-1,1783321610.421179,2026-07-06T14:06:50.421179,5.08368,1.27299,6.47146,12.98000,11.93192,5.05610,1.25517,6.34624,12.76000,11.63092,5.02729,1.21610,6.11370,12.03000,10.99916,5.07074,1.13968,5.77904,11.54000,10.81845,24.71044,45.38045
43-1,1783321610.521297,2026-07-06T14:06:50.521297,5.08368,1.27299,6.47146,12.98000,12.57983,5.05245,1.24735,6.30219,12.68000,12.26189,5.02204,1.23832,6.21889,12.25000,11.62178,5.07364,1.16141,5.89259,11.76000,11.40841,24.88513,47.87191
43-1,1783321610.621414,2026-07-06T14:06:50.621414,5.08806,1.26591,6.44102,12.91000,13.22469,5.05245,1.24735,6.30219,12.68000,12.89284,5.02351,1.21220,6.08948,11.99000,12.23144,5.07364,1.16141,5.89259,11.76000,11.99835,24.72528,50.34733
43-1,1783321610.721531,2026-07-06T14:06:50.721531,5.08693,1.28666,6.54515,13.12000,13.87997,5.05186,1.26029,6.36683,12.81000,13.53027,5.02575,1.24345,6.24925,12.30000,12.85710,5.07394,1.15555,5.86320,11.70000,12.58536,25.02443,52.85270
43-1,1783321610.821648,2026-07-06T14:06:50.821648,5.08731,1.27982,6.51086,13.05000,14.53181,5.05333,1.22782,6.20459,12.48000,14.15146,5.02575,1.24345,6.24925,12.30000,13.48276,5.07359,1.16239,5.89748,11.77000,13.17580,24.86218,55.34182
43-1,1783321610.921765,2026-07-06T14:06:50.921765,5.09324,1.24442,6.33814,12.69000,15.16637,5.05742,1.22587,6.19973,12.46000,14.77216,5.02386,1.20609,6.05923,11.93000,14.08939,5.07750,1.08524,5.51030,10.99000,13.72747,24.10740,57.75539
43-1,1783321611.021883,2026-07-06T14:06:51.021883,5.08924,1.24442,6.33316,12.69000,15.80043,5.06142,1.22587,6.20463,12.46000,15.39335,5.03561,0.99783,5.02470,9.87000,14.59245,5.09861,0.82669,4.21494,8.37000,14.14946,21.77743,59.93569
43-1,1783321611.122000,2026-07-06T14:06:51.122000,5.09544,0.83743,4.26706,8.54000,16.22764,5.06435,0.89627,4.53901,9.11000,15.84778,5.04320,0.86331,4.35384,8.54000,15.02834,5.08661,0.82669,4.20502,8.37000,14.57046,17.36493,61.67421
43-1,1783321611.222118,2026-07-06T14:06:51.222118,5.08131,1.09647,5.57150,11.18000,16.78545,5.05442,1.11551,5.63827,11.34000,16.41227,5.03520,0.86331,4.34693,8.54000,15.46355,5.08531,0.93118,4.73534,9.43000,15.04455,20.29204,63.70582
43-1,1783321611.322235,2026-07-06T14:06:51.322235,5.08454,1.25712,6.39187,12.82000,17.42538,5.05178,1.26225,6.37658,12.83000,17.05068,5.02604,1.23832,6.22384,12.25000,16.08667,5.07369,1.16044,5.88769,11.75000,15.63401,24.87998,66.19674
43-1,1783321611.422351,2026-07-06T14:06:51.422351,5.08454,1.25712,6.39187,12.82000,18.06531,5.04778,1.26225,6.37153,12.83000,17.68857,5.02552,1.24760,6.26982,12.34000,16.71437,5.06949,1.16434,5.90262,11.79000,16.22496,24.93584,68.69321
43-1,1783321611.522468,2026-07-06T14:06:51.522468,5.08347,1.27689,6.49105,13.02000,18.71517,5.05676,1.24052,6.27299,12.61000,18.31660,5.02930,1.25150,6.29418,12.38000,17.34453,5.07349,1.16434,5.90728,11.79000,16.81638,24.96550,71.19268
43-1,1783321611.622585,2026-07-06T14:06:51.622585,5.08433,1.26102,6.41147,12.86000,19.35707,5.05551,1.26811,6.41092,12.89000,18.95844,5.02530,1.25150,6.28917,12.38000,17.97418,5.07444,1.14554,5.81299,11.60000,17.39835,24.92455,73.68805
43-1,1783321611.722702,2026-07-06T14:06:51.722702,5.08715,1.28275,6.52556,13.08000,20.01039,5.05258,1.24442,6.28755,12.65000,19.58793,5.02169,1.24442,6.24911,12.31000,18.59982,5.07344,1.16532,5.91217,11.80000,17.99026,24.97439,76.18840
43-1,1783321611.822824,2026-07-06T14:06:51.822824,5.09115,1.28275,6.53069,13.08000,20.66426,5.05258,1.24442,6.28755,12.65000,20.21746,5.02141,1.24955,6.27450,12.36000,19.22804,5.06934,1.16727,5.91730,11.82000,18.58271,25.01004,78.69247
43-1,1783321611.922941,2026-07-06T14:06:51.922941,5.08672,1.29057,6.56475,13.16000,21.32150,5.05155,1.26713,6.40097,12.88000,20.85831,5.03415,1.23637,6.22405,12.23000,19.85117,5.07334,1.16727,5.92197,11.82000,19.17561,25.11174,81.20658
43-1,1783321612.023058,2026-07-06T14:06:52.023058,5.08773,1.27201,6.47165,12.97000,21.96942,5.05210,1.25517,6.34122,12.76000,21.49317,5.02215,1.23637,6.20921,12.23000,20.47282,5.06994,1.15555,5.85858,11.70000,19.76215,24.88066,83.69755
43-1,1783321612.123175,2026-07-06T14:06:52.123175,5.08796,1.26786,6.45082,12.93000,22.61526,5.05151,1.26811,6.40585,12.89000,22.13450,5.02946,1.24857,6.27965,12.35000,21.10152,5.06929,1.16825,5.92219,11.83000,20.35506,25.05851,86.20634
43-1,1783321612.223292,2026-07-06T14:06:52.223292,5.08779,1.27103,6.46675,12.96000,23.26269,5.05151,1.26811,6.40585,12.89000,22.77583,5.03106,1.22025,6.13916,12.07000,21.71615,5.06939,1.16630,5.91241,11.81000,20.94699,24.92417,88.70166
43-1,1783321612.323409,2026-07-06T14:06:52.323409,5.08779,1.27103,6.46675,12.96000,23.91012,5.05124,1.27396,6.43511,12.95000,23.42010,5.02530,1.25150,6.28917,12.38000,22.34580,5.07405,1.15336,5.85218,11.68000,21.53289,25.04321,91.20891
43-1,1783321612.423526,2026-07-06T14:06:52.423526,5.08417,1.26395,6.42616,12.89000,24.55349,5.05151,1.26811,6.40585,12.89000,24.06144,5.02090,1.25858,6.31922,12.45000,22.97847,5.07005,1.15336,5.84757,11.68000,22.11834,24.99880,93.71173
43-1,1783321612.523643,2026-07-06T14:06:52.523643,5.08267,1.29154,6.56448,13.17000,25.21071,5.04742,1.27006,6.41052,12.91000,24.70324,5.02890,1.25858,6.32928,12.45000,23.61214,5.06914,1.17118,5.93687,11.86000,22.71272,25.24115,96.23881
43-1,1783321612.623761,2026-07-06T14:06:52.623761,5.08635,1.29740,6.59904,13.23000,25.87139,5.05542,1.27006,6.42068,12.91000,25.34606,5.02169,1.24442,6.24911,12.31000,24.23778,5.06899,1.17411,5.95155,11.89000,23.30857,25.22038,98.76380
43-1,1783321612.723878,2026-07-06T14:06:52.723878,5.08635,1.29740,6.59904,13.23000,26.53206,5.05236,1.24931,6.31194,12.70000,25.97799,5.02141,1.24955,6.27450,12.36000,24.86597,5.07339,1.16630,5.91707,11.81000,23.90097,25.10255,101.27699
44-1,1783321612.824009,2026-07-06T14:06:52.824009,5.08309,1.28373,6.52532,13.09000,0.65339,5.05392,1.21488,6.13991,12.35000,0.61480,5.03415,1.30717,6.58049,12.93000,0.65891,5.07339,1.16630,5.91707,11.81000,0.59248,25.16279,2.51958
44-1,1783321612.924174,2026-07-06T14:06:52.924174,5.08187,1.30619,6.63790,13.32000,1.31827,5.04813,1.34281,6.77870,13.65000,1.29378,5.01815,1.30717,6.55957,12.93000,1.31595,5.06959,1.24125,6.29262,12.57000,1.22278,26.26879,5.15079
44-1,1783321613.024290,2026-07-06T14:06:53.024290,5.08228,1.37187,6.97222,13.99000,2.01630,5.04413,1.34281,6.77333,13.65000,1.97190,5.03764,1.31620,6.63056,13.02000,1.97978,5.06533,1.32524,6.71276,13.42000,1.89484,27.08887,7.86282
44-1,1783321613.124407,2026-07-06T14:06:53.124407,5.08628,1.37187,6.97771,13.99000,2.71489,5.06039,0.98367,4.97777,10.00000,2.47026,5.06377,0.85330,4.32090,8.44000,2.41237,5.11061,0.82669,4.22486,8.37000,2.31782,20.50124,9.91535
44-1,1783321613.224523,2026-07-06T14:06:53.224523,5.09262,1.10916,5.64855,11.31000,3.28040,5.04448,1.33500,6.73439,13.57000,3.14448,5.00850,1.26566,6.33907,12.52000,3.04702,5.07461,0.82669,4.19510,8.37000,2.73782,22.91711,12.20972
44-1,1783321613.324641,2026-07-06T14:06:53.324641,5.08646,1.22196,6.21546,12.46000,3.90268,5.06851,1.15775,5.86806,11.77000,3.73198,5.02050,1.26566,6.35426,12.52000,3.68319,5.05929,1.04984,5.31143,10.63000,3.26958,23.74921,14.58743
44-1,1783321613.424758,2026-07-06T14:06:53.424758,5.08417,1.26395,6.42616,12.89000,4.54605,5.05651,1.15775,5.85417,11.77000,4.31808,5.03038,1.23222,6.19852,12.19000,4.30377,5.05384,1.15751,5.84985,11.72000,3.85525,24.32870,17.02315
44-1,1783321613.524876,2026-07-06T14:06:53.524876,5.08752,1.27592,6.49126,13.01000,5.19594,5.04933,1.22782,6.19968,12.48000,4.93878,5.03004,1.23832,6.22879,12.25000,4.92738,5.07374,1.15946,5.88279,11.74000,4.44423,24.80252,19.50633
44-1,1783321613.624993,2026-07-06T14:06:53.624993,5.08752,1.27592,6.49126,13.01000,5.84583,5.04801,1.25712,6.34594,12.78000,5.57412,5.02775,1.20804,6.07374,11.95000,5.53547,5.07374,1.15946,5.88279,11.74000,5.03320,24.79373,21.98862
44-1,1783321613.725114,2026-07-06T14:06:53.725114,5.08752,1.27592,6.49126,13.01000,6.49574,5.05591,1.25932,6.36698,12.80000,6.21159,5.02375,1.20804,6.06891,11.95000,6.14309,5.07419,1.15043,5.83748,11.65000,5.61765,24.76463,24.46807
44-1,1783321613.825233,2026-07-06T14:06:53.825233,5.08741,1.27787,6.50106,13.03000,7.14662,5.05191,1.25932,6.36195,12.80000,6.84854,5.02964,1.24540,6.26391,12.32000,6.77023,5.07374,1.15946,5.88279,11.74000,6.20663,25.00971,26.97201
44-1,1783321613.925352,2026-07-06T14:06:53.925352,5.08428,1.26200,6.41637,12.87000,7.78902,5.05294,1.23661,6.24851,12.57000,7.47414,5.03004,1.23832,6.22879,12.25000,7.39385,5.07444,1.14554,5.81299,11.60000,6.78862,24.70666,29.44563
44-1,1783321614.025472,2026-07-06T14:06:54.025472,5.09228,1.26200,6.42646,12.87000,8.43243,5.05164,1.26518,6.39121,12.86000,8.11402,5.02689,1.22318,6.14881,12.10000,8.00947,5.06944,1.16532,5.90751,11.80000,7.38008,24.87399,31.93600
44-1,1783321614.125590,2026-07-06T14:06:54.125590,5.08412,1.26493,6.43106,12.90000,9.07630,5.05591,1.25932,6.36698,12.80000,8.75147,5.02289,1.22318,6.14391,12.10000,8.62458,5.07344,1.16532,5.91217,11.80000,7.97199,24.85412,34.42434
44-1,1783321614.225709,2026-07-06T14:06:54.225709,5.08529,1.24345,6.32328,12.68000,9.70938,5.05191,1.25932,6.36195,12.80000,9.38842,5.02586,1.24149,6.23957,12.28000,9.24928,5.07449,1.14457,5.80809,11.59000,8.55349,24.73289,36.90058
44-1,1783321614.325827,2026-07-06T14:06:54.325827,5.08422,1.26298,6.42126,12.88000,10.35227,5.05311,1.23270,6.22899,12.53000,10.01206,5.02724,1.21708,6.11854,12.04000,9.86186,5.07339,1.16630,5.91707,11.81000,9.14590,24.68586,39.37209
44-1,1783321614.425945,2026-07-06T14:06:54.425945,5.08422,1.26298,6.42126,12.88000,10.99515,5.05182,1.26127,6.37170,12.82000,10.64998,5.02575,1.24345,6.24925,12.30000,10.48752,5.07005,1.15336,5.84757,11.68000,9.73134,24.88978,41.86399
44-1,1783321614.526062,2026-07-06T14:06:54.526062,5.08325,1.28080,6.51063,13.06000,11.64698,5.05645,1.24735,6.30718,12.68000,11.28144,5.02975,1.24345,6.25422,12.30000,11.11368,5.07405,1.15336,5.85218,11.68000,10.31725,24.92421,44.35934
44-1,1783321614.626180,2026-07-06T14:06:54.626180,5.08428,1.26200,6.41637,12.87000,12.28937,5.05245,1.24735,6.30219,12.68000,11.91240,5.02666,1.22733,6.16938,12.14000,11.73134,5.06959,1.16239,5.89283,11.77000,10.90723,24.78077,46.84034
44-1,1783321614.726299,2026-07-06T14:06:54.726299,5.08661,1.29252,6.57455,13.18000,12.94760,5.05560,1.26615,6.40116,12.87000,12.55328,5.02558,1.24638,6.26377,12.33000,12.35846,5.06939,1.16630,5.91241,11.81000,11.49917,25.15189,49.35851
44-1,1783321614.826417,2026-07-06T14:06:54.826417,5.09399,1.15726,5.89508,11.80000,13.53781,5.05742,1.22587,6.19973,12.46000,13.17398,5.03671,1.12015,5.64188,11.08000,12.92332,5.08290,1.05765,5.37592,10.71000,12.03740,23.11261,51.67251
44-1,1783321614.926535,2026-07-06T14:06:54.926535,5.08999,1.15726,5.89045,11.80000,14.12755,5.04773,1.26322,6.37641,12.84000,13.81238,5.02871,1.12015,5.63291,11.08000,13.48727,5.07490,1.05765,5.36746,10.71000,12.57478,23.26723,54.00198
44-1,1783321615.026652,2026-07-06T14:06:55.026652,5.08757,1.27494,6.48636,13.00000,14.77695,5.05973,1.26322,6.39156,12.84000,14.45228,5.02912,1.25468,6.30992,12.41000,14.11900,5.07324,1.16923,5.93176,11.84000,13.16865,25.11960,56.51688
44-1,1783321615.126770,2026-07-06T14:06:55.126770,5.08838,1.26005,6.41161,12.85000,15.41886,5.05569,1.26420,6.39139,12.85000,15.09217,5.03009,1.23734,6.22395,12.24000,14.74213,5.07449,1.14457,5.80809,11.59000,13.75014,24.83504,59.00331
44-1,1783321615.226887,2026-07-06T14:06:55.226887,5.08812,1.26493,6.43612,12.90000,16.06323,5.05586,1.26029,6.37187,12.81000,15.73011,5.02575,1.24345,6.24925,12.30000,15.36779,5.07344,1.16532,5.91217,11.80000,14.34205,24.96941,61.50318
44-1,1783321615.327005,2026-07-06T14:06:55.327005,5.08412,1.26493,6.43106,12.90000,16.70709,5.05164,1.26518,6.39121,12.86000,16.36998,5.02575,1.24345,6.24925,12.30000,15.99345,5.07324,1.16923,5.93176,11.84000,14.93593,25.00328,64.00644
44-1,1783321615.427073,2026-07-06T14:06:55.427073,5.08368,1.27299,6.47146,12.98000,17.35468,5.05564,1.26518,6.39627,12.86000,17.01004,5.02289,1.22318,6.14391,12.10000,16.60826,5.07324,1.16923,5.93176,11.84000,15.52951,24.94340,66.50249
44-1,1783321615.527190,2026-07-06T14:06:55.527190,5.08481,1.25224,6.36738,12.77000,17.99216,5.05147,1.26908,6.41072,12.90000,17.65186,5.02135,1.25053,6.27933,12.37000,17.23693,5.06624,1.14945,5.82339,11.64000,16.11253,24.88082,68.99348
44-1,1783321615.627308,2026-07-06T14:06:55.627308,5.08668,1.21805,6.19585,12.42000,18.61248,5.05320,1.23075,6.21923,12.51000,18.27452,5.02575,1.17264,5.89341,11.60000,17.82696,5.06759,1.12284,5.69008,11.37000,16.68220,23.99857,71.39616
44-1,1783321615.727425,2026-07-06T14:06:55.727425,5.08668,1.21805,6.19585,12.42000,19.23279,5.04764,1.26518,6.38615,12.86000,18.91388,5.02564,1.24540,6.25893,12.32000,18.45359,5.06934,1.16727,5.91730,11.82000,17.27463,24.75823,73.87489
44-1,1783321615.827542,2026-07-06T14:06:55.827542,5.08693,1.28666,6.54515,13.12000,19.88807,5.04764,1.26518,6.38615,12.86000,19.55325,5.03364,1.24540,6.26889,12.32000,19.08121,5.06934,1.16727,5.91730,11.82000,17.86705,25.11749,76.38958
44-1,1783321615.927660,2026-07-06T14:06:55.927660,5.08773,1.27201,6.47165,12.97000,20.53599,5.05942,1.27006,6.42576,12.91000,20.19658,5.01730,1.25150,6.27916,12.38000,19.70987,5.06914,1.17118,5.93687,11.86000,18.46143,25.11344,78.90387
44-1,1783321616.027777,2026-07-06T14:06:56.027777,5.07867,1.29154,6.55932,13.17000,21.19269,5.05254,1.24540,6.29243,12.66000,20.82656,5.01741,1.24955,6.26950,12.36000,20.33755,5.06909,1.17215,5.94176,11.87000,19.05631,25.06301,81.41311
44-1,1783321616.127894,2026-07-06T14:06:56.127894,5.09067,1.29154,6.57482,13.17000,21.85095,5.05142,1.27006,6.41560,12.91000,21.46887,5.03089,1.22318,6.15370,12.10000,20.95364,5.07364,1.16141,5.89259,11.76000,19.64626,25.03671,83.91972
44-1,1783321616.228012,2026-07-06T14:06:56.228012,5.08417,1.26395,6.42616,12.89000,22.49432,5.05169,1.26420,6.38634,12.85000,22.10826,5.02289,1.22318,6.14391,12.10000,21.56876,5.06964,1.16141,5.88794,11.76000,20.23575,24.84435,86.40708
44-1,1783321616.328129,2026-07-06T14:06:56.328129,5.08720,1.28178,6.52066,13.07000,23.14715,5.05169,1.26420,6.38634,12.85000,22.74764,5.02158,1.24638,6.25878,12.33000,22.19537,5.06929,1.16825,5.92219,11.83000,20.82866,25.08797,88.91881
44-1,1783321616.428249,2026-07-06T14:06:56.428249,5.08672,1.29057,6.56475,13.16000,23.80441,5.05142,1.27006,6.41560,12.91000,23.38996,5.02130,1.25150,6.28417,12.38000,22.82454,5.07304,1.17313,5.95135,11.88000,21.42450,25.21587,91.44342
44-1,1783321616.528366,2026-07-06T14:06:56.528366,5.07835,1.29740,6.58866,13.23000,24.46405,5.05129,1.27299,6.43023,12.94000,24.03374,5.02660,1.22831,6.17422,12.15000,23.44268,5.07304,1.17313,5.95135,11.88000,22.02034,25.14446,93.96081
44-1,1783321616.628485,2026-07-06T14:06:56.628485,5.08635,1.29740,6.59904,13.23000,25.12474,5.05623,1.25224,6.33159,12.73000,24.66766,5.02660,1.22831,6.17422,12.15000,24.06084,5.06964,1.16141,5.88794,11.76000,22.60983,24.99279,96.46307
44-1,1783321616.728606,2026-07-06T14:06:56.728606,5.07606,1.26591,6.42583,12.91000,25.76810,5.05623,1.25224,6.33159,12.73000,25.30158,5.02530,1.25150,6.28917,12.38000,24.69051,5.07364,1.16141,5.89259,11.76000,23.19980,24.93918,98.95999
44-1,1783321616.828726,2026-07-06T14:06:56.828726,5.07515,1.28275,6.51016,13.08000,26.41990,5.05116,1.27592,6.44486,12.97000,25.94684,5.02484,1.25956,6.32909,12.46000,25.32419,5.07278,1.17826,5.97705,11.93000,23.79823,25.26116,101.48915
44-1,1783321616.928846,2026-07-06T14:06:56.928846,5.08320,1.28178,6.51553,13.07000,27.07223,5.05116,1.27592,6.44486,12.97000,26.59210,5.02969,1.24442,6.25907,12.31000,25.95084,5.07288,1.17631,5.96726,11.91000,24.39567,25.18672,104.01083
44-1,1783321617.028964,2026-07-06T14:06:57.028964,5.08720,1.28178,6.52066,13.07000,27.72507,5.04832,1.25028,6.31182,12.71000,27.22403,5.02969,1.24442,6.25907,12.31000,26.57749,5.06873,1.17924,5.97723,11.94000,24.99410,25.06878,106.52068
44-1,1783321617.129081,2026-07-06T14:06:57.129081,5.08251,1.29447,6.57917,13.20000,28.38375,5.05632,1.25028,6.32182,12.71000,27.85695,5.01679,1.26054,6.32384,12.47000,27.21061,5.07273,1.17924,5.98195,11.94000,25.59299,25.20678,109.04430
44-1,1783321617.229202,2026-07-06T14:06:57.229202,5.08357,1.27494,6.48126,13.00000,29.03266,5.05529,1.27299,6.43532,12.94000,28.50125,5.01718,1.25346,6.28882,12.40000,27.84025,5.07339,1.16630,5.91707,11.81000,26.18541,25.12247,111.55958
44-1,1783321617.329321,2026-07-06T14:06:57.329321,5.07915,1.28275,6.51529,13.08000,29.68497,5.05538,1.27103,6.42556,12.92000,29.14458,5.03295,1.25761,6.32947,12.44000,28.47396,5.07319,1.17020,5.93666,11.85000,26.77979,25.20698,114.08328
44-1,1783321617.429439,2026-07-06T14:06:57.429439,5.09115,1.28275,6.53069,13.08000,30.33881,5.05120,1.27494,6.43998,12.96000,29.78934,5.03695,1.25761,6.33450,12.44000,29.10816,5.07283,1.17728,5.97216,11.92000,27.37771,25.27733,116.61401
44-1,1783321617.529558,2026-07-06T14:06:57.529558,5.08331,1.27982,6.50574,13.05000,30.99015,5.06320,1.27494,6.45528,12.96000,30.43563,5.03398,1.23930,6.23859,12.26000,29.73275,5.07683,1.17728,5.97686,11.92000,27.97610,25.17647,119.13464
44-1,1783321617.629676,2026-07-06T14:06:57.629676,5.08288,1.28764,6.54490,13.13000,31.64542,5.03520,1.27494,6.41959,12.96000,31.07835,5.03284,1.25956,6.33916,12.46000,30.36742,5.07273,1.17924,5.98195,11.94000,28.57501,25.28560,121.66620
44-1,1783321617.729796,2026-07-06T14:06:57.729796,5.08219,1.30033,6.60853,13.26000,32.30707,5.03502,1.27885,6.43903,13.00000,31.72303,5.02079,1.26054,6.32888,12.47000,31.00107,5.07278,1.17826,5.97705,11.93000,29.17343,25.35349,124.20459
44-1,1783321617.829920,2026-07-06T14:06:57.829920,5.07925,1.28080,6.50551,13.06000,32.95842,5.05098,1.27982,6.46437,13.01000,32.37026,5.02079,1.26054,6.32888,12.47000,31.63474,5.07259,1.18216,5.99663,11.97000,29.77383,25.29539,126.73725
44-1,1783321617.930040,2026-07-06T14:06:57.930040,5.09525,1.28080,6.52600,13.06000,33.61180,5.04698,1.27982,6.45925,13.01000,33.01696,5.02884,1.25956,6.33413,12.46000,32.26891,5.07294,1.17508,5.96114,11.90000,30.37066,25.28052,129.26834
44-1,1783321618.030158,2026-07-06T14:06:58.030158,5.08309,1.28373,6.52532,13.09000,34.26511,5.04760,1.26615,6.39103,12.87000,33.65682,5.02924,1.25248,6.29902,12.39000,32.89956,5.07294,1.17508,5.96114,11.90000,30.96748,25.17651,131.78897
44-1,1783321618.130275,2026-07-06T14:06:58.130275,5.08336,1.27885,6.50084,13.04000,34.91595,5.04716,1.27592,6.43976,12.97000,34.30155,5.03341,1.24955,6.28949,12.36000,33.52924,5.07299,1.17411,5.95624,11.89000,31.56380,25.18633,134.31054
44-1,1783321618.230394,2026-07-06T14:06:58.230394,5.09536,1.27885,6.51619,13.04000,35.56834,5.05089,1.28178,6.47412,13.03000,34.94973,5.02941,1.24955,6.28449,12.36000,34.15844,5.07299,1.17411,5.95624,11.89000,32.16013,25.23104,136.83665
44-1,1783321618.330515,2026-07-06T14:06:58.330515,5.08736,1.27885,6.50596,13.04000,36.21973,5.05089,1.28178,6.47412,13.03000,35.59793,5.03284,1.25956,6.33916,12.46000,34.79312,5.07673,1.17924,5.98666,11.94000,32.75953,25.30590,139.37030
44-1,1783321618.430634,2026-07-06T14:06:58.430634,5.07915,1.28275,6.51529,13.08000,36.87203,5.05111,1.27689,6.44974,12.98000,36.24367,5.03284,1.25956,6.33916,12.46000,35.42779,5.06873,1.17924,5.97723,11.94000,33.35796,25.28142,141.90146
44-1,1783321618.530754,2026-07-06T14:06:58.530754,5.07883,1.28861,6.54464,13.14000,37.52728,5.05080,1.28373,6.48387,13.05000,36.89283,5.02866,1.26273,6.34986,12.49000,36.06354,5.07249,1.18412,6.00642,11.99000,33.95932,25.38479,144.44297
45-1,1783321618.630895,2026-07-06T14:06:58.630895,5.08673,1.21708,6.19095,12.41000,0.61997,5.05302,1.23466,6.23875,12.55000,0.62476,5.02066,1.26273,6.33976,12.49000,0.63487,5.07389,1.15653,5.86810,11.71000,0.58764,24.63756,2.46724
45-1,1783321618.731016,2026-07-06T14:06:58.731016,5.09073,1.21708,6.19581,12.41000,1.24030,5.05302,1.23466,6.23875,12.55000,1.24938,5.02678,1.22514,6.15849,12.12000,1.25146,5.06123,1.24833,6.31808,12.64000,1.22021,24.91113,4.96136
45-1,1783321618.831138,2026-07-06T14:06:58.831138,5.08772,1.34550,6.84553,13.72000,1.92569,5.05075,1.37333,6.93636,13.96000,1.94387,5.02724,1.21708,6.11854,12.04000,1.86407,5.08123,1.24833,6.34305,12.64000,1.85529,26.24348,7.58891
45-1,1783321618.931256,2026-07-06T14:06:58.931256,5.09730,1.16996,5.96362,11.93000,2.52276,5.05880,1.19535,6.04704,12.15000,2.54929,5.02226,1.23441,6.19954,12.21000,2.48475,5.08761,0.88577,4.50645,8.97000,2.30647,22.71665,9.86326
45-1,1783321619.031376,2026-07-06T14:06:59.031376,5.08828,1.26200,6.42141,12.87000,3.16567,5.05210,1.25517,6.34122,12.76000,3.18417,5.02798,1.20389,6.05316,11.91000,3.09080,5.07484,1.13773,5.77380,11.52000,2.88454,24.58959,12.32518
45-1,1783321619.131497,2026-07-06T14:06:59.131497,5.08801,1.26688,6.44592,12.92000,3.81104,5.05210,1.25517,6.34122,12.76000,3.81906,5.02398,1.20389,6.04834,11.91000,3.69636,5.07389,1.15653,5.86810,11.71000,3.47206,24.70358,14.79852
45-1,1783321619.231614,2026-07-06T14:06:59.231614,5.08401,1.26688,6.44085,12.92000,4.45588,5.05357,1.22269,6.17896,12.43000,4.43768,5.03004,1.23832,6.22879,12.25000,4.31997,5.07379,1.15848,5.87789,11.73000,4.06054,24.72649,17.27407
45-1,1783321619.331732,2026-07-06T14:06:59.331732,5.08352,1.27592,6.48615,13.01000,5.10526,5.05214,1.25419,6.33634,12.75000,5.07206,5.03009,1.23734,6.22395,12.24000,4.94310,5.06979,1.15848,5.87326,11.73000,4.64855,24.91970,19.76897
45-1,1783321619.431850,2026-07-06T14:06:59.431850,5.08561,1.23759,6.29388,12.62000,5.73539,5.05614,1.25419,6.34135,12.75000,5.70694,5.02780,1.20707,6.06890,11.94000,5.55071,5.07015,1.15140,5.83778,11.66000,5.23302,24.54191,22.22606
45-1,1783321619.531966,2026-07-06T14:06:59.531966,5.08357,1.27494,6.48126,13.00000,6.38427,5.05614,1.25419,6.34135,12.75000,6.34181,5.02780,1.20707,6.06890,11.94000,6.15830,5.06984,1.15751,5.86837,11.72000,5.82054,24.75988,24.70492
45-1,1783321619.632083,2026-07-06T14:06:59.632083,5.09157,1.27494,6.49146,13.00000,7.03417,5.04889,1.23759,6.24844,12.58000,6.96739,5.02969,1.24442,6.25907,12.31000,6.78494,5.07864,1.14164,5.79796,11.56000,6.40102,24.79693,27.18752
45-1,1783321619.732200,2026-07-06T14:06:59.732200,5.08508,1.24735,6.34288,12.72000,7.66920,5.04791,1.25932,6.35691,12.80000,7.60383,5.02992,1.24052,6.23969,12.27000,7.40964,5.07064,1.14164,5.78883,11.56000,6.98058,24.72831,29.66325
45-1,1783321619.832317,2026-07-06T14:06:59.832317,5.08444,1.25907,6.40167,12.84000,8.31012,5.06005,1.25614,6.35614,12.77000,8.24018,5.02678,1.22514,6.15849,12.12000,8.02621,5.07374,1.15946,5.88279,11.74000,7.56954,24.79909,32.14606
45-1,1783321619.932434,2026-07-06T14:06:59.932434,5.08444,1.25907,6.40167,12.84000,8.95104,5.05205,1.25614,6.34609,12.77000,8.87553,5.03078,1.22514,6.16339,12.12000,8.64327,5.07454,1.14359,5.80319,11.58000,8.15054,24.71434,34.62038
45-1,1783321620.032552,2026-07-06T14:07:00.032552,5.08444,1.25907,6.40167,12.84000,9.59196,5.05329,1.22880,6.20947,12.49000,9.49722,5.02992,1.24052,6.23969,12.27000,9.26797,5.06964,1.16141,5.88794,11.76000,8.74003,24.73877,37.09718
45-1,1783321620.132670,2026-07-06T14:07:00.132670,5.08341,1.27787,6.49595,13.03000,10.24232,5.05196,1.25810,6.35585,12.79000,10.13355,5.03164,1.21000,6.08827,11.97000,9.87752,5.07364,1.16141,5.89259,11.76000,9.32999,24.83266,39.58338
45-1,1783321620.232788,2026-07-06T14:07:00.232788,5.08438,1.26005,6.40657,12.85000,10.88373,5.05205,1.25614,6.34609,12.77000,10.76890,5.02592,1.24052,6.23473,12.27000,10.50172,5.07415,1.15140,5.84238,11.66000,9.91491,24.82977,42.06926
45-1,1783321620.332851,2026-07-06T14:07:00.332851,5.08352,1.27592,6.48615,13.01000,11.53276,5.04805,1.25614,6.34107,12.77000,11.40341,5.02992,1.24052,6.23969,12.27000,11.12609,5.07349,1.16434,5.90728,11.79000,10.50601,24.97419,44.56827
45-1,1783321620.432971,2026-07-06T14:07:00.432971,5.08470,1.25419,6.37718,12.79000,12.17124,5.05605,1.25614,6.35112,12.77000,12.03929,5.02660,1.22831,6.17422,12.15000,11.74425,5.07359,1.16239,5.89748,11.77000,11.09647,24.80000,47.05124
45-1,1783321620.533090,2026-07-06T14:07:00.533090,5.08870,1.25419,6.38219,12.79000,12.81022,5.05564,1.26518,6.39627,12.86000,12.67967,5.02558,1.24638,6.26377,12.33000,12.37137,5.07359,1.16239,5.89748,11.77000,11.68692,24.93971,49.54818
45-1,1783321620.633209,2026-07-06T14:07:00.633209,5.08699,1.28568,6.54026,13.11000,13.46502,5.05316,1.23173,6.22411,12.52000,13.30282,5.03009,1.23734,6.22395,12.24000,12.99451,5.06944,1.16532,5.90751,11.80000,12.27837,24.89583,52.04071
45-1,1783321620.733328,2026-07-06T14:07:00.733328,5.08693,1.28666,6.54515,13.12000,14.12031,5.05316,1.23173,6.22411,12.52000,13.92597,5.03009,1.23734,6.22395,12.24000,13.61764,5.07339,1.16630,5.91707,11.81000,12.87078,24.91028,54.53471
45-1,1783321620.833447,2026-07-06T14:07:00.833447,5.09026,1.15238,5.86591,11.75000,14.70760,5.05569,1.26420,6.39139,12.85000,14.56588,5.03346,1.24857,6.28464,12.35000,14.24686,5.07880,1.05960,5.38151,10.73000,13.40957,23.92345,56.92991
45-1,1783321620.933567,2026-07-06T14:07:00.933567,5.09026,1.15238,5.86591,11.75000,15.29490,5.05632,1.25028,6.32182,12.71000,15.19881,5.03375,1.24345,6.25920,12.30000,14.87352,5.06529,1.16825,5.91752,11.83000,14.00203,24.36445,59.36927
45-1,1783321621.033684,2026-07-06T14:07:01.033684,5.08693,1.28666,6.54515,13.12000,15.95018,5.05551,1.26811,6.41092,12.89000,15.84066,5.02569,1.24442,6.25409,12.31000,15.49967,5.07329,1.16825,5.92687,11.83000,14.59542,25.13703,61.88593
45-1,1783321621.133804,2026-07-06T14:07:01.133804,5.08736,1.27885,6.50596,13.04000,16.60156,5.05551,1.26811,6.41092,12.89000,16.48252,5.02969,1.24442,6.25907,12.31000,16.12633,5.07444,1.14554,5.81299,11.60000,15.17741,24.98894,64.38782
45-1,1783321621.233922,2026-07-06T14:07:01.233922,5.08801,1.26688,6.44592,12.92000,17.24691,5.05191,1.25932,6.36195,12.80000,17.11947,5.02164,1.24540,6.25395,12.32000,16.75246,5.07329,1.16825,5.92687,11.83000,15.77080,24.98869,66.88963
45-1,1783321621.334041,2026-07-06T14:07:01.334041,5.08401,1.26688,6.44085,12.92000,17.89176,5.05124,1.27396,6.43511,12.95000,17.76374,5.02106,1.25565,6.30471,12.42000,17.38368,5.07319,1.17020,5.93666,11.85000,16.36517,25.11733,69.40435
45-1,1783321621.434159,2026-07-06T14:07:01.434159,5.08720,1.28178,6.52066,13.07000,18.54459,5.05955,1.26713,6.41111,12.88000,18.40561,5.03346,1.24857,6.28464,12.35000,18.01288,5.07319,1.17020,5.93666,11.85000,16.95954,25.15307,71.92262
45-1,1783321621.534276,2026-07-06T14:07:01.534276,5.08779,1.27103,6.46675,12.96000,19.19203,5.05155,1.26713,6.40097,12.88000,19.04646,5.02546,1.24857,6.27466,12.35000,18.64108,5.06944,1.16532,5.90751,11.80000,17.55098,25.04989,74.43054
45-1,1783321621.634396,2026-07-06T14:07:01.634396,5.08677,1.28959,6.55985,13.15000,19.84880,5.05529,1.27299,6.43532,12.94000,19.69076,5.02941,1.24955,6.28449,12.36000,19.27029,5.06899,1.17411,5.95155,11.89000,18.14685,25.23121,76.95669
45-1,1783321621.734513,2026-07-06T14:07:01.734513,5.08677,1.28959,6.55985,13.15000,20.50555,5.05610,1.25517,6.34624,12.76000,20.32613,5.03044,1.23124,6.19367,12.18000,19.89038,5.06924,1.16923,5.92709,11.84000,18.74025,25.02685,79.46231
45-1,1783321621.834631,2026-07-06T14:07:01.834631,5.09249,1.25810,6.40684,12.83000,21.14699,5.04747,1.26908,6.40565,12.90000,20.96745,5.02535,1.25053,6.28433,12.37000,20.51956,5.07324,1.16923,5.93176,11.84000,19.33413,25.02858,81.96813
45-1,1783321621.934750,2026-07-06T14:07:01.934750,5.08109,1.10038,5.59111,11.22000,21.70677,5.05947,1.26908,6.42088,12.90000,21.61030,5.03735,1.25053,6.29934,12.37000,21.15024,5.07424,1.14945,5.83259,11.64000,19.91808,24.14392,84.38540
45-1,1783321622.034868,2026-07-06T14:07:02.034868,5.09533,0.83938,4.27693,8.56000,22.13497,5.06435,0.89627,4.53901,9.11000,22.06474,5.04326,0.86233,4.34896,8.53000,21.58565,5.08261,0.82669,4.20172,8.37000,20.33875,17.36662,86.12410
45-1,1783321622.134990,2026-07-06T14:07:02.134990,5.06049,1.25810,6.36658,12.83000,22.77240,5.05548,1.09207,5.52096,11.10000,22.61750,5.03310,1.04227,5.24584,10.31000,22.11087,5.06619,1.15043,5.82828,11.65000,20.92229,22.96166,88.42306
45-1,1783321622.235109,2026-07-06T14:07:02.235109,5.08449,1.25810,6.39677,12.83000,23.41284,5.04867,1.24247,6.27282,12.63000,23.24553,5.02130,1.25150,6.28417,12.38000,22.74004,5.07314,1.17118,5.94156,11.86000,21.51715,24.89532,90.91556
45-1,1783321622.335226,2026-07-06T14:07:02.335226,5.08373,1.27201,6.46657,12.97000,24.06025,5.05267,1.24247,6.27779,12.63000,23.87405,5.02935,1.25053,6.28934,12.37000,23.36971,5.06914,1.17118,5.93687,11.86000,22.11153,24.97057,93.41553
45-1,1783321622.435344,2026-07-06T14:07:02.435344,5.08357,1.27494,6.48126,13.00000,24.70915,5.04747,1.26908,6.40565,12.90000,24.51537,5.02535,1.25053,6.28433,12.37000,23.99889,5.07314,1.17118,5.94156,11.86000,22.70639,25.11280,95.92980
45-1,1783321622.535463,2026-07-06T14:07:02.535463,5.08320,1.28178,6.51553,13.07000,25.36147,5.04760,1.26615,6.39103,12.87000,25.15523,5.02535,1.25053,6.28433,12.37000,24.62806,5.07304,1.17313,5.95135,11.88000,23.30223,25.14224,98.44701
45-1,1783321622.635582,2026-07-06T14:07:02.635582,5.09120,1.28178,6.52578,13.07000,26.01483,5.06333,1.27201,6.44062,12.93000,25.80006,5.02615,1.23637,6.21416,12.23000,25.25022,5.07394,1.15555,5.86320,11.70000,23.88925,25.04376,100.95435
45-1,1783321622.735700,2026-07-06T14:07:02.735700,5.09467,1.29154,6.57998,13.17000,26.67360,5.04733,1.27201,6.42027,12.93000,26.44285,5.02711,1.21928,6.12944,12.06000,25.86389,5.06994,1.15555,5.85858,11.70000,24.47580,24.98827,103.45614
46-1,1783321622.835844,2026-07-06T14:07:02.835844,5.09601,1.26688,6.45606,12.92000,0.64653,5.05774,1.21879,6.16431,12.39000,0.61732,5.03111,1.21928,6.13431,12.06000,0.61431,5.07069,1.14066,5.78393,11.55000,0.57922,24.53861,2.45739
46-1,1783321622.935963,2026-07-06T14:07:02.935963,5.07749,1.31303,6.66689,13.39000,1.31402,5.05208,1.34379,6.78894,13.66000,1.29702,5.02821,1.27079,6.38980,12.57000,1.25405,5.06523,1.24833,6.32308,12.64000,1.21229,26.16871,5.07737
46-1,1783321623.036032,2026-07-06T14:07:03.036032,5.08549,1.31303,6.67740,13.39000,1.98222,5.05610,1.16678,5.89937,11.86000,1.88736,5.03260,1.19291,6.00343,11.80000,1.85481,5.07745,1.00735,5.11479,10.20000,1.72412,23.69499,7.44850
46-1,1783321623.136153,2026-07-06T14:07:03.136153,5.08670,1.14432,5.82082,11.67000,2.56500,5.04810,1.16678,5.89004,11.86000,2.47708,5.02244,1.23124,6.18382,12.18000,2.47394,5.06545,1.00735,5.10270,10.20000,2.23500,22.99738,9.75103
46-1,1783321623.236271,2026-07-06T14:07:03.236271,5.07654,1.25712,6.38182,12.82000,3.20394,5.05316,1.23173,6.22411,12.52000,3.10023,5.02644,1.23124,6.18875,12.18000,3.09355,5.07424,1.14945,5.83259,11.64000,2.81895,24.62727,12.21667
46-1,1783321623.336389,2026-07-06T14:07:03.336389,5.07686,1.25126,6.35247,12.76000,3.83993,5.05205,1.25614,6.34609,12.77000,3.73558,5.02369,1.20902,6.07375,11.96000,3.70164,5.07398,1.15458,5.85830,11.69000,3.40547,24.63061,14.68262
46-1,1783321623.436508,2026-07-06T14:07:03.436508,5.07957,1.27494,6.47616,13.00000,4.48832,5.05214,1.25419,6.33634,12.75000,4.36997,5.02226,1.23441,6.19954,12.21000,4.32233,5.07394,1.15555,5.86320,11.70000,3.99249,24.87524,17.17311
46-1,1783321623.536626,2026-07-06T14:07:03.536626,5.08357,1.27494,6.48126,13.00000,5.13721,5.05614,1.25419,6.34135,12.75000,5.00486,5.03031,1.23344,6.20457,12.20000,4.94352,5.07479,1.13871,5.77870,11.53000,4.57104,24.80588,19.65663
46-1,1783321623.636744,2026-07-06T14:07:03.636744,5.08166,1.23661,6.28404,12.61000,5.76636,5.04957,1.22269,6.17407,12.43000,5.62299,5.02631,1.23344,6.19964,12.20000,5.56422,5.07079,1.13871,5.77414,11.53000,5.14914,24.43189,22.10272
46-1,1783321623.736863,2026-07-06T14:07:03.736863,5.08022,1.26298,6.41621,12.88000,6.40874,5.05578,1.26225,6.38163,12.83000,6.26191,5.02786,1.20609,6.06406,11.93000,6.17134,5.07379,1.15848,5.87789,11.73000,5.73763,24.73979,24.57963
46-1,1783321623.836981,2026-07-06T14:07:03.836981,5.09179,1.27103,6.47184,12.96000,7.05669,5.05601,1.25712,6.35600,12.78000,6.89826,5.02609,1.23734,6.21900,12.24000,6.79398,5.07494,1.13578,5.76400,11.50000,6.31471,24.81084,27.06364
46-1,1783321623.937101,2026-07-06T14:07:03.937101,5.08779,1.27103,6.46675,12.96000,7.70414,5.05307,1.23368,6.23387,12.54000,7.52240,5.03392,1.24052,6.24465,12.27000,7.41919,5.07359,1.16239,5.89748,11.77000,6.90516,24.84275,29.55089
46-1,1783321624.037220,2026-07-06T14:07:04.037220,5.08736,1.27885,6.50596,13.04000,8.35551,5.05307,1.23368,6.23387,12.54000,8.14653,5.02592,1.24052,6.23473,12.27000,8.04341,5.06959,1.16239,5.89283,11.77000,7.49515,24.86739,32.04060
46-1,1783321624.137338,2026-07-06T14:07:04.137338,5.08844,1.25907,6.40671,12.84000,8.99694,5.05578,1.26225,6.38163,12.83000,8.78544,5.02689,1.22318,6.14881,12.10000,8.65901,5.07079,1.13871,5.77414,11.53000,8.07324,24.71129,34.51464
46-1,1783321624.237456,2026-07-06T14:07:04.237456,5.08406,1.26591,6.43596,12.91000,9.64130,5.05610,1.25517,6.34624,12.76000,9.42082,5.02586,1.24149,6.23957,12.28000,9.28371,5.06959,1.16239,5.89283,11.77000,8.66322,24.91460,37.00905
46-1,1783321624.337575,2026-07-06T14:07:04.337575,5.08406,1.26591,6.43596,12.91000,10.28566,5.05205,1.25614,6.34609,12.77000,10.05618,5.02786,1.20609,6.06406,11.93000,9.89083,5.07474,1.13968,5.78360,11.54000,9.24227,24.62971,39.47494
46-1,1783321624.437694,2026-07-06T14:07:04.437694,5.08790,1.26884,6.45572,12.94000,10.93199,5.05205,1.25614,6.34609,12.77000,10.69154,5.02386,1.20609,6.05923,11.93000,10.49747,5.07474,1.13968,5.78360,11.54000,9.82132,24.64464,41.94233
46-1,1783321624.537814,2026-07-06T14:07:04.537814,5.08731,1.27982,6.51086,13.05000,11.58386,5.05573,1.26322,6.38651,12.84000,11.33096,5.02981,1.24247,6.24938,12.29000,11.12316,5.07354,1.16337,5.90238,11.78000,10.41226,25.04913,44.45025
46-1,1783321624.637933,2026-07-06T14:07:04.637933,5.08433,1.26102,6.41147,12.86000,12.22577,5.05711,1.23270,6.23392,12.53000,11.95510,5.03106,1.22025,6.13916,12.07000,11.73781,5.07410,1.15238,5.84728,11.67000,10.99769,24.63183,46.91637
46-1,1783321624.738050,2026-07-06T14:07:04.738050,5.08396,1.26786,6.44575,12.93000,12.87110,5.05164,1.26518,6.39121,12.86000,12.59497,5.02969,1.24442,6.25907,12.31000,12.36445,5.06939,1.16630,5.91241,11.81000,11.58962,25.00844,49.42014
46-1,1783321624.838167,2026-07-06T14:07:04.838167,5.08396,1.26786,6.44575,12.93000,13.51643,5.05164,1.26518,6.39121,12.86000,13.23483,5.02569,1.24442,6.25409,12.31000,12.99059,5.06949,1.16434,5.90262,11.79000,12.18057,24.99367,51.92243
46-1,1783321624.938286,2026-07-06T14:07:04.938286,5.08924,1.24442,6.33316,12.69000,14.15050,5.04836,1.24931,6.30695,12.70000,13.86628,5.02644,1.23124,6.18875,12.18000,13.61020,5.07749,1.16434,5.91194,11.79000,12.77247,24.74080,54.39946
46-1,1783321625.038415,2026-07-06T14:07:05.038415,5.09046,1.22196,6.22035,12.46000,14.77334,5.04979,1.21781,6.14968,12.38000,14.48204,5.02866,1.19193,5.99381,11.79000,14.21036,5.07479,1.13871,5.77870,11.53000,13.35109,24.14254,56.81682
46-1,1783321625.138533,2026-07-06T14:07:05.138533,5.08320,1.28178,6.51553,13.07000,15.42566,5.05186,1.26029,6.36683,12.81000,15.11947,5.02958,1.24638,6.26875,12.33000,14.83797,5.07334,1.16727,5.92197,11.82000,13.94398,25.07308,59.32709
46-1,1783321625.238651,2026-07-06T14:07:05.238651,5.08720,1.28178,6.52066,13.07000,16.07850,5.05186,1.26029,6.36683,12.81000,15.75691,5.03358,1.24638,6.27374,12.33000,15.46609,5.06939,1.16630,5.91241,11.81000,14.53592,25.07364,61.83741
46-1,1783321625.338767,2026-07-06T14:07:05.338767,5.08667,1.29154,6.56965,13.17000,16.73623,5.05160,1.26615,6.39609,12.87000,16.39726,5.02164,1.24540,6.25395,12.32000,16.09221,5.07339,1.16630,5.91707,11.81000,15.12832,25.13676,64.35401
46-1,1783321625.438886,2026-07-06T14:07:05.438886,5.08699,1.28568,6.54026,13.11000,17.39103,5.05186,1.26029,6.36683,12.81000,17.03470,5.02924,1.25248,6.29902,12.39000,16.72286,5.07439,1.14652,5.81789,11.61000,15.71080,25.02400,66.85939
46-1,1783321625.539004,2026-07-06T14:07:05.539004,5.08796,1.26786,6.45082,12.93000,18.03687,5.05164,1.26518,6.39121,12.86000,17.67458,5.02975,1.24345,6.25422,12.30000,17.34902,5.07339,1.16630,5.91707,11.81000,16.30320,25.01332,69.36367
46-1,1783321625.639123,2026-07-06T14:07:05.639123,5.08396,1.26786,6.44575,12.93000,18.68222,5.04764,1.26518,6.38615,12.86000,18.31395,5.02964,1.24540,6.26391,12.32000,17.97616,5.06939,1.16630,5.91241,11.81000,16.89515,25.00822,71.86747
46-1,1783321625.739243,2026-07-06T14:07:05.739243,5.08822,1.26298,6.42632,12.88000,19.32561,5.05138,1.27103,6.42048,12.92000,18.95677,5.02564,1.24540,6.25893,12.32000,18.60280,5.07339,1.16630,5.91707,11.81000,17.48756,25.02280,74.37274
46-1,1783321625.839359,2026-07-06T14:07:05.839359,5.08757,1.27494,6.48636,13.00000,19.97501,5.05147,1.26908,6.41072,12.90000,19.59859,5.02695,1.22221,6.14396,12.09000,19.21791,5.07024,1.14945,5.82799,11.64000,18.07104,24.86903,76.86254
46-1,1783321625.939477,2026-07-06T14:07:05.939477,5.08299,1.28568,6.53511,13.11000,20.62929,5.05138,1.27103,6.42048,12.92000,20.24139,5.02546,1.24857,6.27466,12.35000,19.84611,5.06929,1.16825,5.92219,11.83000,18.66395,25.15244,79.38075
46-1,1783321626.039594,2026-07-06T14:07:06.039594,5.09346,1.16703,5.94421,11.90000,21.22440,5.05538,1.27103,6.42556,12.92000,20.88470,5.03225,1.12821,5.67743,11.16000,20.41452,5.06909,1.17215,5.94176,11.87000,19.25883,23.98896,81.78245
46-1,1783321626.139713,2026-07-06T14:07:06.139713,5.08146,1.16703,5.93020,11.90000,21.81813,5.05739,1.13822,5.75642,11.57000,21.46102,5.02825,1.12821,5.67292,11.16000,20.98249,5.07394,1.15555,5.86320,11.70000,19.84584,23.22274,84.10748
46-1,1783321626.239832,2026-07-06T14:07:06.239832,5.08318,1.13553,5.77211,11.58000,22.39603,5.06514,0.96707,4.89835,9.83000,21.95144,5.03369,1.10282,5.55123,10.91000,21.53827,5.07794,1.15555,5.86782,11.70000,20.43333,22.08951,86.31907
46-1,1783321626.339950,2026-07-06T14:07:06.339950,5.09843,0.85598,4.36417,8.73000,22.83296,5.06030,0.89724,4.54033,9.12000,22.40601,5.04720,0.86331,4.35729,8.54000,21.97452,5.08251,0.82864,4.21156,8.39000,20.85498,17.47335,88.06847
46-1,1783321626.440069,2026-07-06T14:07:06.440069,5.06401,1.26688,6.41552,12.92000,23.47528,5.05630,0.89724,4.53674,9.12000,22.86023,5.01460,1.22831,6.15948,12.15000,22.59120,5.06744,1.12577,5.70476,11.40000,21.42613,22.81650,90.35283
46-1,1783321626.540187,2026-07-06T14:07:06.540187,5.08801,1.26688,6.44592,12.92000,24.12063,5.05142,1.27006,6.41560,12.91000,23.50254,5.03060,1.22831,6.17914,12.15000,23.20984,5.06979,1.15848,5.87326,11.73000,22.01415,24.91392,92.84716
46-1,1783321626.640302,2026-07-06T14:07:06.640302,5.08396,1.26786,6.44575,12.93000,24.76595,5.05182,1.26127,6.37170,12.82000,24.14045,5.02524,1.25248,6.29401,12.39000,23.83997,5.06979,1.15848,5.87326,11.73000,22.60215,24.98472,95.34851
46-1,1783321626.740421,2026-07-06T14:07:06.740421,5.08357,1.27494,6.48126,13.00000,25.41484,5.05120,1.27494,6.43998,12.96000,24.78521,5.02552,1.24760,6.26982,12.34000,24.46769,5.07314,1.17118,5.94156,11.86000,23.19702,25.13262,97.86476
46-1,1783321626.840541,2026-07-06T14:07:06.840541,5.08752,1.27592,6.49126,13.01000,26.06474,5.05120,1.27494,6.43998,12.96000,25.42998,5.02541,1.24955,6.27949,12.36000,25.09639,5.07304,1.17313,5.95135,11.88000,23.79286,25.16208,100.38398
46-1,1783321626.940661,2026-07-06T14:07:06.940661,5.08352,1.27592,6.48615,13.01000,26.71414,5.05538,1.27103,6.42556,12.92000,26.07330,5.03741,1.24955,6.29449,12.36000,25.72660,5.07299,1.17411,5.95624,11.89000,24.38920,25.16244,102.90324
46-1,1783321627.040779,2026-07-06T14:07:07.040779,5.08822,1.26298,6.42632,12.88000,27.35753,5.05614,1.25419,6.34135,12.75000,26.70819,5.02090,1.25858,6.31922,12.45000,26.35927,5.07299,1.17411,5.95624,11.89000,24.98553,25.04313,105.41052
46-1,1783321627.140898,2026-07-06T14:07:07.140898,5.08752,1.27592,6.49126,13.01000,28.00743,5.05142,1.27006,6.41560,12.91000,27.35051,5.02169,1.24442,6.24911,12.31000,26.98492,5.06969,1.16044,5.88305,11.75000,25.57454,25.03902,107.91740
46-1,1783321627.241017,2026-07-06T14:07:07.241017,5.08677,1.28959,6.55985,13.15000,28.66419,5.04742,1.27006,6.41052,12.91000,27.99233,5.02924,1.25248,6.29902,12.39000,27.61557,5.06888,1.17631,5.96255,11.91000,26.17150,25.23194,110.44358
46-1,1783321627.341135,2026-07-06T14:07:07.341135,5.07877,1.28959,6.54954,13.15000,29.31992,5.06324,1.27396,6.45040,12.95000,28.63813,5.03324,1.25248,6.30403,12.39000,28.24672,5.07283,1.17728,5.97216,11.92000,26.76942,25.27613,112.97419
46-1,1783321627.441252,2026-07-06T14:07:07.441252,5.08331,1.27982,6.50574,13.05000,29.97125,5.06355,1.26713,6.41617,12.88000,29.28049,5.02884,1.25956,6.33413,12.46000,28.88087,5.06883,1.17728,5.96745,11.92000,27.36686,25.22349,115.49948
46-1,1783321627.541368,2026-07-06T14:07:07.541368,5.09515,1.28275,6.53582,13.08000,30.62560,5.05902,1.27885,6.46972,13.00000,29.92822,5.02884,1.25956,6.33413,12.46000,29.51502,5.06904,1.17313,5.94666,11.88000,27.96222,25.28633,118.03107
46-1,1783321627.641485,2026-07-06T14:07:07.641485,5.09493,1.28666,6.55545,13.12000,31.28191,5.04302,1.27885,6.44926,13.00000,30.57390,5.03386,1.24149,6.24950,12.28000,30.14070,5.06904,1.17313,5.94666,11.88000,28.55758,25.20087,120.55410
46-1,1783321627.741604,2026-07-06T14:07:07.741604,5.09061,1.29252,6.57972,13.18000,31.94066,5.05889,1.28178,6.48437,13.03000,31.22311,5.02586,1.24149,6.23957,12.28000,30.76540,5.06914,1.17118,5.93687,11.86000,29.15198,25.24053,123.08115
46-1,1783321627.841723,2026-07-06T14:07:07.841723,5.08261,1.29252,6.56938,13.18000,32.59838,5.05973,1.26322,6.39156,12.84000,31.86303,5.01712,1.25468,6.29486,12.41000,31.39564,5.06873,1.17924,5.97723,11.94000,29.75041,25.23303,125.60745
46-1,1783321627.941807,2026-07-06T14:07:07.941807,5.07888,1.28764,6.53975,13.13000,33.25290,5.05107,1.27787,6.45461,12.99000,32.50903,5.01690,1.25858,6.31418,12.45000,32.02758,5.06873,1.17924,5.97723,11.94000,30.34863,25.28577,128.13814
46-1,1783321628.041926,2026-07-06T14:07:08.041926,5.07861,1.29252,6.56421,13.18000,33.91011,5.05507,1.27787,6.45972,12.99000,33.15577,5.02524,1.25248,6.29401,12.39000,32.65774,5.07269,1.18021,5.98684,11.95000,30.94803,25.30478,130.67165
47-1,1783321628.142045,2026-07-06T14:07:08.142045,5.09554,1.20219,6.12578,12.26000,0.61331,5.06307,1.27787,6.46995,12.99000,0.64777,5.02924,1.25248,6.29902,12.39000,0.63065,5.07269,1.18021,5.98684,11.95000,0.59940,24.88159,2.49113
47-1,1783321628.242169,2026-07-06T14:07:08.242169,5.07554,1.20219,6.10174,12.26000,1.22424,5.06432,1.25028,6.33183,12.71000,1.28173,5.02500,1.11502,5.60299,11.03000,1.19164,5.06569,1.23930,6.27789,12.55000,1.22796,24.31445,4.92557
47-1,1783321628.342288,2026-07-06T14:07:08.342288,5.08587,1.30619,6.64312,13.32000,1.88934,5.04817,1.34184,6.77383,13.64000,1.95992,5.01381,1.31327,6.58450,12.99000,1.85088,5.06969,1.23930,6.28284,12.55000,1.85699,26.28429,7.55713
47-1,1783321628.442405,2026-07-06T14:07:08.442405,5.08137,1.38871,7.05656,14.16000,2.59582,5.05217,1.34184,6.77919,13.64000,2.63864,5.03716,1.11209,5.60180,11.00000,2.41172,5.08408,1.27103,6.46204,12.87000,2.50396,25.89959,10.15013
47-1,1783321628.542524,2026-07-06T14:07:08.542524,5.09118,1.13553,5.78120,11.58000,3.17463,5.05423,0.85476,4.32016,8.69000,3.07116,5.02916,1.11209,5.59290,11.00000,2.97167,5.10776,0.80398,4.10653,8.14000,2.91510,19.80079,12.13255
47-1,1783321628.642641,2026-07-06T14:07:08.642641,5.09518,1.13553,5.78574,11.58000,3.75388,5.04438,1.07230,5.40908,10.90000,3.61271,5.03917,1.14750,5.78242,11.35000,3.55059,5.07061,0.82669,4.19180,8.37000,3.33477,21.16904,14.25194
47-1,1783321628.742759,2026-07-06T14:07:08.742759,5.09539,0.83840,4.27199,8.55000,4.18158,5.06435,0.89627,4.53901,9.11000,4.06714,5.04320,0.86331,4.35384,8.54000,3.98649,5.08261,0.82669,4.20172,8.37000,3.75544,17.36656,15.99065
47-1,1783321628.842877,2026-07-06T14:07:08.842877,5.09462,0.92581,4.71664,9.44000,4.65381,5.05635,0.89627,4.53184,9.11000,4.52086,5.02751,1.14139,5.73836,11.29000,4.56100,5.07461,0.82669,4.19510,8.37000,4.17544,19.18194,17.91111
47-1,1783321628.942996,2026-07-06T14:07:08.942996,5.07852,1.22098,6.20079,12.45000,5.27462,5.06027,1.25126,6.33171,12.72000,5.15478,5.04110,0.97147,4.89725,9.61000,5.05131,5.08244,1.14554,5.82216,11.60000,4.75835,23.25191,20.23906
47-1,1783321629.043112,2026-07-06T14:07:09.043112,5.10344,0.83743,4.27376,8.54000,5.70249,5.07639,0.89529,4.54485,9.10000,5.60979,5.03710,0.97147,4.89337,9.61000,5.54121,5.09861,0.82669,4.21494,8.37000,5.18033,17.92692,22.03382
47-1,1783321629.143231,2026-07-06T14:07:09.143231,5.09544,0.83743,4.26706,8.54000,6.12971,5.06439,0.89529,4.53410,9.10000,6.06375,5.03532,0.86135,4.33719,8.52000,5.97545,5.07756,0.92630,4.70333,9.38000,5.65123,17.84168,23.82013
47-1,1783321629.243350,2026-07-06T14:07:09.243350,5.09608,1.11893,5.70216,11.41000,6.70060,5.06039,0.89529,4.53052,9.10000,6.51734,5.01466,1.22733,6.15465,12.14000,6.59164,5.07756,0.92630,4.70333,9.38000,6.12212,21.09066,25.93170
48-1,1783321629.343499,2026-07-06T14:07:09.343499,5.09534,1.13260,5.77099,11.55000,0.57796,5.05067,1.19828,6.05211,12.18000,0.60611,5.03255,1.26469,6.36460,12.51000,0.63741,5.06865,1.10208,5.58608,11.16000,0.55944,23.77378,2.38091
48-1,1783321629.443617,2026-07-06T14:07:09.443617,5.08064,1.32865,6.75041,13.55000,1.25380,5.04422,1.34086,6.76359,13.63000,1.28327,5.02455,1.26469,6.35448,12.51000,1.27361,5.06164,1.24027,6.27781,12.56000,1.18796,26.14629,4.99864
48-1,1783321629.543735,2026-07-06T14:07:09.543735,5.08464,1.32865,6.75573,13.55000,1.93017,5.04933,1.31620,6.64594,13.38000,1.94865,5.03786,1.31230,6.61117,12.98000,1.93550,5.07909,1.13285,5.75383,11.47000,1.76402,25.76667,7.57834
48-1,1783321629.643852,2026-07-06T14:07:09.643852,5.08993,1.23173,6.26940,12.56000,2.55784,5.04933,1.31620,6.64594,13.38000,2.61402,5.06502,0.83108,4.20944,8.22000,2.35694,5.06709,1.13285,5.74023,11.47000,2.33872,22.86501,9.86753
48-1,1783321629.743971,2026-07-06T14:07:09.743971,5.08929,1.24345,6.32826,12.68000,3.19142,5.05732,1.05155,5.31800,10.69000,3.14645,5.01044,1.23124,6.16905,12.18000,2.97458,5.08085,1.01907,5.17777,10.32000,2.85711,22.99308,12.16956
48-1,1783321629.844093,2026-07-06T14:07:09.844093,5.08038,1.26005,6.40153,12.85000,3.83235,5.04952,1.22367,6.17895,12.44000,3.76510,5.03044,1.23124,6.19367,12.18000,3.59470,5.07384,1.15751,5.87300,11.72000,3.44513,24.64715,14.63729
48-1,1783321629.944212,2026-07-06T14:07:09.944212,5.08438,1.26005,6.40657,12.85000,4.47377,5.05618,1.25321,6.33647,12.74000,4.39950,5.02489,1.18778,5.96847,11.75000,4.19226,5.06994,1.15555,5.85858,11.70000,4.03169,24.57009,17.09722
48-1,1783321630.044328,2026-07-06T14:07:10.044328,5.08908,1.24735,6.34787,12.72000,5.10930,5.05218,1.25321,6.33146,12.74000,5.03339,5.02209,1.23734,6.21405,12.24000,4.81439,5.07394,1.15555,5.86320,11.70000,4.61869,24.75658,19.57576
49-1,1783321630.144475,2026-07-06T14:07:10.144475,5.09186,1.19633,6.09152,12.20000,0.61005,5.05117,1.18729,5.99721,12.07000,0.60060,5.03129,1.21610,6.11856,12.03000,0.61276,5.07225,1.10990,5.62968,11.24000,0.56380,23.83697,2.38720
49-1,1783321630.244592,2026-07-06T14:07:10.244592,5.08187,1.30619,6.63790,13.32000,1.27461,5.04444,1.33598,6.73926,13.58000,1.27532,5.02729,1.21610,6.11370,12.03000,1.22484,5.06964,1.24027,6.28773,12.56000,1.19330,25.77859,4.96808
49-1,1783321630.344711,2026-07-06T14:07:10.344711,5.08298,1.35917,6.90864,13.86000,1.96629,5.04407,1.43242,7.22521,14.56000,1.99869,5.03010,1.30815,6.58010,12.94000,1.88363,5.06538,1.32426,6.70788,13.41000,1.86488,27.42183,7.71350
49-1,1783321630.444829,2026-07-06T14:07:10.444829,5.08298,1.35917,6.90864,13.86000,2.65798,5.06007,1.43242,7.24813,14.56000,2.72436,5.05715,0.82888,4.19178,8.20000,2.30330,5.10706,0.81765,4.17580,8.28000,2.28296,22.52435,9.96860
49-1,1783321630.544947,2026-07-06T14:07:10.544947,5.09672,1.10721,5.64315,11.29000,3.22296,5.06630,0.94143,4.76959,9.57000,3.20189,5.01220,1.19999,6.01458,11.87000,2.90547,5.07506,0.81765,4.14964,8.28000,2.69841,20.57696,12.02873
49-1,1783321630.645066,2026-07-06T14:07:10.645066,5.08860,1.25614,6.39200,12.81000,3.86292,5.05895,1.10379,5.58404,11.22000,3.76095,5.01620,1.19999,6.01938,11.87000,3.50812,5.07896,0.97757,4.96503,9.90000,3.19551,22.96045,14.32750
49-1,1783321630.745184,2026-07-06T14:07:10.745184,5.08741,1.27787,6.50106,13.03000,4.51379,5.05218,1.25321,6.33146,12.74000,4.39485,5.02706,1.22025,6.13428,12.07000,4.12228,5.07099,1.13480,5.75456,11.49000,3.77164,24.72136,16.80255
49-1,1783321630.845304,2026-07-06T14:07:10.845304,5.08741,1.27787,6.50106,13.03000,5.16467,5.05618,1.25321,6.33647,12.74000,5.02925,5.02615,1.23637,6.21416,12.23000,4.74444,5.06974,1.15946,5.87815,11.74000,4.36016,24.92984,19.29852
49-1,1783321630.945421,2026-07-06T14:07:10.945421,5.08412,1.26493,6.43106,12.90000,5.80854,5.04841,1.24833,6.30207,12.69000,5.66020,5.03129,1.21610,6.11856,12.03000,5.35701,5.07374,1.15946,5.88279,11.74000,4.94913,24.73448,21.77488
49-1,1783321631.045538,2026-07-06T14:07:11.045538,5.08320,1.28178,6.51553,13.07000,6.46085,5.04872,1.24149,6.26794,12.62000,6.28773,5.02329,1.21610,6.10883,12.03000,5.96861,5.07069,1.14066,5.78393,11.55000,5.52820,24.67623,24.24539
49-1,1783321631.145657,2026-07-06T14:07:11.145657,5.08476,1.25321,6.37228,12.78000,7.09884,5.05214,1.25419,6.33634,12.75000,6.92211,5.02981,1.24247,6.24938,12.29000,6.59429,5.06969,1.16044,5.88305,11.75000,6.11720,24.84105,26.73244
49-1,1783321631.245775,2026-07-06T14:07:11.245775,5.08476,1.25321,6.37228,12.78000,7.73682,5.05614,1.25419,6.34135,12.75000,7.55700,5.03009,1.23734,6.22395,12.24000,7.21742,5.07459,1.14261,5.79829,11.57000,6.69772,24.73587,29.20896
49-1,1783321631.345896,2026-07-06T14:07:11.345896,5.08341,1.27787,6.49595,13.03000,8.38720,5.05267,1.24247,6.27779,12.63000,8.18553,5.02695,1.22221,6.14396,12.09000,7.83256,5.07459,1.14261,5.79829,11.57000,7.27825,24.71599,31.68353
49-1,1783321631.446013,2026-07-06T14:07:11.446013,5.08347,1.27689,6.49105,13.02000,9.03706,5.05173,1.26322,6.38146,12.84000,8.82443,5.02695,1.22221,6.14396,12.09000,8.44767,5.07364,1.16141,5.89259,11.76000,7.86819,24.90906,34.17735
50-1,1783321631.546158,2026-07-06T14:07:11.546158,5.08749,1.20316,6.12107,12.27000,0.61300,5.05342,1.22587,6.19483,12.46000,0.62038,5.02175,1.24345,6.24428,12.30000,0.62534,5.07509,1.13285,5.74930,11.47000,0.57577,24.30948,2.43448
50-1,1783321631.646273,2026-07-06T14:07:11.646273,5.07823,1.37284,6.97162,14.00000,1.31096,5.04652,1.37822,6.95520,12.46000,1.31671,5.01786,1.31230,6.58492,12.98000,1.28459,5.06148,1.24345,6.29368,12.59000,1.20586,26.80542,5.11811
50-1,1783321631.746392,2026-07-06T14:07:11.746392,5.08623,1.37284,6.98261,14.00000,2.01006,5.05452,1.37822,6.96623,14.01000,2.01416,5.05669,0.83694,4.23215,8.28000,1.70831,5.09751,0.92727,4.72679,9.39000,1.67910,22.90778,7.41162
50-1,1783321631.846511,2026-07-06T14:07:11.846511,5.08683,1.21512,6.18114,12.39000,2.62890,5.05841,1.20414,6.09102,12.24000,2.62398,5.03269,0.83694,4.21206,8.28000,2.13001,5.07751,0.92727,4.70824,9.39000,2.15048,21.19246,9.53337
50-1,1783321631.946628,2026-07-06T14:07:11.946628,5.08529,1.24345,6.32328,12.68000,3.26197,5.05632,1.25028,6.32182,12.71000,3.25690,5.02638,1.23222,6.19359,12.19000,2.75009,5.07805,1.15336,5.85679,11.68000,2.73685,24.69548,12.00581
50-1,1783321632.046745,2026-07-06T14:07:12.046745,5.09105,1.21122,6.16637,12.35000,3.87933,5.05814,1.21000,6.12034,12.30000,3.86965,5.02798,1.20389,6.05316,11.91000,3.35612,5.08009,1.11307,5.65450,11.27000,3.30296,23.99437,14.40806
50-1,1783321632.146863,2026-07-06T14:07:12.146863,5.09105,1.21122,6.16637,12.35000,4.49670,5.05414,1.21000,6.11550,12.30000,4.48193,5.02649,1.23026,6.18391,12.17000,3.97524,5.06605,1.15336,5.84295,11.68000,3.88795,24.30873,16.84181
50-1,1783321632.246982,2026-07-06T14:07:12.246982,5.08822,1.26298,6.42632,12.88000,5.14009,5.05201,1.25712,6.35097,12.78000,5.11778,5.02391,1.20511,6.05439,11.92000,4.58140,5.07405,1.15336,5.85218,11.68000,4.47386,24.68386,19.31312
50-1,1783321632.347099,2026-07-06T14:07:12.347099,5.08752,1.27592,6.49126,13.01000,5.78998,5.05325,1.22977,6.21435,12.50000,5.73994,5.02391,1.20511,6.05439,11.92000,5.18755,5.07099,1.13480,5.75456,11.49000,5.04999,24.51456,21.76745
50-1,1783321632.447216,2026-07-06T14:07:12.447216,5.08796,1.26786,6.45082,12.93000,6.43581,5.05210,1.25517,6.34122,12.76000,6.37480,5.02992,1.24052,6.23969,12.27000,5.81225,5.06979,1.15848,5.87326,11.73000,5.63800,24.90499,24.26086
50-1,1783321632.547333,2026-07-06T14:07:12.547333,5.08396,1.26786,6.44575,12.93000,7.08114,5.05610,1.25517,6.34624,12.76000,7.01017,5.03078,1.22514,6.16339,12.12000,6.42931,5.07484,1.13773,5.77380,11.52000,6.21606,24.72918,26.73667
50-1,1783321632.647452,2026-07-06T14:07:12.647452,5.08379,1.27103,6.46167,12.96000,7.72807,5.04810,1.25517,6.33619,12.76000,7.64454,5.02198,1.23930,6.22372,12.26000,7.05242,5.07084,1.13773,5.76925,11.52000,6.79367,24.79083,29.21870
50-1,1783321632.747569,2026-07-06T14:07:12.747569,5.08422,1.26298,6.42126,12.88000,8.37095,5.04952,1.22367,6.17895,12.44000,8.26316,5.02998,1.23930,6.23364,12.26000,7.67651,5.07384,1.15751,5.87300,11.72000,7.38165,24.70685,31.69227
50-1,1783321632.847686,2026-07-06T14:07:12.847686,5.07957,1.27494,6.47616,13.00000,9.01933,5.05178,1.26225,6.37658,12.83000,8.90156,5.02592,1.24052,6.23473,12.27000,8.30071,5.07479,1.13871,5.77870,11.53000,7.96020,24.86617,34.18180
51-1,1783321632.947829,2026-07-06T14:07:12.947829,5.08357,1.27494,6.48126,13.00000,0.64906,5.05178,1.26225,6.37658,12.83000,0.63857,5.02724,1.21708,6.11854,12.04000,0.61273,5.07294,1.09622,5.56109,11.10000,0.55691,24.53747,2.45727
51-1,1783321633.047947,2026-07-06T14:07:13.047947,5.08823,1.18949,6.05240,12.13000,1.25501,5.05138,1.27103,6.42048,12.92000,1.28138,5.01770,1.31523,6.59941,13.01000,1.27345,5.06148,1.24345,6.29368,12.59000,1.18702,25.36597,4.99685
51-1,1783321633.148066,2026-07-06T14:07:13.148066,5.08123,1.31791,6.69661,13.44000,1.92547,5.04822,1.34086,6.76896,13.63000,1.95908,5.02570,1.31523,6.60993,13.01000,1.93523,5.06948,1.24345,6.30363,12.59000,1.81813,26.37913,7.63791
51-1,1783321633.248185,2026-07-06T14:07:13.248185,5.08861,1.18265,6.01806,12.06000,2.52799,5.08204,0.85891,4.36503,8.73000,2.39610,5.02666,1.22733,6.16938,12.14000,2.55290,5.06825,1.10990,5.62524,11.24000,2.38132,22.17771,9.85831
51-1,1783321633.348303,2026-07-06T14:07:13.348303,5.07930,1.35331,6.87388,13.80000,3.21619,5.05404,0.85891,4.34098,8.73000,2.83071,5.03369,1.10282,5.55123,10.91000,3.10868,5.06904,1.09427,5.54691,11.08000,2.93667,22.31300,12.09224
51-1,1783321633.448423,2026-07-06T14:07:13.448423,5.08330,1.35331,6.87929,13.80000,3.90494,5.04819,1.16483,5.88028,11.84000,3.41944,5.03151,1.21220,6.09918,11.99000,3.71933,5.07805,1.15336,5.85679,11.68000,3.52305,24.71554,14.56676
51-1,1783321633.548541,2026-07-06T14:07:13.548541,5.08796,1.26786,6.45082,12.93000,4.55079,5.04401,1.25712,6.34092,12.78000,4.05429,5.02351,1.21220,6.08948,11.99000,4.32900,5.07405,1.15336,5.85218,11.68000,4.10896,24.73340,17.04303
51-1,1783321633.648661,2026-07-06T14:07:13.648661,5.08812,1.26493,6.43612,12.90000,5.19517,5.04836,1.24931,6.30695,12.70000,4.68574,5.02604,1.23832,6.22384,12.25000,4.95212,5.07064,1.14164,5.78883,11.56000,4.68853,24.75574,19.52156
51-1,1783321633.748780,2026-07-06T14:07:13.748780,5.08379,1.27103,6.46167,12.96000,5.84211,5.05236,1.24931,6.31194,12.70000,5.31768,5.02604,1.23832,6.22384,12.25000,5.57525,5.06974,1.15946,5.87815,11.74000,5.27705,24.87560,22.01210
51-1,1783321633.848900,2026-07-06T14:07:13.848900,5.08779,1.27103,6.46675,12.96000,6.48956,5.05298,1.23563,6.24363,12.56000,5.94279,5.02769,1.20902,6.07859,11.96000,6.18384,5.07074,1.13968,5.77904,11.54000,5.85565,24.56801,24.47184
51-1,1783321633.949020,2026-07-06T14:07:13.949020,5.08801,1.26688,6.44592,12.92000,7.13492,5.05205,1.25614,6.34609,12.77000,6.57816,5.02369,1.20902,6.07375,11.96000,6.79194,5.07474,1.13968,5.78360,11.54000,6.43470,24.64936,26.93973
51-1,1783321634.049138,2026-07-06T14:07:14.049138,5.09127,1.20707,6.14551,12.31000,7.75020,5.05436,1.20511,6.09109,12.25000,7.18799,5.02215,1.23637,6.20921,12.23000,7.41360,5.07384,1.15751,5.87300,11.72000,7.02270,24.31881,29.37449
51-1,1783321634.149256,2026-07-06T14:07:14.149256,5.07968,1.27299,6.46637,12.98000,8.39760,5.06236,1.20511,6.10073,12.25000,7.79878,5.02198,1.23930,6.22372,12.26000,8.03670,5.07364,1.16141,5.89259,11.76000,7.61265,24.68341,31.84573
51-1,1783321634.249373,2026-07-06T14:07:14.249373,5.08768,1.27299,6.47655,12.98000,9.04601,5.04791,1.25932,6.35691,12.80000,8.43522,5.03031,1.23344,6.20457,12.20000,8.65789,5.07034,1.14750,5.81820,11.62000,8.19515,24.85623,34.33428
51-1,1783321634.349496,2026-07-06T14:07:14.349496,5.08368,1.27299,6.47146,12.98000,9.69395,5.04872,1.24149,6.26794,12.62000,9.06279,5.02631,1.23344,6.19964,12.20000,9.27861,5.07434,1.14750,5.82279,11.62000,8.77814,24.76183,36.81349
52-1,1783321634.449632,2026-07-06T14:07:14.449632,5.08646,1.22196,6.21546,12.46000,0.62239,5.05235,1.33793,6.75970,13.60000,0.67689,5.02169,1.24442,6.24911,12.31000,0.62576,5.06964,1.16141,5.88794,11.76000,0.58960,25.11221,2.51465
52-1,1783321634.549750,2026-07-06T14:07:14.549750,5.08101,1.32182,6.71618,13.48000,1.29480,5.05635,1.33793,6.76505,13.60000,1.35419,5.01639,1.33842,6.71403,13.24000,1.29795,5.08298,1.29276,6.57109,13.09000,1.24748,26.76635,5.19442
52-1,1783321634.649868,2026-07-06T14:07:14.649868,5.08481,1.25224,6.36738,12.77000,1.93229,5.06421,0.98758,5.00131,10.04000,1.85492,5.03044,1.23124,6.19367,12.18000,1.91806,5.09064,1.14164,5.81166,11.56000,1.82933,23.37402,7.53460
52-1,1783321634.749985,2026-07-06T14:07:14.749985,5.08481,1.25224,6.36738,12.77000,2.56978,5.05218,1.25321,6.33146,12.74000,2.48880,5.02644,1.23124,6.18875,12.18000,2.53766,5.07394,1.15555,5.86320,11.70000,2.41634,24.75079,10.01258
52-1,1783321634.850106,2026-07-06T14:07:14.850106,5.08508,1.24735,6.34288,12.72000,3.20483,5.05632,1.25028,6.32182,12.71000,3.12174,5.02620,1.23539,6.20932,12.22000,3.15933,5.07794,1.15555,5.86782,11.70000,3.00383,24.74184,12.48973
53-1,1783321634.950247,2026-07-06T14:07:14.950247,5.08733,1.20609,6.13578,12.30000,0.61445,5.05232,1.25028,6.31682,12.71000,0.63258,5.02957,1.17582,5.91385,11.63000,0.59222,5.06419,1.11112,5.62691,11.25000,0.56349,23.99336,2.40273
53-1,1783321635.050363,2026-07-06T14:07:15.050363,5.08052,1.33085,6.76142,13.57000,1.29137,5.04795,1.34672,6.79818,13.69000,1.31318,5.01764,1.31620,6.60423,13.02000,1.25341,5.05723,1.24833,6.31309,12.64000,1.19553,26.47692,5.05350
53-1,1783321635.150484,2026-07-06T14:07:15.150484,5.08852,1.33085,6.77207,13.57000,1.96940,5.05939,1.09403,5.53511,11.12000,1.86736,5.03364,1.31620,6.62529,13.02000,1.91674,5.10392,0.80081,4.08725,8.11000,1.60475,23.01972,7.35825
53-1,1783321635.250603,2026-07-06T14:07:15.250603,5.08403,1.11991,5.69364,11.42000,2.53944,5.04845,1.24735,6.29720,12.68000,2.49783,5.03715,0.82888,4.17520,8.20000,2.33476,5.07592,0.80081,4.06482,8.11000,2.01171,20.23086,9.38374
53-1,1783321635.350721,2026-07-06T14:07:15.350721,5.07638,1.26005,6.39649,12.85000,3.17984,5.05245,1.24735,6.30219,12.68000,3.12879,5.01546,1.21317,6.08461,12.00000,2.94394,5.07454,1.14359,5.80319,11.58000,2.59272,24.58648,11.84529
53-1,1783321635.450839,2026-07-06T14:07:15.450839,5.08028,1.26200,6.41132,12.87000,3.82173,5.05325,1.22977,6.21435,12.50000,3.75097,5.02615,1.23637,6.21416,12.23000,3.56609,5.07389,1.15653,5.86810,11.71000,3.18022,24.70793,14.31901
53-1,1783321635.550906,2026-07-06T14:07:15.550906,5.09228,1.26200,6.42646,12.87000,4.46481,5.05201,1.25712,6.35097,12.78000,4.38649,5.02678,1.22514,6.15849,12.12000,4.18235,5.07099,1.13480,5.75456,11.49000,3.75607,24.69048,16.78972
53-1,1783321635.651023,2026-07-06T14:07:15.651023,5.08801,1.26688,6.44592,12.92000,5.11016,5.07630,0.89724,4.55468,9.12000,4.84249,5.03478,1.22514,6.16829,12.12000,4.79990,5.07499,1.13480,5.75910,11.49000,4.33265,22.92799,19.08519
53-1,1783321635.751142,2026-07-06T14:07:15.751142,5.11020,0.86013,4.39545,8.77000,5.55022,5.06430,0.89724,4.54392,9.12000,5.29742,5.04320,0.86331,4.35384,8.54000,5.23580,5.08656,0.82766,4.20995,8.38000,4.75414,17.50316,20.83759
53-1,1783321635.851262,2026-07-06T14:07:15.851262,5.08506,1.02762,5.22551,10.48000,6.07340,5.05630,0.89724,4.53674,9.12000,5.75164,5.03441,1.01907,5.13044,10.08000,5.74946,5.07456,0.82766,4.20002,8.38000,5.17465,19.09271,22.74915
53-1,1783321635.951380,2026-07-06T14:07:15.951380,5.08352,1.27592,6.48615,13.01000,6.72278,5.04027,1.25126,6.30669,12.72000,6.38305,5.02351,1.21220,6.08948,11.99000,6.35913,5.05794,1.15555,5.84471,11.70000,5.75981,24.72703,25.22478
53-1,1783321636.051498,2026-07-06T14:07:16.051498,5.08352,1.27592,6.48615,13.01000,7.37216,5.05685,1.23856,6.26323,12.59000,7.01011,5.02751,1.21220,6.09433,11.99000,6.96928,5.07089,1.13675,5.76435,11.51000,6.33692,24.60806,27.68848
53-1,1783321636.151616,2026-07-06T14:07:16.151616,5.07952,1.27592,6.48105,13.01000,8.02103,5.05285,1.23856,6.25827,12.59000,7.63668,5.03026,1.23441,6.20942,12.21000,7.59096,5.07089,1.13675,5.76435,11.51000,6.91404,24.71309,30.16271
53-1,1783321636.251745,2026-07-06T14:07:16.251745,5.08054,1.25712,6.38685,12.82000,8.66054,5.05236,1.24931,6.31194,12.70000,8.26869,5.03118,1.21805,6.12826,12.05000,8.20457,5.07389,1.15653,5.86810,11.71000,7.50161,24.69515,32.63541
53-1,1783321636.351864,2026-07-06T14:07:16.351864,5.08854,1.25712,6.39690,12.82000,9.30099,5.05186,1.26029,6.36683,12.81000,8.90613,5.02186,1.24149,6.23460,12.28000,8.82877,5.07489,1.13675,5.76890,11.51000,8.07918,24.76723,35.11507
53-1,1783321636.451982,2026-07-06T14:07:16.451982,5.08854,1.25712,6.39690,12.82000,9.94144,5.05733,1.22782,6.20950,12.48000,9.52781,5.02986,1.24149,6.24454,12.28000,9.45397,5.07374,1.15946,5.88279,11.74000,8.66816,24.73373,37.59138
53-1,1783321636.552101,2026-07-06T14:07:16.552101,5.08796,1.26786,6.45082,12.93000,10.58729,5.05333,1.22782,6.20459,12.48000,10.14901,5.03020,1.23539,6.21426,12.22000,10.07613,5.07374,1.15946,5.88279,11.74000,9.25714,24.75246,40.06957
53-1,1783321636.652218,2026-07-06T14:07:16.652218,5.08833,1.26102,6.41651,12.86000,11.22969,5.05191,1.25932,6.36195,12.80000,10.78595,5.03049,1.23026,6.18883,12.17000,10.69573,5.07444,1.14554,5.81299,11.60000,9.83911,24.78028,42.55048
53-1,1783321636.752336,2026-07-06T14:07:16.752336,5.08779,1.27103,6.46675,12.96000,11.87712,5.05210,1.25517,6.34122,12.76000,11.42082,5.02586,1.24149,6.23957,12.28000,11.32043,5.07364,1.16141,5.89259,11.76000,10.42907,24.94013,45.04743
53-1,1783321636.852453,2026-07-06T14:07:16.852453,5.08779,1.27103,6.46675,12.96000,12.52456,5.05205,1.25614,6.34609,12.77000,12.05617,5.02986,1.24149,6.24454,12.28000,11.94562,5.07379,1.15848,5.87789,11.73000,11.01755,24.93527,47.54389
53-1,1783321636.952572,2026-07-06T14:07:16.952572,5.08817,1.26395,6.43122,12.89000,13.16845,5.05605,1.25614,6.35112,12.77000,12.69204,5.02718,1.21805,6.12338,12.05000,12.55868,5.07379,1.15848,5.87789,11.73000,11.60604,24.78361,50.02521
53-1,1783321637.052693,2026-07-06T14:07:17.052693,5.08773,1.27201,6.47165,12.97000,13.81640,5.05164,1.26518,6.39121,12.86000,13.33193,5.02575,1.24345,6.24925,12.30000,13.18436,5.06944,1.16532,5.90751,11.80000,12.19750,25.01962,52.53020
53-1,1783321637.152813,2026-07-06T14:07:17.152813,5.12243,0.85598,4.38471,8.73000,14.25539,5.06764,0.91189,4.62115,9.27000,13.79460,5.05920,0.86331,4.36765,8.54000,13.62165,5.08471,0.86404,4.39339,8.75000,12.63737,17.76690,54.30901
53-1,1783321637.252932,2026-07-06T14:07:17.252932,5.09548,0.90994,4.63658,9.28000,14.71960,5.06030,0.89724,4.54033,9.12000,14.24917,5.04320,0.86331,4.35384,8.54000,14.05755,5.08656,0.82766,4.20995,8.38000,13.05886,17.74070,56.08519
53-1,1783321637.353051,2026-07-06T14:07:17.353051,5.09548,0.90994,4.63658,9.28000,15.18381,5.05230,0.89724,4.53315,9.12000,14.70303,5.03414,1.02396,5.15474,10.13000,14.57364,5.06169,1.16044,5.87376,11.75000,13.64694,20.19823,58.10742
53-1,1783321637.453171,2026-07-06T14:07:17.453171,5.08309,1.28373,6.52532,13.09000,15.83713,5.05227,1.25126,6.32170,12.72000,15.33596,5.02181,1.24247,6.23944,12.29000,15.19833,5.07369,1.16044,5.88769,11.75000,14.23641,24.97415,60.60783
53-1,1783321637.553289,2026-07-06T14:07:17.553289,5.08315,1.28275,6.52043,13.08000,16.48994,5.05182,1.26127,6.37170,12.82000,15.97388,5.02981,1.24247,6.24938,12.29000,15.82401,5.07359,1.16239,5.89748,11.77000,14.82686,25.03899,63.11470
53-1,1783321637.653408,2026-07-06T14:07:17.653408,5.08304,1.28471,6.53022,13.10000,17.14373,5.04823,1.25224,6.32157,12.73000,16.60679,5.02181,1.24247,6.23944,12.29000,16.44869,5.07369,1.16044,5.88769,11.75000,15.41632,24.97892,65.61554
53-1,1783321637.753525,2026-07-06T14:07:17.753525,5.08704,1.28471,6.53536,13.10000,17.79804,5.05223,1.25224,6.32658,12.73000,17.24019,5.02935,1.25053,6.28934,12.37000,17.07837,5.07334,1.16727,5.92197,11.82000,16.00922,25.07325,68.12582
53-1,1783321637.853642,2026-07-06T14:07:17.853642,5.08449,1.25810,6.39677,12.83000,18.43846,5.05164,1.26518,6.39121,12.86000,17.88006,5.02969,1.24442,6.25907,12.31000,17.70501,5.06934,1.16727,5.91730,11.82000,16.60164,24.96435,70.62516
53-1,1783321637.953761,2026-07-06T14:07:17.953761,5.08331,1.27982,6.50574,13.05000,19.08981,5.05249,1.24638,6.29731,12.67000,18.51054,5.02535,1.25053,6.28433,12.37000,18.33419,5.07415,1.15140,5.84238,11.66000,17.18657,24.92976,73.12110
53-1,1783321638.053881,2026-07-06T14:07:18.053881,5.08331,1.27982,6.50574,13.05000,19.74117,5.05155,1.26713,6.40097,12.88000,19.15140,5.02535,1.25053,6.28433,12.37000,18.96338,5.07334,1.16727,5.92197,11.82000,17.77948,25.11301,75.63543
53-1,1783321638.153999,2026-07-06T14:07:18.153999,5.08731,1.27982,6.51086,13.05000,20.39302,5.05155,1.26713,6.40097,12.88000,19.79226,5.02820,1.19999,6.03378,11.87000,19.56747,5.07329,1.16825,5.92687,11.83000,18.37287,24.87248,78.12561
53-1,1783321638.254117,2026-07-06T14:07:18.254117,5.08293,1.28666,6.54001,13.12000,21.04779,5.05551,1.26811,6.41092,12.89000,20.43410,5.02615,1.23637,6.21416,12.23000,20.18961,5.06929,1.16825,5.92219,11.83000,18.96578,25.08728,80.63728
53-1,1783321638.354235,2026-07-06T14:07:18.354235,5.08352,1.27592,6.48615,13.01000,21.69718,5.05596,1.25810,6.36088,12.79000,21.07094,5.02541,1.24955,6.27949,12.36000,20.81831,5.07324,1.16923,5.93176,11.84000,19.55966,25.05828,83.14609
53-1,1783321638.454354,2026-07-06T14:07:18.454354,5.08667,1.29154,6.56965,13.17000,22.35492,5.05533,1.27201,6.43044,12.93000,21.71475,5.02541,1.24955,6.27949,12.36000,21.44700,5.07354,1.16337,5.90238,11.78000,20.15060,25.18196,85.66728
53-1,1783321638.554473,2026-07-06T14:07:18.554473,5.08667,1.29154,6.56965,13.17000,23.01267,5.04733,1.27201,6.42027,12.93000,22.35754,5.02711,1.21928,6.12944,12.06000,22.06067,5.07344,1.16532,5.91217,11.80000,20.74252,25.03153,88.17340
53-1,1783321638.654589,2026-07-06T14:07:18.654589,5.08709,1.28373,6.53046,13.09000,23.66647,5.05520,1.27494,6.44508,12.96000,23.00280,5.02535,1.25053,6.28433,12.37000,22.68984,5.06909,1.17215,5.94176,11.87000,21.33739,25.20163,90.69650
53-1,1783321638.754707,2026-07-06T14:07:18.754707,5.09163,1.27396,6.48655,12.99000,24.31589,5.05578,1.26225,6.38163,12.83000,23.64171,5.02506,1.25565,6.30974,12.42000,23.32155,5.06909,1.17215,5.94176,11.87000,21.93226,25.11968,93.21142
53-1,1783321638.854825,2026-07-06T14:07:18.854825,5.09141,1.27787,6.50617,13.03000,24.96728,5.04333,1.27201,6.41518,12.93000,24.28399,5.02986,1.24149,6.24454,12.28000,23.94675,5.07304,1.17313,5.95135,11.88000,22.52810,25.11724,95.72611
53-1,1783321638.954945,2026-07-06T14:07:18.954945,5.08731,1.27982,6.51086,13.05000,25.61914,5.05133,1.27201,6.42535,12.93000,24.92729,5.02186,1.24149,6.23460,12.28000,24.57095,5.07374,1.15946,5.88279,11.74000,23.11709,25.05360,98.23448
53-1,1783321639.055064,2026-07-06T14:07:19.055064,5.08731,1.27982,6.51086,13.05000,26.27101,5.04849,1.24638,6.29232,12.67000,25.55728,5.02106,1.25565,6.30471,12.42000,25.20217,5.06894,1.17508,5.95644,11.90000,23.71344,25.06433,100.74390
53-1,1783321639.155183,2026-07-06T14:07:19.155183,5.08651,1.29447,6.58435,13.20000,26.93022,5.04747,1.26908,6.40565,12.90000,26.19860,5.02158,1.24638,6.25878,12.33000,25.82880,5.06894,1.17508,5.95644,11.90000,24.30979,25.20522,103.26741
53-1,1783321639.255301,2026-07-06T14:07:19.255301,5.08812,1.26493,6.43612,12.90000,27.57460,5.05524,1.27396,6.44020,12.95000,26.84339,5.02512,1.25468,6.30490,12.41000,26.46003,5.06904,1.17313,5.94666,11.88000,24.90516,25.12788,105.78318
53-1,1783321639.355419,2026-07-06T14:07:19.355419,5.08667,1.29154,6.56965,13.17000,28.23234,5.05524,1.27396,6.44020,12.95000,27.48816,5.01712,1.25468,6.29486,12.41000,27.09026,5.06914,1.17118,5.93687,11.86000,25.49955,25.24158,108.31031
53-1,1783321639.455539,2026-07-06T14:07:19.455539,5.08667,1.29154,6.56965,13.17000,28.89008,5.05138,1.27103,6.42048,12.92000,28.13098,5.02118,1.25346,6.29384,12.40000,27.72040,5.07324,1.16923,5.93176,11.84000,26.09343,25.21573,110.83489
53-1,1783321639.555656,2026-07-06T14:07:19.555656,5.08715,1.28275,6.52556,13.08000,29.54341,5.05524,1.27396,6.44020,12.95000,28.77576,5.02135,1.25053,6.27933,12.37000,28.34907,5.06924,1.16923,5.92709,11.84000,26.68684,25.17218,113.35507
53-1,1783321639.655774,2026-07-06T14:07:19.655774,5.08715,1.28275,6.52556,13.08000,30.19673,5.05560,1.26615,6.40116,12.87000,29.41662,5.02569,1.24442,6.25409,12.31000,28.97521,5.07309,1.17215,5.94645,11.87000,27.28218,25.12726,115.87075
53-1,1783321639.755891,2026-07-06T14:07:19.755891,5.08747,1.27689,6.49616,13.02000,30.84711,5.05538,1.27103,6.42556,12.92000,30.05993,5.02569,1.24442,6.25409,12.31000,29.60135,5.07278,1.17826,5.97705,11.93000,27.88059,25.15286,118.38898
53-1,1783321639.856009,2026-07-06T14:07:19.856009,5.07947,1.27689,6.48594,13.02000,31.49647,5.04738,1.27103,6.41539,12.92000,30.70223,5.02906,1.25565,6.31476,12.42000,30.23357,5.07288,1.17631,5.96726,11.91000,28.47802,25.18335,120.91028
53-1,1783321639.956128,2026-07-06T14:07:19.956128,5.08629,1.29838,6.60394,13.24000,32.15765,5.05116,1.27592,6.44486,12.97000,31.34748,5.02884,1.25956,6.33413,12.46000,30.86774,5.07299,1.17411,5.95624,11.89000,29.07435,25.33917,123.44723
53-1,1783321640.056245,2026-07-06T14:07:20.056245,5.08304,1.28471,6.53022,13.10000,32.81144,5.05107,1.27787,6.45461,12.99000,31.99370,5.02204,1.23832,6.21889,12.25000,31.49036,5.07699,1.17411,5.96094,11.89000,29.67114,25.16466,125.96664
53-1,1783321640.156363,2026-07-06T14:07:20.156363,5.08235,1.29740,6.59385,13.23000,33.47160,5.04778,1.26225,6.37153,12.83000,32.63160,5.01804,1.23832,6.21393,12.25000,32.11248,5.07739,1.16630,5.92174,11.81000,30.26401,25.10105,128.47969
53-1,1783321640.256481,2026-07-06T14:07:20.256481,5.07467,1.29154,6.55415,13.17000,34.12779,5.04378,1.26225,6.36648,12.83000,33.26900,5.02079,1.26054,6.32888,12.47000,32.74612,5.07669,1.18021,5.99156,11.95000,30.86388,25.24107,131.00678
53-1,1783321640.356600,2026-07-06T14:07:20.356600,5.09067,1.29154,6.57482,13.17000,34.78605,5.05107,1.27787,6.45461,12.99000,33.91523,5.02079,1.26054,6.32888,12.47000,33.37976,5.06869,1.18021,5.98212,11.95000,31.46280,25.34043,133.54383
53-1,1783321640.456718,2026-07-06T14:07:20.456718,5.08965,1.31010,6.66795,13.36000,35.45363,5.05094,1.28080,6.46924,13.02000,34.56292,5.01672,1.26176,6.32988,12.48000,34.01350,5.07669,1.18021,5.99156,11.95000,32.06266,25.45863,136.09271
53-1,1783321640.556836,2026-07-06T14:07:20.556836,5.09136,1.27885,6.51107,13.04000,36.10551,5.05996,1.25810,6.36591,12.79000,35.20026,5.01672,1.26176,6.32988,12.48000,34.64723,5.06864,1.18119,5.98701,11.96000,32.66207,25.19387,138.61506
53-1,1783321640.656956,2026-07-06T14:07:20.656956,5.09077,1.28959,6.56501,13.15000,36.76279,5.05196,1.25810,6.35585,12.79000,35.83661,5.03769,1.24442,6.26902,12.31000,35.27488,5.06864,1.18119,5.98701,11.96000,33.26149,25.17689,141.13577
53-1,1783321640.757072,2026-07-06T14:07:20.757072,5.07877,1.28959,6.54954,13.15000,37.41851,5.04724,1.27396,6.43001,12.95000,36.48036,5.03706,1.25565,6.32480,12.42000,35.90810,5.07259,1.18216,5.99663,11.97000,33.86185,25.30098,143.66883
53-1,1783321640.857189,2026-07-06T14:07:20.857189,5.07883,1.28861,6.54464,13.14000,38.07374,5.04698,1.27982,6.45925,13.01000,37.12704,5.02066,1.26273,6.33976,12.49000,36.54282,5.07259,1.18216,5.99663,11.97000,34.46221,25.34028,146.20581
54-1,1783321640.957334,2026-07-06T14:07:20.957334,5.08311,1.21000,6.15056,12.34000,0.61595,5.05169,1.35258,6.83281,13.75000,0.68427,5.01666,1.26273,6.33471,12.49000,0.63439,5.07694,1.17508,5.96584,11.90000,0.59745,25.28392,2.53205
54-1,1783321641.057450,2026-07-06T14:07:21.057450,5.07914,1.35624,6.88854,13.83000,1.30560,5.04769,1.35258,6.82740,13.75000,1.36780,5.02935,1.32133,6.64543,13.07000,1.29970,5.07308,1.25126,6.34774,12.67000,1.23296,26.70911,5.20606
54-1,1783321641.157568,2026-07-06T14:07:21.157568,5.08314,1.35624,6.89397,13.83000,1.99582,5.05257,0.89138,4.50378,9.06000,1.81872,5.05446,0.87649,4.43019,8.67000,1.74325,5.09800,0.99637,5.07949,10.09000,1.74151,20.90743,7.29929
54-1,1783321641.257685,2026-07-06T14:07:21.257685,5.08422,1.26298,6.42126,12.88000,2.63869,5.03729,1.22880,6.18981,12.49000,2.43842,5.01546,1.21317,6.08461,12.00000,2.35242,5.08200,0.99637,5.06355,10.09000,2.24846,23.75923,9.67799
54-1,1783321641.357803,2026-07-06T14:07:21.357803,5.08373,1.27201,6.46657,12.97000,3.28611,5.04805,1.25614,6.34107,12.77000,3.07327,5.02346,1.21317,6.09432,12.00000,2.96257,5.07394,1.15555,5.86320,11.70000,2.83547,24.76516,12.15741
54-1,1783321641.457919,2026-07-06T14:07:21.457919,5.08715,1.28275,6.52556,13.08000,3.93942,5.05205,1.25614,6.34609,12.77000,3.70862,5.03431,1.23344,6.20951,12.20000,3.58424,5.07079,1.13871,5.77414,11.53000,3.41355,24.85530,14.64582
54-1,1783321641.558037,2026-07-06T14:07:21.558037,5.09004,1.15629,5.88554,11.79000,4.52867,5.05205,1.25614,6.34609,12.77000,4.34397,5.03677,1.18998,5.99364,11.77000,4.18431,5.07324,1.09037,5.53168,11.04000,3.96737,23.75695,17.02432
54-1,1783321641.658155,2026-07-06T14:07:21.658155,5.09404,1.15629,5.89017,11.79000,5.11838,5.05196,1.25810,6.35585,12.79000,4.98031,5.01855,1.22929,6.16923,12.16000,4.80196,5.07384,1.15751,5.87300,11.72000,4.55536,24.28825,19.45601
54-1,1783321641.758272,2026-07-06T14:07:21.758272,5.09136,1.27885,6.51107,13.04000,5.77025,5.05298,1.23563,6.24363,12.56000,5.60541,5.02255,1.22929,6.17415,12.16000,5.42010,5.06984,1.15751,5.86837,11.72000,5.14289,24.79722,21.93865
54-1,1783321641.858393,2026-07-06T14:07:21.858393,5.09125,1.28080,6.52088,13.06000,6.42313,5.04898,1.23563,6.23869,12.56000,6.23003,5.02289,1.22318,6.14391,12.10000,6.03523,5.07059,1.14261,5.79372,11.57000,5.72296,24.69720,24.41135
54-1,1783321641.958511,2026-07-06T14:07:21.958511,5.08833,1.26102,6.41651,12.86000,7.06554,5.05214,1.25419,6.33634,12.75000,6.86441,5.02209,1.23734,6.21405,12.24000,6.65737,5.06994,1.15555,5.85858,11.70000,6.30951,24.82548,26.89684
54-1,1783321642.058630,2026-07-06T14:07:22.058630,5.09233,1.26102,6.42156,12.86000,7.70846,5.05196,1.25810,6.35585,12.79000,7.50075,5.02386,1.20609,6.05923,11.93000,7.26402,5.07449,1.14457,5.80809,11.59000,6.89101,24.64473,29.36424
54-1,1783321642.158748,2026-07-06T14:07:22.158748,5.08731,1.27982,6.51086,13.05000,8.36031,5.05333,1.22782,6.20459,12.48000,8.12194,5.02186,1.24149,6.23460,12.28000,7.88821,5.07449,1.14457,5.80809,11.59000,7.47250,24.75814,31.84296
54-1,1783321642.258867,2026-07-06T14:07:22.258867,5.08796,1.26786,6.45082,12.93000,9.00616,5.05733,1.22782,6.20950,12.48000,8.74363,5.03386,1.24149,6.24950,12.28000,8.51391,5.06964,1.16141,5.88794,11.76000,8.06200,24.79776,34.32570
54-1,1783321642.358985,2026-07-06T14:07:22.358985,5.08331,1.27982,6.50574,13.05000,9.65750,5.05578,1.26225,6.38163,12.83000,9.38255,5.02604,1.23832,6.22384,12.25000,9.13703,5.07039,1.14652,5.81330,11.61000,8.64402,24.92451,36.82109
54-1,1783321642.459105,2026-07-06T14:07:22.459105,5.08731,1.27982,6.51086,13.05000,10.30937,5.05596,1.25810,6.36088,12.79000,10.01940,5.02626,1.23441,6.20448,12.21000,9.75822,5.07364,1.16141,5.89259,11.76000,9.23398,24.96881,39.32097
54-1,1783321642.559223,2026-07-06T14:07:22.559223,5.08844,1.25907,6.40671,12.84000,10.95080,5.05245,1.24735,6.30219,12.68000,10.65036,5.02586,1.24149,6.23957,12.28000,10.38291,5.06964,1.16141,5.88794,11.76000,9.82347,24.83641,41.80753
54-1,1783321642.659342,2026-07-06T14:07:22.659342,5.08801,1.26688,6.44592,12.92000,11.59615,5.05245,1.24735,6.30219,12.68000,11.28133,5.02186,1.24149,6.23460,12.28000,11.00711,5.07394,1.15555,5.86320,11.70000,10.41049,24.84591,44.29508
54-1,1783321642.759459,2026-07-06T14:07:22.759459,5.08325,1.28080,6.51063,13.06000,12.24798,5.05178,1.26225,6.37658,12.83000,11.91974,5.02695,1.22221,6.14396,12.09000,11.62223,5.07359,1.16239,5.89748,11.77000,11.00093,24.92865,46.79088
54-1,1783321642.859578,2026-07-06T14:07:22.859578,5.09206,1.26591,6.44608,12.91000,12.89336,5.05311,1.23270,6.22899,12.53000,12.54338,5.02592,1.24052,6.23473,12.27000,12.24644,5.07349,1.16434,5.90728,11.79000,11.59236,24.81708,49.27554
54-1,1783321642.959696,2026-07-06T14:07:22.959696,5.08806,1.26591,6.44102,12.91000,13.53822,5.04786,1.26029,6.36178,12.81000,13.18030,5.02358,1.21097,6.08343,11.98000,12.85550,5.07354,1.16337,5.90238,11.78000,12.18329,24.78861,51.75731
54-1,1783321643.059812,2026-07-06T14:07:23.059812,5.08368,1.27299,6.47146,12.98000,14.18612,5.05586,1.26029,6.37187,12.81000,13.81823,5.02758,1.21097,6.08827,11.98000,13.46504,5.06954,1.16337,5.89773,11.78000,12.77375,24.82933,54.24313
54-1,1783321643.159931,2026-07-06T14:07:23.159931,5.08460,1.25614,6.38698,12.81000,14.82557,5.04849,1.24638,6.29232,12.67000,14.44821,5.02975,1.24345,6.25422,12.30000,14.09120,5.07349,1.16434,5.90728,11.79000,13.36518,24.84080,56.73017
54-1,1783321643.260050,2026-07-06T14:07:23.260050,5.08336,1.27885,6.50084,13.04000,15.47643,5.04760,1.26615,6.39103,12.87000,15.08807,5.03089,1.22318,6.15370,12.10000,14.70730,5.07449,1.14457,5.80809,11.59000,13.94668,24.85366,59.21848
54-1,1783321643.360168,2026-07-06T14:07:23.360168,5.07936,1.27885,6.49573,13.04000,16.12677,5.05205,1.25614,6.34609,12.77000,15.72343,5.02546,1.24857,6.27466,12.35000,15.33551,5.06529,1.16825,5.91752,11.83000,14.53913,25.03400,61.72485
54-1,1783321643.460287,2026-07-06T14:07:23.460287,5.08812,1.26493,6.43612,12.90000,16.77115,5.05205,1.25614,6.34609,12.77000,16.35879,5.02146,1.24857,6.26966,12.35000,15.96322,5.06929,1.16825,5.92219,11.83000,15.13205,24.97406,64.22521
54-1,1783321643.560405,2026-07-06T14:07:23.560405,5.08677,1.28959,6.55985,13.15000,17.42791,5.05547,1.26908,6.41580,12.90000,17.00113,5.02655,1.22929,6.17906,12.16000,16.58186,5.07329,1.16825,5.92687,11.83000,15.72544,25.08158,66.73634
54-1,1783321643.660522,2026-07-06T14:07:23.660522,5.08347,1.27689,6.49105,13.02000,18.07777,5.05582,1.26127,6.37675,12.82000,17.63955,5.02558,1.24638,6.26377,12.33000,17.20897,5.07344,1.16532,5.91217,11.80000,16.31735,25.04374,69.24364
54-1,1783321643.760639,2026-07-06T14:07:23.760639,5.08347,1.27689,6.49105,13.02000,18.72763,5.05138,1.27103,6.42048,12.92000,18.28235,5.02558,1.24638,6.26377,12.33000,17.83608,5.07319,1.17020,5.93666,11.85000,16.91171,25.11196,71.75777
54-1,1783321643.860756,2026-07-06T14:07:23.860756,5.08422,1.26298,6.42126,12.88000,19.37051,5.05538,1.27103,6.42556,12.92000,18.92566,5.03358,1.24638,6.27374,12.33000,18.46419,5.07319,1.17020,5.93666,11.85000,17.50607,25.05722,74.26643
54-1,1783321643.960875,2026-07-06T14:07:23.960875,5.08251,1.29447,6.57917,13.20000,20.02921,5.04796,1.25810,6.35082,12.79000,19.56150,5.02152,1.24760,6.26483,12.34000,19.09141,5.07354,1.16337,5.90238,11.78000,18.09701,25.09720,76.77913
54-1,1783321644.060991,2026-07-06T14:07:24.060991,5.08261,1.29252,6.56938,13.18000,20.68691,5.04755,1.26713,6.39590,12.88000,20.20183,5.02130,1.25150,6.28417,12.38000,19.72056,5.06924,1.16923,5.92709,11.84000,18.69041,25.17654,79.29971
54-1,1783321644.161110,2026-07-06T14:07:24.161110,5.10261,1.29252,6.59523,13.18000,21.34722,5.06026,0.89822,4.54523,9.13000,20.65689,5.05520,0.86331,4.36420,8.54000,20.15750,5.08315,0.89480,4.54842,9.06000,19.14579,20.05308,81.30740
54-1,1783321644.261229,2026-07-06T14:07:24.261229,5.09415,0.86111,4.38662,8.78000,21.78640,5.06426,0.89822,4.54882,9.13000,21.11232,5.04320,0.86331,4.35384,8.54000,20.59340,5.08261,0.82669,4.20172,8.37000,19.56646,17.49100,83.05858
54-1,1783321644.361349,2026-07-06T14:07:24.361349,5.09488,0.92093,4.69201,9.39000,22.25617,5.05635,0.89627,4.53184,9.11000,21.56604,5.03115,0.86428,4.34834,8.55000,21.02876,5.07861,0.82669,4.19841,8.37000,19.98681,17.77060,84.83777
54-1,1783321644.461470,2026-07-06T14:07:24.461470,5.07531,1.27982,6.49550,13.05000,22.90650,5.04063,1.24345,6.26775,12.64000,22.19358,5.01106,1.22025,6.11476,12.07000,21.64097,5.07314,1.17118,5.94156,11.86000,20.58168,24.81957,87.32273
54-1,1783321644.561588,2026-07-06T14:07:24.561588,5.08406,1.26591,6.43596,12.91000,23.55086,5.04738,1.27103,6.41539,12.92000,22.83588,5.02530,1.25150,6.28917,12.38000,22.27063,5.07309,1.17215,5.94645,11.87000,21.17703,25.08697,89.83440
54-1,1783321644.661708,2026-07-06T14:07:24.661708,5.08406,1.26591,6.43596,12.91000,24.19523,5.05538,1.27103,6.42556,12.92000,23.47920,5.02130,1.25150,6.28417,12.38000,22.89980,5.06924,1.16923,5.92709,11.84000,21.77045,25.07278,92.34468
54-1,1783321644.761826,2026-07-06T14:07:24.761826,5.08752,1.27592,6.49126,13.01000,24.84512,5.06001,1.25712,6.36103,12.78000,24.11606,5.03312,1.25468,6.31493,12.41000,23.53204,5.08524,1.16923,5.94579,11.84000,22.36573,25.11301,94.85895
54-1,1783321644.861944,2026-07-06T14:07:24.861944,5.11128,0.84036,4.29530,8.57000,25.27516,5.07630,0.89724,4.55468,9.12000,24.57206,5.05509,0.86526,4.37398,8.56000,23.96996,5.08256,0.82766,4.20664,8.38000,22.78689,17.43060,96.60407
54-1,1783321644.962062,2026-07-06T14:07:24.962062,5.08040,1.11307,5.65485,11.35000,25.84131,5.05558,1.08988,5.50996,11.08000,25.12371,5.03345,1.03616,5.21548,10.25000,24.49212,5.08091,0.86013,4.37026,8.71000,23.22443,20.75055,98.68157
54-1,1783321645.062181,2026-07-06T14:07:25.062181,5.09240,1.11307,5.66821,11.35000,26.40881,5.05158,1.08988,5.50560,11.08000,25.67492,5.03345,1.03616,5.21548,10.25000,25.01429,5.06519,1.17020,5.92730,11.85000,23.81787,22.31659,100.91589
54-1,1783321645.162300,2026-07-06T14:07:25.162300,5.08828,1.26200,6.42141,12.87000,27.05171,5.05636,1.24931,6.31694,12.70000,26.30737,5.02541,1.24955,6.27949,12.36000,25.64298,5.07319,1.17020,5.93666,11.85000,24.41224,24.95450,103.41430
54-1,1783321645.262418,2026-07-06T14:07:25.262418,5.08640,1.29643,6.59414,13.22000,27.71190,5.05520,1.27494,6.44508,12.96000,26.95263,5.02649,1.23026,6.18391,12.17000,26.26210,5.07309,1.17215,5.94645,11.87000,25.00758,25.16958,105.93422
54-1,1783321645.362536,2026-07-06T14:07:25.362536,5.09040,1.29643,6.59933,13.22000,28.37262,5.04724,1.27396,6.43001,12.95000,27.59640,5.02530,1.25150,6.28917,12.38000,26.89177,5.07364,1.16141,5.89259,11.76000,25.59754,25.21110,108.45833
54-1,1783321645.462653,2026-07-06T14:07:25.462653,5.08240,1.29643,6.58896,13.22000,29.03228,5.04724,1.27396,6.43001,12.95000,28.24015,5.02518,1.25346,6.29885,12.40000,27.52239,5.07709,1.17215,5.95114,11.87000,26.19335,25.26896,110.98817
54-1,1783321645.562773,2026-07-06T14:07:25.562773,5.07829,1.29838,6.59355,13.24000,29.69242,5.04836,1.24931,6.30695,12.70000,28.87160,5.02518,1.25346,6.29885,12.40000,28.15302,5.07299,1.17411,5.95624,11.89000,26.78969,25.15559,113.50673
54-1,1783321645.662890,2026-07-06T14:07:25.662890,5.08012,1.26493,6.42600,12.90000,30.33578,5.04711,1.27689,6.44463,12.98000,29.51682,5.02255,1.22929,6.17415,12.16000,28.77117,5.07699,1.17411,5.96094,11.89000,27.38648,25.00572,116.01025
54-1,1783321645.763009,2026-07-06T14:07:25.763009,5.07920,1.28178,6.51040,13.07000,30.98760,5.04716,1.27592,6.43976,12.97000,30.16156,5.02106,1.25565,6.30471,12.42000,29.40239,5.07294,1.17508,5.96114,11.90000,27.98331,25.21601,118.53485
54-1,1783321645.863126,2026-07-06T14:07:25.863126,5.08620,1.22684,6.23997,12.51000,31.61232,5.05516,1.27592,6.44996,12.97000,30.80731,5.03380,1.17167,5.89794,11.59000,29.99287,5.07334,1.16727,5.92197,11.82000,28.57620,24.50984,120.98870
54-1,1783321645.963245,2026-07-06T14:07:25.963245,5.07820,1.22684,6.23015,12.51000,32.23608,5.05552,1.17948,5.96289,11.99000,31.40431,5.01780,1.17167,5.87919,11.59000,30.58149,5.07288,1.17631,5.96726,11.91000,29.17363,24.03949,123.39550
54-1,1783321646.063362,2026-07-06T14:07:26.063362,5.08261,1.29252,6.56938,13.18000,32.89378,5.05120,1.27494,6.43998,12.96000,32.04906,5.02501,1.25663,6.31457,12.43000,31.21368,5.07688,1.17631,5.97197,11.91000,29.77153,25.29590,125.92805
54-1,1783321646.163479,2026-07-06T14:07:26.163479,5.08315,1.28275,6.52043,13.08000,33.54659,5.05516,1.27592,6.44996,12.97000,32.69481,5.02609,1.23734,6.21900,12.24000,31.83631,5.07694,1.17508,5.96584,11.90000,30.36881,25.15523,128.44651
54-1,1783321646.263597,2026-07-06T14:07:26.263597,5.08672,1.29057,6.56475,13.16000,34.20384,5.05516,1.27592,6.44996,12.97000,33.34057,5.02879,1.26054,6.33897,12.47000,32.47095,5.07669,1.18021,5.99156,11.95000,30.96867,25.34524,130.98403
54-1,1783321646.363714,2026-07-06T14:07:26.363714,5.07872,1.29057,6.55443,13.16000,34.86005,5.05507,1.27787,6.45972,12.99000,33.98730,5.02879,1.26054,6.33897,12.47000,33.10559,5.06873,1.17924,5.97723,11.94000,31.56709,25.33035,133.52004
54-1,1783321646.463833,2026-07-06T14:07:26.463833,5.08341,1.27787,6.49595,13.03000,35.51041,5.05538,1.27103,6.42556,12.92000,34.63062,5.02890,1.25858,6.32928,12.45000,33.73927,5.06873,1.17924,5.97723,11.94000,32.16553,25.22802,136.04583
54-1,1783321646.563950,2026-07-06T14:07:26.563950,5.08283,1.28861,6.54980,13.14000,36.16616,5.05502,1.27885,6.46461,13.00000,35.27783,5.02861,1.26371,6.35470,12.50000,34.37549,5.07283,1.17728,5.97216,11.92000,32.76344,25.34127,138.58293
54-1,1783321646.664066,2026-07-06T14:07:26.664066,5.08299,1.28568,6.53511,13.11000,36.82043,5.06302,1.27885,6.47484,13.00000,35.92607,5.01786,1.24149,6.22964,12.28000,34.99918,5.07273,1.17924,5.98195,11.94000,33.36233,25.22154,141.10801
54-1,1783321646.764184,2026-07-06T14:07:26.764184,5.08699,1.28568,6.54026,13.11000,37.47523,5.04298,1.27982,6.45413,13.01000,36.57224,5.02586,1.24149,6.23957,12.28000,35.62387,5.07314,1.17118,5.94156,11.86000,33.95719,25.17552,143.62853
55-1,1783321646.864333,2026-07-06T14:07:26.864333,5.08597,1.30424,6.63333,13.30000,0.66432,5.04347,1.26908,6.40057,12.90000,0.64101,5.02084,1.25956,6.32405,12.46000,0.63335,5.08094,1.09622,5.56986,11.10000,0.55782,24.92781,2.49649
55-1,1783321646.964451,2026-07-06T14:07:26.964451,5.08507,1.32084,6.71657,13.47000,1.33677,5.04777,1.35063,6.81766,13.73000,1.32358,5.01735,1.32133,6.62958,13.07000,1.29709,5.07294,1.09622,5.56109,11.10000,1.11458,25.72490,5.07202
55-1,1783321647.064570,2026-07-06T14:07:27.064570,5.09961,1.05423,5.37617,10.75000,1.87503,5.05977,1.35063,6.83387,13.73000,2.00778,5.06395,0.85012,4.30498,8.41000,1.72810,5.07570,0.96292,4.88749,9.75000,1.60391,21.40251,7.21482
55-1,1783321647.164689,2026-07-06T14:07:27.164689,5.09907,0.84426,4.30496,8.61000,2.30603,5.06035,0.89627,4.53542,9.11000,2.46186,5.04395,0.85012,4.28798,8.41000,2.15740,5.08261,0.82669,4.20172,8.37000,2.02458,17.33008,8.94988
55-1,1783321647.264807,2026-07-06T14:07:27.264807,5.09507,0.84426,4.30158,8.61000,2.73670,5.05635,0.89627,4.53184,9.11000,2.91558,5.03126,0.86233,4.33861,8.53000,2.59178,5.07595,0.95804,4.86295,9.70000,2.51145,18.03498,10.75551
55-1,1783321647.364926,2026-07-06T14:07:27.364926,5.09073,1.21708,6.19581,12.41000,3.35702,5.04148,1.22465,6.17403,12.45000,3.53372,5.01244,1.19584,5.99406,11.83000,3.19190,5.07995,0.95804,4.86678,9.70000,2.99871,23.23068,13.08134
55-1,1783321647.465042,2026-07-06T14:07:27.465042,5.09165,1.20023,6.11116,12.24000,3.96885,5.05707,1.23368,6.23881,12.54000,4.15833,5.03180,1.20707,6.07373,11.94000,3.79998,5.07475,1.06058,5.38217,10.74000,3.53755,23.80587,15.46471
55-1,1783321647.565161,2026-07-06T14:07:27.565161,5.08438,1.26005,6.40657,12.85000,4.61027,5.05307,1.23368,6.23387,12.54000,4.78246,5.03180,1.20707,6.07373,11.94000,4.40807,5.07010,1.15238,5.84267,11.67000,4.12252,24.55684,17.92331
55-1,1783321647.665280,2026-07-06T14:07:27.665280,5.08438,1.26005,6.40657,12.85000,5.25168,5.05218,1.25321,6.33146,12.74000,5.41635,5.03026,1.23441,6.20942,12.21000,5.02975,5.07798,1.15458,5.86292,11.69000,4.70950,24.81037,20.40728
55-1,1783321647.765398,2026-07-06T14:07:27.765398,5.08444,1.25907,6.40167,12.84000,5.89261,5.05214,1.25419,6.33634,12.75000,6.05074,5.03020,1.23539,6.21426,12.22000,5.65191,5.06998,1.15458,5.85368,11.69000,5.29556,24.80595,22.89082
55-1,1783321647.865518,2026-07-06T14:07:27.865518,5.08433,1.26102,6.41147,12.86000,6.53452,5.05342,1.22587,6.19483,12.46000,6.67096,5.02780,1.20707,6.06890,11.94000,6.25953,5.07819,1.15043,5.84209,11.65000,5.88047,24.51729,25.34548
55-1,1783321647.965636,2026-07-06T14:07:27.965636,5.08156,1.23856,6.29383,12.63000,7.16465,5.04942,1.22587,6.18992,12.46000,7.29068,5.02380,1.20707,6.06407,11.94000,6.86665,5.07789,1.15653,5.87272,11.71000,6.46844,24.42054,27.79042
55-1,1783321648.065754,2026-07-06T14:07:28.065754,5.08956,1.23856,6.30374,12.63000,7.79576,5.05591,1.25932,6.36698,12.80000,7.92813,5.02615,1.23637,6.21416,12.23000,7.48880,5.07439,1.14652,5.81789,11.61000,7.05091,24.70277,30.26361
55-1,1783321648.165871,2026-07-06T14:07:28.165871,5.08049,1.25810,6.39174,12.83000,8.43569,5.05623,1.25224,6.33159,12.73000,8.56203,5.02689,1.22318,6.14881,12.10000,8.10440,5.07439,1.14652,5.81789,11.61000,7.63338,24.69003,32.73550
55-1,1783321648.265989,2026-07-06T14:07:28.265989,5.08161,1.23759,6.28893,12.62000,9.06532,5.04876,1.24052,6.26307,12.61000,9.18908,5.02586,1.24149,6.23957,12.28000,8.72909,5.06994,1.15555,5.85858,11.70000,8.21993,24.65015,35.20342
55-1,1783321648.366107,2026-07-06T14:07:28.366107,5.08763,1.27396,6.48145,12.99000,9.71423,5.05276,1.24052,6.26803,12.61000,9.81662,5.02986,1.24149,6.24454,12.28000,9.35428,5.07419,1.15043,5.83748,11.65000,8.80437,24.83150,37.68950
55-1,1783321648.466224,2026-07-06T14:07:28.466224,5.08352,1.27592,6.48615,13.01000,10.36361,5.05023,1.20804,6.10090,12.28000,10.42743,5.02604,1.23832,6.22384,12.25000,9.97740,5.07609,1.11307,5.65005,11.27000,9.37004,24.46094,40.13847
55-1,1783321648.566343,2026-07-06T14:07:28.566343,5.08352,1.27592,6.48615,13.01000,11.01299,5.04814,1.25419,6.33132,12.75000,11.06131,5.02575,1.24345,6.24925,12.30000,10.60307,5.07369,1.16044,5.88769,11.75000,9.95950,24.95441,42.63687
55-1,1783321648.666461,2026-07-06T14:07:28.666461,5.08817,1.26395,6.43122,12.89000,11.65687,5.05591,1.25932,6.36698,12.80000,11.69876,5.02689,1.22318,6.14881,12.10000,11.21867,5.07369,1.16044,5.88769,11.75000,10.54897,24.83470,45.12327
55-1,1783321648.766578,2026-07-06T14:07:28.766578,5.08715,1.28275,6.52556,13.08000,12.31020,5.04791,1.25932,6.35691,12.80000,12.33520,5.02952,1.24760,6.27481,12.34000,11.84689,5.06679,1.13871,5.76959,11.53000,11.12660,24.92687,47.61889
55-1,1783321648.866697,2026-07-06T14:07:28.866697,5.08390,1.26884,6.45065,12.94000,12.95603,5.05325,1.22977,6.21435,12.50000,12.95737,5.02952,1.24760,6.27481,12.34000,12.47512,5.06564,1.16141,5.88329,11.76000,11.71563,24.82310,50.10415
55-1,1783321648.966815,2026-07-06T14:07:28.966815,5.08790,1.26884,6.45572,12.94000,13.60236,5.05196,1.25810,6.35585,12.79000,13.59370,5.02215,1.23637,6.20921,12.23000,13.09677,5.07405,1.15336,5.85218,11.68000,12.30154,24.87296,52.59437
55-1,1783321649.066932,2026-07-06T14:07:29.066932,5.08368,1.27299,6.47146,12.98000,14.25026,5.05272,1.24149,6.27291,12.62000,14.22173,5.02141,1.24955,6.27450,12.36000,13.72495,5.07005,1.15336,5.84757,11.68000,12.88698,24.86644,55.08392
55-1,1783321649.167051,2026-07-06T14:07:29.167051,5.08385,1.26981,6.45555,12.95000,14.89659,5.05272,1.24149,6.27291,12.62000,14.84977,5.02969,1.24442,6.25907,12.31000,14.35161,5.07369,1.16044,5.88769,11.75000,13.47645,24.87522,57.57441
55-1,1783321649.267168,2026-07-06T14:07:29.267168,5.08779,1.27103,6.46675,12.96000,15.54402,5.05164,1.26518,6.39121,12.86000,15.48964,5.02569,1.24442,6.25409,12.31000,14.97775,5.07349,1.16434,5.90728,11.79000,14.06787,25.01933,60.07928
55-1,1783321649.367286,2026-07-06T14:07:29.367286,5.08779,1.27103,6.46675,12.96000,16.19146,5.05191,1.25932,6.36195,12.80000,16.12658,5.02952,1.24760,6.27481,12.34000,15.60597,5.07394,1.15555,5.86320,11.70000,14.65488,24.96671,62.57890
55-1,1783321649.467404,2026-07-06T14:07:29.467404,5.08763,1.27396,6.48145,12.99000,16.84037,5.05524,1.27396,6.44020,12.95000,16.77136,5.02969,1.24442,6.25907,12.31000,16.23261,5.06994,1.15555,5.85858,11.70000,15.24143,25.03930,65.08577
55-1,1783321649.567523,2026-07-06T14:07:29.567523,5.08812,1.26493,6.43612,12.90000,17.48475,5.05524,1.27396,6.44020,12.95000,17.41615,5.02924,1.25248,6.29902,12.39000,16.86327,5.07334,1.16727,5.92197,11.82000,15.83433,25.09731,67.59850
55-1,1783321649.667642,2026-07-06T14:07:29.667642,5.08779,1.27103,6.46675,12.96000,18.13219,5.05173,1.26322,6.38146,12.84000,18.05505,5.02524,1.25248,6.29401,12.39000,17.49342,5.07789,1.15653,5.87272,11.71000,16.42231,25.01494,70.10297
55-1,1783321649.767759,2026-07-06T14:07:29.767759,5.08779,1.27103,6.46675,12.96000,18.77962,5.05138,1.27103,6.42048,12.92000,18.69785,5.02175,1.24345,6.24428,12.30000,18.11858,5.07729,1.16825,5.93154,11.83000,17.01615,25.06305,72.61221
55-1,1783321649.867876,2026-07-06T14:07:29.867876,5.08373,1.27201,6.46657,12.97000,19.42703,5.05155,1.26713,6.40097,12.88000,19.33869,5.02666,1.15653,5.81348,11.44000,18.70060,5.07439,1.14652,5.81789,11.61000,17.59862,24.49891,75.06494
55-1,1783321649.967994,2026-07-06T14:07:29.967994,5.08752,1.27592,6.49126,13.01000,20.07693,5.05555,1.26713,6.40604,12.88000,19.98006,5.02141,1.24955,6.27450,12.36000,19.32879,5.07039,1.14652,5.81330,11.61000,18.18064,24.98510,77.56641
55-1,1783321650.068112,2026-07-06T14:07:30.068112,5.08812,1.26493,6.43612,12.90000,20.72130,5.04845,1.24735,6.29720,12.68000,20.61052,5.02541,1.24955,6.27949,12.36000,19.95748,5.07314,1.17118,5.94156,11.86000,18.77549,24.95437,80.06479
55-1,1783321650.168231,2026-07-06T14:07:30.168231,5.07963,1.27396,6.47126,12.99000,21.36919,5.04738,1.27103,6.41539,12.92000,21.25282,5.02620,1.23539,6.20932,12.22000,20.57915,5.07319,1.17020,5.93666,11.85000,19.36987,25.03263,82.57104
55-1,1783321650.268349,2026-07-06T14:07:30.268349,5.08763,1.27396,6.48145,12.99000,22.01810,5.05280,1.23954,6.26315,12.60000,21.87988,5.02541,1.24955,6.27949,12.36000,21.20784,5.07405,1.15336,5.85218,11.68000,19.95577,24.87627,85.06160
55-1,1783321650.368466,2026-07-06T14:07:30.368466,5.08277,1.28959,6.55469,13.15000,22.67434,5.05280,1.23954,6.26315,12.60000,22.50693,5.02501,1.25663,6.31457,12.43000,21.84004,5.07005,1.15336,5.84757,11.68000,20.54122,24.97998,87.56252
55-1,1783321650.468584,2026-07-06T14:07:30.468584,5.08336,1.27885,6.50084,13.04000,23.32519,5.05160,1.26615,6.39609,12.87000,23.14729,5.02901,1.25663,6.31960,12.43000,22.47274,5.06924,1.16923,5.92709,11.84000,21.13462,25.14362,90.07984
55-1,1783321650.568704,2026-07-06T14:07:30.568704,5.09168,1.27299,6.48165,12.98000,23.97413,5.05160,1.26615,6.39609,12.87000,23.78766,5.02244,1.23124,6.18382,12.18000,23.09187,5.06914,1.17118,5.93687,11.86000,21.72902,24.99843,92.58268
55-1,1783321650.668823,2026-07-06T14:07:30.668823,5.08368,1.27299,6.47146,12.98000,24.62205,5.04738,1.27103,6.41539,12.92000,24.42997,5.02124,1.25248,6.28900,12.39000,23.72152,5.06959,1.16239,5.89283,11.77000,22.31901,25.06868,95.09254
55-1,1783321650.768943,2026-07-06T14:07:30.768943,5.08357,1.27494,6.48126,13.00000,25.27095,5.05538,1.27103,6.42556,12.92000,25.07330,5.02546,1.24857,6.27466,12.35000,24.34974,5.07359,1.16239,5.89748,11.77000,22.90947,25.07896,97.60346
55-1,1783321650.869062,2026-07-06T14:07:30.869062,5.08235,1.29740,6.59385,13.23000,25.93112,5.05124,1.27396,6.43511,12.95000,25.71757,5.02946,1.24857,6.27965,12.35000,24.97845,5.07309,1.17215,5.94645,11.87000,23.50481,25.25506,100.13195
55-1,1783321650.969180,2026-07-06T14:07:30.969180,5.08801,1.26688,6.44592,12.92000,26.57648,5.05236,1.24931,6.31194,12.70000,26.34951,5.02141,1.24955,6.27450,12.36000,25.60664,5.06914,1.17118,5.93687,11.86000,24.09921,24.96923,102.63184
55-1,1783321651.069299,2026-07-06T14:07:31.069299,5.08401,1.26688,6.44085,12.92000,27.22133,5.04733,1.27201,6.42027,12.93000,26.99230,5.02124,1.25248,6.28900,12.39000,26.23629,5.06888,1.17631,5.96255,11.91000,24.69617,25.11267,105.14609
55-1,1783321651.169416,2026-07-06T14:07:31.169416,5.09067,1.29154,6.57482,13.17000,27.87958,5.04733,1.27201,6.42027,12.93000,27.63508,5.02135,1.25053,6.27933,12.37000,26.86496,5.06554,1.16337,5.89307,11.78000,25.28617,25.16749,107.66578
55-1,1783321651.269535,2026-07-06T14:07:31.269535,5.09552,1.27592,6.50146,13.01000,28.53050,5.05489,1.28178,6.47925,13.03000,28.28378,5.03335,1.25053,6.29434,12.37000,27.49514,5.07354,1.16337,5.90238,11.78000,25.87711,25.17743,110.18652
55-1,1783321651.369653,2026-07-06T14:07:31.369653,5.09419,1.30033,6.62414,13.26000,29.19369,5.05569,1.26420,6.39139,12.85000,28.92367,5.02518,1.25346,6.29885,12.40000,28.12577,5.07294,1.17508,5.96114,11.90000,26.47392,25.27552,112.71706
55-1,1783321651.469772,2026-07-06T14:07:31.469772,5.08801,1.26688,6.44592,12.92000,29.83905,5.04724,1.27396,6.43001,12.95000,29.56744,5.02495,1.25761,6.31941,12.44000,28.75846,5.07288,1.17631,5.96726,11.91000,27.07136,25.16260,115.23631
55-1,1783321651.569892,2026-07-06T14:07:31.569892,5.08801,1.26688,6.44592,12.92000,30.48442,5.05124,1.27396,6.43511,12.95000,30.21172,5.02466,1.26273,6.34481,12.49000,29.39370,5.06878,1.17826,5.97234,11.93000,27.66931,25.19818,117.75915
55-1,1783321651.670009,2026-07-06T14:07:31.670009,5.07520,1.28178,6.50528,13.07000,31.13571,5.05898,1.27982,6.47460,13.01000,30.85994,5.02866,1.26273,6.34986,12.49000,30.02943,5.07278,1.17826,5.97705,11.93000,28.26772,25.30679,120.29280
55-1,1783321651.770126,2026-07-06T14:07:31.770126,5.07493,1.28666,6.52971,13.12000,31.78944,5.05973,1.26322,6.39156,12.84000,31.49984,5.02198,1.23930,6.22372,12.26000,30.65253,5.07283,1.17728,5.97216,11.92000,28.86563,25.11715,122.80745
55-1,1783321651.870245,2026-07-06T14:07:31.870245,5.09504,1.28471,6.54563,13.10000,32.44478,5.05111,1.27689,6.44974,12.98000,32.14558,5.01701,1.25663,6.30452,12.43000,31.28373,5.07344,1.16532,5.91217,11.80000,29.45755,25.21206,125.33163
55-1,1783321651.970363,2026-07-06T14:07:31.970363,5.07504,1.28471,6.51994,13.10000,33.09755,5.05111,1.27689,6.44974,12.98000,32.79132,5.01679,1.26054,6.32384,12.47000,31.91686,5.07678,1.17826,5.98176,11.93000,30.05643,25.27528,127.86216
55-1,1783321652.070480,2026-07-06T14:07:32.070480,5.07477,1.28959,6.54438,13.15000,33.75275,5.04707,1.27787,6.44950,12.99000,33.43702,5.02095,1.25761,6.31438,12.44000,32.54904,5.07678,1.17826,5.98176,11.93000,30.65531,25.29002,130.39413
55-1,1783321652.170599,2026-07-06T14:07:32.170599,5.07531,1.27982,6.49550,13.05000,34.40307,5.04801,1.25712,6.34594,12.78000,34.07237,5.02095,1.25761,6.31438,12.44000,33.18123,5.07278,1.17826,5.97705,11.93000,31.25372,25.13287,132.91040
55-1,1783321652.270719,2026-07-06T14:07:32.270719,5.08768,1.27299,6.47655,12.98000,35.05151,5.04702,1.27885,6.45437,13.00000,34.71858,5.02169,1.24442,6.24911,12.31000,33.80689,5.07273,1.17924,5.98195,11.94000,31.85264,25.16198,135.42962
55-1,1783321652.370837,2026-07-06T14:07:32.370837,5.09568,1.27299,6.48674,12.98000,35.70094,5.04302,1.27885,6.44926,13.00000,35.36427,5.02090,1.25858,6.31922,12.45000,34.43956,5.07269,1.18021,5.98684,11.95000,32.45203,25.24206,137.95680
55-1,1783321652.470957,2026-07-06T14:07:32.470957,5.09029,1.29838,6.60913,13.24000,36.36265,5.04698,1.27982,6.45925,13.01000,36.01097,5.02472,1.26176,6.33997,12.48000,35.07432,5.07269,1.18021,5.98684,11.95000,33.05143,25.39519,140.49937
56-1,1783321652.571107,2026-07-06T14:07:32.571107,5.09104,1.28471,6.54049,13.10000,0.65503,5.04689,1.28178,6.46899,13.03000,0.64787,5.02472,1.26176,6.33997,12.48000,0.63495,5.08469,1.18021,6.00101,11.95000,0.60100,25.35046,2.53885
56-1,1783321652.671223,2026-07-06T14:07:32.671223,5.08096,1.32279,6.72107,13.49000,1.32792,5.04795,1.34672,6.79818,13.69000,1.32848,5.02570,1.31523,6.60993,13.01000,1.29671,5.06918,1.24931,6.33296,12.65000,1.23503,26.46214,5.18814
56-1,1783321652.771341,2026-07-06T14:07:32.771341,5.10275,1.14335,5.83421,11.66000,1.91203,5.06395,1.34672,6.81973,13.69000,2.01125,5.03882,1.08280,5.45601,10.71000,1.84295,5.08020,1.03201,5.24283,10.45000,1.75993,23.35278,7.52616
56-1,1783321652.871460,2026-07-06T14:07:32.871460,5.08675,1.14335,5.81591,11.66000,2.49431,5.06386,0.90701,4.59297,9.22000,2.47110,5.01438,1.23222,6.17880,12.19000,2.46157,5.06205,1.15336,5.83834,11.68000,2.34446,22.42602,9.77143
56-1,1783321652.971577,2026-07-06T14:07:32.971577,5.08551,1.16605,5.92997,11.89000,3.08800,5.05210,1.16678,5.89471,11.86000,3.06126,5.02638,1.23222,6.19359,12.19000,3.08165,5.07805,1.15336,5.85679,11.68000,2.93082,23.87506,12.16173
56-1,1783321653.071695,2026-07-06T14:07:33.071695,5.08129,1.24345,6.31831,12.68000,3.72058,5.05329,1.22880,6.20947,12.49000,3.68294,5.01815,1.23637,6.20427,12.23000,3.70281,5.07398,1.15458,5.85830,11.69000,3.51735,24.59035,14.62367
56-1,1783321653.171842,2026-07-06T14:07:33.171842,5.08336,1.27885,6.50084,13.04000,4.37162,5.04929,1.22880,6.20455,12.49000,4.30431,5.01991,1.20511,6.04957,11.92000,4.30866,5.07419,1.15043,5.83748,11.65000,4.10195,24.59244,17.08653
56-1,1783321653.271963,2026-07-06T14:07:33.271963,5.08736,1.27885,6.50596,13.04000,5.02300,5.05573,1.26322,6.38651,12.84000,4.94373,5.02604,1.23832,6.22384,12.25000,4.93179,5.07805,1.15336,5.85679,11.68000,4.68834,24.97310,19.58687
56-1,1783321653.372083,2026-07-06T14:07:33.372083,5.08956,1.23856,6.30374,12.63000,5.65413,5.05636,1.24931,6.31694,12.70000,5.57618,5.03004,1.23832,6.22879,12.25000,5.55542,5.07005,1.15336,5.84757,11.68000,5.27380,24.69704,22.05953
56-1,1783321653.472203,2026-07-06T14:07:33.472203,5.08790,1.26884,6.45572,12.94000,6.30048,5.04929,1.22880,6.20455,12.49000,6.19738,5.02620,1.23539,6.20932,12.22000,6.17710,5.07444,1.14554,5.81299,11.60000,5.85580,24.68258,24.53076
56-1,1783321653.572322,2026-07-06T14:07:33.572322,5.08929,1.24345,6.32826,12.68000,6.93406,5.05729,1.22880,6.21438,12.49000,6.81956,5.02706,1.22025,6.13428,12.07000,6.79126,5.07389,1.15653,5.86810,11.71000,6.44331,24.54502,26.98818
56-1,1783321653.672441,2026-07-06T14:07:33.672441,5.08529,1.24345,6.32328,12.68000,7.56714,5.05186,1.26029,6.36683,12.81000,7.45700,5.02604,1.23832,6.22384,12.25000,7.41438,5.07044,1.14554,5.80841,11.60000,7.02484,24.72236,29.46336
56-1,1783321653.772558,2026-07-06T14:07:33.772558,5.09536,1.27885,6.51619,13.04000,8.21952,5.05214,1.25419,6.33634,12.75000,8.09137,5.03004,1.23832,6.22879,12.25000,8.03799,5.08661,0.90555,4.60615,9.17000,7.48599,23.68747,31.83486
56-1,1783321653.872676,2026-07-06T14:07:33.872676,5.11825,0.85916,4.39738,8.76000,8.65977,5.07626,0.89822,4.55960,9.13000,8.54787,5.04315,0.86428,4.35871,8.55000,8.47437,5.08261,0.90555,4.60253,9.17000,7.94679,17.91822,33.62881
56-1,1783321653.972797,2026-07-06T14:07:33.972797,5.09078,0.92288,4.69817,9.41000,9.13016,5.06426,0.89822,4.54882,9.13000,9.00330,5.04320,0.86331,4.35384,8.54000,8.91028,5.07856,0.82766,4.20333,8.38000,8.36763,17.80416,35.41137
56-1,1783321654.072917,2026-07-06T14:07:34.072917,5.08497,1.24931,6.35268,12.74000,9.76619,5.05660,1.15580,5.84440,11.75000,9.58844,5.01964,1.21000,6.07375,11.97000,9.51839,5.06198,1.15458,5.84445,11.69000,8.95278,24.11528,37.82580
56-1,1783321654.173036,2026-07-06T14:07:34.173036,5.08097,1.24931,6.34769,12.74000,10.40172,5.05289,1.23759,6.25339,12.58000,10.21453,5.02364,1.21000,6.07859,11.97000,10.12697,5.07374,1.15946,5.88279,11.74000,9.54176,24.56246,40.28497
56-1,1783321654.273154,2026-07-06T14:07:34.273154,5.08428,1.26200,6.41637,12.87000,11.04411,5.05218,1.25321,6.33146,12.74000,10.84842,5.02604,1.23832,6.22384,12.25000,10.75009,5.07374,1.15946,5.88279,11.74000,10.13073,24.85446,42.77334
56-1,1783321654.373273,2026-07-06T14:07:34.373273,5.09064,1.14530,5.83031,11.68000,11.62783,5.04818,1.25321,6.32645,12.74000,11.48182,5.02815,1.20096,6.03863,11.88000,11.35467,5.07834,1.14750,5.82738,11.62000,10.71416,24.02277,45.17847
56-1,1783321654.473392,2026-07-06T14:07:34.473392,5.07557,1.27494,6.47106,13.00000,12.27571,5.05748,1.13627,5.74664,11.55000,12.05716,5.02175,1.24345,6.24428,12.30000,11.97984,5.07764,1.16141,5.89723,11.76000,11.30458,24.35921,47.61729
56-1,1783321654.573513,2026-07-06T14:07:34.573513,5.09157,1.27494,6.49146,13.00000,12.92564,5.05160,1.26615,6.39609,12.87000,12.69755,5.02975,1.24345,6.25422,12.30000,12.60602,5.07775,1.08036,5.48577,10.94000,11.85382,24.62754,50.08303
56-1,1783321654.673633,2026-07-06T14:07:34.673633,5.08886,1.25126,6.36749,12.76000,13.56315,5.05582,1.26127,6.37675,12.82000,13.33599,5.02551,1.17679,5.91399,11.64000,13.19813,5.07775,1.08036,5.48577,10.94000,12.40306,24.14400,52.50033
56-1,1783321654.773753,2026-07-06T14:07:34.773753,5.08693,1.28666,6.54515,13.12000,14.21846,5.05182,1.26127,6.37170,12.82000,13.97393,5.02295,1.22221,6.13907,12.09000,13.81278,5.07754,1.16337,5.90703,11.78000,12.99447,24.96295,54.99964
56-1,1783321654.873872,2026-07-06T14:07:34.873872,5.08763,1.27396,6.48145,12.99000,14.86737,5.05276,1.24052,6.26803,12.61000,14.60148,5.02586,1.24149,6.23957,12.28000,14.43747,5.07764,1.16141,5.89723,11.76000,13.58490,24.88628,57.49122
56-1,1783321654.973992,2026-07-06T14:07:34.973992,5.08763,1.27396,6.48145,12.99000,15.51629,5.04774,1.17460,5.92906,11.94000,15.19509,5.03386,1.24149,6.24950,12.28000,15.06317,5.07745,1.08621,5.51520,11.00000,14.13708,24.17521,59.91163
56-1,1783321655.074107,2026-07-06T14:07:35.074107,5.08688,1.28764,6.55005,13.13000,16.17205,5.04373,1.26322,6.37135,12.84000,15.83296,5.02175,1.24345,6.24428,12.30000,15.68832,5.07745,1.08621,5.51520,11.00000,14.68924,24.68088,62.38257
56-1,1783321655.174226,2026-07-06T14:07:35.174226,5.08817,1.26395,6.43122,12.89000,16.81594,5.05311,1.23270,6.22899,12.84000,16.45660,5.02660,1.22831,6.17422,12.15000,16.30647,5.07339,1.16630,5.91707,11.81000,15.28164,24.75150,64.86065
56-1,1783321655.274344,2026-07-06T14:07:35.274344,5.08757,1.27494,6.48636,13.00000,17.46534,5.05311,1.23270,6.22899,12.53000,17.08023,5.02558,1.24638,6.26377,12.33000,16.93359,5.07334,1.16727,5.92197,11.82000,15.87454,24.90109,67.35370
56-1,1783321655.374464,2026-07-06T14:07:35.374464,5.08757,1.27494,6.48636,13.00000,18.11476,5.05182,1.26127,6.37170,12.82000,17.71817,5.02164,1.24540,6.25395,12.32000,17.55974,5.07398,1.15458,5.85830,11.69000,16.46107,24.97031,69.85373
56-1,1783321655.474585,2026-07-06T14:07:35.474585,5.08747,1.27689,6.49616,13.02000,18.76516,5.05302,1.23466,6.23875,12.55000,18.34280,5.02964,1.24540,6.26391,12.32000,18.18688,5.07324,1.16923,5.93176,11.84000,17.05497,24.93058,72.34980
56-1,1783321655.574706,2026-07-06T14:07:35.574706,5.08715,1.28275,6.52556,13.08000,19.41850,5.04778,1.26225,6.37153,12.83000,18.98072,5.02558,1.24638,6.26377,12.33000,18.81402,5.06924,1.16923,5.92709,11.84000,17.64839,25.08795,74.86164
56-1,1783321655.674826,2026-07-06T14:07:35.674826,5.08683,1.28861,6.55495,13.14000,20.07479,5.05178,1.26225,6.37658,12.83000,19.61915,5.02558,1.24638,6.26377,12.33000,19.44115,5.07749,1.16434,5.91194,11.79000,18.24030,25.10724,77.37539
56-1,1783321655.774943,2026-07-06T14:07:35.774943,5.08320,1.28178,6.51553,13.07000,20.72710,5.05618,1.25321,6.33647,12.74000,20.25353,5.02638,1.23222,6.19359,12.19000,20.06123,5.07764,1.16141,5.89723,11.76000,18.83071,24.94282,79.87257
56-1,1783321655.875061,2026-07-06T14:07:35.875061,5.08720,1.28178,6.52066,13.07000,21.37994,5.05551,1.26811,6.41092,12.89000,20.89538,5.02238,1.23222,6.18866,12.19000,20.68083,5.06929,1.16825,5.92219,11.83000,19.42363,25.04243,82.37978
56-1,1783321655.975181,2026-07-06T14:07:35.975181,5.08768,1.27299,6.47655,12.98000,22.02837,5.04738,1.27103,6.41539,12.92000,21.53769,5.02146,1.24857,6.26966,12.35000,21.30855,5.06929,1.16825,5.92219,11.83000,20.01656,25.08379,84.89117
56-1,1783321656.075302,2026-07-06T14:07:36.075302,5.08741,1.27787,6.50106,13.03000,22.67926,5.05138,1.27103,6.42048,12.92000,22.18051,5.02220,1.23539,6.20438,12.22000,21.92973,5.07319,1.17020,5.93666,11.85000,20.61094,25.06258,87.40044
56-1,1783321656.175421,2026-07-06T14:07:36.175421,5.08624,1.29936,6.60884,13.25000,23.34093,5.05151,1.26811,6.40585,12.89000,22.82187,5.02541,1.24955,6.27949,12.36000,22.55844,5.07394,1.15555,5.86320,11.70000,21.19796,25.15738,89.91920
56-1,1783321656.275541,2026-07-06T14:07:36.275541,5.09024,1.29936,6.61403,13.25000,24.00313,5.05142,1.27006,6.41560,12.91000,23.46419,5.02541,1.24955,6.27949,12.36000,23.18713,5.07309,1.17215,5.94645,11.87000,21.79332,25.25557,92.44777
56-1,1783321656.375662,2026-07-06T14:07:36.375662,5.08341,1.27787,6.49595,13.03000,24.65351,5.05641,1.24833,6.31206,12.69000,24.09616,5.02524,1.25248,6.29401,12.39000,23.81730,5.06909,1.17215,5.94176,11.87000,22.38821,25.04378,94.95518
56-1,1783321656.475782,2026-07-06T14:07:36.475782,5.08277,1.28959,6.55469,13.15000,25.30977,5.05641,1.24833,6.31206,12.69000,24.72813,5.02671,1.22636,6.16454,12.13000,24.43449,5.07314,1.17118,5.94156,11.86000,22.98308,24.97285,97.45547
56-1,1783321656.575900,2026-07-06T14:07:36.575900,5.08640,1.29643,6.59414,13.22000,25.96996,5.05129,1.27299,6.43023,12.94000,25.37191,5.02124,1.25248,6.28900,12.39000,25.06414,5.07339,1.16630,5.91707,11.81000,23.57549,25.23044,99.98149
56-1,1783321656.676022,2026-07-06T14:07:36.676022,5.08640,1.29643,6.59414,13.22000,26.63017,5.05129,1.27299,6.43023,12.94000,26.01571,5.02524,1.25248,6.29401,12.39000,25.69430,5.07319,1.17020,5.93666,11.85000,24.16988,25.25504,102.51006
56-1,1783321656.776141,2026-07-06T14:07:36.776141,5.09525,1.28080,6.52600,13.06000,27.28355,5.05933,1.27201,6.43553,12.93000,26.66004,5.02890,1.25858,6.32928,12.45000,26.32798,5.07704,1.17313,5.95604,11.88000,24.76619,25.24685,105.03776
56-1,1783321656.876263,2026-07-06T14:07:36.876263,5.07985,1.26981,6.45047,12.95000,27.92939,5.05133,1.27201,6.42535,12.93000,27.30335,5.03026,1.23441,6.20942,12.21000,26.94968,5.06904,1.17313,5.94666,11.88000,25.36158,25.03190,107.54401
56-1,1783321656.976383,2026-07-06T14:07:36.976383,5.07867,1.29154,6.55932,13.17000,28.58611,5.05120,1.27494,6.43998,12.96000,27.94813,5.02106,1.25565,6.30471,12.42000,27.58091,5.06888,1.17631,5.96255,11.91000,25.95855,25.26656,110.07370
56-1,1783321657.076499,2026-07-06T14:07:37.076499,5.08725,1.28080,6.51576,13.06000,29.23844,5.05201,1.25712,6.35097,12.78000,28.58396,5.02906,1.25565,6.31476,12.42000,28.21312,5.06904,1.17313,5.94666,11.88000,26.55391,25.12815,112.58943
56-1,1783321657.176619,2026-07-06T14:07:37.176619,5.09125,1.28080,6.52088,13.06000,29.89131,5.05511,1.27689,6.45484,12.98000,29.23022,5.02112,1.25468,6.29988,12.41000,28.84386,5.07324,1.16923,5.93176,11.84000,27.14780,25.20736,115.11318
56-1,1783321657.276739,2026-07-06T14:07:37.276739,5.08576,1.30815,6.65291,13.34000,30.55739,5.04711,1.27689,6.44463,12.98000,29.87545,5.02231,1.23344,6.19470,12.20000,29.46408,5.07324,1.16923,5.93176,11.84000,27.74168,25.22400,117.63860
56-1,1783321657.376857,2026-07-06T14:07:37.376857,5.08683,1.28861,6.55495,13.14000,31.21366,5.05120,1.27494,6.43998,12.96000,30.52021,5.02084,1.25956,6.32405,12.46000,30.09723,5.06888,1.17631,5.96255,11.91000,28.33864,25.28153,120.16974
56-1,1783321657.476975,2026-07-06T14:07:37.476975,5.08624,1.29936,6.60884,13.25000,31.87533,5.05169,1.26420,6.38634,12.85000,31.15960,5.02884,1.25956,6.33413,12.46000,30.73139,5.06888,1.17631,5.96255,11.91000,28.93560,25.29186,122.70191
56-1,1783321657.577093,2026-07-06T14:07:37.577093,5.08224,1.29936,6.60364,13.25000,32.53647,5.05524,1.27396,6.44020,12.95000,31.80438,5.02095,1.25761,6.31438,12.44000,31.36357,5.07278,1.17826,5.97705,11.93000,29.53401,25.33527,125.23843
56-1,1783321657.677212,2026-07-06T14:07:37.677212,5.08203,1.30326,6.62321,13.29000,33.19958,5.05124,1.27396,6.43511,12.95000,32.44866,5.02072,1.26176,6.33493,12.48000,31.99782,5.06878,1.17826,5.97234,11.93000,30.13196,25.36559,127.77802
56-1,1783321657.777330,2026-07-06T14:07:37.777330,5.08245,1.29545,6.58406,13.21000,33.85876,5.05120,1.27494,6.43998,12.96000,33.09341,5.02992,1.24052,6.23969,12.27000,32.62252,5.07688,1.17631,5.97197,11.91000,30.72986,25.23570,130.30456
56-1,1783321657.877449,2026-07-06T14:07:37.877449,5.08693,1.28666,6.54515,13.12000,34.51406,5.05085,1.28275,6.47899,13.04000,33.74208,5.03392,1.24052,6.24465,12.27000,33.24773,5.08124,1.16923,5.94112,11.84000,31.32468,25.20991,132.82855
56-1,1783321657.977568,2026-07-06T14:07:37.977568,5.07493,1.28666,6.52971,13.12000,35.16780,5.05596,1.25810,6.36088,12.79000,34.37893,5.03279,1.26054,6.34401,12.47000,33.88289,5.08083,1.17728,5.98157,11.92000,31.92354,25.21617,135.35316
56-1,1783321658.077684,2026-07-06T14:07:38.077684,5.09013,1.30131,6.62384,13.27000,35.83096,5.05596,1.25810,6.36088,12.79000,35.01575,5.03261,1.26371,6.35976,12.50000,34.51960,5.07269,1.18021,5.98684,11.95000,32.52292,25.33132,137.88924
56-1,1783321658.177801,2026-07-06T14:07:38.177801,5.09120,1.28178,6.52578,13.07000,36.48430,5.04698,1.27982,6.45925,13.01000,35.66243,5.02466,1.26273,6.34481,12.49000,35.15482,5.07669,1.18021,5.99156,11.95000,33.12278,25.32140,140.42433
56-1,1783321658.277918,2026-07-06T14:07:38.277918,5.08540,1.24149,6.31348,12.66000,37.11638,5.04970,1.21976,6.15944,12.40000,36.27910,5.02066,1.26273,6.33976,12.49000,35.78954,5.07509,1.13285,5.74930,11.47000,33.69838,24.56198,142.88341
57-1,1783321658.378072,2026-07-06T14:07:38.378072,5.09443,1.14920,5.85455,11.72000,0.58636,5.05361,1.22172,6.17408,12.42000,0.61836,5.02061,1.26371,6.34459,12.50000,0.63544,5.07645,1.10599,5.61450,11.20000,0.56232,23.98772,2.40248
57-1,1783321658.478186,2026-07-06T14:07:38.478186,5.09443,1.14920,5.85455,11.72000,1.17248,5.05761,1.22172,6.17897,12.42000,1.23696,5.03706,1.32646,6.68145,13.12000,1.30434,5.06994,1.15555,5.85858,11.70000,1.14884,24.57355,4.86262
57-1,1783321658.578303,2026-07-06T14:07:38.578303,5.08657,1.22001,6.20565,12.44000,1.79377,5.04611,1.03397,5.21751,10.51000,1.75932,5.05282,1.04740,5.29229,10.36000,1.83419,5.06194,1.15555,5.84933,11.70000,1.73446,22.56478,7.12174
57-1,1783321658.678422,2026-07-06T14:07:38.678422,5.08368,1.27299,6.47146,12.98000,2.44169,5.03649,1.24638,6.27737,12.67000,2.38781,5.02638,1.23222,6.19359,12.19000,2.45429,5.07464,1.14164,5.79339,11.56000,2.31449,24.73581,9.59828
57-1,1783321658.778542,2026-07-06T14:07:38.778542,5.08661,1.29252,6.57455,13.18000,3.09993,5.05601,1.25712,6.35600,12.78000,3.02417,5.02238,1.23222,6.18866,12.19000,3.07390,5.07405,1.15336,5.85218,11.68000,2.90041,24.97139,12.09840
57-1,1783321658.878661,2026-07-06T14:07:38.878661,5.08661,1.29252,6.57455,13.18000,3.75817,5.05201,1.25712,6.35097,12.78000,3.66002,5.02375,1.20804,6.06891,11.95000,3.68151,5.07784,1.15751,5.87763,11.72000,3.48887,24.87206,14.58857
57-1,1783321658.978779,2026-07-06T14:07:38.978779,5.08773,1.27201,6.47165,12.97000,4.40610,5.05627,1.25126,6.32671,12.72000,4.29344,5.02655,1.15848,5.82317,11.46000,4.26452,5.07384,1.15751,5.87300,11.72000,4.07686,24.49453,17.04092
57-1,1783321659.078895,2026-07-06T14:07:39.078895,5.08779,1.27103,6.46675,12.96000,5.05352,5.05610,1.25517,6.34624,12.76000,4.92880,5.01792,1.24052,6.22481,12.27000,4.88772,5.07724,1.09037,5.53605,11.04000,4.63111,24.57385,19.50116
57-1,1783321659.179012,2026-07-06T14:07:39.179012,5.08240,1.29643,6.58896,13.22000,5.71319,5.04920,1.23075,6.21431,12.51000,5.55096,5.02592,1.24052,6.23473,12.27000,5.51192,5.07499,1.13480,5.75910,11.49000,5.20769,24.79710,21.98376
57-1,1783321659.279130,2026-07-06T14:07:39.279130,5.08640,1.29643,6.59414,13.22000,6.37338,5.05320,1.23075,6.21923,12.51000,6.17362,5.02192,1.24052,6.22977,12.27000,6.13563,5.06984,1.15751,5.86837,11.72000,5.79522,24.91151,24.47786
57-1,1783321659.379247,2026-07-06T14:07:39.379247,5.07825,1.22587,6.22526,12.50000,6.99664,5.04899,1.14701,5.79123,11.66000,6.75342,5.03094,1.08060,5.43643,10.69000,6.67991,5.07384,1.15751,5.87300,11.72000,6.38321,23.32592,26.81317
57-1,1783321659.479365,2026-07-06T14:07:39.479365,5.07590,1.26884,6.44050,12.94000,7.64144,5.04511,1.23270,6.21913,12.53000,7.37606,5.02604,1.23832,6.22384,12.25000,7.30303,5.07784,1.15751,5.87763,11.72000,6.97167,24.76110,29.29220
57-1,1783321659.579483,2026-07-06T14:07:39.579483,5.08801,1.26688,6.44592,12.92000,8.28680,5.05186,1.26029,6.36683,12.81000,8.01349,5.02204,1.23832,6.21889,12.25000,7.92565,5.07379,1.15848,5.87789,11.73000,7.56015,24.90953,31.78608
57-1,1783321659.679601,2026-07-06T14:07:39.679601,5.08667,1.29154,6.56965,13.17000,8.94454,5.05586,1.26029,6.37187,12.81000,8.65144,5.02724,1.21708,6.11854,12.04000,8.53823,5.07384,1.15751,5.87300,11.72000,8.14814,24.93306,34.28234
57-1,1783321659.779717,2026-07-06T14:07:39.779717,5.08267,1.29154,6.56448,13.17000,9.60175,5.04623,1.20804,6.09607,12.28000,9.26175,5.02980,1.17167,5.89325,11.59000,9.12824,5.07359,1.16239,5.89748,11.77000,8.73858,24.45128,36.73032
57-1,1783321659.879834,2026-07-06T14:07:39.879834,5.08267,1.29154,6.56448,13.17000,10.25897,5.04401,1.25712,6.34092,12.78000,9.89658,5.02175,1.24345,6.24428,12.30000,9.75340,5.07359,1.16239,5.89748,11.77000,9.32901,25.04716,39.23796
57-1,1783321659.979952,2026-07-06T14:07:39.979952,5.08460,1.25614,6.38698,12.81000,10.89842,5.05333,1.22782,6.20459,12.48000,10.51778,5.02175,1.24345,6.24428,12.30000,10.37856,5.06998,1.15458,5.85368,11.69000,9.91507,24.68953,41.70982
57-1,1783321660.080070,2026-07-06T14:07:40.080070,5.08304,1.28471,6.53022,13.10000,11.55221,5.04933,1.22782,6.19968,12.48000,11.13847,5.02364,1.21000,6.07859,11.97000,10.98713,5.06969,1.16044,5.88305,11.75000,10.50407,24.69154,44.18188
57-1,1783321660.180185,2026-07-06T14:07:40.180185,5.08304,1.28471,6.53022,13.10000,12.20598,5.05578,1.26225,6.38163,12.83000,11.77737,5.02677,1.15458,5.80378,11.42000,11.56818,5.07865,1.06253,5.39623,10.76000,11.04431,24.11186,46.59584
57-1,1783321660.280303,2026-07-06T14:07:40.280303,5.08768,1.27299,6.47655,12.98000,12.85440,5.05582,1.26127,6.37675,12.82000,12.41580,5.02209,1.23734,6.21405,12.24000,12.19032,5.07465,1.06253,5.39198,10.76000,11.58415,24.45933,49.04467
57-1,1783321660.380422,2026-07-06T14:07:40.380422,5.08736,1.27885,6.50596,13.04000,13.50577,5.05249,1.24638,6.29731,12.67000,13.04628,5.02609,1.23734,6.21900,12.24000,12.81296,5.07364,1.16141,5.89259,11.76000,12.17411,24.91486,51.53911
57-1,1783321660.480540,2026-07-06T14:07:40.480540,5.08373,1.27201,6.46657,12.97000,14.15319,5.05249,1.24638,6.29731,12.67000,13.67675,5.02581,1.24247,6.24441,12.29000,13.43814,5.07424,1.14945,5.83259,11.64000,12.75806,24.84088,54.02614
57-1,1783321660.580661,2026-07-06T14:07:40.580661,5.08773,1.27201,6.47165,12.97000,14.80114,5.05160,1.26615,6.39609,12.87000,14.31713,5.02558,1.24638,6.26377,12.33000,14.06527,5.07349,1.16434,5.90728,11.79000,13.34950,25.03879,56.53304
57-1,1783321660.680779,2026-07-06T14:07:40.680779,5.08331,1.27982,6.50574,13.05000,15.45248,5.05320,1.23075,6.21923,12.51000,14.93979,5.02204,1.23832,6.21889,12.25000,14.68789,5.07034,1.14750,5.81820,11.62000,13.93200,24.76206,59.01216
57-1,1783321660.780898,2026-07-06T14:07:40.780898,5.08283,1.28861,6.54980,13.14000,16.10824,5.04764,1.26518,6.38615,12.86000,15.57917,5.03004,1.23832,6.22879,12.25000,15.31151,5.07034,1.14750,5.81820,11.62000,14.51452,24.98294,61.51344
57-1,1783321660.881016,2026-07-06T14:07:40.881016,5.08725,1.28080,6.51576,13.06000,16.76058,5.05564,1.26518,6.39627,12.86000,16.21955,5.02558,1.24638,6.26377,12.33000,15.93863,5.06924,1.16923,5.92709,11.84000,15.10792,25.10289,64.02669
57-1,1783321660.981134,2026-07-06T14:07:40.981134,5.08725,1.28080,6.51576,13.06000,17.41293,5.05658,1.24442,6.29253,12.65000,16.84954,5.02586,1.24149,6.23957,12.28000,16.56332,5.06929,1.16825,5.92219,11.83000,15.70084,24.97005,66.52664
57-1,1783321661.081253,2026-07-06T14:07:41.081253,5.08256,1.29350,6.57427,13.19000,18.07114,5.05569,1.26420,6.39139,12.85000,17.48944,5.02564,1.24540,6.25893,12.32000,17.18996,5.07794,1.15555,5.86782,11.70000,16.28832,25.09241,69.03886
57-1,1783321661.181370,2026-07-06T14:07:41.181370,5.08235,1.29740,6.59385,13.23000,18.73130,5.05032,1.20609,6.09115,12.26000,18.09927,5.02964,1.24540,6.26391,12.32000,17.81709,5.06994,1.15555,5.85858,11.70000,16.87487,24.80749,71.52252
57-1,1783321661.281488,2026-07-06T14:07:41.281488,5.08272,1.29057,6.55959,13.16000,19.38803,5.05432,1.20609,6.09597,12.26000,18.70959,5.02558,1.24638,6.26377,12.33000,18.44421,5.07039,1.14652,5.81330,11.61000,17.45689,24.73263,73.99871
57-1,1783321661.381609,2026-07-06T14:07:41.381609,5.09115,1.28275,6.53069,13.08000,20.04189,5.05254,1.24540,6.29243,12.66000,19.33959,5.02524,1.25248,6.29401,12.39000,19.07436,5.06914,1.17118,5.93687,11.86000,18.05129,25.05400,76.50713
57-1,1783321661.481727,2026-07-06T14:07:41.481727,5.08315,1.28275,6.52043,13.08000,20.69470,5.05142,1.27006,6.41560,12.91000,19.98191,5.02609,1.23734,6.21900,12.24000,19.69700,5.06919,1.17020,5.93198,11.85000,18.64519,25.08701,79.01879
57-1,1783321661.581846,2026-07-06T14:07:41.581846,5.08672,1.29057,6.56475,13.16000,21.35195,5.05285,1.23856,6.25827,12.59000,20.60848,5.02209,1.23734,6.21405,12.24000,20.31914,5.07319,1.17020,5.93666,11.85000,19.23956,24.97373,81.51913
57-1,1783321661.681963,2026-07-06T14:07:41.681963,5.08597,1.30424,6.63333,13.30000,22.01606,5.05685,1.23856,6.26323,12.59000,21.23554,5.02530,1.25150,6.28917,12.38000,20.94879,5.07015,1.15140,5.83778,11.66000,19.82402,25.02351,84.02441
57-1,1783321661.782080,2026-07-06T14:07:41.782080,5.08725,1.28080,6.51576,13.06000,22.66841,5.05138,1.27103,6.42048,12.92000,21.87834,5.02666,1.22733,6.16938,12.14000,21.56646,5.06924,1.16923,5.92709,11.84000,20.41742,25.03271,86.53063
57-1,1783321661.882200,2026-07-06T14:07:41.882200,5.07925,1.28080,6.50551,13.06000,23.31974,5.05480,1.19535,6.04226,12.15000,22.48329,5.02484,1.25956,6.32909,12.46000,22.20013,5.07374,1.15946,5.88279,11.74000,21.00641,24.75965,89.00956
57-1,1783321661.982319,2026-07-06T14:07:41.982319,5.08603,1.30326,6.62843,13.29000,23.98336,5.05863,1.19926,6.06659,12.19000,23.09067,5.03215,1.20096,6.04343,11.88000,22.80518,5.06974,1.15946,5.87815,11.74000,21.59492,24.61660,91.47414
57-1,1783321662.082438,2026-07-06T14:07:42.082438,5.08683,1.28861,6.55495,13.14000,24.63964,5.05063,1.19926,6.05699,12.19000,23.69709,5.02415,1.20096,6.03382,11.88000,23.40929,5.07940,1.12674,5.72318,11.41000,22.16792,24.36894,93.91394
57-1,1783321662.182555,2026-07-06T14:07:42.182555,5.08731,1.27982,6.51086,13.05000,25.29149,5.05129,1.27299,6.43023,12.94000,24.34087,5.02278,1.22514,6.15359,12.12000,24.02537,5.07329,1.16825,5.92687,11.83000,22.76130,25.02155,96.41903
57-1,1783321662.282673,2026-07-06T14:07:42.282673,5.09931,1.27982,6.52621,13.05000,25.94488,5.05241,1.24833,6.30707,12.69000,24.97232,5.02420,1.19999,6.02898,11.87000,24.62898,5.07564,1.12186,5.69416,11.36000,23.33139,24.55642,98.87757
57-1,1783321662.382792,2026-07-06T14:07:42.382792,5.08588,1.15922,5.89563,11.82000,26.53514,5.05524,1.27396,6.44020,12.95000,25.61710,5.01712,1.25468,6.29486,12.41000,25.25921,5.06504,1.17313,5.94196,11.88000,23.92629,24.57265,101.33774
57-1,1783321662.482910,2026-07-06T14:07:42.482910,5.08677,1.28959,6.55985,13.15000,27.19191,5.05124,1.27396,6.43511,12.95000,26.26137,5.01712,1.25468,6.29486,12.41000,25.88944,5.07304,1.17313,5.95135,11.88000,24.52213,25.24117,103.86485
57-1,1783321662.583029,2026-07-06T14:07:42.583029,5.09122,1.20804,6.15042,12.32000,27.80768,5.05498,1.27982,6.46949,13.01000,26.90909,5.01849,1.23026,6.17406,12.17000,26.50758,5.07719,1.17020,5.94134,11.85000,25.11697,24.73531,106.34131
57-1,1783321662.683147,2026-07-06T14:07:42.683147,5.07488,1.28764,6.53460,13.13000,28.46191,5.05520,1.27494,6.44508,12.96000,27.55436,5.01695,1.25761,6.30935,12.44000,27.13926,5.07683,1.17728,5.97686,11.92000,25.71536,25.26589,108.87090
57-1,1783321662.783265,2026-07-06T14:07:42.783265,5.07888,1.28764,6.53975,13.13000,29.11666,5.04724,1.27396,6.43001,12.95000,28.19812,5.03324,1.25248,6.30403,12.39000,27.77041,5.07299,1.17411,5.95624,11.89000,26.31169,25.23003,111.39687
57-1,1783321662.883384,2026-07-06T14:07:42.883384,5.07856,1.29350,6.56910,13.19000,29.77435,5.05124,1.27396,6.43511,12.95000,28.84240,5.02924,1.25248,6.29902,12.39000,28.40106,5.07299,1.17411,5.95624,11.89000,26.90802,25.25947,113.92582
57-1,1783321662.983503,2026-07-06T14:07:42.983503,5.07877,1.28959,6.54954,13.15000,30.43008,5.05352,1.22367,6.18384,12.44000,29.46152,5.02479,1.26054,6.33393,12.47000,29.03521,5.07288,1.17631,5.96726,11.91000,27.50546,25.03457,116.43227
58-1,1783321663.083649,2026-07-06T14:07:43.083649,5.09413,1.30131,6.62904,13.27000,0.66387,5.04988,1.21586,6.13993,12.36000,0.61489,5.02660,1.22831,6.17422,12.15000,0.61832,5.07429,1.14847,5.82769,11.63000,0.58362,24.77088,2.48069
58-1,1783321663.183764,2026-07-06T14:07:43.183764,5.08213,1.30131,6.61343,13.27000,1.32597,5.04163,1.39799,7.04816,14.21000,1.32051,5.02186,1.24149,6.23460,12.28000,1.24250,5.06894,1.25419,6.35740,12.70000,1.22009,26.25359,5.10906
58-1,1783321663.283880,2026-07-06T14:07:43.283880,5.07947,1.27689,6.48594,13.02000,1.97532,5.06860,1.15580,5.85827,11.75000,1.90702,5.02186,1.24149,6.23460,12.28000,1.86668,5.07694,1.25419,6.36743,12.70000,1.85757,24.94624,7.60660
58-1,1783321663.383998,2026-07-06T14:07:43.383998,5.07936,1.27885,6.49573,13.04000,2.62566,5.05260,1.15580,5.83977,11.75000,2.49169,5.02638,1.23222,6.19359,12.19000,2.48677,5.07584,1.11795,5.67456,11.32000,2.42570,24.20365,10.02982
58-1,1783321663.484118,2026-07-06T14:07:43.484118,5.09115,1.28275,6.53069,13.08000,3.27951,5.04961,1.22172,6.16920,12.42000,3.10934,5.02764,1.21000,6.08343,11.97000,3.09584,5.07389,1.15653,5.86810,11.71000,3.01321,24.65142,12.49790
58-1,1783321663.584235,2026-07-06T14:07:43.584235,5.08315,1.28275,6.52043,13.08000,3.93232,5.04810,1.25517,6.33619,12.76000,3.74371,5.02231,1.23344,6.19470,12.20000,3.71604,5.07464,1.14164,5.79339,11.56000,3.59323,24.84471,14.98530
58-1,1783321663.684355,2026-07-06T14:07:43.684355,5.08688,1.28764,6.55005,13.13000,4.58811,5.05214,1.25419,6.33634,12.75000,4.37810,5.03031,1.23344,6.20457,12.20000,4.33724,5.07398,1.15458,5.85830,11.69000,4.17976,24.94926,17.48320
58-1,1783321663.784472,2026-07-06T14:07:43.784472,5.08773,1.27201,6.47165,12.97000,5.23603,5.05214,1.25419,6.33634,12.75000,5.01247,5.02231,1.23344,6.19470,12.20000,4.95743,5.07398,1.15458,5.85830,11.69000,4.76627,24.86099,19.97221
58-1,1783321663.884591,2026-07-06T14:07:43.884591,5.08373,1.27201,6.46657,12.97000,5.88346,5.05289,1.23759,6.25339,12.58000,5.63856,5.02369,1.20902,6.07375,11.96000,5.56554,5.07094,1.13578,5.75945,11.50000,5.34291,24.55316,22.43046
58-1,1783321663.984709,2026-07-06T14:07:43.984709,5.07973,1.27201,6.46148,12.97000,6.53037,5.05236,1.24931,6.31194,12.70000,6.27050,5.02552,1.24760,6.26982,12.34000,6.19326,5.06974,1.15946,5.87815,11.74000,5.93142,24.92139,24.92554
58-1,1783321664.084829,2026-07-06T14:07:44.084829,5.08373,1.27201,6.46657,12.97000,7.17780,5.05191,1.25932,6.36195,12.80000,6.90746,5.02952,1.24760,6.27481,12.34000,6.82149,5.07439,1.14652,5.81789,11.61000,6.51390,24.92122,27.42065
58-1,1783321664.184947,2026-07-06T14:07:44.184947,5.08076,1.25321,6.36727,12.78000,7.81528,5.05591,1.25932,6.36698,12.80000,7.54491,5.02998,1.23930,6.23364,12.26000,7.44559,5.07439,1.14652,5.81789,11.61000,7.09638,24.78578,29.90216
58-1,1783321664.285076,2026-07-06T14:07:44.285076,5.07979,1.27103,6.45658,12.96000,8.46177,5.05267,1.24247,6.27779,12.63000,8.17350,5.03175,1.20804,6.07858,11.95000,8.05423,5.07769,1.16044,5.89233,11.75000,7.68637,24.70528,32.37587
58-1,1783321664.385194,2026-07-06T14:07:44.385194,5.08412,1.26493,6.43106,12.90000,9.10563,5.05205,1.25614,6.34609,12.77000,8.80885,5.02586,1.24149,6.23957,12.28000,8.67892,5.07824,1.14945,5.83718,11.64000,8.27078,24.85390,34.86418
58-1,1783321664.485312,2026-07-06T14:07:44.485312,5.08412,1.26493,6.43106,12.90000,9.74950,5.05939,1.09403,5.53511,11.12000,9.36302,5.02586,1.24149,6.23957,12.28000,9.30362,5.07780,1.07938,5.48086,10.93000,8.81951,23.68660,37.23564
58-1,1783321664.585430,2026-07-06T14:07:44.585430,5.08801,0.97366,4.95400,9.93000,10.24548,5.05539,1.09403,5.53074,11.12000,9.91674,5.03681,0.97659,4.91891,9.66000,9.79609,5.06980,1.07938,5.47223,10.93000,9.36738,20.87588,39.32569
58-1,1783321664.685549,2026-07-06T14:07:44.685549,5.09436,0.85720,4.36690,8.74000,10.68269,5.05635,0.89627,4.53184,9.11000,10.37047,5.04315,0.86428,4.35871,8.55000,10.23248,5.07856,0.82766,4.20333,8.38000,9.78821,17.46078,41.07385
58-1,1783321664.785666,2026-07-06T14:07:44.785666,5.07356,1.23856,6.28392,12.63000,11.31182,5.04263,1.19926,6.04740,12.19000,10.97592,5.01431,1.16263,5.82980,11.50000,10.81614,5.07245,1.10599,5.61008,11.20000,10.34988,23.77120,43.45376
58-1,1783321664.885784,2026-07-06T14:07:44.885784,5.09356,1.23856,6.30869,12.63000,11.94344,5.04778,1.26225,6.37153,12.83000,11.61382,5.03031,1.16263,5.84841,11.50000,11.40167,5.06969,1.16044,5.88305,11.75000,10.93888,24.41168,45.89781
58-1,1783321664.985848,2026-07-06T14:07:44.985848,5.08331,1.27982,6.50574,13.05000,12.59442,5.05178,1.26225,6.37658,12.83000,12.25188,5.02758,1.21097,6.08827,11.98000,12.01089,5.06964,1.16141,5.88794,11.76000,11.52804,24.85853,48.38524
58-1,1783321665.085965,2026-07-06T14:07:45.085965,5.08235,1.29740,6.59385,13.23000,13.25458,5.05311,1.23270,6.22899,12.53000,12.87551,5.02964,1.24540,6.26391,12.32000,12.63801,5.07764,1.16141,5.89723,11.76000,12.11846,24.98398,50.88657
58-1,1783321665.186084,2026-07-06T14:07:45.186084,5.08341,1.27787,6.49595,13.03000,13.90495,5.05164,1.26518,6.39121,12.86000,13.51539,5.03009,1.23734,6.22395,12.24000,13.26114,5.07424,1.07059,5.43243,10.84000,12.66235,24.54354,53.34383
58-1,1783321665.286203,2026-07-06T14:07:45.286203,5.07851,1.29447,6.57399,13.03000,14.56313,5.05982,1.26127,6.38179,12.82000,14.15433,5.02535,1.25053,6.28433,12.37000,13.89033,5.06939,1.16630,5.91241,11.81000,13.25429,25.15252,55.86208
58-1,1783321665.386321,2026-07-06T14:07:45.386321,5.08251,1.29447,6.57917,13.20000,15.22182,5.05182,1.26127,6.37170,12.82000,14.79225,5.02935,1.25053,6.28934,12.37000,14.52000,5.07794,1.15555,5.86782,11.70000,13.84177,25.10803,58.37585
58-1,1783321665.486439,2026-07-06T14:07:45.486439,5.08806,1.26591,6.44102,12.91000,15.86669,5.05555,1.26713,6.40604,12.88000,15.43362,5.02181,1.24247,6.23944,12.29000,15.14469,5.07394,1.15555,5.86320,11.70000,14.42878,24.94970,60.87377
58-1,1783321665.586557,2026-07-06T14:07:45.586557,5.08640,1.29643,6.59414,13.22000,16.52688,5.05555,1.26713,6.40604,12.88000,16.07497,5.02124,1.25248,6.28900,12.39000,15.77432,5.07334,1.16727,5.92197,11.82000,15.02167,25.21115,63.39785
58-1,1783321665.686675,2026-07-06T14:07:45.686675,5.08608,1.30229,6.62353,13.28000,17.19001,5.05160,1.26615,6.39609,12.87000,16.71534,5.02998,1.23930,6.23364,12.26000,16.39843,5.07398,1.15458,5.85830,11.69000,15.60820,25.11156,65.91197
58-1,1783321665.786793,2026-07-06T14:07:45.786793,5.09008,1.30229,6.62874,13.28000,17.85367,5.05960,1.26615,6.40622,12.87000,17.35672,5.02598,1.23930,6.22868,12.26000,17.02203,5.06524,1.16923,5.92241,11.84000,16.20114,25.18605,68.43356
58-1,1783321665.886910,2026-07-06T14:07:45.886910,5.08635,1.29740,6.59904,13.23000,18.51435,5.04760,1.26615,6.39103,12.87000,17.99657,5.02952,1.24760,6.27481,12.34000,17.65025,5.06924,1.16923,5.92709,11.84000,16.79454,25.19197,70.95570
58-1,1783321665.987029,2026-07-06T14:07:45.987029,5.08715,1.28275,6.52556,13.08000,19.16767,5.04760,1.26615,6.39103,12.87000,18.63643,5.03038,1.23222,6.19852,12.19000,18.27083,5.07344,1.16532,5.91217,11.80000,17.38646,25.02728,73.46139
58-1,1783321666.087146,2026-07-06T14:07:46.087146,5.09077,1.28959,6.56501,13.15000,19.82495,5.05560,1.26615,6.40116,12.87000,19.27730,5.02569,1.24442,6.25409,12.31000,18.89698,5.07415,1.15140,5.84238,11.66000,17.97138,25.06264,75.97060
58-1,1783321666.187263,2026-07-06T14:07:46.187263,5.09077,1.28959,6.56501,13.15000,20.48221,5.05160,1.26615,6.39609,12.87000,19.91765,5.02169,1.24442,6.24911,12.31000,19.52262,5.06924,1.16923,5.92709,11.84000,18.56478,25.13730,78.48726
58-1,1783321666.287381,2026-07-06T14:07:46.287381,5.08677,1.28959,6.55985,13.15000,21.13897,5.05524,1.27396,6.44020,12.95000,20.56243,5.02324,1.21708,6.11367,12.04000,20.13470,5.07314,1.17118,5.94156,11.86000,19.15964,25.05528,80.99575
58-1,1783321666.387500,2026-07-06T14:07:46.387500,5.08613,1.30131,6.61863,13.27000,21.80162,5.05560,1.26615,6.40116,12.87000,21.20331,5.02130,1.25150,6.28417,12.38000,20.76387,5.07314,1.17118,5.94156,11.86000,19.75450,25.24552,83.52330
58-1,1783321666.487619,2026-07-06T14:07:46.487619,5.09077,1.28959,6.56501,13.15000,22.45891,5.05155,1.26713,6.40097,12.88000,21.84417,5.02135,1.25053,6.27933,12.37000,21.39255,5.07015,1.15140,5.83778,11.66000,20.33898,25.08309,86.03460
58-1,1783321666.587737,2026-07-06T14:07:46.587737,5.08677,1.28959,6.55985,13.15000,23.11567,5.05555,1.26713,6.40604,12.88000,22.48553,5.02935,1.25053,6.28934,12.37000,22.02223,5.06919,1.17020,5.93198,11.85000,20.93288,25.18721,88.55630
58-1,1783321666.687856,2026-07-06T14:07:46.687856,5.07877,1.28959,6.54954,13.15000,23.77140,5.04570,1.13138,5.70862,11.50000,23.05707,5.02854,1.12308,5.64746,11.11000,22.58765,5.07699,1.17411,5.96094,11.89000,21.52968,23.86656,90.94580
58-1,1783321666.787975,2026-07-06T14:07:46.787975,5.07899,1.28568,6.52997,13.11000,24.42517,5.03938,1.27103,6.40522,12.92000,23.69835,5.02141,1.24955,6.27450,12.36000,23.21584,5.06899,1.17411,5.95155,11.89000,22.12554,25.16124,93.46491
59-1,1783321666.888119,2026-07-06T14:07:46.888119,5.08220,1.22684,6.23506,12.51000,0.62441,5.05254,1.24540,6.29243,12.66000,0.63015,5.02735,1.21512,6.10886,12.02000,0.61177,5.06949,1.16434,5.90262,11.79000,0.59111,24.53897,2.45744
59-1,1783321666.988237,2026-07-06T14:07:46.988237,5.07418,1.37382,6.97101,14.01000,1.32233,5.05254,1.24540,6.29243,12.66000,1.26014,5.02735,1.21512,6.10886,12.02000,1.22337,5.06523,1.24833,6.32308,12.64000,1.22417,25.69538,5.03000
59-1,1783321667.088356,2026-07-06T14:07:47.088356,5.09018,1.37382,6.99299,14.01000,2.02246,5.04382,1.26127,6.36161,12.82000,1.89705,5.01860,1.22831,6.16440,12.15000,1.84055,5.09331,0.85232,4.34113,8.63000,1.65880,23.86013,7.41885
59-1,1783321667.188476,2026-07-06T14:07:47.188476,5.09170,1.19926,6.10625,12.23000,2.63381,5.04913,1.14408,5.77659,11.63000,2.47540,5.02454,1.12308,5.64297,11.11000,2.40552,5.09331,0.85232,4.34113,8.63000,2.09343,21.86694,9.60816
59-1,1783321667.288593,2026-07-06T14:07:47.288593,5.11149,0.83645,4.27551,8.53000,3.06187,5.06430,0.89724,4.54392,9.12000,2.93033,5.04720,0.86331,4.35729,8.54000,2.84176,5.08661,0.82669,4.20502,8.37000,2.51442,17.38174,11.34838
59-1,1783321667.388712,2026-07-06T14:07:47.388712,5.08340,1.05814,5.37894,10.79000,3.60040,5.06430,0.89724,4.54392,9.12000,3.38526,5.04320,0.86331,4.35384,8.54000,3.27766,5.08665,0.82571,4.20010,8.36000,2.93493,18.47680,13.19825
59-1,1783321667.488829,2026-07-06T14:07:47.488829,5.09540,1.05814,5.39163,10.79000,4.14020,5.05285,1.23856,6.25827,12.59000,4.01182,5.02380,1.20707,6.06407,11.94000,3.88478,5.06254,1.14359,5.78947,11.58000,3.51456,23.50344,15.55136
59-1,1783321667.588948,2026-07-06T14:07:47.588948,5.08870,1.25419,6.38219,12.79000,4.77917,5.05338,1.22684,6.19971,12.47000,4.63253,5.02266,1.22733,6.16447,12.14000,4.50196,5.06994,1.15555,5.85858,11.70000,4.10111,24.60495,18.01478
59-1,1783321667.689067,2026-07-06T14:07:47.689067,5.08763,1.27396,6.48145,12.99000,5.42809,5.04764,1.26518,6.38615,12.86000,5.27191,5.02620,1.23539,6.20932,12.22000,5.12363,5.07394,1.15555,5.86320,11.70000,4.68813,24.94012,20.51176
59-1,1783321667.789186,2026-07-06T14:07:47.789186,5.08704,1.28471,6.53536,13.10000,6.08240,5.05564,1.26518,6.39627,12.86000,5.91229,5.03420,1.23539,6.21920,12.22000,5.74629,5.07389,1.15653,5.86810,11.71000,5.27564,25.01893,23.01662
59-1,1783321667.889304,2026-07-06T14:07:47.889304,5.08304,1.28471,6.53022,13.10000,6.73619,5.05601,1.25712,6.35600,12.78000,6.54864,5.02700,1.22123,6.13912,12.08000,6.36092,5.07484,1.13773,5.77380,11.52000,5.85370,24.79914,25.49946
59-1,1783321667.989423,2026-07-06T14:07:47.989423,5.08502,1.24833,6.34778,12.73000,7.37173,5.05711,1.23270,6.23392,12.53000,7.17277,5.02678,1.22514,6.15849,12.12000,6.97750,5.06974,1.15946,5.87815,11.74000,6.44221,24.61834,27.96421
59-1,1783321668.089540,2026-07-06T14:07:48.089540,5.08768,1.27299,6.47655,12.98000,8.02014,5.04823,1.25224,6.32157,12.73000,7.80567,5.02655,1.22929,6.17906,12.16000,7.59614,5.06974,1.15946,5.87815,11.74000,7.03072,24.85533,30.45267
59-1,1783321668.189658,2026-07-06T14:07:48.189658,5.08790,1.26884,6.45572,12.94000,8.66648,5.05623,1.25224,6.33159,12.73000,8.43958,5.02655,1.22929,6.17906,12.16000,8.21477,5.07489,1.13675,5.76890,11.51000,7.60829,24.73527,32.92912
59-1,1783321668.289776,2026-07-06T14:07:48.289776,5.09077,1.28959,6.56501,13.15000,9.32375,5.05201,1.25712,6.35097,12.78000,9.07543,5.02351,1.21220,6.08948,11.99000,8.82444,5.07364,1.16141,5.89259,11.76000,8.19824,24.89805,35.42186
59-1,1783321668.389895,2026-07-06T14:07:48.389895,5.08277,1.28959,6.55469,13.15000,9.98000,5.05329,1.22880,6.20947,12.49000,9.69711,5.02564,1.24540,6.25893,12.32000,9.45108,5.07474,1.13968,5.78360,11.54000,8.77729,24.80669,37.90548
59-1,1783321668.490015,2026-07-06T14:07:48.490015,5.08390,1.26884,6.45065,12.94000,10.62584,5.05160,1.26615,6.39609,12.87000,10.33749,5.02592,1.24052,6.23473,12.27000,10.07530,5.07474,1.13968,5.78360,11.54000,9.35634,24.86507,40.39496
59-1,1783321668.590132,2026-07-06T14:07:48.590132,5.08277,1.28959,6.55469,13.15000,11.28208,5.05560,1.26615,6.40116,12.87000,10.97836,5.02660,1.22831,6.17422,12.15000,10.69344,5.07359,1.16239,5.89748,11.77000,9.94679,25.02755,42.90066
59-1,1783321668.690251,2026-07-06T14:07:48.690251,5.08433,1.26102,6.41147,12.86000,11.92399,5.05182,1.26127,6.37170,12.82000,11.61628,5.02660,1.22831,6.17422,12.15000,11.31160,5.07454,1.14359,5.80319,11.58000,10.52779,24.76058,45.37966
59-1,1783321668.790369,2026-07-06T14:07:48.790369,5.08033,1.26102,6.40642,12.86000,12.56538,5.05619,1.16483,5.88960,11.84000,12.20594,5.02957,1.17582,5.91385,11.63000,11.90368,5.07504,1.13382,5.75420,11.48000,11.10389,23.96407,47.77889
59-1,1783321668.890487,2026-07-06T14:07:48.890487,5.07947,1.27689,6.48594,13.02000,13.21474,5.05699,1.14701,5.80041,11.66000,12.78666,5.03300,1.11502,5.61191,11.03000,12.46553,5.08304,1.13382,5.76327,11.48000,11.68090,23.66153,50.14783
59-1,1783321668.990605,2026-07-06T14:07:48.990605,5.07936,1.27885,6.49573,13.04000,13.86508,5.06099,1.14701,5.80500,11.66000,13.36785,5.02124,1.25248,6.28900,12.39000,13.09518,5.06969,1.16044,5.88305,11.75000,12.26990,24.47278,52.59801
59-1,1783321669.090724,2026-07-06T14:07:49.090724,5.07899,1.28568,6.52997,13.11000,14.51886,5.04764,1.26518,6.38615,12.86000,14.00722,5.03324,1.25248,6.30403,12.39000,13.72633,5.07339,1.16630,5.91707,11.81000,12.86231,25.13722,55.11473
59-1,1783321669.190844,2026-07-06T14:07:49.190844,5.08699,1.28568,6.54026,13.11000,15.17366,5.04836,1.24931,6.30695,12.70000,14.63867,5.02604,1.23832,6.22384,12.25000,14.34946,5.07434,1.14750,5.82279,11.62000,13.44528,24.89384,57.60708
59-1,1783321669.290962,2026-07-06T14:07:49.290962,5.07973,1.27201,6.46148,12.97000,15.82058,5.05716,1.23173,6.22904,12.52000,15.26231,5.02889,1.18778,5.97322,11.75000,14.94749,5.07010,1.15238,5.84267,11.67000,14.03024,24.50641,60.06062
59-1,1783321669.391079,2026-07-06T14:07:49.391079,5.07931,1.27982,6.50062,13.05000,16.47140,5.05316,1.23173,6.22411,12.52000,15.88545,5.02638,1.23222,6.19359,12.19000,15.56757,5.07410,1.15238,5.84728,11.67000,14.61566,24.76560,62.54007
59-1,1783321669.491196,2026-07-06T14:07:49.491196,5.08261,1.29252,6.56938,13.18000,17.12911,5.05160,1.26615,6.39609,12.87000,16.52581,5.02638,1.23222,6.19359,12.19000,16.18766,5.07339,1.16630,5.91707,11.81000,15.20806,25.07613,65.05063
59-1,1783321669.591316,2026-07-06T14:07:49.591316,5.08741,1.27787,6.50106,13.03000,17.77999,5.05258,1.24442,6.28755,12.65000,17.15532,5.02558,1.24638,6.26377,12.33000,16.81478,5.07398,1.15458,5.85830,11.69000,15.79459,24.91068,67.54467
59-1,1783321669.691433,2026-07-06T14:07:49.691433,5.08341,1.27787,6.49595,13.03000,18.43035,5.05151,1.26811,6.40585,12.89000,17.79665,5.02604,1.23832,6.22384,12.25000,17.43790,5.07329,1.16825,5.92687,11.83000,16.38797,25.05251,70.05287
59-1,1783321669.791553,2026-07-06T14:07:49.791553,5.08267,1.29154,6.56448,13.17000,19.08758,5.05951,1.26811,6.41599,12.89000,18.43902,5.02535,1.25053,6.28433,12.37000,18.06708,5.07329,1.16825,5.92687,11.83000,16.98136,25.19167,72.57504
59-1,1783321669.891670,2026-07-06T14:07:49.891670,5.08320,1.28178,6.51553,13.07000,19.73990,5.05227,1.25126,6.32170,12.72000,19.07193,5.02135,1.25053,6.27933,12.37000,18.69575,5.07324,1.16923,5.93176,11.84000,17.57524,25.04832,75.08283
59-1,1783321669.991790,2026-07-06T14:07:49.991790,5.08779,1.27103,6.46675,12.96000,20.38735,5.05164,1.26518,6.39121,12.86000,19.71182,5.02946,1.24857,6.27965,12.35000,19.32447,5.07415,1.15140,5.84238,11.66000,18.16017,24.97999,77.58380
59-1,1783321670.091908,2026-07-06T14:07:50.091908,5.08779,1.27103,6.46675,12.96000,21.03479,5.05241,1.24833,6.30707,12.69000,20.34327,5.02941,1.24955,6.28449,12.36000,19.95366,5.06914,1.17118,5.93687,11.86000,18.75457,24.99518,80.08629
59-1,1783321670.192028,2026-07-06T14:07:50.192028,5.08619,1.30033,6.61373,13.26000,21.69695,5.05241,1.24833,6.30707,12.69000,20.97473,5.02130,1.25150,6.28417,12.38000,20.58283,5.06914,1.17118,5.93687,11.86000,19.34896,25.14184,82.60348
59-1,1783321670.292145,2026-07-06T14:07:50.292145,5.08587,1.30619,6.64312,13.32000,22.36204,5.05524,1.27396,6.44020,12.95000,21.61951,5.03330,1.25150,6.29918,12.38000,21.21349,5.07309,1.17215,5.94645,11.87000,19.94430,25.32895,85.13934
60-1,1783321670.392263,2026-07-06T14:07:50.392263,5.08672,1.29057,6.56475,13.16000,0.65725,5.05263,1.24345,6.28267,12.64000,0.62901,5.02620,1.23539,6.20932,12.22000,0.62166,5.07364,1.16141,5.89259,11.76000,0.58995,24.94933,2.49787
60-1,1783321670.492383,2026-07-06T14:07:50.492383,5.08672,1.29057,6.56475,13.16000,1.31451,5.04907,1.32206,6.67518,13.44000,1.29732,5.02655,1.22929,6.17906,12.16000,1.24031,5.07074,1.21854,6.17892,12.34000,1.20858,25.59791,5.06073
60-1,1783321670.592501,2026-07-06T14:07:50.592501,5.08976,1.30815,6.65815,13.34000,1.98111,5.04830,1.33891,6.75922,13.44000,1.97405,5.02175,1.31425,6.59984,13.00000,1.90107,5.07348,1.24345,6.30860,12.59000,1.84019,26.32581,7.69643
60-1,1783321670.692620,2026-07-06T14:07:50.692620,5.08467,1.40141,7.12571,14.29000,2.69453,5.06030,1.33891,6.77528,13.61000,2.65238,5.02975,1.31425,6.61035,13.00000,2.56289,5.08148,1.24345,6.31855,12.59000,2.47280,26.82989,10.38260
60-1,1783321670.792737,2026-07-06T14:07:50.792737,5.10265,1.07181,5.46907,10.93000,3.24208,5.05707,0.88040,4.45223,8.95000,3.09813,5.03062,0.80276,4.03838,7.94000,2.96721,5.08311,0.81668,4.15125,8.27000,2.88841,18.11093,12.19582
60-1,1783321670.892856,2026-07-06T14:07:50.892856,5.08801,1.26688,6.44592,10.93000,3.88743,5.03982,1.26127,6.35657,12.82000,3.73453,5.01049,1.15946,5.80946,11.47000,3.54884,5.06605,1.15336,5.84295,11.68000,3.47340,24.45490,14.64421
60-1,1783321670.992974,2026-07-06T14:07:50.992974,5.08401,1.26688,6.44085,12.92000,4.53228,5.05596,1.25810,6.36088,12.79000,4.37138,5.02638,1.23222,6.19359,12.19000,4.16893,5.06998,1.15458,5.85368,11.69000,4.05946,24.84900,17.13205
60-1,1783321671.093092,2026-07-06T14:07:51.093092,5.09488,1.28764,6.56035,13.13000,5.18909,5.04796,1.25810,6.35082,12.79000,5.00721,5.02638,1.23222,6.19359,12.19000,4.78902,5.07398,1.15458,5.85830,11.69000,4.64598,24.96306,19.63130
61-1,1783321671.193234,2026-07-06T14:07:51.193234,5.09472,1.29057,6.57508,13.16000,0.65844,5.04880,1.23954,6.25819,12.60000,0.62671,5.03124,1.21708,6.12341,12.04000,0.61321,5.07354,1.16337,5.90238,11.78000,0.59107,24.85906,2.48943
61-1,1783321671.293351,2026-07-06T14:07:51.293351,5.08128,1.31693,6.69172,13.43000,1.32840,5.04399,1.34574,6.78793,13.68000,1.30630,5.02621,1.30619,6.56519,12.92000,1.27050,5.06913,1.25028,6.33785,12.66000,1.22560,26.38269,5.13080
61-1,1783321671.393468,2026-07-06T14:07:51.393468,5.08928,1.31693,6.70225,13.43000,1.99940,5.07755,0.86966,4.41572,8.84000,1.74838,5.03979,0.99466,5.01288,9.84000,1.77237,5.08071,0.86404,4.38994,8.75000,1.66511,20.52079,7.18527
61-1,1783321671.493585,2026-07-06T14:07:51.493585,5.08883,1.10526,5.62447,11.27000,2.56251,5.05755,0.86966,4.39833,8.84000,2.18873,5.02779,0.99466,5.00094,9.84000,2.27305,5.07271,0.86404,4.38303,8.75000,2.10392,19.40677,9.12821
61-1,1783321671.593704,2026-07-06T14:07:51.593704,5.07952,1.27592,6.48105,13.01000,3.21139,5.05178,1.26225,6.37658,12.83000,2.82715,5.02226,1.23441,6.19954,12.21000,2.89374,5.07798,1.15458,5.86292,11.69000,2.69092,24.92009,11.62319
61-1,1783321671.693822,2026-07-06T14:07:51.693822,5.08801,1.26688,6.44592,12.92000,3.85674,5.05191,1.25932,6.36195,12.80000,3.46409,5.02764,1.21000,6.08343,11.97000,3.50280,5.07005,1.15336,5.84757,11.68000,3.27636,24.73887,14.10000
61-1,1783321671.793940,2026-07-06T14:07:51.793940,5.08401,1.26688,6.44085,12.92000,4.50159,5.05254,1.24540,6.29243,12.66000,4.09408,5.02655,1.22929,6.17906,12.16000,4.12144,5.07019,1.15043,5.83288,11.65000,3.86034,24.74522,16.57745
61-1,1783321671.894058,2026-07-06T14:07:51.894058,5.08715,1.28275,6.52556,13.08000,5.15491,5.05254,1.24540,6.29243,12.66000,4.72407,5.03004,1.23832,6.22879,12.25000,4.74505,5.07379,1.15848,5.87789,11.73000,4.44882,24.92467,19.07285
61-1,1783321671.994177,2026-07-06T14:07:51.994177,5.08801,1.26688,6.44592,12.92000,5.80027,5.04911,1.23270,6.22406,12.53000,5.34721,5.02604,1.23832,6.22384,12.25000,5.36818,5.06979,1.15848,5.87326,11.73000,5.03684,24.76708,21.55250
61-1,1783321672.094294,2026-07-06T14:07:52.094294,5.08465,1.25517,6.38208,12.80000,6.43923,5.04769,1.26420,6.38128,12.85000,5.98609,5.02255,1.22929,6.17415,12.16000,5.98632,5.07484,1.13773,5.77380,11.52000,5.61490,24.71131,24.02653
61-1,1783321672.194412,2026-07-06T14:07:52.194412,5.08465,1.25517,6.38208,12.80000,7.07819,5.05591,1.25932,6.36698,12.80000,6.62354,5.02289,1.22318,6.14391,12.10000,6.60143,5.07364,1.16141,5.89259,11.76000,6.20486,24.78556,26.50801
61-1,1783321672.294530,2026-07-06T14:07:52.294530,5.08613,1.30131,6.61863,13.27000,7.74083,5.05191,1.25932,6.36195,12.80000,7.26048,5.03004,1.23832,6.22879,12.25000,7.22505,5.07398,1.15458,5.85830,11.69000,6.79138,25.06767,29.01774
61-1,1783321672.394647,2026-07-06T14:07:52.394647,5.09077,1.28959,6.56501,13.15000,8.39810,5.04911,1.23270,6.22406,12.53000,7.88362,5.02604,1.23832,6.22384,12.25000,7.84816,5.06998,1.15458,5.85368,11.69000,7.37743,24.86659,31.50731
61-1,1783321672.494765,2026-07-06T14:07:52.494765,5.09136,1.27885,6.51107,13.04000,9.04997,5.04755,1.26713,6.39590,12.88000,8.52396,5.02671,1.22636,6.16454,12.13000,8.46534,5.07364,1.16141,5.89259,11.76000,7.96738,24.96410,34.00665
61-1,1783321672.594883,2026-07-06T14:07:52.594883,5.08304,1.28471,6.53022,13.10000,9.70377,5.05155,1.26713,6.40097,12.88000,9.16482,5.02598,1.23930,6.22868,12.26000,9.08894,5.07354,1.16337,5.90238,11.78000,8.55832,25.06225,36.51585
61-1,1783321672.695002,2026-07-06T14:07:52.695002,5.08304,1.28471,6.53022,13.10000,10.35756,5.05155,1.26713,6.40097,12.88000,9.80567,5.02998,1.23930,6.23364,12.26000,9.71305,5.06969,1.16044,5.88305,11.75000,9.14732,25.04788,39.02360
61-1,1783321672.795120,2026-07-06T14:07:52.795120,5.09109,1.28373,6.53559,13.09000,11.01190,5.05716,1.23173,6.22904,12.52000,10.42931,5.02598,1.23930,6.22868,12.26000,10.33665,5.07769,1.16044,5.89233,11.75000,9.73725,24.88564,41.51511
61-1,1783321672.895238,2026-07-06T14:07:52.895238,5.09361,1.23759,6.30378,12.62000,11.64302,5.05636,1.24931,6.31694,12.70000,11.06175,5.02991,1.16971,5.88355,11.57000,10.92570,5.07540,1.12674,5.71867,11.41000,10.30980,24.22294,43.94027
61-1,1783321672.995358,2026-07-06T14:07:52.995358,5.09045,1.29545,6.59443,13.21000,12.30325,5.05173,1.26322,6.38146,12.84000,11.70066,5.02724,1.21708,6.11854,12.04000,11.53828,5.07359,1.16239,5.89748,11.77000,10.90025,24.99191,46.44244
61-1,1783321673.095475,2026-07-06T14:07:53.095475,5.08245,1.29545,6.58406,13.21000,12.96243,5.05173,1.26322,6.38146,12.84000,12.33956,5.02141,1.24955,6.27450,12.36000,12.16647,5.06929,1.16825,5.92219,11.83000,11.49316,25.16221,48.96163
61-1,1783321673.195593,2026-07-06T14:07:53.195593,5.08624,1.29936,6.60884,13.25000,13.62409,5.04751,1.26811,6.40077,12.89000,12.98038,5.02941,1.24955,6.28449,12.36000,12.79566,5.07344,1.16532,5.91217,11.80000,12.08507,25.20627,51.48521
62-1,1783321673.295731,2026-07-06T14:07:53.295731,5.09111,1.21000,6.16024,12.34000,0.61687,5.04929,1.22880,6.20455,12.49000,0.62131,5.01986,1.20609,6.05441,11.93000,0.60628,5.06544,1.16532,5.90285,11.80000,0.59110,24.32205,2.43556
62-1,1783321673.395847,2026-07-06T14:07:53.395847,5.07924,1.35429,6.87877,13.81000,1.30555,5.05441,1.20414,6.08620,12.24000,1.23064,5.01148,1.35453,6.78822,13.40000,1.28589,5.08108,1.25126,6.35775,12.67000,1.22761,26.11094,5.04969
62-1,1783321673.495965,2026-07-06T14:07:53.495965,5.08324,1.35429,6.88418,13.81000,1.99478,5.04641,1.20414,6.07657,12.24000,1.83901,5.05129,1.14530,5.78523,11.33000,1.86509,5.09670,0.94314,4.80692,9.55000,1.70887,23.55290,7.40776
62-1,1783321673.596084,2026-07-06T14:07:53.596084,5.08752,1.27592,6.49126,13.01000,2.64468,5.05232,1.25028,6.31682,12.71000,2.47144,5.03129,1.14530,5.76233,11.33000,2.44201,5.07054,1.14359,5.79862,11.58000,2.28942,24.36903,9.84756
62-1,1783321673.696202,2026-07-06T14:07:53.696202,5.08433,1.26102,6.41147,12.86000,3.28658,5.05311,1.23270,6.22899,12.53000,3.09508,5.02329,1.21610,6.10883,12.03000,3.05362,5.07054,1.14359,5.79862,11.58000,2.86997,24.54791,12.30525
62-1,1783321673.796320,2026-07-06T14:07:53.796320,5.08240,1.29643,6.58896,13.22000,3.94626,5.05298,1.23563,6.24363,12.56000,3.72018,5.02318,1.21805,6.11851,12.05000,3.66619,5.07364,1.16141,5.89259,11.76000,3.45993,24.84369,14.79255
62-1,1783321673.896438,2026-07-06T14:07:53.896438,5.09120,1.28178,6.52578,13.07000,4.59961,5.05298,1.23563,6.24363,12.56000,4.34528,5.01838,1.23222,6.18373,12.19000,4.28529,5.07429,1.14847,5.82769,11.63000,4.04338,24.78083,17.27356
62-1,1783321673.996557,2026-07-06T14:07:53.996557,5.08320,1.28178,6.51553,13.07000,5.25193,5.05618,1.25321,6.33647,12.74000,4.97968,5.03038,1.23222,6.19852,12.19000,4.90588,5.06964,1.16141,5.88794,11.76000,4.63287,24.93846,19.77036
62-1,1783321674.096676,2026-07-06T14:07:54.096676,5.09152,1.27592,6.49636,13.01000,5.90234,5.05601,1.25712,6.35600,12.78000,5.61604,5.02620,1.23539,6.20932,12.22000,5.52755,5.07764,1.16141,5.89723,11.76000,5.22330,24.95891,22.26924
62-1,1783321674.196795,2026-07-06T14:07:54.196795,5.09157,1.27494,6.49146,13.00000,6.55226,5.05333,1.22782,6.20459,12.48000,6.23724,5.02729,1.21610,6.11370,12.03000,6.13965,5.07374,1.15946,5.88279,11.74000,5.81228,24.69254,24.74143
62-1,1783321674.296914,2026-07-06T14:07:54.296914,5.08796,1.26786,6.45082,12.93000,7.19811,5.05333,1.22782,6.20459,12.48000,6.85843,5.01826,1.23441,6.19460,12.21000,6.75985,5.07424,1.14945,5.83259,11.64000,6.39623,24.68260,27.21262
62-1,1783321674.397032,2026-07-06T14:07:54.397032,5.07996,1.26786,6.44068,12.93000,7.84294,5.04667,1.19828,6.04732,12.18000,7.46388,5.02626,1.23441,6.20448,12.21000,7.38103,5.07954,1.04495,5.30789,10.58000,6.92765,24.00037,29.61550
62-1,1783321674.497150,2026-07-06T14:07:54.497150,5.09415,1.15433,5.88034,11.77000,8.43167,5.04529,1.22880,6.19964,12.49000,8.08458,5.02774,1.13724,5.71776,11.25000,7.95348,5.06564,1.16141,5.88329,11.76000,7.51668,23.68103,31.98640
62-1,1783321674.597270,2026-07-06T14:07:54.597270,5.08619,1.30033,6.61373,13.26000,9.09383,5.04755,1.26713,6.39590,12.88000,8.72493,5.02186,1.24149,6.23460,12.28000,8.57769,5.07364,1.16141,5.89259,11.76000,8.10664,25.13682,34.50309
62-1,1783321674.697388,2026-07-06T14:07:54.697388,5.09061,1.29252,6.57972,13.18000,9.75258,5.05555,1.26713,6.40604,12.88000,9.36629,5.03084,1.22416,6.15854,12.11000,9.19427,5.06994,1.15555,5.85858,11.70000,8.69319,25.00288,37.00633
62-1,1783321674.797504,2026-07-06T14:07:54.797504,5.09061,1.29252,6.57972,13.18000,10.41132,5.05169,1.26420,6.38634,12.85000,10.00567,5.02284,1.22416,6.14875,12.11000,9.80986,5.07219,1.11112,5.63580,11.25000,9.25742,24.75061,39.48426
62-1,1783321674.897621,2026-07-06T14:07:54.897621,5.08662,1.21903,6.20075,12.43000,11.03212,5.05160,1.26615,6.39609,12.87000,10.64602,5.02517,1.18290,5.94426,11.70000,10.40497,5.07344,1.16532,5.91217,11.80000,9.84933,24.45327,41.93244
62-1,1783321674.997739,2026-07-06T14:07:54.997739,5.08245,1.29545,6.58406,13.21000,11.69130,5.05227,1.25126,6.32170,12.72000,11.27894,5.02671,1.22636,6.16454,12.13000,11.02216,5.07744,1.16532,5.91684,11.80000,10.44171,24.98714,44.43411
62-1,1783321675.097857,2026-07-06T14:07:55.097857,5.09372,1.23563,6.29397,12.60000,12.32144,5.04827,1.25126,6.31670,12.72000,11.91135,5.02791,1.20511,6.05921,11.92000,11.62879,5.07584,1.11795,5.67456,11.32000,11.00984,24.34444,46.87143
62-1,1783321675.197978,2026-07-06T14:07:55.197978,5.08629,1.29838,6.60394,13.24000,12.98263,5.04782,1.26127,6.36666,12.82000,12.54879,5.02558,1.24638,6.26377,12.33000,12.25593,5.07369,1.16044,5.88769,11.75000,11.59932,25.12206,49.38667
62-1,1783321675.298096,2026-07-06T14:07:55.298096,5.08629,1.29838,6.60394,13.24000,13.64381,5.05205,1.16776,5.89959,11.87000,13.13945,5.02958,1.24638,6.26875,12.33000,12.88355,5.07765,1.08231,5.49558,10.96000,12.14953,24.26786,51.81633
62-1,1783321675.398215,2026-07-06T14:07:55.398215,5.08768,1.27299,6.47655,12.98000,14.29223,5.04338,1.27103,6.41031,12.92000,13.78124,5.02546,1.24857,6.27466,12.35000,13.51176,5.07365,1.08231,5.49125,10.96000,12.69930,24.65277,54.28453
62-1,1783321675.498333,2026-07-06T14:07:55.498333,5.08619,1.30033,6.61373,13.26000,14.95439,5.05138,1.27103,6.42048,12.92000,14.42405,5.02631,1.23344,6.19964,12.20000,14.13245,5.07334,1.16727,5.92197,11.82000,13.29220,25.15582,56.80309
62-1,1783321675.598451,2026-07-06T14:07:55.598451,5.08935,1.16898,5.94936,11.92000,15.55002,5.05155,1.26713,6.40097,12.88000,15.06490,5.03089,1.15238,5.79749,11.40000,14.71289,5.07374,1.15946,5.88279,11.74000,13.88117,24.03061,59.20898
62-1,1783321675.698571,2026-07-06T14:07:55.698571,5.08535,1.16898,5.94468,11.92000,16.14521,5.05311,1.23270,6.22899,12.53000,15.68855,5.02689,1.15238,5.79288,11.40000,15.29287,5.06934,1.16727,5.91730,11.82000,14.47361,23.88385,61.60024
62-1,1783321675.798689,2026-07-06T14:07:55.798689,5.08315,1.28275,6.52043,13.08000,16.79802,5.04755,1.26713,6.39590,12.88000,16.32889,5.03089,1.22318,6.15370,12.10000,15.90897,5.06934,1.16727,5.91730,11.82000,15.06604,24.98733,64.10192
62-1,1783321675.898808,2026-07-06T14:07:55.898808,5.08609,1.22880,6.24977,12.53000,17.42374,5.05555,1.26713,6.40604,12.88000,16.97025,5.03009,1.23734,6.22395,12.24000,16.53210,5.06794,1.11600,5.65583,11.30000,15.63230,24.53559,66.55838
62-1,1783321675.998925,2026-07-06T14:07:55.998925,5.08731,1.27982,6.51086,13.05000,18.07559,5.05938,1.27103,6.43065,12.92000,17.61407,5.02146,1.24857,6.26966,12.35000,17.15980,5.07729,1.16825,5.93154,11.83000,16.22615,25.14271,69.07561
62-1,1783321676.099044,2026-07-06T14:07:56.099044,5.09131,1.27982,6.51598,13.05000,18.72796,5.05978,1.26225,6.38668,12.83000,18.25350,5.02546,1.24857,6.27466,12.35000,17.78801,5.07719,1.17020,5.94134,11.85000,16.82099,25.11866,71.59046
62-1,1783321676.199162,2026-07-06T14:07:56.199162,5.08277,1.28959,6.55469,13.15000,19.38420,5.05111,1.27689,6.44974,12.98000,18.89923,5.02226,1.23441,6.19954,12.21000,18.40870,5.07314,1.17118,5.94156,11.86000,17.41584,25.14553,74.10797
62-1,1783321676.299279,2026-07-06T14:07:56.299279,5.08261,1.29252,6.56938,13.18000,20.04191,5.05511,1.27689,6.45484,12.98000,19.54548,5.02130,1.25150,6.28417,12.38000,19.03785,5.07314,1.17118,5.94156,11.86000,18.01070,25.24995,76.63593
62-1,1783321676.399399,2026-07-06T14:07:56.399399,5.08779,1.27103,6.46675,12.96000,20.68936,5.05151,1.26811,6.40585,12.89000,20.18683,5.02271,1.22636,6.15963,12.13000,19.65455,5.07024,1.14945,5.82799,11.64000,18.59420,24.86022,79.12494
62-1,1783321676.499516,2026-07-06T14:07:56.499516,5.09061,1.29252,6.57972,12.96000,21.34810,5.05111,1.27689,6.44974,12.98000,20.83256,5.02671,1.22636,6.16454,12.13000,20.27173,5.06909,1.17215,5.94176,11.87000,19.18907,25.13576,81.64146
62-1,1783321676.599635,2026-07-06T14:07:56.599635,5.08261,1.29252,6.56938,13.18000,22.00582,5.05555,1.26713,6.40604,12.88000,21.47392,5.02924,1.25248,6.29902,12.39000,20.90238,5.07304,1.17313,5.95135,11.88000,19.78491,25.22579,84.16702
62-1,1783321676.699752,2026-07-06T14:07:56.699752,5.08261,1.29252,6.56938,13.18000,22.66353,5.05155,1.26713,6.40097,12.88000,22.11477,5.03015,1.23637,6.21911,12.23000,21.52502,5.07304,1.17313,5.95135,11.88000,20.38074,25.14081,86.68406
62-1,1783321676.799871,2026-07-06T14:07:56.799871,5.08288,1.28764,6.54490,13.13000,23.31879,5.05124,1.27396,6.43511,12.95000,22.75904,5.02512,1.25468,6.30490,12.41000,22.15626,5.06994,1.15555,5.85858,11.70000,20.96729,25.14349,89.20139
62-1,1783321676.899990,2026-07-06T14:07:56.899990,5.08635,1.29740,6.59904,13.23000,23.97948,5.05218,1.25321,6.33146,12.74000,23.39294,5.02512,1.25468,6.30490,12.41000,22.78750,5.06914,1.17118,5.93687,11.86000,21.56169,25.17227,91.72161
62-1,1783321677.000108,2026-07-06T14:07:57.000108,5.08635,1.29740,6.59904,13.23000,24.64017,5.05502,1.27885,6.46461,13.00000,24.04017,5.02890,1.25858,6.32928,12.45000,23.42117,5.07288,1.17631,5.96726,11.91000,22.15912,25.36019,94.26062
62-1,1783321677.100226,2026-07-06T14:07:57.100226,5.08693,1.28666,6.54515,13.12000,25.29545,5.05902,1.27885,6.46972,13.00000,24.68790,5.03751,1.10599,5.57144,10.94000,23.97897,5.08088,1.17631,5.97667,11.91000,22.75749,24.56298,96.71982
62-1,1783321677.200345,2026-07-06T14:07:57.200345,5.11064,0.85208,4.35466,8.69000,25.73144,5.06426,0.89822,4.54882,9.13000,25.14333,5.04720,0.86331,4.35729,8.54000,24.41522,5.08656,0.82766,4.20995,8.38000,23.17898,17.47072,98.46897
62-1,1783321677.300461,2026-07-06T14:07:57.300461,5.07661,1.18265,6.00387,12.06000,26.33253,5.06136,0.96219,4.86998,9.78000,25.63089,5.03120,0.86331,4.34348,8.54000,24.85007,5.08051,0.86795,4.40961,8.79000,23.62046,19.62694,100.43395
62-1,1783321677.400578,2026-07-06T14:07:57.400578,5.08461,1.18265,6.01333,12.06000,26.93456,5.04751,1.26811,6.40077,12.89000,26.27172,5.03078,1.22514,6.16339,12.12000,25.46713,5.06504,1.17313,5.94196,11.88000,24.21535,24.51945,102.88876
62-1,1783321677.500697,2026-07-06T14:07:57.500697,5.08272,1.29057,6.55959,13.16000,27.59130,5.05551,1.26811,6.41092,12.89000,26.91357,5.02906,1.25565,6.31476,12.42000,26.09936,5.07319,1.17020,5.93666,11.85000,24.80972,25.22193,105.41394
62-1,1783321677.600814,2026-07-06T14:07:57.600814,5.09770,1.01590,5.17876,10.36000,28.10978,5.05280,1.23954,6.26315,12.60000,27.54062,5.05920,0.86331,4.36765,8.54000,26.53664,5.08119,1.17020,5.94602,11.85000,25.40502,21.75558,107.59206
62-1,1783321677.700933,2026-07-06T14:07:57.700933,5.09443,0.85598,4.36074,8.73000,28.54638,5.06830,0.89724,4.54751,9.12000,27.99591,5.04720,0.86331,4.35729,8.54000,26.97288,5.08251,0.82864,4.21156,8.39000,25.82668,17.47710,109.34185
62-1,1783321677.801050,2026-07-06T14:07:57.801050,5.09043,0.85598,4.35732,8.73000,28.98262,5.04386,1.26029,6.35674,12.81000,28.63233,5.03417,0.88162,4.43822,8.72000,27.41722,5.06819,1.11112,5.63135,11.25000,26.39047,20.78363,111.42264
62-1,1783321677.901169,2026-07-06T14:07:57.901169,5.08333,1.20609,6.13096,12.30000,29.59644,5.05986,1.26029,6.37691,12.81000,29.27078,5.03086,0.94021,4.73009,9.30000,27.89080,5.09861,0.82669,4.21494,8.37000,26.81247,21.45290,113.57049
62-1,1783321678.001287,2026-07-06T14:07:58.001287,5.09139,0.83840,4.26864,8.55000,30.02381,5.06430,0.89724,4.54392,9.12000,29.72571,5.04320,0.86331,4.35384,8.54000,28.32669,5.08261,0.82669,4.20172,8.37000,27.23313,17.36812,115.30934
62-1,1783321678.101405,2026-07-06T14:07:58.101405,5.06704,1.28471,6.50966,13.10000,30.67555,5.05348,1.13627,5.74209,11.55000,30.30060,5.03520,0.86331,4.34693,8.54000,28.76190,5.07600,0.95706,4.85804,9.69000,27.71951,21.45672,117.45756
62-1,1783321678.201524,2026-07-06T14:07:58.201524,5.08677,1.28959,6.55985,13.15000,31.33231,5.05120,1.27494,6.43998,12.96000,30.94536,5.02506,1.25565,6.30974,12.42000,29.39362,5.06494,1.17508,5.95174,11.90000,28.31539,25.26131,119.98668
62-1,1783321678.301643,2026-07-06T14:07:58.301643,5.09077,1.28959,6.56501,13.15000,31.98959,5.06320,1.27494,6.45528,12.96000,31.59165,5.02112,1.25468,6.29988,12.41000,30.02436,5.06488,1.17631,5.95785,11.91000,28.91189,25.27802,122.51749
62-1,1783321678.401762,2026-07-06T14:07:58.401762,5.09093,1.28666,6.55030,13.12000,32.64540,5.05907,1.27787,6.46484,12.99000,32.23891,5.02517,1.18290,5.94426,11.70000,30.61949,5.08088,1.17631,5.97667,11.91000,29.51026,24.93607,125.01407
62-1,1783321678.501880,2026-07-06T14:07:58.501880,5.09061,1.29252,6.57972,13.18000,33.30415,5.05107,1.27787,6.45461,12.99000,32.88513,5.02101,1.25663,6.30955,12.43000,31.25120,5.06878,1.17826,5.97234,11.93000,30.10821,25.31622,127.54868
62-1,1783321678.601999,2026-07-06T14:07:58.601999,5.09030,1.22489,6.23506,12.49000,33.92840,5.05436,1.20511,6.09109,12.25000,33.49496,5.02101,1.25663,6.30955,12.43000,31.88290,5.06869,1.18021,5.98212,11.95000,30.70713,24.61782,130.01338
62-1,1783321678.702117,2026-07-06T14:07:58.702117,5.08630,1.22489,6.23017,12.49000,34.55215,5.05102,1.27885,6.45949,12.25000,34.14168,5.01706,1.25565,6.29969,12.42000,32.51361,5.06899,1.17411,5.95155,11.89000,31.30299,24.94090,132.51043
62-1,1783321678.802236,2026-07-06T14:07:58.802236,5.08677,1.28959,6.55985,13.15000,35.20892,5.06702,1.27885,6.47995,13.00000,34.79044,5.01718,1.25346,6.28882,12.40000,33.14324,5.06864,1.18119,5.98701,11.96000,31.90240,25.31563,135.04500
62-1,1783321678.902354,2026-07-06T14:07:58.902354,5.08528,1.31693,6.69698,13.43000,35.87940,5.05511,1.27689,6.45484,12.98000,35.43668,5.02090,1.25858,6.31922,12.45000,33.77591,5.06864,1.18119,5.98701,11.96000,32.50180,25.45805,137.59380
62-1,1783321679.002472,2026-07-06T14:07:59.002472,5.09376,1.30815,6.66338,13.34000,36.54653,5.05502,1.27885,6.46461,13.00000,36.08391,5.02890,1.25858,6.32928,12.45000,34.40959,5.07273,1.17924,5.98195,11.94000,33.10071,25.43922,140.14074
62-1,1783321679.102591,2026-07-06T14:07:59.102591,5.08176,1.30815,6.64768,13.34000,37.21209,5.04302,1.27885,6.44926,13.00000,36.72960,5.02490,1.25858,6.32425,12.45000,35.04276,5.07294,1.17508,5.96114,11.90000,33.69753,25.38233,142.68198
63-1,1783321679.202743,2026-07-06T14:07:59.202743,5.09056,1.29350,6.58462,13.19000,0.65946,5.05902,1.27885,6.46972,13.00000,0.64796,5.02871,1.19095,5.98897,11.78000,0.59981,5.08629,1.06961,5.44036,10.83000,0.54486,24.48367,2.45209
63-1,1783321679.302858,2026-07-06T14:07:59.302858,5.09117,1.20902,6.15533,12.33000,1.27571,5.05218,1.25321,6.33146,12.74000,1.28183,5.01793,1.31108,6.57889,12.97000,1.25846,5.07029,1.06961,5.42325,10.83000,1.08781,24.48893,4.90381
63-1,1783321679.402977,2026-07-06T14:07:59.402977,5.08458,1.32987,6.76185,13.56000,1.95269,5.04710,1.36552,6.89192,13.88000,1.97184,5.02193,1.31108,6.58413,12.97000,1.91765,5.07348,1.24345,6.30860,12.59000,1.71942,26.54650,7.56160
63-1,1783321679.503094,2026-07-06T14:07:59.503094,5.09928,1.13358,5.78044,11.56000,2.53141,5.08052,0.98074,4.98269,9.97000,2.47069,5.02545,1.03616,5.20719,10.25000,2.43898,5.09621,0.79495,4.05122,8.05000,2.12502,20.02154,9.56610
63-1,1783321679.603212,2026-07-06T14:07:59.603212,5.08728,1.13358,5.76684,11.56000,3.10878,5.06452,0.98074,4.96699,9.97000,2.96798,5.01386,1.24149,6.22467,12.28000,3.06218,5.05864,1.14164,5.77513,11.56000,2.70321,22.73363,11.84215
63-1,1783321679.703330,2026-07-06T14:07:59.703330,5.08417,1.26395,6.42616,12.89000,3.75215,5.04791,1.25932,6.35691,12.80000,3.60442,5.03020,1.23539,6.21426,12.22000,3.68434,5.07464,1.14164,5.79339,11.56000,3.28324,24.79072,14.32415
63-1,1783321679.803449,2026-07-06T14:07:59.803449,5.08299,1.28568,6.53511,13.11000,4.40644,5.04907,1.23368,6.22894,12.54000,4.22805,5.02620,1.23539,6.20932,12.22000,4.30601,5.07384,1.15751,5.87300,11.72000,3.87123,24.84637,16.81173
63-1,1783321679.903565,2026-07-06T14:07:59.903565,5.08699,1.28568,6.54026,13.11000,5.06123,5.04463,1.24345,6.27272,12.64000,4.85606,5.02369,1.20902,6.07375,11.96000,4.91409,5.07464,1.14164,5.79339,11.56000,4.45125,24.68012,19.28263
63-1,1783321680.003683,2026-07-06T14:08:00.003683,5.08299,1.28568,6.53511,13.11000,5.71551,5.05263,1.24345,6.28267,12.64000,5.48506,5.02209,1.23734,6.21405,12.24000,5.53623,5.07374,1.15946,5.88279,11.74000,5.04022,24.91462,21.77702
63-1,1783321680.103801,2026-07-06T14:08:00.103801,5.08828,1.26200,6.42141,12.87000,6.35841,5.05614,1.25419,6.34135,12.75000,6.11995,5.02604,1.23832,6.22384,12.25000,6.15935,5.07769,1.16044,5.89233,11.75000,5.63015,24.87893,24.26785
63-1,1783321680.203918,2026-07-06T14:08:00.203918,5.08779,1.27103,6.46675,12.96000,7.00584,5.05627,1.25126,6.32671,12.72000,6.75336,5.02204,1.23832,6.21889,12.25000,6.78196,5.06969,1.16044,5.88305,11.75000,6.21914,24.89540,26.76031
63-1,1783321680.304036,2026-07-06T14:08:00.304036,5.09254,1.25712,6.40193,12.82000,7.64679,5.05254,1.24540,6.29243,12.66000,7.38335,5.02786,1.20609,6.06406,11.93000,7.38909,5.07379,1.15848,5.87789,11.73000,6.80763,24.63631,29.22685
63-1,1783321680.404153,2026-07-06T14:08:00.404153,5.08854,1.25712,6.39690,12.82000,8.28722,5.05254,1.24540,6.29243,12.66000,8.01332,5.02609,1.23734,6.21900,12.24000,8.01171,5.07364,1.16141,5.89259,11.76000,7.39757,24.80092,31.70982
63-1,1783321680.504270,2026-07-06T14:08:00.504270,5.08725,1.28080,6.51576,13.06000,8.93956,5.05173,1.26322,6.38146,12.84000,8.65221,5.03409,1.23734,6.22890,12.24000,8.63533,5.06969,1.16044,5.88305,11.75000,7.98656,25.00917,34.21366
63-1,1783321680.604387,2026-07-06T14:08:00.604387,5.08860,1.25614,6.39200,12.81000,9.57951,5.05232,1.25028,6.31682,12.71000,9.28464,5.02209,1.23734,6.21405,12.24000,9.25746,5.07369,1.16044,5.88769,11.75000,8.57602,24.81056,36.69763
63-1,1783321680.704504,2026-07-06T14:08:00.704504,5.08336,1.27885,6.50084,13.04000,10.23036,5.04810,1.25517,6.33619,12.76000,9.91900,5.02244,1.23124,6.18382,12.18000,9.87657,5.06949,1.16434,5.90262,11.79000,9.16698,24.92347,39.19290
63-1,1783321680.804622,2026-07-06T14:08:00.804622,5.09525,1.28080,6.52600,13.06000,10.88373,5.05210,1.25517,6.34122,12.76000,10.55387,5.02655,1.15848,5.82317,11.46000,10.45957,5.07465,1.06253,5.39198,10.76000,9.70681,24.08237,41.60398
63-1,1783321680.904740,2026-07-06T14:08:00.904740,5.08725,1.28080,6.51576,13.06000,11.53607,5.05555,1.26713,6.40604,12.88000,11.19523,5.02581,1.24247,6.24441,12.29000,11.08475,5.06544,1.16532,5.90285,11.80000,10.29779,25.06906,44.11385
63-1,1783321681.004858,2026-07-06T14:08:01.004858,5.09083,1.28861,6.56011,13.14000,12.19286,5.05555,1.26713,6.40604,12.88000,11.83659,5.02581,1.24247,6.24441,12.29000,11.70993,5.06944,1.16532,5.90751,11.80000,10.88924,25.11807,46.62861
63-1,1783321681.104976,2026-07-06T14:08:01.104976,5.09152,1.27592,6.49636,13.01000,12.84326,5.05210,1.25517,6.34122,12.76000,12.47146,5.03415,1.23637,6.22405,12.23000,12.33307,5.07074,1.13968,5.77904,11.54000,11.46783,24.84067,49.11561
63-1,1783321681.205094,2026-07-06T14:08:01.205094,5.09432,1.15116,5.86437,11.74000,13.43039,5.05210,1.25517,6.34122,12.76000,13.10633,5.03358,1.24638,6.27374,12.33000,12.96118,5.06944,1.16532,5.90751,11.80000,12.05927,24.38684,51.55718
63-1,1783321681.305211,2026-07-06T14:08:01.305211,5.09032,1.15116,5.85977,11.74000,14.01705,5.05645,1.15897,5.86028,11.78000,13.69304,5.02946,1.24857,6.27965,12.35000,13.58988,5.06949,1.16434,5.90262,11.79000,12.65023,23.90232,53.95021
63-1,1783321681.405330,2026-07-06T14:08:01.405330,5.08796,1.26786,6.45082,12.93000,14.66290,5.05205,1.25614,6.34609,12.77000,14.32840,5.03346,1.24857,6.28464,12.35000,14.21909,5.07359,1.16239,5.89748,11.77000,13.24067,24.97903,56.45107
63-1,1783321681.505447,2026-07-06T14:08:01.505447,5.08736,1.27885,6.50596,13.04000,15.31426,5.05151,1.26811,6.40585,12.89000,14.96974,5.02586,1.24149,6.23957,12.28000,14.84378,5.07359,1.16239,5.89748,11.77000,13.83111,25.04886,58.95889
63-1,1783321681.605565,2026-07-06T14:08:01.605565,5.08576,1.30815,6.65291,13.34000,15.98033,5.05551,1.26811,6.41092,12.89000,15.61159,5.02918,1.25346,6.30386,12.40000,15.47491,5.07334,1.16727,5.92197,11.82000,14.42401,25.28966,61.49084
63-1,1783321681.705683,2026-07-06T14:08:01.705683,5.08576,1.30815,6.65291,13.34000,16.64641,5.04836,1.24931,6.30695,12.70000,16.24303,5.02952,1.24760,6.27481,12.34000,16.10313,5.07434,1.14750,5.82279,11.62000,15.00698,25.05746,63.99955
63-1,1783321681.805801,2026-07-06T14:08:01.805801,5.08240,1.29643,6.58896,13.22000,17.30609,5.04742,1.27006,6.41052,12.91000,16.88484,5.02512,1.25468,6.30490,12.41000,16.73437,5.06929,1.16825,5.92219,11.83000,15.59990,25.22657,66.52519
63-1,1783321681.905921,2026-07-06T14:08:01.905921,5.08325,1.28080,6.51063,13.06000,17.95793,5.05267,1.24247,6.27779,12.63000,17.51337,5.02912,1.25468,6.30992,12.41000,17.36612,5.07329,1.16825,5.92687,11.83000,16.19329,25.02521,69.03071
63-1,1783321682.006039,2026-07-06T14:08:02.006039,5.08385,1.26981,6.45555,12.95000,18.60424,5.04867,1.24247,6.27282,12.63000,18.14139,5.02964,1.24540,6.26391,12.32000,17.99324,5.07714,1.17118,5.94624,11.86000,16.78861,24.93852,71.52749
63-1,1783321682.106158,2026-07-06T14:08:02.106158,5.08773,1.27201,6.47165,12.95000,19.25218,5.05388,1.21586,6.14479,12.36000,18.75660,5.02964,1.24540,6.26391,12.32000,18.62038,5.07869,1.14066,5.79306,11.55000,17.36861,24.67341,73.99776
63-1,1783321682.206276,2026-07-06T14:08:02.206276,5.08773,1.27201,6.47165,12.97000,19.90011,5.05142,1.27006,6.41560,12.91000,19.39892,5.02506,1.25565,6.30974,12.42000,19.25210,5.07354,1.16337,5.90238,11.78000,17.95955,25.09937,76.51067
63-1,1783321682.306394,2026-07-06T14:08:02.306394,5.08208,1.30229,6.61832,13.28000,20.56272,5.05258,1.24442,6.28755,12.65000,20.02842,5.03306,1.25565,6.31978,12.42000,19.88482,5.07354,1.16337,5.90238,11.78000,18.55048,25.12803,79.02644
63-1,1783321682.406514,2026-07-06T14:08:02.406514,5.08299,1.28568,6.53511,13.11000,21.21701,5.05258,1.24442,6.28755,12.65000,20.65792,5.02198,1.23930,6.22372,12.26000,20.50794,5.06909,1.17215,5.94176,11.87000,19.14537,24.98814,81.52825
63-1,1783321682.506632,2026-07-06T14:08:02.506632,5.08368,1.27299,6.47146,12.98000,21.86492,5.04720,1.27494,6.43488,12.96000,21.30217,5.02118,1.25346,6.29384,12.40000,21.13807,5.06888,1.17631,5.96255,11.91000,19.74233,25.16273,84.04749
63-1,1783321682.606750,2026-07-06T14:08:02.606750,5.08768,1.27299,6.47655,12.98000,22.51335,5.04845,1.24735,6.29720,12.68000,21.93264,5.02289,1.22318,6.14391,12.10000,21.75319,5.07329,1.16825,5.92687,11.83000,20.33572,24.84453,86.53489
63-1,1783321682.706867,2026-07-06T14:08:02.706867,5.08304,1.28471,6.53022,13.10000,23.16713,5.05533,1.27201,6.43044,12.93000,22.57643,5.02289,1.22318,6.14391,12.10000,22.36830,5.06929,1.16825,5.92219,11.83000,20.92863,25.02676,89.04049
63-1,1783321682.806985,2026-07-06T14:08:02.806985,5.08203,1.30326,6.62321,13.29000,23.83023,5.05533,1.27201,6.43044,12.93000,23.22023,5.02501,1.25663,6.31457,12.43000,23.00050,5.07288,1.17631,5.96726,11.91000,21.52606,25.33548,91.57702
63-1,1783321682.907104,2026-07-06T14:08:02.907104,5.08629,1.29838,6.60394,13.24000,24.49141,5.05138,1.27103,6.42048,12.92000,23.86304,5.02512,1.25468,6.30490,12.41000,23.63173,5.07309,1.17215,5.94645,11.87000,22.12141,25.27577,94.10759
63-1,1783321683.007223,2026-07-06T14:08:03.007223,5.09029,1.29838,6.60913,13.24000,25.15312,5.05120,1.27494,6.43998,12.96000,24.50781,5.02198,1.23930,6.22372,12.26000,24.25485,5.07384,1.15751,5.87300,11.72000,22.70941,25.14583,96.62519
63-1,1783321683.107342,2026-07-06T14:08:03.107342,5.08613,1.30131,6.61863,13.27000,25.81576,5.05542,1.27006,6.42068,12.91000,25.15064,5.02198,1.23930,6.22372,12.26000,24.87796,5.07314,1.17118,5.94156,11.86000,23.30427,25.20459,99.14864
63-1,1783321683.207459,2026-07-06T14:08:03.207459,5.08613,1.30131,6.61863,13.27000,26.47840,5.05542,1.27006,6.42068,12.91000,25.79346,5.02124,1.25248,6.28900,12.39000,25.50760,5.06914,1.17118,5.93687,11.86000,23.89865,25.26518,101.67811
63-1,1783321683.307578,2026-07-06T14:08:03.307578,5.08624,1.29936,6.60884,13.25000,27.14007,5.05610,1.25517,6.34624,12.76000,26.42884,5.02079,1.26054,6.32888,12.47000,26.14124,5.07278,1.17826,5.97705,11.93000,24.49707,25.26101,104.20722
63-1,1783321683.407696,2026-07-06T14:08:03.407696,5.08224,1.29936,6.60364,13.25000,27.80122,5.05516,1.27592,6.44996,12.97000,27.07460,5.02958,1.24638,6.26875,12.33000,26.76886,5.07278,1.17826,5.97705,11.93000,25.09548,25.29940,106.74015
63-1,1783321683.507815,2026-07-06T14:08:03.507815,5.09408,1.30229,6.63395,13.28000,28.46540,5.05498,1.27982,6.46949,13.01000,27.72232,5.02158,1.24638,6.25878,12.33000,27.39548,5.07369,1.16044,5.88769,11.75000,25.68495,25.24991,109.26815
63-1,1783321683.607933,2026-07-06T14:08:03.607933,5.08571,1.30912,6.65781,13.35000,29.13197,5.05098,1.27982,6.46437,13.01000,28.36952,5.02490,1.25858,6.32425,12.45000,28.02865,5.06969,1.16044,5.88305,11.75000,26.27395,25.32948,111.80408
63-1,1783321683.708050,2026-07-06T14:08:03.708050,5.08565,1.31010,6.66271,13.36000,29.79902,5.05196,1.25810,6.35585,12.79000,29.00585,5.02461,1.26371,6.34965,12.50000,28.66436,5.07264,1.18119,5.99174,11.96000,26.87383,25.35995,114.34305
63-1,1783321683.808174,2026-07-06T14:08:03.808174,5.09024,1.29936,6.61403,13.25000,30.46124,5.05107,1.27787,6.45461,12.99000,29.65211,5.02986,1.24149,6.24454,12.28000,29.28958,5.07283,1.17728,5.97216,11.92000,27.47178,25.28534,116.87471
63-1,1783321683.908290,2026-07-06T14:08:03.908290,5.08624,1.29936,6.60884,13.25000,31.12289,5.05894,1.28080,6.47949,13.02000,30.30081,5.02586,1.24149,6.23957,12.28000,29.91427,5.07269,1.18021,5.98684,11.95000,28.07116,25.31474,119.40912
63-1,1783321684.008409,2026-07-06T14:08:04.008409,5.09709,1.17386,5.98329,11.97000,31.72193,5.05094,1.28080,6.46924,13.02000,30.94850,5.02655,1.15848,5.82317,11.46000,30.49728,5.06869,1.18021,5.98212,11.95000,28.67008,24.25782,121.83780
63-1,1783321684.108523,2026-07-06T14:08:04.108523,5.08992,1.30522,6.64344,13.31000,32.38703,5.04711,1.27689,6.44463,12.98000,31.59370,5.02072,1.26176,6.33493,12.48000,31.13149,5.07339,1.16630,5.91707,11.81000,29.26246,25.34007,124.37468
63-1,1783321684.208641,2026-07-06T14:08:04.208641,5.08635,1.29740,6.59904,13.23000,33.04771,5.04942,1.22587,6.18992,12.46000,32.21342,5.02746,1.21317,6.09917,12.00000,31.74213,5.07379,1.15848,5.87789,11.73000,29.85095,24.76602,126.85421
63-1,1783321684.308759,2026-07-06T14:08:04.308759,5.09835,1.29740,6.61461,13.23000,33.70996,5.04271,1.28568,6.48334,13.07000,32.86252,5.03146,1.21317,6.10402,12.00000,32.35325,5.07319,1.17020,5.93666,11.85000,30.44532,25.13863,129.37105
63-1,1783321684.408878,2026-07-06T14:08:04.408878,5.07755,1.31205,6.66201,13.38000,34.37695,5.04671,1.28568,6.48848,13.07000,33.51214,5.02992,1.24052,6.23969,12.27000,32.97796,5.07649,1.18412,6.01116,11.99000,31.04715,25.40134,131.91420
63-1,1783321684.508996,2026-07-06T14:08:04.508996,5.07749,1.31303,6.66689,13.39000,35.04443,5.05467,1.28666,6.50364,13.08000,34.16327,5.02879,1.26054,6.33897,12.47000,33.61261,5.06849,1.18412,6.00169,11.99000,31.64802,25.51119,134.46833
63-1,1783321684.609115,2026-07-06T14:08:04.609115,5.08544,1.31400,6.68229,13.40000,35.71345,5.05578,1.26225,6.38163,12.83000,34.80219,5.02861,1.26371,6.35470,12.50000,34.24883,5.07664,1.18119,5.99646,11.96000,32.24838,25.41508,137.01285
63-1,1783321684.709233,2026-07-06T14:08:04.709233,5.07744,1.31400,6.67178,13.40000,36.38141,5.05480,1.28373,6.48900,13.05000,35.45186,5.03261,1.26371,6.35976,12.50000,34.88556,5.07639,1.18607,6.02096,12.01000,32.85119,25.54150,139.57002
64-1,1783321684.809349,2026-07-06T14:08:04.809349,5.08571,1.30912,6.65781,13.35000,0.66655,5.04680,1.28373,6.47873,13.05000,0.64862,5.02055,1.26469,6.34943,12.51000,0.63568,5.06834,1.18705,6.01636,12.02000,0.60233,25.50233,2.55319
64-1,1783321684.909470,2026-07-06T14:08:04.909470,5.08561,1.23759,6.29388,12.62000,1.29670,5.04952,1.22367,6.17895,12.44000,1.26727,5.02369,1.20902,6.07375,11.96000,1.24379,5.06834,1.18705,6.01636,12.02000,1.20470,24.56294,5.01246
64-1,1783321685.009590,2026-07-06T14:08:05.009590,5.08123,1.31791,6.69661,13.44000,1.96717,5.04404,1.34477,6.78306,13.67000,1.94639,5.01639,1.33842,6.71403,13.24000,1.91600,5.06928,1.24735,6.32318,12.63000,1.83778,26.51688,7.66734
64-1,1783321685.109710,2026-07-06T14:08:05.109710,5.09982,1.12381,5.73124,11.46000,2.54098,5.07689,0.88430,4.48951,8.99000,2.39588,5.05864,0.94412,4.77597,9.34000,2.39417,5.09101,0.81863,4.16765,8.29000,2.25504,19.16437,9.58607
64-1,1783321685.209829,2026-07-06T14:08:05.209829,5.09182,1.12381,5.72225,11.46000,3.11389,5.05689,0.88430,4.47183,8.99000,2.84359,5.03864,0.94412,4.75709,9.34000,2.87044,5.05464,1.14164,5.77056,11.56000,2.83278,20.72173,11.66071
64-1,1783321685.309948,2026-07-06T14:08:05.309948,5.08768,1.27299,6.47655,12.98000,3.76231,5.05245,1.24735,6.30219,12.68000,3.47456,5.02598,1.23930,6.22868,12.26000,3.49405,5.07464,1.14164,5.79339,11.56000,3.41281,24.80081,14.14374
64-1,1783321685.410066,2026-07-06T14:08:05.410066,5.08725,1.28080,6.51576,13.06000,4.41466,5.05316,1.23173,6.22411,12.52000,4.09771,5.02615,1.23637,6.21416,12.23000,4.11620,5.07389,1.15653,5.86810,11.71000,4.00031,24.82213,16.62888
64-1,1783321685.510182,2026-07-06T14:08:05.510182,5.09131,1.27982,6.51598,13.05000,5.06701,5.04786,1.26029,6.36178,12.81000,4.73462,5.02775,1.20804,6.07374,11.95000,4.72428,5.07504,1.13382,5.75420,11.48000,4.57640,24.70570,19.10232
64-1,1783321685.610299,2026-07-06T14:08:05.610299,5.08331,1.27982,6.50574,13.05000,5.71835,5.05586,1.26029,6.37187,12.81000,5.37256,5.02375,1.20804,6.06891,11.95000,5.33189,5.07379,1.15848,5.87789,11.73000,5.16488,24.82441,21.58768
64-1,1783321685.710417,2026-07-06T14:08:05.710417,5.08731,1.27982,6.51086,13.05000,6.37020,5.05186,1.26029,6.36683,12.81000,6.00999,5.02998,1.23930,6.23364,12.26000,5.95598,5.07389,1.15653,5.86810,11.71000,5.75238,24.97943,24.08855
64-1,1783321685.810534,2026-07-06T14:08:05.810534,5.09351,1.16605,5.93930,11.89000,6.96483,5.05868,1.10965,5.61338,11.28000,6.57199,5.04510,0.97147,4.90114,9.61000,6.44667,5.08189,1.15653,5.87735,11.71000,6.34081,22.33117,26.32429
64-1,1783321685.910653,2026-07-06T14:08:05.910653,5.09306,1.02762,5.23373,10.48000,7.48882,5.06435,0.89627,4.53901,9.11000,7.02643,5.04715,0.86428,4.36217,8.55000,6.88341,5.08656,0.82766,4.20995,8.38000,6.76230,18.34486,28.16096
64-1,1783321686.010772,2026-07-06T14:08:06.010772,5.08906,1.02762,5.22962,10.48000,8.01240,5.05635,0.89627,4.53184,9.11000,7.48015,5.03115,0.86428,4.34834,8.55000,7.31876,5.07644,1.02713,5.21417,10.40000,7.28434,19.32397,30.09565
64-1,1783321686.110890,2026-07-06T14:08:06.110890,5.08699,1.28568,6.54026,13.11000,8.66720,5.05325,1.22977,6.21435,12.50000,8.10232,5.03066,1.22733,6.17429,12.14000,7.93692,5.06969,1.16044,5.88305,11.75000,7.87334,24.81195,32.57978
64-1,1783321686.211008,2026-07-06T14:08:06.211008,5.08731,1.27982,6.51086,13.05000,9.31906,5.05596,1.25810,6.36088,12.79000,8.73916,5.03060,1.22831,6.17914,12.15000,8.55556,5.06969,1.16044,5.88305,11.75000,8.46234,24.93393,35.07612
64-1,1783321686.311126,2026-07-06T14:08:06.311126,5.08725,1.28080,6.51576,13.06000,9.97140,5.05582,1.26127,6.37675,12.82000,9.37759,5.02186,1.24149,6.23460,12.28000,9.17976,5.07079,1.13871,5.77414,11.53000,9.04043,24.90125,37.56918
64-1,1783321686.411245,2026-07-06T14:08:06.411245,5.08640,1.29643,6.59414,13.22000,10.63160,5.04911,1.23270,6.22406,12.82000,10.00073,5.02986,1.24149,6.24454,12.28000,9.80495,5.06954,1.16337,5.89773,11.78000,9.63091,24.96047,40.06820
64-1,1783321686.511362,2026-07-06T14:08:06.511362,5.08640,1.29643,6.59414,13.22000,11.29179,5.05311,1.23270,6.22899,12.53000,10.62436,5.02340,1.21415,6.09916,12.01000,10.41558,5.07064,1.14164,5.78883,11.56000,10.21047,24.71112,42.54220
64-1,1783321686.611480,2026-07-06T14:08:06.611480,5.08245,1.29545,6.58406,13.21000,11.95097,5.05555,1.26713,6.40604,12.88000,11.26572,5.02181,1.24247,6.23944,12.29000,11.04026,5.07464,1.14164,5.79339,11.56000,10.79049,25.02293,45.04745
64-1,1783321686.711599,2026-07-06T14:08:06.711599,5.08235,1.29740,6.59385,13.23000,12.61114,5.05586,1.26029,6.37187,12.81000,11.90367,5.02604,1.23832,6.22384,12.25000,11.66339,5.06949,1.16434,5.90262,11.79000,11.38146,25.09218,47.55965
64-1,1783321686.811718,2026-07-06T14:08:06.811718,5.09040,1.29643,6.59933,13.22000,13.27186,5.05258,1.24442,6.28755,12.65000,12.53317,5.02604,1.23832,6.22384,12.25000,12.28651,5.07059,1.14261,5.79372,11.57000,11.96151,24.90444,50.05305
64-1,1783321686.911836,2026-07-06T14:08:06.911836,5.08240,1.29643,6.58896,13.22000,13.93153,5.05258,1.24442,6.28755,12.65000,13.16266,5.02981,1.24247,6.24938,12.29000,12.91218,5.06944,1.16532,5.90751,11.80000,12.55296,25.03340,52.55934
64-1,1783321687.011955,2026-07-06T14:08:07.011955,5.08683,1.28861,6.55495,13.14000,14.58780,5.05160,1.26615,6.39609,12.87000,13.80303,5.02964,1.24540,6.26391,12.32000,13.53932,5.07439,1.14652,5.81789,11.61000,13.13544,25.03284,55.06560
64-1,1783321687.112072,2026-07-06T14:08:07.112072,5.08725,1.28080,6.51576,13.06000,15.24015,5.05263,1.24345,6.28267,12.64000,14.43204,5.02249,1.23026,6.17898,12.17000,14.15794,5.07439,1.14652,5.81789,11.61000,13.71792,24.79530,57.54805
64-1,1783321687.212191,2026-07-06T14:08:07.212191,5.08693,1.28666,6.54515,13.12000,15.89544,5.05155,1.26713,6.40097,12.88000,15.07289,5.02649,1.23026,6.18391,12.17000,14.77707,5.06934,1.16727,5.91730,11.82000,14.31035,25.04733,60.05575
64-1,1783321687.312309,2026-07-06T14:08:07.312309,5.08293,1.28666,6.54001,13.12000,16.55021,5.05555,1.26713,6.40604,12.88000,15.71426,5.02564,1.24540,6.25893,12.32000,15.40370,5.06949,1.16434,5.90262,11.79000,14.90131,25.10760,62.56948
64-1,1783321687.412427,2026-07-06T14:08:07.412427,5.09185,1.26981,6.46571,12.95000,17.19755,5.05578,1.26225,6.38163,12.83000,16.35317,5.02678,1.22514,6.15849,12.12000,16.02028,5.08430,1.03006,5.23713,10.43000,15.42564,24.24296,64.99663
64-1,1783321687.512545,2026-07-06T14:08:07.512545,5.11528,0.84036,4.29866,8.57000,17.62792,5.07239,0.89529,4.54127,9.10000,16.80783,5.05120,0.86331,4.36074,8.54000,16.45687,5.07630,1.03006,5.22889,10.43000,15.94914,18.42956,66.84176
64-1,1783321687.612663,2026-07-06T14:08:07.612663,5.09533,0.83938,4.27693,8.56000,18.05612,5.05376,1.04178,5.26490,10.59000,17.33495,5.04320,0.86331,4.35384,8.54000,16.89277,5.07861,0.82669,4.19841,8.37000,16.36948,18.09408,68.65331
64-1,1783321687.712783,2026-07-06T14:08:07.712783,5.06629,1.29838,6.57797,8.56000,18.71470,5.05776,1.04178,5.26907,10.59000,17.86249,5.03409,1.09574,5.51603,10.84000,17.44503,5.06264,1.14164,5.77969,11.56000,16.94814,23.14276,70.97036
64-1,1783321687.812900,2026-07-06T14:08:07.812900,5.09029,1.29838,6.60913,13.24000,19.37639,5.05938,1.27103,6.43065,12.92000,18.50630,5.02569,1.24442,6.25409,12.31000,18.07117,5.07329,1.16825,5.92687,11.83000,17.54152,25.22074,73.49539
64-1,1783321687.913017,2026-07-06T14:08:07.913017,5.08629,1.29838,6.60394,13.24000,20.03755,5.05978,1.26225,6.38668,12.83000,19.14572,5.02152,1.24760,6.26483,12.34000,18.69838,5.06929,1.16825,5.92219,11.83000,18.13443,25.17764,76.01608
64-1,1783321688.013134,2026-07-06T14:08:08.013134,5.08704,1.28471,6.53536,13.10000,20.69186,5.04738,1.27103,6.41539,12.92000,19.78801,5.02952,1.24760,6.27481,12.34000,19.32660,5.07339,1.16630,5.91707,11.81000,18.72683,25.14263,78.53330
64-1,1783321688.113253,2026-07-06T14:08:08.113253,5.08213,1.30131,6.61343,13.27000,21.35398,5.05538,1.27103,6.42556,12.92000,20.43133,5.02552,1.24760,6.26982,12.34000,19.95433,5.07379,1.15848,5.87789,11.73000,19.31532,25.18670,81.05496
64-1,1783321688.213371,2026-07-06T14:08:08.213371,5.08213,1.30131,6.61343,13.27000,22.01611,5.05969,1.26420,6.39645,12.85000,21.07173,5.03346,1.24857,6.28464,12.35000,20.58353,5.07309,1.17215,5.94645,11.87000,19.91067,25.24097,83.58203
64-1,1783321688.313490,2026-07-06T14:08:08.313490,5.08340,1.05814,5.37894,10.79000,22.55464,5.07630,0.89724,4.55468,9.12000,21.52774,5.05515,0.86428,4.36909,8.55000,21.02096,5.10251,0.82864,4.22813,8.39000,20.33399,18.53084,85.43733
64-1,1783321688.413609,2026-07-06T14:08:08.413609,5.09420,0.86013,4.38169,8.77000,22.99333,5.06351,0.91482,4.63221,9.30000,21.99151,5.03881,0.94119,4.74248,9.31000,21.49577,5.08651,0.82864,4.21488,8.39000,20.75598,17.97126,87.23659
64-1,1783321688.513726,2026-07-06T14:08:08.513726,5.06293,1.28666,6.51427,13.12000,23.64552,5.05551,0.91482,4.62489,9.30000,22.45454,5.03481,0.94119,4.73872,9.31000,21.97020,5.07880,1.05960,5.38151,10.73000,21.29476,21.25939,89.36502
65-1,1783321688.613871,2026-07-06T14:08:08.613871,5.09493,1.28666,6.55545,13.12000,0.65650,5.04738,1.27103,6.41539,12.92000,0.64247,5.02318,1.21805,6.11851,12.05000,0.61274,5.07525,1.12967,5.73337,11.44000,0.57417,24.82272,2.48587
65-1,1783321688.713987,2026-07-06T14:08:08.713987,5.08981,1.30717,6.65325,13.33000,1.32259,5.04430,1.33891,6.75386,13.61000,1.31863,5.01799,1.31010,6.57406,12.96000,1.27090,5.06959,1.24125,6.29262,12.57000,1.20416,26.27379,5.11628
65-1,1783321688.814105,2026-07-06T14:08:08.814105,5.08949,1.31303,6.68265,13.39000,1.99164,5.05417,1.29765,6.55853,13.19000,1.97526,5.02724,1.21708,6.11854,12.04000,1.88348,5.06959,1.24125,6.29262,12.57000,1.83416,25.65234,7.68455
65-1,1783321688.914220,2026-07-06T14:08:08.914220,5.09693,1.17679,5.99803,12.00000,2.59214,5.04617,1.29765,6.54815,13.19000,2.63083,5.02724,1.21708,6.11854,12.04000,2.49604,5.07761,0.92532,4.69842,9.37000,2.30455,23.36314,10.02356
65-1,1783321689.014339,2026-07-06T14:08:09.014339,5.08493,1.17679,5.98391,12.00000,3.19124,5.06064,1.06644,5.39686,10.84000,3.17116,5.03556,1.06961,5.38610,10.58000,3.03529,5.06424,1.18900,6.02139,12.04000,2.90740,22.78826,12.30508
65-1,1783321689.114457,2026-07-06T14:08:09.114457,5.08939,1.31498,6.69245,13.41000,3.86128,5.04777,1.35063,6.81766,13.73000,3.85373,5.02146,1.31938,6.62520,13.05000,3.69859,5.06918,1.24931,6.33296,12.65000,3.54145,26.46827,14.95505
65-1,1783321689.214575,2026-07-06T14:08:09.214575,5.07998,1.41411,7.18363,14.42000,4.58049,5.06351,0.91482,4.63221,9.30000,4.31750,5.04360,0.85623,4.31847,8.47000,4.13095,5.07718,1.24931,6.34295,12.65000,4.17649,22.47726,17.20543
65-1,1783321689.314694,2026-07-06T14:08:09.314694,5.09844,1.07572,5.48448,10.97000,5.12959,5.05551,0.91482,4.62489,9.30000,4.78054,5.03960,0.85623,4.31505,8.47000,4.56297,5.07226,0.79397,4.02722,8.04000,4.57969,18.45164,19.05278
65-1,1783321689.414812,2026-07-06T14:08:09.414812,5.08593,1.23173,6.26448,12.56000,5.75677,5.04257,1.37724,6.94482,14.00000,5.47584,5.02079,1.33134,6.68437,13.17000,5.23219,5.05574,1.11991,5.66196,11.34000,5.14655,25.55563,21.61135
65-1,1783321689.514929,2026-07-06T14:08:09.514929,5.08593,1.23173,6.26448,12.56000,6.38396,5.04902,1.23466,6.23381,12.55000,6.09995,5.02775,1.20804,6.07374,11.95000,5.84028,5.06264,1.14164,5.77969,11.56000,5.72520,24.35172,24.04939
65-1,1783321689.615048,2026-07-06T14:08:09.615048,5.08502,1.24833,6.34778,12.73000,7.01949,5.04863,1.24345,6.27770,12.64000,6.72847,5.02644,1.23124,6.18875,12.18000,6.45989,5.07064,1.14164,5.78883,11.56000,6.30477,24.60306,26.51261
65-1,1783321689.715167,2026-07-06T14:08:09.715167,5.08288,1.28764,6.54490,13.13000,7.67476,5.04863,1.24345,6.27770,12.64000,7.35698,5.02644,1.23124,6.18875,12.18000,7.07950,5.07464,1.14164,5.79339,11.56000,6.88480,24.80474,28.99604
65-1,1783321689.815288,2026-07-06T14:08:09.815288,5.08640,1.29643,6.59414,13.22000,8.33497,5.05569,1.26420,6.39139,12.85000,7.99690,5.02986,1.24149,6.24454,12.28000,7.70471,5.07359,1.16239,5.89748,11.77000,7.47526,25.12755,31.51184
65-1,1783321689.915406,2026-07-06T14:08:09.915406,5.09040,1.29643,6.59933,13.22000,8.99568,5.05573,1.26322,6.38651,12.84000,8.63630,5.02986,1.24149,6.24454,12.28000,8.32990,5.07469,1.14066,5.78849,11.55000,8.05479,25.01887,34.01666
65-1,1783321690.015524,2026-07-06T14:08:10.015524,5.08715,1.28275,6.52556,13.08000,9.64900,5.05276,1.24052,6.26803,12.61000,9.26384,5.02289,1.22318,6.14391,12.10000,8.94502,5.06934,1.16727,5.91730,11.82000,8.64722,24.85480,36.50508
65-1,1783321690.115641,2026-07-06T14:08:10.115641,5.08651,1.29447,6.58435,13.20000,10.30821,5.05276,1.24052,6.26803,12.61000,9.89138,5.02289,1.22318,6.14391,12.10000,9.56013,5.06934,1.16727,5.91730,11.82000,9.23965,24.91359,38.99937
65-1,1783321690.215760,2026-07-06T14:08:10.215760,5.09120,1.28178,6.52578,13.07000,10.96157,5.05555,1.26713,6.40604,12.88000,10.53275,5.02569,1.24442,6.25409,12.31000,10.18628,5.07024,1.14945,5.82799,11.64000,9.82314,25.01390,41.50374
65-1,1783321690.315879,2026-07-06T14:08:10.315879,5.08720,1.28178,6.52066,13.07000,11.61441,5.05618,1.25321,6.33647,12.74000,11.16715,5.02718,1.21805,6.12338,12.05000,10.79935,5.06934,1.16727,5.91730,11.82000,10.41557,24.89781,43.99648
65-1,1783321690.415996,2026-07-06T14:08:10.415996,5.09435,1.29740,6.60942,13.23000,12.27612,5.05664,1.15482,5.83951,11.74000,11.75178,5.02836,1.12626,5.66322,11.14000,11.36633,5.07900,1.05570,5.36188,10.69000,10.95238,23.47403,46.34661
65-1,1783321690.516115,2026-07-06T14:08:10.516115,5.08315,1.28275,6.52043,13.08000,12.92894,5.05664,1.15482,5.83951,11.74000,12.33643,5.03236,1.12626,5.66773,11.14000,11.93378,5.07900,1.05570,5.36188,10.69000,11.48921,23.38955,48.68836
65-1,1783321690.616234,2026-07-06T14:08:10.616234,5.08315,1.28275,6.52043,13.08000,13.58176,5.05551,1.26811,6.41092,12.89000,12.97828,5.02289,1.22318,6.14391,12.10000,12.54890,5.06924,1.16923,5.92709,11.84000,12.08262,25.00235,51.19157
65-1,1783321690.716354,2026-07-06T14:08:10.716354,5.09201,1.26688,6.45099,12.92000,14.22764,5.05564,1.26518,6.39627,12.86000,13.61868,5.02175,1.24345,6.24428,12.30000,13.17408,5.06944,1.16532,5.90751,11.80000,12.67409,24.99905,53.69448
65-1,1783321690.816472,2026-07-06T14:08:10.816472,5.08801,1.26688,6.44592,12.92000,14.87299,5.05547,1.26908,6.41580,12.90000,14.26101,5.02700,1.22123,6.13912,12.08000,13.78871,5.07410,1.15238,5.84728,11.67000,13.25950,24.84812,56.18222
65-1,1783321690.916590,2026-07-06T14:08:10.916590,5.08592,1.30522,6.63822,13.31000,15.53759,5.05547,1.26908,6.41580,12.90000,14.90335,5.02300,1.22123,6.13424,12.08000,14.40286,5.07010,1.15238,5.84267,11.67000,13.84446,25.03093,58.68827
65-1,1783321691.016709,2026-07-06T14:08:11.016709,5.08544,1.31400,6.68229,13.40000,16.20662,5.05164,1.26518,6.39121,12.86000,15.54323,5.02558,1.24638,6.26377,12.33000,15.02998,5.06924,1.16923,5.92709,11.84000,14.43787,25.26436,61.21771
65-1,1783321691.116828,2026-07-06T14:08:11.116828,5.08629,1.29838,6.60394,13.24000,16.86780,5.05151,1.26811,6.40585,12.89000,16.18458,5.02711,1.21928,6.12944,12.06000,15.64366,5.07319,1.17020,5.93666,11.85000,15.03225,25.07589,63.72828
65-1,1783321691.216947,2026-07-06T14:08:11.216947,5.08629,1.29838,6.60394,13.24000,17.52898,5.05142,1.27006,6.41560,12.91000,16.82690,5.02112,1.25468,6.29988,12.41000,16.27440,5.07309,1.17215,5.94645,11.87000,15.62760,25.26587,66.25787
65-1,1783321691.317066,2026-07-06T14:08:11.317066,5.08992,1.30522,6.64344,13.31000,18.19411,5.05542,1.27006,6.42068,12.91000,17.46973,5.02512,1.25468,6.30490,12.41000,16.90564,5.06914,1.17118,5.93687,11.86000,16.22199,25.30589,68.79147
65-1,1783321691.417184,2026-07-06T14:08:11.417184,5.09035,1.29740,6.60423,13.23000,18.85532,5.05129,1.27299,6.43023,12.94000,18.11352,5.02581,1.24247,6.24441,12.29000,17.53082,5.07314,1.17118,5.94156,11.86000,16.81685,25.22043,71.31651
65-1,1783321691.517303,2026-07-06T14:08:11.517303,5.08992,1.30522,6.64344,13.31000,19.52045,5.05111,1.27689,6.44974,12.98000,18.75926,5.02541,1.24955,6.27949,12.36000,18.15951,5.07724,1.16923,5.93644,11.84000,17.41120,25.30911,73.85042
65-1,1783321691.617422,2026-07-06T14:08:11.617422,5.08592,1.30522,6.63822,13.31000,20.18506,5.05542,1.27006,6.42068,12.91000,19.40209,5.02512,1.25468,6.30490,12.41000,18.79075,5.07709,1.17215,5.95114,11.87000,18.00702,25.31494,76.38492
65-1,1783321691.717540,2026-07-06T14:08:11.717540,5.09456,1.29350,6.58980,13.19000,20.84482,5.05542,1.27006,6.42068,12.91000,20.04492,5.04326,0.86233,4.34896,8.53000,19.22616,5.08325,0.89285,4.53858,9.04000,18.46142,21.89802,78.57731
65-1,1783321691.817659,2026-07-06T14:08:11.817659,5.11804,0.86306,4.41719,8.80000,21.28706,5.06026,0.89822,4.54523,9.13000,20.49998,5.04326,0.86233,4.34896,8.53000,19.66157,5.08325,0.89285,4.53858,9.04000,18.91581,17.84996,80.36443
65-1,1783321691.917777,2026-07-06T14:08:11.917777,5.08677,0.99637,5.06829,10.16000,21.79449,5.06030,0.89724,4.54033,9.12000,20.95455,5.03520,0.86331,4.34693,8.54000,20.09678,5.07856,0.82766,4.20333,8.38000,19.33664,18.15888,82.18245
65-1,1783321692.017896,2026-07-06T14:08:12.017896,5.07835,1.29740,6.58866,13.23000,22.45414,5.03947,1.26908,6.39549,12.90000,21.59486,5.01346,1.24857,6.25967,12.35000,20.72349,5.06104,1.17313,5.93727,11.88000,19.93108,25.18109,84.70357
65-1,1783321692.118015,2026-07-06T14:08:12.118015,5.08635,1.29740,6.59904,13.23000,23.11483,5.06347,1.26908,6.42595,12.90000,22.23822,5.02118,1.25346,6.29384,12.40000,21.35362,5.07299,1.17411,5.95624,11.89000,20.52741,25.27507,87.23407
65-1,1783321692.218133,2026-07-06T14:08:12.218133,5.08373,1.27201,6.46657,12.97000,23.76225,5.05533,1.27201,6.43044,12.93000,22.88202,5.02918,1.25346,6.30386,12.40000,21.98476,5.07299,1.17411,5.95624,11.89000,21.12374,25.15711,89.75277
65-1,1783321692.318252,2026-07-06T14:08:12.318252,5.08272,1.29057,6.55959,13.16000,24.41899,5.05524,1.27396,6.44020,12.95000,23.52681,5.02644,1.23124,6.18875,12.18000,22.60437,5.07389,1.15653,5.86810,11.71000,21.71125,25.05664,92.26141
65-1,1783321692.418371,2026-07-06T14:08:12.418371,5.08256,1.29350,6.57427,13.19000,25.07720,5.04832,1.25028,6.31182,12.71000,24.15874,5.02506,1.25565,6.30974,12.42000,23.23609,5.07288,1.17631,5.96726,11.91000,22.30868,25.16309,94.78071
65-1,1783321692.518489,2026-07-06T14:08:12.518489,5.08256,1.29350,6.57427,13.19000,25.73540,5.05632,1.25028,6.32182,12.71000,24.79167,5.02512,1.25468,6.30490,12.41000,23.86733,5.07294,1.17508,5.96114,11.90000,22.90550,25.16213,97.29990
65-1,1783321692.618608,2026-07-06T14:08:12.618608,5.08139,1.31498,6.68193,13.41000,26.40439,5.05116,1.27592,6.44486,12.97000,25.43693,5.02512,1.25468,6.30490,12.41000,24.49857,5.06888,1.17631,5.96255,11.91000,23.50246,25.39424,99.84235
65-1,1783321692.718727,2026-07-06T14:08:12.718727,5.08304,1.28471,6.53022,13.10000,27.05819,5.05085,1.28275,6.47899,13.04000,26.08559,5.02231,1.23344,6.19470,12.20000,25.11877,5.07288,1.17631,5.96726,11.91000,24.09990,25.17117,102.36244
65-1,1783321692.818846,2026-07-06T14:08:12.818846,5.08549,1.31303,6.67740,13.39000,27.72672,5.05947,1.26908,6.42088,12.90000,26.72844,5.02101,1.25663,6.30955,12.43000,25.75048,5.06964,1.16141,5.88794,11.76000,24.68939,25.29577,104.89503
65-1,1783321692.918963,2026-07-06T14:08:12.918963,5.08549,1.31303,6.67740,13.39000,28.39524,5.05147,1.26908,6.41072,12.90000,27.37027,5.02884,1.25956,6.33413,12.46000,26.38463,5.06864,1.18119,5.98701,11.96000,25.28879,25.40926,107.43893
65-1,1783321693.019081,2026-07-06T14:08:13.019081,5.08213,1.30131,6.61343,13.27000,29.05737,5.05489,1.28178,6.47925,13.03000,28.01896,5.02884,1.25956,6.33413,12.46000,27.01879,5.07259,1.18216,5.99663,11.97000,25.88917,25.42344,109.98428
65-1,1783321693.119199,2026-07-06T14:08:13.119199,5.08197,1.30424,6.62811,13.30000,29.72096,5.05529,1.27299,6.43532,12.94000,28.66325,5.03426,1.23441,6.21435,12.21000,27.64096,5.06859,1.18216,5.99190,11.97000,26.48906,25.26968,112.51422
65-1,1783321693.219268,2026-07-06T14:08:13.219268,5.09072,1.29057,6.56991,13.16000,30.37841,5.06347,1.26908,6.42595,12.90000,29.30629,5.03312,1.25468,6.31493,12.41000,28.27289,5.06459,1.18216,5.98718,11.97000,27.08820,25.29797,115.04578
65-1,1783321693.319386,2026-07-06T14:08:13.319386,5.08555,1.31205,6.67250,13.16000,31.04644,5.05147,1.26908,6.41072,12.90000,29.94811,5.01666,1.26273,6.33471,12.49000,28.90711,5.06464,1.18119,5.98229,11.96000,27.68713,25.40022,117.58879
65-1,1783321693.419505,2026-07-06T14:08:13.419505,5.07755,1.31205,6.66201,13.38000,31.71344,5.05511,1.27689,6.45484,12.98000,30.59437,5.02466,1.26273,6.34481,12.49000,29.54234,5.07714,1.17118,5.94624,11.86000,28.28246,25.40790,120.13261
65-1,1783321693.519624,2026-07-06T14:08:13.519624,5.08565,1.31010,6.66271,13.36000,32.38050,5.05476,1.28471,6.49388,13.06000,31.24453,5.02050,1.26566,6.35426,12.52000,30.17852,5.06914,1.17118,5.93687,11.86000,28.87685,25.44772,122.68040
65-1,1783321693.619742,2026-07-06T14:08:13.619742,5.08661,1.29252,6.57455,13.18000,33.03873,5.05982,1.26127,6.38179,12.82000,31.88346,5.02186,1.24149,6.23460,12.28000,30.80272,5.06873,1.17924,5.97723,11.94000,29.47528,25.16817,125.20021
65-1,1783321693.719859,2026-07-06T14:08:13.719859,5.07771,1.30912,6.64734,13.35000,33.70424,5.04782,1.26127,6.36666,12.82000,32.52087,5.02975,1.24345,6.25422,12.30000,31.42888,5.07054,1.14359,5.79862,11.58000,30.05582,25.06684,127.70982
65-1,1783321693.819978,2026-07-06T14:08:13.819978,5.09371,1.30912,6.66828,13.35000,34.37187,5.05147,1.26908,6.41072,12.90000,33.16271,5.02575,1.24345,6.24925,12.30000,32.05455,5.07254,1.18314,6.00153,11.98000,30.65669,25.32978,130.24582
65-1,1783321693.920096,2026-07-06T14:08:13.920096,5.09813,1.30131,6.63425,13.27000,35.03607,5.05094,1.28080,6.46924,13.02000,33.81039,5.02518,1.25346,6.29885,12.40000,32.68517,5.06849,1.18412,6.00169,11.99000,31.25757,25.40403,132.78920
65-1,1783321694.020215,2026-07-06T14:08:14.020215,5.09755,1.31205,6.68825,13.38000,35.70569,5.04671,1.28568,6.48848,13.07000,34.46001,5.02444,1.26664,6.36416,12.53000,33.32235,5.07249,1.18412,6.00642,11.99000,31.85892,25.54731,135.34698
65-1,1783321694.120334,2026-07-06T14:08:14.120334,5.08496,1.32279,6.72636,13.49000,36.37913,5.04671,1.28568,6.48848,13.07000,35.10963,5.02439,1.26762,6.36900,12.54000,33.96001,5.07639,1.18607,6.02096,12.01000,32.46174,25.60480,137.91051
65-1,1783321694.220452,2026-07-06T14:08:14.220452,5.08096,1.32279,6.72107,13.49000,37.05203,5.05063,1.28764,6.50337,13.09000,35.76074,5.02439,1.26762,6.36900,12.54000,34.59766,5.07639,1.18607,6.02096,12.01000,33.06454,25.61440,140.47497
65-1,1783321694.320571,2026-07-06T14:08:14.320571,5.08565,1.31010,6.66271,13.36000,37.71909,5.05551,1.26811,6.41092,12.89000,36.40259,5.02421,1.27079,6.38472,12.57000,35.23689,5.06449,1.18412,5.99695,11.99000,33.66495,25.45530,143.02352
65-1,1783321694.420688,2026-07-06T14:08:14.420688,5.08972,1.23563,6.28902,12.60000,38.34873,5.05663,1.24345,6.28764,12.64000,37.03209,5.02889,1.18778,5.97322,11.75000,35.83491,5.06849,1.18412,6.00169,11.99000,34.26582,24.55157,145.48155
65-1,1783321694.520808,2026-07-06T14:08:14.520808,5.08608,1.30229,6.62353,13.28000,39.01188,5.05111,1.27689,6.44974,12.98000,37.67784,5.02455,1.26469,6.35448,12.51000,36.47112,5.07239,1.18607,6.01621,12.01000,34.86817,25.44396,148.02900
65-1,1783321694.620926,2026-07-06T14:08:14.620926,5.08608,1.30229,6.62353,13.28000,39.67502,5.05511,1.27689,6.45484,12.98000,38.32409,5.02455,1.26469,6.35448,12.51000,37.10732,5.07229,1.18802,6.02600,12.03000,35.47148,25.45885,150.57790
65-1,1783321694.721045,2026-07-06T14:08:14.721045,5.08981,1.30717,6.65325,13.33000,40.34113,5.05094,1.28080,6.46924,13.02000,38.97178,5.02815,1.27177,6.39464,12.58000,37.74754,5.06824,1.18900,6.02614,12.04000,36.07481,25.54327,153.13527
65-1,1783321694.821163,2026-07-06T14:08:14.821163,5.07781,1.30717,6.63756,13.33000,41.00567,5.05058,1.28861,6.50825,13.10000,39.62337,5.02912,1.25468,6.30992,12.41000,38.37928,5.06824,1.18900,6.02614,12.04000,36.67813,25.48187,155.68646
65-1,1783321694.921281,2026-07-06T14:08:14.921281,5.07675,1.32670,6.73533,13.53000,41.68000,5.04654,1.28959,6.50796,13.11000,40.27494,5.02833,1.26859,6.37891,12.55000,39.01792,5.06409,1.19193,6.03605,12.07000,37.28245,25.65825,158.25530
66-1,1783321695.021426,2026-07-06T14:08:15.021426,5.09025,1.22587,6.23997,12.50000,0.62490,5.05454,1.28959,6.51828,13.11000,0.65277,5.02719,1.28886,6.47933,12.75000,0.64887,5.06699,1.13480,5.75002,11.49000,0.57584,24.98760,2.50239
66-1,1783321695.121544,2026-07-06T14:08:15.121544,5.09025,1.22587,6.23997,12.50000,1.24964,5.05191,1.34770,6.80844,13.70000,1.33442,5.02319,1.28886,6.47417,12.75000,1.29705,5.06533,1.24638,6.31331,12.62000,1.20791,25.83589,5.08902
66-1,1783321695.221662,2026-07-06T14:08:15.221662,5.08543,1.38749,7.05600,14.15000,1.95607,5.06299,1.10282,5.58356,11.21000,1.89344,5.02324,1.28788,6.46934,12.74000,1.94475,5.10831,0.79299,4.05086,8.03000,1.61348,23.15976,7.40773
66-1,1783321695.321780,2026-07-06T14:08:15.321780,5.09703,1.17484,5.98820,11.98000,2.55560,5.04157,1.22269,6.16429,12.43000,2.51060,5.03129,1.14530,5.76233,11.33000,2.52167,5.07631,0.79299,4.02548,8.03000,2.01650,21.94030,9.60436
66-1,1783321695.421899,2026-07-06T14:08:15.421899,5.08704,1.28471,6.53536,13.10000,3.20991,5.05357,1.22269,6.17896,12.43000,3.12922,5.03140,1.21415,6.10887,12.01000,3.13328,5.07479,1.13871,5.77870,11.53000,2.59506,24.60189,12.06746
66-1,1783321695.522017,2026-07-06T14:08:15.522017,5.08304,1.28471,6.53022,13.10000,3.86370,5.05632,1.25028,6.32182,12.71000,3.76215,5.02740,1.21415,6.10401,12.01000,3.74440,5.07384,1.15751,5.87300,11.72000,3.18305,24.82905,14.55330
66-1,1783321695.622136,2026-07-06T14:08:15.622136,5.08757,1.27494,6.48636,13.00000,4.51311,5.05610,1.25517,6.34624,12.76000,4.39753,5.02666,1.22733,6.16938,12.14000,4.36207,5.07464,1.14164,5.79339,11.56000,3.76308,24.79537,17.03578
66-1,1783321695.722253,2026-07-06T14:08:15.722253,5.09149,1.20316,6.12588,12.27000,5.12642,5.06830,0.89724,4.54751,9.12000,4.85282,5.03631,1.05643,5.32050,10.45000,4.89475,5.07864,1.14164,5.79796,11.56000,4.34355,21.79185,19.21753
66-1,1783321695.822373,2026-07-06T14:08:15.822373,5.10225,0.85916,4.38364,8.76000,5.56530,5.06430,0.89724,4.54392,9.12000,5.30775,5.04326,0.86233,4.34896,8.53000,5.33016,5.09051,0.82864,4.21819,8.39000,4.76588,17.49471,20.96909
66-1,1783321695.922490,2026-07-06T14:08:15.922490,5.09425,0.85916,4.37676,8.76000,6.00349,5.05626,0.89822,4.54164,9.13000,5.76245,5.03926,0.86233,4.34551,8.53000,5.76522,5.08546,0.92825,4.72058,9.40000,5.23849,17.98449,22.76965
66-1,1783321696.022609,2026-07-06T14:08:16.022609,5.08725,1.28080,6.51576,13.06000,6.65584,5.04067,1.24247,6.26288,12.63000,6.38948,5.02631,1.23344,6.19964,12.20000,6.38592,5.06984,1.15751,5.86837,11.72000,5.82602,24.84665,25.25726
66-1,1783321696.122727,2026-07-06T14:08:16.122727,5.08245,1.29545,6.58406,13.21000,7.31503,5.05276,1.24052,6.26803,12.61000,7.01702,5.02780,1.20707,6.06890,11.94000,6.99353,5.06984,1.15751,5.86837,11.72000,6.41355,24.78936,27.73914
66-1,1783321696.222845,2026-07-06T14:08:16.222845,5.08272,1.29057,6.55959,13.16000,7.97176,5.04876,1.24052,6.26307,12.61000,7.64407,5.02558,1.24638,6.26377,12.33000,7.62064,5.06679,1.13871,5.76959,11.53000,6.99119,24.85602,30.22766
66-1,1783321696.322964,2026-07-06T14:08:16.322964,5.08822,1.26298,6.42632,12.88000,8.61515,5.05191,1.25932,6.36195,12.80000,8.28102,5.02958,1.24638,6.26875,12.33000,8.24826,5.06559,1.16239,5.88818,11.77000,7.58071,24.94520,32.72514
66-1,1783321696.423081,2026-07-06T14:08:16.423081,5.08822,1.26298,6.42632,12.88000,9.25854,5.05214,1.25419,6.33634,12.75000,8.91540,5.02181,1.24247,6.23944,12.29000,8.87294,5.07464,1.14164,5.79339,11.56000,8.16073,24.79549,35.20761
66-1,1783321696.523199,2026-07-06T14:08:16.523199,5.08352,1.27592,6.48615,13.01000,9.90792,5.04876,1.24052,6.26307,12.61000,9.54244,5.02346,1.21317,6.09432,12.00000,9.48309,5.07464,1.14164,5.79339,11.56000,8.74075,24.63693,37.67421
66-1,1783321696.623317,2026-07-06T14:08:16.623317,5.08412,1.26493,6.43106,12.90000,10.55178,5.05276,1.24052,6.26803,12.61000,10.16998,5.02181,1.24247,6.23944,12.29000,10.10777,5.07749,1.16434,5.91194,11.79000,9.33264,24.85047,40.16218
66-1,1783321696.723435,2026-07-06T14:08:16.723435,5.08693,1.28666,6.54515,13.12000,11.20707,5.05427,1.20707,6.10085,12.27000,10.78079,5.02581,1.24247,6.24441,12.29000,10.73295,5.07540,1.12674,5.71867,11.41000,9.90518,24.60908,42.62600
66-1,1783321696.823552,2026-07-06T14:08:16.823552,5.08693,1.28666,6.54515,13.12000,11.86236,5.05191,1.25932,6.36195,12.80000,11.41773,5.02592,1.24052,6.23473,12.27000,11.35715,5.07364,1.16141,5.89259,11.76000,10.49513,25.03442,45.13237
66-1,1783321696.923671,2026-07-06T14:08:16.923671,5.08672,1.29057,6.56475,13.16000,12.51961,5.05173,1.26322,6.38146,12.84000,12.05663,5.02581,1.24247,6.24441,12.29000,11.98233,5.06949,1.16434,5.90262,11.79000,11.08610,25.09324,47.64467
66-1,1783321697.023790,2026-07-06T14:08:17.023790,5.08768,1.27299,6.47655,12.98000,13.16803,5.04773,1.26322,6.37641,12.84000,12.69503,5.02666,1.22733,6.16938,12.14000,12.60001,5.07749,1.16434,5.91194,11.79000,11.67799,24.93428,50.14106
66-1,1783321697.123908,2026-07-06T14:08:17.123908,5.08709,1.28373,6.53046,13.09000,13.82185,5.05294,1.23661,6.24851,12.57000,13.32062,5.03066,1.22733,6.17429,12.14000,13.21816,5.07369,1.16044,5.88769,11.75000,12.26746,24.84095,52.62809
66-1,1783321697.224025,2026-07-06T14:08:17.224025,5.08309,1.28373,6.52532,13.09000,14.47515,5.05164,1.26518,6.39121,12.86000,13.96049,5.02558,1.24638,6.26377,12.33000,13.84528,5.07339,1.16630,5.91707,11.81000,12.85986,25.09737,55.14078
66-1,1783321697.324144,2026-07-06T14:08:17.324144,5.08390,1.26884,6.45065,12.94000,15.12098,5.05601,1.25712,6.35600,12.78000,14.59685,5.02735,1.21512,6.10886,12.02000,14.45689,5.06998,1.15458,5.85368,11.69000,13.44592,24.76919,57.62063
66-1,1783321697.424262,2026-07-06T14:08:17.424262,5.08299,1.28568,6.53511,13.11000,15.77526,5.05201,1.25712,6.35097,12.78000,15.23269,5.02146,1.24857,6.26966,12.35000,15.08459,5.06998,1.15458,5.85368,11.69000,14.03198,25.00942,60.12452
66-1,1783321697.524381,2026-07-06T14:08:17.524381,5.08796,1.26786,6.45082,12.93000,16.42111,5.05533,1.27201,6.43044,12.93000,15.87650,5.02946,1.24857,6.27965,12.35000,15.71331,5.06924,1.16923,5.92709,11.84000,14.62540,25.08800,62.63632
66-1,1783321697.624501,2026-07-06T14:08:17.624501,5.08946,1.16703,5.93954,11.90000,17.01578,5.05551,1.26811,6.41092,12.89000,16.51836,5.02660,1.22831,6.17422,12.15000,16.33147,5.07034,1.14750,5.81820,11.62000,15.20791,24.34288,65.07351
66-1,1783321697.724619,2026-07-06T14:08:17.724619,5.09346,1.16703,5.94421,11.90000,17.61090,5.04880,1.23954,6.25819,12.60000,17.14492,5.02775,1.20804,6.07374,11.95000,16.93956,5.06924,1.16923,5.92709,11.84000,15.80132,24.20323,67.49669
66-1,1783321697.824736,2026-07-06T14:08:17.824736,5.08796,1.26786,6.45082,12.93000,18.25674,5.05280,1.23954,6.26315,12.60000,17.77197,5.02946,1.24857,6.27965,12.35000,17.56826,5.06924,1.16923,5.92709,11.84000,16.39472,24.92071,69.99169
66-1,1783321697.924854,2026-07-06T14:08:17.924854,5.08688,1.28764,6.55005,13.13000,18.91252,5.05169,1.26420,6.38634,12.85000,18.41136,5.02546,1.24857,6.27466,12.35000,18.19647,5.07789,1.15653,5.87272,11.71000,16.98269,25.08377,72.50303
66-1,1783321698.024974,2026-07-06T14:08:18.024974,5.08672,1.29057,6.56475,13.16000,19.56978,5.05285,1.23856,6.25827,12.59000,19.03793,5.02552,1.24760,6.26982,12.34000,18.82420,5.07314,1.17118,5.94156,11.86000,17.57756,25.03440,75.00947
66-1,1783321698.125088,2026-07-06T14:08:18.125088,5.08672,1.29057,6.56475,13.16000,20.22700,5.05138,1.27103,6.42048,12.92000,19.68071,5.01804,1.23832,6.21393,12.25000,19.44630,5.07299,1.17411,5.95624,11.89000,18.17386,25.15540,77.52787
66-1,1783321698.225208,2026-07-06T14:08:18.225208,5.09067,1.29154,6.57482,13.17000,20.88527,5.05138,1.27103,6.42048,12.92000,20.32353,5.01724,1.25248,6.28399,12.39000,20.07545,5.07609,1.11307,5.65005,11.27000,18.73954,24.92934,80.02379
66-1,1783321698.325325,2026-07-06T14:08:18.325325,5.09212,1.26493,6.44118,12.90000,21.53014,5.05480,1.19535,6.04226,12.15000,20.92846,5.02935,1.25053,6.28934,12.37000,20.70512,5.06409,1.11307,5.63669,11.27000,19.30387,24.40947,82.46760
66-1,1783321698.425444,2026-07-06T14:08:18.425444,5.09072,1.29057,6.56991,13.16000,22.18792,5.05263,1.24345,6.28267,12.64000,21.55748,5.02135,1.25053,6.27933,12.37000,21.33381,5.06949,1.16434,5.90262,11.79000,19.89484,25.03453,84.97404
66-1,1783321698.525562,2026-07-06T14:08:18.525562,5.08672,1.29057,6.56475,13.16000,22.84516,5.04724,1.27396,6.43001,12.95000,22.20124,5.02689,1.22318,6.14881,12.10000,21.94941,5.06914,1.17118,5.93687,11.86000,20.48922,25.08044,87.48503
66-1,1783321698.625679,2026-07-06T14:08:18.625679,5.08971,1.30912,6.66305,13.35000,23.51225,5.05524,1.27396,6.44020,12.95000,22.84601,5.02831,1.19803,6.02409,11.85000,22.55253,5.08205,0.99539,5.05863,10.08000,20.99568,24.18597,89.90647
66-1,1783321698.725797,2026-07-06T14:08:18.725797,5.10490,1.03055,5.26085,10.51000,24.03896,5.05924,0.92068,4.65795,9.36000,23.31236,5.05126,0.86233,4.35586,8.53000,22.98863,5.07405,0.99539,5.05067,10.08000,21.50134,19.32533,91.84129
66-1,1783321698.825913,2026-07-06T14:08:18.825913,5.09754,1.01883,5.19353,10.39000,24.55891,5.06035,0.89627,4.53542,9.11000,23.76643,5.04326,0.86233,4.34896,8.53000,23.42403,5.07051,0.82864,4.20162,8.39000,21.92199,18.27953,93.67136
66-1,1783321698.926033,2026-07-06T14:08:18.926033,5.08277,1.28959,6.55469,10.39000,25.21516,5.03929,1.27299,6.41495,12.94000,24.40869,5.02689,1.22318,6.14881,12.10000,24.03964,5.05384,1.15751,5.84985,11.72000,22.50768,24.96830,96.17117
66-1,1783321699.026151,2026-07-06T14:08:19.026151,5.09077,1.28959,6.56501,13.15000,25.87244,5.05129,1.27299,6.43023,12.94000,25.05247,5.02518,1.25346,6.29885,12.40000,24.67027,5.06904,1.17313,5.94666,11.88000,23.10305,25.24075,98.69823
66-1,1783321699.126269,2026-07-06T14:08:19.126269,5.08677,1.28959,6.55985,13.15000,26.52920,5.05254,1.24540,6.29243,12.66000,25.68246,5.02906,1.25565,6.31476,12.42000,25.30249,5.07704,1.17313,5.95604,11.88000,23.69935,25.12308,101.21350
66-1,1783321699.226388,2026-07-06T14:08:19.226388,5.08720,1.28178,6.52066,13.07000,27.18204,5.05120,1.27494,6.43998,12.96000,26.32722,5.02906,1.25565,6.31476,12.42000,25.93472,5.07288,1.17631,5.96726,11.91000,24.29679,25.24266,103.74078
66-1,1783321699.326505,2026-07-06T14:08:19.326505,5.09415,1.15433,5.88034,11.77000,27.77077,5.05673,1.15287,5.82974,11.72000,26.91088,5.02266,1.22733,6.16447,12.14000,26.55189,5.06239,1.06766,5.40491,10.81000,24.83791,23.27946,106.07145
66-1,1783321699.426624,2026-07-06T14:08:19.426624,5.09415,1.15433,5.88034,11.77000,28.35950,5.05273,1.15287,5.82512,11.72000,27.49408,5.02124,1.25248,6.28900,12.39000,27.18154,5.05784,1.15751,5.85448,11.72000,25.42406,23.84894,108.45917
66-1,1783321699.526742,2026-07-06T14:08:19.526742,5.08971,1.30912,6.66305,13.35000,29.02659,5.04805,1.25614,6.34107,12.77000,28.12894,5.02884,1.25956,6.33413,12.46000,27.81570,5.07283,1.17728,5.97216,11.92000,26.02198,25.31041,110.99321
66-1,1783321699.626860,2026-07-06T14:08:19.626860,5.08949,1.31303,6.68265,13.39000,29.69565,5.04707,1.27787,6.44950,12.99000,28.77465,5.02884,1.25956,6.33413,12.46000,28.44986,5.07283,1.17728,5.97216,11.92000,26.61990,25.43844,113.54006
66-1,1783321699.726979,2026-07-06T14:08:19.726979,5.08645,1.29545,6.58924,13.21000,30.35535,5.05111,1.27689,6.44974,12.98000,29.42039,5.02586,1.24149,6.23957,12.28000,29.07456,5.06883,1.17728,5.96745,11.92000,27.21735,25.24600,116.06764
66-1,1783321699.827097,2026-07-06T14:08:19.827097,5.08645,1.29545,6.58924,13.21000,31.01505,5.05911,1.27689,6.45995,12.98000,30.06715,5.02490,1.25858,6.32425,12.45000,29.70773,5.06878,1.17826,5.97234,11.93000,27.81529,25.34578,118.60522
66-1,1783321699.927216,2026-07-06T14:08:19.927216,5.08544,1.31400,6.68229,13.40000,31.68408,5.04302,1.27885,6.44926,13.00000,30.71284,5.02855,1.26469,6.35954,12.51000,30.34444,5.07754,1.16337,5.90703,11.78000,28.40670,25.39812,121.14806
66-1,1783321700.027332,2026-07-06T14:08:20.027332,5.08624,1.29936,6.60884,13.25000,32.34573,5.04298,1.27982,6.45413,13.01000,31.35900,5.02455,1.26469,6.35448,12.51000,30.98063,5.07354,1.16337,5.90238,11.78000,28.99762,25.31983,123.68298
66-1,1783321700.127450,2026-07-06T14:08:20.127450,5.08240,1.29643,6.58896,13.22000,33.00540,5.05929,1.27299,6.44041,12.94000,32.00380,5.03004,1.23832,6.22879,12.25000,31.60424,5.07278,1.17826,5.97705,11.93000,29.59603,25.23521,126.20947
66-1,1783321700.227569,2026-07-06T14:08:20.227569,5.09040,1.29643,6.59933,13.22000,33.66612,5.05929,1.27299,6.44041,12.94000,32.64861,5.02884,1.25956,6.33413,12.46000,32.23841,5.07273,1.17924,5.98195,11.94000,30.19494,25.35582,128.74808
66-1,1783321700.327687,2026-07-06T14:08:20.327687,5.08608,1.30229,6.62353,13.28000,34.32926,5.05120,1.27494,6.43998,12.96000,33.29337,5.01666,1.26273,6.33471,12.49000,32.87263,5.07259,1.18216,5.99663,11.97000,30.79531,25.39485,131.29057
66-1,1783321700.427806,2026-07-06T14:08:20.427806,5.08677,1.28959,6.55985,13.15000,34.98602,5.05089,1.28178,6.47412,13.03000,33.94155,5.02466,1.26273,6.34481,12.49000,33.50786,5.07659,1.18216,6.00136,11.97000,31.39616,25.38014,133.83159
66-1,1783321700.527924,2026-07-06T14:08:20.527924,5.08549,1.31303,6.67740,13.39000,35.65455,5.05094,1.28080,6.46924,13.02000,34.58924,5.02780,1.20707,6.06890,11.94000,34.11547,5.07904,1.13382,5.75873,11.48000,31.97271,24.97427,136.33197
66-1,1783321700.628042,2026-07-06T14:08:20.628042,5.08251,1.29447,6.57917,13.20000,36.31324,5.05494,1.28080,6.47437,13.02000,35.23744,5.02490,1.25858,6.32425,12.45000,34.74864,5.07673,1.17924,5.98666,11.94000,32.57208,25.36445,138.87140
66-1,1783321700.728160,2026-07-06T14:08:20.728160,5.09451,1.29447,6.59470,13.20000,36.97349,5.05898,1.27982,6.47460,13.01000,35.88566,5.02175,1.24345,6.24428,12.30000,35.37380,5.07659,1.18216,6.00136,11.97000,33.17293,25.31494,141.40588
66-1,1783321700.828275,2026-07-06T14:08:20.828275,5.08992,1.30522,6.64344,13.31000,37.63860,5.05978,1.26225,6.38668,12.83000,36.52507,5.03375,1.24345,6.25920,12.30000,36.00044,5.07254,1.18314,6.00153,11.98000,33.77377,25.29085,143.93788
67-1,1783321700.928436,2026-07-06T14:08:20.928436,5.09494,1.21317,6.18104,12.37000,0.61910,5.05582,1.26127,6.37675,12.82000,0.63870,5.02072,1.26176,6.33493,12.48000,0.63451,5.06854,1.18314,5.99680,11.98000,0.60064,24.88952,2.49296
67-1,1783321701.028554,2026-07-06T14:08:21.028554,5.08078,1.39946,7.11033,14.27000,1.33097,5.05182,1.26127,6.37170,12.82000,1.27662,5.01741,1.32035,6.62475,13.06000,1.29777,5.07723,1.24833,6.33806,12.64000,1.23520,26.44484,5.14056
67-1,1783321701.128672,2026-07-06T14:08:21.128672,5.08078,1.39946,7.11033,14.27000,2.04284,5.04165,1.22074,6.15455,12.41000,1.89280,5.05772,0.96048,4.85783,9.50000,1.78412,5.09877,0.82351,4.19889,8.34000,1.65558,22.32160,7.37535
67-1,1783321701.228791,2026-07-06T14:08:21.228791,5.08972,1.23563,6.28902,12.60000,2.67249,5.04152,1.22367,6.16916,12.44000,2.51046,5.03772,0.96048,4.83862,9.50000,2.26856,5.06215,1.15140,5.82857,11.66000,2.23914,23.12537,9.69065
67-1,1783321701.328908,2026-07-06T14:08:21.328908,5.08688,1.28764,6.55005,13.13000,3.32827,5.04832,1.25028,6.31182,12.71000,3.14238,5.02638,1.23222,6.19359,12.19000,2.88865,5.07815,1.15140,5.84699,11.66000,2.82452,24.90245,12.18381
67-1,1783321701.429027,2026-07-06T14:08:21.429027,5.08741,1.27787,6.50106,13.03000,3.97914,5.05632,1.25028,6.32182,12.71000,3.77531,5.02364,1.21000,6.07859,11.97000,3.49723,5.06994,1.15555,5.85858,11.70000,3.41107,24.76005,14.66275
67-1,1783321701.529145,2026-07-06T14:08:21.529145,5.08341,1.27787,6.49595,13.03000,4.62951,5.05205,1.25614,6.34609,12.77000,4.41067,5.02220,1.23539,6.20438,12.22000,4.11840,5.07079,1.13871,5.77414,11.53000,3.98917,24.82056,17.14774
67-1,1783321701.629263,2026-07-06T14:08:21.629263,5.08309,1.28373,6.52532,13.09000,5.28281,5.05227,1.25126,6.32170,12.72000,5.04359,5.02998,1.23930,6.23364,12.26000,4.74250,5.06964,1.16141,5.88794,11.76000,4.57866,24.96860,19.64756
67-1,1783321701.729383,2026-07-06T14:08:21.729383,5.07996,1.26786,6.44068,12.93000,5.92765,5.05702,1.23466,6.24369,12.55000,5.66870,5.02598,1.23930,6.22868,12.26000,5.36611,5.07364,1.16141,5.89259,11.76000,5.16862,24.80564,22.13108
67-1,1783321701.829501,2026-07-06T14:08:21.829501,5.07840,1.29643,6.58377,13.22000,6.58680,5.05302,1.23466,6.23875,12.55000,6.29331,5.02660,1.22831,6.17422,12.15000,5.98427,5.06994,1.15555,5.85858,11.70000,5.75517,24.85532,24.61955
67-1,1783321701.929619,2026-07-06T14:08:21.929619,5.08677,1.28959,6.55985,13.15000,7.24356,5.05969,1.26420,6.39645,12.85000,6.93371,5.02671,1.22636,6.16454,12.13000,6.60145,5.06964,1.16141,5.88794,11.76000,6.34466,25.00878,27.12338
67-1,1783321702.029737,2026-07-06T14:08:22.029737,5.08677,1.28959,6.55985,13.15000,7.90032,5.05991,1.25932,6.37202,12.80000,7.57167,5.02986,1.24149,6.24454,12.28000,7.22664,5.07764,1.16141,5.89723,11.76000,6.93508,25.07364,29.63371
67-1,1783321702.129855,2026-07-06T14:08:22.129855,5.08352,1.27592,6.48615,13.01000,8.54970,5.04898,1.23563,6.23869,12.56000,8.19627,5.02986,1.24149,6.24454,12.28000,7.85183,5.07419,1.15043,5.83748,11.65000,7.51952,24.80686,32.11732
67-1,1783321702.229975,2026-07-06T14:08:22.229975,5.08331,1.27982,6.50574,13.05000,9.20105,5.05164,1.26518,6.39121,12.56000,8.83616,5.02684,1.22416,6.15365,12.11000,8.46793,5.07419,1.15043,5.83748,11.65000,8.10396,24.88808,34.60911
67-1,1783321702.330094,2026-07-06T14:08:22.330094,5.08849,1.25810,6.40181,12.83000,9.84200,5.05564,1.26518,6.39627,12.86000,9.47655,5.02581,1.24247,6.24441,12.29000,9.09312,5.06959,1.16239,5.89283,11.77000,8.69395,24.93532,37.10562
67-1,1783321702.430212,2026-07-06T14:08:22.430212,5.08449,1.25810,6.39677,12.83000,10.48243,5.05169,1.26420,6.38634,12.85000,10.11593,5.02604,1.23832,6.22384,12.25000,9.71623,5.07029,1.14847,5.82309,11.63000,9.27695,24.83004,39.59154
67-1,1783321702.530330,2026-07-06T14:08:22.530330,5.08336,1.27885,6.50084,13.04000,11.13328,5.05302,1.23466,6.23875,12.55000,10.74055,5.02204,1.23832,6.21889,12.25000,10.33886,5.06939,1.16630,5.91241,11.81000,9.86889,24.87089,42.08158
67-1,1783321702.630450,2026-07-06T14:08:22.630450,5.08363,1.27396,6.47636,12.99000,11.78169,5.04729,1.27299,6.42514,12.94000,11.38383,5.02295,1.22221,6.13907,12.09000,10.95350,5.06939,1.16630,5.91241,11.81000,10.46083,24.95298,44.57986
67-1,1783321702.730568,2026-07-06T14:08:22.730568,5.08630,1.22489,6.23017,12.49000,12.40545,5.05529,1.27299,6.43532,12.94000,12.02812,5.02169,1.24442,6.24911,12.31000,11.57915,5.07024,1.14945,5.82799,11.64000,11.04432,24.74259,47.05704
67-1,1783321702.830685,2026-07-06T14:08:22.830685,5.08230,1.22489,6.22527,12.49000,13.02870,5.05117,1.18729,5.99721,12.07000,12.62854,5.02981,1.24247,6.24938,12.29000,12.20482,5.06944,1.16532,5.90751,11.80000,11.63576,24.37937,49.49782
67-1,1783321702.930802,2026-07-06T14:08:22.930802,5.09067,1.29154,6.57482,13.17000,13.68695,5.04872,1.24149,6.26794,12.62000,13.25607,5.02181,1.24247,6.23944,12.29000,12.82949,5.07429,1.14847,5.82769,11.63000,12.21921,24.90989,51.99173
67-1,1783321703.030920,2026-07-06T14:08:23.030920,5.09029,1.29838,6.60913,13.24000,14.34865,5.04742,1.27006,6.41052,12.91000,13.89788,5.03015,1.23637,6.21911,12.23000,13.45214,5.07429,1.14847,5.82769,11.63000,12.80267,25.06645,54.50134
67-1,1783321703.131039,2026-07-06T14:08:23.131039,5.08806,1.26591,6.44102,12.91000,14.99351,5.05142,1.27006,6.41560,12.91000,14.54020,5.02964,1.24540,6.26391,12.32000,14.07927,5.07334,1.16727,5.92197,11.82000,13.39557,25.04250,57.00856
67-1,1783321703.231157,2026-07-06T14:08:23.231157,5.08699,1.28568,6.54026,13.11000,15.64832,5.05173,1.26322,6.38146,12.84000,15.17911,5.02266,1.22733,6.16447,12.14000,14.69645,5.07424,1.14945,5.83259,11.64000,13.97952,24.91878,59.50339
67-1,1783321703.331276,2026-07-06T14:08:23.331276,5.08699,1.28568,6.54026,13.11000,16.30312,5.05138,1.27103,6.42048,12.92000,15.82192,5.02666,1.22733,6.16938,12.14000,15.31412,5.06919,1.17020,5.93198,11.85000,14.57343,25.06210,62.01258
67-1,1783321703.431394,2026-07-06T14:08:23.431394,5.08363,1.27396,6.47636,12.99000,16.95152,5.05555,1.26713,6.40604,12.88000,16.46328,5.02541,1.24955,6.27949,12.36000,15.94281,5.06919,1.17020,5.93198,11.85000,15.16732,25.09387,64.52493
67-1,1783321703.531512,2026-07-06T14:08:23.531512,5.08208,1.30229,6.61832,13.28000,17.61413,5.05155,1.26713,6.40097,12.88000,17.10413,5.02666,1.22733,6.16938,12.14000,16.56048,5.07334,1.16727,5.92197,11.82000,15.76022,25.11064,67.03896
67-1,1783321703.631630,2026-07-06T14:08:23.631630,5.08992,1.30522,6.64344,13.31000,18.27926,5.05173,1.26322,6.38146,12.84000,17.74303,5.02541,1.24955,6.27949,12.36000,17.18917,5.06924,1.16923,5.92709,11.84000,16.35363,25.23148,69.56508
67-1,1783321703.731749,2026-07-06T14:08:23.731749,5.08592,1.30522,6.63822,13.31000,18.94387,5.05357,1.22269,6.17896,12.43000,18.36166,5.03341,1.24955,6.28949,12.36000,17.81886,5.07225,1.10990,5.62968,11.24000,16.91726,24.73635,72.04165
67-1,1783321703.831866,2026-07-06T14:08:23.831866,5.08587,1.30619,6.64312,13.32000,19.60896,5.05761,1.22172,6.17897,12.42000,18.98028,5.02924,1.25248,6.29902,12.39000,18.44950,5.07159,1.12284,5.69457,11.37000,17.48739,24.81568,74.52614
67-1,1783321703.931984,2026-07-06T14:08:23.931984,5.08571,1.30912,6.65781,13.35000,20.27553,5.05361,1.22172,6.17408,12.42000,19.59842,5.02918,1.25346,6.30386,12.40000,19.08063,5.07559,1.12284,5.69906,11.37000,18.05797,24.83481,77.01255
67-1,1783321704.032101,2026-07-06T14:08:24.032101,5.08683,1.28861,6.55495,13.14000,20.93179,5.05120,1.27494,6.43998,12.96000,20.24317,5.03066,1.22733,6.17429,12.14000,19.69879,5.06899,1.17411,5.95155,11.89000,18.65382,25.12077,79.52757
67-1,1783321704.132220,2026-07-06T14:08:24.132220,5.08683,1.28861,6.55495,13.14000,21.58807,5.05249,1.24638,6.29731,12.67000,20.87365,5.02666,1.22733,6.16938,12.14000,20.31646,5.06909,1.17215,5.94176,11.87000,19.24870,24.96340,82.02687
67-1,1783321704.232338,2026-07-06T14:08:24.232338,5.08267,1.29154,6.56448,13.17000,22.24529,5.04733,1.27201,6.42027,12.93000,21.51643,5.02124,1.25248,6.28900,12.39000,20.94610,5.07709,1.17215,5.95114,11.87000,19.84452,25.22489,84.55234
67-1,1783321704.332457,2026-07-06T14:08:24.332457,5.08256,1.29350,6.57427,13.19000,22.90350,5.05533,1.27201,6.43044,12.93000,22.16024,5.02135,1.25053,6.27933,12.37000,21.57478,5.06909,1.17215,5.94176,11.87000,20.43940,25.22580,87.07792
67-1,1783321704.432575,2026-07-06T14:08:24.432575,5.09051,1.29447,6.58952,13.20000,23.56322,5.05210,1.25517,6.34122,12.76000,22.79511,5.02935,1.25053,6.28934,12.37000,22.20445,5.06894,1.17508,5.95644,11.90000,21.03575,25.17652,89.59854
67-1,1783321704.532693,2026-07-06T14:08:24.532693,5.08651,1.29447,6.58435,13.20000,24.22244,5.05133,1.27201,6.42535,12.93000,23.43841,5.02535,1.25053,6.28433,12.37000,22.83363,5.06919,1.17020,5.93198,11.85000,21.62965,25.22601,92.12412
67-1,1783321704.632812,2026-07-06T14:08:24.632812,5.08187,1.30619,6.63790,13.32000,24.88702,5.05094,1.28080,6.46924,13.02000,24.08610,5.03306,1.25565,6.31978,12.42000,23.46636,5.07724,1.16923,5.93644,11.84000,22.22400,25.36336,94.66348
67-1,1783321704.732931,2026-07-06T14:08:24.732931,5.08251,1.29447,6.57917,13.20000,25.54572,5.05494,1.28080,6.47437,13.02000,24.73431,5.02666,1.22733,6.16938,12.14000,24.08403,5.06924,1.16923,5.92709,11.84000,22.81741,25.15001,97.18147
67-1,1783321704.833050,2026-07-06T14:08:24.833050,5.08219,1.30033,6.60853,13.26000,26.20735,5.04724,1.27396,6.43001,12.95000,25.37807,5.02518,1.25346,6.29885,12.40000,24.71466,5.07273,1.17924,5.98195,11.94000,23.41631,25.31934,99.71640
67-1,1783321704.933168,2026-07-06T14:08:24.933168,5.08960,1.31108,6.67285,13.37000,26.87543,5.04707,1.27787,6.44950,12.99000,26.02378,5.02061,1.26371,6.34459,12.50000,25.34988,5.07678,1.17826,5.98176,11.93000,24.01520,25.44870,102.26429
67-1,1783321705.033286,2026-07-06T14:08:25.033286,5.08960,1.31108,6.67285,13.37000,27.54350,5.05227,1.25126,6.32170,12.72000,26.65670,5.02461,1.26371,6.34965,12.50000,25.98559,5.07774,1.15946,5.88743,11.74000,24.60464,25.23163,104.79043
67-1,1783321705.133404,2026-07-06T14:08:25.133404,5.08203,1.30326,6.62321,13.29000,28.20660,5.05227,1.25126,6.32170,12.72000,27.28961,5.02564,1.24540,6.25893,12.32000,26.61222,5.07273,1.17924,5.98195,11.94000,25.20354,25.18579,107.31198
67-1,1783321705.233521,2026-07-06T14:08:25.233521,5.08187,1.30619,6.63790,13.32000,28.87117,5.05898,1.27982,6.47460,13.01000,27.93783,5.02495,1.25761,6.31941,12.44000,27.24490,5.07273,1.17924,5.98195,11.94000,25.80243,25.41386,109.85633
67-1,1783321705.333638,2026-07-06T14:08:25.333638,5.07925,1.28080,6.50551,13.06000,29.52248,5.05871,1.28568,6.50391,13.07000,28.58899,5.02490,1.25858,6.32425,12.45000,27.87807,5.06864,1.18119,5.98701,11.96000,26.40184,25.32068,112.39138
67-1,1783321705.433757,2026-07-06T14:08:25.433757,5.07925,1.28080,6.50551,13.06000,30.17381,5.05911,1.27689,6.45995,12.98000,29.23575,5.03290,1.25858,6.33432,12.45000,28.51225,5.06873,1.17924,5.97723,11.94000,27.00027,25.27701,114.92207
67-1,1783321705.533875,2026-07-06T14:08:25.533875,5.08629,1.29838,6.60394,13.24000,30.83498,5.04311,1.27689,6.43952,12.98000,29.88046,5.02901,1.25663,6.31960,12.43000,29.14496,5.06939,1.16630,5.91241,11.81000,27.59221,25.27547,117.45261
67-1,1783321705.633994,2026-07-06T14:08:25.633994,5.08587,1.30619,6.64312,13.32000,31.50008,5.04698,1.27982,6.45925,13.01000,30.52715,5.02884,1.25956,6.33413,12.46000,29.77912,5.06939,1.16630,5.91241,11.81000,28.18415,25.34891,119.99050
67-1,1783321705.734114,2026-07-06T14:08:25.734114,5.07435,1.29740,6.58347,13.23000,32.15922,5.04685,1.28275,6.47386,13.04000,31.17532,5.02866,1.26273,6.34986,12.49000,30.41487,5.07273,1.17924,5.98195,11.94000,28.78306,25.38914,122.53247
67-1,1783321705.834232,2026-07-06T14:08:25.834232,5.08235,1.29740,6.59385,13.23000,32.81938,5.04316,1.27592,6.43465,12.97000,31.81954,5.02466,1.26273,6.34481,12.49000,31.05010,5.07259,1.18216,5.99663,11.97000,29.38343,25.36994,125.07246
67-1,1783321705.934351,2026-07-06T14:08:25.934351,5.08603,1.30326,6.62843,13.29000,33.48302,5.04316,1.27592,6.43465,12.97000,32.46377,5.02586,1.24149,6.23957,12.28000,31.67480,5.07669,1.18021,5.99156,11.95000,29.98330,25.29421,127.60490
67-1,1783321706.034468,2026-07-06T14:08:26.034468,5.09045,1.29545,6.59443,13.21000,34.14323,5.05502,1.27885,6.46461,13.00000,33.11099,5.02479,1.26054,6.33393,12.47000,32.30893,5.06869,1.18021,5.98212,11.95000,30.58221,25.37509,130.14537
67-1,1783321706.134586,2026-07-06T14:08:26.134586,5.08965,1.31010,6.66795,13.36000,34.81081,5.05485,1.28275,6.48413,13.04000,33.76017,5.02855,1.26469,6.35954,12.51000,32.94564,5.06849,1.18412,6.00169,11.99000,31.18309,25.51331,132.69972
67-1,1783321706.234704,2026-07-06T14:08:26.234704,5.08544,1.31400,6.68229,13.40000,35.47983,5.05573,1.26322,6.38651,12.84000,34.39957,5.02055,1.26469,6.34943,12.51000,33.58133,5.07283,1.17728,5.97216,11.92000,31.78101,25.39039,135.24173
67-1,1783321706.334822,2026-07-06T14:08:26.334822,5.08144,1.31400,6.67704,13.40000,36.14832,5.04773,1.26322,6.37641,12.84000,35.03796,5.02461,1.26371,6.34965,12.50000,34.21705,5.07294,1.17508,5.96114,11.90000,32.37783,25.36424,137.78116
68-1,1783321706.434969,2026-07-06T14:08:26.434969,5.07804,1.22977,6.24484,12.54000,0.62540,5.04432,1.25028,6.30682,12.71000,0.63161,5.02724,1.21708,6.11854,12.04000,0.61275,5.06564,1.24027,6.28277,12.56000,0.62920,24.95297,2.49897
68-1,1783321706.535086,2026-07-06T14:08:26.535086,5.07355,1.31205,6.65676,13.38000,1.29186,5.04013,1.34281,6.76796,13.65000,1.30920,5.02490,1.25858,6.32425,12.45000,1.24592,5.06164,1.24027,6.27781,12.56000,1.25772,26.02678,5.10470
68-1,1783321706.635206,2026-07-06T14:08:26.635206,5.09602,1.19340,6.08157,12.17000,1.90074,5.07229,1.07425,5.44891,10.92000,1.85474,5.02490,1.25858,6.32425,12.45000,1.87910,5.07371,0.84426,4.28355,8.55000,1.68659,22.13828,7.32117
68-1,1783321706.735325,2026-07-06T14:08:26.735325,5.09202,1.19340,6.07680,12.17000,2.50915,5.06429,1.07425,5.44032,10.92000,2.39942,5.02226,1.23441,6.19954,12.21000,2.49979,5.05784,1.15751,5.85448,11.72000,2.27273,23.57114,9.68109
68-1,1783321706.835443,2026-07-06T14:08:26.835443,5.08309,1.28373,6.52532,13.09000,3.16245,5.05218,1.25321,6.33146,12.74000,3.03331,5.02409,1.20194,6.03866,11.89000,3.10437,5.07064,1.14164,5.78883,11.56000,2.85229,24.68427,12.15242
68-1,1783321706.935561,2026-07-06T14:08:26.935561,5.09064,1.14530,5.83031,11.68000,3.74617,5.05833,1.11747,5.65251,11.36000,3.59923,5.03346,1.17777,5.92826,11.65000,3.69790,5.07064,1.14164,5.78883,11.56000,3.43186,23.19991,14.47516
68-1,1783321707.035681,2026-07-06T14:08:27.035681,5.08736,1.27885,6.50596,13.04000,4.39754,5.05155,1.26713,6.40097,12.88000,4.24010,5.03746,1.17777,5.93297,11.65000,4.29190,5.07384,1.15751,5.87300,11.72000,4.01987,24.71290,16.94941
68-1,1783321707.135798,2026-07-06T14:08:27.135798,5.08336,1.27885,6.50084,13.04000,5.04839,5.05555,1.26713,6.40604,12.88000,4.88145,5.02609,1.23734,6.21900,12.24000,4.91454,5.07379,1.15848,5.87789,11.73000,4.60835,25.00377,19.45273
68-1,1783321707.235917,2026-07-06T14:08:27.235917,5.08341,1.27787,6.49595,13.03000,5.69876,5.04801,1.25712,6.34594,12.78000,5.51680,5.02758,1.21097,6.08827,11.98000,5.52409,5.06998,1.15458,5.85368,11.69000,5.19441,24.78384,21.93405
68-1,1783321707.336036,2026-07-06T14:08:27.336036,5.08368,1.27299,6.47146,12.98000,6.34668,5.04885,1.23856,6.25332,12.59000,6.14288,5.02181,1.24247,6.23944,12.29000,6.14877,5.07798,1.15458,5.86292,11.69000,5.78140,24.82714,24.41973
68-1,1783321707.436153,2026-07-06T14:08:27.436153,5.08347,1.27689,6.49105,13.02000,6.99654,5.04823,1.25224,6.32157,12.73000,6.77578,5.02981,1.24247,6.24938,12.29000,6.77444,5.07369,1.16044,5.88769,11.75000,6.37086,24.94969,26.91762
68-1,1783321707.536272,2026-07-06T14:08:27.536272,5.08672,1.29057,6.56475,13.16000,7.65379,5.05223,1.25224,6.32658,12.73000,7.40918,5.02586,1.24149,6.23957,12.28000,7.39914,5.07469,1.14066,5.78849,11.55000,6.95039,24.91939,29.41251
68-1,1783321707.636390,2026-07-06T14:08:27.636390,5.08672,1.29057,6.56475,13.16000,8.31105,5.04769,1.26420,6.38128,12.85000,8.04807,5.02775,1.20804,6.07374,11.95000,8.00724,5.06959,1.16239,5.89283,11.77000,7.54038,24.91260,31.90673
68-1,1783321707.736509,2026-07-06T14:08:27.736509,5.08385,1.26981,6.45555,12.95000,8.95737,5.04849,1.24638,6.29232,12.67000,8.67805,5.02192,1.24052,6.22977,12.27000,8.63095,5.07474,1.13968,5.78360,11.54000,8.11942,24.76124,34.38579
68-1,1783321707.836629,2026-07-06T14:08:27.836629,5.08325,1.28080,6.51063,13.06000,9.60921,5.04810,1.25517,6.33619,12.76000,9.31243,5.02992,1.24052,6.23969,12.27000,9.25567,5.07474,1.13968,5.78360,11.54000,8.69848,24.87011,36.87579
68-1,1783321707.936749,2026-07-06T14:08:27.936749,5.08347,1.27689,6.49105,13.02000,10.25909,5.05610,1.25517,6.34624,12.76000,9.94781,5.02231,1.23344,6.19470,12.20000,9.87588,5.07339,1.16630,5.91707,11.81000,9.29089,24.94906,39.37367
68-1,1783321708.036868,2026-07-06T14:08:28.036868,5.09147,1.27689,6.50126,13.02000,10.90999,5.05160,1.26615,6.39609,12.87000,10.58818,5.02181,1.24247,6.23944,12.29000,10.50057,5.07444,1.14554,5.81299,11.60000,9.87288,24.94978,41.87162
68-1,1783321708.136986,2026-07-06T14:08:28.136986,5.09035,1.29740,6.60423,13.23000,11.57120,5.05289,1.23759,6.25339,12.58000,11.21426,5.02204,1.23832,6.21889,12.25000,11.12319,5.06944,1.16532,5.90751,11.80000,10.46433,24.98402,44.37298
68-1,1783321708.237105,2026-07-06T14:08:28.237105,5.09099,1.28568,6.54540,13.11000,12.22652,5.04751,1.26811,6.40077,12.89000,11.85510,5.02306,1.22025,6.12940,12.07000,11.73686,5.07344,1.16532,5.91217,11.80000,11.05625,24.98774,46.87474
68-1,1783321708.337224,2026-07-06T14:08:28.337224,5.08240,1.29643,6.58896,13.22000,12.88620,5.05151,1.26811,6.40585,12.89000,12.49645,5.02706,1.22025,6.13428,12.07000,12.35102,5.07054,1.14359,5.79862,11.58000,11.63681,24.92771,49.37047
68-1,1783321708.437343,2026-07-06T14:08:28.437343,5.08640,1.29643,6.59414,13.22000,13.54639,5.05569,1.26420,6.39139,12.85000,13.13634,5.02152,1.24760,6.26483,12.34000,12.97824,5.06934,1.16727,5.91730,11.82000,12.22924,25.16766,51.89022
68-1,1783321708.537460,2026-07-06T14:08:28.537460,5.09185,1.26981,6.46571,12.95000,14.19372,5.05582,1.26127,6.37675,12.82000,13.77477,5.02340,1.21415,6.09916,12.01000,13.58888,5.07398,1.15458,5.85830,11.69000,12.81576,24.79992,54.37313
68-1,1783321708.637580,2026-07-06T14:08:28.637580,5.09115,1.28275,6.53069,13.08000,14.84757,5.05542,1.27006,6.42068,12.91000,14.41760,5.02135,1.25053,6.27933,12.37000,14.21756,5.06998,1.15458,5.85368,11.69000,13.40182,25.08438,56.88456
68-1,1783321708.737697,2026-07-06T14:08:28.737697,5.07915,1.28275,6.51529,13.08000,15.49987,5.04742,1.27006,6.41052,12.91000,15.05941,5.02535,1.25053,6.28433,12.37000,14.84673,5.07734,1.16727,5.92664,11.82000,13.99518,25.13678,59.40119
68-1,1783321708.837815,2026-07-06T14:08:28.837815,5.08429,1.18851,6.04274,12.12000,16.10485,5.05445,1.20316,6.08132,12.23000,15.66826,5.04117,1.18290,5.96318,11.70000,15.44375,5.07739,1.16630,5.92174,11.81000,14.58805,24.00898,61.80492
68-1,1783321708.937934,2026-07-06T14:08:28.937934,5.08429,1.18851,6.04274,12.12000,16.70985,5.06826,0.89822,4.55242,9.13000,16.12404,5.05915,0.86428,4.37254,8.55000,15.88153,5.09856,0.82766,4.21988,8.38000,15.01055,19.18758,63.72596
68-1,1783321709.038053,2026-07-06T14:08:29.038053,5.08986,1.01297,5.15588,10.33000,17.22605,5.06030,0.89724,4.54033,9.12000,16.57861,5.03932,0.93216,4.69744,9.22000,16.35183,5.08121,0.93313,4.74145,9.45000,15.48525,19.13510,65.64175
68-1,1783321709.138172,2026-07-06T14:08:29.138172,5.07408,1.30229,6.60790,13.28000,17.88762,5.05230,0.89724,4.53315,9.12000,17.03247,5.03532,0.93216,4.69371,9.22000,16.82176,5.07721,0.93313,4.73772,9.45000,15.95959,20.57248,67.70144
68-1,1783321709.238291,2026-07-06T14:08:29.238291,5.08773,1.27201,6.47165,12.97000,18.53556,5.05680,1.23954,6.26811,12.60000,17.66002,5.02306,1.22025,6.12940,12.07000,17.43543,5.07334,1.16727,5.92197,11.82000,16.55249,24.79113,70.18350
68-1,1783321709.338409,2026-07-06T14:08:29.338409,5.08773,1.27201,6.47165,12.97000,19.18349,5.05555,1.26713,6.40604,12.88000,18.30138,5.02158,1.24638,6.25878,12.33000,18.06205,5.07334,1.16727,5.92197,11.82000,17.14539,25.05844,72.69231
68-1,1783321709.438528,2026-07-06T14:08:29.438528,5.08203,1.30326,6.62321,13.29000,19.84660,5.05263,1.24345,6.28267,12.64000,18.93040,5.02592,1.24052,6.23473,12.27000,18.68626,5.07359,1.16239,5.89748,11.77000,17.73584,25.03809,75.19909
68-1,1783321709.538645,2026-07-06T14:08:29.538645,5.08240,1.29643,6.58896,13.22000,20.50626,5.04863,1.24345,6.27770,12.64000,19.55890,5.02592,1.24052,6.23473,12.27000,19.31046,5.06959,1.16239,5.89283,11.77000,18.32581,24.99422,77.70143
68-1,1783321709.638762,2026-07-06T14:08:29.638762,5.09125,1.28080,6.52088,13.06000,21.15911,5.05147,1.26908,6.41072,12.90000,20.20072,5.02546,1.24857,6.27466,12.35000,19.93866,5.06914,1.17118,5.93687,11.86000,18.92019,25.14313,80.21869
68-1,1783321709.738883,2026-07-06T14:08:29.738883,5.08325,1.28080,6.51063,13.06000,21.81096,5.05227,1.25126,6.32170,12.72000,20.83366,5.02495,1.25761,6.31941,12.44000,20.57137,5.06919,1.17020,5.93198,11.85000,19.51411,25.08372,82.73010
68-1,1783321709.839000,2026-07-06T14:08:29.839000,5.08677,1.28959,6.55985,13.15000,22.46772,5.05129,1.27299,6.43023,12.94000,21.47743,5.03381,1.24247,6.25435,12.29000,21.19753,5.07729,1.16825,5.93154,11.83000,20.10795,25.17597,85.25064
68-1,1783321709.939120,2026-07-06T14:08:29.939120,5.08581,1.30717,6.64802,13.33000,23.13332,5.04329,1.27299,6.42005,12.94000,22.12021,5.02981,1.24247,6.24938,12.29000,21.82322,5.06929,1.16825,5.92219,11.83000,20.70088,25.23964,87.77764
68-1,1783321710.039239,2026-07-06T14:08:30.039239,5.09147,1.27689,6.50126,13.02000,23.78422,5.05138,1.27103,6.42048,12.92000,22.76302,5.02518,1.25346,6.29885,12.40000,22.45386,5.07304,1.17313,5.95135,11.88000,21.29673,25.17194,90.29783
68-1,1783321710.139357,2026-07-06T14:08:30.139357,5.08347,1.27689,6.49105,13.02000,24.43409,5.04738,1.27103,6.41539,12.92000,23.40532,5.02649,1.23026,6.18391,12.17000,23.07298,5.07294,1.17508,5.96114,11.90000,21.89355,25.05149,92.80594
68-1,1783321710.239476,2026-07-06T14:08:30.239476,5.08960,1.31108,6.67285,13.37000,25.10217,5.04724,1.27396,6.43001,12.95000,24.04908,5.02501,1.25663,6.31457,12.43000,23.70519,5.07349,1.16434,5.90728,11.79000,22.48498,25.32471,95.34142
68-1,1783321710.339593,2026-07-06T14:08:30.339593,5.08533,1.31596,6.69209,13.42000,25.77216,5.05201,1.25712,6.35097,12.78000,24.68493,5.02501,1.25663,6.31457,12.43000,24.33738,5.06949,1.16434,5.90262,11.79000,23.07593,25.26025,97.87040
68-1,1783321710.439712,2026-07-06T14:08:30.439712,5.08640,1.29643,6.59414,13.22000,26.43236,5.04801,1.25712,6.34594,12.78000,25.32028,5.02501,1.25663,6.31457,12.43000,24.96959,5.06899,1.17411,5.95155,11.89000,23.67179,25.20620,100.39402
68-1,1783321710.539832,2026-07-06T14:08:30.539832,5.08677,1.28959,6.55985,13.15000,27.08913,5.04716,1.27592,6.43976,12.97000,25.96502,5.02581,1.24247,6.24441,12.29000,25.59478,5.07283,1.17728,5.97216,11.92000,24.26972,25.21618,102.91865
68-1,1783321710.639952,2026-07-06T14:08:30.639952,5.08277,1.28959,6.55469,13.15000,27.74539,5.04764,1.26518,6.38615,12.86000,26.60441,5.02095,1.25761,6.31438,12.44000,26.22698,5.07334,1.16727,5.92197,11.82000,24.86263,25.17719,105.43941
68-1,1783321710.740072,2026-07-06T14:08:30.740072,5.08571,1.30912,6.65781,13.35000,28.41197,5.05107,1.27787,6.45461,12.99000,27.25064,5.02895,1.25761,6.32444,12.44000,26.86018,5.07283,1.17728,5.97216,11.92000,25.46057,25.40902,107.98336
68-1,1783321710.840189,2026-07-06T14:08:30.840189,5.08539,1.31498,6.68719,13.41000,29.08147,5.05107,1.27787,6.45461,12.99000,27.89686,5.02466,1.26273,6.34481,12.49000,27.49541,5.07283,1.17728,5.97216,11.92000,26.05848,25.45877,110.53221
68-1,1783321710.940308,2026-07-06T14:08:30.940308,5.07413,1.30131,6.60302,13.27000,29.74255,5.05094,1.28080,6.46924,13.02000,28.54455,5.02569,1.24442,6.25409,12.31000,28.12156,5.06869,1.18021,5.98212,11.95000,26.65740,25.30847,113.06606
68-1,1783321711.040427,2026-07-06T14:08:31.040427,5.08613,1.30131,6.61863,13.27000,30.40521,5.05223,1.25224,6.32658,12.73000,29.17796,5.02884,1.25956,6.33413,12.46000,28.75572,5.06873,1.17924,5.97723,11.94000,27.25584,25.25657,115.59473
68-1,1783321711.140545,2026-07-06T14:08:31.140545,5.08971,1.30912,6.66305,13.35000,31.07230,5.04698,1.27982,6.45925,13.01000,29.82465,5.02484,1.25956,6.32909,12.46000,29.38938,5.06873,1.17924,5.97723,11.94000,27.85427,25.42862,118.14059
68-1,1783321711.240664,2026-07-06T14:08:31.240664,5.09056,1.29350,6.58462,13.19000,31.73154,5.05898,1.27982,6.47460,13.01000,30.47288,5.02095,1.25761,6.31438,12.44000,30.02157,5.08073,1.17924,5.99138,11.94000,28.45412,25.36498,120.68011
68-1,1783321711.340783,2026-07-06T14:08:31.340783,5.07867,1.29154,6.55932,13.17000,32.38826,5.05214,1.25419,6.33634,12.75000,31.10727,5.02466,1.26273,6.34481,12.49000,30.65681,5.07709,1.09330,5.55076,11.07000,29.00985,24.79123,123.16218
68-1,1783321711.440903,2026-07-06T14:08:31.440903,5.08267,1.29154,6.56448,13.17000,33.04549,5.05085,1.28275,6.47899,13.04000,31.75594,5.02484,1.25956,6.32909,12.46000,31.29047,5.07259,1.18216,5.99663,11.97000,29.61023,25.36919,125.70214
68-1,1783321711.541022,2026-07-06T14:08:31.541022,5.08603,1.30326,6.62843,13.29000,33.70912,5.05089,1.28178,6.47412,13.03000,32.40413,5.02890,1.25858,6.32928,12.45000,31.92416,5.07259,1.18216,5.99663,11.97000,30.21061,25.42846,128.24802
68-1,1783321711.641138,2026-07-06T14:08:31.641138,5.07792,1.30522,6.62778,13.31000,34.37267,5.05489,1.28178,6.47925,13.03000,33.05280,5.03290,1.25858,6.33432,12.45000,32.55832,5.07259,1.18216,5.99663,11.97000,30.81097,25.43798,130.79476
68-1,1783321711.741257,2026-07-06T14:08:31.741257,5.07797,1.30424,6.62289,13.30000,35.03575,5.05120,1.27494,6.43998,12.96000,33.69757,5.02112,1.25468,6.29988,12.41000,33.18906,5.07309,1.17215,5.94645,11.87000,31.40632,25.30920,133.32870
68-1,1783321711.841375,2026-07-06T14:08:31.841375,5.08838,1.26005,6.41161,12.85000,35.67766,5.05196,1.25810,6.35585,12.79000,34.33390,5.02351,1.21220,6.08948,11.99000,33.79872,5.07314,1.17118,5.94156,11.86000,32.00118,24.79850,135.81146
68-1,1783321711.941494,2026-07-06T14:08:31.941494,5.09638,1.26005,6.42169,12.85000,36.32059,5.04760,1.26615,6.39103,12.87000,34.97376,5.02066,1.26273,6.33976,12.49000,34.43345,5.07264,1.18119,5.99174,11.96000,32.60107,25.14422,138.32887
68-1,1783321712.041612,2026-07-06T14:08:32.041612,5.09365,1.31010,6.67319,13.36000,36.98871,5.04360,1.26615,6.38596,12.87000,35.61312,5.02466,1.26273,6.34481,12.49000,35.06869,5.07299,1.17411,5.95624,11.89000,33.19740,25.36020,140.86790
69-1,1783321712.141770,2026-07-06T14:08:32.141770,5.09740,1.24149,6.32838,12.66000,0.63384,5.05285,1.23856,6.25827,12.59000,0.62681,5.02060,1.19291,5.98911,11.80000,0.59986,5.07699,1.17411,5.96094,11.89000,0.59703,24.53670,2.45754
69-1,1783321712.241887,2026-07-06T14:08:32.241887,5.07739,1.31498,6.67667,13.41000,1.30229,5.04839,1.33695,6.74947,13.59000,1.30255,5.01386,1.31230,6.57967,12.98000,1.25860,5.06964,1.24027,6.28773,12.56000,1.22655,26.29354,5.08998
69-1,1783321712.342005,2026-07-06T14:08:32.342005,5.08539,1.31498,6.68719,13.41000,1.97179,5.05045,1.29154,6.52287,13.13000,1.95561,5.02541,1.24955,6.27949,12.36000,1.88728,5.06788,1.27494,6.46125,12.91000,1.87343,25.95080,7.68812
69-1,1783321712.442123,2026-07-06T14:08:32.442123,5.08486,1.32475,6.73615,13.51000,2.64620,5.04645,1.29154,6.51771,13.13000,2.60815,5.02541,1.24955,6.27949,12.36000,2.51597,5.10807,0.79788,4.07560,8.08000,2.28147,23.60895,10.05180
69-1,1783321712.542241,2026-07-06T14:08:32.542241,5.09004,1.22977,6.25959,12.54000,3.27290,5.05917,1.09891,5.55958,11.17000,3.16476,5.03889,1.08158,5.44994,10.70000,3.06161,5.07607,0.79788,4.05007,8.08000,2.68696,21.31918,12.18623
69-1,1783321712.642359,2026-07-06T14:08:32.642359,5.08773,1.27201,6.47165,12.97000,3.92083,5.05196,1.25810,6.35585,12.79000,3.80110,5.03004,1.23832,6.22879,12.25000,3.68523,5.06984,1.15751,5.86837,11.72000,3.27449,24.92466,14.68164
69-1,1783321712.742477,2026-07-06T14:08:32.742477,5.08373,1.27201,6.46657,12.97000,4.56825,5.05267,1.24247,6.27779,12.63000,4.42962,5.02711,1.21928,6.12944,12.06000,4.29889,5.07069,1.14066,5.78393,11.55000,3.85356,24.65773,17.15031
69-1,1783321712.842595,2026-07-06T14:08:32.842595,5.08267,1.29154,6.56448,13.17000,5.22547,5.05667,1.24247,6.28276,12.63000,5.05864,5.03111,1.21928,6.13431,12.06000,4.91305,5.07774,1.15946,5.88743,11.74000,4.44300,24.86898,19.64016
69-1,1783321712.942713,2026-07-06T14:08:32.942713,5.08428,1.26200,6.41637,12.87000,5.86787,5.05596,1.25810,6.36088,12.79000,5.69548,5.02598,1.23930,6.22868,12.26000,5.53665,5.06974,1.15946,5.87815,11.74000,5.03151,24.88408,22.13151
69-1,1783321713.042833,2026-07-06T14:08:33.042833,5.08315,1.28275,6.52043,13.08000,6.52069,5.05663,1.24345,6.28764,12.64000,6.32499,5.02764,1.21000,6.08343,11.97000,6.14572,5.07419,1.15043,5.83748,11.65000,5.61596,24.72898,24.60736
69-1,1783321713.142951,2026-07-06T14:08:33.142951,5.08277,1.28959,6.55469,13.15000,7.17694,5.04849,1.24638,6.29232,12.67000,6.95497,5.02552,1.24760,6.26982,12.34000,6.77345,5.06564,1.16141,5.88329,11.76000,6.20498,25.00012,27.11033
69-1,1783321713.243069,2026-07-06T14:08:33.243069,5.08277,1.28959,6.55469,13.15000,7.83318,5.04849,1.24638,6.29232,12.67000,7.58494,5.02952,1.24760,6.27481,12.34000,7.40167,5.06904,1.09427,5.54691,11.08000,6.76033,24.66873,29.58011
69-1,1783321713.343187,2026-07-06T14:08:33.343187,5.08341,1.27787,6.49595,13.03000,8.48354,5.05294,1.23661,6.24851,12.57000,8.21053,5.02615,1.23637,6.21416,12.23000,8.02381,5.07064,1.14164,5.78883,11.56000,7.33989,24.74745,32.05777
69-1,1783321713.443305,2026-07-06T14:08:33.443305,5.08192,1.30522,6.63300,13.31000,9.14762,5.05155,1.26713,6.40097,12.88000,8.85138,5.02592,1.24052,6.23473,12.27000,8.64802,5.07464,1.14164,5.79339,11.56000,7.91991,25.06209,34.56694
69-1,1783321713.543423,2026-07-06T14:08:33.543423,5.08677,1.28959,6.55985,13.15000,9.80438,5.05578,1.26225,6.38163,12.83000,9.49030,5.02358,1.21097,6.08343,11.98000,9.25708,5.06964,1.16141,5.88794,11.76000,8.50940,24.91285,37.06116
69-1,1783321713.643541,2026-07-06T14:08:33.643541,5.08677,1.28959,6.55985,13.15000,10.46114,5.05178,1.26225,6.37658,12.83000,10.12871,5.02758,1.21097,6.08827,11.98000,9.86663,5.07059,1.14261,5.79372,11.57000,9.08946,24.81842,39.54594
69-1,1783321713.743659,2026-07-06T14:08:33.743659,5.09013,1.30131,6.62384,13.27000,11.12431,5.05676,1.24052,6.27299,12.61000,10.75675,5.02558,1.24638,6.26377,12.33000,10.49375,5.07274,1.10013,5.58068,11.14000,9.64819,24.74128,42.02300
69-1,1783321713.843778,2026-07-06T14:08:33.843778,5.11517,0.84231,4.30856,8.59000,11.55568,5.07226,0.89822,4.55601,9.13000,11.21289,5.04715,0.86428,4.36217,8.55000,10.93049,5.07674,1.10013,5.58509,11.14000,10.20736,18.81183,43.90642
69-1,1783321713.943897,2026-07-06T14:08:33.943897,5.09425,0.85916,4.37676,8.76000,11.99387,5.05995,0.90506,4.57954,9.20000,11.67139,5.04309,0.86526,4.36359,8.56000,11.36736,5.08265,0.82571,4.19679,8.36000,10.62754,17.51668,45.66017
69-1,1783321714.044016,2026-07-06T14:08:34.044016,5.09025,0.85916,4.37333,8.76000,12.43173,5.05995,0.90506,4.57954,9.20000,12.12989,5.03509,0.86526,4.35667,8.56000,11.80355,5.06544,1.16532,5.90285,11.80000,11.21853,19.21239,47.58369
69-1,1783321714.144136,2026-07-06T14:08:34.144136,5.08401,1.26688,6.44085,12.92000,13.07658,5.05555,1.26713,6.40604,12.88000,12.77126,5.02598,1.23930,6.22868,12.26000,12.42716,5.07759,1.16239,5.90213,11.77000,11.80944,24.97770,50.08445
69-1,1783321714.244253,2026-07-06T14:08:34.244253,5.08213,1.30131,6.61343,13.27000,13.73870,5.05560,1.26615,6.40116,12.87000,13.41213,5.02569,1.24442,6.25409,12.31000,13.05330,5.07359,1.16239,5.89748,11.77000,12.39988,25.16616,52.60401
69-1,1783321714.344372,2026-07-06T14:08:34.344372,5.08806,1.26591,6.44102,12.91000,14.38356,5.05201,1.25712,6.35097,12.78000,14.04798,5.02964,1.24540,6.26391,12.32000,13.68044,5.07344,1.16532,5.91217,11.80000,12.99180,24.96807,55.10378
69-1,1783321714.444489,2026-07-06T14:08:34.444489,5.08715,1.28275,6.52556,13.08000,15.03689,5.06001,1.25712,6.36103,12.78000,14.68483,5.02564,1.24540,6.25893,12.32000,14.30706,5.07339,1.16630,5.91707,11.81000,13.58420,25.06259,57.61298
69-1,1783321714.544607,2026-07-06T14:08:34.544607,5.08315,1.28275,6.52043,13.08000,15.68970,5.05547,1.26908,6.41580,12.90000,15.32716,5.02631,1.23344,6.19964,12.20000,14.92776,5.07754,1.16337,5.90703,11.78000,14.17560,25.04290,60.12023
69-1,1783321714.644726,2026-07-06T14:08:34.644726,5.08731,1.27982,6.51086,13.05000,16.34156,5.05672,1.24149,6.27788,12.62000,15.95570,5.02546,1.24857,6.27466,12.35000,15.55597,5.06924,1.16923,5.92709,11.84000,14.76902,24.99049,62.62224
70-1,1783321714.744868,2026-07-06T14:08:34.744868,5.08945,1.24052,6.31355,12.65000,0.63225,5.05124,1.27396,6.43511,12.95000,0.64443,5.02740,1.21415,6.10401,12.01000,0.61127,5.06524,1.16923,5.92241,11.84000,0.59308,24.77508,2.48104
70-1,1783321714.844985,2026-07-06T14:08:34.844985,5.08139,1.31498,6.68193,13.41000,1.30123,5.05124,1.27396,6.43511,12.95000,1.28869,5.02461,1.33451,6.70541,13.20000,1.28259,5.07318,1.24931,6.33796,12.65000,1.22762,26.16041,5.10013
70-1,1783321714.945103,2026-07-06T14:08:34.945103,5.08939,1.31498,6.69245,13.41000,1.97127,5.06057,1.42143,7.19324,14.45000,2.00887,5.04061,1.33451,6.72676,13.20000,1.95607,5.08540,1.00833,5.12777,10.21000,1.74101,25.74022,7.67721
70-1,1783321715.045222,2026-07-06T14:08:35.045222,5.08446,1.11209,5.65439,11.34000,2.53738,5.07558,1.08988,5.53176,11.08000,2.56270,5.03852,0.94632,4.76804,9.36000,2.43344,5.05884,1.13773,5.75559,11.52000,2.31725,21.70978,9.85076
70-1,1783321715.145341,2026-07-06T14:08:35.145341,5.07461,1.29252,6.55904,13.18000,3.19406,5.05827,1.20707,6.10568,12.27000,3.17399,5.02215,1.23637,6.20921,12.23000,3.05510,5.07084,1.13773,5.76925,11.52000,2.89486,24.64318,12.31802
70-1,1783321715.245459,2026-07-06T14:08:35.245459,5.08822,1.26298,6.42632,12.88000,3.83745,5.04627,1.20707,6.09120,12.27000,3.78383,5.03078,1.22514,6.16339,12.12000,3.67216,5.06855,1.10404,5.59587,11.18000,3.45510,24.27678,14.74854
71-1,1783321715.345600,2026-07-06T14:08:35.345600,5.08822,1.26298,6.42632,12.88000,0.64354,5.05182,1.26127,6.37170,12.82000,0.63807,5.02278,1.22514,6.15359,12.12000,0.61623,5.06684,1.13773,5.76469,11.52000,0.57728,24.71630,2.47512
71-1,1783321715.445718,2026-07-06T14:08:35.445718,5.08149,1.31303,6.67215,13.39000,1.31154,5.04808,1.34379,6.78357,13.66000,1.31723,5.03386,1.31230,6.60592,12.98000,1.27760,5.06908,1.25126,6.34274,12.67000,1.21231,26.40438,5.11868
71-1,1783321715.545835,2026-07-06T14:08:35.545835,5.08930,1.16996,5.95426,11.93000,1.90767,5.07580,0.99661,5.05861,10.13000,1.82368,5.05817,0.88162,4.45938,8.72000,1.72406,5.07308,1.25126,6.34774,12.67000,1.84782,21.81999,7.30324
71-1,1783321715.645954,2026-07-06T14:08:35.645954,5.08352,1.27592,6.48615,13.01000,2.55705,5.05980,0.99661,5.04266,10.13000,2.32855,5.01906,1.22025,6.12452,12.07000,2.33724,5.07579,1.11893,5.67946,11.33000,2.41644,23.33279,9.63928
71-1,1783321715.746072,2026-07-06T14:08:35.746072,5.08352,1.27592,6.48615,13.01000,3.20643,5.05605,1.25614,6.35112,12.77000,2.96441,5.02706,1.22025,6.13428,12.07000,2.95139,5.07374,1.15946,5.88279,11.74000,3.00542,24.85434,12.12765
71-1,1783321715.846190,2026-07-06T14:08:35.846190,5.08261,1.29252,6.56938,13.18000,3.86415,5.05596,1.25810,6.36088,12.79000,3.60125,5.03009,1.23734,6.22395,12.24000,3.57452,5.07494,1.13578,5.76400,11.50000,3.58250,24.91821,14.62243
71-1,1783321715.946309,2026-07-06T14:08:35.946309,5.08752,1.27592,6.49126,13.01000,4.51404,5.05236,1.24931,6.31194,12.70000,4.23319,5.03020,1.23539,6.21426,12.22000,4.19669,5.07379,1.15848,5.87789,11.73000,4.17098,24.89535,17.11490
71-1,1783321716.046426,2026-07-06T14:08:36.046426,5.08688,1.28764,6.55005,13.13000,5.16982,5.05236,1.24931,6.31194,12.70000,4.86513,5.02740,1.21415,6.10401,12.01000,4.80780,5.07379,1.15848,5.87789,11.73000,4.75946,24.84389,19.60221
71-1,1783321716.146544,2026-07-06T14:08:36.146544,5.09208,1.11893,5.69769,11.41000,5.74026,5.05307,1.23368,6.23387,12.54000,5.48925,5.02740,1.21415,6.10401,12.01000,5.41893,5.07364,1.16141,5.89259,11.76000,5.34942,23.92816,21.99785
71-1,1783321716.246662,2026-07-06T14:08:36.246662,5.08408,1.11893,5.68874,11.41000,6.30980,5.05504,1.19022,6.01662,12.10000,6.09162,5.03300,1.11502,5.61191,11.03000,5.98078,5.07384,1.15751,5.87300,11.72000,5.93741,23.19027,24.31961
71-1,1783321716.346780,2026-07-06T14:08:36.346780,5.08757,1.27494,6.48636,13.00000,6.95920,5.05591,1.25932,6.36698,12.80000,6.72907,5.02655,1.22929,6.17906,12.16000,6.59941,5.07364,1.16141,5.89259,11.76000,6.52737,24.92499,26.81505
71-1,1783321716.446898,2026-07-06T14:08:36.446898,5.08790,1.26884,6.45572,12.94000,7.60554,5.05191,1.25932,6.36195,12.80000,7.36602,5.03282,1.11820,5.62769,11.06000,7.16285,5.07364,1.16141,5.89259,11.76000,7.11732,24.33795,29.25173
71-1,1783321716.547017,2026-07-06T14:08:36.547017,5.08325,1.28080,6.51063,13.06000,8.25737,5.05402,1.12430,5.68225,11.43000,7.93492,5.02082,1.11820,5.61427,11.06000,7.72494,5.07919,1.05179,5.34225,10.65000,7.65218,23.14940,31.56941
71-1,1783321716.647135,2026-07-06T14:08:36.647135,5.08325,1.28080,6.51063,13.06000,8.90921,5.04782,1.26127,6.36666,12.82000,8.57233,5.02192,1.24052,6.22977,12.27000,8.34865,5.07364,1.16141,5.89259,11.76000,8.24213,24.99965,34.07232
71-1,1783321716.747253,2026-07-06T14:08:36.747253,5.08417,1.26395,6.42616,12.89000,9.55258,5.05232,1.25028,6.31682,12.71000,9.20476,5.02364,1.21000,6.07859,11.97000,8.95723,5.06964,1.16141,5.88794,11.76000,8.83163,24.70951,36.54620
71-1,1783321716.847372,2026-07-06T14:08:36.847372,5.08283,1.28861,6.54980,13.14000,10.20834,5.04832,1.25028,6.31182,12.71000,9.83669,5.03721,1.04031,5.24029,10.29000,9.48188,5.07764,1.16141,5.89723,11.76000,9.42205,23.99914,38.94896
71-1,1783321716.947490,2026-07-06T14:08:36.947490,5.08309,1.28373,6.52532,13.09000,10.86164,5.05758,1.04569,5.28864,10.63000,10.36618,5.02121,1.04031,5.22364,10.29000,10.00486,5.07800,0.99637,5.05956,10.09000,9.92860,22.09716,41.16129
71-1,1783321717.047609,2026-07-06T14:08:37.047609,5.08309,1.28373,6.52532,13.09000,11.51495,5.05188,1.17167,5.91912,11.91000,10.95880,5.02649,1.15946,5.82801,11.47000,10.58836,5.07465,1.06253,5.39198,10.76000,10.46844,23.66443,43.53055
71-1,1783321717.147728,2026-07-06T14:08:37.147728,5.08806,1.26591,6.44102,12.91000,12.15982,5.07226,0.89822,4.55601,9.13000,11.41494,5.03681,0.97659,4.91891,9.66000,11.08083,5.09456,0.82766,4.21657,8.38000,10.89060,20.13251,45.54620
71-1,1783321717.247846,2026-07-06T14:08:37.247846,5.09425,0.85916,4.37676,8.76000,12.59801,5.06426,0.89822,4.54882,9.13000,11.87036,5.04326,0.86233,4.34896,8.53000,11.51624,5.08256,0.82766,4.20664,8.38000,11.31176,17.48118,47.29638
71-1,1783321717.347964,2026-07-06T14:08:37.347964,5.07324,1.24442,6.31325,12.69000,13.23008,5.05626,0.89822,4.54164,9.13000,12.32506,5.03126,0.86233,4.33861,8.53000,11.95062,5.07811,0.83645,4.24759,8.47000,11.73702,19.44109,49.24278
71-1,1783321717.448084,2026-07-06T14:08:37.448084,5.08709,1.28373,6.53046,13.09000,13.88391,5.03973,1.26322,6.36630,12.84000,12.96245,5.02631,1.23344,6.19964,12.20000,12.57132,5.06949,1.16434,5.90262,11.79000,12.32799,24.99902,51.74567
71-1,1783321717.548204,2026-07-06T14:08:37.548204,5.08709,1.28373,6.53046,13.09000,14.53774,5.05636,1.24931,6.31694,12.70000,13.59490,5.02546,1.24857,6.27466,12.35000,13.19954,5.07069,1.14066,5.78393,11.55000,12.90708,24.90599,54.23926
71-1,1783321717.648320,2026-07-06T14:08:37.648320,5.09083,1.28861,6.56011,13.14000,15.19451,5.04836,1.24931,6.30695,12.70000,14.22633,5.02969,1.24442,6.25907,12.31000,13.82618,5.07609,1.11307,5.65005,11.27000,13.47274,24.77618,56.71976
71-1,1783321717.748438,2026-07-06T14:08:37.748438,5.09329,1.24345,6.33323,12.68000,15.82858,5.05032,1.20609,6.09115,12.26000,14.83616,5.02569,1.24442,6.25409,12.31000,14.45232,5.07209,1.11307,5.64559,11.27000,14.03796,24.32406,59.15503
71-1,1783321717.848555,2026-07-06T14:08:37.848555,5.09093,1.28666,6.55030,13.12000,16.48438,5.04827,1.25126,6.31670,12.72000,15.46858,5.02552,1.24760,6.26982,12.34000,15.08004,5.07334,1.16727,5.92197,11.82000,14.63086,25.05879,61.66385
71-1,1783321717.948674,2026-07-06T14:08:37.948674,5.08693,1.28666,6.54515,13.12000,17.13967,5.04764,1.26518,6.38615,12.86000,16.10795,5.02700,1.22123,6.13912,12.08000,15.69468,5.07398,1.15458,5.85830,11.69000,15.21738,24.92872,64.15968
71-1,1783321718.048792,2026-07-06T14:08:38.048792,5.08981,1.30717,6.65325,13.33000,17.80578,5.05689,1.23759,6.25834,12.86000,16.73452,5.02535,1.25053,6.28433,12.37000,16.32386,5.07334,1.16727,5.92197,11.82000,15.81028,25.11789,66.67444
71-1,1783321718.148911,2026-07-06T14:08:38.148911,5.09072,1.29057,6.56991,13.16000,18.46356,5.05289,1.23759,6.25339,12.58000,17.36061,5.02271,1.22636,6.15963,12.13000,16.94055,5.07334,1.16727,5.92197,11.82000,16.40318,24.90490,69.16790
71-1,1783321718.249030,2026-07-06T14:08:38.249030,5.09013,1.30131,6.62384,13.27000,19.12673,5.05147,1.26908,6.41072,12.90000,18.00244,5.02271,1.22636,6.15963,12.13000,17.55724,5.07319,1.17020,5.93666,11.85000,16.99755,25.13085,71.68396
71-1,1783321718.349147,2026-07-06T14:08:38.349147,5.08613,1.30131,6.61863,13.27000,19.78937,5.05294,1.23661,6.24851,12.57000,18.62802,5.02552,1.24760,6.26982,12.34000,18.18496,5.07389,1.15653,5.86810,11.71000,17.58505,25.00506,74.18740
71-1,1783321718.449265,2026-07-06T14:08:38.449265,5.09093,1.28666,6.55030,13.12000,20.44517,5.07230,0.89724,4.55109,9.12000,19.08367,5.03905,1.00784,5.07857,9.97000,18.69342,5.08305,0.89676,4.55826,9.08000,18.04141,20.73822,76.26367
71-1,1783321718.549384,2026-07-06T14:08:38.549384,5.09512,0.84329,4.29665,8.60000,20.87534,5.06030,0.89724,4.54033,9.12000,19.53824,5.04320,0.86331,4.35384,8.54000,19.12932,5.07905,0.89676,4.55467,9.08000,18.49742,17.74549,78.04032
71-1,1783321718.649502,2026-07-06T14:08:38.649502,5.08281,1.06888,5.43292,10.90000,21.41928,5.06030,0.89724,4.54033,9.12000,19.99281,5.03120,0.86331,4.34348,8.54000,19.56418,5.07456,0.82766,4.20002,8.38000,18.91792,18.51675,79.89419
71-1,1783321718.749621,2026-07-06T14:08:38.749621,5.08747,1.27689,6.49616,13.02000,22.06967,5.04378,1.26225,6.36648,12.83000,20.63022,5.02935,1.25053,6.28934,12.37000,20.19386,5.06969,1.16044,5.88305,11.75000,19.50692,25.03503,82.40067
71-1,1783321718.849740,2026-07-06T14:08:38.849740,5.08747,1.27689,6.49616,13.02000,22.72006,5.05214,1.25419,6.33634,12.75000,21.26461,5.03009,1.23734,6.22395,12.24000,20.81700,5.06924,1.16923,5.92709,11.84000,20.10034,24.98354,84.90200
71-1,1783321718.949858,2026-07-06T14:08:38.949858,5.08203,1.30326,6.62321,13.29000,23.38316,5.05214,1.25419,6.33634,12.75000,21.89899,5.02141,1.24955,6.27450,12.36000,21.44519,5.06924,1.16923,5.92709,11.84000,20.69375,25.16114,87.42108
71-1,1783321719.049976,2026-07-06T14:08:39.049976,5.08187,1.30619,6.63790,13.32000,24.04774,5.05142,1.27006,6.41560,12.91000,22.54130,5.01741,1.24955,6.26950,12.36000,22.07288,5.07724,1.16923,5.93644,11.84000,21.28809,25.25944,89.95001
71-1,1783321719.150095,2026-07-06T14:08:39.150095,5.08235,1.29740,6.59385,13.23000,24.70790,5.05138,1.27103,6.42048,12.92000,23.18411,5.03111,1.21928,6.13431,12.06000,22.68704,5.07319,1.17020,5.93666,11.85000,21.88246,25.08530,92.46151
71-1,1783321719.250213,2026-07-06T14:08:39.250213,5.08635,1.29740,6.59904,13.23000,25.36859,5.05641,1.15995,5.86517,11.79000,23.77132,5.03260,1.19291,6.00343,11.80000,23.28809,5.07614,1.11209,5.64514,11.26000,22.44764,24.11278,94.87564
71-1,1783321719.350332,2026-07-06T14:08:39.350332,5.09517,1.20902,6.16017,12.33000,25.98534,5.05641,1.15995,5.86517,11.79000,24.35854,5.02090,1.25858,6.31922,12.45000,23.92077,5.06499,1.17411,5.94685,11.89000,23.04303,24.29141,97.30767
72-1,1783321719.450479,2026-07-06T14:08:39.450479,5.09061,1.29252,6.57972,13.18000,0.65894,5.05529,1.27299,6.43532,12.94000,0.64448,5.02490,1.25858,6.32425,12.45000,0.63336,5.07699,1.17411,5.96094,11.89000,0.59697,25.30023,2.53375
72-1,1783321719.550598,2026-07-06T14:08:39.550598,5.08160,1.31108,6.66236,13.37000,1.32597,5.05222,1.34086,6.77432,13.63000,1.32272,5.02706,1.22025,6.13428,12.07000,1.24751,5.07459,1.14261,5.79829,11.57000,1.17749,25.36925,5.07370
72-1,1783321719.650717,2026-07-06T14:08:39.650717,5.08560,1.31108,6.66760,13.37000,1.99352,5.05022,1.29667,6.54847,13.18000,1.97834,5.02204,1.30912,6.57447,12.95000,1.90574,5.06948,1.24345,6.30363,12.59000,1.80860,26.09417,7.68621
72-1,1783321719.750835,2026-07-06T14:08:39.750835,5.08075,1.32670,6.74063,13.53000,2.66838,5.05022,1.29667,6.54847,13.18000,2.63396,5.06515,0.82888,4.19841,8.20000,2.32608,5.09906,0.81765,4.16926,8.28000,2.22602,21.65677,9.85445
72-1,1783321719.850959,2026-07-06T14:08:39.850959,5.08588,1.23270,6.26938,12.57000,3.29609,5.05757,1.13431,5.73686,11.53000,3.20836,5.03715,0.82888,4.17520,8.20000,2.74411,5.07906,0.81765,4.15291,8.28000,2.64182,20.33435,11.89039
72-1,1783321719.951078,2026-07-06T14:08:39.951078,5.08261,1.29252,6.56938,13.18000,3.95381,5.05307,1.23368,6.23387,12.54000,3.83249,5.02626,1.23441,6.20448,12.21000,3.36530,5.06989,1.15653,5.86347,11.71000,3.22887,24.87120,14.38048
72-1,1783321720.051196,2026-07-06T14:08:40.051196,5.08357,1.27494,6.48126,13.00000,4.60271,5.05191,1.25932,6.36195,12.80000,4.46943,5.02615,1.23637,6.21416,12.23000,3.98745,5.07489,1.13675,5.76890,11.51000,3.80644,24.82627,16.86603
73-1,1783321720.151337,2026-07-06T14:08:40.151337,5.08757,1.27494,6.48636,13.00000,0.64955,5.05591,1.25932,6.36698,12.80000,0.63760,5.02684,1.22416,6.15365,12.11000,0.61623,5.07444,1.14554,5.81299,11.60000,0.58212,24.81998,2.48550
73-1,1783321720.251455,2026-07-06T14:08:40.251455,5.08512,1.31986,6.71167,13.46000,1.32151,5.05191,1.34770,6.80844,13.70000,1.31924,5.02284,1.22416,6.14875,12.11000,1.23183,5.07333,1.24638,6.32328,12.62000,1.21519,25.99214,5.08778
73-1,1783321720.351573,2026-07-06T14:08:40.351573,5.08442,1.33280,6.77653,13.59000,1.99997,5.05952,1.17948,5.96760,11.99000,1.91671,5.03530,1.35771,6.83647,13.43000,1.91629,5.08133,1.24638,6.33325,12.62000,1.84927,25.91385,7.68224
73-1,1783321720.451694,2026-07-06T14:08:40.451694,5.08785,1.26981,6.46063,12.95000,2.64680,5.04423,1.25224,6.31656,12.73000,2.54913,5.05585,0.99368,5.02391,9.83000,2.41929,5.08076,0.86306,4.38502,8.74000,2.28830,22.18612,9.90351
73-1,1783321720.551811,2026-07-06T14:08:40.551811,5.08385,1.26981,6.45555,12.95000,3.29312,5.05223,1.25224,6.32658,12.73000,3.18253,5.02284,1.22416,6.14875,12.11000,3.03488,5.06704,1.13382,5.74513,11.48000,2.86349,24.67601,12.37402
73-1,1783321720.651928,2026-07-06T14:08:40.651928,5.08347,1.27689,6.49105,13.02000,3.94299,5.05272,1.24149,6.27291,12.62000,3.81055,5.02284,1.22416,6.14875,12.11000,3.65048,5.06589,1.15653,5.85885,11.71000,3.45006,24.77156,14.85408
73-1,1783321720.752048,2026-07-06T14:08:40.752048,5.08272,1.29057,6.55959,13.16000,4.59973,5.05294,1.23661,6.24851,12.57000,4.43615,5.03020,1.23539,6.21426,12.22000,4.27265,5.07789,1.15653,5.87272,11.71000,4.03803,24.89508,17.34656
73-1,1783321720.852166,2026-07-06T14:08:40.852166,5.09152,1.27592,6.49636,13.01000,5.25013,5.05311,1.23270,6.22899,12.53000,5.05979,5.03415,1.16556,5.86761,11.53000,4.86010,5.07314,1.09232,5.54149,11.06000,4.59284,24.13445,19.76286
73-1,1783321720.952286,2026-07-06T14:08:40.952286,5.08752,1.27592,6.49126,13.01000,5.90004,5.04511,1.23270,6.21913,12.53000,5.68245,5.02638,1.23222,6.19359,12.19000,5.48021,5.07059,1.14261,5.79372,11.57000,5.17290,24.69770,22.23559
73-1,1783321721.052405,2026-07-06T14:08:41.052405,5.08049,1.25810,6.39174,12.83000,6.53997,5.05991,1.25932,6.37202,12.80000,6.32040,5.02638,1.23222,6.19359,12.19000,6.10030,5.06969,1.16044,5.88305,11.75000,5.76191,24.84040,24.72258
73-1,1783321721.152525,2026-07-06T14:08:41.152525,5.07872,1.29057,6.55443,13.16000,7.19620,5.06010,1.25517,6.35126,12.76000,6.95629,5.02684,1.22416,6.15365,12.11000,6.71640,5.07769,1.16044,5.89233,11.75000,6.35185,24.95167,27.22074
73-1,1783321721.252646,2026-07-06T14:08:41.252646,5.08336,1.27885,6.50084,13.04000,7.84707,5.05302,1.23466,6.23875,12.55000,7.58092,5.02198,1.23930,6.22372,12.26000,7.33953,5.06998,1.15458,5.85368,11.69000,6.93792,24.81699,29.70544
73-1,1783321721.352765,2026-07-06T14:08:41.352765,5.08736,1.27885,6.50596,13.04000,8.49844,5.04902,1.23466,6.23381,12.55000,8.20505,5.02358,1.21097,6.08343,11.98000,7.94859,5.06974,1.15946,5.87815,11.74000,7.52644,24.70135,32.17852
73-1,1783321721.452884,2026-07-06T14:08:41.452884,5.08240,1.29643,6.58896,13.22000,9.15812,5.05573,1.26322,6.38651,12.84000,8.84446,5.02535,1.25053,6.28433,12.37000,8.57778,5.07759,1.16239,5.90213,11.77000,8.11735,25.16193,34.69771
73-1,1783321721.553003,2026-07-06T14:08:41.553003,5.08304,1.28471,6.53022,13.10000,9.81192,5.05560,1.26615,6.40116,12.87000,9.48533,5.02535,1.25053,6.28433,12.37000,9.20696,5.07354,1.16337,5.90238,11.78000,8.70829,25.11809,37.21250
73-1,1783321721.653122,2026-07-06T14:08:41.653122,5.08309,1.28373,6.52532,13.09000,10.46523,5.04880,1.23954,6.25819,12.60000,10.11190,5.02581,1.24247,6.24441,12.29000,9.83214,5.07354,1.16337,5.90238,11.78000,9.29923,24.93030,39.70850
73-1,1783321721.753242,2026-07-06T14:08:41.753242,5.09313,1.24638,6.34795,12.71000,11.10079,5.05280,1.23954,6.26315,12.60000,10.73897,5.02678,1.22514,6.15849,12.12000,10.44873,5.07759,1.16239,5.90213,11.77000,9.89016,24.67172,42.17864
73-1,1783321721.853360,2026-07-06T14:08:41.853360,5.07713,1.24638,6.32801,12.71000,11.73433,5.05521,1.18632,5.99708,12.06000,11.33938,5.02564,1.24540,6.25893,12.32000,11.07536,5.07849,1.14457,5.81267,11.59000,10.47211,24.39669,44.62119
73-1,1783321721.953480,2026-07-06T14:08:41.953480,5.08275,1.14335,5.81134,11.66000,12.31616,5.06448,0.98172,4.97190,9.98000,11.83717,5.03364,1.24540,6.26889,12.32000,11.70300,5.09461,0.82669,4.21164,8.37000,10.89378,21.26377,46.75011
73-1,1783321722.053598,2026-07-06T14:08:42.053598,5.09825,0.85916,4.38020,8.76000,12.75470,5.06030,0.89724,4.54033,9.12000,12.29174,5.04315,0.86428,4.35871,8.55000,12.13939,5.08661,0.82669,4.20502,8.37000,11.31478,17.48426,48.50060
73-1,1783321722.153717,2026-07-06T14:08:42.153717,5.06293,1.28666,6.51427,13.12000,13.40690,5.05230,0.89724,4.53315,9.12000,12.74559,5.02437,1.19706,6.01446,11.84000,12.74155,5.08151,0.92727,4.71195,9.39000,11.78653,21.77383,50.68057
73-1,1783321722.253836,2026-07-06T14:08:42.253836,5.08693,1.28666,6.54515,13.12000,14.06220,5.05191,1.25932,6.36195,12.80000,13.38254,5.02964,1.24540,6.26391,12.32000,13.36869,5.06954,1.16337,5.89773,11.78000,12.37701,25.06874,53.19043
73-1,1783321722.353954,2026-07-06T14:08:42.353954,5.08693,1.28666,6.54515,13.12000,14.71748,5.05294,1.23661,6.24851,12.57000,14.00813,5.02164,1.24540,6.25395,12.32000,13.99482,5.06944,1.16532,5.90751,11.80000,12.96845,24.95512,55.68888
73-1,1783321722.454072,2026-07-06T14:08:42.454072,5.08619,1.30033,6.61373,13.26000,15.37964,5.05160,1.26615,6.39609,12.87000,14.64850,5.02575,1.24345,6.24925,12.30000,14.62048,5.07344,1.16532,5.91217,11.80000,13.56037,25.17124,58.20899
73-1,1783321722.554191,2026-07-06T14:08:42.554191,5.08357,1.27494,6.48126,13.00000,16.02854,5.05160,1.26615,6.39609,12.87000,15.28887,5.02564,1.24540,6.25893,12.32000,15.24712,5.07354,1.16337,5.90238,11.78000,14.15131,25.03866,60.71584
73-1,1783321722.654310,2026-07-06T14:08:42.654310,5.08357,1.27494,6.48126,13.00000,16.67744,5.05201,1.25712,6.35097,12.78000,15.92472,5.02992,1.24052,6.23969,12.27000,15.87183,5.07329,1.16825,5.92687,11.83000,14.74470,24.99879,63.21869
73-1,1783321722.754430,2026-07-06T14:08:42.754430,5.08731,1.27982,6.51086,13.05000,17.32930,5.05111,1.27689,6.44974,12.98000,16.57046,5.02992,1.24052,6.23969,12.27000,16.49655,5.07434,1.14750,5.82279,11.62000,15.32768,25.02308,65.72399
73-1,1783321722.854547,2026-07-06T14:08:42.854547,5.08331,1.27982,6.50574,13.05000,17.98064,5.05564,1.26518,6.39627,12.86000,17.21084,5.02552,1.24760,6.26982,12.34000,17.12427,5.06934,1.16727,5.91730,11.82000,15.92010,25.08913,68.23585
73-1,1783321722.954665,2026-07-06T14:08:42.954665,5.08208,1.30229,6.61832,13.28000,18.64325,5.04764,1.26518,6.38615,12.86000,17.85021,5.02558,1.24638,6.26377,12.33000,17.75138,5.07334,1.16727,5.92197,11.82000,16.51300,25.19021,70.75784
73-1,1783321723.054783,2026-07-06T14:08:43.054783,5.09093,1.28666,6.55030,13.12000,19.29905,5.05547,1.26908,6.41580,12.90000,18.49255,5.02541,1.24955,6.27949,12.36000,18.38007,5.07714,1.17118,5.94624,11.86000,17.10832,25.19183,73.27998
73-1,1783321723.154902,2026-07-06T14:08:43.154902,5.08293,1.28666,6.54001,13.12000,19.95383,5.05542,1.27006,6.42068,12.91000,19.13538,5.02541,1.24955,6.27949,12.36000,19.00876,5.07724,1.16923,5.93644,11.84000,17.70267,25.17662,75.80065
73-1,1783321723.255021,2026-07-06T14:08:43.255021,5.08768,1.27299,6.47655,12.98000,20.60226,5.04733,1.27201,6.42027,12.93000,19.77817,5.02490,1.25858,6.32425,12.45000,19.64194,5.06924,1.16923,5.92709,11.84000,18.29609,25.14816,78.31846
73-1,1783321723.355140,2026-07-06T14:08:43.355140,5.08672,1.29057,6.56475,13.16000,21.25952,5.05533,1.27201,6.43044,12.93000,20.42198,5.02541,1.24955,6.27949,12.36000,20.27064,5.06924,1.16923,5.92709,11.84000,18.88951,25.20177,80.84165
73-1,1783321723.455261,2026-07-06T14:08:43.455261,5.08645,1.29545,6.58924,13.21000,21.91923,5.04738,1.27103,6.41539,12.92000,21.06429,5.02530,1.25150,6.28917,12.38000,20.90031,5.06979,1.15848,5.87326,11.73000,19.47754,25.16706,83.36138
73-1,1783321723.555378,2026-07-06T14:08:43.555378,5.08645,1.29545,6.58924,13.21000,22.57893,5.05104,1.19022,6.01185,12.10000,21.66619,5.02930,1.25150,6.29418,12.38000,21.53048,5.07154,1.12381,5.69947,11.38000,20.04816,24.59474,85.82375
73-1,1783321723.655498,2026-07-06T14:08:43.655498,5.08709,1.28373,6.53046,13.09000,23.23276,5.04733,1.27201,6.42027,12.93000,22.30898,5.02552,1.24760,6.26982,12.34000,22.15821,5.07015,1.15140,5.83778,11.66000,20.63263,25.05833,88.33259
73-1,1783321723.755616,2026-07-06T14:08:43.755616,5.08667,1.29154,6.56965,13.17000,23.89050,5.05133,1.27201,6.42535,12.93000,22.95228,5.02598,1.23930,6.22868,12.26000,22.78181,5.07415,1.15140,5.84238,11.66000,21.21756,25.06606,90.84215
73-1,1783321723.855735,2026-07-06T14:08:43.855735,5.08677,1.28959,6.55985,13.15000,24.54726,5.05450,1.20219,6.07644,12.22000,23.56064,5.02495,1.25761,6.31941,12.44000,23.41450,5.07915,1.13163,5.74770,11.46000,21.79301,24.70340,93.31541
73-1,1783321723.955853,2026-07-06T14:08:43.955853,5.07877,1.28959,6.54954,13.15000,25.20299,5.05241,1.24833,6.30707,12.69000,24.19210,5.03295,1.25761,6.32947,12.44000,24.04820,5.07744,1.16532,5.91684,11.80000,22.38540,25.10292,95.82869
73-1,1783321724.055972,2026-07-06T14:08:44.055972,5.09531,1.27982,6.52110,13.05000,25.85588,5.06095,1.14798,5.80989,11.67000,24.77377,5.03369,1.24442,6.26404,12.31000,24.67535,5.07905,1.05472,5.35697,10.68000,22.92173,23.95200,98.22673
73-1,1783321724.156091,2026-07-06T14:08:44.156091,5.08299,1.28568,6.53511,13.11000,26.51017,5.04495,1.14798,5.79152,11.67000,25.35362,5.03301,1.25663,6.32463,12.43000,25.30856,5.06705,1.05472,5.34431,10.68000,23.45680,23.99557,100.62915
73-1,1783321724.256210,2026-07-06T14:08:44.256210,5.08251,1.29447,6.57917,13.20000,27.16886,5.04724,1.27396,6.43001,12.95000,25.99738,5.02890,1.25858,6.32928,12.45000,25.94224,5.07294,1.17508,5.96114,11.90000,24.05362,25.29960,103.16210
73-1,1783321724.356328,2026-07-06T14:08:44.356328,5.08555,1.31205,6.67250,13.38000,27.83690,5.04832,1.25028,6.31182,12.71000,26.62931,5.02890,1.25858,6.32928,12.45000,26.57592,5.07304,1.17313,5.95135,11.88000,24.64946,25.26495,105.69158
73-1,1783321724.456448,2026-07-06T14:08:44.456448,5.08555,1.31205,6.67250,13.38000,28.50496,5.05120,1.27494,6.43998,12.96000,27.27408,5.02941,1.24955,6.28449,12.36000,27.20512,5.07334,1.16727,5.92197,11.82000,25.24237,25.31894,108.22653
73-1,1783321724.556568,2026-07-06T14:08:44.556568,5.08592,1.30522,6.63822,13.31000,29.16957,5.04720,1.27494,6.43488,12.96000,27.91834,5.02101,1.25663,6.30955,12.43000,27.83683,5.07278,1.17826,5.97705,11.93000,25.84079,25.35970,110.76554
73-1,1783321724.656687,2026-07-06T14:08:44.656687,5.08683,1.28861,6.55495,13.14000,29.82585,5.04680,1.28373,6.47873,13.05000,28.56698,5.02101,1.25663,6.30955,12.43000,28.46854,5.07278,1.17826,5.97705,11.93000,26.43920,25.32028,113.30056
73-1,1783321724.756805,2026-07-06T14:08:44.756805,5.09318,1.24540,6.34305,12.70000,30.46090,5.04764,1.26518,6.38615,12.86000,29.20635,5.03237,1.19706,6.02404,11.84000,29.07166,5.08088,1.17631,5.97667,11.91000,27.03758,24.72991,115.77649
73-1,1783321724.856922,2026-07-06T14:08:44.856922,5.08518,1.24540,6.33308,12.70000,31.09495,5.04823,1.25224,6.32157,12.73000,29.83925,5.02037,1.19706,6.00967,11.84000,29.67332,5.08083,1.17728,5.98157,11.92000,27.63643,24.64589,118.24396
73-1,1783321724.957043,2026-07-06T14:08:44.957043,5.09008,1.30229,6.62874,13.28000,31.75862,5.05623,1.25224,6.33159,12.73000,30.47317,5.02946,1.24857,6.27965,12.35000,30.30205,5.07269,1.18021,5.98684,11.95000,28.23584,25.22682,120.76968
73-1,1783321725.057163,2026-07-06T14:08:45.057163,5.08939,1.31498,6.69245,13.41000,32.42867,5.05511,1.27689,6.45484,12.98000,31.11943,5.03020,1.23539,6.21426,12.22000,30.92422,5.06869,1.18021,5.98212,11.95000,28.83477,25.34367,123.30709
73-1,1783321725.157281,2026-07-06T14:08:45.157281,5.08592,1.30522,6.63822,13.31000,33.09328,5.05551,1.26811,6.41092,12.89000,31.76128,5.01804,1.23832,6.21393,12.25000,31.54635,5.07219,1.11112,5.63580,11.25000,29.39902,24.89887,125.79993
73-1,1783321725.257400,2026-07-06T14:08:45.257400,5.08192,1.30522,6.63300,13.31000,33.75737,5.05498,1.27982,6.46949,13.01000,32.40900,5.03804,1.23832,6.23870,12.25000,32.17096,5.06869,1.18021,5.98212,11.95000,29.99794,25.32331,128.33526
73-1,1783321725.357517,2026-07-06T14:08:45.357517,5.08560,1.31108,6.66760,13.37000,34.42491,5.04698,1.27982,6.45925,13.01000,33.05568,5.02901,1.25663,6.31960,12.43000,32.80366,5.07278,1.17826,5.97705,11.93000,30.59635,25.42350,130.88060
73-1,1783321725.457635,2026-07-06T14:08:45.457635,5.09844,1.07572,5.48448,10.97000,34.97401,5.05139,1.18241,5.97281,12.02000,33.65367,5.03740,1.10794,5.58115,10.96000,33.36243,5.07278,1.17826,5.97705,11.93000,31.19476,23.01549,133.18487
73-1,1783321725.557753,2026-07-06T14:08:45.557753,5.06976,1.30815,6.63198,13.34000,35.63799,5.04711,1.27689,6.44463,12.98000,34.29889,5.02575,1.24345,6.24925,12.30000,33.98810,5.07319,1.17020,5.93666,11.85000,31.78912,25.26252,135.71410
73-1,1783321725.657872,2026-07-06T14:08:45.657872,5.07760,1.31108,6.65712,13.37000,36.30449,5.04685,1.28275,6.47386,13.04000,34.94704,5.02575,1.24345,6.24925,12.30000,34.61376,5.06873,1.17924,5.97723,11.94000,32.38755,25.35746,138.25285
73-1,1783321725.757990,2026-07-06T14:08:45.757990,5.08160,1.31108,6.66236,13.37000,36.97151,5.05885,1.28275,6.48926,13.04000,35.59674,5.02066,1.26273,6.33976,12.49000,35.24849,5.06878,1.17826,5.97234,11.93000,32.98549,25.46372,140.80223
73-1,1783321725.858110,2026-07-06T14:08:45.858110,5.08592,1.30522,6.63822,13.31000,37.63613,5.05085,1.28275,6.47899,13.04000,36.24542,5.02079,1.26054,6.32888,12.47000,35.88214,5.07650,1.10501,5.60960,11.19000,33.54713,25.05569,143.31082
73-1,1783321725.958229,2026-07-06T14:08:45.958229,5.08613,1.30131,6.61863,13.27000,38.29878,5.05926,1.18534,5.99694,12.05000,36.84582,5.02564,1.24540,6.25893,12.32000,36.50877,5.06850,1.10501,5.60076,11.19000,34.10787,24.47526,145.76123
74-1,1783321726.058374,2026-07-06T14:08:46.058374,5.09776,1.30815,6.66861,13.34000,0.66783,5.05601,1.25712,6.35600,12.78000,0.63653,5.02164,1.24540,6.25395,12.32000,0.62631,5.06774,1.11991,5.67540,11.34000,0.56837,24.95396,2.49903
74-1,1783321726.158490,2026-07-06T14:08:46.158490,5.08576,1.30815,6.65291,13.34000,1.33389,5.05436,1.20511,6.09109,12.25000,1.24634,5.02981,1.31327,6.60551,12.99000,1.28762,5.06054,1.26200,6.38641,12.78000,1.20775,25.73592,5.07561
74-1,1783321726.258608,2026-07-06T14:08:46.258608,5.07888,1.28764,6.53975,13.13000,1.98864,5.04636,1.20511,6.08145,12.25000,1.85520,5.05617,0.84622,4.27862,8.37000,1.71599,5.09290,1.01810,5.18507,10.31000,1.72687,22.08489,7.28670
74-1,1783321726.358728,2026-07-06T14:08:46.358728,5.07947,1.27689,6.48594,13.02000,2.63801,5.04925,1.22977,6.20943,12.50000,2.47689,5.00992,1.24052,6.21488,12.27000,2.33822,5.08090,1.01810,5.17285,10.31000,2.24477,24.08310,9.69789
74-1,1783321726.458847,2026-07-06T14:08:46.458847,5.08315,1.28275,6.52043,13.08000,3.29083,5.04782,1.26127,6.36666,12.82000,3.11431,5.02992,1.24052,6.23969,12.27000,2.96293,5.06984,1.15751,5.86837,11.72000,2.83230,24.99515,12.20038
74-1,1783321726.558964,2026-07-06T14:08:46.558964,5.07915,1.28275,6.51529,13.08000,3.94313,5.05591,1.25932,6.36698,12.80000,3.75176,5.02511,1.11307,5.59330,11.01000,3.52292,5.07615,1.03299,5.24361,10.46000,3.35728,23.71918,14.57509
74-1,1783321726.659082,2026-07-06T14:08:46.659082,5.08812,1.26493,6.43612,12.90000,4.58750,5.04791,1.25932,6.35691,12.80000,4.38820,5.01964,1.21000,6.07375,11.97000,4.13101,5.06974,1.15946,5.87815,11.74000,3.94579,24.74493,17.05250
74-1,1783321726.759201,2026-07-06T14:08:46.759201,5.08773,1.27201,6.47165,12.97000,5.23543,5.04916,1.23173,6.21918,12.52000,5.01086,5.02975,1.24345,6.25422,12.30000,4.75718,5.07374,1.15946,5.88279,11.74000,4.53477,24.82784,19.53824
74-1,1783321726.859321,2026-07-06T14:08:46.859321,5.08988,1.15922,5.90027,11.82000,5.82617,5.05291,1.14896,5.80559,11.68000,5.59211,5.02575,1.24345,6.24925,12.30000,5.38285,5.06359,1.12284,5.68559,11.37000,5.10401,23.64070,21.90515
74-1,1783321726.959440,2026-07-06T14:08:46.959440,5.09388,1.15922,5.90491,11.82000,6.41736,5.04778,1.26225,6.37153,12.83000,6.23003,5.02609,1.23734,6.21900,12.24000,6.00549,5.07410,1.15238,5.84728,11.67000,5.68944,24.34272,24.34232
74-1,1783321727.059559,2026-07-06T14:08:47.059559,5.08736,1.27885,6.50596,13.04000,7.06873,5.04778,1.26225,6.37153,12.83000,6.86794,5.02724,1.21708,6.11854,12.04000,6.61807,5.07379,1.15848,5.87789,11.73000,6.27792,24.87392,26.83267
74-1,1783321727.159678,2026-07-06T14:08:47.159678,5.08273,1.21708,6.18608,12.41000,7.68807,5.05023,1.20804,6.10090,12.28000,7.47875,5.03077,1.15458,5.80840,11.42000,7.19960,5.07774,1.15946,5.88743,11.74000,6.86737,23.98281,29.23379
74-1,1783321727.259795,2026-07-06T14:08:47.259795,5.07936,1.27885,6.49573,13.04000,8.33841,5.04782,1.26127,6.36666,12.82000,8.11616,5.03077,1.15458,5.80840,11.42000,7.78112,5.06974,1.15946,5.87815,11.74000,7.45587,24.54894,31.69156
74-1,1783321727.359914,2026-07-06T14:08:47.359914,5.08699,1.28568,6.54026,13.11000,8.99321,5.04933,1.22782,6.19968,12.48000,8.73686,5.02958,1.24638,6.26875,12.33000,8.40874,5.06979,1.15848,5.87326,11.73000,8.04389,24.88195,34.18270
74-1,1783321727.460034,2026-07-06T14:08:47.460034,5.08699,1.28568,6.54026,13.11000,9.64802,5.05333,1.22782,6.20459,12.48000,9.35807,5.02981,1.24247,6.24938,12.29000,9.03443,5.06964,1.16141,5.88794,11.76000,8.63339,24.88217,36.67391
74-1,1783321727.560153,2026-07-06T14:08:47.560153,5.08693,1.28666,6.54515,13.12000,10.30331,5.05551,1.26811,6.41092,12.89000,9.99992,5.03135,1.21512,6.11372,12.02000,9.64653,5.06998,1.15458,5.85368,11.69000,9.21946,24.92347,39.16922
74-1,1783321727.660271,2026-07-06T14:08:47.660271,5.08629,1.29838,6.60394,13.24000,10.96449,5.05569,1.26420,6.39139,12.85000,10.63982,5.02335,1.21512,6.10400,12.02000,10.25765,5.06998,1.15458,5.85368,11.69000,9.80552,24.95301,41.66747
74-1,1783321727.760390,2026-07-06T14:08:47.760390,5.09019,1.30033,6.61894,13.26000,11.62717,5.05267,1.24247,6.27779,12.63000,11.26835,5.02564,1.24540,6.25893,12.32000,10.88429,5.06944,1.16532,5.90751,11.80000,10.39697,25.06317,44.17678
74-1,1783321727.860509,2026-07-06T14:08:47.860509,5.08619,1.30033,6.61373,13.26000,12.28933,5.05267,1.24247,6.27779,12.63000,11.89687,5.02220,1.23539,6.20438,12.22000,11.50547,5.07005,1.15336,5.84757,11.68000,10.98243,24.94347,46.67409
74-1,1783321727.960626,2026-07-06T14:08:47.960626,5.08741,1.27787,6.50106,13.03000,12.94020,5.05164,1.26518,6.39121,12.86000,12.53674,5.02146,1.24857,6.26966,12.35000,12.13317,5.06949,1.16434,5.90262,11.79000,11.57338,25.06455,49.18349
74-1,1783321728.060745,2026-07-06T14:08:48.060745,5.08704,1.28471,6.53536,13.10000,13.59451,5.05223,1.25224,6.32658,12.73000,13.17015,5.03226,1.19901,6.03373,11.86000,12.73726,5.07349,1.16434,5.90728,11.79000,12.16481,24.80295,51.66673
74-1,1783321728.160861,2026-07-06T14:08:48.160861,5.09393,1.23173,6.27433,12.56000,14.22267,5.05155,1.26713,6.40097,12.88000,13.81099,5.02026,1.19901,6.01935,11.86000,13.33989,5.06680,1.05960,5.36879,10.73000,12.70231,24.06344,54.07587
74-1,1783321728.260980,2026-07-06T14:08:48.260980,5.08993,1.23173,6.26940,12.56000,14.85036,5.05555,1.26713,6.40604,12.88000,14.45236,5.02524,1.25248,6.29401,12.39000,13.97004,5.06184,1.15751,5.85911,11.72000,13.28892,24.82856,56.56167
74-1,1783321728.361100,2026-07-06T14:08:48.361100,5.08801,1.26688,6.44592,12.92000,15.49572,5.04805,1.25614,6.34107,12.77000,15.08723,5.02581,1.24247,6.24441,12.29000,14.59523,5.07339,1.16630,5.91707,11.81000,13.88134,24.94847,59.05952
74-1,1783321728.461219,2026-07-06T14:08:48.461219,5.08619,1.30033,6.61373,13.26000,16.15788,5.04733,1.27201,6.42027,12.93000,15.73001,5.02506,1.25565,6.30974,12.42000,15.22695,5.07434,1.14750,5.82279,11.62000,14.46430,25.16653,61.57915
74-1,1783321728.561336,2026-07-06T14:08:48.561336,5.08763,1.27396,6.48145,12.99000,16.80678,5.05151,1.26811,6.40585,12.89000,16.37135,5.02506,1.25565,6.30974,12.42000,15.85866,5.07034,1.14750,5.81820,11.62000,15.04680,25.01524,64.08360
74-1,1783321728.661453,2026-07-06T14:08:48.661453,5.08693,1.28666,6.54515,13.12000,17.46207,5.04751,1.26811,6.40077,12.89000,17.01218,5.02552,1.24760,6.26982,12.34000,16.48639,5.06919,1.17020,5.93198,11.85000,15.64070,25.14772,66.60134
74-1,1783321728.761571,2026-07-06T14:08:48.761571,5.08293,1.28666,6.54001,13.12000,18.11684,5.05964,1.26518,6.40134,12.86000,17.65307,5.02530,1.25150,6.28917,12.38000,17.11604,5.06919,1.17020,5.93198,11.85000,16.23460,25.16250,69.12055
74-1,1783321728.861689,2026-07-06T14:08:48.861689,5.09223,1.18949,6.05716,12.13000,18.72327,5.05938,1.27103,6.43065,12.92000,18.29689,5.02518,1.25346,6.29885,12.40000,17.74667,5.06904,1.17313,5.94666,11.88000,16.82997,24.73332,71.59680
74-1,1783321728.961807,2026-07-06T14:08:48.961807,5.08677,1.28959,6.55985,13.15000,19.38003,5.05578,1.26225,6.38163,12.83000,18.93581,5.02118,1.25346,6.29384,12.40000,18.37680,5.06904,1.17313,5.94666,11.88000,17.42533,25.18198,74.11797
74-1,1783321729.061926,2026-07-06T14:08:49.061926,5.08277,1.28959,6.55469,13.15000,20.03628,5.05178,1.26225,6.37658,12.83000,19.57422,5.02311,1.21928,6.12456,12.06000,18.98998,5.07764,1.16141,5.89723,11.76000,18.01576,24.95306,76.61624
74-1,1783321729.162045,2026-07-06T14:08:49.162045,5.09077,1.28959,6.56501,13.15000,20.69356,5.04742,1.27006,6.41052,12.91000,20.21604,5.02146,1.24857,6.26966,12.35000,19.61769,5.07724,1.16923,5.93644,11.84000,18.61011,25.18163,79.13739
74-1,1783321729.262163,2026-07-06T14:08:49.262163,5.08267,1.29154,6.56448,13.17000,21.35078,5.04823,1.25224,6.32157,12.73000,20.84894,5.02564,1.24540,6.25893,12.32000,20.24432,5.07314,1.17118,5.94156,11.86000,19.20496,25.08654,81.64900
74-1,1783321729.362282,2026-07-06T14:08:49.362282,5.08261,1.29252,6.56938,13.18000,22.00850,5.05533,1.27201,6.43044,12.93000,21.49275,5.02964,1.24540,6.26391,12.32000,20.87146,5.07314,1.17118,5.94156,11.86000,19.79983,25.20529,84.17253
75-1,1783321729.462397,2026-07-06T14:08:49.462397,5.08619,1.30033,6.61373,13.26000,0.66213,5.05533,1.27201,6.43044,12.93000,0.64378,5.02518,1.25346,6.29885,12.40000,0.63061,5.07344,1.16532,5.91217,11.80000,0.59190,25.25519,2.52842
75-1,1783321729.562519,2026-07-06T14:08:49.562519,5.08219,1.30033,6.60853,13.26000,1.32379,5.05045,1.20316,6.07651,12.23000,1.25218,5.02666,1.22733,6.16938,12.14000,1.24830,5.07364,1.16141,5.89259,11.76000,1.18188,24.74701,5.00615
75-1,1783321729.662637,2026-07-06T14:08:49.662637,5.08128,1.31693,6.69172,13.43000,1.99376,5.04386,1.34867,6.80253,13.71000,1.93324,5.02279,1.29594,6.50922,12.82000,1.90000,5.06629,1.30644,6.61878,13.23000,1.84454,26.62225,7.67153
75-1,1783321729.762757,2026-07-06T14:08:49.762757,5.08535,1.16898,5.94468,11.92000,2.58894,5.07479,1.01907,5.17158,10.36000,2.45101,5.02679,1.29594,6.51440,12.82000,2.55222,5.09205,1.03494,5.26998,10.48000,2.37217,22.90064,9.96434
75-1,1783321729.862875,2026-07-06T14:08:49.862875,5.08022,1.26298,6.41621,12.88000,3.23132,5.05879,1.01907,5.15528,10.36000,2.96715,5.02884,1.18876,5.97806,11.76000,3.15073,5.08005,1.03494,5.25756,10.48000,2.89855,22.80711,12.24775
75-1,1783321729.962994,2026-07-06T14:08:49.962994,5.08363,1.27396,6.47636,12.99000,3.87972,5.05649,1.24638,6.30229,12.67000,3.59813,5.02604,1.23832,6.22384,12.25000,3.77385,5.07374,1.15946,5.88279,11.74000,3.48752,24.88528,14.73922
75-1,1783321730.063113,2026-07-06T14:08:50.063113,5.08363,1.27396,6.47636,12.99000,4.52813,5.05591,1.25932,6.36698,12.80000,4.23558,5.03084,1.22416,6.15854,12.11000,4.39044,5.07379,1.15848,5.87789,11.73000,4.07601,24.87977,17.23016
75-1,1783321730.163233,2026-07-06T14:08:50.163233,5.08256,1.29350,6.57427,13.19000,5.18635,5.05610,1.25517,6.34624,12.76000,4.87097,5.02684,1.22416,6.15365,12.11000,5.00654,5.07089,1.13675,5.76435,11.51000,4.65314,24.83851,19.71700
75-1,1783321730.263350,2026-07-06T14:08:50.263350,5.08373,1.27201,6.46657,12.97000,5.83376,5.04810,1.25517,6.33619,12.76000,5.50533,5.03100,1.22123,6.14401,12.08000,5.62166,5.07089,1.13675,5.76435,11.51000,5.23025,24.71112,22.19100
75-1,1783321730.363470,2026-07-06T14:08:50.363470,5.08363,1.27396,6.47636,12.99000,6.48217,5.05325,1.22977,6.21435,12.50000,6.12751,5.02998,1.23930,6.23364,12.26000,6.24577,5.07374,1.15946,5.88279,11.74000,5.81923,24.80714,24.67468
75-1,1783321730.463587,2026-07-06T14:08:50.463587,5.08763,1.27396,6.48145,12.99000,7.13108,5.05160,1.26615,6.39609,12.87000,6.76787,5.03078,1.22514,6.16339,12.12000,6.86283,5.07469,1.14066,5.78849,11.55000,6.39876,24.82942,27.16054
75-1,1783321730.563705,2026-07-06T14:08:50.563705,5.08720,1.28178,6.52066,13.07000,7.78391,5.05578,1.26225,6.38163,12.83000,7.40678,5.03078,1.22514,6.16339,12.12000,7.47990,5.06969,1.16044,5.88305,11.75000,6.98776,24.94873,29.65835
75-1,1783321730.663824,2026-07-06T14:08:50.663824,5.08608,1.30229,6.62353,13.28000,8.44705,5.05178,1.26225,6.37658,12.83000,8.04520,5.02626,1.23441,6.20448,12.21000,8.10108,5.07369,1.16044,5.88769,11.75000,7.57723,25.09228,32.17056
75-1,1783321730.763943,2026-07-06T14:08:50.763943,5.08645,1.29545,6.58924,13.21000,9.10676,5.05289,1.23759,6.25339,12.58000,8.67129,5.02564,1.24540,6.25893,12.32000,8.72773,5.07394,1.15555,5.86320,11.70000,8.16425,24.96476,34.67002
75-1,1783321730.864063,2026-07-06T14:08:50.864063,5.08645,1.29545,6.58924,13.21000,9.76648,5.05169,1.26420,6.38634,12.85000,9.31069,5.03135,1.21512,6.11372,12.02000,9.33983,5.07364,1.16141,5.89259,11.76000,8.75421,24.98189,37.17121
76-1,1783321730.964202,2026-07-06T14:08:50.964202,5.09435,1.29740,6.60942,13.23000,0.66186,5.05436,1.20511,6.09109,12.25000,0.60996,5.02735,1.21512,6.10886,12.02000,0.61174,5.07925,1.12967,5.73789,11.44000,0.57459,24.54726,2.45814
76-1,1783321731.064321,2026-07-06T14:08:51.064321,5.09734,1.24247,6.33329,12.67000,1.29594,5.04636,1.20511,6.08145,12.25000,1.21882,5.02798,1.20389,6.05316,11.91000,1.21777,5.06725,1.12967,5.72433,11.44000,1.14770,24.19223,4.88022
76-1,1783321731.164439,2026-07-06T14:08:51.164439,5.08388,1.34257,6.82547,13.69000,1.97930,5.05995,1.34672,6.81434,13.69000,1.90106,5.03879,1.36674,6.88672,13.52000,1.90726,5.08523,1.24833,6.34804,12.64000,1.78325,26.87457,7.57087
76-1,1783321731.264559,2026-07-06T14:08:51.264559,5.08373,1.27201,6.46657,12.97000,2.62673,5.07799,0.94827,4.81531,9.64000,2.38317,5.05540,1.07254,5.42213,10.61000,2.45012,5.07882,0.82253,4.17750,8.33000,2.20150,20.88151,9.66152
76-1,1783321731.364676,2026-07-06T14:08:51.364676,5.08373,1.27201,6.46657,12.97000,3.27414,5.04849,1.24638,6.29232,12.67000,3.01314,5.02609,1.23734,6.21900,12.24000,3.07275,5.06194,1.15555,5.84933,11.70000,2.78712,24.82722,12.14715
76-1,1783321731.464794,2026-07-06T14:08:51.464794,5.09088,1.28764,6.55520,13.13000,3.93044,5.04849,1.24638,6.29232,12.67000,3.64312,5.03009,1.23734,6.22395,12.24000,3.69588,5.07379,1.15848,5.87789,11.73000,3.37561,24.94936,14.64504
76-1,1783321731.564914,2026-07-06T14:08:51.564914,5.09077,1.28959,6.56501,13.15000,4.58772,5.05316,1.23173,6.22411,12.52000,4.26627,5.02684,1.22416,6.15365,12.11000,4.31198,5.07379,1.15848,5.87789,11.73000,3.96410,24.82066,17.13007
76-1,1783321731.665032,2026-07-06T14:08:51.665032,5.07963,1.27396,6.47126,12.99000,5.23561,5.05196,1.25810,6.35585,12.79000,4.90260,5.02649,1.23026,6.18391,12.17000,4.93110,5.07454,1.14359,5.80319,11.58000,4.54510,24.81421,19.61441
76-1,1783321731.765151,2026-07-06T14:08:51.765151,5.08763,1.27396,6.48145,12.99000,5.88453,5.05436,1.20511,6.09109,12.25000,5.51244,5.02929,1.18070,5.93808,11.68000,5.52561,5.07630,1.10892,5.62921,11.23000,5.10869,24.13983,22.03127
76-1,1783321731.865269,2026-07-06T14:08:51.865269,5.08806,1.26591,6.44102,12.91000,6.52939,5.05036,1.20511,6.08627,12.25000,6.12178,5.02929,1.18070,5.93808,11.68000,6.12012,5.06969,1.16044,5.88305,11.75000,5.69769,24.34842,24.46899
76-1,1783321731.965386,2026-07-06T14:08:51.965386,5.10770,0.90603,4.62774,9.24000,6.99271,5.05236,1.16092,5.86541,11.80000,6.70901,5.03419,1.02298,5.14988,10.12000,6.63572,5.08169,1.16044,5.89697,11.75000,6.28808,21.54000,26.62552
76-1,1783321732.065504,2026-07-06T14:08:52.065504,5.09523,0.84133,4.28679,8.58000,7.42189,5.06421,0.89920,4.55373,9.14000,7.16492,5.04320,0.86331,4.35384,8.54000,7.07161,5.08251,0.82864,4.21156,8.39000,6.70973,17.40592,28.36817
76-1,1783321732.165622,2026-07-06T14:08:52.165622,5.09123,0.84133,4.28342,8.58000,7.85074,5.04010,1.25517,6.32615,12.76000,7.79828,5.01375,1.24345,6.23433,12.30000,7.69578,5.06975,1.08036,5.47713,10.94000,7.25809,22.32103,30.60289
76-1,1783321732.265738,2026-07-06T14:08:52.265738,5.08752,1.27592,6.49126,13.01000,8.50062,5.05610,1.25517,6.34624,12.76000,8.43365,5.02975,1.24345,6.25422,12.30000,8.32193,5.07479,1.13871,5.77870,11.53000,7.83664,24.87042,33.09284
76-1,1783321732.365857,2026-07-06T14:08:52.365857,5.08785,1.26981,6.46063,12.95000,9.14745,5.05578,1.26225,6.38163,12.83000,9.07257,5.03004,1.23832,6.22879,12.25000,8.94555,5.07479,1.13871,5.77870,11.53000,8.41519,24.84975,35.58075
76-1,1783321732.465924,2026-07-06T14:08:52.465924,5.08725,1.28080,6.51576,13.06000,9.79946,5.05676,1.24052,6.27299,12.61000,9.70028,5.03164,1.21000,6.08827,11.97000,9.55478,5.07364,1.16141,5.89259,11.76000,9.00484,24.76961,38.05937
76-1,1783321732.566040,2026-07-06T14:08:52.566040,5.07925,1.28080,6.50551,13.06000,10.45077,5.05142,1.27006,6.41560,12.91000,10.34259,5.02586,1.24149,6.23957,12.28000,10.17947,5.07625,1.03104,5.23380,10.44000,9.52883,24.39448,40.50166
76-1,1783321732.666158,2026-07-06T14:08:52.666158,5.07915,1.28275,6.51529,13.08000,11.10307,5.05542,1.27006,6.42068,12.91000,10.98542,5.02186,1.24149,6.23460,12.28000,10.80366,5.06959,1.16239,5.89283,11.77000,10.11881,25.06340,43.01096
76-1,1783321732.766276,2026-07-06T14:08:52.766276,5.08604,1.22977,6.25467,12.54000,11.72927,5.04614,1.21000,6.10582,12.30000,11.59672,5.03198,1.20389,6.05797,11.91000,11.41017,5.06949,1.16434,5.90262,11.79000,10.70977,24.32108,45.44592
76-1,1783321732.866394,2026-07-06T14:08:52.866394,5.08293,1.28666,6.54001,13.12000,12.38404,5.04401,1.25712,6.34092,12.78000,12.23156,5.03009,1.23734,6.22395,12.24000,12.03330,5.07349,1.16434,5.90728,11.79000,11.30119,25.01216,47.95009
76-1,1783321732.966510,2026-07-06T14:08:52.966510,5.08667,1.29154,6.56965,13.17000,13.04177,5.05223,1.25224,6.32658,12.73000,12.86495,5.02655,1.22929,6.17906,12.16000,12.65193,5.07044,1.14554,5.80841,11.60000,11.88271,24.88370,50.44136
77-1,1783321733.066644,2026-07-06T14:08:53.066644,5.08667,1.29154,6.56965,13.17000,0.65784,5.05223,1.25224,6.32658,12.73000,0.63350,5.02255,1.22929,6.17415,12.16000,0.61824,5.06919,1.17020,5.93198,11.85000,0.59399,25.00236,2.50357
77-1,1783321733.166760,2026-07-06T14:08:53.166760,5.08886,1.32475,6.74145,13.51000,1.33277,5.04377,1.35063,6.81226,13.73000,1.31552,5.02970,1.31523,6.61519,13.01000,1.28053,5.07144,1.20487,6.11042,12.20000,1.20574,26.27932,5.13456
77-1,1783321733.266879,2026-07-06T14:08:53.266879,5.09891,1.14042,5.81488,11.63000,1.91495,5.06373,0.90994,4.60769,9.25000,1.77684,5.05851,0.80471,4.07065,7.96000,1.68808,5.07144,1.20487,6.11042,12.20000,1.81751,20.60364,7.19738
77-1,1783321733.366997,2026-07-06T14:08:53.366997,5.07467,1.29154,6.55415,13.17000,2.57114,5.04041,1.24833,6.29209,12.69000,2.40679,5.00706,1.22025,6.10987,12.07000,2.29979,5.08025,1.10990,5.63855,11.24000,2.38203,24.59466,9.65975
77-1,1783321733.467115,2026-07-06T14:08:53.467115,5.08267,1.29154,6.56448,13.17000,3.22836,5.04841,1.24833,6.30207,12.69000,3.03774,5.02706,1.22025,6.13428,12.07000,2.91394,5.07784,1.15751,5.87763,11.72000,2.97049,24.87846,12.15053
77-1,1783321733.567234,2026-07-06T14:08:53.567234,5.07436,1.22391,6.21058,12.48000,3.85016,5.04979,1.21781,6.14968,12.38000,3.65344,5.01900,1.15043,5.77399,11.38000,3.49202,5.08440,1.10697,5.62826,11.21000,3.53398,23.76251,14.52960
77-1,1783321733.667352,2026-07-06T14:08:53.667352,5.07120,1.28178,6.50015,13.07000,4.50094,5.05201,1.25712,6.35097,12.78000,4.28929,5.01575,1.20804,6.05925,11.95000,4.09866,5.08040,1.10697,5.62383,11.21000,4.09703,24.53420,16.98592
77-1,1783321733.767470,2026-07-06T14:08:53.767470,5.08240,1.29643,6.58896,13.22000,5.16061,5.05267,1.24247,6.27779,12.63000,4.91781,5.02169,1.24442,6.24911,12.31000,4.72431,5.07379,1.15848,5.87789,11.73000,4.68551,24.99375,19.48825
77-1,1783321733.867588,2026-07-06T14:08:53.867588,5.09040,1.29643,6.59933,13.22000,5.82133,5.05280,1.23954,6.26315,12.60000,5.54486,5.02969,1.24442,6.25907,12.31000,5.35096,5.07024,1.14945,5.82799,11.64000,5.26900,24.94954,21.98615
77-1,1783321733.967707,2026-07-06T14:08:53.967707,5.08833,1.26102,6.41651,12.86000,6.46374,5.05280,1.23954,6.26315,12.60000,6.17192,5.02604,1.23832,6.22384,12.25000,5.97408,5.06969,1.16044,5.88305,11.75000,5.85801,24.78655,24.46775
77-1,1783321734.067826,2026-07-06T14:08:54.067826,5.07925,1.28080,6.50551,13.06000,7.11507,5.05591,1.25932,6.36698,12.80000,6.80938,5.02746,1.21317,6.09917,12.00000,6.58472,5.07089,1.13675,5.76435,11.51000,6.43513,24.73601,26.94429
77-1,1783321734.167944,2026-07-06T14:08:54.167944,5.08033,1.26102,6.40642,12.86000,7.75646,5.05601,1.25712,6.35600,12.78000,7.44573,5.02598,1.23930,6.22868,12.26000,7.20833,5.06689,1.13675,5.75980,11.51000,7.01179,24.75090,29.42230
77-1,1783321734.268063,2026-07-06T14:08:54.268063,5.08208,1.30229,6.61832,13.28000,8.41908,5.05289,1.23759,6.25339,12.58000,8.07181,5.02998,1.23930,6.23364,12.26000,7.83243,5.07359,1.16239,5.89748,11.77000,7.60224,25.00283,31.92556
77-1,1783321734.368182,2026-07-06T14:08:54.368182,5.08608,1.30229,6.62353,13.28000,9.08222,5.05289,1.23759,6.25339,12.58000,8.69789,5.02592,1.24052,6.23473,12.27000,8.45665,5.07469,1.14066,5.78849,11.55000,8.18177,24.90014,34.41853
77-1,1783321734.468301,2026-07-06T14:08:54.468301,5.08325,1.28080,6.51063,13.06000,9.73406,5.05586,1.26029,6.37187,12.81000,9.33583,5.03066,1.22733,6.17429,12.14000,9.07481,5.07349,1.16434,5.90728,11.79000,8.77320,24.96407,36.91790
77-1,1783321734.568420,2026-07-06T14:08:54.568420,5.08341,1.27787,6.49595,13.03000,10.38443,5.05614,1.25419,6.34135,12.75000,9.97072,5.02986,1.24149,6.24454,12.28000,9.70001,5.07349,1.16434,5.90728,11.79000,9.36463,24.98912,39.41979
77-1,1783321734.668537,2026-07-06T14:08:54.668537,5.08731,1.27982,6.51086,13.05000,11.03628,5.05227,1.25126,6.32170,12.72000,10.60364,5.03129,1.21610,6.11856,12.03000,10.31258,5.07049,1.14457,5.80351,11.59000,9.94567,24.75463,41.89817
77-1,1783321734.768656,2026-07-06T14:08:54.768656,5.08731,1.27982,6.51086,13.05000,11.68814,5.04827,1.25126,6.31670,12.72000,11.23606,5.02329,1.21610,6.10883,12.03000,10.92419,5.06954,1.16337,5.89773,11.78000,10.53614,24.83412,44.38454
77-1,1783321734.868774,2026-07-06T14:08:54.868774,5.08635,1.29740,6.59904,13.23000,12.34882,5.04764,1.26518,6.38615,12.86000,11.87543,5.02941,1.24955,6.28449,12.36000,11.55338,5.07044,1.14554,5.80841,11.60000,11.11767,25.07809,46.89530
77-1,1783321734.968893,2026-07-06T14:08:54.968893,5.08757,1.27494,6.48636,13.00000,12.99823,5.04867,1.24247,6.27282,12.63000,12.50346,5.02992,1.24052,6.23969,12.27000,12.17809,5.07044,1.14554,5.80841,11.60000,11.69920,24.80728,49.37898
77-1,1783321735.069011,2026-07-06T14:08:55.069011,5.08699,1.28568,6.54026,13.11000,13.65303,5.04764,1.26518,6.38615,12.86000,13.14282,5.02946,1.24857,6.27965,12.35000,12.80680,5.07344,1.16532,5.91217,11.80000,12.29111,25.11823,51.89377
77-1,1783321735.169129,2026-07-06T14:08:55.169129,5.08299,1.28568,6.53511,13.11000,14.30731,5.05964,1.26518,6.40134,12.86000,13.78371,5.03346,1.24857,6.28464,12.35000,13.43600,5.07459,1.14261,5.79829,11.57000,12.87162,25.01938,54.39864
77-1,1783321735.269247,2026-07-06T14:08:55.269247,5.08390,1.26884,6.45065,12.94000,14.95313,5.05333,1.22782,6.20459,12.48000,14.40490,5.02404,1.20292,6.04350,11.90000,14.04106,5.07594,1.11600,5.66475,11.30000,13.43877,24.36349,56.83787
77-1,1783321735.369365,2026-07-06T14:08:55.369365,5.08741,1.27787,6.50106,13.03000,15.60401,5.05138,1.27103,6.42048,12.92000,15.04771,5.02146,1.24857,6.26966,12.35000,14.66877,5.06914,1.17118,5.93687,11.86000,14.03316,25.12807,59.35364
77-1,1783321735.469484,2026-07-06T14:08:55.469484,5.08715,1.28275,6.52556,13.08000,16.25734,5.05232,1.25028,6.31682,12.71000,15.68014,5.03031,1.23344,6.20457,12.20000,15.28997,5.06514,1.17118,5.93219,11.86000,14.62708,24.97914,61.85453
77-1,1783321735.569600,2026-07-06T14:08:55.569600,5.08235,1.29740,6.59385,13.23000,16.91749,5.05232,1.25028,6.31682,12.71000,16.31256,5.02631,1.23344,6.19964,12.20000,15.91065,5.07734,1.16727,5.92664,11.82000,15.22044,25.03695,64.36114
77-1,1783321735.669719,2026-07-06T14:08:55.669719,5.08635,1.29740,6.59904,13.23000,17.57818,5.04742,1.27006,6.41052,12.91000,16.95437,5.02552,1.24760,6.26982,12.34000,16.53838,5.07734,1.16727,5.92664,11.82000,15.81380,25.20602,66.88473
77-1,1783321735.769838,2026-07-06T14:08:55.769838,5.08693,1.28666,6.54515,13.12000,18.23347,5.04841,1.24833,6.30207,12.69000,17.58533,5.02581,1.24247,6.24441,12.29000,17.16356,5.07304,1.17313,5.95135,11.88000,16.40964,25.04298,69.39200
77-1,1783321735.869957,2026-07-06T14:08:55.869957,5.08560,1.31108,6.66760,13.37000,18.90103,5.04733,1.27201,6.42027,12.93000,18.22812,5.02518,1.25346,6.29885,12.40000,17.79420,5.07304,1.17313,5.95135,11.88000,17.00549,25.33807,71.92883
77-1,1783321735.970076,2026-07-06T14:08:55.970076,5.08757,1.27494,6.48636,13.00000,19.55043,5.05133,1.27201,6.42535,12.93000,18.87142,5.02518,1.25346,6.29885,12.40000,18.42483,5.07029,1.14847,5.82309,11.63000,17.58849,25.03365,74.43517
77-1,1783321736.070195,2026-07-06T14:08:56.070195,5.09157,1.27494,6.49146,13.00000,20.20035,5.05263,1.24345,6.28267,12.64000,19.50043,5.02918,1.25346,6.30386,12.40000,19.05597,5.06904,1.17313,5.94666,11.88000,18.18386,25.02465,76.94062
77-1,1783321736.170313,2026-07-06T14:08:56.170313,5.09083,1.28861,6.56011,13.14000,20.85714,5.05138,1.27103,6.42048,12.92000,20.14324,5.02946,1.24857,6.27965,12.35000,19.68468,5.07299,1.17411,5.95624,11.89000,18.78019,25.21648,79.46525
77-1,1783321736.270432,2026-07-06T14:08:56.270432,5.09051,1.29447,6.58952,13.20000,21.51687,5.05218,1.25321,6.33146,12.74000,20.77714,5.02495,1.25761,6.31941,12.44000,20.31737,5.07299,1.17411,5.95624,11.89000,19.37652,25.19663,81.98791
77-1,1783321736.370552,2026-07-06T14:08:56.370552,5.08181,1.30717,6.64279,13.33000,22.18195,5.04818,1.25321,6.32645,12.74000,21.41054,5.02495,1.25761,6.31941,12.44000,20.95007,5.07369,1.16044,5.88769,11.75000,19.96600,25.17634,84.50856
77-1,1783321736.470669,2026-07-06T14:08:56.470669,5.08581,1.30717,6.64802,13.33000,22.84753,5.05529,1.27299,6.43532,12.94000,22.05483,5.02604,1.23832,6.22384,12.25000,21.57318,5.07294,1.17508,5.96114,11.90000,20.56281,25.26832,87.03834
77-1,1783321736.570789,2026-07-06T14:08:56.570789,5.08987,1.30619,6.64834,13.32000,23.51316,5.05551,1.26811,6.41092,12.89000,22.69669,5.02512,1.25468,6.30490,12.41000,22.20442,5.06504,1.17313,5.94196,11.88000,21.15772,25.30612,89.57200
77-1,1783321736.670907,2026-07-06T14:08:56.670907,5.09008,1.30229,6.62874,13.28000,24.17682,5.05529,1.27299,6.43532,12.94000,23.34099,5.02620,1.23539,6.20932,12.22000,22.82609,5.07369,1.16044,5.88769,11.75000,21.74719,25.16107,92.09109
77-1,1783321736.771026,2026-07-06T14:08:56.771026,5.08709,1.28373,6.53046,13.09000,24.83064,5.05529,1.27299,6.43532,12.94000,23.98528,5.03020,1.23539,6.21426,12.22000,23.44826,5.06969,1.16044,5.88305,11.75000,22.33619,25.06309,94.60038
77-1,1783321736.871144,2026-07-06T14:08:56.871144,5.08812,1.26493,6.43612,12.90000,25.47502,5.05498,1.27982,6.46949,13.01000,24.63299,5.02490,1.25858,6.32425,12.45000,24.08143,5.06704,1.13382,5.74513,11.48000,22.91138,24.97499,97.10082
77-1,1783321736.971263,2026-07-06T14:08:56.971263,5.08812,1.26493,6.43612,12.90000,26.11939,5.05511,1.27689,6.45484,12.98000,25.27924,5.02575,1.24345,6.24925,12.30000,24.70710,5.06549,1.16434,5.89796,11.79000,23.50188,25.03817,99.60761
77-1,1783321737.071382,2026-07-06T14:08:57.071382,5.08624,1.29936,6.60884,13.25000,26.78106,5.04823,1.25224,6.32157,12.73000,25.91215,5.02484,1.25956,6.32909,12.46000,25.34076,5.07269,1.18021,5.98684,11.95000,24.10127,25.24634,102.13524
77-1,1783321737.171500,2026-07-06T14:08:57.171500,5.08576,1.30815,6.65291,13.34000,27.44714,5.05223,1.25224,6.32658,12.73000,26.54556,5.03284,1.25956,6.33916,12.46000,25.97542,5.06869,1.18021,5.98212,11.95000,24.70019,25.30077,104.66831
77-1,1783321737.271617,2026-07-06T14:08:57.271617,5.08539,1.31498,6.68719,13.41000,28.11664,5.05111,1.27689,6.44974,12.98000,27.19128,5.02518,1.25346,6.29885,12.40000,26.60604,5.06873,1.17924,5.97723,11.94000,25.29861,25.41301,107.21258
77-1,1783321737.371736,2026-07-06T14:08:57.371736,5.08539,1.31498,6.68719,13.41000,28.78615,5.05102,1.27885,6.45949,13.00000,27.83800,5.02518,1.25346,6.29885,12.40000,27.23668,5.06878,1.17826,5.97234,11.93000,25.89656,25.41787,109.75739
77-1,1783321737.471856,2026-07-06T14:08:57.471856,5.08561,1.23759,6.29388,12.62000,29.41630,5.05516,1.27592,6.44996,12.97000,28.48377,5.03386,1.24149,6.24950,12.28000,27.86238,5.06883,1.17728,5.96745,11.92000,26.49402,24.96079,112.25647
77-1,1783321737.571973,2026-07-06T14:08:57.571973,5.08245,1.29545,6.58406,13.21000,30.07548,5.05116,1.27592,6.44486,12.97000,29.12902,5.02586,1.24149,6.23957,12.28000,28.48707,5.06883,1.17728,5.96745,11.92000,27.09147,25.23594,114.78303
77-1,1783321737.672092,2026-07-06T14:08:57.672092,5.07488,1.28764,6.53460,13.13000,30.72971,5.05223,1.25224,6.32658,12.73000,29.76243,5.02872,1.26176,6.34502,12.48000,29.12232,5.07278,1.17826,5.97705,11.93000,27.68988,25.18325,117.30434
77-1,1783321737.772208,2026-07-06T14:08:57.772208,5.07488,1.28764,6.53460,13.13000,31.38393,5.05102,1.27885,6.45949,13.00000,30.40913,5.02501,1.25663,6.31457,12.43000,29.75451,5.07309,1.17215,5.94645,11.87000,28.28522,25.25511,119.83279
77-1,1783321737.872326,2026-07-06T14:08:57.872326,5.09467,1.29154,6.57998,13.17000,32.04271,5.06302,1.27885,6.47484,13.00000,31.05737,5.02604,1.23832,6.22384,12.25000,30.37763,5.07273,1.17924,5.98195,11.94000,28.88412,25.26061,122.36183
77-1,1783321737.972443,2026-07-06T14:08:57.972443,5.09461,1.29252,6.58489,13.18000,32.70196,5.05902,1.27885,6.46972,13.00000,31.70510,5.02490,1.25858,6.32425,12.45000,31.01079,5.07273,1.17924,5.98195,11.94000,29.48301,25.36081,124.90087
77-1,1783321738.072562,2026-07-06T14:08:58.072562,5.07835,1.29740,6.58866,13.23000,33.36161,5.05542,1.27006,6.42068,12.91000,32.34793,5.02490,1.25858,6.32425,12.45000,31.64397,5.07269,1.18021,5.98684,11.95000,30.08241,25.32043,127.43593
77-1,1783321738.172682,2026-07-06T14:08:58.172682,5.08235,1.29740,6.59385,13.23000,34.02179,5.05507,1.27787,6.45972,12.99000,32.99468,5.01661,1.26371,6.33954,12.50000,32.27868,5.07654,1.18314,6.00626,11.98000,30.68375,25.39937,129.97890
77-1,1783321738.272800,2026-07-06T14:08:58.272800,5.09803,1.30326,6.64407,13.29000,34.68698,5.04294,1.28080,6.45900,13.02000,33.64134,5.01679,1.26054,6.32384,12.47000,32.91182,5.07669,1.18021,5.99156,11.95000,31.28362,25.41847,132.52375
77-1,1783321738.372916,2026-07-06T14:08:58.372916,5.08933,1.31596,6.69735,13.42000,35.35749,5.04694,1.28080,6.46412,13.02000,34.28851,5.02482,1.11820,5.61874,11.06000,33.47434,5.07465,1.06253,5.39198,10.76000,31.82344,24.17219,134.94379
77-1,1783321738.473033,2026-07-06T14:08:58.473033,5.11496,0.84622,4.32837,8.63000,35.79084,5.05718,1.05448,5.33268,10.72000,34.82240,5.03282,1.11820,5.62769,11.06000,34.03777,5.07465,1.06253,5.39198,10.76000,32.36327,20.68072,137.01428
77-1,1783321738.573152,2026-07-06T14:08:58.573152,5.09510,0.91702,4.67231,9.35000,36.25862,5.06421,0.89920,4.55373,9.14000,35.27831,5.03520,0.86331,4.34693,8.54000,34.47298,5.07456,0.82766,4.20002,8.38000,32.78377,17.77299,138.79369
77-1,1783321738.673270,2026-07-06T14:08:58.673270,5.09910,0.91702,4.67597,9.35000,36.72677,5.06030,0.89724,4.54033,9.12000,35.73288,5.03326,0.89773,4.51852,8.88000,34.92537,5.07191,0.87991,4.46282,8.91000,33.23058,18.19764,140.61560
77-1,1783321738.773390,2026-07-06T14:08:58.773390,5.09517,0.84231,4.29172,8.59000,37.15646,5.06030,0.89724,4.54033,9.12000,36.18746,5.04315,0.86428,4.35871,8.55000,35.36176,5.08265,0.82571,4.19679,8.36000,33.65076,17.38755,142.35643
77-1,1783321738.873509,2026-07-06T14:08:58.873509,5.08382,1.05033,5.33967,10.71000,37.69106,5.05630,0.89724,4.53674,9.12000,36.64167,5.03115,0.86428,4.34834,8.55000,35.79711,5.07865,0.82571,4.19349,8.36000,34.07061,18.41824,144.20046
78-1,1783321738.973659,2026-07-06T14:08:58.973659,5.08245,1.29545,6.58406,13.21000,0.65940,5.04272,1.19730,6.03765,12.17000,0.60467,5.03764,1.17460,5.91719,11.62000,0.59261,5.07179,1.11893,5.67498,11.33000,0.56835,24.21388,2.42503
78-1,1783321739.073777,2026-07-06T14:08:59.073777,5.08245,1.29545,6.58406,13.21000,1.31858,5.04777,1.35063,6.81766,13.73000,1.28724,5.03004,1.30912,6.58494,12.95000,1.25188,5.06839,1.18607,6.01147,12.01000,1.17021,25.99813,5.02790
78-1,1783321739.173894,2026-07-06T14:08:59.173894,5.08901,1.32182,6.72675,13.48000,1.99204,5.05977,1.35063,6.83387,13.73000,1.97143,5.04155,0.89261,4.50012,8.83000,1.70241,5.08390,0.95901,4.87553,9.71000,1.65833,22.93627,7.32421
78-1,1783321739.274012,2026-07-06T14:08:59.274012,5.09751,1.16605,5.94396,11.89000,2.58713,5.05790,0.95022,4.80614,9.66000,2.45261,5.03355,0.89261,4.49297,8.83000,2.15224,5.07190,0.95901,4.86402,9.71000,2.14530,20.10709,9.33729
78-1,1783321739.374130,2026-07-06T14:08:59.374130,5.08325,1.28080,6.51063,13.06000,3.23897,5.04533,1.22782,6.19477,12.48000,3.07282,5.02780,1.20707,6.06890,11.94000,2.75985,5.07415,1.15140,5.84238,11.66000,2.73023,24.61668,11.80186
78-1,1783321739.474246,2026-07-06T14:08:59.474246,5.08725,1.28080,6.51576,13.06000,3.89130,5.05280,1.23954,6.26315,12.60000,3.69986,5.02564,1.24540,6.25893,12.32000,3.38647,5.07074,1.13968,5.77904,11.54000,3.30881,24.81688,14.28644
78-1,1783321739.574362,2026-07-06T14:08:59.574362,5.08412,1.26493,6.43106,12.90000,4.53515,5.05280,1.23954,6.26315,12.60000,4.32690,5.02598,1.23930,6.22868,12.26000,4.01006,5.06979,1.15848,5.87326,11.73000,3.89682,24.79615,16.76893
78-1,1783321739.674479,2026-07-06T14:08:59.674479,5.08757,1.27494,6.48636,13.00000,5.18455,5.05164,1.26518,6.39121,12.86000,4.96677,5.02598,1.23930,6.22868,12.26000,4.63366,5.07424,1.14945,5.83259,11.64000,4.48076,24.93884,19.26573
78-1,1783321739.774595,2026-07-06T14:08:59.774595,5.08752,1.27592,6.49126,13.01000,5.83443,5.05186,1.26029,6.36683,12.81000,5.60419,5.02735,1.21512,6.10886,12.02000,5.24525,5.07024,1.14945,5.82799,11.64000,5.06423,24.79494,21.74811
78-1,1783321739.874714,2026-07-06T14:08:59.874714,5.08379,1.27103,6.46167,12.96000,6.48136,5.04916,1.23173,6.21918,12.52000,6.22685,5.02631,1.23344,6.19964,12.20000,5.86595,5.07379,1.15848,5.87789,11.73000,5.65272,24.75838,24.22688
78-1,1783321739.974833,2026-07-06T14:08:59.974833,5.08779,1.27103,6.46675,12.96000,7.12881,5.05316,1.23173,6.22411,12.52000,6.85000,5.02586,1.24149,6.23957,12.28000,6.49066,5.07369,1.16044,5.88769,11.75000,6.24219,24.81812,26.71166
78-1,1783321740.074954,2026-07-06T14:09:00.074954,5.08651,1.29447,6.58435,13.20000,7.78804,5.05596,1.25810,6.36088,12.79000,7.48686,5.02586,1.24149,6.23957,12.28000,7.11536,5.07034,1.14750,5.81820,11.62000,6.82471,25.00300,29.21497
78-1,1783321740.175072,2026-07-06T14:09:00.175072,5.08752,1.27592,6.49126,13.01000,8.43793,5.05596,1.25810,6.36088,12.79000,8.12370,5.02346,1.21317,6.09432,12.00000,7.72552,5.07434,1.14750,5.82279,11.62000,7.40768,24.76925,31.69483
78-1,1783321740.275191,2026-07-06T14:09:00.275191,5.09141,1.27787,6.50617,13.03000,9.08932,5.05280,1.23954,6.26315,12.60000,8.75075,5.02169,1.24442,6.24911,12.31000,8.35117,5.07374,1.15946,5.88279,11.74000,7.99666,24.90122,34.18790
78-1,1783321740.375309,2026-07-06T14:09:00.375309,5.08341,1.27787,6.49595,13.03000,9.73968,5.04880,1.23954,6.25819,12.60000,9.37731,5.03004,1.23832,6.22879,12.25000,8.97478,5.07449,1.14457,5.80809,11.59000,8.57815,24.79102,36.66993
78-1,1783321740.475429,2026-07-06T14:09:00.475429,5.08699,1.28568,6.54026,13.11000,10.39449,5.05569,1.26420,6.39139,12.85000,10.01722,5.02204,1.23832,6.21889,12.25000,9.59742,5.07364,1.16141,5.89259,11.76000,9.16812,25.04313,39.17725
78-1,1783321740.575547,2026-07-06T14:09:00.575547,5.08619,1.30033,6.61373,13.26000,11.05665,5.05569,1.26420,6.39139,12.85000,10.65711,5.02271,1.22636,6.15963,12.13000,10.21411,5.06564,1.16141,5.88329,11.76000,9.75714,25.04804,41.68502
78-1,1783321740.675664,2026-07-06T14:09:00.675664,5.09088,1.28764,6.55520,13.13000,11.71293,5.05307,1.23368,6.23387,12.54000,11.28123,5.02186,1.24149,6.23460,12.28000,10.83830,5.07034,1.14750,5.81820,11.62000,10.33964,24.84187,44.17210
78-1,1783321740.775782,2026-07-06T14:09:00.775782,5.08688,1.28764,6.55005,13.13000,12.36871,5.04907,1.23368,6.22894,12.54000,11.90486,5.02329,1.21610,6.10883,12.03000,11.44990,5.06944,1.16532,5.90751,11.80000,10.93109,24.79533,46.65455
78-1,1783321740.875900,2026-07-06T14:09:00.875900,5.07819,1.30033,6.60333,13.26000,13.02982,5.05147,1.26908,6.41072,12.90000,12.54669,5.03129,1.21610,6.11856,12.03000,12.06248,5.07524,1.05081,5.33313,10.64000,11.46503,24.46574,49.10402
78-1,1783321740.976019,2026-07-06T14:09:00.976019,5.08422,1.26298,6.42126,12.88000,13.67271,5.05348,1.22465,6.18873,12.45000,13.16630,5.02975,1.24345,6.25422,12.30000,12.68865,5.07484,1.13773,5.77380,11.52000,12.04310,24.63801,51.57076
78-1,1783321741.076138,2026-07-06T14:09:01.076138,5.08341,1.27787,6.49595,13.03000,14.32308,5.05164,1.26518,6.39121,12.86000,13.80618,5.02958,1.24638,6.26875,12.33000,13.31626,5.07484,1.13773,5.77380,11.52000,12.62116,24.92971,54.06668
78-1,1783321741.176256,2026-07-06T14:09:01.176256,5.08672,1.29057,6.56475,13.16000,14.98033,5.05164,1.26518,6.39121,12.86000,14.44605,5.02952,1.24760,6.27481,12.34000,13.94449,5.07324,1.16923,5.93176,11.84000,13.21504,25.16253,56.58592
78-1,1783321741.276375,2026-07-06T14:09:01.276375,5.08272,1.29057,6.55959,13.16000,15.63707,5.05241,1.24833,6.30707,12.69000,15.07751,5.02546,1.24857,6.27466,12.35000,14.57270,5.07334,1.16727,5.92197,11.82000,13.80794,25.06329,59.09522
78-1,1783321741.376493,2026-07-06T14:09:01.376493,5.08806,1.26591,6.44102,12.91000,16.28193,5.05173,1.26322,6.38146,12.84000,15.71641,5.03346,1.24857,6.28464,12.35000,15.20191,5.07369,1.16044,5.88769,11.75000,14.39741,24.99481,61.59766
78-1,1783321741.476612,2026-07-06T14:09:01.476612,5.08709,1.28373,6.53046,13.09000,16.93576,5.05272,1.24149,6.27291,12.62000,16.34445,5.02569,1.24442,6.25409,12.31000,15.82806,5.07369,1.16044,5.88769,11.75000,14.98688,24.94515,64.09514
78-1,1783321741.576729,2026-07-06T14:09:01.576729,5.08635,1.29740,6.59904,13.23000,17.59643,5.05133,1.27201,6.42535,12.62000,16.98774,5.02518,1.25346,6.29885,12.40000,16.45868,5.06934,1.16727,5.91730,11.82000,15.57930,25.24054,66.62216
78-1,1783321741.676847,2026-07-06T14:09:01.676847,5.09035,1.29740,6.60423,13.23000,18.25764,5.05133,1.27201,6.42535,12.93000,17.63103,5.02586,1.24149,6.23957,12.28000,17.08338,5.07010,1.15238,5.84267,11.67000,16.16426,25.11182,69.13631
78-1,1783321741.776965,2026-07-06T14:09:01.776965,5.09051,1.29447,6.58952,13.20000,18.91736,5.05285,1.23856,6.25827,12.59000,18.25759,5.02986,1.24149,6.24454,12.28000,17.70856,5.07324,1.16923,5.93176,11.84000,16.75813,25.02409,71.64165
78-1,1783321741.877081,2026-07-06T14:09:01.877081,5.09008,1.30229,6.62874,13.28000,19.58101,5.05151,1.26811,6.40585,12.89000,18.89892,5.02552,1.24760,6.26982,12.34000,18.33628,5.06924,1.16923,5.92709,11.84000,17.35153,25.23150,74.16774
78-1,1783321741.977200,2026-07-06T14:09:01.977200,5.08571,1.30912,6.65781,13.35000,20.24758,5.04814,1.25419,6.33132,12.75000,19.53281,5.02678,1.22514,6.15849,12.12000,18.95286,5.06944,1.16532,5.90751,11.80000,17.94299,25.05513,76.67624
78-1,1783321742.077318,2026-07-06T14:09:02.077318,5.08571,1.30912,6.65781,13.35000,20.91415,5.05214,1.25419,6.33634,12.75000,20.16719,5.02535,1.25053,6.28433,12.37000,19.58204,5.07029,1.14847,5.82309,11.63000,18.52598,25.10157,79.18936
78-1,1783321742.177436,2026-07-06T14:09:02.177436,5.09013,1.30131,6.62384,13.27000,21.57731,5.05529,1.27299,6.43532,12.94000,20.81148,5.02535,1.25053,6.28433,12.37000,20.21121,5.06904,1.17313,5.94666,11.88000,19.12135,25.29015,81.72136
78-1,1783321742.277554,2026-07-06T14:09:02.277554,5.08987,1.30619,6.64834,13.32000,22.24293,5.05555,1.26713,6.40604,12.88000,21.45284,5.02626,1.23441,6.20448,12.21000,20.83239,5.07309,1.17215,5.94645,11.87000,19.71670,25.20531,84.24486
78-1,1783321742.377673,2026-07-06T14:09:02.377673,5.08581,1.30717,6.64802,13.33000,22.90852,5.05138,1.27103,6.42048,12.92000,22.09565,5.02535,1.25053,6.28433,12.37000,21.46157,5.07709,1.17215,5.95114,11.87000,20.31251,25.30397,86.77825
78-1,1783321742.477790,2026-07-06T14:09:02.477790,5.09045,1.29545,6.59443,13.21000,23.56874,5.05538,1.27103,6.42556,12.92000,22.73896,5.02106,1.25565,6.30471,12.42000,22.09277,5.06998,1.15458,5.85368,11.69000,20.89857,25.17838,89.29903
78-1,1783321742.577908,2026-07-06T14:09:02.577908,5.08645,1.29545,6.58924,13.21000,24.22844,5.05502,1.27885,6.46461,13.00000,23.38618,5.02906,1.25565,6.31476,12.42000,22.72500,5.06899,1.17411,5.95155,11.89000,21.49443,25.32016,91.83405
78-1,1783321742.678027,2026-07-06T14:09:02.678027,5.08560,1.31108,6.66760,13.37000,24.89599,5.05560,1.26615,6.40116,12.87000,24.02706,5.02564,1.24540,6.25893,12.32000,23.35163,5.06504,1.17313,5.94196,11.88000,22.08933,25.26965,94.36401
78-1,1783321742.778145,2026-07-06T14:09:02.778145,5.08613,1.30131,6.61863,13.27000,25.55864,5.04729,1.27299,6.42514,12.94000,24.67033,5.02530,1.25150,6.28917,12.38000,23.98129,5.06904,1.17313,5.94666,11.88000,22.68470,25.27960,96.89496
78-1,1783321742.878263,2026-07-06T14:09:02.878263,5.09152,1.27592,6.49636,13.01000,26.20904,5.05129,1.27299,6.43023,12.94000,25.31412,5.02935,1.25053,6.28934,12.37000,24.61097,5.07724,1.16923,5.93644,11.84000,23.27904,25.15237,99.41317
78-1,1783321742.978384,2026-07-06T14:09:02.978384,5.09152,1.27592,6.49636,13.01000,26.85946,5.05614,1.25419,6.34135,12.75000,25.94901,5.03735,1.25053,6.29934,12.37000,25.24166,5.07734,1.16727,5.92664,11.82000,23.87242,25.06369,101.92256
78-1,1783321743.078500,2026-07-06T14:09:03.078500,5.08651,1.29447,6.58435,13.20000,27.51866,5.05511,1.27689,6.45484,12.98000,26.59525,5.02941,1.24955,6.28449,12.36000,25.87084,5.07278,1.17826,5.97705,11.93000,24.47082,25.30073,104.45557
78-1,1783321743.178619,2026-07-06T14:09:03.178619,5.08651,1.29447,6.58435,13.20000,28.17788,5.05507,1.27787,6.45972,12.99000,27.24199,5.02895,1.25761,6.32444,12.44000,26.50404,5.06878,1.17826,5.97234,11.93000,25.06877,25.34085,106.99268
79-1,1783321743.278771,2026-07-06T14:09:03.278771,5.08581,1.30717,6.64802,13.33000,0.66581,5.05507,1.27787,6.45972,12.99000,0.64695,5.02484,1.25956,6.32909,12.46000,0.63387,5.07283,1.17728,5.97216,11.92000,0.59812,25.40899,2.54476
79-1,1783321743.378887,2026-07-06T14:09:03.378887,5.08181,1.30717,6.64279,13.33000,1.33087,5.04863,1.24345,6.27770,12.64000,1.27546,5.02484,1.25956,6.32909,12.46000,1.26752,5.07299,1.17411,5.95624,11.89000,1.19444,25.20582,5.06828
79-1,1783321743.479005,2026-07-06T14:09:03.479005,5.08544,1.31400,6.68229,13.40000,1.99988,5.04252,1.37822,6.94969,14.01000,1.97124,5.02541,1.32035,6.63531,13.06000,1.93183,5.07013,1.30961,6.63989,13.26000,1.85921,26.90718,7.76216
79-1,1783321743.579123,2026-07-06T14:09:03.579123,5.09271,1.18070,6.01297,12.04000,2.60189,5.07892,1.01614,5.16091,10.33000,2.48794,5.05280,0.83499,4.21902,8.26000,2.35423,5.09355,1.00540,5.12106,10.18000,2.37192,20.51396,9.81598
79-1,1783321743.679241,2026-07-06T14:09:03.679241,5.07606,1.26591,6.42583,12.91000,3.24523,5.05892,1.01614,5.14059,10.33000,3.00261,5.01420,1.23539,6.19449,12.22000,2.97441,5.08155,1.00540,5.10900,10.18000,2.88343,22.86991,12.10568
79-1,1783321743.779361,2026-07-06T14:09:03.779361,5.08406,1.26591,6.43596,12.91000,3.88959,5.04849,1.24638,6.29232,12.67000,3.63259,5.02220,1.23539,6.20438,12.22000,3.59559,5.06979,1.15848,5.87326,11.73000,3.47145,24.80592,14.58922
79-1,1783321743.879479,2026-07-06T14:09:03.879479,5.08240,1.29643,6.58896,13.22000,4.54927,5.04778,1.26225,6.37153,12.83000,4.27050,5.02751,1.21220,6.09433,11.99000,4.20574,5.07064,1.14164,5.78883,11.56000,4.05102,24.84365,17.07653
79-1,1783321743.979599,2026-07-06T14:09:03.979599,5.07952,1.27592,6.48105,13.01000,5.19815,5.05201,1.25712,6.35097,12.78000,4.90636,5.02649,1.23026,6.18391,12.17000,4.82487,5.07379,1.15848,5.87789,11.73000,4.63951,24.89382,19.56890
79-1,1783321744.079718,2026-07-06T14:09:04.079718,5.07963,1.27396,6.47126,12.99000,5.84605,5.05201,1.25712,6.35097,12.78000,5.54221,5.02620,1.23539,6.20932,12.22000,5.44654,5.06979,1.15848,5.87326,11.73000,5.22754,24.90481,22.06234
79-1,1783321744.179835,2026-07-06T14:09:04.179835,5.09201,1.26688,6.45099,12.92000,6.49190,5.04961,1.22172,6.16920,12.42000,6.15985,5.02620,1.23539,6.20932,12.22000,6.06820,5.07499,1.13480,5.75910,11.49000,5.80412,24.58861,24.52408
79-1,1783321744.279952,2026-07-06T14:09:04.279952,5.08401,1.26688,6.44085,12.92000,7.13674,5.04832,1.25028,6.31182,12.71000,6.79177,5.02420,1.19999,6.02898,11.87000,6.67181,5.07405,1.15336,5.85218,11.68000,6.39003,24.63383,26.99035
79-1,1783321744.380069,2026-07-06T14:09:04.380069,5.08720,1.28178,6.52066,13.07000,7.78957,5.05236,1.24931,6.31194,12.70000,7.42370,5.02598,1.23930,6.22868,12.26000,7.29540,5.07494,1.13578,5.76400,11.50000,6.96710,24.82528,29.47578
79-1,1783321744.480186,2026-07-06T14:09:04.480186,5.08699,1.28568,6.54026,13.11000,8.44436,5.05636,1.24931,6.31694,12.70000,8.05614,5.02660,1.22831,6.17422,12.15000,7.91355,5.07494,1.13578,5.76400,11.50000,7.54417,24.79542,31.95821
79-1,1783321744.580304,2026-07-06T14:09:04.580304,5.08336,1.27885,6.50084,13.04000,9.09521,5.05223,1.25224,6.32658,12.73000,8.68954,5.02215,1.23637,6.20921,12.23000,8.53520,5.07359,1.16239,5.89748,11.77000,8.13462,24.93411,34.45457
79-1,1783321744.680421,2026-07-06T14:09:04.680421,5.08736,1.27885,6.50596,13.04000,9.74657,5.05182,1.26127,6.37170,12.82000,9.32746,5.03015,1.23637,6.21911,12.23000,9.15784,5.07454,1.14359,5.80319,11.58000,8.71562,24.89996,36.94748
79-1,1783321744.780540,2026-07-06T14:09:04.780540,5.08624,1.29936,6.60884,13.25000,10.40824,5.05267,1.24247,6.27779,12.63000,9.95598,5.02181,1.24247,6.23944,12.29000,9.78253,5.06969,1.16044,5.88305,11.75000,9.30462,25.00912,39.45137
79-1,1783321744.880658,2026-07-06T14:09:04.880658,5.08608,1.30229,6.62353,13.28000,11.07137,5.05667,1.24247,6.28276,12.63000,10.58500,5.02358,1.21097,6.08343,11.98000,10.39159,5.06969,1.16044,5.88305,11.75000,9.89362,24.87277,41.94159
79-1,1783321744.980777,2026-07-06T14:09:04.980777,5.08629,1.29838,6.60394,13.24000,11.73255,5.05151,1.26811,6.40585,12.89000,11.22635,5.02175,1.24345,6.24428,12.30000,11.01676,5.07049,1.14457,5.80351,11.59000,10.47466,25.05758,44.45033
80-1,1783321745.080918,2026-07-06T14:09:05.080918,5.08629,1.29838,6.60394,13.24000,0.66132,5.05160,1.26615,6.39609,12.87000,0.64051,5.02975,1.24345,6.25422,12.30000,0.62630,5.07344,1.16532,5.91217,11.80000,0.59205,25.16642,2.52018
80-1,1783321745.181034,2026-07-06T14:09:05.181034,5.08657,1.22001,6.20565,12.44000,1.28261,5.04382,1.34965,6.80739,13.72000,1.32204,5.02941,1.24955,6.28449,12.36000,1.25548,5.06913,1.25028,6.33785,12.66000,1.22657,25.63538,5.08671
80-1,1783321745.281153,2026-07-06T14:09:05.281153,5.08772,1.34550,6.84553,13.72000,1.96798,5.05982,1.34965,6.82899,13.72000,2.00575,5.04247,1.01810,5.13372,10.07000,1.76947,5.10287,0.82156,4.19230,8.32000,1.64630,23.00054,7.38950
80-1,1783321745.381272,2026-07-06T14:09:05.381272,5.11404,0.86306,4.41374,8.80000,2.40988,5.06401,0.81545,4.12947,8.29000,2.41919,5.04709,0.86526,4.36705,8.56000,2.20669,5.08687,0.82156,4.17916,8.32000,2.06471,17.08942,9.10047
80-1,1783321745.481389,2026-07-06T14:09:05.481389,5.08248,1.14823,5.83585,11.71000,2.99415,5.06107,0.88040,4.45575,8.95000,2.86529,5.03509,0.86526,4.35667,8.56000,2.64287,5.07456,0.82766,4.20002,8.38000,2.48521,18.84829,10.98751
80-1,1783321745.581509,2026-07-06T14:09:05.581509,5.09048,1.14823,5.84504,11.71000,3.57935,5.04529,1.22880,6.19964,12.49000,3.48599,5.02751,1.21220,6.09433,11.99000,3.25303,5.05805,1.15336,5.83373,11.68000,3.06928,23.97274,13.38765
80-1,1783321745.681627,2026-07-06T14:09:05.681627,5.08828,1.26200,6.42141,12.87000,4.22225,5.05329,1.22880,6.20947,12.49000,4.10767,5.02615,1.23637,6.21416,12.23000,3.87518,5.07464,1.14164,5.79339,11.56000,3.64930,24.63843,15.85441
80-1,1783321745.781746,2026-07-06T14:09:05.781746,5.08785,1.26981,6.46063,12.95000,4.86908,5.05201,1.25712,6.35097,12.78000,4.74353,5.03009,1.23734,6.22395,12.24000,4.49832,5.07464,1.14164,5.79339,11.56000,4.22933,24.82894,18.34026
80-1,1783321745.881864,2026-07-06T14:09:05.881864,5.08433,1.26102,6.41147,12.86000,5.51099,5.05210,1.25517,6.34122,12.76000,5.37840,5.03009,1.23734,6.22395,12.24000,5.12145,5.07379,1.15848,5.87789,11.73000,4.81782,24.85453,20.82865
80-1,1783321745.981983,2026-07-06T14:09:05.981983,5.08433,1.26102,6.41147,12.86000,6.15290,5.05329,1.22880,6.20947,12.49000,6.00009,5.02358,1.21097,6.08343,11.98000,5.73051,5.07379,1.15848,5.87789,11.73000,5.40630,24.58226,23.28980
80-1,1783321746.082102,2026-07-06T14:09:06.082102,5.08629,1.29838,6.60394,13.24000,6.81407,5.05329,1.22880,6.20947,12.49000,6.62177,5.02175,1.24345,6.24428,12.30000,6.35568,5.07059,1.14261,5.79372,11.57000,5.98636,24.85141,25.77788
80-1,1783321746.182219,2026-07-06T14:09:06.182219,5.08731,1.27982,6.51086,13.05000,7.46592,5.06418,1.25321,6.34650,12.74000,7.25716,5.03295,1.18680,5.97312,11.74000,6.95369,5.07059,1.14261,5.79372,11.57000,6.56641,24.62420,28.24318
80-1,1783321746.282336,2026-07-06T14:09:06.282336,5.09083,1.28861,6.56011,13.14000,8.12270,5.06574,1.21879,6.17406,12.39000,7.87529,5.02495,1.18680,5.96363,11.74000,7.55076,5.07279,1.09915,5.57578,11.13000,7.12465,24.27358,30.67340
80-1,1783321746.382455,2026-07-06T14:09:06.382455,5.08283,1.28861,6.54980,13.14000,8.77846,5.04791,1.25932,6.35691,12.80000,8.51174,5.02986,1.24149,6.24454,12.28000,8.17595,5.07379,1.15848,5.87789,11.73000,7.71313,25.02914,33.17928
80-1,1783321746.482574,2026-07-06T14:09:06.482574,5.09061,1.29252,6.57972,13.18000,9.43721,5.05991,1.25932,6.37202,12.80000,9.14970,5.03158,1.21097,6.09312,11.98000,8.78599,5.07479,1.13871,5.77870,11.53000,8.29169,24.82356,35.66459
80-1,1783321746.582691,2026-07-06T14:09:06.582691,5.08667,1.29154,6.56965,13.17000,10.09495,5.04796,1.25810,6.35082,12.79000,9.78553,5.02598,1.23930,6.22868,12.26000,9.40959,5.06984,1.15751,5.86837,11.72000,8.87922,25.01752,38.16928
80-1,1783321746.682810,2026-07-06T14:09:06.682810,5.08640,1.29643,6.59414,13.22000,10.75515,5.04863,1.24345,6.27770,12.64000,10.41404,5.02998,1.23930,6.23364,12.26000,10.03369,5.07384,1.15751,5.87300,11.72000,9.46721,24.97848,40.67008
80-1,1783321746.782929,2026-07-06T14:09:06.782929,5.09061,1.29252,6.57972,13.18000,11.41390,5.05173,1.26322,6.38146,12.84000,11.05294,5.02981,1.24247,6.24938,12.29000,10.65937,5.07064,1.14164,5.78883,11.56000,10.04678,24.99939,43.17300
80-1,1783321746.883050,2026-07-06T14:09:06.883050,5.08261,1.29252,6.56938,13.18000,12.07163,5.05573,1.26322,6.38651,12.84000,11.69237,5.03609,1.13114,5.69651,11.19000,11.22971,5.07324,1.09037,5.53168,11.04000,10.60062,24.18408,45.59433
80-1,1783321746.983168,2026-07-06T14:09:06.983168,5.08822,1.26298,6.42632,12.88000,12.71503,5.04769,1.26420,6.38128,12.85000,12.33125,5.01764,1.24540,6.24897,12.32000,11.85535,5.07349,1.16434,5.90728,11.79000,11.19205,24.96385,48.09367
80-1,1783321747.083286,2026-07-06T14:09:07.083286,5.08645,1.29545,6.58924,13.21000,13.37473,5.04916,1.23173,6.21918,12.52000,12.95390,5.02964,1.24540,6.26391,12.32000,12.48248,5.07349,1.16434,5.90728,11.79000,11.78347,24.97961,50.59459
80-1,1783321747.183405,2026-07-06T14:09:07.183405,5.08759,1.20121,6.11126,12.25000,13.98658,5.05161,1.17753,5.94840,11.97000,13.54945,5.02598,1.23930,6.22868,12.26000,13.10609,5.07334,1.16727,5.92197,11.82000,12.37637,24.21031,53.01848
80-1,1783321747.283523,2026-07-06T14:09:07.283523,5.09159,1.20121,6.11607,12.25000,14.59891,5.05161,1.17753,5.94840,11.97000,14.14499,5.02729,1.21610,6.11370,12.03000,13.71818,5.07339,1.16630,5.91707,11.81000,12.96878,24.09524,55.43085
80-1,1783321747.383641,2026-07-06T14:09:07.383641,5.08997,1.30424,6.63854,13.30000,15.26355,5.05160,1.26615,6.39609,12.87000,14.78535,5.02152,1.24760,6.26483,12.34000,14.34540,5.07374,1.15946,5.88279,11.74000,13.55775,25.18225,57.95205
80-1,1783321747.483759,2026-07-06T14:09:07.483759,5.09013,1.30131,6.62384,13.27000,15.92671,5.05289,1.23759,6.25339,12.58000,15.41143,5.02552,1.24760,6.26982,12.34000,14.97312,5.07774,1.15946,5.88743,11.74000,14.14719,25.03448,60.45846
80-1,1783321747.583877,2026-07-06T14:09:07.583877,5.08293,1.28666,6.54001,13.12000,16.58149,5.05142,1.27006,6.41560,12.91000,16.05375,5.02684,1.22416,6.15365,12.11000,15.58921,5.07334,1.16727,5.92197,11.82000,14.74009,25.03123,62.96454
80-1,1783321747.683995,2026-07-06T14:09:07.683995,5.08693,1.28666,6.54515,13.12000,17.23677,5.05942,1.27006,6.42576,12.91000,16.69708,5.03375,1.24345,6.25920,12.30000,16.21587,5.07744,1.16532,5.91684,11.80000,15.33247,25.14695,65.48219
80-1,1783321747.784114,2026-07-06T14:09:07.784114,5.08373,1.27201,6.46657,12.97000,17.88420,5.04836,1.24931,6.30695,12.70000,17.32853,5.03426,1.23441,6.21435,12.21000,16.83805,5.07719,1.17020,5.94134,11.85000,15.92731,24.92921,67.97809
80-1,1783321747.884232,2026-07-06T14:09:07.884232,5.08235,1.29740,6.59385,13.23000,18.54436,5.04742,1.27006,6.41052,12.91000,17.97034,5.02530,1.25150,6.28917,12.38000,17.46771,5.06914,1.17118,5.93687,11.86000,16.52170,25.23041,70.50411
80-1,1783321747.984350,2026-07-06T14:09:07.984350,5.08651,1.29447,6.58435,13.20000,19.20357,5.05578,1.26225,6.38163,12.83000,18.60925,5.02530,1.25150,6.28917,12.38000,18.09736,5.07714,1.17118,5.94624,11.86000,17.11702,25.20139,73.02721
80-1,1783321748.084469,2026-07-06T14:09:08.084469,5.08997,1.30424,6.63854,13.30000,19.86822,5.05178,1.26225,6.37658,12.83000,19.24767,5.02644,1.23124,6.18875,12.18000,18.71698,5.07434,1.14750,5.82279,11.62000,17.69999,25.02666,75.53286
80-1,1783321748.184585,2026-07-06T14:09:08.184585,5.08597,1.30424,6.63333,13.30000,20.53232,5.05520,1.27494,6.44508,12.96000,19.89293,5.02535,1.25053,6.28433,12.37000,19.34614,5.07314,1.17118,5.94156,11.86000,18.29484,25.30430,78.06623
80-1,1783321748.284701,2026-07-06T14:09:08.284701,5.08581,1.30717,6.64802,13.33000,21.19790,5.05564,1.26518,6.39627,12.86000,20.53330,5.02695,1.22221,6.14396,12.09000,19.96125,5.07309,1.17215,5.94645,11.87000,18.89018,25.13470,80.58262
80-1,1783321748.384820,2026-07-06T14:09:08.384820,5.08672,1.29057,6.56475,13.16000,21.85515,5.04724,1.27396,6.43001,12.95000,21.17706,5.02295,1.22221,6.13907,12.09000,20.57588,5.07709,1.17215,5.95114,11.87000,19.48599,25.08497,83.09409
80-1,1783321748.484938,2026-07-06T14:09:08.484938,5.08576,1.30815,6.65291,13.34000,22.52123,5.05124,1.27396,6.43511,12.95000,21.82133,5.02524,1.25248,6.29401,12.39000,21.20603,5.06969,1.16044,5.88305,11.75000,20.07499,25.26508,85.62358
80-1,1783321748.585067,2026-07-06T14:09:08.585067,5.08976,1.30815,6.65815,13.34000,23.18790,5.05573,1.26322,6.38651,12.84000,22.46081,5.02604,1.23832,6.22384,12.25000,21.82922,5.06909,1.17215,5.94176,11.87000,20.66994,25.21026,88.14787
80-1,1783321748.685185,2026-07-06T14:09:08.685185,5.08235,1.29740,6.59385,13.23000,23.84806,5.05547,1.26908,6.41580,12.90000,23.10314,5.02530,1.25150,6.28917,12.38000,22.45887,5.07324,1.16923,5.93176,11.84000,21.26381,25.23058,90.67389
80-1,1783321748.785304,2026-07-06T14:09:08.785304,5.08261,1.29252,6.56938,13.18000,24.50579,5.05254,1.24540,6.29243,12.66000,23.73314,5.02530,1.25150,6.28917,12.38000,23.08854,5.07324,1.16923,5.93176,11.84000,21.85770,25.08274,93.18516
80-1,1783321748.885423,2026-07-06T14:09:08.885423,5.09024,1.29936,6.61403,13.25000,25.16798,5.05254,1.24540,6.29243,12.66000,24.36313,5.02518,1.25346,6.29885,12.40000,23.71918,5.07384,1.15751,5.87300,11.72000,22.44570,25.07831,95.69598
80-1,1783321748.985540,2026-07-06T14:09:08.985540,5.08624,1.29936,6.60884,13.25000,25.82963,5.05120,1.27494,6.43998,12.96000,25.00788,5.02626,1.23441,6.20448,12.21000,24.34035,5.07288,1.17631,5.96726,11.91000,23.04312,25.22056,98.22098
80-1,1783321749.085658,2026-07-06T14:09:09.085658,5.07765,1.31010,6.65223,13.36000,26.49564,5.05178,1.26225,6.37658,12.83000,25.64629,5.02495,1.25761,6.31941,12.44000,24.97304,5.06894,1.17508,5.95644,11.90000,23.63947,25.30466,100.75443
80-1,1783321749.185777,2026-07-06T14:09:09.185777,5.07893,1.28666,6.53486,13.12000,27.14990,5.05520,1.27494,6.44508,12.96000,26.29156,5.02095,1.25761,6.31438,12.44000,25.60522,5.07339,1.16630,5.91707,11.81000,24.23188,25.21139,103.27857
80-1,1783321749.285895,2026-07-06T14:09:09.285895,5.08651,1.29447,6.58435,13.20000,27.80912,5.05520,1.27494,6.44508,12.96000,26.93684,5.02912,1.25468,6.30992,12.41000,26.23696,5.07739,1.16630,5.92174,11.81000,24.82475,25.26109,105.80767
80-1,1783321749.386014,2026-07-06T14:09:09.386014,5.07851,1.29447,6.57399,13.20000,28.46729,5.05502,1.27885,6.46461,13.00000,27.58406,5.02912,1.25468,6.30992,12.41000,26.86870,5.07283,1.17728,5.97216,11.92000,25.42267,25.32068,108.34273
80-1,1783321749.486132,2026-07-06T14:09:09.486132,5.09008,1.30229,6.62874,13.28000,29.13095,5.04778,1.26225,6.37153,12.83000,28.22197,5.02501,1.25663,6.31457,12.43000,27.50091,5.07294,1.17508,5.96114,11.90000,26.01949,25.27598,110.87332
80-1,1783321749.586251,2026-07-06T14:09:09.586251,5.09429,1.29838,6.61433,13.24000,29.79317,5.04707,1.27787,6.44950,12.99000,28.86769,5.02501,1.25663,6.31457,12.43000,28.13311,5.07683,1.17728,5.97686,11.92000,26.61789,25.35526,113.41186
80-1,1783321749.686370,2026-07-06T14:09:09.686370,5.09488,1.28764,6.56035,13.13000,30.44999,5.05098,1.27982,6.46437,13.01000,29.51489,5.03324,1.25248,6.30403,12.39000,28.76427,5.07283,1.17728,5.97216,11.92000,27.21582,25.30091,115.94497
80-1,1783321749.786488,2026-07-06T14:09:09.786488,5.08939,1.31498,6.69245,13.41000,31.12002,5.06298,1.27982,6.47972,13.01000,30.16363,5.03312,1.25468,6.31493,12.41000,29.39650,5.07334,1.16727,5.92197,11.82000,27.80871,25.40907,118.48886
80-1,1783321749.886607,2026-07-06T14:09:09.886607,5.08939,1.31498,6.69245,13.41000,31.79006,5.05516,1.27592,6.44996,12.97000,30.80939,5.02890,1.25858,6.32928,12.45000,30.03019,5.07269,1.18021,5.98684,11.95000,28.40811,25.45853,121.03776
80-1,1783321749.986724,2026-07-06T14:09:09.986724,5.08123,1.31791,6.69661,13.44000,32.46051,5.05502,1.27885,6.46461,13.00000,31.45661,5.03290,1.25858,6.33432,12.45000,30.66436,5.07259,1.18216,5.99663,11.97000,29.00847,25.49217,123.58995
80-1,1783321750.086842,2026-07-06T14:09:10.086842,5.08930,1.16996,5.95426,11.93000,33.05664,5.06414,1.25419,6.35139,12.75000,32.09250,5.02850,1.26566,6.36438,12.52000,31.30155,5.06859,1.18216,5.99190,11.97000,29.60837,24.66193,126.05906
80-1,1783321750.186962,2026-07-06T14:09:10.186962,5.07829,1.29838,6.59355,13.24000,33.71678,5.05214,1.25419,6.33634,12.75000,32.72689,5.02901,1.25663,6.31960,12.43000,31.93427,5.07654,1.18314,6.00626,11.98000,30.20972,25.25575,128.58766
80-1,1783321750.287081,2026-07-06T14:09:10.287081,5.08629,1.29838,6.60394,13.24000,34.37796,5.05894,1.28080,6.47949,13.02000,33.37561,5.02884,1.25956,6.33413,12.46000,32.56843,5.07669,1.18021,5.99156,11.95000,30.80959,25.40912,131.13159
80-1,1783321750.387199,2026-07-06T14:09:10.387199,5.09045,1.29545,6.59443,13.21000,35.03818,5.05880,1.28373,6.49414,13.05000,34.02579,5.02084,1.25956,6.32405,12.46000,33.20159,5.07694,1.17508,5.96584,11.90000,31.40687,25.37846,133.67243
80-1,1783321750.487317,2026-07-06T14:09:10.487317,5.08928,1.31693,6.70225,13.43000,35.70920,5.05916,1.27592,6.45507,12.97000,34.67206,5.03272,1.26176,6.35007,12.48000,33.83734,5.07259,1.18216,5.99663,11.97000,32.00725,25.50402,136.22586
80-1,1783321750.587435,2026-07-06T14:09:10.587435,5.09677,1.10623,5.63823,11.28000,36.27369,5.05516,1.27592,6.44996,12.97000,35.31782,5.03386,1.24149,6.24950,12.28000,34.46303,5.08059,1.18216,6.00609,11.97000,32.60856,24.34378,138.66310
80-1,1783321750.687553,2026-07-06T14:09:10.687553,5.08077,1.10623,5.62053,11.28000,36.83640,5.06421,0.89920,4.55373,9.14000,35.77373,5.05920,0.86331,4.36765,8.54000,34.90031,5.08651,0.82864,4.21488,8.39000,33.03055,18.75679,140.54099
80-1,1783321750.787672,2026-07-06T14:09:10.787672,5.08625,0.85916,4.36989,8.76000,37.27391,5.05985,0.99564,5.03777,10.12000,36.27811,5.04320,0.86331,4.35384,8.54000,35.33621,5.08110,0.93533,4.75251,9.47000,33.50637,18.51401,142.39460
80-1,1783321750.887789,2026-07-06T14:09:10.887789,5.08688,1.28764,6.55005,13.13000,37.92968,5.05182,1.26127,6.37170,12.82000,36.91602,5.03495,1.22221,6.15374,12.09000,35.95231,5.07319,1.17020,5.93666,11.85000,34.10073,25.01215,144.89874
81-1,1783321750.987930,2026-07-06T14:09:10.987930,5.09057,1.22001,6.21053,12.44000,0.62193,5.04782,1.26127,6.36666,12.82000,0.63756,5.02181,1.24247,6.23944,12.29000,0.62482,5.06919,1.17020,5.93198,11.85000,0.59403,24.74861,2.47835
81-1,1783321751.088045,2026-07-06T14:09:11.088045,5.07898,1.35917,6.90321,13.86000,1.31305,5.04791,1.34770,6.80305,13.70000,1.31865,5.01746,1.31938,6.61992,13.05000,1.28758,5.06923,1.24833,6.32807,12.64000,1.22757,26.65425,5.14685
81-1,1783321751.188163,2026-07-06T14:09:11.188163,5.08298,1.35917,6.90864,13.86000,2.00472,5.06336,1.00638,5.09566,10.23000,1.82882,5.06150,0.89358,4.52286,8.84000,1.74040,5.08335,0.96976,4.92961,9.82000,1.72111,21.45677,7.29505
81-1,1783321751.288280,2026-07-06T14:09:11.288280,5.09207,1.19242,6.07189,12.16000,2.61262,5.03748,1.22465,6.16913,12.45000,2.44646,5.04150,0.89358,4.50499,8.84000,2.19142,5.06198,1.15458,5.84445,11.69000,2.30624,22.59046,9.55675
81-1,1783321751.388398,2026-07-06T14:09:11.388398,5.08768,1.27299,6.47655,12.98000,3.26104,5.04948,1.22465,6.18383,12.45000,3.06557,5.02764,1.21000,6.08343,11.97000,2.80048,5.07398,1.15458,5.85830,11.69000,2.89276,24.60211,12.01985
81-1,1783321751.488516,2026-07-06T14:09:11.488516,5.08336,1.27885,6.50084,13.04000,3.91189,5.05663,1.24345,6.28764,12.64000,3.69507,5.02684,1.22416,6.15365,12.11000,3.41658,5.06579,1.15848,5.86863,11.73000,3.48032,24.81076,14.50387
81-1,1783321751.588635,2026-07-06T14:09:11.588635,5.08736,1.27885,6.50596,13.04000,4.56326,5.05601,1.25712,6.35600,12.78000,4.33143,5.02626,1.23441,6.20448,12.21000,4.03776,5.06674,1.13968,5.77448,11.54000,4.05845,24.84092,16.99091
81-1,1783321751.688753,2026-07-06T14:09:11.688753,5.08747,1.27689,6.49616,13.02000,5.21364,5.05210,1.25517,6.34122,12.76000,4.96630,5.03026,1.23441,6.20942,12.21000,4.65944,5.06984,1.15751,5.86837,11.72000,4.64598,24.91517,19.48536
81-1,1783321751.788872,2026-07-06T14:09:11.788872,5.08854,1.25712,6.39690,12.82000,5.85409,5.05210,1.25517,6.34122,12.76000,5.60117,5.02684,1.22416,6.15365,12.11000,5.27553,5.07384,1.15751,5.87300,11.72000,5.23398,24.76477,21.96478
81-1,1783321751.888990,2026-07-06T14:09:11.888990,5.08277,1.28959,6.55469,13.15000,6.51034,5.05329,1.22880,6.20947,12.49000,6.22285,5.02649,1.23026,6.18391,12.17000,5.89465,5.07079,1.13871,5.77414,11.53000,5.81208,24.72221,24.43992
81-1,1783321751.989108,2026-07-06T14:09:11.989108,5.08677,1.28959,6.55985,13.15000,7.16710,5.05160,1.26615,6.39609,12.87000,6.86322,5.02615,1.23637,6.21416,12.23000,6.51681,5.07354,1.16337,5.90238,11.78000,6.40301,25.07248,26.95014
81-1,1783321752.089227,2026-07-06T14:09:12.089227,5.08763,1.27396,6.48145,12.99000,7.81601,5.05578,1.26225,6.38163,12.83000,7.50214,5.02615,1.23637,6.21416,12.23000,7.13896,5.07415,1.15140,5.84238,11.66000,6.98794,24.91962,29.44505
81-1,1783321752.189344,2026-07-06T14:09:12.189344,5.08720,1.28178,6.52066,13.07000,8.46885,5.05178,1.26225,6.37658,12.83000,8.14055,5.02735,1.21512,6.10886,12.02000,7.75056,5.07379,1.15848,5.87789,11.73000,7.57642,24.88399,31.93638
81-1,1783321752.289462,2026-07-06T14:09:12.289462,5.08422,1.26298,6.42126,12.88000,9.11173,5.05307,1.23368,6.23387,12.54000,8.76467,5.02569,1.24442,6.25409,12.31000,8.37671,5.07779,1.15848,5.88253,11.73000,8.16537,24.79175,34.41848
81-1,1783321752.389580,2026-07-06T14:09:12.389580,5.08635,1.29740,6.59904,13.23000,9.77241,5.05151,1.26811,6.40585,12.89000,9.40601,5.02981,1.24247,6.24938,12.29000,9.00239,5.07374,1.15946,5.88279,11.74000,8.75434,25.13706,36.93515
81-1,1783321752.489699,2026-07-06T14:09:12.489699,5.09435,1.29740,6.60942,13.23000,10.43414,5.06651,1.11356,5.64186,11.32000,9.97086,5.03381,1.24247,6.25435,12.29000,9.62856,5.07829,1.06961,5.43181,10.83000,9.29817,23.93744,39.33173
81-1,1783321752.589817,2026-07-06T14:09:12.589817,5.08540,1.24149,6.31348,12.66000,11.06623,5.05851,1.11356,5.63295,11.32000,10.53482,5.03335,1.17972,5.93796,11.67000,10.22306,5.06224,1.14945,5.81879,11.64000,9.88073,23.70318,41.70484
81-1,1783321752.689936,2026-07-06T14:09:12.689936,5.08347,1.27689,6.49105,13.02000,11.71611,5.05178,1.26225,6.37658,12.83000,11.17324,5.03049,1.23026,6.18883,12.17000,10.84268,5.07424,1.14945,5.83259,11.64000,10.46469,24.88905,44.19672
81-1,1783321752.790055,2026-07-06T14:09:12.790055,5.08613,1.30131,6.61863,13.27000,12.37876,5.05241,1.24833,6.30707,12.69000,11.80470,5.02524,1.25248,6.29401,12.39000,11.47283,5.07349,1.16434,5.90728,11.79000,11.05612,25.12699,46.71240
81-1,1783321752.890174,2026-07-06T14:09:12.890174,5.08613,1.30131,6.61863,13.27000,13.04141,5.05133,1.27201,6.42535,12.93000,12.44800,5.02924,1.25248,6.29902,12.39000,12.10348,5.07349,1.16434,5.90728,11.79000,11.64755,25.25028,49.24043
81-1,1783321752.990290,2026-07-06T14:09:12.990290,5.08741,1.27787,6.50106,13.03000,13.69227,5.05533,1.27201,6.43044,12.93000,13.09179,5.02175,1.24345,6.24428,12.30000,12.72863,5.07739,1.16630,5.92174,11.81000,12.24041,25.09752,51.75311
81-1,1783321753.090409,2026-07-06T14:09:13.090409,5.08704,1.28471,6.53536,13.10000,14.34658,5.05164,1.26518,6.39121,12.86000,13.73167,5.02158,1.24638,6.25878,12.33000,13.35525,5.07339,1.16630,5.91707,11.81000,12.83282,25.10242,54.26633
81-1,1783321753.190526,2026-07-06T14:09:13.190526,5.09179,1.27103,6.47184,12.96000,14.99452,5.05201,1.25712,6.35097,12.78000,14.36751,5.02941,1.24955,6.28449,12.36000,13.98444,5.07744,1.16532,5.91684,11.80000,13.42520,25.02414,56.77167
81-1,1783321753.290644,2026-07-06T14:09:13.290644,5.08379,1.27103,6.46167,12.96000,15.64146,5.05151,1.26811,6.40585,12.89000,15.00885,5.02541,1.24955,6.27949,12.36000,14.61313,5.06998,1.15458,5.85368,11.69000,14.01126,25.00069,59.27470
81-1,1783321753.390761,2026-07-06T14:09:13.390761,5.08309,1.28373,6.52532,13.09000,16.29475,5.05551,1.26811,6.41092,12.89000,15.65070,5.03346,1.24857,6.28464,12.35000,15.24233,5.06924,1.16923,5.92709,11.84000,14.60466,25.14797,61.79244
81-1,1783321753.490880,2026-07-06T14:09:13.490880,5.08267,1.29154,6.56448,13.17000,16.95198,5.05649,1.24638,6.30229,12.67000,16.28167,5.03352,1.24760,6.27980,12.34000,15.87105,5.07398,1.15458,5.85830,11.69000,15.19119,25.00487,64.29589
81-1,1783321753.590997,2026-07-06T14:09:13.590997,5.09029,1.29838,6.60913,13.24000,17.61367,5.05560,1.26615,6.40116,12.87000,16.92254,5.02530,1.25150,6.28917,12.38000,16.50071,5.06998,1.15458,5.85368,11.69000,15.77724,25.15314,66.81416
81-1,1783321753.691116,2026-07-06T14:09:13.691116,5.08592,1.30522,6.63822,13.31000,18.27827,5.04845,1.24735,6.29720,12.68000,17.55301,5.02930,1.25150,6.29418,12.38000,17.13087,5.07319,1.17020,5.93666,11.85000,16.37161,25.16626,69.33376
81-1,1783321753.791234,2026-07-06T14:09:13.791234,5.08192,1.30522,6.63300,13.31000,18.94236,5.05645,1.24735,6.30718,12.68000,18.18447,5.02146,1.24857,6.26966,12.35000,17.75858,5.07319,1.17020,5.93666,11.85000,16.96598,25.14650,71.85138
81-1,1783321753.891351,2026-07-06T14:09:13.891351,5.09163,1.27396,6.48655,12.99000,19.59177,5.05142,1.27006,6.41560,12.91000,18.82678,5.02118,1.25346,6.29384,12.40000,18.38870,5.07798,1.15458,5.86292,11.69000,17.55296,25.05891,74.36021
81-1,1783321753.991470,2026-07-06T14:09:13.991470,5.09067,1.29154,6.57482,13.17000,20.25004,5.05249,1.24638,6.29731,12.67000,19.45726,5.02575,1.24345,6.24925,12.30000,19.01437,5.07398,1.15458,5.85830,11.69000,18.13948,24.97968,76.86116
81-1,1783321754.091587,2026-07-06T14:09:14.091587,5.08997,1.30424,6.63854,13.30000,20.91467,5.05142,1.27006,6.41560,12.91000,20.09957,5.02175,1.24345,6.24428,12.30000,19.63953,5.07709,1.17215,5.95114,11.87000,18.73529,25.24956,79.38905
81-1,1783321754.191703,2026-07-06T14:09:14.191703,5.09397,1.30424,6.64376,13.30000,21.57982,5.05142,1.27006,6.41560,12.91000,20.74188,5.02535,1.25053,6.28433,12.37000,20.26869,5.07704,1.17313,5.95604,11.88000,19.33159,25.29973,81.92197
81-1,1783321754.291834,2026-07-06T14:09:14.291834,5.08291,1.14042,5.79663,11.63000,22.16024,5.05304,1.14603,5.79094,11.65000,21.32173,5.03647,0.98270,4.94932,9.72000,20.76427,5.09451,0.82864,4.22150,8.39000,19.75429,20.75839,84.00053
81-1,1783321754.391954,2026-07-06T14:09:14.391954,5.09815,0.86111,4.39007,8.78000,22.59977,5.06430,0.89724,4.54392,9.12000,21.77667,5.04315,0.86428,4.35871,8.55000,21.20066,5.08251,0.82864,4.21156,8.39000,20.17595,17.50426,85.75306
81-1,1783321754.492072,2026-07-06T14:09:14.492072,5.06688,1.28764,6.52430,13.13000,23.25297,5.03933,1.27201,6.41009,12.93000,22.41843,5.01301,1.25663,6.29949,12.43000,21.83136,5.08011,0.87600,4.45019,8.87000,20.62150,23.68407,88.12426
81-1,1783321754.592191,2026-07-06T14:09:14.592191,5.09488,1.28764,6.56035,13.13000,23.90979,5.05533,1.27201,6.43044,12.93000,23.06224,5.02901,1.25663,6.31960,12.43000,22.46407,5.07309,1.17215,5.94645,11.87000,21.21685,25.25684,90.65295
81-1,1783321754.692308,2026-07-06T14:09:14.692308,5.08363,1.27396,6.47636,12.99000,24.55818,5.05151,1.26811,6.40585,12.89000,23.70357,5.02558,1.24638,6.26377,12.33000,23.09118,5.07410,1.15238,5.84728,11.67000,21.80226,24.99326,93.15519
81-1,1783321754.792426,2026-07-06T14:09:14.792426,5.08277,1.28959,6.55469,13.15000,25.21442,5.05133,1.27201,6.42535,12.93000,24.34687,5.02512,1.25468,6.30490,12.41000,23.72241,5.07299,1.17411,5.95624,11.89000,22.39859,25.24118,95.68229
81-1,1783321754.892542,2026-07-06T14:09:14.892542,5.08565,1.31010,6.66271,13.36000,25.88147,5.05632,1.25028,6.32182,12.71000,24.97979,5.02266,1.22733,6.16447,12.14000,24.33958,5.07299,1.17411,5.95624,11.89000,22.99490,25.10524,98.19573
81-1,1783321754.992661,2026-07-06T14:09:14.992661,5.08565,1.31010,6.66271,13.36000,26.54853,5.05232,1.25028,6.31682,12.71000,25.61222,5.02666,1.22733,6.16938,12.14000,24.95725,5.07304,1.17313,5.95135,11.88000,23.59075,25.10026,100.70875
81-1,1783321755.092779,2026-07-06T14:09:15.092779,5.09040,1.29643,6.59933,13.22000,27.20924,5.04729,1.27299,6.42514,12.94000,26.25549,5.02512,1.25468,6.30490,12.41000,25.58848,5.07299,1.17411,5.95624,11.89000,24.18707,25.28561,103.24029
81-1,1783321755.192898,2026-07-06T14:09:15.192898,5.08651,1.29447,6.58435,13.20000,27.86846,5.04724,1.27396,6.43001,12.95000,26.89926,5.02490,1.25858,6.32425,12.45000,26.22166,5.07299,1.17411,5.95624,11.89000,24.78341,25.29485,105.77279
81-1,1783321755.293014,2026-07-06T14:09:15.293014,5.08608,1.30229,6.62353,13.28000,28.53158,5.05124,1.27396,6.43511,12.95000,27.54352,5.03849,1.23026,6.19867,12.17000,26.84225,5.07699,1.17411,5.96094,11.89000,25.38019,25.21825,108.29754
81-1,1783321755.393133,2026-07-06T14:09:15.393133,5.08539,1.31498,6.68719,13.41000,29.20110,5.05524,1.27396,6.44020,12.95000,28.18830,5.03049,1.23026,6.18883,12.17000,27.46186,5.07283,1.17728,5.97216,11.92000,25.97812,25.28838,110.82937
81-1,1783321755.493251,2026-07-06T14:09:15.493251,5.08139,1.31498,6.68193,13.41000,29.87008,5.05111,1.27689,6.44974,12.98000,28.83404,5.02484,1.25956,6.32909,12.46000,28.09552,5.07273,1.17924,5.98195,11.94000,26.57702,25.44271,113.37666
81-1,1783321755.593368,2026-07-06T14:09:15.593368,5.09013,1.30131,6.62384,13.27000,30.53324,5.05214,1.25419,6.33634,12.75000,29.46841,5.02512,1.25468,6.30490,12.41000,28.72675,5.07283,1.17728,5.97216,11.92000,27.17493,25.23724,115.90333
81-1,1783321755.693488,2026-07-06T14:09:15.693488,5.08949,1.31303,6.68265,13.39000,31.20230,5.05502,1.27885,6.46461,13.00000,30.11565,5.03031,1.23344,6.20457,12.20000,29.34795,5.07683,1.17728,5.97686,11.92000,27.77334,25.32869,118.43923
81-1,1783321755.793607,2026-07-06T14:09:15.793607,5.09013,1.30131,6.62384,13.27000,31.86548,5.05502,1.27885,6.46461,13.00000,30.76288,5.03431,1.23344,6.20951,12.20000,29.96964,5.07324,1.16923,5.93176,11.84000,28.36722,25.22972,120.96522
81-1,1783321755.893726,2026-07-06T14:09:15.893726,5.07813,1.30131,6.60822,13.27000,32.52708,5.05516,1.27592,6.44996,12.97000,31.40864,5.02895,1.25761,6.32444,12.44000,30.60283,5.07259,1.18216,5.99663,11.97000,28.96759,25.37925,123.50615
81-1,1783321755.993845,2026-07-06T14:09:15.993845,5.09771,1.30912,6.67352,13.35000,33.19523,5.05610,1.25517,6.34624,12.76000,32.04402,5.02872,1.26176,6.34502,12.48000,31.23809,5.07589,1.11698,5.66966,11.31000,29.53524,25.03444,126.01259
81-1,1783321756.093963,2026-07-06T14:09:16.093963,5.09904,1.28471,6.55077,13.10000,33.85108,5.05498,1.27982,6.46949,13.01000,32.69173,5.02558,1.24638,6.26377,12.33000,31.86521,5.06864,1.18119,5.98701,11.96000,30.13464,25.27104,128.54267
81-1,1783321756.194082,2026-07-06T14:09:16.194082,5.09425,1.22587,6.24487,12.50000,34.47631,5.04298,1.27982,6.45413,13.01000,33.33791,5.03358,1.24638,6.27374,12.33000,32.49333,5.07264,1.18119,5.99174,11.96000,30.73453,24.96448,131.04208
81-1,1783321756.294201,2026-07-06T14:09:16.294201,5.09425,1.22587,6.24487,12.50000,35.10154,5.04760,1.26615,6.39103,12.87000,33.97778,5.02090,1.25858,6.31922,12.45000,33.12600,5.06864,1.18119,5.98701,11.96000,31.33394,24.94213,133.53926
81-1,1783321756.394319,2026-07-06T14:09:16.394319,5.09344,1.31400,6.69281,13.40000,35.77161,5.04685,1.28275,6.47386,13.04000,34.62593,5.02079,1.26054,6.32888,12.47000,33.75964,5.06854,1.18314,5.99680,11.98000,31.93433,25.49235,136.09152
81-1,1783321756.494438,2026-07-06T14:09:16.494438,5.08976,1.30815,6.65815,13.34000,36.43822,5.05480,1.28373,6.48900,13.05000,35.27560,5.03301,1.25663,6.32463,12.43000,34.39286,5.06449,1.18412,5.99695,11.99000,32.53474,25.46873,138.64143
81-1,1783321756.594557,2026-07-06T14:09:16.594557,5.08981,1.30717,6.65325,13.33000,37.10434,5.05080,1.28373,6.48387,13.05000,35.92476,5.02901,1.25663,6.31960,12.43000,35.02557,5.07249,1.18412,6.00642,11.99000,33.13610,25.46314,141.19077
82-1,1783321756.694703,2026-07-06T14:09:16.694703,5.09131,1.27982,6.51598,13.05000,0.65255,5.04769,1.26420,6.38128,12.85000,0.63906,5.02472,1.26176,6.33997,12.48000,0.63492,5.07654,1.18314,6.00626,11.98000,0.60150,25.24349,2.52802
82-1,1783321756.794820,2026-07-06T14:09:16.794820,5.07531,1.27982,6.49550,13.05000,1.30286,5.04854,1.24540,6.28745,12.66000,1.26854,5.02724,1.21708,6.11854,12.04000,1.24749,5.07829,1.14847,5.83228,11.63000,1.18541,24.73377,5.00430
82-1,1783321756.894938,2026-07-06T14:09:16.894938,5.08944,1.31400,6.68755,13.40000,1.97240,5.05226,1.33988,6.76945,13.62000,1.94628,5.02593,1.31108,6.58938,12.97000,1.90720,5.07348,1.24345,6.30860,12.59000,1.81701,26.35498,7.64290
82-1,1783321756.995068,2026-07-06T14:09:16.995068,5.08692,1.36015,6.91897,13.87000,2.66520,5.05226,1.33988,6.76945,13.62000,2.62411,5.03393,1.31108,6.59986,12.97000,2.56805,5.07748,1.24345,6.31357,12.59000,2.44920,26.60185,10.30656
82-1,1783321757.095175,2026-07-06T14:09:17.095175,5.09094,1.21317,6.17619,12.37000,3.28348,5.05338,0.87356,4.41444,8.88000,3.06602,5.03315,0.82888,4.17189,8.20000,2.98568,5.07597,0.79983,4.05991,8.10000,2.85562,18.82243,12.19080
82-1,1783321757.195293,2026-07-06T14:09:17.195293,5.09094,1.21317,6.17619,12.37000,3.90183,5.05365,1.22074,6.16920,12.41000,3.68367,5.01277,1.18998,5.96508,11.77000,3.58290,5.05994,1.11600,5.64690,11.30000,3.42098,23.95737,14.58937
82-1,1783321757.295411,2026-07-06T14:09:17.295411,5.08693,1.28666,6.54515,13.12000,4.55711,5.05173,1.26322,6.38146,12.84000,4.32257,5.02289,1.22318,6.14391,12.10000,4.19802,5.07064,1.14164,5.78883,11.56000,4.00054,24.85935,17.07825
82-1,1783321757.395530,2026-07-06T14:09:17.395530,5.08736,1.27885,6.50596,13.04000,5.20849,5.05578,1.26225,6.38163,12.83000,4.96150,5.03089,1.22318,6.15370,12.10000,4.81412,5.06559,1.16239,5.88818,11.77000,4.59006,24.92947,19.57417
82-1,1783321757.495647,2026-07-06T14:09:17.495647,5.09020,1.22684,6.24488,12.51000,5.83370,5.05178,1.26225,6.37658,12.83000,5.59990,5.02175,1.24345,6.24428,12.30000,5.43928,5.07359,1.16239,5.89748,11.77000,5.18050,24.76322,22.05339
82-1,1783321757.595765,2026-07-06T14:09:17.595765,5.09020,1.22684,6.24488,12.51000,6.45893,5.05591,1.25932,6.36698,12.80000,6.23735,5.03026,1.23441,6.20942,12.21000,6.06095,5.07374,1.15946,5.88279,11.74000,5.76947,24.70407,24.52670
82-1,1783321757.695883,2026-07-06T14:09:17.695883,5.08341,1.27787,6.49595,13.03000,7.10929,5.05578,1.26225,6.38163,12.83000,6.87627,5.02986,1.24149,6.24454,12.28000,6.68614,5.07374,1.15946,5.88279,11.74000,6.35845,25.00491,27.03015
82-1,1783321757.796000,2026-07-06T14:09:17.796000,5.08277,1.28959,6.55469,13.15000,7.76553,5.05294,1.23661,6.24851,12.57000,7.50185,5.02340,1.21415,6.09916,12.01000,7.29677,5.06944,1.16532,5.90751,11.80000,6.94989,24.80987,29.51404
82-1,1783321757.896120,2026-07-06T14:09:17.896120,5.09029,1.29838,6.60913,13.24000,8.42723,5.05294,1.23661,6.24851,12.57000,8.12744,5.02740,1.21415,6.10401,12.01000,7.90790,5.07344,1.16532,5.91217,11.80000,7.54181,24.87382,32.00439
82-1,1783321757.996236,2026-07-06T14:09:17.996236,5.11825,0.85916,4.39738,8.76000,8.86748,5.05664,1.06644,5.39260,10.84000,8.66733,5.03796,1.02713,5.17464,10.16000,8.42597,5.07680,1.02005,5.17860,10.33000,8.06028,20.14322,34.02106
82-1,1783321758.096355,2026-07-06T14:09:18.096355,5.09425,0.85916,4.37676,8.76000,9.30567,5.06430,0.89724,4.54392,9.12000,9.12226,5.04715,0.86428,4.36217,8.55000,8.86270,5.08651,0.82864,4.21488,8.39000,8.48226,17.49773,35.77290
82-1,1783321758.196474,2026-07-06T14:09:18.196474,5.09445,1.00223,5.10580,10.22000,9.81686,5.04373,1.26322,6.37135,12.84000,9.76016,5.00992,1.24052,6.21488,12.27000,9.48493,5.05879,1.13871,5.76048,11.53000,9.05900,23.45251,38.12094
82-1,1783321758.296593,2026-07-06T14:09:18.296593,5.07883,1.28861,6.54464,13.14000,10.47210,5.05573,1.26322,6.38651,12.84000,10.39957,5.02992,1.24052,6.23969,12.27000,10.10964,5.06679,1.13871,5.76959,11.53000,9.63664,24.94043,40.61796
82-1,1783321758.396711,2026-07-06T14:09:18.396711,5.08796,1.26786,6.45082,12.93000,11.11795,5.05178,1.26225,6.37658,12.83000,11.03798,5.02609,1.23734,6.21900,12.24000,10.73228,5.06959,1.16239,5.89283,11.77000,10.22662,24.93923,43.11484
82-1,1783321758.496830,2026-07-06T14:09:18.496830,5.08796,1.26786,6.45082,12.93000,11.76380,5.05245,1.24735,6.30219,12.68000,11.66895,5.02604,1.23832,6.22384,12.25000,11.35541,5.07049,1.14457,5.80351,11.59000,10.80767,24.78036,45.59583
82-1,1783321758.596949,2026-07-06T14:09:18.596949,5.08661,1.29252,6.57455,13.18000,12.42204,5.05560,1.26615,6.40116,12.87000,12.30983,5.02558,1.24638,6.26377,12.33000,11.98253,5.06939,1.16630,5.91241,11.81000,11.39961,25.15189,48.11400
82-1,1783321758.697068,2026-07-06T14:09:18.697068,5.08790,1.26884,6.45572,12.94000,13.06838,5.05560,1.26615,6.40116,12.87000,12.95070,5.02158,1.24638,6.25878,12.33000,12.60915,5.07339,1.16630,5.91707,11.81000,11.99202,25.03273,50.62025
82-1,1783321758.797187,2026-07-06T14:09:18.797187,5.08267,1.29154,6.56448,13.17000,13.72561,5.05245,1.24735,6.30219,12.68000,13.58168,5.02740,1.21415,6.10401,12.01000,13.22028,5.07449,1.14457,5.80809,11.59000,12.57352,24.77877,53.10108
82-1,1783321758.897307,2026-07-06T14:09:18.897307,5.08267,1.29154,6.56448,13.17000,14.38284,5.05142,1.27006,6.41560,12.91000,14.22400,5.02558,1.24638,6.26377,12.33000,13.84740,5.08154,1.16337,5.91169,11.78000,13.16540,25.15554,55.61964
82-1,1783321758.997425,2026-07-06T14:09:18.997425,5.08677,0.99637,5.06829,10.16000,14.89027,5.07630,0.89724,4.55468,9.12000,14.68001,5.05926,0.86233,4.36276,8.53000,14.28420,5.09851,0.82864,4.22482,8.39000,13.58838,18.21055,57.44285
82-1,1783321759.097544,2026-07-06T14:09:19.097544,5.09415,0.86111,4.38662,8.78000,15.32945,5.06030,0.89724,4.54033,9.12000,15.13458,5.04326,0.86233,4.34896,8.53000,14.71961,5.07611,0.95486,4.84699,9.67000,14.07365,18.12290,59.25729
82-1,1783321759.197661,2026-07-06T14:09:19.197661,5.06315,1.28275,6.49477,13.08000,15.97969,5.05819,1.20902,6.11545,12.29000,15.74684,5.02706,1.14945,5.77834,11.37000,15.29812,5.08011,0.95486,4.85081,9.67000,14.55930,23.23937,61.58396
82-1,1783321759.297781,2026-07-06T14:09:19.297781,5.08733,1.20609,6.13578,12.30000,16.59400,5.05591,1.25932,6.36698,12.80000,16.38430,5.02260,1.22831,6.16931,12.15000,15.91579,5.08139,1.16630,5.92640,11.81000,15.15265,24.59847,64.04674
82-1,1783321759.397899,2026-07-06T14:09:19.397899,5.09533,1.20609,6.14543,12.30000,17.20927,5.06140,1.04959,5.31241,10.67000,16.91617,5.03756,1.03421,5.20990,10.23000,16.43739,5.08325,1.12967,5.74241,11.44000,15.72757,22.41015,66.29040
82-1,1783321759.498019,2026-07-06T14:09:19.498019,5.09534,1.13260,5.77099,11.55000,17.78706,5.05340,1.04959,5.30402,10.67000,17.44721,5.02556,1.03421,5.19749,10.23000,16.95777,5.06615,1.15140,5.83317,11.66000,16.31159,22.10567,68.50363
82-1,1783321759.598136,2026-07-06T14:09:19.598136,5.08672,1.29057,6.56475,13.16000,18.44431,5.05542,1.27006,6.42068,12.91000,18.09003,5.02164,1.24540,6.25395,12.32000,17.58390,5.07415,1.15140,5.84238,11.66000,16.89651,25.08176,71.01475
82-1,1783321759.698255,2026-07-06T14:09:19.698255,5.08603,1.30326,6.62843,13.29000,19.10794,5.05542,1.27006,6.42068,12.91000,18.73286,5.02231,1.23344,6.19470,12.20000,18.20410,5.07319,1.17020,5.93666,11.85000,17.49088,25.18047,73.53578
82-1,1783321759.798372,2026-07-06T14:09:19.798372,5.08203,1.30326,6.62321,13.29000,19.77103,5.05178,1.26225,6.37658,12.83000,19.37127,5.02930,1.25150,6.29418,12.38000,18.83425,5.07324,1.16923,5.93176,11.84000,18.08475,25.22573,76.06131
82-1,1783321759.898491,2026-07-06T14:09:19.898491,5.08688,1.28764,6.55005,13.13000,20.42682,5.05578,1.26225,6.38163,12.83000,20.01019,5.02130,1.25150,6.28417,12.38000,19.46342,5.07354,1.16337,5.90238,11.78000,18.67569,25.11823,78.57611
82-1,1783321759.998608,2026-07-06T14:09:19.998608,5.08603,1.30326,6.62843,13.29000,21.09043,5.05138,1.27103,6.42048,12.92000,20.65298,5.02592,1.24052,6.23473,12.27000,20.08762,5.07354,1.16337,5.90238,11.78000,19.26662,25.18602,81.09766
82-1,1783321760.098727,2026-07-06T14:09:20.098727,5.08667,1.29154,6.56965,13.17000,21.74819,5.05169,1.26420,6.38634,12.85000,21.29238,5.02530,1.25150,6.28917,12.38000,20.71729,5.07309,1.17215,5.94645,11.87000,19.86198,25.19161,83.61983
82-1,1783321760.198848,2026-07-06T14:09:20.198848,5.08267,1.29154,6.56448,13.17000,22.40543,5.05129,1.27299,6.43023,12.94000,21.93618,5.02501,1.25663,6.31457,12.43000,21.34951,5.07354,1.16337,5.90238,11.78000,20.45293,25.21166,86.14404
82-1,1783321760.298967,2026-07-06T14:09:20.298967,5.08677,1.28959,6.55985,13.15000,23.06219,5.05529,1.27299,6.43532,12.94000,22.58048,5.02901,1.25663,6.31960,12.43000,21.98222,5.07329,1.16825,5.92687,11.83000,21.04632,25.24164,88.67121
82-1,1783321760.399086,2026-07-06T14:09:20.399086,5.09083,1.21512,6.18600,12.39000,23.68153,5.05138,1.27103,6.42048,12.92000,23.22329,5.01741,1.24955,6.26950,12.36000,22.60992,5.08210,1.15238,5.85650,11.67000,21.63267,24.73248,91.14741
82-1,1783321760.499205,2026-07-06T14:09:20.499205,5.07835,1.29740,6.58866,13.23000,24.34118,5.05129,1.27299,6.43023,12.94000,23.86708,5.01866,1.22733,6.15956,12.14000,23.22660,5.07010,1.15238,5.84267,11.67000,22.21763,25.02112,93.65248
82-1,1783321760.599323,2026-07-06T14:09:20.599323,5.08235,1.29740,6.59385,13.23000,25.00134,5.05986,1.26029,6.37691,12.81000,24.50552,5.01701,1.25663,6.30452,12.43000,23.85780,5.07299,1.17411,5.95624,11.89000,22.81396,25.23152,96.17862
82-1,1783321760.699445,2026-07-06T14:09:20.699445,5.09019,1.30033,6.61894,13.26000,25.66404,5.05186,1.26029,6.36683,12.81000,25.14298,5.02501,1.25663,6.31457,12.43000,24.49003,5.07304,1.17313,5.95135,11.88000,23.40982,25.25169,98.70688
82-1,1783321760.799564,2026-07-06T14:09:20.799564,5.08635,1.29740,6.59904,13.23000,26.32473,5.05120,1.27494,6.43998,12.96000,25.78775,5.02518,1.25346,6.29885,12.40000,25.12066,5.07344,1.16532,5.91217,11.80000,24.00174,25.25004,101.23488
82-1,1783321760.899683,2026-07-06T14:09:20.899683,5.08667,1.29154,6.56965,13.17000,26.98248,5.05236,1.24931,6.31194,12.70000,26.41970,5.02130,1.25150,6.28417,12.38000,25.74983,5.07344,1.16532,5.91217,11.80000,24.59366,25.07793,103.74567
82-1,1783321760.999801,2026-07-06T14:09:20.999801,5.08251,1.29447,6.57917,13.20000,27.64117,5.04716,1.27592,6.43976,12.97000,27.06443,5.02106,1.25565,6.30471,12.42000,26.38104,5.06888,1.17631,5.96255,11.91000,25.19062,25.28619,106.27726
82-1,1783321761.099920,2026-07-06T14:09:21.099920,5.08251,1.29447,6.57917,13.20000,28.29987,5.05116,1.27592,6.44486,12.97000,27.70968,5.02631,1.23344,6.19964,12.20000,27.00174,5.06878,1.17826,5.97234,11.93000,25.78856,25.19601,108.79985
82-1,1783321761.200039,2026-07-06T14:09:21.200039,5.08597,1.30424,6.63333,13.30000,28.96399,5.05871,1.28568,6.50391,13.07000,28.36084,5.03031,1.23344,6.20457,12.20000,27.62294,5.06878,1.17826,5.97234,11.93000,26.38650,25.31415,111.33428
82-1,1783321761.300157,2026-07-06T14:09:21.300157,5.08592,1.30522,6.63822,13.31000,29.62860,5.05933,1.27201,6.43553,12.93000,29.00516,5.02912,1.25468,6.30992,12.41000,28.25468,5.07678,1.17826,5.98176,11.93000,26.98539,25.36543,113.87382
82-1,1783321761.400276,2026-07-06T14:09:21.400276,5.08635,1.29740,6.59904,13.23000,30.28929,5.05089,1.28178,6.47412,13.03000,29.65334,5.02890,1.25858,6.32928,12.45000,28.88836,5.07364,1.16141,5.89259,11.76000,27.57535,25.29503,116.40633
82-1,1783321761.500393,2026-07-06T14:09:21.500393,5.08635,1.29740,6.59904,13.23000,30.94996,5.05089,1.28178,6.47412,13.03000,30.30151,5.02615,1.23637,6.21416,12.23000,29.51050,5.06864,1.18119,5.98701,11.96000,28.17475,25.27433,118.93672
82-1,1783321761.600513,2026-07-06T14:09:21.600513,5.08544,1.31400,6.68229,13.40000,31.61899,5.05182,1.26127,6.37170,12.82000,30.93944,5.03015,1.23637,6.21911,12.23000,30.13316,5.06859,1.18216,5.99190,11.97000,28.77466,25.26500,121.46625
82-1,1783321761.700631,2026-07-06T14:09:21.700631,5.08651,1.29447,6.58435,13.20000,32.27821,5.05102,1.27885,6.45949,13.00000,31.58616,5.02084,1.25956,6.32405,12.46000,30.76631,5.07664,1.18119,5.99646,11.96000,29.37501,25.36435,124.00569
82-1,1783321761.800749,2026-07-06T14:09:21.800749,5.09733,1.31596,6.70788,13.42000,32.94979,5.05098,1.27982,6.46437,13.01000,32.23336,5.02090,1.25858,6.31922,12.45000,31.39898,5.06864,1.18119,5.98701,11.96000,29.97442,25.47848,126.55655
82-1,1783321761.900867,2026-07-06T14:09:21.900867,5.08933,1.31596,6.69735,13.42000,33.62031,5.04298,1.27982,6.45413,13.01000,32.87953,5.01735,1.25053,6.27433,12.37000,32.02715,5.07709,1.17215,5.95114,11.87000,30.57023,25.37695,129.09722
82-1,1783321762.000987,2026-07-06T14:09:22.000987,5.09776,1.30815,6.66861,13.34000,34.28798,5.05564,1.26518,6.39627,12.86000,33.51993,5.02935,1.25053,6.28934,12.37000,32.65684,5.07669,1.18021,5.99156,11.95000,31.17011,25.34578,131.63486
82-1,1783321762.101107,2026-07-06T14:09:22.101107,5.08933,1.31596,6.69735,13.42000,34.95851,5.05498,1.27982,6.46949,13.01000,34.16765,5.02901,1.25663,6.31960,12.43000,33.28956,5.07259,1.18216,5.99663,11.97000,31.77049,25.48307,134.18620
82-1,1783321762.201227,2026-07-06T14:09:22.201227,5.09019,1.30033,6.61894,13.26000,35.62120,5.05889,1.28178,6.48437,13.03000,34.81687,5.02879,1.26054,6.33897,12.47000,33.92422,5.07259,1.18216,5.99663,11.97000,32.37088,25.43891,136.73316
82-1,1783321762.301346,2026-07-06T14:09:22.301346,5.08213,1.30131,6.61343,13.27000,36.28333,5.04689,1.28178,6.46899,13.03000,35.46453,5.02072,1.26176,6.33493,12.48000,34.55846,5.06854,1.18314,5.99680,11.98000,32.97127,25.41415,139.27759
82-1,1783321762.401463,2026-07-06T14:09:22.401463,5.08613,1.30131,6.61863,13.27000,36.94597,5.06258,1.28861,6.52371,13.10000,36.11767,5.02472,1.26176,6.33997,12.48000,35.19320,5.06849,1.18412,6.00169,11.99000,33.57214,25.48400,141.82898
82-1,1783321762.501582,2026-07-06T14:09:22.501582,5.09056,1.29350,6.58462,13.19000,37.60521,5.06307,1.27787,6.46995,12.99000,36.76543,5.02581,1.24247,6.24441,12.29000,35.81838,5.07654,1.18314,6.00626,11.98000,34.17348,25.30524,144.36251
82-1,1783321762.601700,2026-07-06T14:09:22.601700,5.09499,1.21220,6.17613,12.36000,38.22356,5.04698,1.27982,6.45925,13.01000,37.41212,5.02964,1.17460,5.90779,11.62000,36.40986,5.07654,1.18314,6.00626,11.98000,34.77482,24.54943,146.82035
82-1,1783321762.701819,2026-07-06T14:09:22.701819,5.07792,1.30522,6.62778,13.31000,38.88712,5.05498,1.27982,6.46949,13.01000,38.05984,5.02455,1.26469,6.35448,12.51000,37.04606,5.07239,1.18607,6.01621,12.01000,35.37715,25.46796,149.37017
82-1,1783321762.801936,2026-07-06T14:09:22.801936,5.08192,1.30522,6.63300,13.31000,39.55120,5.05085,1.28275,6.47899,13.04000,38.70849,5.02455,1.26469,6.35448,12.51000,37.68225,5.07244,1.18509,6.01132,12.00000,35.97899,25.47779,151.92093
83-1,1783321762.902074,2026-07-06T14:09:22.902074,5.08523,1.31791,6.70188,13.44000,0.67112,5.05102,1.27885,6.45949,13.00000,0.64684,5.02055,1.26469,6.34943,12.51000,0.63582,5.07484,1.13773,5.77380,11.52000,0.57818,25.28460,2.53197
83-1,1783321763.002191,2026-07-06T14:09:23.002191,5.08517,1.31889,6.70678,13.45000,1.34258,5.04017,1.34184,6.76309,13.64000,1.32394,5.01775,1.31425,6.59458,13.00000,1.29605,5.05738,1.24540,6.29846,12.61000,1.20876,26.36291,5.17134
83-1,1783321763.102310,2026-07-06T14:09:23.102310,5.08924,1.24442,6.33316,12.69000,1.97665,5.06417,1.34184,6.79530,13.64000,2.00428,5.04617,0.88162,4.44880,8.72000,1.74146,5.08138,1.24540,6.32835,12.61000,1.84235,23.90561,7.56474
83-1,1783321763.202429,2026-07-06T14:09:23.202429,5.08924,1.24442,6.33316,12.69000,2.61072,5.06301,0.92581,4.68738,9.41000,2.47358,5.03017,0.88162,4.43469,8.72000,2.18546,5.07875,0.98172,4.98590,9.94000,2.34153,20.44113,9.61129
83-1,1783321763.302546,2026-07-06T14:09:23.302546,5.08812,1.26493,6.43612,12.90000,3.25508,5.04925,1.22977,6.20943,12.50000,3.09525,5.03026,1.23441,6.20942,12.21000,2.80713,5.07054,1.14359,5.79862,11.58000,2.92207,24.65359,12.07953
83-1,1783321763.402664,2026-07-06T14:09:23.402664,5.08688,1.28764,6.55005,13.13000,3.91086,5.05263,1.24345,6.28267,12.64000,3.72426,5.03015,1.23637,6.21911,12.23000,3.42977,5.06984,1.15751,5.86837,11.72000,3.50960,24.92020,14.57449
83-1,1783321763.502782,2026-07-06T14:09:23.502782,5.08720,1.28178,6.52066,13.07000,4.56369,5.05663,1.24345,6.28764,12.64000,4.35376,5.02798,1.20389,6.05316,11.91000,4.03580,5.07384,1.15751,5.87300,11.72000,4.09759,24.73446,17.05085
83-1,1783321763.602901,2026-07-06T14:09:23.602901,5.09217,1.26395,6.43627,12.89000,5.20809,5.05605,1.25614,6.35112,12.77000,4.98963,5.02798,1.20389,6.05316,11.91000,4.64183,5.07384,1.15751,5.87300,11.72000,4.68559,24.71355,19.52514
83-1,1783321763.703019,2026-07-06T14:09:23.703019,5.08417,1.26395,6.42616,12.89000,5.85146,5.05605,1.25614,6.35112,12.77000,5.62549,5.02998,1.23930,6.23364,12.26000,5.26593,5.07479,1.13871,5.77870,11.53000,5.26414,24.78962,22.00703
83-1,1783321763.803137,2026-07-06T14:09:23.803137,5.09061,1.29252,6.57972,13.18000,6.51021,5.05311,1.23270,6.22899,12.53000,6.24912,5.02975,1.24345,6.25422,12.30000,5.89210,5.07389,1.15653,5.86810,11.71000,5.85165,24.93103,24.50308
83-1,1783321763.903255,2026-07-06T14:09:23.903255,5.09109,1.28373,6.53559,13.09000,7.16454,5.04911,1.23270,6.22406,12.53000,6.87226,5.02329,1.21610,6.10883,12.03000,6.50370,5.07389,1.15653,5.86810,11.71000,6.43915,24.73658,26.97965
83-1,1783321764.003374,2026-07-06T14:09:24.003374,5.08293,1.28666,6.54001,13.12000,7.81932,5.05564,1.26518,6.39627,12.86000,7.51265,5.02729,1.21610,6.11370,12.03000,7.11580,5.07084,1.13773,5.76925,11.52000,7.01676,24.81923,29.46454
83-1,1783321764.103491,2026-07-06T14:09:24.103491,5.08693,1.28666,6.54515,13.12000,8.47460,5.05569,1.26420,6.39139,12.85000,8.15254,5.02935,1.25053,6.28934,12.37000,7.74547,5.06954,1.16337,5.89773,11.78000,7.60723,25.12361,31.97984
83-1,1783321764.203611,2026-07-06T14:09:24.203611,5.08699,1.28568,6.54026,13.11000,9.12941,5.05307,1.23368,6.23387,12.54000,8.77667,5.02569,1.24442,6.25409,12.31000,8.37163,5.07384,1.15751,5.87300,11.72000,8.19523,24.90122,34.47294
83-1,1783321764.303730,2026-07-06T14:09:24.303730,5.08667,1.29154,6.56965,13.17000,9.78716,5.05707,1.23368,6.23881,12.54000,9.40130,5.02740,1.21415,6.10401,12.01000,8.98275,5.07344,1.16532,5.91217,11.80000,8.78715,24.82464,36.95836
83-1,1783321764.403848,2026-07-06T14:09:24.403848,5.08683,1.28861,6.55495,13.14000,10.44343,5.05542,1.27006,6.42068,12.91000,10.04412,5.02169,1.24442,6.24911,12.31000,9.60840,5.07344,1.16532,5.91217,11.80000,9.37906,25.13691,39.47501
83-1,1783321764.503965,2026-07-06T14:09:24.503965,5.08683,1.28861,6.55495,13.14000,11.09969,5.05569,1.26420,6.39139,12.85000,10.68401,5.02969,1.24442,6.25907,12.31000,10.23504,5.07354,1.16337,5.90238,11.78000,9.97000,25.10779,41.98874
83-1,1783321764.604083,2026-07-06T14:09:24.604083,5.09115,1.28275,6.53069,13.08000,11.75353,5.05680,1.23954,6.26811,12.60000,11.31156,5.02266,1.22733,6.16447,12.14000,10.85222,5.07334,1.16727,5.92197,11.82000,10.56289,24.88524,44.48020
83-1,1783321764.704201,2026-07-06T14:09:24.704201,5.09147,1.27689,6.50126,13.02000,12.40442,5.05280,1.23954,6.26315,12.60000,11.93862,5.02186,1.24149,6.23460,12.28000,11.47641,5.07779,1.15848,5.88253,11.73000,11.15184,24.88154,46.97129
83-1,1783321764.804320,2026-07-06T14:09:24.804320,5.08603,1.30326,6.62843,13.29000,13.06805,5.05560,1.26615,6.40116,12.87000,12.57949,5.02998,1.23930,6.23364,12.26000,12.10052,5.07379,1.15848,5.87789,11.73000,11.74033,25.14112,49.48839
83-1,1783321764.904438,2026-07-06T14:09:24.904438,5.09013,1.30131,6.62384,13.27000,13.73122,5.05245,1.24735,6.30219,12.68000,13.21046,5.02998,1.23930,6.23364,12.26000,12.72462,5.06964,1.16141,5.88794,11.76000,12.32982,25.04761,51.99611
83-1,1783321765.004557,2026-07-06T14:09:25.004557,5.08613,1.30131,6.61863,13.27000,14.39387,5.05147,1.26908,6.41072,12.90000,13.85229,5.02946,1.24857,6.27965,12.35000,13.35333,5.07034,1.14750,5.81820,11.62000,12.91233,25.12720,54.51182
83-1,1783321765.104675,2026-07-06T14:09:25.104675,5.08299,1.28568,6.53511,13.11000,15.04815,5.05564,1.26518,6.39627,12.90000,14.49267,5.02975,1.24345,6.25422,12.30000,13.97949,5.07334,1.16727,5.92197,11.82000,13.50522,25.10757,57.02554
83-1,1783321765.204792,2026-07-06T14:09:25.204792,5.08390,1.26884,6.45065,12.94000,15.69397,5.05164,1.26518,6.39121,12.86000,15.13254,5.02535,1.25053,6.28433,12.37000,14.60866,5.06934,1.16727,5.91730,11.82000,14.09764,25.04349,59.53281
83-1,1783321765.304908,2026-07-06T14:09:25.304908,5.08608,1.30229,6.62353,13.28000,16.35710,5.05960,1.26615,6.40622,12.87000,15.77391,5.02535,1.25053,6.28433,12.37000,15.23782,5.07394,1.15555,5.86320,11.70000,14.68465,25.17728,62.05347
83-1,1783321765.405027,2026-07-06T14:09:25.405027,5.08608,1.30229,6.62353,13.28000,17.02023,5.05960,1.26615,6.40622,12.87000,16.41529,5.02564,1.24540,6.25893,12.32000,15.86446,5.07329,1.16825,5.92687,11.83000,15.27804,25.21555,64.57802
83-1,1783321765.505146,2026-07-06T14:09:25.505146,5.09045,1.29545,6.59443,13.21000,17.68046,5.05573,1.26322,6.38651,12.84000,17.05470,5.02506,1.25565,6.30974,12.42000,16.49618,5.07314,1.17118,5.94156,11.86000,15.87290,25.23224,67.10424
83-1,1783321765.605264,2026-07-06T14:09:25.605264,5.09024,1.29936,6.61403,13.25000,18.34265,5.05573,1.26322,6.38651,12.84000,17.69411,5.02964,1.24540,6.26391,12.32000,17.12331,5.07314,1.17118,5.94156,11.86000,16.46776,25.20601,69.62783
83-1,1783321765.705383,2026-07-06T14:09:25.705383,5.09099,1.28568,6.54540,13.11000,18.99797,5.05147,1.26908,6.41072,12.90000,18.33594,5.02964,1.24540,6.26391,12.32000,17.75045,5.07410,1.15238,5.84728,11.67000,17.05318,25.06731,72.13754
83-1,1783321765.805502,2026-07-06T14:09:25.805502,5.08699,1.28568,6.54026,13.11000,19.65277,5.05129,1.27299,6.43023,12.94000,18.97973,5.02546,1.24857,6.27466,12.35000,18.37866,5.07714,1.17118,5.94624,11.86000,17.64851,25.19139,74.65967
83-1,1783321765.905620,2026-07-06T14:09:25.905620,5.08731,1.27982,6.51086,13.05000,20.30462,5.05551,1.26811,6.41092,12.89000,19.62158,5.02655,1.22929,6.17906,12.16000,18.99730,5.07719,1.17020,5.94134,11.85000,18.24335,25.04218,77.16684
83-1,1783321766.005738,2026-07-06T14:09:26.005738,5.08592,1.30522,6.63822,13.31000,20.96923,5.05151,1.26811,6.40585,12.89000,20.26292,5.02546,1.24857,6.27466,12.35000,19.62551,5.07005,1.15336,5.84757,11.68000,18.82880,25.16630,79.68646
83-1,1783321766.105857,2026-07-06T14:09:26.105857,5.08683,1.28861,6.55495,13.14000,21.62550,5.04738,1.27103,6.41539,12.92000,20.90522,5.02546,1.24857,6.27466,12.35000,20.25371,5.07405,1.15336,5.85218,11.68000,19.41471,25.09718,82.19914
83-1,1783321766.205975,2026-07-06T14:09:26.205975,5.08683,1.28861,6.55495,13.14000,22.28177,5.04805,1.25614,6.34107,12.77000,21.54007,5.03375,1.24345,6.25920,12.30000,20.88037,5.07299,1.17411,5.95624,11.89000,20.01103,25.11146,84.71325
83-1,1783321766.306093,2026-07-06T14:09:26.306093,5.08731,1.27982,6.51086,13.05000,22.93363,5.05120,1.27494,6.43998,12.96000,22.18484,5.03330,1.25150,6.29918,12.38000,21.51104,5.07299,1.17411,5.95624,11.89000,20.60736,25.20626,87.23687
83-1,1783321766.406213,2026-07-06T14:09:26.406213,5.08619,1.30033,6.61373,13.26000,23.59579,5.05120,1.27494,6.43998,12.96000,22.82961,5.02090,1.25858,6.31922,12.45000,22.14372,5.07794,1.15555,5.86782,11.70000,21.19485,25.24075,89.76397
83-1,1783321766.506331,2026-07-06T14:09:26.506331,5.08645,1.29545,6.58924,13.21000,24.25550,5.05245,1.24735,6.30219,12.68000,23.46057,5.02490,1.25858,6.32425,12.45000,22.77689,5.07394,1.15555,5.86320,11.70000,21.78186,25.07888,92.27482
83-1,1783321766.606450,2026-07-06T14:09:26.606450,5.08187,1.30619,6.63790,13.32000,24.92008,5.05214,1.25419,6.33634,12.75000,24.09496,5.03564,1.21000,6.09311,11.97000,23.38692,5.07504,1.13382,5.75420,11.48000,22.35797,24.82155,94.75992
83-1,1783321766.706569,2026-07-06T14:09:26.706569,5.08587,1.30619,6.64312,13.32000,25.58518,5.04720,1.27494,6.43488,12.96000,24.73921,5.03404,1.23832,6.23375,12.25000,24.01104,5.07288,1.17631,5.96726,11.91000,22.95540,25.27901,97.29083
83-1,1783321766.806688,2026-07-06T14:09:26.806688,5.08624,1.29936,6.60884,13.25000,26.24685,5.05120,1.27494,6.43998,12.96000,25.38397,5.03324,1.25248,6.30403,12.39000,24.64219,5.07299,1.17411,5.95624,11.89000,23.55173,25.30909,99.82475
83-1,1783321766.906806,2026-07-06T14:09:26.906806,5.08715,1.28275,6.52556,13.08000,26.90017,5.05942,1.27006,6.42576,12.91000,26.02731,5.02924,1.25248,6.29902,12.39000,25.27284,5.07299,1.17411,5.95624,11.89000,24.14806,25.20658,102.34838
83-1,1783321767.006922,2026-07-06T14:09:27.006922,5.08256,1.29350,6.57427,13.19000,27.55837,5.05920,1.27494,6.45018,12.96000,26.67308,5.02879,1.26054,6.33897,12.47000,25.90747,5.07299,1.17411,5.95624,11.89000,24.74438,25.31966,104.88330
83-1,1783321767.107042,2026-07-06T14:09:27.107042,5.08656,1.29350,6.57945,13.19000,28.21710,5.04720,1.27494,6.43488,12.96000,27.31733,5.02981,1.24247,6.24938,12.29000,26.53316,5.06964,1.16141,5.88794,11.76000,25.33387,25.15165,107.40146
83-1,1783321767.207160,2026-07-06T14:09:27.207160,5.08544,1.31400,6.68229,13.40000,28.88612,5.04720,1.27494,6.43488,12.96000,27.96158,5.02884,1.25956,6.33413,12.46000,27.16732,5.06869,1.18021,5.98212,11.95000,25.93280,25.43342,109.94781
83-1,1783321767.307280,2026-07-06T14:09:27.307280,5.09073,1.21708,6.19581,12.41000,29.50644,5.05850,1.20219,6.08125,12.22000,28.57044,5.02884,1.25956,6.33413,12.46000,27.80149,5.06949,1.16434,5.90262,11.79000,26.52377,24.51381,112.40214
83-1,1783321767.407398,2026-07-06T14:09:27.407398,5.07435,1.29740,6.58347,13.23000,30.16557,5.05485,1.28275,6.48413,13.04000,29.21962,5.03701,1.25663,6.32965,12.43000,28.43521,5.06949,1.16434,5.90262,11.79000,27.11473,25.29987,114.93511
83-1,1783321767.507516,2026-07-06T14:09:27.507516,5.08235,1.29740,6.59385,13.23000,30.82572,5.06952,1.13529,5.75537,11.54000,29.79583,5.04101,1.25663,6.33468,12.43000,29.06942,5.08483,1.17728,5.98628,11.92000,27.71406,24.67018,117.40503
83-1,1783321767.607635,2026-07-06T14:09:27.607635,5.08623,1.07962,5.49121,11.01000,31.37550,5.05352,1.13529,5.73721,11.54000,30.37023,5.06309,0.86526,4.38090,8.56000,29.50803,5.10251,0.82864,4.22813,8.39000,28.13737,19.83745,119.39114
83-1,1783321767.707752,2026-07-06T14:09:27.707752,5.08625,0.85916,4.36989,8.76000,31.81300,5.06026,0.89822,4.54523,9.13000,30.82529,5.03801,0.95535,4.81307,9.45000,29.98990,5.08226,0.83352,4.23617,8.44000,28.56149,17.96436,121.18968
83-1,1783321767.807873,2026-07-06T14:09:27.807873,5.06240,1.29643,6.56303,13.22000,32.47010,5.04316,1.27592,6.43465,12.97000,31.46953,5.03001,0.95535,4.80543,9.45000,30.47102,5.08226,0.83352,4.23617,8.44000,28.98561,22.03928,123.39626
83-1,1783321767.907991,2026-07-06T14:09:27.907991,5.08603,1.30326,6.62843,13.29000,33.13372,5.05205,1.25614,6.34609,12.77000,32.10489,5.03044,1.16044,5.83750,11.48000,31.05546,5.07174,1.11991,5.67988,11.34000,29.55427,24.49190,125.84835
83-1,1783321768.008108,2026-07-06T14:09:28.008108,5.08203,1.30326,6.62321,13.29000,33.79682,5.05605,1.25614,6.35112,12.77000,32.74075,5.02490,1.25858,6.32425,12.45000,31.68863,5.06909,1.17215,5.94176,11.87000,30.14915,25.24034,128.37535
83-1,1783321768.108227,2026-07-06T14:09:28.108227,5.08949,1.31303,6.68265,13.39000,34.46588,5.05111,1.27689,6.44974,12.98000,33.38649,5.02455,1.26469,6.35448,12.51000,32.32484,5.07329,1.16825,5.92687,11.83000,30.74254,25.41374,130.91975
83-1,1783321768.208346,2026-07-06T14:09:28.208346,5.08992,1.30522,6.64344,13.31000,35.13101,5.05111,1.27689,6.44974,12.98000,34.03223,5.02855,1.26469,6.35954,12.51000,32.96154,5.07329,1.16825,5.92687,11.83000,31.33593,25.37959,133.46071
83-1,1783321768.308464,2026-07-06T14:09:28.308464,5.09073,1.21708,6.19581,12.41000,35.75133,5.05850,1.20219,6.08125,12.22000,34.64107,5.02192,1.24052,6.22977,12.27000,33.58526,5.06878,1.17826,5.97234,11.93000,31.93387,24.47917,135.91153
83-1,1783321768.408583,2026-07-06T14:09:28.408583,5.08273,1.21708,6.18608,12.41000,36.37067,5.05450,1.20219,6.07644,12.22000,35.24944,5.02079,1.26054,6.32888,12.47000,34.21890,5.06873,1.17924,5.97723,11.94000,32.53230,24.56863,138.37131
83-1,1783321768.508703,2026-07-06T14:09:28.508703,5.08197,1.30424,6.62811,13.30000,37.03427,5.04698,1.27982,6.45925,13.01000,35.89614,5.02175,1.24345,6.24428,12.30000,34.84407,5.06864,1.18119,5.98701,11.96000,33.13172,25.31865,140.90620
84-1,1783321768.608821,2026-07-06T14:09:28.608821,5.08213,1.30131,6.61343,13.27000,0.66213,5.04685,1.28275,6.47386,13.04000,0.64815,5.02575,1.24345,6.24925,12.30000,0.62567,5.07299,1.17411,5.95624,11.89000,0.59633,25.29278,2.53228
84-1,1783321768.708942,2026-07-06T14:09:28.708942,5.09813,1.30131,6.63425,13.27000,1.32636,5.06017,1.34184,6.78993,13.64000,1.32797,5.02780,1.20707,6.06890,11.94000,1.23329,5.06899,1.17411,5.95155,11.89000,1.19221,25.44463,5.07983
84-1,1783321768.809062,2026-07-06T14:09:28.809062,5.08613,1.30131,6.61863,13.27000,1.98901,5.05217,1.34184,6.77919,13.64000,2.00670,5.02204,1.30912,6.57447,12.95000,1.89153,5.06553,1.24247,6.29377,12.58000,1.82234,26.26606,7.70957
84-1,1783321768.909179,2026-07-06T14:09:28.909179,5.09247,1.33183,6.78229,13.58000,2.66804,5.05960,1.35453,6.85339,13.77000,2.69284,5.03750,1.03519,5.21476,10.24000,2.41361,5.06779,1.19779,6.07016,12.13000,2.43007,24.92060,10.20456
84-1,1783321769.009299,2026-07-06T14:09:29.009299,5.10188,1.15922,5.91418,11.82000,3.26016,5.08124,0.87649,4.45367,8.91000,3.13874,5.03350,1.03519,5.21062,10.24000,2.93530,5.08220,0.99246,5.04389,10.05000,2.93506,20.62236,12.26926
84-1,1783321769.109417,2026-07-06T14:09:29.109417,5.07756,1.23856,6.28887,12.63000,3.88979,5.04423,1.25224,6.31656,12.73000,3.77114,5.02564,1.17460,5.90309,11.62000,3.52630,5.08220,0.99246,5.04389,10.05000,3.44004,23.55241,14.62728
84-1,1783321769.209535,2026-07-06T14:09:29.209535,5.09319,1.17191,5.96877,11.95000,4.48737,5.06023,1.25224,6.33660,12.73000,4.40555,5.02740,1.14335,5.74805,11.31000,4.10179,5.06979,1.15848,5.87326,11.73000,4.02806,23.92668,17.02277
84-1,1783321769.309654,2026-07-06T14:09:29.309654,5.09319,1.17191,5.96877,11.95000,5.08496,5.05186,1.26029,6.36683,12.81000,5.04299,5.02289,1.22318,6.14391,12.10000,4.71691,5.07019,1.15043,5.83288,11.65000,4.61204,24.31239,19.45690
84-1,1783321769.409772,2026-07-06T14:09:29.409772,5.08779,1.27103,6.46675,12.96000,5.73240,5.05401,1.21293,6.13015,12.33000,5.65673,5.03089,1.22318,6.15370,12.10000,5.33300,5.07829,1.06961,5.43181,10.83000,5.15586,24.18241,21.87799
84-1,1783321769.509890,2026-07-06T14:09:29.509890,5.08704,1.28471,6.53536,13.10000,6.38671,5.04902,1.23466,6.23381,12.55000,6.28085,5.03255,1.19388,6.00828,11.81000,5.93455,5.07429,1.06961,5.42753,10.83000,5.69926,24.20498,24.30136
84-1,1783321769.610009,2026-07-06T14:09:29.610009,5.08645,1.29545,6.58924,13.21000,7.04641,5.04902,1.23466,6.23381,12.55000,6.90497,5.02992,1.24052,6.23969,12.27000,6.55926,5.06969,1.16044,5.88305,11.75000,6.28826,24.94579,26.79891
84-1,1783321769.710128,2026-07-06T14:09:29.710128,5.08645,1.29545,6.58924,13.21000,7.70612,5.05196,1.25810,6.35585,12.79000,7.54131,5.03158,1.21097,6.09312,11.98000,7.16929,5.07439,1.14652,5.81789,11.61000,6.87075,24.85610,29.28748
84-1,1783321769.810247,2026-07-06T14:09:29.810247,5.08720,1.28178,6.52066,13.07000,8.35896,5.05954,1.09085,5.51921,11.09000,8.09389,5.03558,1.21097,6.09796,11.98000,7.77981,5.08811,0.87600,4.45720,8.87000,7.31699,22.59503,31.54966
84-1,1783321769.910365,2026-07-06T14:09:29.910365,5.11015,0.86111,4.40040,8.78000,8.79952,5.06435,0.89627,4.53901,9.11000,8.54833,5.04315,0.86428,4.35871,8.55000,8.21620,5.08661,0.82669,4.20502,8.37000,7.73800,17.50314,33.30205
84-1,1783321770.010485,2026-07-06T14:09:30.010485,5.07462,1.21903,6.18612,12.43000,9.41887,5.05635,0.89627,4.53184,9.11000,9.00205,5.03630,0.98563,4.96391,9.75000,8.71318,5.07461,0.82669,4.19510,8.37000,8.15801,19.87697,35.29212
84-1,1783321770.110603,2026-07-06T14:09:30.110603,5.09462,1.21903,6.21050,12.43000,10.04066,5.05182,1.26127,6.37170,12.82000,9.63998,5.02158,1.24638,6.25878,12.33000,9.33980,5.06969,1.16044,5.88305,11.75000,8.74701,24.72403,37.76745
84-1,1783321770.210721,2026-07-06T14:09:30.210721,5.08677,1.28959,6.55985,13.15000,10.69742,5.05276,1.24052,6.26803,12.61000,10.26752,5.02958,1.24638,6.26875,12.33000,9.96742,5.07069,1.14066,5.78393,11.55000,9.32608,24.88056,40.25844
84-1,1783321770.310840,2026-07-06T14:09:30.310840,5.08597,1.30424,6.63333,13.30000,11.36154,5.04769,1.26420,6.38128,12.85000,10.90641,5.02575,1.24345,6.24925,12.30000,10.59308,5.06944,1.16532,5.90751,11.80000,9.91753,25.17137,42.77856
84-1,1783321770.410959,2026-07-06T14:09:30.410959,5.09045,1.29545,6.59443,13.21000,12.02177,5.05569,1.26420,6.39139,12.85000,11.54631,5.02655,1.22929,6.17906,12.16000,11.21173,5.07344,1.16532,5.91217,11.80000,10.50946,25.07705,45.28926
84-1,1783321770.511076,2026-07-06T14:09:30.511076,5.10651,0.92776,4.73763,9.46000,12.49608,5.05596,1.25810,6.36088,12.79000,12.18314,5.03585,1.06449,5.36059,10.53000,11.74841,5.08264,1.14164,5.80253,11.56000,11.09039,22.26163,47.51802
84-1,1783321770.611194,2026-07-06T14:09:30.611194,5.09051,0.92776,4.72279,9.46000,12.96892,5.07239,0.89529,4.54127,9.10000,12.63780,5.03185,1.06449,5.35633,10.53000,12.28468,5.09856,0.82766,4.21988,8.38000,11.51288,18.84027,49.40428
84-1,1783321770.711313,2026-07-06T14:09:30.711313,5.09020,0.86013,4.37825,8.77000,13.40727,5.05749,1.04764,5.29843,10.65000,13.16827,5.03920,0.86331,4.35038,8.54000,12.72023,5.07345,1.00735,5.11076,10.20000,12.02456,19.13782,51.32033
84-1,1783321770.811431,2026-07-06T14:09:30.811431,5.06741,1.27787,6.47550,13.03000,14.05558,5.05749,1.04764,5.29843,10.65000,13.69874,5.02575,1.24345,6.24925,12.30000,13.34590,5.08145,1.00735,5.11882,10.20000,12.53705,23.14200,53.63727
84-1,1783321770.911548,2026-07-06T14:09:30.911548,5.08651,1.29447,6.58435,13.20000,14.71478,5.04849,1.24638,6.29232,12.67000,14.32871,5.02604,1.23832,6.22384,12.25000,13.96901,5.07029,1.14847,5.82309,11.63000,13.12003,24.92360,56.13253
84-1,1783321771.011664,2026-07-06T14:09:31.011664,5.08651,1.29447,6.58435,13.20000,15.37399,5.04755,1.26713,6.39590,12.88000,14.96905,5.02975,1.24345,6.25422,12.30000,14.59516,5.06934,1.16727,5.91730,11.82000,13.71245,25.15177,58.65064
84-1,1783321771.111807,2026-07-06T14:09:31.111807,5.08731,1.27982,6.51086,13.05000,16.02600,5.05258,1.24442,6.28755,12.65000,15.59869,5.02975,1.24345,6.25422,12.30000,15.22147,5.07449,1.14457,5.80809,11.59000,14.29409,24.86072,61.14025
84-1,1783321771.211926,2026-07-06T14:09:31.211926,5.08587,1.30619,6.64312,13.32000,16.69110,5.05258,1.24442,6.28755,12.65000,16.22820,5.02284,1.22416,6.14875,12.11000,15.83708,5.06939,1.16630,5.91241,11.81000,14.88603,24.99183,63.64241
84-1,1783321771.312042,2026-07-06T14:09:31.312042,5.09051,1.29447,6.58952,13.20000,17.35082,5.05151,1.26811,6.40585,12.89000,16.86953,5.02124,1.25248,6.28900,12.39000,16.46671,5.07339,1.16630,5.91707,11.81000,15.47843,25.20144,66.16550
84-1,1783321771.412159,2026-07-06T14:09:31.412159,5.08251,1.29447,6.57917,13.20000,18.00951,5.05155,1.26713,6.40097,12.88000,17.51038,5.02729,1.21610,6.11370,12.03000,17.07880,5.07394,1.15555,5.86320,11.70000,16.06544,24.95704,68.66412
84-1,1783321771.512277,2026-07-06T14:09:31.512277,5.08592,1.30522,6.63822,13.31000,18.67412,5.05151,1.26811,6.40585,12.89000,18.15172,5.02729,1.21610,6.11370,12.03000,17.69089,5.07324,1.16923,5.93176,11.84000,16.65931,25.08953,71.17603
84-1,1783321771.612397,2026-07-06T14:09:31.612397,5.08796,1.26786,6.45082,12.93000,19.31997,5.05551,1.26811,6.41092,12.89000,18.79358,5.02552,1.24760,6.26982,12.34000,18.31862,5.06924,1.16923,5.92709,11.84000,17.25273,25.05865,73.68490
84-1,1783321771.712515,2026-07-06T14:09:31.712515,5.08272,1.29057,6.55959,13.16000,19.97671,5.04742,1.27006,6.41052,12.91000,19.43539,5.02735,1.21512,6.10886,12.02000,18.93023,5.07324,1.16923,5.93176,11.84000,17.84661,25.01073,76.18893
84-1,1783321771.812635,2026-07-06T14:09:31.812635,5.08272,1.29057,6.55959,13.16000,20.63345,5.04764,1.26518,6.38615,12.86000,20.07476,5.02124,1.25248,6.28900,12.39000,19.55988,5.06954,1.16337,5.89773,11.78000,18.43709,25.13247,78.70518
84-1,1783321771.912754,2026-07-06T14:09:31.912754,5.08656,1.29350,6.57945,13.19000,21.29218,5.05538,1.27103,6.42556,12.92000,20.71809,5.02524,1.25248,6.29401,12.39000,20.19003,5.06909,1.17215,5.94176,11.87000,19.03197,25.24078,81.23226
84-1,1783321772.012871,2026-07-06T14:09:32.012871,5.09286,1.25126,6.37249,12.76000,21.93017,5.05538,1.27103,6.42556,12.92000,21.36139,5.02449,1.19486,6.00357,11.82000,20.79109,5.07314,1.17118,5.94156,11.86000,19.62682,24.74318,83.70947
84-1,1783321772.112989,2026-07-06T14:09:32.112989,5.09035,1.29740,6.60423,13.23000,22.59137,5.05555,1.26713,6.40604,12.88000,22.00275,5.02324,1.21708,6.11367,12.04000,21.40318,5.07314,1.17118,5.94156,11.86000,20.22168,25.06550,86.21898
84-1,1783321772.213107,2026-07-06T14:09:32.213107,5.08576,1.30815,6.65291,13.34000,23.25745,5.05591,1.25932,6.36698,12.80000,22.64020,5.02518,1.25346,6.29885,12.40000,22.03381,5.07699,1.17411,5.96094,11.89000,20.81848,25.27968,88.74993
85-1,1783321772.313249,2026-07-06T14:09:32.313249,5.08576,1.30815,6.65291,13.34000,0.66624,5.04836,1.24931,6.30695,12.70000,0.63159,5.02918,1.25346,6.30386,12.40000,0.63128,5.07829,1.14847,5.83228,11.63000,0.58406,25.09600,2.51318
85-1,1783321772.413367,2026-07-06T14:09:32.413367,5.08507,1.32084,6.71657,13.47000,1.33868,5.05236,1.24931,6.31194,12.70000,1.26353,5.01735,1.32133,6.62958,13.07000,1.29502,5.06108,1.25126,6.33273,12.67000,1.21808,25.99082,5.11531
85-1,1783321772.513486,2026-07-06T14:09:32.513486,5.09202,1.19340,6.07680,12.17000,1.94709,5.05248,1.33500,6.74507,13.57000,1.93884,5.04097,0.90286,4.55129,8.93000,1.75069,5.08108,1.25126,6.35775,12.67000,1.85461,23.73091,7.49123
85-1,1783321772.613605,2026-07-06T14:09:32.613605,5.07899,1.28568,6.52997,13.11000,2.60086,5.05623,1.25224,6.33159,12.73000,2.57275,5.01031,1.23344,6.17990,12.20000,2.36942,5.08090,1.01810,5.17285,10.31000,2.37251,24.21431,9.91554
85-1,1783321772.713724,2026-07-06T14:09:32.713724,5.08699,1.28568,6.54026,13.11000,3.25567,5.05342,1.22587,6.19483,12.46000,3.19297,5.03031,1.23344,6.20457,12.20000,2.99061,5.07379,1.15848,5.87789,11.73000,2.96100,24.81755,12.40025
85-1,1783321772.813843,2026-07-06T14:09:32.813843,5.08790,1.26884,6.45572,12.94000,3.90200,5.04942,1.22587,6.18992,12.46000,3.81270,5.02620,1.23539,6.20932,12.22000,3.61228,5.07489,1.13675,5.76890,11.51000,3.53857,24.62386,14.86556
85-1,1783321772.913961,2026-07-06T14:09:32.913961,5.08720,1.28178,6.52066,13.07000,4.55484,5.05218,1.25321,6.33146,12.74000,4.44659,5.02689,1.22318,6.14881,12.10000,4.22789,5.07379,1.15848,5.87789,11.73000,4.12706,24.87882,17.35638
85-1,1783321773.014081,2026-07-06T14:09:33.014081,5.08683,1.28861,6.55495,13.14000,5.21112,5.05182,1.26127,6.37170,12.82000,5.08453,5.02706,1.22025,6.13428,12.07000,4.84205,5.07379,1.15848,5.87789,11.73000,4.71555,24.93882,19.85325
85-1,1783321773.114200,2026-07-06T14:09:33.114200,5.08283,1.28861,6.54980,13.14000,5.86688,5.05201,1.25712,6.35097,12.78000,5.72038,5.02306,1.22025,6.12940,12.07000,5.45572,5.07579,1.11893,5.67946,11.33000,5.28417,24.70963,22.32715
85-1,1783321773.214317,2026-07-06T14:09:33.214317,5.08368,1.27299,6.47146,12.98000,6.51479,5.05578,1.26225,6.38163,12.83000,6.35929,5.02391,1.20511,6.05439,11.92000,6.06187,5.07379,1.15848,5.87789,11.73000,5.87265,24.78537,24.80860
85-1,1783321773.314435,2026-07-06T14:09:33.314435,5.08757,1.27494,6.48636,13.00000,7.16419,5.05178,1.26225,6.37658,12.83000,6.99770,5.02181,1.24247,6.23944,12.29000,6.68655,5.06989,1.15653,5.86347,11.71000,6.45969,24.96585,27.30814
85-1,1783321773.414554,2026-07-06T14:09:33.414554,5.08704,1.28471,6.53536,13.10000,7.81850,5.05672,1.24149,6.27788,12.62000,7.62624,5.02981,1.24247,6.24938,12.29000,7.31223,5.07389,1.15653,5.86810,11.71000,7.04720,24.93072,29.80417
85-1,1783321773.514672,2026-07-06T14:09:33.514672,5.08704,1.28471,6.53536,13.10000,8.47281,5.05586,1.26029,6.37187,12.81000,8.26418,5.02581,1.24247,6.24441,12.29000,7.93741,5.07235,1.10794,5.61988,11.22000,7.60985,24.77152,32.28425
85-1,1783321773.614788,2026-07-06T14:09:33.614788,5.08704,1.28471,6.53536,13.10000,9.12710,5.05289,1.23759,6.25339,12.58000,8.89024,5.02586,1.24149,6.23957,12.28000,8.56209,5.06959,1.16239,5.89283,11.77000,8.19981,24.92115,34.77924
85-1,1783321773.714904,2026-07-06T14:09:33.714904,5.08277,1.28959,6.55469,13.15000,9.78334,5.05289,1.23759,6.25339,12.58000,9.51631,5.02724,1.21708,6.11854,12.04000,9.17466,5.07449,1.14457,5.80809,11.59000,8.78130,24.73471,37.25560
85-1,1783321773.815022,2026-07-06T14:09:33.815022,5.08197,1.30424,6.62811,13.30000,10.44693,5.05578,1.26225,6.38163,12.83000,10.15522,5.02135,1.25053,6.27933,12.37000,9.80333,5.07449,1.14457,5.80809,11.59000,9.36279,25.09716,39.76827
85-1,1783321773.915140,2026-07-06T14:09:33.915140,5.09051,1.29447,6.58952,13.20000,11.10666,5.05601,1.25712,6.35600,12.78000,10.79157,5.02935,1.25053,6.28934,12.37000,10.43301,5.07359,1.16239,5.89748,11.77000,9.95324,25.13234,42.28447
85-1,1783321774.015259,2026-07-06T14:09:34.015259,5.09051,1.29447,6.58952,13.20000,11.76639,5.05227,1.25126,6.32170,12.72000,11.42449,5.02986,1.24149,6.24454,12.28000,11.05820,5.07449,1.14457,5.80809,11.59000,10.53473,24.96385,44.78381
85-1,1783321774.115378,2026-07-06T14:09:34.115378,5.08587,1.30619,6.64312,13.32000,12.43150,5.05227,1.25126,6.32170,12.72000,12.05742,5.02660,1.22831,6.17422,12.15000,11.67636,5.07344,1.16532,5.91217,11.80000,11.12666,25.05121,47.29194
85-1,1783321774.215496,2026-07-06T14:09:34.215496,5.08741,1.27787,6.50106,13.03000,13.08236,5.05560,1.26615,6.40116,12.87000,12.69828,5.02569,1.24442,6.25409,12.31000,12.30250,5.07024,1.14945,5.82799,11.64000,11.71014,24.98430,49.79329
85-1,1783321774.315562,2026-07-06T14:09:34.315562,5.08656,1.29350,6.57945,13.19000,13.74075,5.05698,1.23563,6.24857,12.56000,13.32356,5.02740,1.21415,6.10401,12.01000,12.91331,5.07024,1.14945,5.82799,11.64000,12.29333,24.76002,52.27094
85-1,1783321774.415680,2026-07-06T14:09:34.415680,5.09056,1.29350,6.58462,13.19000,14.39999,5.05551,1.26811,6.41092,12.89000,13.96541,5.02740,1.21415,6.10401,12.01000,13.52443,5.06934,1.16727,5.91730,11.82000,12.88576,25.01685,54.77559
85-1,1783321774.515800,2026-07-06T14:09:34.515800,5.08731,1.27982,6.51086,13.05000,15.05185,5.05551,1.26811,6.41092,12.89000,14.60726,5.02152,1.24760,6.26483,12.34000,14.15166,5.06929,1.16825,5.92219,11.83000,13.47868,25.10880,57.28946
85-1,1783321774.615918,2026-07-06T14:09:34.615918,5.08645,1.29545,6.58924,13.21000,15.71156,5.05164,1.26518,6.39121,12.86000,15.24714,5.02295,1.22221,6.13907,12.09000,14.76630,5.07324,1.16923,5.93176,11.84000,14.07256,25.05128,59.79756
85-1,1783321774.716037,2026-07-06T14:09:34.716037,5.08677,1.28959,6.55985,13.15000,16.36832,5.05164,1.26518,6.39121,12.86000,15.88702,5.02141,1.24955,6.27450,12.36000,15.39449,5.06924,1.16923,5.92709,11.84000,14.66597,25.15265,62.31580
85-1,1783321774.816156,2026-07-06T14:09:34.816156,5.08592,1.30522,6.63822,13.31000,17.03293,5.05542,1.27006,6.42068,12.91000,16.52985,5.02941,1.24955,6.28449,12.36000,16.02369,5.07319,1.17020,5.93666,11.85000,15.26035,25.28005,64.84682
85-1,1783321774.916275,2026-07-06T14:09:34.916275,5.08192,1.30522,6.63300,13.31000,17.69702,5.05142,1.27006,6.41560,12.91000,17.17217,5.02626,1.23441,6.20448,12.21000,16.64487,5.07339,1.16630,5.91707,11.81000,15.85276,25.17015,67.36682
85-1,1783321775.016393,2026-07-06T14:09:35.016393,5.08651,1.29447,6.58435,13.20000,18.35623,5.05241,1.24833,6.30707,12.69000,17.80363,5.02552,1.24760,6.26982,12.34000,17.27260,5.07319,1.17020,5.93666,11.85000,16.44713,25.09790,69.87959
85-1,1783321775.116512,2026-07-06T14:09:35.116512,5.08635,1.29740,6.59904,13.23000,19.01692,5.05120,1.27494,6.43998,12.96000,18.44839,5.02631,1.23344,6.19964,12.20000,17.89330,5.07319,1.17020,5.93666,11.85000,17.04150,25.17532,72.40011
85-1,1783321775.216630,2026-07-06T14:09:35.216630,5.08661,1.29252,6.57455,13.18000,19.67515,5.05258,1.24442,6.28755,12.65000,19.07789,5.02631,1.23344,6.19964,12.20000,18.51399,5.06605,1.15336,5.84295,11.68000,17.62648,24.90469,74.89351
85-1,1783321775.316747,2026-07-06T14:09:35.316747,5.09061,1.29252,6.57972,13.18000,20.33389,5.05658,1.24442,6.29253,12.65000,19.70788,5.02541,1.24955,6.27949,12.36000,19.14268,5.07329,1.16825,5.92687,11.83000,18.21986,25.07861,77.40431
85-1,1783321775.416864,2026-07-06T14:09:35.416864,5.09147,1.27689,6.50126,13.02000,20.98478,5.05142,1.27006,6.41560,12.91000,20.35019,5.02695,1.22221,6.14396,12.09000,19.75780,5.07294,1.17508,5.96114,11.90000,18.81668,25.02196,79.90945
85-1,1783321775.516983,2026-07-06T14:09:35.516983,5.08981,1.30717,6.65325,13.33000,21.65090,5.05186,1.26029,6.36683,12.81000,20.98763,5.01718,1.25346,6.28882,12.40000,20.38742,5.07415,1.15140,5.84238,11.66000,19.40161,25.15128,82.42756
85-1,1783321775.617102,2026-07-06T14:09:35.617102,5.08240,1.29643,6.58896,13.22000,22.31058,5.05342,1.22587,6.19483,12.46000,21.60785,5.02918,1.25346,6.30386,12.40000,21.01856,5.07015,1.15140,5.83778,11.66000,19.98608,24.92543,84.92306
85-1,1783321775.717220,2026-07-06T14:09:35.717220,5.08240,1.29643,6.58896,13.22000,22.97025,5.04942,1.22587,6.18992,12.46000,22.22757,5.02609,1.09574,5.50727,10.84000,21.56994,5.07615,1.03299,5.24361,10.46000,20.51106,23.52976,87.27882
85-1,1783321775.817339,2026-07-06T14:09:35.817339,5.09035,1.29740,6.60423,13.23000,23.63146,5.05116,1.27592,6.44486,12.97000,22.87283,5.01889,1.22318,6.13902,12.10000,22.18457,5.06899,1.17411,5.95155,11.89000,21.10692,25.13966,89.79579
85-1,1783321775.917457,2026-07-06T14:09:35.917457,5.08997,1.30424,6.63854,13.30000,24.29610,5.05263,1.24345,6.28267,12.64000,23.50183,5.02512,1.25468,6.30490,12.41000,22.81580,5.07299,1.17411,5.95624,11.89000,21.70325,25.18235,92.31698
85-1,1783321776.017576,2026-07-06T14:09:36.017576,5.09365,1.31010,6.67319,13.36000,24.96421,5.05111,1.27689,6.44974,12.98000,24.14758,5.02512,1.25468,6.30490,12.41000,23.44705,5.07299,1.17411,5.95624,11.89000,22.29958,25.38407,94.85842
85-1,1783321776.117694,2026-07-06T14:09:36.117694,5.09035,1.29740,6.60423,13.23000,25.62542,5.04711,1.27689,6.44463,12.98000,24.79280,5.02906,1.25565,6.31476,12.42000,24.07927,5.07379,1.15848,5.87789,11.73000,22.88807,25.24151,97.38555
85-1,1783321776.217813,2026-07-06T14:09:36.217813,5.07835,1.29740,6.58866,13.23000,26.28507,5.05524,1.27396,6.44020,12.95000,25.43759,5.02930,1.25150,6.29418,12.38000,24.70944,5.07294,1.17508,5.96114,11.90000,23.48489,25.28418,99.91698
85-1,1783321776.317931,2026-07-06T14:09:36.317931,5.09136,1.27885,6.51107,13.04000,26.93694,5.05524,1.27396,6.44020,12.95000,26.08237,5.02118,1.25346,6.29384,12.40000,25.33956,5.06488,1.17631,5.95785,11.91000,24.08138,25.20296,102.44025
85-1,1783321776.418049,2026-07-06T14:09:36.418049,5.09045,1.29545,6.59443,13.21000,27.59716,5.04711,1.27689,6.44463,12.98000,26.72759,5.02918,1.25346,6.30386,12.40000,25.97069,5.07688,1.17631,5.97197,11.91000,24.67928,25.31489,104.97471
85-1,1783321776.518168,2026-07-06T14:09:36.518168,5.08544,1.31400,6.68229,13.40000,28.26618,5.05111,1.27689,6.44974,12.98000,27.37333,5.02918,1.25346,6.30386,12.40000,26.60182,5.06483,1.17728,5.96274,11.92000,25.27626,25.39863,107.51760
85-1,1783321776.618286,2026-07-06T14:09:36.618286,5.08544,1.31400,6.68229,13.40000,28.93520,5.05223,1.25224,6.32658,12.73000,28.00673,5.03284,1.18876,5.98282,11.76000,27.20081,5.06850,1.10501,5.60076,11.19000,25.83700,24.59245,109.97974
85-1,1783321776.718404,2026-07-06T14:09:36.718404,5.08651,1.29447,6.58435,13.20000,29.59441,5.05124,1.27396,6.43511,12.95000,28.65101,5.02535,1.25053,6.28433,12.37000,27.82999,5.06488,1.17631,5.95785,11.91000,26.43349,25.26164,112.50890
85-1,1783321776.818523,2026-07-06T14:09:36.818523,5.08645,1.29545,6.58924,13.21000,30.25412,5.05214,1.25419,6.33634,12.75000,29.28539,5.02535,1.25053,6.28433,12.37000,28.45917,5.07683,1.17728,5.97686,11.92000,27.03188,25.18677,115.03057
85-1,1783321776.918643,2026-07-06T14:09:36.918643,5.08640,1.29643,6.59414,13.22000,30.91433,5.05214,1.25419,6.33634,12.75000,29.91979,5.02530,1.25150,6.28917,12.38000,29.08884,5.07283,1.17728,5.97216,11.92000,27.62982,25.19181,117.55277
85-1,1783321777.018760,2026-07-06T14:09:37.018760,5.08640,1.29643,6.59414,13.22000,31.57451,5.05902,1.27885,6.46972,13.00000,30.56752,5.02484,1.25956,6.32909,12.46000,29.72249,5.07319,1.17020,5.93666,11.85000,28.22418,25.32961,120.08870
85-1,1783321777.118879,2026-07-06T14:09:37.118879,5.09376,1.30815,6.66338,13.34000,32.24165,5.05885,1.28275,6.48926,13.04000,31.21722,5.02472,1.26176,6.33997,12.48000,30.35724,5.07259,1.18216,5.99663,11.97000,28.82456,25.48924,122.64066
85-1,1783321777.218998,2026-07-06T14:09:37.218998,5.09408,1.30229,6.63395,13.28000,32.90583,5.05601,1.25712,6.35600,12.78000,31.85357,5.02072,1.26176,6.33493,12.48000,30.99149,5.07264,1.18119,5.99174,11.96000,29.42444,25.31662,125.17534
85-1,1783321777.319116,2026-07-06T14:09:37.319116,5.09233,1.26102,6.42156,12.86000,33.54874,5.05601,1.25712,6.35600,12.78000,32.48992,5.03398,1.23930,6.23859,12.26000,31.61608,5.07664,1.18119,5.99646,11.96000,30.02479,25.01261,127.67953
85-1,1783321777.419233,2026-07-06T14:09:37.419233,5.08833,1.26102,6.41651,12.86000,34.19115,5.05560,1.26615,6.40116,12.87000,33.13079,5.03375,1.24345,6.25920,12.30000,32.24274,5.07264,1.18119,5.99174,11.96000,30.62467,25.06861,130.18934
85-1,1783321777.519352,2026-07-06T14:09:37.519352,5.07461,1.29252,6.55904,13.18000,34.84783,5.05494,1.28080,6.47437,13.02000,33.77899,5.03301,1.25663,6.32463,12.43000,32.87595,5.07264,1.18119,5.99174,11.96000,31.22456,25.34978,132.72733
85-1,1783321777.619470,2026-07-06T14:09:37.619470,5.09056,1.29350,6.58462,13.19000,35.50707,5.06326,1.09696,5.55418,11.15000,34.33507,5.04195,0.95633,4.82176,9.46000,33.35870,5.07410,0.99442,5.04576,10.07000,31.72973,22.00632,134.93057
85-1,1783321777.719589,2026-07-06T14:09:37.719589,5.11523,0.84133,4.30361,8.58000,35.93794,5.05126,1.09696,5.54102,11.15000,34.88983,5.03795,0.95633,4.81794,9.46000,33.84107,5.07810,0.99442,5.04974,10.07000,32.23530,19.71231,136.90414
85-1,1783321777.819708,2026-07-06T14:09:37.819708,5.08656,1.00027,5.08795,10.20000,36.44734,5.05226,0.89822,4.53804,9.13000,35.34417,5.03120,0.86331,4.34348,8.54000,34.27593,5.07851,0.82864,4.20825,8.39000,32.65663,18.17772,138.72407
85-1,1783321777.919828,2026-07-06T14:09:37.919828,5.09456,1.00027,5.09595,10.20000,36.95755,5.03507,1.27787,6.43417,12.99000,35.98836,5.00872,1.26176,6.31978,12.48000,34.90866,5.06069,1.18021,5.97268,11.95000,33.25461,23.82258,141.10918
85-1,1783321778.019945,2026-07-06T14:09:38.019945,5.08291,1.14042,5.79663,11.63000,37.53789,5.08030,0.89724,4.55827,9.12000,36.44472,5.05920,0.86331,4.36765,8.54000,35.34594,5.09456,0.82766,4.21657,8.38000,33.67676,18.93912,143.00531
85-1,1783321778.120064,2026-07-06T14:09:38.120064,5.09825,0.85916,4.38020,8.76000,37.97643,5.06430,0.89724,4.54392,9.12000,36.89966,5.04320,0.86331,4.35384,8.54000,35.78185,5.08246,0.82962,4.21648,8.40000,34.09892,17.49444,144.75685
86-1,1783321778.220204,2026-07-06T14:09:38.220204,5.06240,1.29643,6.56303,13.22000,0.65722,5.06558,0.95730,4.84931,9.73000,0.48561,5.04259,1.01590,5.12277,10.05000,0.51299,5.08246,0.82962,4.21648,8.40000,0.42223,20.75159,2.07805
86-1,1783321778.320321,2026-07-06T14:09:38.320321,5.08240,1.29643,6.58896,13.22000,1.31688,5.05258,1.24442,6.28755,12.65000,1.11510,5.02764,1.28080,6.43941,12.67000,1.15768,5.07389,1.15653,5.86810,11.71000,1.00973,25.18402,4.59939
86-1,1783321778.420439,2026-07-06T14:09:38.420439,5.08539,1.31498,6.68719,13.41000,1.98639,5.04808,1.34379,6.78357,13.66000,1.79425,5.02341,1.35575,6.81051,13.41000,1.83954,5.06943,1.24442,6.30851,12.60000,1.64133,26.58978,7.26151
86-1,1783321778.520556,2026-07-06T14:09:38.520556,5.08399,1.34062,6.81568,13.67000,2.66876,5.06008,1.34379,6.79969,13.66000,2.47502,5.03941,1.35575,6.83220,13.41000,2.52356,5.10751,0.80886,4.13127,8.19000,2.05494,24.57884,9.72228
86-1,1783321778.620672,2026-07-06T14:09:38.620672,5.08982,1.23368,6.27921,12.58000,3.29741,5.05657,0.89138,4.50735,9.06000,2.92628,5.04275,0.87136,4.39407,8.62000,2.96348,5.07951,0.80886,4.10862,8.19000,2.46628,19.28925,11.65345
86-1,1783321778.720789,2026-07-06T14:09:38.720789,5.08982,1.23368,6.27921,12.58000,3.92607,5.04049,1.24638,6.28235,12.67000,3.55525,5.02346,1.21317,6.09432,12.00000,3.57362,5.07405,1.15336,5.85218,11.68000,3.05218,24.50806,14.10712
86-1,1783321778.820908,2026-07-06T14:09:38.820908,5.07877,1.28959,6.54954,13.15000,4.58179,5.05342,1.22587,6.19483,12.46000,4.17547,5.03386,1.17069,5.89309,11.58000,4.16363,5.07469,1.14066,5.78849,11.55000,3.63171,24.42595,16.55261
86-1,1783321778.921026,2026-07-06T14:09:38.921026,5.08743,1.20414,6.12597,12.28000,5.19512,5.05342,1.22587,6.19483,12.46000,4.79568,5.02586,1.17069,5.88372,11.58000,4.75270,5.07074,1.13968,5.77904,11.54000,4.21030,23.98356,18.95380
86-1,1783321779.021144,2026-07-06T14:09:39.021144,5.08454,1.25712,6.39187,12.82000,5.83506,5.04836,1.24931,6.30695,12.70000,5.42712,5.02660,1.22831,6.17422,12.15000,5.37085,5.07474,1.13968,5.78360,11.54000,4.78935,24.65664,21.42238
86-1,1783321779.121263,2026-07-06T14:09:39.121263,5.08347,1.27689,6.49105,13.02000,6.48494,5.04885,1.23856,6.25332,12.59000,6.05320,5.02592,1.24052,6.23473,12.27000,5.99506,5.07374,1.15946,5.88279,11.74000,5.37832,24.86189,23.91152
86-1,1783321779.221380,2026-07-06T14:09:39.221380,5.08747,1.27689,6.49616,13.02000,7.13531,5.04796,1.25810,6.35082,12.79000,6.68902,5.03095,1.22221,6.14885,12.09000,6.61067,5.07398,1.15458,5.85830,11.69000,5.96484,24.85413,26.39985
86-1,1783321779.321498,2026-07-06T14:09:39.321498,5.09217,1.26395,6.43627,12.89000,7.77970,5.05596,1.25810,6.36088,12.79000,7.32586,5.02295,1.22221,6.13907,12.09000,7.22530,5.07364,1.16141,5.89259,11.76000,6.55480,24.82881,28.88566
86-1,1783321779.421616,2026-07-06T14:09:39.421616,5.09152,1.27592,6.49636,13.01000,8.43010,5.04996,1.21390,6.13017,12.34000,7.93960,5.02980,1.17167,5.89325,11.59000,7.81532,5.07364,1.16141,5.89259,11.76000,7.14475,24.41237,31.32978
86-1,1783321779.521734,2026-07-06T14:09:39.521734,5.09072,1.29057,6.56991,13.16000,9.08787,5.04778,1.26225,6.37153,12.83000,8.57751,5.02700,1.22123,6.13912,12.08000,8.42996,5.07349,1.16434,5.90728,11.79000,7.73618,24.98784,33.83152
86-1,1783321779.621853,2026-07-06T14:09:39.621853,5.09072,1.29057,6.56991,13.16000,9.74564,5.05658,1.24442,6.29253,12.65000,9.20751,5.02181,1.24247,6.23944,12.29000,9.05464,5.06959,1.16239,5.89283,11.77000,8.32616,24.99471,36.33394
86-1,1783321779.721971,2026-07-06T14:09:39.721971,5.08656,1.29350,6.57945,13.19000,10.40436,5.05258,1.24442,6.28755,12.65000,9.83701,5.02181,1.24247,6.23944,12.29000,9.67932,5.06974,1.15946,5.87815,11.74000,8.91467,24.98459,38.83536
86-1,1783321779.822089,2026-07-06T14:09:39.822089,5.08587,1.30619,6.64312,13.32000,11.06946,5.05173,1.26322,6.38146,12.84000,10.47591,5.02289,1.22318,6.14391,12.10000,10.29444,5.07344,1.16532,5.91217,11.80000,9.50658,25.08066,41.34639
86-1,1783321779.922209,2026-07-06T14:09:39.922209,5.09019,1.30033,6.61894,13.26000,11.73215,5.05164,1.26518,6.39121,12.86000,11.11579,5.02124,1.25248,6.28900,12.39000,10.92410,5.07344,1.16532,5.91217,11.80000,10.09851,25.21132,43.87055
86-1,1783321780.022328,2026-07-06T14:09:40.022328,5.08619,1.30033,6.61373,13.26000,12.39431,5.05711,1.23270,6.23392,12.53000,11.73993,5.02952,1.24760,6.27481,12.34000,11.55232,5.07364,1.16141,5.89259,11.76000,10.68847,25.01505,46.37502
86-1,1783321780.122447,2026-07-06T14:09:40.122447,5.08629,1.29838,6.60394,13.24000,13.05549,5.05311,1.23270,6.22899,12.53000,12.36357,5.02552,1.24760,6.26982,12.34000,12.18005,5.07334,1.16727,5.92197,11.82000,11.28137,25.02472,48.88047
86-1,1783321780.222565,2026-07-06T14:09:40.222565,5.08688,1.28764,6.55005,13.13000,13.71127,5.05942,1.27006,6.42576,12.91000,13.00690,5.02226,1.23441,6.19954,12.21000,12.80074,5.06949,1.16434,5.90262,11.79000,11.87233,25.07797,51.39124
86-1,1783321780.322683,2026-07-06T14:09:40.322683,5.09024,1.29936,6.61403,13.25000,14.37344,5.05986,1.26029,6.37691,12.81000,13.64534,5.02169,1.24442,6.24911,12.31000,13.42638,5.07749,1.16434,5.91194,11.79000,12.46422,25.15199,53.90938
86-1,1783321780.422801,2026-07-06T14:09:40.422801,5.09120,1.28178,6.52578,13.07000,15.02680,5.05155,1.26713,6.40097,12.88000,14.28620,5.02284,1.22416,6.14875,12.11000,14.04199,5.06944,1.16532,5.90751,11.80000,13.05567,24.98301,56.41066
86-1,1783321780.522918,2026-07-06T14:09:40.522918,5.09120,1.28178,6.52578,13.07000,15.68014,5.05555,1.26713,6.40604,12.88000,14.92755,5.02284,1.22416,6.14875,12.11000,14.65758,5.06929,1.16825,5.92219,11.83000,13.64858,25.00276,58.91386
86-1,1783321780.623038,2026-07-06T14:09:40.623038,5.08597,1.30424,6.63333,13.30000,16.34427,5.05142,1.27006,6.41560,12.91000,15.56988,5.02152,1.24760,6.26483,12.34000,15.28481,5.07010,1.15238,5.84267,11.67000,14.23355,25.15643,61.43251
86-1,1783321780.723155,2026-07-06T14:09:40.723155,5.08757,1.27494,6.48636,13.00000,16.99366,5.05191,1.25932,6.36195,12.80000,16.20682,5.02711,1.21928,6.12944,12.06000,15.89847,5.07010,1.15238,5.84267,11.67000,14.81850,24.82042,63.91745
86-1,1783321780.823272,2026-07-06T14:09:40.823272,5.08277,1.28959,6.55469,13.15000,17.64989,5.05147,1.26908,6.41072,12.90000,16.84864,5.02530,1.25150,6.28917,12.38000,16.52813,5.06929,1.16825,5.92219,11.83000,15.41141,25.17677,66.43807
86-1,1783321780.923391,2026-07-06T14:09:40.923391,5.08677,1.28959,6.55985,13.15000,18.30666,5.05236,1.24931,6.31194,12.90000,17.48059,5.02300,1.22123,6.13424,12.08000,17.14228,5.07369,1.16044,5.88769,11.75000,16.00088,24.89372,68.93042
86-1,1783321781.023510,2026-07-06T14:09:41.023510,5.08651,1.29447,6.58435,13.20000,18.96588,5.05236,1.24931,6.31194,12.70000,18.11253,5.02700,1.22123,6.13912,12.08000,17.75692,5.07304,1.17313,5.95135,11.88000,16.59672,24.98676,71.43206
86-1,1783321781.123629,2026-07-06T14:09:41.123629,5.08645,1.29545,6.58924,13.21000,19.62559,5.05124,1.27396,6.43511,12.95000,18.75681,5.02518,1.25346,6.29885,12.40000,18.38756,5.07344,1.16532,5.91217,11.80000,17.18864,25.23537,73.95860
86-1,1783321781.223747,2026-07-06T14:09:41.223747,5.08667,1.29154,6.56965,13.17000,20.28333,5.05210,1.25517,6.34122,12.76000,19.39168,5.02564,1.24540,6.25893,12.32000,19.01419,5.06944,1.16532,5.90751,11.80000,17.78009,25.07731,76.46930
86-1,1783321781.323866,2026-07-06T14:09:41.323866,5.08267,1.29154,6.56448,13.17000,20.94056,5.05529,1.27299,6.43532,12.94000,20.03598,5.02518,1.25346,6.29885,12.40000,19.64483,5.06974,1.15946,5.87815,11.74000,18.36861,25.17680,78.98997
86-1,1783321781.423984,2026-07-06T14:09:41.423984,5.08933,1.31596,6.69735,13.42000,21.61108,5.05129,1.27299,6.43023,12.94000,20.67976,5.02518,1.25346,6.29885,12.40000,20.27545,5.06888,1.17631,5.96255,11.91000,18.96557,25.38898,81.53187
86-1,1783321781.524100,2026-07-06T14:09:41.524100,5.09088,1.28764,6.55520,13.13000,22.26737,5.05555,1.26713,6.40604,12.88000,21.32111,5.02512,1.25468,6.30490,12.41000,20.90668,5.07314,1.17118,5.94156,11.86000,19.56041,25.20770,84.05556
86-1,1783321781.624219,2026-07-06T14:09:41.624219,5.08981,1.30717,6.65325,13.33000,22.93348,5.05538,1.27103,6.42556,12.92000,21.96442,5.02620,1.23539,6.20932,12.22000,21.52834,5.07314,1.17118,5.94156,11.86000,20.15527,25.22969,86.58152
86-1,1783321781.724337,2026-07-06T14:09:41.724337,5.08555,1.31205,6.67250,13.38000,23.60152,5.05920,1.27494,6.45018,12.96000,22.61020,5.02101,1.25663,6.30955,12.43000,22.16004,5.07364,1.16141,5.89259,11.76000,20.74523,25.32482,89.11699
86-1,1783321781.824454,2026-07-06T14:09:41.824454,5.08555,1.31205,6.67250,13.38000,24.26955,5.05120,1.27494,6.43998,12.96000,23.25496,5.02101,1.25663,6.30955,12.43000,22.79174,5.07304,1.17313,5.95135,11.88000,21.34106,25.37338,91.65731
86-1,1783321781.924573,2026-07-06T14:09:41.924573,5.08741,1.27787,6.50106,13.03000,24.92043,5.05196,1.25810,6.35585,12.79000,23.89130,5.02118,1.25346,6.29384,12.40000,23.42187,5.06883,1.17728,5.96745,11.92000,21.93851,25.11820,94.17212
86-1,1783321782.024691,2026-07-06T14:09:42.024691,5.08560,1.31108,6.66760,13.37000,25.58798,5.05111,1.27689,6.44974,12.98000,24.53704,5.02095,1.25761,6.31438,12.44000,24.05406,5.07283,1.17728,5.97216,11.92000,22.53644,25.40388,96.71550
86-1,1783321782.124808,2026-07-06T14:09:42.124808,5.08555,1.31205,6.67250,13.38000,26.25600,5.05610,1.25517,6.34624,12.76000,25.17240,5.02495,1.25761,6.31941,12.44000,24.68673,5.07688,1.17631,5.97197,11.91000,23.13433,25.31012,99.24947
86-1,1783321782.224929,2026-07-06T14:09:42.224929,5.08555,1.31205,6.67250,13.38000,26.92406,5.05210,1.25517,6.34122,12.76000,25.80729,5.02095,1.25761,6.31438,12.44000,25.31893,5.06924,1.16923,5.92709,11.84000,23.72775,25.25519,101.77803
86-1,1783321782.325047,2026-07-06T14:09:42.325047,5.09019,1.30033,6.61894,13.26000,27.58674,5.05133,1.27201,6.42535,12.93000,26.45058,5.01838,1.23222,6.18373,12.19000,25.93804,5.06883,1.17728,5.96745,11.92000,24.32520,25.19547,104.30056
86-1,1783321782.425166,2026-07-06T14:09:42.425166,5.08981,1.30717,6.65325,13.33000,28.25285,5.05111,1.27689,6.44974,12.98000,27.09632,5.01706,1.25565,6.29969,12.42000,26.56876,5.06883,1.17728,5.96745,11.92000,24.92266,25.37013,106.84059
86-1,1783321782.525284,2026-07-06T14:09:42.525284,5.08229,1.29838,6.59875,13.24000,28.91351,5.05605,1.25614,6.35112,12.77000,27.73219,5.02479,1.26054,6.33393,12.47000,27.20290,5.07283,1.17728,5.97216,11.92000,25.52058,25.25596,109.36917
86-1,1783321782.625402,2026-07-06T14:09:42.625402,5.08629,1.29838,6.60394,13.24000,29.57468,5.04405,1.25614,6.33604,12.77000,28.36654,5.02479,1.26054,6.33393,12.47000,27.83704,5.07269,1.18021,5.98684,11.95000,26.11997,25.26075,111.89823
86-1,1783321782.725520,2026-07-06T14:09:42.725520,5.08240,1.29643,6.58896,13.22000,30.23436,5.05102,1.27885,6.45949,13.00000,29.01325,5.02998,1.23930,6.23364,12.26000,28.46114,5.07329,1.16825,5.92687,11.83000,26.71336,25.20896,114.42210
86-1,1783321782.825639,2026-07-06T14:09:42.825639,5.08208,1.30229,6.61832,13.28000,30.89697,5.05076,1.28471,6.48875,13.06000,29.66289,5.02890,1.25858,6.32928,12.45000,29.09482,5.07273,1.17924,5.98195,11.94000,27.31226,25.41830,116.96695
86-1,1783321782.925758,2026-07-06T14:09:42.925758,5.09099,1.28568,6.54540,13.11000,31.55229,5.05348,1.22465,6.18873,12.45000,30.28250,5.03289,1.18778,5.97797,11.75000,29.69333,5.06873,1.17924,5.97723,11.94000,27.91070,24.68933,119.43882
86-1,1783321783.025877,2026-07-06T14:09:43.025877,5.08699,1.28568,6.54026,13.11000,32.20709,5.04948,1.22465,6.18383,12.45000,30.90162,5.03289,1.18778,5.97797,11.75000,30.29183,5.07559,1.12284,5.69906,11.37000,28.48128,24.40112,121.88183
86-1,1783321783.125995,2026-07-06T14:09:43.125995,5.09413,1.30131,6.62904,13.27000,32.87078,5.05169,1.26420,6.38634,12.85000,31.54101,5.02872,1.26176,6.34502,12.48000,30.92709,5.07259,1.18216,5.99663,11.97000,29.08165,25.35703,124.42053
86-1,1783321783.226113,2026-07-06T14:09:43.226113,5.09376,1.30815,6.66338,13.34000,33.53791,5.05089,1.28178,6.47412,13.03000,32.18919,5.02861,1.26371,6.35470,12.50000,31.56331,5.07659,1.18216,6.00136,11.97000,29.68250,25.49356,126.97291
86-1,1783321783.326232,2026-07-06T14:09:43.326232,5.09772,1.23563,6.29891,12.60000,34.16855,5.05986,1.26029,6.37691,12.81000,32.82764,5.03290,1.25858,6.33432,12.45000,32.19749,5.08059,1.18216,6.00609,11.97000,30.28382,25.01623,129.47749
86-1,1783321783.426348,2026-07-06T14:09:43.426348,5.08501,1.32182,6.72146,13.48000,34.84148,5.03986,1.26029,6.35170,12.81000,33.46355,5.02090,1.25858,6.31922,12.45000,32.83015,5.07314,1.17118,5.94156,11.86000,30.87867,25.33394,132.01384
86-1,1783321783.526467,2026-07-06T14:09:43.526467,5.08901,1.32182,6.72675,13.48000,35.51495,5.04676,1.28471,6.48361,13.06000,34.11268,5.02861,1.26371,6.35470,12.50000,33.46637,5.07249,1.18412,6.00642,11.99000,31.48002,25.57148,134.57403
86-1,1783321783.626585,2026-07-06T14:09:43.626585,5.09371,1.30912,6.66828,13.35000,36.18257,5.04685,1.28275,6.47386,13.04000,34.76083,5.02884,1.25956,6.33413,12.46000,34.10054,5.07254,1.18314,6.00153,11.98000,32.08089,25.47780,137.12482
86-1,1783321783.726705,2026-07-06T14:09:43.726705,5.09339,1.31498,6.69771,13.41000,36.85314,5.05476,1.28471,6.49388,13.06000,35.41099,5.03306,1.25565,6.31978,12.42000,34.73327,5.07644,1.18509,6.01606,12.00000,32.68321,25.52743,139.68061
87-1,1783321783.826824,2026-07-06T14:09:43.826824,5.07776,1.30815,6.64245,13.34000,0.66504,5.05076,1.28471,6.48875,13.06000,0.64965,5.02506,1.25565,6.30974,12.42000,0.63173,5.06844,1.18509,6.00658,12.00000,0.60137,25.44752,2.54779
87-1,1783321783.926945,2026-07-06T14:09:43.926945,5.08176,1.30815,6.64768,13.34000,1.33061,5.04952,1.22367,6.17895,12.44000,1.26829,5.01878,1.22514,6.14869,12.12000,1.24734,5.07894,1.13578,5.76854,11.50000,1.17893,24.74386,5.02516
87-1,1783321784.027064,2026-07-06T14:09:44.027064,5.08464,1.32865,6.75573,13.55000,2.00699,5.04404,1.34477,6.78306,13.67000,1.94740,5.03381,1.31327,6.61076,12.99000,1.90920,5.07333,1.24638,6.32328,12.62000,1.81201,26.47283,7.67560
87-1,1783321784.127181,2026-07-06T14:09:44.127181,5.08988,1.23270,6.27431,12.57000,2.63515,5.08013,0.90115,4.57796,9.16000,2.40574,5.06171,0.81887,4.14490,8.10000,2.32418,5.10155,0.84744,4.32325,8.58000,2.24484,19.32042,9.60991
87-1,1783321784.227300,2026-07-06T14:09:44.227300,5.07893,1.28666,6.53486,13.12000,3.28941,5.05613,0.90115,4.55633,9.16000,2.86191,5.01026,1.23441,6.18473,12.21000,2.94338,5.08155,0.84744,4.30630,8.58000,2.67598,21.58222,11.77069
87-1,1783321784.327418,2026-07-06T14:09:44.327418,5.08693,1.28666,6.54515,13.12000,3.94470,5.05586,1.26029,6.37187,12.81000,3.49985,5.03026,1.23441,6.20942,12.21000,3.56506,5.07464,1.14164,5.79339,11.56000,3.25600,24.91983,14.26562
87-1,1783321784.427536,2026-07-06T14:09:44.427536,5.09201,1.26688,6.45099,12.92000,4.59056,5.05596,1.25810,6.36088,12.79000,4.13669,5.02198,1.23930,6.22372,12.26000,4.18817,5.07379,1.15848,5.87789,11.73000,3.84449,24.91348,16.75991
87-1,1783321784.527655,2026-07-06T14:09:44.527655,5.08688,1.28764,6.55005,13.13000,5.24635,5.05618,1.25321,6.33647,12.74000,4.77109,5.02260,1.22831,6.16931,12.15000,4.80583,5.07424,1.14945,5.83259,11.64000,4.42844,24.88842,19.25171
87-1,1783321784.627774,2026-07-06T14:09:44.627774,5.08693,1.28666,6.54515,13.12000,5.90164,5.05218,1.25321,6.33146,12.74000,5.40499,5.03089,1.22318,6.15370,12.10000,5.42193,5.07424,1.14945,5.83259,11.64000,5.01239,24.86290,21.74095
87-1,1783321784.727891,2026-07-06T14:09:44.727891,5.08262,1.21903,6.19588,12.43000,6.52196,5.04902,1.23466,6.23381,12.55000,6.02910,5.02289,1.22318,6.14391,12.10000,6.03705,5.07374,1.15946,5.88279,11.74000,5.60136,24.45639,24.18947
87-1,1783321784.828009,2026-07-06T14:09:44.828009,5.09062,1.21903,6.20563,12.43000,7.14325,5.04898,1.23563,6.23869,12.56000,6.65371,5.02380,1.20707,6.06407,11.94000,6.64417,5.07374,1.15946,5.88279,11.74000,6.19033,24.39118,26.63146
87-1,1783321784.928128,2026-07-06T14:09:44.928128,5.08619,1.30033,6.61373,13.26000,7.80541,5.05218,1.25321,6.33146,12.74000,7.28760,5.02135,1.25053,6.27933,12.37000,7.27285,5.07754,1.16337,5.90703,11.78000,6.78174,25.13155,29.14760
87-1,1783321785.028246,2026-07-06T14:09:45.028246,5.08693,1.28666,6.54515,13.12000,8.46070,5.05218,1.25321,6.33146,12.74000,7.92150,5.02992,1.24052,6.23969,12.27000,7.89755,5.07429,1.14847,5.82769,11.63000,7.36520,24.94399,31.64495
87-1,1783321785.128365,2026-07-06T14:09:45.128365,5.09185,1.26981,6.46571,12.95000,9.10804,5.04769,1.26420,6.38128,12.85000,8.56038,5.02992,1.24052,6.23969,12.27000,8.52226,5.07429,1.14847,5.82769,11.63000,7.94866,24.91437,34.13934
87-1,1783321785.228483,2026-07-06T14:09:45.228483,5.08785,1.26981,6.46063,12.95000,9.75486,5.04841,1.24833,6.30207,12.69000,9.19134,5.02740,1.21415,6.10401,12.01000,9.13338,5.07364,1.16141,5.89259,11.76000,8.53861,24.75930,36.61819
87-1,1783321785.328601,2026-07-06T14:09:45.328601,5.08699,1.28568,6.54026,13.11000,10.40966,5.05201,1.25712,6.35097,12.78000,9.82718,5.02581,1.24247,6.24441,12.29000,9.75856,5.07454,1.14359,5.80319,11.58000,9.11962,24.93883,39.11502
87-1,1783321785.428718,2026-07-06T14:09:45.428718,5.08828,1.26200,6.42141,12.87000,11.05256,5.05201,1.25712,6.35097,12.78000,10.46303,5.02660,1.22831,6.17422,12.15000,10.37671,5.06969,1.16044,5.88305,11.75000,9.70861,24.82965,41.60090
87-1,1783321785.528836,2026-07-06T14:09:45.528836,5.08288,1.28764,6.54490,13.13000,11.70782,5.05182,1.26127,6.37170,12.82000,11.10095,5.02660,1.22831,6.17422,12.15000,10.99486,5.07369,1.16044,5.88769,11.75000,10.29807,24.97851,44.10170
87-1,1783321785.628954,2026-07-06T14:09:45.628954,5.08688,1.28764,6.55005,13.13000,12.36360,5.05307,1.23368,6.23387,12.54000,11.72507,5.03335,1.25053,6.29434,12.37000,11.62504,5.07039,1.14652,5.81330,11.61000,10.88009,24.89156,46.59380
87-1,1783321785.729074,2026-07-06T14:09:45.729074,5.08363,1.27396,6.47636,12.99000,13.01200,5.05555,1.26713,6.40604,12.88000,12.36644,5.03369,1.24442,6.26404,12.31000,12.25219,5.06939,1.16630,5.91241,11.81000,11.47204,25.05885,49.10267
87-1,1783321785.829194,2026-07-06T14:09:45.829194,5.08293,1.28666,6.54001,13.12000,13.66679,5.05555,1.26713,6.40604,12.88000,13.00782,5.02169,1.24442,6.24911,12.31000,12.87785,5.07759,1.16239,5.90213,11.77000,12.06296,25.09729,51.61543
87-1,1783321785.929313,2026-07-06T14:09:45.929313,5.08592,1.30522,6.63822,13.31000,14.33141,5.05201,1.25712,6.35097,12.78000,13.64367,5.02969,1.24442,6.25907,12.31000,13.50451,5.07359,1.16239,5.89748,11.77000,12.65341,25.14574,54.13299
87-1,1783321786.029432,2026-07-06T14:09:46.029432,5.09131,1.27982,6.51598,13.05000,14.98377,5.05164,1.26518,6.39121,12.86000,14.28354,5.02546,1.24857,6.27466,12.35000,14.13271,5.07329,1.16825,5.92687,11.83000,13.24680,25.10872,56.64683
87-1,1783321786.129551,2026-07-06T14:09:46.129551,5.07931,1.27982,6.50062,13.05000,15.63461,5.05569,1.26420,6.39139,12.85000,14.92345,5.03163,1.13919,5.73201,11.27000,14.70660,5.07814,1.07254,5.44652,10.86000,13.79210,24.07054,59.05675
87-1,1783321786.229669,2026-07-06T14:09:46.229669,5.09168,1.27299,6.48165,12.98000,16.28355,5.05169,1.26420,6.38634,12.85000,15.56284,5.02169,1.24442,6.24911,12.31000,15.33225,5.07349,1.16434,5.90728,11.79000,14.38353,25.02438,61.56216
87-1,1783321786.329788,2026-07-06T14:09:46.329788,5.09099,1.28568,6.54540,13.11000,16.93886,5.05254,1.24540,6.29243,12.66000,16.19282,5.02569,1.24442,6.25409,12.31000,15.95840,5.06939,1.16630,5.91241,11.79000,14.97547,25.00433,64.06556
87-1,1783321786.429906,2026-07-06T14:09:46.429906,5.08608,1.30229,6.62353,13.28000,17.60200,5.05138,1.27103,6.42048,12.92000,16.83563,5.02684,1.22416,6.15365,12.11000,16.57449,5.07739,1.16630,5.92174,11.81000,15.56835,25.11940,66.58047
87-1,1783321786.530026,2026-07-06T14:09:46.530026,5.08608,1.30229,6.62353,13.28000,18.26514,5.05645,1.24735,6.30718,12.68000,17.46711,5.02552,1.24760,6.26982,12.34000,17.20222,5.06974,1.15946,5.87815,11.74000,16.15686,25.07868,69.09134
87-1,1783321786.630144,2026-07-06T14:09:46.630144,5.08790,1.26884,6.45572,12.94000,18.91148,5.05245,1.24735,6.30219,12.68000,18.09807,5.02718,1.21805,6.12338,12.05000,17.81529,5.06939,1.16630,5.91241,11.81000,16.74880,24.79370,71.57364
87-1,1783321786.730265,2026-07-06T14:09:46.730265,5.08741,1.27787,6.50106,13.03000,19.56237,5.04769,1.26420,6.38128,12.85000,18.73697,5.02318,1.21805,6.11851,12.05000,18.42788,5.06919,1.17020,5.93198,11.85000,17.34272,24.93283,74.06993
87-1,1783321786.830383,2026-07-06T14:09:46.830383,5.08219,1.30033,6.60853,13.26000,20.22400,5.04858,1.24442,6.28257,12.65000,19.36597,5.02524,1.25248,6.29401,12.39000,19.05802,5.07319,1.17020,5.93666,11.85000,17.93708,25.12177,76.58507
87-1,1783321786.930501,2026-07-06T14:09:46.930501,5.08219,1.30033,6.60853,13.26000,20.88564,5.05533,1.27201,6.43044,12.93000,20.00977,5.02484,1.25956,6.32909,12.46000,19.69168,5.06984,1.15751,5.86837,11.72000,18.52462,25.23643,79.11171
87-1,1783321787.030621,2026-07-06T14:09:47.030621,5.08331,1.27982,6.50574,13.05000,21.53699,5.04733,1.27201,6.42027,12.93000,20.65257,5.02941,1.24955,6.28449,12.36000,20.32088,5.06909,1.17215,5.94176,11.87000,19.11950,25.15226,81.62993
87-1,1783321787.130740,2026-07-06T14:09:47.130740,5.08272,1.29057,6.55959,13.16000,22.19373,5.06010,1.25517,6.35126,12.76000,21.28845,5.02135,1.25053,6.27933,12.36000,20.94956,5.07314,1.17118,5.94156,11.86000,19.71437,25.13174,84.14610
87-1,1783321787.230857,2026-07-06T14:09:47.230857,5.08608,1.30229,6.62353,13.28000,22.85686,5.05929,1.27299,6.44041,12.94000,21.93325,5.02535,1.25053,6.28433,12.37000,21.57873,5.07714,1.17118,5.94624,11.86000,20.30969,25.29451,86.67852
87-1,1783321787.330976,2026-07-06T14:09:47.330976,5.10519,0.87869,4.48587,8.96000,23.30598,5.06145,1.04862,5.30752,10.66000,22.46463,5.03489,1.22318,6.15859,12.10000,22.19532,5.07764,1.16141,5.89723,11.76000,20.90011,21.84921,88.86603
87-1,1783321787.431094,2026-07-06T14:09:47.431094,5.09319,0.87869,4.47533,8.96000,23.75404,5.05345,1.04862,5.29913,10.66000,22.99517,5.05515,0.86428,4.36909,8.55000,22.63274,5.09451,0.82864,4.22150,8.39000,21.32276,18.36505,90.70471
87-1,1783321787.531212,2026-07-06T14:09:47.531212,5.08728,0.84036,4.27513,8.57000,24.18206,5.04821,0.89920,4.53934,9.14000,23.44964,5.02455,1.19388,5.99873,11.81000,23.23332,5.07369,1.00247,5.08624,10.15000,21.83198,19.89944,92.69700
87-1,1783321787.631331,2026-07-06T14:09:47.631331,5.06283,1.28861,6.52403,13.14000,24.83524,5.03151,1.26811,6.38048,12.89000,24.08844,5.02855,1.19388,6.00350,11.81000,23.83439,5.07769,1.00247,5.09025,10.15000,22.34162,23.99826,95.09969
87-1,1783321787.731448,2026-07-06T14:09:47.731448,5.08181,1.30717,6.64279,13.33000,25.50029,5.04778,1.26225,6.37153,12.83000,24.72634,5.02684,1.22416,6.15365,12.11000,24.45047,5.07309,1.17215,5.94645,11.87000,22.93695,25.11442,97.61406
87-1,1783321787.831567,2026-07-06T14:09:47.831567,5.08581,1.30717,6.64802,13.33000,26.16589,5.05178,1.26225,6.37658,12.83000,25.36476,5.02518,1.25346,6.29885,12.40000,25.08111,5.07339,1.16630,5.91707,11.81000,23.52937,25.24052,100.14112
87-1,1783321787.931684,2026-07-06T14:09:47.931684,5.08656,1.29350,6.57945,13.19000,26.82460,5.05124,1.27396,6.43511,12.95000,26.00902,5.02084,1.25956,6.32405,12.46000,25.71425,5.07314,1.17118,5.94156,11.86000,24.12422,25.28017,102.67209
87-1,1783321788.031802,2026-07-06T14:09:48.031802,5.08651,1.29447,6.58435,13.20000,27.48381,5.05120,1.27494,6.43998,12.96000,26.65378,5.02884,1.25956,6.33413,12.46000,26.34841,5.07288,1.17631,5.96726,11.91000,24.72165,25.32572,105.20766
87-1,1783321788.131920,2026-07-06T14:09:48.131920,5.09083,1.21512,6.18600,12.39000,28.10314,5.05458,1.20023,6.06667,12.20000,27.26116,5.02604,1.23832,6.22384,12.25000,26.97153,5.07688,1.17631,5.97197,11.91000,25.31955,24.44848,107.65539
87-1,1783321788.232039,2026-07-06T14:09:48.232039,5.09083,1.21512,6.18600,12.39000,28.72248,5.05058,1.20023,6.06187,12.20000,27.86807,5.02518,1.25346,6.29885,12.40000,27.60217,5.07683,1.17728,5.97686,11.92000,25.91795,24.52358,110.11067
87-1,1783321788.332157,2026-07-06T14:09:48.332157,5.09360,1.31108,6.67809,13.37000,29.39108,5.04733,1.27201,6.42027,12.93000,28.51086,5.02124,1.25248,6.28900,12.39000,28.23181,5.07683,1.17728,5.97686,11.92000,26.51634,25.36422,112.65009
87-1,1783321788.432277,2026-07-06T14:09:48.432277,5.09729,1.24345,6.33821,12.68000,30.02566,5.04441,1.24833,6.29708,12.69000,29.14132,5.02124,1.25248,6.28900,12.39000,28.86146,5.08089,1.09720,5.57476,11.11000,27.07448,24.49905,115.10293
87-1,1783321788.532395,2026-07-06T14:09:48.532395,5.07813,1.30131,6.60822,13.27000,30.68726,5.04414,1.25419,6.32630,12.75000,29.77469,5.02181,1.24247,6.23944,12.29000,29.48614,5.07689,1.09720,5.57037,11.11000,27.63218,24.74433,117.58027
87-1,1783321788.632513,2026-07-06T14:09:48.632513,5.08213,1.30131,6.61343,13.27000,31.34938,5.06207,1.12333,5.68635,12.75000,30.34400,5.02101,1.25663,6.30955,12.43000,30.11784,5.07678,1.17826,5.98176,11.93000,28.23106,24.59109,120.04229
87-1,1783321788.732632,2026-07-06T14:09:48.732632,5.08376,1.12479,5.71817,11.47000,31.92188,5.05407,1.12333,5.67736,11.42000,30.91242,5.05520,0.86331,4.36420,8.54000,30.55478,5.09456,0.82766,4.21657,8.38000,28.65322,19.97630,122.04230
87-1,1783321788.832751,2026-07-06T14:09:48.832751,5.08648,0.85501,4.34897,8.72000,32.35730,5.05626,0.89822,4.54164,9.13000,31.36712,5.04320,0.86331,4.35384,8.54000,30.99069,5.08656,0.82766,4.20995,8.38000,29.07472,17.45440,123.78982
87-1,1783321788.932870,2026-07-06T14:09:48.932870,5.06283,1.28861,6.52403,13.14000,33.01047,5.03938,1.27103,6.40522,12.92000,32.00840,5.02916,1.11209,5.59290,11.00000,31.55064,5.07856,0.82766,4.20333,8.38000,29.49555,22.72548,126.06506
87-1,1783321789.032987,2026-07-06T14:09:49.032987,5.08683,1.28861,6.55495,13.14000,33.66673,5.04307,1.27787,6.44439,12.99000,32.65359,5.02101,1.25663,6.30955,12.43000,32.18233,5.07294,1.17508,5.96114,11.90000,30.09236,25.27003,128.59502
87-1,1783321789.133106,2026-07-06T14:09:49.133106,5.08283,1.28861,6.54980,13.14000,34.32249,5.04307,1.27787,6.44439,12.99000,33.29880,5.01672,1.26176,6.32988,12.48000,32.81607,5.06883,1.17728,5.96745,11.92000,30.68981,25.29152,131.12718
87-1,1783321789.233225,2026-07-06T14:09:49.233225,5.08613,1.30131,6.61863,13.27000,34.98514,5.04680,1.28373,6.47873,13.05000,33.94744,5.03272,1.26176,6.35007,12.48000,33.45184,5.06873,1.17924,5.97723,11.94000,31.28825,25.42466,133.67267
87-1,1783321789.333344,2026-07-06T14:09:49.333344,5.08571,1.30912,6.65781,13.35000,35.65172,5.04796,1.25810,6.35082,12.79000,34.58328,5.02906,1.25565,6.31476,12.42000,34.08406,5.07278,1.17826,5.97705,11.93000,31.88666,25.30044,136.20572
87-1,1783321789.433462,2026-07-06T14:09:49.433462,5.08213,1.30131,6.61343,13.27000,36.31384,5.04280,1.28373,6.47360,13.05000,35.23141,5.02981,1.24247,6.24938,12.29000,34.70974,5.07278,1.17826,5.97705,11.93000,32.48507,25.31346,138.74006
87-1,1783321789.533580,2026-07-06T14:09:49.533580,5.08613,1.30131,6.61863,13.27000,36.97649,5.05480,1.28373,6.48900,13.05000,35.88107,5.02472,1.26176,6.33997,12.48000,35.34449,5.07273,1.17924,5.98195,11.94000,33.08398,25.42955,141.28603
87-1,1783321789.633698,2026-07-06T14:09:49.633698,5.08176,1.30815,6.64768,13.34000,37.64204,5.05098,1.27982,6.46437,13.01000,36.52827,5.02472,1.26176,6.33997,12.48000,35.97923,5.07314,1.17118,5.94156,11.86000,33.67883,25.39358,143.82837
87-1,1783321789.733817,2026-07-06T14:09:49.733817,5.08245,1.29545,6.58406,13.21000,38.30123,5.05102,1.27885,6.45949,13.00000,37.17499,5.02072,1.26176,6.33493,12.48000,36.61348,5.06859,1.18216,5.99190,11.97000,34.27874,25.37038,146.36844
87-1,1783321789.833935,2026-07-06T14:09:49.833935,5.08267,1.29154,6.56448,13.17000,38.95846,5.05569,1.26420,6.39139,12.85000,37.81489,5.02079,1.26054,6.32888,12.47000,37.24712,5.07259,1.18216,5.99663,11.97000,34.87911,25.28138,148.89957
88-1,1783321789.934076,2026-07-06T14:09:49.934076,5.08667,1.29154,6.56965,13.17000,0.65789,5.04769,1.26420,6.38128,12.85000,0.63903,5.04266,1.22733,6.18902,12.14000,0.61977,5.06810,1.03397,5.24025,10.47000,0.52476,24.38020,2.44145
88-1,1783321790.034193,2026-07-06T14:09:50.034193,5.08528,1.31693,6.69698,13.43000,1.32837,5.04417,1.34184,6.76846,13.64000,1.31666,5.03066,1.22733,6.17429,12.14000,1.23792,5.05738,1.24540,6.29846,12.61000,1.15534,25.93819,5.03830
88-1,1783321790.134313,2026-07-06T14:09:50.134313,5.08420,1.33671,6.79611,13.63000,2.00879,5.06239,0.93948,4.75602,9.55000,1.79283,5.03165,1.35160,6.80079,13.37000,1.91882,5.10421,0.79495,4.05758,8.05000,1.56159,22.41050,7.28203
88-1,1783321790.234432,2026-07-06T14:09:50.234432,5.08822,1.26298,6.42632,12.88000,2.65219,5.03182,1.26127,6.34648,12.82000,2.42824,5.04676,1.08377,5.46955,10.72000,2.46642,5.08021,0.79495,4.03850,8.05000,1.96592,22.28085,9.51277
88-1,1783321790.334549,2026-07-06T14:09:50.334549,5.08304,1.28471,6.53022,13.10000,3.30598,5.05582,1.26127,6.37675,12.82000,3.06666,5.02192,1.24052,6.22977,12.27000,3.09013,5.07784,1.15751,5.87763,11.72000,2.55437,25.01437,12.01714
88-1,1783321790.434666,2026-07-06T14:09:50.434666,5.08304,1.28471,6.53022,13.10000,3.95977,5.04405,1.25614,6.33604,12.77000,3.70101,5.02592,1.24052,6.23473,12.27000,3.71433,5.07824,1.14945,5.83718,11.64000,3.13877,24.93817,14.51388
88-1,1783321790.534785,2026-07-06T14:09:50.534785,5.09196,1.26786,6.45589,12.93000,4.60612,5.04605,1.21195,6.11557,12.32000,4.31329,5.03015,1.23637,6.21911,12.23000,4.33698,5.08134,1.08841,5.53059,11.02000,3.69249,24.32116,16.94889
88-1,1783321790.634905,2026-07-06T14:09:50.634905,5.09179,1.27103,6.47184,12.96000,5.25408,5.04801,1.25712,6.34594,12.78000,4.94864,5.02604,1.23832,6.22384,12.25000,4.96011,5.06579,1.15848,5.86863,11.73000,4.28005,24.91025,19.44289
88-1,1783321790.735023,2026-07-06T14:09:50.735023,5.08715,1.28275,6.52556,13.08000,5.90741,5.05201,1.25712,6.35097,12.78000,5.58450,5.02729,1.21610,6.11370,12.03000,5.57221,5.07779,1.15848,5.88253,11.73000,4.86901,24.87276,21.93312
88-1,1783321790.835141,2026-07-06T14:09:50.835141,5.09115,1.28275,6.53069,13.08000,6.56125,5.05325,1.22977,6.21435,12.50000,6.20666,5.02186,1.24149,6.23460,12.28000,6.19640,5.07374,1.15946,5.88279,11.74000,5.45797,24.86243,24.42228
88-1,1783321790.935261,2026-07-06T14:09:50.935261,5.08277,1.28959,6.55469,13.15000,7.21750,5.05169,1.26420,6.38634,12.85000,6.84606,5.02586,1.24149,6.23957,12.28000,6.82110,5.07434,1.14750,5.82279,11.62000,6.04095,25.00339,26.92561
88-1,1783321791.035378,2026-07-06T14:09:51.035378,5.08470,1.25419,6.37718,12.79000,7.85597,5.05991,1.25932,6.37202,12.80000,7.48401,5.02586,1.24149,6.23957,12.28000,7.44579,5.07364,1.16141,5.89259,11.76000,6.63090,24.88136,29.41668
88-1,1783321791.135499,2026-07-06T14:09:51.135499,5.08363,1.27396,6.47636,12.99000,8.50439,5.04791,1.25932,6.35691,12.80000,8.12047,5.02769,1.20902,6.07859,11.96000,8.05439,5.07364,1.16141,5.89259,11.76000,7.22088,24.80445,31.90012
88-1,1783321791.235618,2026-07-06T14:09:51.235618,5.08763,1.27396,6.48145,12.99000,9.15330,5.05333,1.22782,6.20459,12.48000,8.74167,5.02575,1.24345,6.24925,12.30000,8.68006,5.07064,1.14164,5.78883,11.56000,7.80045,24.72412,34.37547
89-1,1783321791.335752,2026-07-06T14:09:51.335752,5.08444,1.25907,6.40167,12.84000,0.64103,5.05298,1.23563,6.24363,12.56000,0.62520,5.02575,1.24345,6.24925,12.30000,0.62576,5.07064,1.14164,5.78883,11.56000,0.57966,24.68338,2.47165
89-1,1783321791.435870,2026-07-06T14:09:51.435870,5.07876,1.36308,6.92276,13.90000,1.33412,5.06238,1.02811,5.20467,10.45000,1.14628,5.03690,1.32939,6.69598,13.15000,1.29615,5.07880,0.98074,4.98099,9.93000,1.07834,23.80440,4.85489
89-1,1783321791.535989,2026-07-06T14:09:51.535989,5.09212,1.26493,6.44118,12.90000,1.97900,5.04638,1.02811,5.18822,10.45000,1.66572,5.04495,1.18680,5.98736,11.74000,1.89560,5.07080,0.98074,4.97315,9.93000,1.57625,22.58991,7.11657
89-1,1783321791.636107,2026-07-06T14:09:51.636107,5.08341,1.27787,6.49595,13.03000,2.62937,5.04948,1.22465,6.18383,12.45000,2.28484,5.02620,1.23539,6.20932,12.22000,2.51727,5.07394,1.15555,5.86320,11.70000,2.16327,24.75230,9.59473
89-1,1783321791.736226,2026-07-06T14:09:51.736226,5.09141,1.27787,6.50617,13.03000,3.28076,5.04832,1.25028,6.31182,12.71000,2.91677,5.03020,1.23539,6.21426,12.22000,3.13943,5.07410,1.15238,5.84728,11.67000,2.74869,24.87953,12.08565
89-1,1783321791.836346,2026-07-06T14:09:51.836346,5.09420,0.86013,4.38169,8.77000,3.71945,5.07626,0.89822,4.55960,9.13000,3.37328,5.04320,0.86331,4.35384,8.54000,3.57534,5.09861,0.82669,4.21494,8.37000,3.17069,17.51007,13.83875
89-1,1783321791.936465,2026-07-06T14:09:51.936465,5.09436,0.85720,4.36690,8.74000,4.15666,5.06026,0.89822,4.54523,9.13000,3.82834,5.04326,0.86233,4.34896,8.53000,4.01075,5.07490,0.97879,4.96725,8.37000,3.66800,18.22834,15.66375
89-1,1783321792.036583,2026-07-06T14:09:52.036583,5.06812,1.26493,6.41082,12.90000,4.79850,5.05330,1.14017,5.76163,11.59000,4.40518,5.01409,1.23734,6.20415,12.24000,4.63190,5.07890,0.97879,4.97117,9.91000,4.16571,23.34777,18.00130
89-1,1783321792.136701,2026-07-06T14:09:52.136701,5.08412,1.26493,6.43106,12.90000,5.44237,5.04920,1.23075,6.21431,12.51000,5.02735,5.03009,1.23734,6.22395,12.24000,5.25503,5.07520,1.13065,5.73827,11.45000,4.74021,24.60759,20.46495
89-1,1783321792.236819,2026-07-06T14:09:52.236819,5.08876,1.25321,6.37729,12.78000,6.08085,5.04796,1.25810,6.35082,12.79000,5.66318,5.02638,1.23222,6.19359,12.19000,5.87512,5.07394,1.15555,5.86320,11.70000,5.32722,24.78490,22.94637
89-1,1783321792.336937,2026-07-06T14:09:52.336937,5.08779,1.27103,6.46675,12.96000,6.72829,5.05596,1.25810,6.36088,12.79000,6.30002,5.02815,1.20096,6.03863,11.88000,6.47970,5.07484,1.13773,5.77380,11.52000,5.90529,24.64006,25.41329
89-1,1783321792.437056,2026-07-06T14:09:52.437056,5.08779,1.27103,6.46675,12.96000,7.37573,5.04810,1.25517,6.33619,12.76000,6.93439,5.01792,1.24052,6.22481,12.27000,7.10291,5.07484,1.13773,5.77380,11.52000,6.48335,24.80155,27.89639
89-1,1783321792.537177,2026-07-06T14:09:52.537177,5.08779,1.27103,6.46675,12.96000,8.02319,5.04933,1.22782,6.19968,12.48000,7.55511,5.02592,1.24052,6.23473,12.27000,7.72714,5.07394,1.15555,5.86320,11.70000,7.07038,24.76436,30.37582
89-1,1783321792.637295,2026-07-06T14:09:52.637295,5.09147,1.27689,6.50126,13.02000,8.67408,5.05186,1.26029,6.36683,12.81000,8.19254,5.02638,1.23222,6.19359,12.19000,8.34723,5.07419,1.15043,5.83748,11.65000,7.65482,24.89916,32.86867
89-1,1783321792.737415,2026-07-06T14:09:52.737415,5.09157,1.27494,6.49146,13.00000,9.32401,5.05586,1.26029,6.37187,12.81000,8.83050,5.02655,1.22929,6.17906,12.16000,8.96588,5.06974,1.15946,5.87815,11.74000,8.24334,24.92054,35.36372
89-1,1783321792.837534,2026-07-06T14:09:52.837534,5.08352,1.27592,6.48615,13.01000,9.97339,5.04796,1.25810,6.35082,12.79000,9.46633,5.02620,1.23539,6.20932,12.22000,9.58755,5.07774,1.15946,5.88743,11.74000,8.83278,24.93372,37.86005
89-1,1783321792.937655,2026-07-06T14:09:52.937655,5.08677,1.28959,6.55985,13.15000,10.63017,5.04858,1.24442,6.28257,12.65000,10.09535,5.02620,1.23539,6.20932,12.22000,10.20923,5.07005,1.15336,5.84757,11.68000,9.41825,24.89931,40.35300
89-1,1783321793.037773,2026-07-06T14:09:53.037773,5.08677,1.28959,6.55985,13.15000,11.28693,5.05182,1.26127,6.37170,12.82000,10.73327,5.02775,1.20804,6.07374,11.95000,10.81732,5.06979,1.15848,5.87326,11.73000,10.00627,24.87855,42.84379
89-1,1783321793.137892,2026-07-06T14:09:53.137892,5.08619,1.30033,6.61373,13.26000,11.94909,5.05182,1.26127,6.37170,12.82000,11.37120,5.02592,1.24052,6.23473,12.27000,11.44154,5.07429,1.14847,5.82769,11.63000,10.58973,25.04785,45.35156
89-1,1783321793.238009,2026-07-06T14:09:53.238009,5.08667,1.29154,6.56965,13.17000,12.60682,5.05298,1.23563,6.24363,12.56000,11.99629,5.02695,1.22221,6.14396,12.09000,12.05665,5.07429,1.14847,5.82769,11.63000,11.17318,24.78493,47.83294
89-1,1783321793.338126,2026-07-06T14:09:53.338126,5.08693,1.28666,6.54515,13.12000,13.26210,5.05151,1.26811,6.40585,12.89000,12.63763,5.02695,1.22221,6.14396,12.09000,12.67177,5.07364,1.16141,5.89259,11.76000,11.76313,24.98755,50.33463
89-1,1783321793.438243,2026-07-06T14:09:53.438243,5.08693,1.28666,6.54515,13.12000,13.91738,5.05582,1.26127,6.37675,12.82000,13.27605,5.02941,1.24955,6.28449,12.36000,13.30095,5.07059,1.14261,5.79372,11.57000,12.34318,25.00011,52.83755
89-1,1783321793.538359,2026-07-06T14:09:53.538359,5.08283,1.28861,6.54980,13.14000,14.57312,5.05182,1.26127,6.37170,12.82000,13.91396,5.02992,1.24052,6.23969,12.27000,13.92565,5.06944,1.16532,5.90751,11.80000,12.93461,25.06870,55.34734
89-1,1783321793.638475,2026-07-06T14:09:53.638475,5.08240,1.29643,6.58896,13.22000,15.23278,5.05605,1.25614,6.35112,12.77000,14.54980,5.02564,1.24540,6.25893,12.32000,14.55226,5.07434,1.14750,5.82279,11.62000,13.51757,25.02180,57.85242
89-1,1783321793.738593,2026-07-06T14:09:53.738593,5.08796,1.26786,6.45082,12.93000,15.87863,5.05582,1.26127,6.37675,12.82000,15.18823,5.02964,1.24540,6.26391,12.32000,15.17939,5.07434,1.14750,5.82279,11.62000,14.10053,24.91427,60.34678
89-1,1783321793.838712,2026-07-06T14:09:53.838712,5.08396,1.26786,6.44575,12.93000,16.52397,5.05245,1.24735,6.30219,12.68000,15.81920,5.02575,1.24345,6.24925,12.30000,15.80506,5.06944,1.16532,5.90751,11.80000,14.69199,24.90470,62.84023
89-1,1783321793.938831,2026-07-06T14:09:53.938831,5.08635,1.29740,6.59904,13.23000,17.18466,5.05245,1.24735,6.30219,12.68000,16.45017,5.03346,1.24857,6.28464,12.35000,16.43427,5.06964,1.16141,5.88794,11.76000,15.28148,25.07381,65.35058
89-1,1783321794.038951,2026-07-06T14:09:54.038951,5.08704,1.28471,6.53536,13.10000,17.83898,5.05164,1.26518,6.39121,12.86000,17.09006,5.03381,1.24247,6.25435,12.29000,17.06046,5.07379,1.15848,5.87789,11.73000,15.86998,25.05881,67.85947
89-1,1783321794.139069,2026-07-06T14:09:54.139069,5.09429,1.29838,6.61433,13.24000,18.50119,5.05249,1.24638,6.29731,12.67000,17.72053,5.02141,1.24955,6.27450,12.36000,17.68865,5.07379,1.15848,5.87789,11.73000,16.45846,25.06403,70.36883
89-1,1783321794.239187,2026-07-06T14:09:54.239187,5.09029,1.29838,6.60913,13.24000,19.16289,5.05151,1.26811,6.40585,12.89000,18.36187,5.02941,1.24955,6.28449,12.36000,18.31784,5.07329,1.16825,5.92687,11.83000,17.05185,25.22634,72.89445
89-1,1783321794.339307,2026-07-06T14:09:54.339307,5.08315,1.28275,6.52043,13.08000,19.81571,5.05151,1.26811,6.40585,12.89000,19.00322,5.02215,1.23637,6.20921,12.23000,18.93951,5.07359,1.16239,5.89748,11.77000,17.64230,25.03297,75.40074
89-1,1783321794.439425,2026-07-06T14:09:54.439425,5.08699,1.28568,6.54026,13.11000,20.47051,5.04836,1.24931,6.30695,12.70000,19.63467,5.02158,1.24638,6.25878,12.33000,19.56613,5.07329,1.16825,5.92687,11.83000,18.23569,25.03286,77.90699
89-1,1783321794.539542,2026-07-06T14:09:54.539542,5.08704,1.28471,6.53536,13.10000,21.12481,5.04755,1.26713,6.39590,12.88000,20.27501,5.03106,1.22025,6.13916,12.07000,20.18076,5.06929,1.16825,5.92219,11.83000,18.82860,24.99261,80.40919
89-1,1783321794.639660,2026-07-06T14:09:54.639660,5.08699,1.28568,6.54026,13.11000,21.77961,5.05155,1.26713,6.40097,12.88000,20.91586,5.02706,1.22025,6.13428,12.07000,20.79491,5.07314,1.17118,5.94156,11.86000,19.42346,25.01707,82.91384
89-1,1783321794.739779,2026-07-06T14:09:54.739779,5.08699,1.28568,6.54026,13.11000,22.43441,5.05155,1.26713,6.40097,12.88000,21.55671,5.02975,1.24345,6.25422,12.30000,21.42108,5.07354,1.16337,5.90238,11.78000,20.01440,25.09783,85.42660
89-1,1783321794.839896,2026-07-06T14:09:54.839896,5.09131,1.27982,6.51598,13.05000,23.08677,5.05155,1.26713,6.40097,12.88000,22.19756,5.02906,1.25565,6.31476,12.42000,22.05329,5.07324,1.16923,5.93176,11.84000,20.60827,25.16347,87.94590
89-1,1783321794.940014,2026-07-06T14:09:54.940014,5.09019,1.30033,6.61894,13.26000,23.74945,5.05155,1.26713,6.40097,12.88000,22.83841,5.03386,1.24149,6.24950,12.28000,22.67898,5.06904,1.17313,5.94666,11.88000,21.20364,25.21607,90.47048
89-1,1783321795.040132,2026-07-06T14:09:55.040132,5.09072,1.29057,6.56991,13.16000,24.40721,5.04832,1.25028,6.31182,12.71000,23.47034,5.02186,1.24149,6.23460,12.28000,23.30318,5.06904,1.17313,5.94666,11.88000,21.79900,25.06299,92.97973
89-1,1783321795.140251,2026-07-06T14:09:55.140251,5.08672,1.29057,6.56475,13.16000,25.06447,5.05232,1.25028,6.31682,12.71000,24.10278,5.02924,1.25248,6.29902,12.39000,23.93383,5.07699,1.17411,5.96094,11.89000,22.39581,25.14153,95.49688
89-1,1783321795.240369,2026-07-06T14:09:55.240369,5.08608,1.30229,6.62353,13.28000,25.72760,5.05538,1.27103,6.42556,12.92000,24.74609,5.02981,1.24247,6.24938,12.29000,24.55950,5.07794,1.15555,5.86782,11.70000,22.98328,25.16629,98.01647
89-1,1783321795.340487,2026-07-06T14:09:55.340487,5.08661,1.29252,6.57455,13.18000,26.38583,5.05573,1.26322,6.38651,12.84000,25.38549,5.02930,1.25150,6.29418,12.38000,25.18966,5.07304,1.17313,5.95135,11.88000,23.57912,25.20659,100.54011
89-1,1783321795.440605,2026-07-06T14:09:55.440605,5.08576,1.30815,6.65291,13.34000,27.05191,5.05516,1.27592,6.44996,12.97000,26.03125,5.02930,1.25150,6.29418,12.38000,25.81982,5.07304,1.17313,5.95135,11.88000,24.17495,25.34840,103.07793
89-1,1783321795.540723,2026-07-06T14:09:55.540723,5.08176,1.30815,6.64768,13.34000,27.71746,5.05116,1.27592,6.44486,12.97000,26.67649,5.02506,1.25565,6.30974,12.42000,26.45154,5.06888,1.17631,5.96255,11.91000,24.77191,25.36483,105.61741
89-1,1783321795.640839,2026-07-06T14:09:55.640839,5.09003,1.30326,6.63364,13.29000,28.38160,5.04716,1.27592,6.43976,12.97000,27.32122,5.02609,1.23734,6.21900,12.24000,27.07416,5.06899,1.17411,5.95155,11.89000,25.36776,25.24395,108.14474
89-1,1783321795.740958,2026-07-06T14:09:55.740958,5.08176,1.30815,6.64768,13.34000,29.04715,5.04836,1.24931,6.30695,12.70000,27.95266,5.02501,1.25663,6.31457,12.43000,27.70637,5.07369,1.16044,5.88769,11.75000,25.95723,25.15689,110.66342
89-1,1783321795.841077,2026-07-06T14:09:55.841077,5.08320,1.28178,6.51553,13.07000,29.69948,5.05529,1.27299,6.43532,12.94000,28.59696,5.02501,1.25663,6.31457,12.43000,28.33858,5.07369,1.16044,5.88769,11.75000,26.54670,25.15311,113.18172
89-1,1783321795.941195,2026-07-06T14:09:55.941195,5.08256,1.29350,6.57427,13.19000,30.35769,5.05129,1.27299,6.43023,12.94000,29.24075,5.01701,1.25663,6.30452,12.43000,28.96978,5.06888,1.17631,5.96255,11.91000,27.14366,25.27157,115.71187
89-1,1783321796.041312,2026-07-06T14:09:56.041312,5.08656,1.29350,6.57945,13.19000,31.01640,5.04738,1.27103,6.41539,12.92000,29.88303,5.01655,1.26469,6.34437,12.51000,29.60496,5.06494,1.17508,5.95174,11.90000,27.73953,25.29095,118.24392
89-1,1783321796.141431,2026-07-06T14:09:56.141431,5.08672,1.29057,6.56475,13.16000,31.67366,5.04810,1.25517,6.33619,12.76000,30.51741,5.03404,1.23832,6.23375,12.25000,30.22907,5.06473,1.17924,5.97251,11.94000,28.33749,25.10720,120.75762
89-1,1783321796.241549,2026-07-06T14:09:56.241549,5.08640,1.29643,6.59414,13.22000,32.33385,5.04711,1.27689,6.44463,12.98000,31.16263,5.02604,1.23832,6.22384,12.25000,30.85219,5.06878,1.17826,5.97234,11.93000,28.93543,25.23495,123.28411
89-1,1783321796.341668,2026-07-06T14:09:56.341668,5.09008,1.30229,6.62874,13.28000,32.99751,5.04711,1.27689,6.44463,12.98000,31.80786,5.01706,1.25565,6.29969,12.42000,31.48291,5.07278,1.17826,5.97705,11.93000,29.53385,25.35011,125.82213
89-1,1783321796.441786,2026-07-06T14:09:56.441786,5.08608,1.30229,6.62353,13.28000,33.66065,5.05098,1.27982,6.46437,13.01000,32.45506,5.01666,1.26273,6.33471,12.49000,32.11713,5.07304,1.17313,5.95135,11.88000,30.12968,25.37396,128.36251
89-1,1783321796.541905,2026-07-06T14:09:56.541905,5.08992,1.30522,6.64344,13.31000,34.32578,5.05507,1.27787,6.45972,12.99000,33.10180,5.02895,1.25761,6.32444,12.44000,32.75032,5.07294,1.17508,5.96114,11.90000,30.72650,25.38874,130.90441
89-1,1783321796.642023,2026-07-06T14:09:56.642023,5.08987,1.30619,6.64834,13.32000,34.99140,5.05520,1.27494,6.44508,12.96000,33.74707,5.02495,1.25761,6.31941,12.44000,33.38301,5.07273,1.17924,5.98195,11.94000,31.32540,25.39478,133.44688
90-1,1783321796.742158,2026-07-06T14:09:56.742158,5.10028,1.26200,6.43656,12.87000,0.64453,5.05241,1.24833,6.30707,12.69000,0.63156,5.02935,1.25053,6.28934,12.37000,0.62979,5.06873,1.17924,5.97723,11.94000,0.59853,25.01020,2.50440
90-1,1783321796.842276,2026-07-06T14:09:56.842276,5.08028,1.26200,6.41132,12.87000,1.28642,5.05641,1.24833,6.31206,12.69000,1.26351,5.02719,1.28886,6.47933,12.75000,1.27848,5.07259,1.18216,5.99663,11.97000,1.19890,25.19934,5.02732
90-1,1783321796.942394,2026-07-06T14:09:56.942394,5.08767,1.34648,6.85043,13.73000,1.97227,5.04649,1.29057,6.51284,13.12000,1.91557,5.04366,0.92605,4.67070,9.16000,1.74611,5.07834,1.06864,5.42690,10.82000,1.74223,23.46087,7.37618
90-1,1783321797.042514,2026-07-06T14:09:57.042514,5.09468,1.21805,6.20559,12.42000,2.59357,5.04810,1.25517,6.33619,12.76000,2.54994,5.02766,0.92605,4.65589,9.16000,2.21225,5.06219,1.15043,5.82368,11.65000,2.32530,23.02135,9.68106
90-1,1783321797.142632,2026-07-06T14:09:57.142632,5.07867,1.29154,6.55932,13.17000,3.25027,5.05601,1.25712,6.35600,12.78000,3.18629,5.02998,1.23930,6.23364,12.26000,2.83635,5.07419,1.15043,5.83748,11.65000,2.90973,24.98644,12.18265
90-1,1783321797.242750,2026-07-06T14:09:57.242750,5.10488,1.10428,5.63723,11.26000,3.81466,5.05601,1.25712,6.35600,12.78000,3.82264,5.03844,1.23124,6.20352,12.18000,3.45744,5.07884,1.13773,5.77835,11.52000,3.48825,23.97510,14.58300
91-1,1783321797.342884,2026-07-06T14:09:57.342884,5.08488,1.10428,5.61514,11.26000,0.56227,5.05763,1.04471,5.28375,10.62000,0.52908,5.04031,1.19803,6.03847,11.85000,0.60466,5.08454,1.02518,5.21256,10.38000,0.52196,22.14992,2.21797
91-1,1783321797.443002,2026-07-06T14:09:57.443002,5.08528,1.31693,6.69698,13.43000,1.23275,5.04417,1.34184,6.76846,13.64000,1.20673,5.02164,1.31620,6.60950,13.02000,1.26638,5.06538,1.24540,6.30842,12.61000,1.15354,26.38336,4.85940
91-1,1783321797.543119,2026-07-06T14:09:57.543119,5.08330,1.35331,6.87929,13.80000,1.92149,5.06221,0.94339,4.77563,9.59000,1.68485,5.03364,1.31620,6.62529,13.02000,1.92969,5.08331,0.81277,4.13156,8.23000,1.56718,22.41177,7.10321
91-1,1783321797.643238,2026-07-06T14:09:57.643238,5.08630,1.22489,6.23017,12.49000,2.54524,5.05421,0.94339,4.76809,9.59000,2.16222,5.04217,0.81082,4.08827,8.02000,2.33900,5.07931,0.81277,4.12831,8.23000,1.98050,19.21484,9.02697
91-1,1783321797.743356,2026-07-06T14:09:57.743356,5.08630,1.22489,6.23017,12.49000,3.16900,5.05214,1.25419,6.33634,12.75000,2.79661,5.02124,1.18168,5.93348,11.69000,2.93305,5.07394,1.15555,5.86320,11.70000,2.56751,24.36319,11.46617
91-1,1783321797.843478,2026-07-06T14:09:57.843478,5.09478,1.21610,6.19577,12.40000,3.78933,5.05298,1.23563,6.24363,12.56000,3.42173,5.02186,1.24149,6.23460,12.28000,3.55727,5.07484,1.13773,5.77380,11.52000,3.14560,24.44780,13.91394
91-1,1783321797.943597,2026-07-06T14:09:57.943597,5.09212,1.26493,6.44118,12.90000,4.43421,5.05210,1.25517,6.34122,12.76000,4.05661,5.02986,1.24149,6.24454,12.28000,4.18247,5.06994,1.15555,5.85858,11.70000,3.73215,24.88552,16.40544
91-1,1783321798.043716,2026-07-06T14:09:58.043716,5.08725,1.28080,6.51576,13.06000,5.08657,5.05610,1.25517,6.34624,12.76000,4.69199,5.02615,1.23637,6.21416,12.23000,4.80463,5.07394,1.15555,5.86320,11.70000,4.31917,24.93936,18.90236
91-1,1783321798.143835,2026-07-06T14:09:58.143835,5.08725,1.28080,6.51576,13.06000,5.73892,5.05205,1.25614,6.34609,12.77000,5.32735,5.02769,1.20902,6.07859,11.96000,5.41321,5.07074,1.13968,5.77904,11.54000,4.89776,24.71948,21.37724
91-1,1783321798.243953,2026-07-06T14:09:58.243953,5.08752,1.27592,6.49126,13.01000,6.38881,5.05311,1.23270,6.22899,12.53000,5.95098,5.02620,1.23539,6.20932,12.22000,6.03487,5.06984,1.15751,5.86837,11.72000,5.48529,24.79794,23.85996
91-1,1783321798.344071,2026-07-06T14:09:58.344071,5.08757,1.27494,6.48636,13.00000,7.03821,5.04791,1.25932,6.35691,12.80000,6.58743,5.03020,1.23539,6.21426,12.22000,6.65703,5.07829,1.14847,5.83228,11.63000,6.06921,24.88981,26.35189
91-1,1783321798.444190,2026-07-06T14:09:58.444190,5.09157,1.27494,6.49146,13.00000,7.68813,5.05591,1.25932,6.36698,12.80000,7.22488,5.02660,1.22831,6.17422,12.15000,7.27519,5.07429,1.14847,5.82769,11.63000,6.65267,24.86035,28.84087
91-1,1783321798.544308,2026-07-06T14:09:58.544308,5.08752,1.27592,6.49126,13.01000,8.33803,5.05201,1.25712,6.35097,12.78000,7.86073,5.02609,1.23734,6.21900,12.24000,7.89783,5.07759,1.16239,5.90213,11.77000,7.24358,24.96336,31.34017
91-1,1783321798.644427,2026-07-06T14:09:58.644427,5.09152,1.27592,6.49636,13.01000,8.98843,5.05249,1.24638,6.29731,12.67000,8.49121,5.02586,1.24149,6.23957,12.28000,8.52252,5.07824,1.14945,5.83718,11.64000,7.82799,24.87042,33.83015
91-1,1783321798.744545,2026-07-06T14:09:58.744545,5.08683,1.28861,6.55495,13.14000,9.64470,5.05178,1.26225,6.37658,12.83000,9.12962,5.02586,1.24149,6.23957,12.28000,9.14722,5.06964,1.16141,5.88794,11.76000,8.41749,25.05904,36.33903
91-1,1783321798.844664,2026-07-06T14:09:58.844664,5.08624,1.29936,6.60884,13.25000,10.30637,5.04778,1.26225,6.37153,12.83000,9.76753,5.02706,1.22025,6.13428,12.07000,9.76138,5.07829,1.14847,5.83228,11.76000,9.00141,24.94693,38.83668
91-1,1783321798.944782,2026-07-06T14:09:58.944782,5.09536,1.27885,6.51619,13.04000,10.95876,5.05289,1.23759,6.25339,12.58000,10.39361,5.02592,1.24052,6.23473,12.27000,10.38558,5.07029,1.14847,5.82309,11.63000,9.58440,24.82740,41.32235
91-1,1783321799.044902,2026-07-06T14:09:59.044902,5.08736,1.27885,6.50596,13.04000,11.61013,5.05147,1.26908,6.41072,12.90000,11.03545,5.02740,1.21415,6.10401,12.01000,10.99671,5.07349,1.16434,5.90728,11.79000,10.17584,24.92797,43.81813
91-1,1783321799.145020,2026-07-06T14:09:59.145020,5.08693,1.28666,6.54515,13.12000,12.26542,5.05560,1.26615,6.40116,12.87000,11.67632,5.02340,1.21415,6.09916,12.01000,11.60735,5.07454,1.14359,5.80319,11.58000,10.75684,24.84866,46.30594
91-1,1783321799.245138,2026-07-06T14:09:59.245138,5.08672,1.29057,6.56475,13.16000,12.92268,5.04760,1.26615,6.39103,12.87000,12.31618,5.02958,1.24638,6.26875,12.33000,12.23497,5.07349,1.16434,5.90728,11.79000,11.34827,25.13181,48.82209
91-1,1783321799.345257,2026-07-06T14:09:59.345257,5.09094,1.21317,6.17619,12.37000,13.54103,5.06001,1.25712,6.36103,12.78000,12.95304,5.03084,1.22416,6.15854,12.11000,12.85155,5.07349,1.16434,5.90728,11.79000,11.93970,24.60304,51.28531
91-1,1783321799.445375,2026-07-06T14:09:59.445375,5.08294,1.21317,6.16648,12.37000,14.15841,5.07626,0.89822,4.55960,9.13000,13.40954,5.06315,0.86428,4.37600,8.55000,13.28967,5.08155,0.84744,4.30630,8.58000,12.37084,19.40838,53.22845
91-1,1783321799.545494,2026-07-06T14:09:59.545494,5.09043,0.85598,4.35732,8.73000,14.59465,5.05532,1.00735,5.09250,10.24000,13.91939,5.04315,0.86428,4.35871,8.55000,13.72606,5.08261,0.82669,4.20172,8.37000,12.79151,18.01025,55.03161
92-1,1783321799.645582,2026-07-06T14:09:59.645582,5.07036,1.22391,6.20568,12.48000,0.62111,5.05932,1.00735,5.09653,10.24000,0.51010,5.03031,1.09183,5.49224,10.80000,0.54971,5.06153,1.24247,6.28880,12.58000,0.62943,23.08325,2.31036
92-1,1783321799.745699,2026-07-06T14:09:59.745699,5.08501,1.32182,6.72146,13.48000,1.29405,5.04835,1.33793,6.75434,13.60000,1.18633,5.01781,1.31327,6.58975,12.99000,1.20946,5.06553,1.24247,6.29377,12.58000,1.25955,26.35932,4.94938
92-1,1783321799.845817,2026-07-06T14:09:59.845817,5.08101,1.32182,6.71618,13.48000,1.96645,5.04599,1.38993,7.01360,14.13000,1.88851,5.02860,1.19291,5.99866,11.80000,1.81002,5.08553,1.24247,6.31862,12.58000,1.89215,26.04706,7.55714
92-1,1783321799.945934,2026-07-06T14:09:59.945934,5.08988,1.23270,6.27431,12.57000,2.59462,5.07292,0.97195,4.93064,9.88000,2.38215,5.02460,1.19291,5.99389,11.80000,2.41012,5.10766,0.80593,4.11643,8.16000,2.30428,21.31527,9.69117
92-1,1783321800.046000,2026-07-06T14:10:00.046000,5.08876,1.25321,6.37729,12.78000,3.23277,5.06092,0.97195,4.91898,9.88000,2.87437,5.03140,1.07254,5.39639,10.61000,2.95011,5.05805,1.15336,5.83373,11.68000,2.88803,22.52639,11.94528
92-1,1783321800.146118,2026-07-06T14:10:00.146118,5.08897,1.24931,6.35768,12.74000,3.86929,5.05348,1.22465,6.18873,12.45000,3.49398,5.02437,1.19706,6.01446,11.84000,3.55227,5.07805,1.15336,5.85679,11.68000,3.47440,24.41766,14.38993
93-1,1783321800.246237,2026-07-06T14:10:00.246237,5.08731,1.27982,6.51086,13.05000,0.65186,5.05201,1.25712,6.35097,12.78000,0.63586,5.02592,1.24052,6.23473,12.27000,0.62422,5.06984,1.15751,5.86837,11.72000,0.58754,24.96493,2.49947
93-1,1783321800.346357,2026-07-06T14:10:00.346357,5.08331,1.27982,6.50574,13.05000,1.30322,5.04786,1.34867,6.80792,13.71000,1.31746,5.02592,1.24052,6.23473,12.27000,1.24844,5.07410,1.15238,5.84728,11.67000,1.17296,25.39567,5.04208
93-1,1783321800.446473,2026-07-06T14:10:00.446473,5.08912,1.31986,6.71695,13.46000,1.97569,5.05186,1.34867,6.81331,13.71000,1.99959,5.03359,1.31718,6.63014,13.03000,1.91222,5.07249,1.18412,6.00642,11.99000,1.77431,26.16682,7.66181
93-1,1783321800.546592,2026-07-06T14:10:00.546592,5.09730,1.16996,5.96362,11.93000,2.57276,5.05738,0.87356,4.41793,8.88000,2.44190,5.03961,0.92703,4.67187,9.17000,2.37996,5.06598,1.15458,5.84907,11.69000,2.35991,20.90249,9.75454
93-1,1783321800.646711,2026-07-06T14:10:00.646711,5.08797,1.19437,6.07693,12.18000,3.18118,5.04041,1.24833,6.29209,12.69000,3.07186,5.02495,1.18680,5.96363,11.74000,2.97704,5.07398,1.15458,5.85830,11.69000,2.94644,24.19095,12.17651
93-1,1783321800.746833,2026-07-06T14:10:00.746833,5.08797,1.19437,6.07693,12.18000,3.78961,5.05610,1.25517,6.34624,12.76000,3.70726,5.01831,1.23344,6.18977,12.20000,3.59677,5.07289,1.09720,5.56599,11.11000,3.50371,24.17893,14.59736
93-1,1783321800.846952,2026-07-06T14:10:00.846952,5.08806,1.26591,6.44102,12.91000,4.43448,5.05210,1.25517,6.34122,12.76000,4.34214,5.02631,1.23344,6.19964,12.20000,4.21747,5.07039,1.14652,5.81330,11.61000,4.08574,24.79518,17.07982
93-1,1783321800.947069,2026-07-06T14:10:00.947069,5.08785,1.26981,6.46063,12.95000,5.08130,5.05302,1.23466,6.23875,12.55000,4.96674,5.02786,1.20609,6.06406,11.93000,4.82459,5.07374,1.15946,5.88279,11.74000,4.67470,24.64623,19.54734
93-1,1783321801.047189,2026-07-06T14:10:01.047189,5.08865,1.25517,6.38710,12.80000,5.72078,5.05254,1.24540,6.29243,12.66000,5.59674,5.02592,1.24052,6.23473,12.27000,5.44881,5.07374,1.15946,5.88279,11.74000,5.26369,24.79705,22.03001
93-1,1783321801.147308,2026-07-06T14:10:01.147308,5.08865,1.25517,6.38710,12.80000,6.36025,5.05605,1.25614,6.35112,12.77000,6.23261,5.03431,1.23344,6.20951,12.20000,6.07050,5.06984,1.15751,5.86837,11.72000,5.85123,24.81610,24.51458
93-1,1783321801.247428,2026-07-06T14:10:01.247428,5.09179,1.27103,6.47184,12.96000,7.00821,5.05205,1.25614,6.34609,12.77000,6.86798,5.02631,1.23344,6.19964,12.20000,6.69121,5.07029,1.14847,5.82309,11.63000,6.43423,24.84066,27.00162
93-1,1783321801.347585,2026-07-06T14:10:01.347585,5.08822,1.26298,6.42632,12.88000,7.65185,5.05263,1.24345,6.28267,12.64000,7.49723,5.02735,1.21512,6.10886,12.02000,7.30305,5.07774,1.15946,5.88743,11.74000,7.02390,24.70528,29.47604
93-1,1783321801.447706,2026-07-06T14:10:01.447706,5.08640,1.29643,6.59414,13.22000,8.31206,5.05245,1.24735,6.30219,12.68000,8.12821,5.02598,1.23930,6.22868,12.26000,7.92667,5.06974,1.15946,5.87815,11.74000,7.61242,25.00316,31.97936
93-1,1783321801.547825,2026-07-06T14:10:01.547825,5.09147,1.27689,6.50126,13.02000,8.96296,5.05596,1.25810,6.36088,12.79000,8.76506,5.02706,1.22025,6.13428,12.07000,8.54083,5.07444,1.14554,5.81299,11.60000,8.19441,24.80941,34.46326
93-1,1783321801.647944,2026-07-06T14:10:01.647944,5.08747,1.27689,6.49616,13.02000,9.61335,5.05196,1.25810,6.35585,12.79000,9.40140,5.02706,1.22025,6.13428,12.07000,9.15499,5.07364,1.16141,5.89259,11.76000,8.78438,24.87888,36.95412
93-1,1783321801.748065,2026-07-06T14:10:01.748065,5.08315,1.28275,6.52043,13.08000,10.26618,5.04894,1.23661,6.24357,12.57000,10.02651,5.02952,1.24760,6.27481,12.34000,9.78323,5.07415,1.15140,5.84238,11.66000,9.36932,24.88119,39.44523
93-1,1783321801.848184,2026-07-06T14:10:01.848184,5.08401,1.26688,6.44085,12.92000,10.91103,5.04742,1.27006,6.41052,12.91000,10.66833,5.02969,1.24442,6.25907,12.31000,10.40988,5.07369,1.16044,5.88769,11.75000,9.95879,24.99813,41.94803
93-1,1783321801.948304,2026-07-06T14:10:01.948304,5.08224,1.29936,6.60364,13.25000,11.57219,5.05169,1.26420,6.38634,12.85000,11.30773,5.02631,1.23344,6.19964,12.20000,11.03059,5.07369,1.16044,5.88769,11.75000,10.54826,25.07731,44.45876
93-1,1783321802.048421,2026-07-06T14:10:02.048421,5.09024,1.29936,6.61403,13.25000,12.23437,5.05169,1.26420,6.38634,12.85000,11.94711,5.03031,1.23344,6.20457,12.20000,11.65177,5.07379,1.15848,5.87789,11.73000,11.13674,25.08283,46.97000
93-1,1783321802.148539,2026-07-06T14:10:02.148539,5.08540,1.24149,6.31348,12.66000,12.86646,5.05419,1.20902,6.11062,12.29000,12.55889,5.02889,1.18778,5.97322,11.75000,12.24980,5.07419,1.15043,5.83748,11.65000,11.72118,24.23480,49.39634
93-1,1783321802.248658,2026-07-06T14:10:02.248658,5.08299,1.28568,6.53511,13.11000,13.52075,5.05280,1.23954,6.26315,12.60000,13.18595,5.02569,1.24442,6.25409,12.31000,12.87595,5.06944,1.16532,5.90751,11.80000,12.31263,24.95986,51.89528
93-1,1783321802.348776,2026-07-06T14:10:02.348776,5.08619,1.30033,6.61373,13.26000,14.18290,5.05551,1.26811,6.41092,12.89000,13.82780,5.02718,1.21805,6.12338,12.05000,13.48901,5.07344,1.16532,5.91217,11.80000,12.90455,25.06020,54.40427
93-1,1783321802.448894,2026-07-06T14:10:02.448894,5.08219,1.30033,6.60853,13.26000,14.84453,5.05551,1.26811,6.41092,12.89000,14.46965,5.02718,1.21805,6.12338,12.05000,14.10207,5.07349,1.16434,5.90728,11.79000,13.49597,25.05011,56.91223
94-1,1783321802.549033,2026-07-06T14:10:02.549033,5.08822,1.26298,6.42632,12.88000,0.64352,5.05201,1.25712,6.35097,12.78000,0.63598,5.02575,1.24345,6.24925,12.30000,0.62579,5.07469,1.14066,5.78849,11.55000,0.57965,24.81503,2.48495
94-1,1783321802.649149,2026-07-06T14:10:02.649149,5.08592,1.30522,6.63822,13.31000,1.30812,5.04813,1.34281,6.77870,13.65000,1.31464,5.02181,1.31327,6.59500,12.99000,1.28606,5.06128,1.24735,6.31320,12.63000,1.21171,26.32512,5.12053
94-1,1783321802.749269,2026-07-06T14:10:02.749269,5.08218,1.37382,6.98200,14.01000,2.00716,5.04394,1.43535,7.23980,14.59000,2.03949,5.02261,1.36991,6.88055,13.55000,1.97494,5.07328,1.24735,6.32817,12.63000,1.84528,27.43052,7.86687
94-1,1783321802.849387,2026-07-06T14:10:02.849387,5.10462,1.10916,5.66186,11.31000,2.57401,5.05994,1.43535,7.26276,14.59000,2.76662,5.03061,1.36991,6.89151,13.55000,2.66490,5.07235,1.10794,5.61988,11.22000,2.40793,25.43601,10.41346
94-1,1783321802.949506,2026-07-06T14:10:02.949506,5.08862,1.10916,5.64411,11.31000,3.13909,5.06168,0.95511,4.83445,9.71000,3.25064,5.04259,0.94510,4.76574,9.35000,3.14204,5.07160,1.04373,5.29340,10.57000,2.93790,20.53770,12.46967
94-1,1783321803.049624,2026-07-06T14:10:03.049624,5.09115,1.28275,6.53069,13.08000,3.79293,5.04872,1.24149,6.26794,12.62000,3.87817,5.02615,1.23637,6.21416,12.23000,3.76420,5.06584,1.15751,5.86374,11.72000,3.52497,24.87653,14.96027
94-1,1783321803.149743,2026-07-06T14:10:03.149743,5.09152,1.27592,6.49636,13.01000,4.44334,5.05298,1.23563,6.24363,12.56000,4.50328,5.03146,1.21317,6.10402,12.00000,4.37532,5.07389,1.15653,5.86810,11.71000,4.11248,24.71211,17.43443
94-1,1783321803.249862,2026-07-06T14:10:03.249862,5.08347,1.27689,6.49105,13.02000,5.09322,5.04898,1.23563,6.23869,12.56000,5.12789,5.02346,1.21317,6.09432,12.00000,4.98548,5.07389,1.15653,5.86810,11.71000,4.69999,24.69216,19.90657
94-1,1783321803.349980,2026-07-06T14:10:03.349980,5.08747,1.27689,6.49616,13.02000,5.74360,5.05586,1.26029,6.37187,12.81000,5.76583,5.02620,1.23539,6.20932,12.22000,5.60715,5.07049,1.14457,5.80351,11.59000,5.28102,24.88086,22.39760
94-1,1783321803.450098,2026-07-06T14:10:03.450098,5.08379,1.27103,6.46167,12.96000,6.39053,5.05586,1.26029,6.37187,12.81000,6.40377,5.02586,1.24149,6.23957,12.28000,6.23184,5.06974,1.15946,5.87815,11.74000,5.86953,24.95126,24.89567
94-1,1783321803.550215,2026-07-06T14:10:03.550215,5.09150,1.12967,5.75173,11.52000,6.96638,5.05407,1.12333,5.67736,11.42000,6.97217,5.03449,1.08866,5.48083,10.77000,6.78056,5.08325,1.12967,5.74241,11.44000,6.44444,22.65233,27.16354
94-1,1783321803.650333,2026-07-06T14:10:03.650333,5.08720,1.28178,6.52066,13.07000,7.61921,5.05407,1.12333,5.67736,11.42000,7.54057,5.03049,1.08866,5.47647,10.77000,7.32885,5.07525,1.12967,5.73337,11.44000,7.01846,23.40786,29.50709
94-1,1783321803.750452,2026-07-06T14:10:03.750452,5.08720,1.28178,6.52066,13.07000,8.27205,5.05196,1.25810,6.35585,12.79000,8.17691,5.02598,1.23930,6.22868,12.26000,7.95246,5.06964,1.16141,5.88794,11.76000,7.60795,24.99313,32.00937
94-1,1783321803.850571,2026-07-06T14:10:03.850571,5.08720,1.28178,6.52066,13.07000,8.92489,5.05294,1.23661,6.24851,12.57000,8.80251,5.02724,1.21708,6.11854,12.04000,8.56504,5.06989,1.15653,5.86347,11.71000,8.19499,24.75118,34.48744
94-1,1783321803.950689,2026-07-06T14:10:03.950689,5.08715,1.28275,6.52556,13.08000,9.57822,5.05160,1.26615,6.39609,12.87000,9.44287,5.02552,1.24760,6.26982,12.34000,9.19277,5.07354,1.16337,5.90238,11.78000,8.78593,25.09385,36.99980
94-1,1783321804.050806,2026-07-06T14:10:04.050806,5.08645,1.29545,6.58924,13.21000,10.23792,5.05560,1.26615,6.40116,12.87000,10.08374,5.02992,1.24052,6.23969,12.27000,9.81747,5.06954,1.16337,5.89773,11.78000,9.37639,25.12782,39.51552
94-1,1783321804.150924,2026-07-06T14:10:04.150924,5.08747,1.27689,6.49616,13.21000,10.88830,5.05201,1.25712,6.35097,12.78000,10.71959,5.02192,1.24052,6.22977,12.27000,10.44118,5.07369,1.16044,5.88769,11.75000,9.96586,24.96459,42.01493
94-1,1783321804.251041,2026-07-06T14:10:04.251041,5.09147,1.27689,6.50126,13.02000,11.53919,5.04863,1.24345,6.27770,12.64000,11.34809,5.02986,1.24149,6.24454,12.28000,11.06637,5.07369,1.16044,5.88769,11.75000,10.55532,24.91119,44.50896
94-1,1783321804.351160,2026-07-06T14:10:04.351160,5.08688,1.28764,6.55005,13.13000,12.19497,5.04769,1.26420,6.38128,12.85000,11.98698,5.02975,1.24345,6.25422,12.30000,11.69253,5.07354,1.16337,5.90238,11.78000,11.14626,25.08793,47.02073
94-1,1783321804.451279,2026-07-06T14:10:04.451279,5.08833,1.26102,6.41651,12.86000,12.83738,5.05298,1.23563,6.24363,12.85000,12.61208,5.02226,1.23441,6.19954,12.21000,12.31322,5.07789,1.15653,5.87272,11.71000,11.73422,24.73240,49.49691
94-1,1783321804.551397,2026-07-06T14:10:04.551397,5.08651,1.29447,6.58435,13.20000,13.49659,5.04898,1.23563,6.23869,12.56000,13.23669,5.02626,1.23441,6.20448,12.21000,12.93440,5.06989,1.15653,5.86347,11.71000,12.32126,24.89099,51.98894
94-1,1783321804.651515,2026-07-06T14:10:04.651515,5.08651,1.29447,6.58435,13.20000,14.15581,5.05147,1.26908,6.41072,12.90000,13.87851,5.02552,1.24760,6.26982,12.34000,13.56212,5.06924,1.16923,5.92709,11.84000,12.91467,25.19198,54.51112
94-1,1783321804.751633,2026-07-06T14:10:04.751633,5.08720,1.28178,6.52066,13.07000,14.80865,5.05218,1.25321,6.33146,12.74000,14.51241,5.02631,1.23344,6.19964,12.20000,14.18282,5.07049,1.14457,5.80351,11.59000,13.49571,24.85527,56.99959
94-1,1783321804.851752,2026-07-06T14:10:04.851752,5.08645,1.29545,6.58924,13.21000,15.46835,5.05133,1.27201,6.42535,12.93000,15.15571,5.02552,1.24760,6.26982,12.34000,14.81055,5.06929,1.16825,5.92219,11.83000,14.08863,25.20660,59.52324
94-1,1783321804.951870,2026-07-06T14:10:04.951870,5.08613,1.30131,6.61863,13.27000,16.13100,5.05933,1.27201,6.43553,12.93000,15.80002,5.02952,1.24760,6.27481,12.34000,15.43877,5.06929,1.16825,5.92219,11.83000,14.68155,25.25116,62.05135
94-1,1783321805.051990,2026-07-06T14:10:05.051990,5.09013,1.30131,6.62384,13.27000,16.79417,5.05182,1.26127,6.37170,12.82000,16.43795,5.02592,1.24052,6.23473,12.27000,16.06299,5.07329,1.16825,5.92687,11.83000,15.27495,25.15714,64.57007
94-1,1783321805.152108,2026-07-06T14:10:05.152108,5.08715,1.28275,6.52556,13.08000,17.44750,5.05138,1.27103,6.42048,12.92000,17.08076,5.02552,1.24760,6.26982,12.34000,16.69072,5.07354,1.16337,5.90238,11.78000,15.86589,25.11824,67.08487
94-1,1783321805.252227,2026-07-06T14:10:05.252227,5.08608,1.30229,6.62353,13.28000,18.11064,5.05578,1.26225,6.38163,12.83000,17.71968,5.02518,1.25346,6.29885,12.40000,17.32135,5.06924,1.16923,5.92709,11.84000,16.45930,25.23110,69.61097
94-1,1783321805.352344,2026-07-06T14:10:05.352344,5.08992,1.30522,6.64344,13.31000,18.77576,5.05178,1.26225,6.37658,12.83000,18.35809,5.03318,1.25346,6.30888,12.40000,17.95297,5.07324,1.16923,5.93176,11.84000,17.05317,25.26066,72.13999
94-1,1783321805.452462,2026-07-06T14:10:05.452462,5.08592,1.30522,6.63822,13.31000,19.44037,5.05458,1.20023,6.06667,12.20000,18.96547,5.03580,1.20707,6.07856,11.94000,18.56155,5.08055,1.10404,5.60911,11.18000,17.61474,24.39256,74.58214
94-1,1783321805.552581,2026-07-06T14:10:05.552581,5.08673,1.21708,6.19095,12.41000,20.06020,5.05182,1.26127,6.37170,12.82000,19.60340,5.03341,1.24955,6.28949,12.36000,19.19124,5.07824,1.14945,5.83718,11.64000,18.19915,24.68932,77.05399
94-1,1783321805.652700,2026-07-06T14:10:05.652700,5.08656,1.29350,6.57945,13.19000,20.71893,5.05151,1.26811,6.40585,12.89000,20.24475,5.02101,1.25663,6.30955,12.43000,19.82295,5.06914,1.17118,5.93687,11.86000,18.79355,25.23172,79.58018
94-1,1783321805.752819,2026-07-06T14:10:05.752819,5.08715,1.28275,6.52556,13.08000,21.37226,5.05151,1.26811,6.40585,12.89000,20.88609,5.02901,1.25663,6.31960,12.43000,20.45566,5.07309,1.17215,5.94645,11.86000,19.38890,25.19746,82.10292
94-1,1783321805.852937,2026-07-06T14:10:05.852937,5.09454,1.14725,5.84472,11.70000,21.95742,5.04724,1.27396,6.43001,12.95000,21.52985,5.02992,1.24052,6.23969,12.27000,21.08037,5.08109,1.17215,5.95583,11.87000,19.98519,24.47025,84.55283
94-1,1783321805.953056,2026-07-06T14:10:05.953056,5.09054,1.14725,5.84013,11.70000,22.54213,5.04814,1.25419,6.33132,12.75000,22.16374,5.02918,1.25346,6.30386,12.40000,21.71150,5.07424,1.14945,5.83259,11.64000,20.56914,24.30790,86.98651
94-1,1783321806.053174,2026-07-06T14:10:06.053174,5.08725,1.28080,6.51576,13.06000,23.19448,5.05142,1.27006,6.41560,12.91000,22.80605,5.02552,1.24760,6.26982,12.34000,22.33922,5.07354,1.16337,5.90238,11.78000,21.16007,25.10356,89.49982
94-1,1783321806.153291,2026-07-06T14:10:06.153291,5.08581,1.30717,6.64802,13.33000,23.86006,5.05142,1.27006,6.41560,12.91000,23.44837,5.02552,1.24760,6.26982,12.34000,22.96694,5.07304,1.17313,5.95135,11.88000,21.75591,25.28479,92.03127
94-1,1783321806.253409,2026-07-06T14:10:06.253409,5.08635,1.29740,6.59904,13.23000,24.52074,5.05169,1.26420,6.38634,12.85000,24.08776,5.02530,1.25150,6.28917,12.38000,23.59660,5.07304,1.17313,5.95135,11.88000,22.35174,25.22590,94.55684
94-1,1783321806.353527,2026-07-06T14:10:06.353527,5.08635,1.29740,6.59904,13.23000,25.18142,5.05133,1.27201,6.42535,12.93000,24.73105,5.02524,1.25248,6.29401,12.39000,24.22674,5.07309,1.17215,5.94645,11.87000,22.94709,25.26485,97.08630
94-1,1783321806.453645,2026-07-06T14:10:06.453645,5.08224,1.29936,6.60364,13.25000,25.84257,5.05524,1.27396,6.44020,12.95000,25.37583,5.02164,1.24540,6.25395,12.32000,24.85288,5.07299,1.17411,5.95624,11.89000,23.54342,25.25403,99.61469
94-1,1783321806.553765,2026-07-06T14:10:06.553765,5.08309,1.28373,6.52532,13.09000,26.49588,5.05524,1.27396,6.44020,12.95000,26.02062,5.02964,1.24540,6.26391,12.32000,25.48002,5.07734,1.16727,5.92664,11.82000,24.13679,25.15607,102.13330
94-1,1783321806.653884,2026-07-06T14:10:06.653884,5.08965,1.31010,6.66795,13.36000,27.16347,5.04845,1.24735,6.29720,12.68000,26.65109,5.02541,1.24955,6.27949,12.36000,26.10872,5.07334,1.16727,5.92197,11.82000,24.72969,25.16661,104.65298
94-1,1783321806.754004,2026-07-06T14:10:06.754004,5.08965,1.31010,6.66795,13.36000,27.83106,5.04724,1.27396,6.43001,12.95000,27.29486,5.02501,1.25663,6.31457,12.43000,26.74093,5.07283,1.17728,5.97216,11.92000,25.32762,25.38469,107.19447
94-1,1783321806.854122,2026-07-06T14:10:06.854122,5.08645,1.29545,6.58924,13.21000,28.49076,5.05524,1.27396,6.44020,12.95000,27.93964,5.03279,1.26054,6.34401,12.47000,27.37608,5.07294,1.17508,5.96114,11.90000,25.92444,25.33459,109.73093
94-1,1783321806.954240,2026-07-06T14:10:06.954240,5.08597,1.30424,6.63333,13.30000,29.15488,5.05924,1.27396,6.44530,12.95000,28.58493,5.02479,1.26054,6.33393,12.47000,28.01022,5.07304,1.17313,5.95135,11.88000,26.52028,25.36391,112.27030
94-1,1783321807.054358,2026-07-06T14:10:07.054358,5.08533,1.31596,6.69209,13.42000,29.82488,5.05596,1.25810,6.36088,12.79000,29.22177,5.03415,1.23637,6.22405,12.23000,28.63336,5.07304,1.17313,5.95135,11.88000,27.11612,25.22837,114.79613
94-1,1783321807.154476,2026-07-06T14:10:07.154476,5.09488,1.28764,6.56035,13.13000,30.48169,5.05502,1.27885,6.46461,13.00000,29.86900,5.02490,1.25858,6.32425,12.45000,29.26653,5.07283,1.17728,5.97216,11.92000,27.71404,25.32137,117.33126
94-1,1783321807.254595,2026-07-06T14:10:07.254595,5.08688,1.28764,6.55005,13.13000,31.13747,5.04711,1.27689,6.44463,12.98000,30.51422,5.02490,1.25858,6.32425,12.45000,29.89971,5.07314,1.17118,5.94156,11.86000,28.30890,25.26049,119.86030
94-1,1783321807.354713,2026-07-06T14:10:07.354713,5.08651,1.29447,6.58435,13.20000,31.79669,5.05511,1.27689,6.45484,12.98000,31.16047,5.02524,1.25248,6.29401,12.39000,30.52985,5.07273,1.17924,5.98195,11.94000,28.90780,25.31515,122.39482
94-1,1783321807.454832,2026-07-06T14:10:07.454832,5.08635,1.29740,6.59904,13.23000,32.45737,5.04711,1.27689,6.44463,12.98000,31.80570,5.03324,1.25248,6.30403,12.39000,31.16100,5.06859,1.18216,5.99190,11.97000,29.50770,25.33960,124.93178
94-1,1783321807.554949,2026-07-06T14:10:07.554949,5.08213,1.30131,6.61343,13.27000,33.11949,5.04707,1.27787,6.44950,12.99000,32.45140,5.02895,1.25761,6.32444,12.44000,31.79419,5.06859,1.18216,5.99190,11.97000,30.10759,25.37927,127.47267
94-1,1783321807.655067,2026-07-06T14:10:07.655067,5.07813,1.30131,6.60822,13.27000,33.78109,5.05894,1.28080,6.47949,13.02000,33.10012,5.02866,1.26273,6.34986,12.49000,32.42992,5.06864,1.18119,5.98701,11.96000,30.70700,25.42458,130.01814
94-1,1783321807.755122,2026-07-06T14:10:07.755122,5.08245,1.29545,6.58406,13.21000,34.43986,5.04694,1.28080,6.46412,13.02000,33.74689,5.02472,1.26176,6.33997,12.48000,33.06427,5.06859,1.18216,5.99190,11.97000,31.30653,25.38005,132.55755
94-1,1783321807.855242,2026-07-06T14:10:07.855242,5.08245,1.29545,6.58406,13.21000,35.09906,5.05885,1.28275,6.48926,13.04000,34.39659,5.02872,1.26176,6.34502,12.48000,33.69954,5.07688,1.17631,5.97197,11.91000,31.90444,25.39031,135.09963
94-1,1783321807.955359,2026-07-06T14:10:07.955359,5.07856,1.29350,6.56910,13.19000,35.75674,5.05960,1.26615,6.40622,12.87000,35.03796,5.02444,1.26664,6.36416,12.53000,34.33670,5.06888,1.17631,5.96255,11.91000,32.50139,25.30203,137.63279
94-1,1783321808.055478,2026-07-06T14:10:08.055478,5.08256,1.29350,6.57427,13.19000,36.41494,5.05098,1.27982,6.46437,13.01000,35.68517,5.02564,1.24540,6.25893,12.32000,34.96333,5.06904,1.17313,5.94666,11.88000,33.09676,25.24423,140.16020
94-1,1783321808.155596,2026-07-06T14:10:08.155596,5.09035,1.29740,6.60423,13.23000,37.07615,5.05098,1.27982,6.46437,13.01000,36.33237,5.02850,1.26566,6.36438,12.52000,35.60052,5.06864,1.18119,5.98701,11.96000,33.69617,25.41999,142.70521
95-1,1783321808.255735,2026-07-06T14:10:08.255735,5.09244,1.25907,6.41174,12.84000,0.64206,5.04671,1.28568,6.48848,13.07000,0.64975,5.03250,1.26566,6.36945,12.52000,0.63783,5.07683,1.17728,5.97686,11.92000,0.59851,25.24653,2.52815
95-1,1783321808.355851,2026-07-06T14:10:08.355851,5.07275,1.32670,6.73002,13.53000,1.31585,5.04395,1.34672,6.79279,13.69000,1.32982,5.01746,1.31938,6.61992,13.05000,1.30059,5.07283,1.17728,5.97216,11.92000,1.19643,26.11489,5.14268
95-1,1783321808.455969,2026-07-06T14:10:08.455969,5.09976,1.12479,5.73616,11.47000,1.89014,5.07671,0.88821,4.50919,9.03000,1.78127,5.03681,0.97659,4.91891,9.66000,1.79306,5.07498,1.29276,6.56075,13.09000,1.85328,21.72501,7.31775
95-1,1783321808.556088,2026-07-06T14:10:08.556088,5.08776,1.12479,5.72267,11.47000,2.46309,5.05671,0.88821,4.49143,9.03000,2.23095,5.01009,1.23734,6.19920,12.24000,2.41372,5.07524,1.05081,5.33313,10.64000,2.38722,21.74643,9.49498
95-1,1783321808.656206,2026-07-06T14:10:08.656206,5.08672,1.29057,6.56475,13.16000,3.12034,5.04916,1.23173,6.21918,12.52000,2.85360,5.02609,1.23734,6.21900,12.24000,3.03635,5.06989,1.15653,5.86347,11.71000,2.97426,24.86640,11.98454
95-1,1783321808.756324,2026-07-06T14:10:08.756324,5.08699,1.28568,6.54026,13.11000,3.77513,5.04863,1.24345,6.27770,12.64000,3.48211,5.03009,1.23734,6.22395,12.24000,3.65948,5.07379,1.15848,5.87789,11.73000,3.56274,24.91980,14.47946
95-1,1783321808.856442,2026-07-06T14:10:08.856442,5.09061,1.29252,6.57972,13.18000,4.43388,5.05201,1.25712,6.35097,12.78000,4.11795,5.03175,1.20804,6.07858,11.95000,4.26806,5.06979,1.15848,5.87326,11.73000,4.15076,24.88253,16.97066
95-1,1783321808.956561,2026-07-06T14:10:08.956561,5.08261,1.29252,6.56938,13.18000,5.09160,5.05601,1.25712,6.35600,12.78000,4.75431,5.02592,1.24052,6.23473,12.27000,4.89227,5.07484,1.13773,5.77380,11.52000,4.72883,24.93391,19.46701
95-1,1783321809.056680,2026-07-06T14:10:09.056680,5.08352,1.27592,6.48615,13.01000,5.74099,5.05205,1.25614,6.34609,12.77000,5.38967,5.03392,1.24052,6.24465,12.27000,5.51748,5.07384,1.15751,5.87300,11.72000,5.31683,24.94989,21.96497
95-1,1783321809.156798,2026-07-06T14:10:09.156798,5.08352,1.27592,6.48615,13.01000,6.39037,5.05307,1.23368,6.23387,12.54000,6.01380,5.01849,1.23026,6.17406,12.17000,6.13562,5.07079,1.13871,5.77414,11.53000,5.89492,24.66822,24.43471
95-1,1783321809.256915,2026-07-06T14:10:09.256915,5.09083,1.21512,6.18600,12.39000,7.00970,5.05454,1.20121,6.07156,12.21000,6.62166,5.01946,1.21317,6.08947,12.00000,6.74528,5.07079,1.13871,5.77414,11.53000,6.47301,24.12117,26.84965
95-1,1783321809.357033,2026-07-06T14:10:09.357033,5.08283,1.21512,6.17628,12.39000,7.62805,5.05054,1.20121,6.06675,12.21000,7.22906,5.02295,1.22221,6.13907,12.09000,7.35991,5.06840,1.10697,5.61055,11.21000,7.03473,23.99265,29.25174
95-1,1783321809.457150,2026-07-06T14:10:09.457150,5.09157,1.27494,6.49146,13.00000,8.27796,5.05196,1.25810,6.35585,12.79000,7.86539,5.02295,1.22221,6.13907,12.09000,7.97453,5.06569,1.16044,5.87841,11.75000,7.62326,24.86479,31.74114
95-1,1783321809.557267,2026-07-06T14:10:09.557267,5.09157,1.27494,6.49146,13.00000,8.92787,5.05186,1.26029,6.36683,12.81000,8.50281,5.03381,1.24247,6.25435,12.29000,8.60070,5.07429,1.14847,5.82769,11.63000,8.20671,24.94033,34.23809
95-1,1783321809.657384,2026-07-06T14:10:09.657384,5.08277,1.28959,6.55469,13.15000,9.58410,5.05307,1.23368,6.23387,12.54000,9.12693,5.03381,1.24247,6.25435,12.29000,9.22687,5.07429,1.14847,5.82769,11.63000,8.79016,24.87060,36.72806
95-1,1783321809.757501,2026-07-06T14:10:09.757501,5.08844,1.25907,6.40671,13.15000,10.22552,5.05307,1.23368,6.23387,12.54000,9.75105,5.02318,1.21805,6.11851,12.05000,9.83943,5.07764,1.16141,5.89723,11.76000,9.38058,24.65632,39.19658
95-1,1783321809.857620,2026-07-06T14:10:09.857620,5.08444,1.25907,6.40167,12.84000,10.86645,5.05542,1.27006,6.42068,12.91000,10.39388,5.02718,1.21805,6.12338,12.05000,10.45250,5.07419,1.15043,5.83748,11.65000,9.96502,24.78321,41.67785
95-1,1783321809.957739,2026-07-06T14:10:09.957739,5.08672,1.29057,6.56475,13.16000,11.52370,5.05582,1.26127,6.37675,12.82000,11.03231,5.02575,1.24345,6.24925,12.30000,11.07817,5.07349,1.16434,5.90728,11.79000,10.55645,25.09803,44.19062
95-1,1783321810.057856,2026-07-06T14:10:10.057856,5.08757,1.27494,6.48636,13.00000,12.17310,5.05227,1.25126,6.32170,12.72000,11.66522,5.02718,1.21805,6.12338,12.05000,11.69122,5.07079,1.13871,5.77414,11.53000,11.13454,24.70558,46.66408
95-1,1783321810.157975,2026-07-06T14:10:10.157975,5.08645,1.29545,6.58924,13.21000,12.83281,5.04827,1.25126,6.31670,12.72000,12.29764,5.02186,1.24149,6.23460,12.28000,12.31542,5.07079,1.13871,5.77414,11.53000,11.71264,24.91468,49.15850
95-1,1783321810.258093,2026-07-06T14:10:10.258093,5.09045,1.29545,6.59443,13.21000,13.49303,5.05147,1.26908,6.41072,12.90000,12.93947,5.02586,1.24149,6.23957,12.28000,12.94012,5.07334,1.16727,5.92197,11.82000,12.30553,25.16669,51.67815
95-1,1783321810.358212,2026-07-06T14:10:10.358212,5.09019,1.30033,6.61894,13.26000,14.15571,5.05272,1.24149,6.27291,12.62000,13.56751,5.01889,1.22318,6.13902,12.10000,13.55475,5.07379,1.15848,5.87789,11.73000,12.89402,24.90876,54.17198
95-1,1783321810.458331,2026-07-06T14:10:10.458331,5.09029,1.29838,6.60913,13.24000,14.81741,5.05164,1.26518,6.39121,12.86000,14.20739,5.02158,1.24638,6.25878,12.33000,14.18137,5.07334,1.16727,5.92197,11.82000,13.48692,25.18109,56.69309
95-1,1783321810.558449,2026-07-06T14:10:10.558449,5.08597,1.30424,6.63333,13.30000,15.48152,5.05164,1.26518,6.39121,12.86000,14.84726,5.02266,1.22733,6.16447,12.14000,14.79855,5.06934,1.16727,5.91730,11.82000,14.07935,25.10631,59.20668
95-1,1783321810.658567,2026-07-06T14:10:10.658567,5.08597,1.30424,6.63333,13.30000,16.14564,5.05289,1.23759,6.25339,12.58000,15.47334,5.02164,1.24540,6.25395,12.32000,15.42468,5.07329,1.16825,5.92687,11.83000,14.67274,25.06754,61.71641
95-1,1783321810.758686,2026-07-06T14:10:10.758686,5.08715,1.28275,6.52556,13.08000,16.79897,5.05160,1.26615,6.39609,12.87000,16.11371,5.02964,1.24540,6.26391,12.32000,16.05182,5.07410,1.15238,5.84728,11.67000,15.25816,25.03284,64.22267
95-1,1783321810.858804,2026-07-06T14:10:10.858804,5.08624,1.29936,6.60884,13.25000,17.46064,5.05249,1.24638,6.29731,12.67000,16.74419,5.02706,1.22025,6.13428,12.07000,16.66597,5.07319,1.17020,5.93666,11.85000,15.85253,24.97709,66.72333
95-1,1783321810.958922,2026-07-06T14:10:10.958922,5.08213,1.30131,6.61343,13.27000,18.12276,5.05249,1.24638,6.29731,12.67000,17.37466,5.02541,1.24955,6.27949,12.36000,17.29466,5.07319,1.17020,5.93666,11.85000,16.44690,25.12689,69.23898
95-1,1783321811.059039,2026-07-06T14:10:11.059039,5.09013,1.30131,6.62384,13.27000,18.78592,5.05555,1.26713,6.40604,12.88000,18.01601,5.02318,1.21805,6.11851,12.05000,17.90722,5.07729,1.16825,5.93154,11.83000,17.04074,25.07993,71.74989
95-1,1783321811.159157,2026-07-06T14:10:11.159157,5.08261,1.29252,6.56938,13.18000,19.44363,5.05672,1.24149,6.27788,12.62000,18.64454,5.02318,1.21805,6.11851,12.05000,18.51980,5.07744,1.16532,5.91684,11.80000,17.63312,24.88261,74.24109
95-1,1783321811.259274,2026-07-06T14:10:11.259274,5.08651,1.29447,6.58435,13.20000,20.10284,5.05142,1.27006,6.41560,12.91000,19.28686,5.02518,1.25346,6.29885,12.40000,19.15042,5.07324,1.16923,5.93176,11.84000,18.22700,25.23056,76.76712
95-1,1783321811.359392,2026-07-06T14:10:11.359392,5.08587,1.30619,6.64312,13.32000,20.76794,5.05542,1.27006,6.42068,12.91000,19.92968,5.02524,1.25248,6.29401,12.39000,19.78057,5.07314,1.17118,5.94156,11.86000,18.82186,25.29937,79.30004
95-1,1783321811.459510,2026-07-06T14:10:11.459510,5.08304,1.28471,6.53022,13.10000,21.42173,5.05223,1.25224,6.32658,12.73000,20.56308,5.02558,1.24638,6.26377,12.33000,20.40768,5.07314,1.17118,5.94156,11.86000,19.41671,25.06213,81.80920
95-1,1783321811.559628,2026-07-06T14:10:11.559628,5.08704,1.28471,6.53536,13.10000,22.07603,5.05124,1.27396,6.43511,12.95000,21.20735,5.02958,1.24638,6.26875,12.33000,21.03529,5.07334,1.16727,5.92197,11.82000,20.00960,25.16119,84.32828
95-1,1783321811.659745,2026-07-06T14:10:11.659745,5.08592,1.30522,6.63822,13.31000,22.74063,5.05111,1.27689,6.44974,12.98000,21.85308,5.02118,1.25346,6.29384,12.40000,21.66542,5.07299,1.17411,5.95624,11.89000,20.60593,25.33804,86.86506
95-1,1783321811.759863,2026-07-06T14:10:11.759863,5.08629,1.29838,6.60394,13.24000,23.40181,5.05511,1.27689,6.45484,12.98000,22.49933,5.02278,1.22514,6.15359,12.12000,22.28150,5.06499,1.17411,5.94685,11.89000,21.20132,25.15922,89.38396
95-1,1783321811.859981,2026-07-06T14:10:11.859981,5.09104,1.28471,6.54049,13.10000,24.05663,5.05147,1.26908,6.41072,12.90000,23.14115,5.02512,1.25468,6.30490,12.41000,22.91273,5.07299,1.17411,5.95624,11.89000,21.79764,25.21235,91.90815
95-1,1783321811.960099,2026-07-06T14:10:11.960099,5.08704,1.28471,6.53536,13.10000,24.71093,5.05129,1.27299,6.43023,12.94000,23.78494,5.02112,1.25468,6.29988,12.41000,23.54346,5.06989,1.15653,5.86347,11.71000,22.38468,25.12894,94.42401
95-1,1783321812.060218,2026-07-06T14:10:12.060218,5.08229,1.29838,6.59875,13.24000,25.37160,5.04849,1.24638,6.29232,12.67000,24.41492,5.02918,1.25346,6.30386,12.40000,24.17460,5.06899,1.17411,5.95155,11.89000,22.98054,25.14648,96.94166
95-1,1783321812.160338,2026-07-06T14:10:12.160338,5.08235,1.29740,6.59385,13.23000,26.03177,5.04849,1.24638,6.29232,12.67000,25.04490,5.03055,1.22929,6.18398,12.16000,24.79374,5.07319,1.17020,5.93666,11.85000,23.57492,25.00681,99.44533
95-1,1783321812.260455,2026-07-06T14:10:12.260455,5.09035,1.29740,6.60423,13.23000,26.69297,5.05538,1.27103,6.42556,12.92000,25.68821,5.02906,1.25565,6.31476,12.42000,25.42596,5.06919,1.17020,5.93198,11.85000,24.16881,25.27653,101.97595
95-1,1783321812.360574,2026-07-06T14:10:12.360574,5.08635,1.29740,6.59904,13.23000,27.35366,5.06311,1.27689,6.46506,12.98000,26.33549,5.02906,1.25565,6.31476,12.42000,26.05818,5.07678,1.17826,5.98176,11.93000,24.76770,25.36062,104.51503
95-1,1783321812.460690,2026-07-06T14:10:12.460690,5.08731,1.27982,6.51086,13.05000,28.00550,5.06423,1.25224,6.34161,12.73000,26.97039,5.02501,1.25663,6.31457,12.43000,26.69037,5.07754,1.16337,5.90703,11.78000,25.35909,25.07407,107.02535
95-1,1783321812.560809,2026-07-06T14:10:12.560809,5.08272,1.29057,6.55959,13.16000,28.66224,5.04702,1.27885,6.45437,13.00000,27.61659,5.02626,1.23441,6.20448,12.21000,27.31156,5.07288,1.17631,5.96726,11.91000,25.95653,25.18570,109.54692
95-1,1783321812.660928,2026-07-06T14:10:12.660928,5.08261,1.29252,6.56938,13.18000,29.31996,5.04702,1.27885,6.45437,13.00000,28.26280,5.02901,1.25663,6.31960,12.43000,27.94427,5.07288,1.17631,5.96726,11.91000,26.55396,25.31061,112.08100
95-1,1783321812.761047,2026-07-06T14:10:12.761047,5.09419,1.30033,6.62414,13.26000,29.98316,5.04570,1.21976,6.15456,12.40000,28.87898,5.01701,1.25663,6.30452,12.43000,28.57547,5.07288,1.17631,5.96726,11.91000,27.15140,25.05048,114.58902
95-1,1783321812.861163,2026-07-06T14:10:12.861163,5.08619,1.30033,6.61373,13.26000,30.64530,5.04307,1.27787,6.44439,12.99000,29.52417,5.01724,1.25248,6.28399,12.39000,29.20460,5.07269,1.18021,5.98684,11.95000,27.75078,25.32895,117.12486
95-1,1783321812.961280,2026-07-06T14:10:12.961280,5.08635,1.29740,6.59904,13.23000,31.30598,5.04801,1.25712,6.34594,12.78000,30.15951,5.01684,1.25956,6.31901,12.46000,29.83724,5.07264,1.18119,5.99174,11.96000,28.35065,25.25573,119.65338
95-1,1783321813.061399,2026-07-06T14:10:13.061399,5.08651,1.29447,6.58435,13.20000,31.96519,5.05601,1.25712,6.35600,12.78000,30.79586,5.01679,1.26054,6.32384,12.47000,30.47038,5.07264,1.18119,5.99174,11.96000,28.95054,25.25593,122.18197
95-1,1783321813.161517,2026-07-06T14:10:13.161517,5.08581,1.30717,6.64802,13.33000,32.63078,5.06307,1.27787,6.46995,12.99000,31.44362,5.02079,1.26054,6.32888,12.47000,31.10401,5.06464,1.18119,5.98229,11.96000,29.54947,25.42914,124.72789
95-1,1783321813.261634,2026-07-06T14:10:13.261634,5.08581,1.30717,6.64802,13.33000,33.29636,5.06596,1.21390,6.14960,12.34000,32.05930,5.02905,1.11405,5.60260,11.02000,31.66493,5.07060,1.06351,5.39263,10.77000,30.08937,23.79285,127.10996
95-1,1783321813.361752,2026-07-06T14:10:13.361752,5.08672,1.29057,6.56475,13.16000,33.95361,5.05071,1.28568,6.49362,13.07000,32.70943,5.02095,1.25761,6.31438,12.44000,32.29711,5.06469,1.18021,5.97740,11.95000,30.68781,25.35015,129.64797
95-1,1783321813.461872,2026-07-06T14:10:13.461872,5.08608,1.30229,6.62353,13.28000,34.61676,5.05871,1.28568,6.50391,13.07000,33.36060,5.03279,1.26054,6.34401,12.47000,32.93227,5.07314,1.17118,5.94156,11.86000,31.28268,25.41301,132.19231
95-1,1783321813.561990,2026-07-06T14:10:13.561990,5.08256,1.29350,6.57427,13.19000,35.27496,5.05160,1.26615,6.39609,12.87000,34.00097,5.02879,1.26054,6.33897,12.47000,33.56692,5.07714,1.17118,5.94624,11.86000,31.87801,25.25557,134.72086
95-1,1783321813.662109,2026-07-06T14:10:13.662109,5.08656,1.29350,6.57945,13.19000,35.93369,5.05102,1.27885,6.45949,13.00000,34.64768,5.02084,1.25956,6.32405,12.46000,34.20007,5.07269,1.18021,5.98684,11.95000,32.47740,25.34983,137.25884
96-1,1783321813.762245,2026-07-06T14:10:13.762245,5.08533,1.31596,6.69209,13.42000,0.67012,5.05419,1.20902,6.11062,12.29000,0.61189,5.02844,1.26664,6.36923,12.53000,0.63779,5.07259,1.18216,5.99663,11.97000,0.60048,25.16857,2.52029
96-1,1783321813.862363,2026-07-06T14:10:13.862363,5.09062,1.21903,6.20563,12.43000,1.29141,5.04619,1.20902,6.10095,12.29000,1.22271,5.02541,1.32035,6.63531,13.06000,1.30210,5.06538,1.24540,6.30842,12.61000,1.23206,25.25031,5.04829
96-1,1783321813.962480,2026-07-06T14:10:13.962480,5.08202,1.37675,6.99667,14.04000,1.99190,5.05608,1.34379,6.79432,13.66000,1.90294,5.02889,1.18778,5.97322,11.75000,1.90012,5.07338,1.24540,6.31838,12.61000,1.86464,26.08259,7.65961
96-1,1783321814.062598,2026-07-06T14:10:14.062598,5.09891,1.14042,5.81488,11.63000,2.57408,5.07720,0.87747,4.45508,8.92000,2.34897,5.02889,1.18778,5.97322,11.75000,2.49816,5.06879,1.09915,5.57139,11.13000,2.42244,21.81457,9.84365
96-1,1783321814.162717,2026-07-06T14:10:14.162717,5.09091,1.14042,5.80575,11.63000,3.15534,5.04107,1.23368,6.21907,12.54000,2.97161,5.02775,1.20804,6.07374,11.95000,3.10625,5.06998,1.15458,5.85368,11.69000,3.00850,23.95224,12.24170
96-1,1783321814.262836,2026-07-06T14:10:14.262836,5.08267,1.29154,6.56448,13.17000,3.81257,5.04907,1.23368,6.22894,12.54000,3.59525,5.02638,1.23222,6.19359,12.19000,3.72634,5.07049,1.14457,5.80351,11.59000,3.58954,24.79052,14.72370
96-1,1783321814.362956,2026-07-06T14:10:14.362956,5.08357,1.27494,6.48126,13.00000,4.46148,5.04876,1.24052,6.26307,12.61000,4.22231,5.02609,1.23734,6.21900,12.24000,4.34899,5.07384,1.15751,5.87300,11.72000,4.17755,24.83633,17.21034
96-1,1783321814.463076,2026-07-06T14:10:14.463076,5.08465,1.25517,6.38208,12.80000,5.10045,5.04786,1.26029,6.36178,12.81000,4.85925,5.03009,1.23734,6.22395,12.24000,4.97213,5.07384,1.15751,5.87300,11.72000,4.76556,24.84081,19.69739
96-1,1783321814.563195,2026-07-06T14:10:14.563195,5.08465,1.25517,6.38208,12.80000,5.73942,5.05218,1.25321,6.33146,12.74000,5.49315,5.02340,1.21415,6.09916,12.01000,5.58278,5.07504,1.13382,5.75420,11.48000,5.34166,24.56690,22.15700
96-1,1783321814.663314,2026-07-06T14:10:14.663314,5.08373,1.27201,6.46657,12.97000,6.38685,5.05618,1.25321,6.33647,12.74000,6.12755,5.02198,1.23930,6.22372,12.26000,6.20589,5.07384,1.15751,5.87300,11.72000,5.92966,24.89976,24.64995
96-1,1783321814.763433,2026-07-06T14:10:14.763433,5.08352,1.27592,6.48615,13.01000,7.03623,5.05289,1.23759,6.25339,12.58000,6.75363,5.03295,1.18680,5.97312,11.74000,6.80391,5.07574,1.11991,5.68436,11.34000,6.49877,24.39702,27.09254
96-1,1783321814.863551,2026-07-06T14:10:14.863551,5.08747,1.27689,6.49616,13.02000,7.68661,5.05245,1.24735,6.30219,12.68000,7.38460,5.02495,1.18680,5.96363,11.74000,7.40098,5.07574,1.11991,5.68436,11.34000,7.06788,24.44634,29.54007
96-1,1783321814.963670,2026-07-06T14:10:14.963670,5.09147,1.27689,6.50126,13.02000,8.33751,5.05632,1.25028,6.32182,12.71000,8.01753,5.02998,1.23930,6.23364,12.26000,8.02508,5.07374,1.15946,5.88279,11.74000,7.65686,24.93951,32.03698
96-1,1783321815.063786,2026-07-06T14:10:15.063786,5.08715,1.28275,6.52556,13.08000,8.99083,5.05632,1.25028,6.32182,12.71000,8.65045,5.03044,1.23124,6.19367,12.18000,8.64517,5.07359,1.16239,5.89748,11.77000,8.24729,24.93853,34.53374
96-1,1783321815.163904,2026-07-06T14:10:15.163904,5.08757,1.27494,6.48636,13.00000,9.64023,5.05586,1.26029,6.37187,12.81000,9.28839,5.02986,1.24149,6.24454,12.28000,9.27036,5.07759,1.16239,5.90213,11.77000,8.83820,25.00490,37.03717
96-1,1783321815.264021,2026-07-06T14:10:15.264021,5.08635,1.29740,6.59904,13.23000,10.30090,5.05672,1.24149,6.27788,12.62000,9.91691,5.02986,1.24149,6.24454,12.28000,9.89555,5.07359,1.16239,5.89748,11.77000,9.42864,25.01894,39.54200
96-1,1783321815.364138,2026-07-06T14:10:15.364138,5.08741,1.27787,6.50106,13.23000,10.95177,5.05533,1.27201,6.43044,12.93000,10.56070,5.02181,1.24247,6.23944,12.29000,10.52022,5.07754,1.16337,5.90703,11.78000,10.02003,25.07797,42.05272
96-1,1783321815.464255,2026-07-06T14:10:15.464255,5.08741,1.27787,6.50106,13.03000,11.60263,5.05133,1.27201,6.42535,12.93000,11.20399,5.02318,1.21805,6.11851,12.05000,11.13278,5.06944,1.16532,5.90751,11.80000,10.61147,24.95243,44.55088
96-1,1783321815.564371,2026-07-06T14:10:15.564371,5.08635,1.29740,6.59904,13.23000,12.26331,5.05155,1.26713,6.40097,12.88000,11.84483,5.02586,1.24149,6.23957,12.28000,11.75747,5.06969,1.16044,5.88305,11.75000,11.20046,25.12263,47.06607
96-1,1783321815.664489,2026-07-06T14:10:15.664489,5.08709,1.28373,6.53046,13.09000,12.91712,5.05254,1.24540,6.29243,12.66000,12.47481,5.02986,1.24149,6.24454,12.28000,12.38265,5.07359,1.16239,5.89748,11.77000,11.79090,24.96491,49.56549
96-1,1783321815.764605,2026-07-06T14:10:15.764605,5.08704,1.28471,6.53536,13.10000,13.57142,5.05555,1.26713,6.40604,12.88000,13.11616,5.02306,1.22025,6.12940,12.07000,12.99631,5.06959,1.16239,5.89283,11.77000,12.38087,24.96363,52.06476
96-1,1783321815.864724,2026-07-06T14:10:15.864724,5.08704,1.28471,6.53536,13.10000,14.22573,5.05555,1.26713,6.40604,12.88000,13.75753,5.02300,1.22123,6.13424,12.08000,13.61046,5.07349,1.16434,5.90728,11.79000,12.97230,24.98292,54.56602
96-1,1783321815.964843,2026-07-06T14:10:15.964843,5.08347,1.27689,6.49105,13.02000,14.87561,5.05311,1.23270,6.22899,12.53000,14.38117,5.02564,1.24540,6.25893,12.32000,14.23710,5.07349,1.16434,5.90728,11.79000,13.56373,24.88625,57.05761
96-1,1783321816.064960,2026-07-06T14:10:16.064960,5.08412,1.26493,6.43106,12.90000,15.51947,5.05267,1.24247,6.27779,12.63000,15.00969,5.02964,1.24540,6.26391,12.32000,14.86423,5.07419,1.15043,5.83748,11.65000,14.14817,24.81024,59.54155
96-1,1783321816.165079,2026-07-06T14:10:16.165079,5.08704,1.28471,6.53536,13.10000,16.17378,5.04755,1.26713,6.39590,12.88000,15.65004,5.02289,1.22318,6.14391,12.10000,15.47935,5.07419,1.15043,5.83748,11.65000,14.73261,24.91265,62.03577
97-1,1783321816.265216,2026-07-06T14:10:16.265216,5.08704,1.28471,6.53536,13.10000,0.65443,5.05555,1.26713,6.40604,12.88000,0.64148,5.02146,1.24857,6.26966,12.35000,0.62782,5.06524,1.16923,5.92241,11.84000,0.59305,25.13347,2.51678
97-1,1783321816.365336,2026-07-06T14:10:16.365336,5.08982,1.23368,6.27921,12.58000,1.28310,5.05120,1.27494,6.43998,12.96000,1.28625,5.02170,1.31523,6.60467,13.01000,1.28908,5.06143,1.24442,6.29856,12.60000,1.22366,25.62242,5.08210
97-1,1783321816.465455,2026-07-06T14:10:16.465455,5.08159,1.38456,7.03579,14.12000,1.98752,5.04554,1.39995,7.06348,14.23000,1.99344,5.01770,1.31523,6.59941,13.01000,1.94981,5.07660,1.10306,5.59979,11.17000,1.78431,26.29847,7.71508
97-1,1783321816.565573,2026-07-06T14:10:16.565573,5.09650,1.18461,6.03735,12.08000,2.59197,5.06686,1.10575,5.60267,11.24000,2.55437,5.03143,0.85940,4.32401,8.50000,2.38272,5.07260,1.10306,5.59538,11.17000,2.34451,21.55941,9.87358
97-1,1783321816.665692,2026-07-06T14:10:16.665692,5.09250,1.18461,6.03261,12.08000,3.19595,5.05486,1.10575,5.58940,11.24000,3.11398,5.01015,1.23637,6.19438,12.23000,3.00290,5.07079,1.13871,5.77414,11.53000,2.92261,23.59053,12.23543
97-1,1783321816.765809,2026-07-06T14:10:16.765809,5.09045,1.29545,6.59443,13.21000,3.85616,5.04796,1.25810,6.35082,12.79000,3.74980,5.03404,1.23832,6.23375,12.25000,3.62700,5.06984,1.15751,5.86837,11.72000,3.51013,25.04737,14.74310
97-1,1783321816.865928,2026-07-06T14:10:16.865928,5.08683,1.28861,6.55495,13.14000,4.51244,5.04880,1.23954,6.25819,12.60000,4.37636,5.02604,1.23832,6.22384,12.25000,4.25012,5.07394,1.15555,5.86320,11.70000,4.09715,24.90018,17.23607
97-1,1783321816.966046,2026-07-06T14:10:16.966046,5.08677,1.28959,6.55985,13.15000,5.16920,5.05258,1.24442,6.28755,12.65000,5.00586,5.02380,1.20707,6.06407,11.94000,4.85725,5.07424,1.14945,5.83259,11.64000,4.68110,24.74406,19.71339
97-1,1783321817.066164,2026-07-06T14:10:17.066164,5.08752,1.27592,6.49126,13.01000,5.81909,5.05258,1.24442,6.28755,12.65000,5.63536,5.02969,1.24442,6.25907,12.31000,5.48390,5.07424,1.14945,5.83259,11.64000,5.26505,24.87047,22.20339
97-1,1783321817.166283,2026-07-06T14:10:17.166283,5.08352,1.27592,6.48615,13.01000,6.46848,5.05582,1.26127,6.37675,12.82000,6.27379,5.02992,1.24052,6.23969,12.27000,6.10860,5.06969,1.16044,5.88305,11.75000,5.85405,24.98564,24.70492
97-1,1783321817.266402,2026-07-06T14:10:17.266402,5.08476,1.25321,6.37228,12.78000,7.10646,5.05610,1.25517,6.34624,12.76000,6.90917,5.02764,1.21000,6.08343,11.97000,6.71767,5.07079,1.13871,5.77414,11.53000,6.43215,24.57609,27.16546
97-1,1783321817.366521,2026-07-06T14:10:17.366521,5.08347,1.27689,6.49105,13.02000,7.75634,5.05276,1.24052,6.26803,12.61000,7.53672,5.02764,1.21000,6.08343,11.97000,7.32674,5.07369,1.16044,5.88769,11.75000,7.02162,24.73020,29.64142
97-1,1783321817.466639,2026-07-06T14:10:17.466639,5.08817,1.26395,6.43122,12.89000,8.40022,5.05276,1.24052,6.26803,12.61000,8.16426,5.03015,1.23637,6.21911,12.23000,7.94938,5.07369,1.16044,5.88769,11.75000,7.61108,24.80605,32.12495
97-1,1783321817.566757,2026-07-06T14:10:17.566757,5.08817,1.26395,6.43122,12.89000,9.04410,5.05169,1.26420,6.38634,12.85000,8.80365,5.03038,1.23222,6.19852,12.19000,8.56997,5.07074,1.13968,5.77904,11.54000,8.18967,24.79512,34.60739
97-1,1783321817.666875,2026-07-06T14:10:17.666875,5.08245,1.29545,6.58406,13.21000,9.70329,5.05223,1.25224,6.32658,12.73000,9.43706,5.02586,1.24149,6.23957,12.28000,9.19466,5.06969,1.16044,5.88305,11.75000,8.77867,25.03326,37.11368
97-1,1783321817.766994,2026-07-06T14:10:17.766994,5.08368,1.27299,6.47146,12.98000,10.35120,5.04805,1.25614,6.34107,12.77000,10.07192,5.02986,1.24149,6.24454,12.28000,9.81986,5.07064,1.14164,5.78883,11.56000,9.35824,24.84590,39.60123
97-1,1783321817.867111,2026-07-06T14:10:17.867111,5.08363,1.27396,6.47636,12.99000,10.99960,5.06005,1.25614,6.35614,12.77000,10.70827,5.02604,1.23832,6.22384,12.25000,10.44297,5.07064,1.14164,5.78883,11.56000,9.93780,24.84517,42.08864
97-1,1783321817.967229,2026-07-06T14:10:17.967229,5.08363,1.27396,6.47636,12.99000,11.64800,5.05191,1.25932,6.36195,12.80000,11.34522,5.02655,1.22929,6.17906,12.16000,11.06161,5.07359,1.16239,5.89748,11.77000,10.52825,24.91485,44.58307
97-1,1783321818.067348,2026-07-06T14:10:18.067348,5.08341,1.27787,6.49595,13.03000,12.29837,5.05285,1.23856,6.25827,12.59000,11.97179,5.02558,1.24638,6.26377,12.33000,11.68873,5.07424,1.14945,5.83259,11.64000,11.11220,24.85058,47.07109
97-1,1783321818.167466,2026-07-06T14:10:18.167466,5.08661,1.29252,6.57455,13.18000,12.95660,5.05160,1.26615,6.39609,12.87000,12.61216,5.02558,1.24638,6.26377,12.33000,12.31585,5.07339,1.16630,5.91707,11.81000,11.70461,25.15148,49.58921
97-1,1783321818.267585,2026-07-06T14:10:18.267585,5.08704,1.28471,6.53536,13.10000,13.61091,5.05560,1.26615,6.40116,12.87000,13.25303,5.02751,1.21220,6.09433,11.99000,12.92600,5.06949,1.16434,5.90262,11.79000,12.29557,24.93347,52.08552
97-1,1783321818.367702,2026-07-06T14:10:18.367702,5.09356,1.23856,6.30869,12.63000,14.24251,5.05254,1.24540,6.29243,12.66000,13.88301,5.02586,1.24149,6.23957,12.28000,13.55069,5.07749,1.16434,5.91194,11.79000,12.88745,24.75263,54.56367
97-1,1783321818.467821,2026-07-06T14:10:18.467821,5.08156,1.23856,6.29383,12.63000,14.87264,5.05423,1.20804,6.10574,12.28000,14.49431,5.02175,1.24345,6.24428,12.30000,14.17586,5.07494,1.13578,5.76400,11.50000,13.46454,24.40785,57.00735
97-1,1783321818.567939,2026-07-06T14:10:18.567939,5.09040,1.29643,6.59933,13.22000,15.53336,5.04738,1.27103,6.41539,12.92000,15.13661,5.02175,1.24345,6.24428,12.30000,14.80102,5.07349,1.16434,5.90728,11.79000,14.05596,25.16628,59.52695
97-1,1783321818.668056,2026-07-06T14:10:18.668056,5.09051,1.29447,6.58952,13.20000,16.19308,5.05938,1.27103,6.43065,12.92000,15.78043,5.02729,1.21610,6.11370,12.03000,15.41311,5.07334,1.16727,5.92197,11.82000,14.64886,25.05584,62.03548
97-1,1783321818.768173,2026-07-06T14:10:18.768173,5.08741,1.27787,6.50106,13.03000,16.84395,5.05151,1.26811,6.40585,12.89000,16.42176,5.02541,1.24955,6.27949,12.36000,16.04179,5.07334,1.16727,5.92197,11.82000,15.24175,25.10837,64.54925
97-1,1783321818.868292,2026-07-06T14:10:18.868292,5.08341,1.27787,6.49595,13.03000,17.49432,5.05129,1.27299,6.43023,12.94000,17.06555,5.02689,1.22318,6.14881,12.10000,16.65741,5.07015,1.15140,5.83778,11.66000,15.82622,24.91277,67.04350
97-1,1783321818.968411,2026-07-06T14:10:18.968411,5.08309,1.28373,6.52532,13.09000,18.14763,5.05569,1.26420,6.39139,12.85000,17.70545,5.02689,1.22318,6.14881,12.10000,17.27302,5.06919,1.17020,5.93198,11.85000,16.42012,24.99750,69.54622
97-1,1783321819.068529,2026-07-06T14:10:19.068529,5.08229,1.29838,6.59875,13.24000,18.80828,5.05169,1.26420,6.38634,12.85000,18.34483,5.02535,1.25053,6.28433,12.37000,17.90219,5.06524,1.16923,5.92241,11.84000,17.01306,25.19183,72.06837
97-1,1783321819.168649,2026-07-06T14:10:19.168649,5.08357,1.27494,6.48126,13.00000,19.45718,5.05533,1.27201,6.43044,12.93000,18.98865,5.02530,1.25150,6.28917,12.38000,18.53186,5.06924,1.16923,5.92709,11.84000,17.60648,25.12796,74.58417
97-1,1783321819.268766,2026-07-06T14:10:19.268766,5.08757,1.27494,6.48636,13.00000,20.10657,5.05586,1.26029,6.37187,12.81000,19.62658,5.02546,1.24857,6.27466,12.35000,19.16006,5.07019,1.15043,5.83288,11.65000,18.19045,24.96577,77.08367
97-1,1783321819.368884,2026-07-06T14:10:19.368884,5.08608,1.30229,6.62353,13.28000,20.76971,5.05147,1.26908,6.41072,12.90000,20.26841,5.02546,1.24857,6.27466,12.35000,19.78827,5.06924,1.16923,5.92709,11.84000,18.78386,25.23600,79.61026
97-1,1783321819.469002,2026-07-06T14:10:19.469002,5.08560,1.31108,6.66760,13.37000,21.43726,5.04747,1.26908,6.40565,12.90000,20.90973,5.02941,1.24955,6.28449,12.36000,20.41746,5.07304,1.17313,5.95135,11.88000,19.37970,25.30909,82.14414
97-1,1783321819.569120,2026-07-06T14:10:19.569120,5.08704,1.28471,6.53536,13.10000,22.09156,5.05636,1.24931,6.31694,12.70000,21.54217,5.03066,1.22733,6.17429,12.14000,21.03562,5.07374,1.15946,5.88279,11.88000,19.96867,24.90938,84.63802
97-1,1783321819.669238,2026-07-06T14:10:19.669238,5.08688,1.28764,6.55005,13.13000,22.74735,5.05511,1.27689,6.45484,12.98000,22.18842,5.02130,1.25150,6.28417,12.38000,21.66478,5.07374,1.15946,5.88279,11.74000,20.55765,25.17185,87.15819
97-1,1783321819.769356,2026-07-06T14:10:19.769356,5.08288,1.28764,6.54490,13.13000,23.40261,5.05196,1.25810,6.35585,12.79000,22.82475,5.02130,1.25150,6.28417,12.38000,22.29394,5.07699,1.17411,5.96094,11.89000,21.15444,25.14586,89.67574
97-1,1783321819.869474,2026-07-06T14:10:19.869474,5.08699,1.28568,6.54026,13.11000,24.05740,5.05596,1.25810,6.36088,12.79000,23.46159,5.02524,1.25248,6.29401,12.39000,22.92408,5.07704,1.17313,5.95604,11.88000,21.75075,25.15119,92.19382
97-1,1783321819.969591,2026-07-06T14:10:19.969591,5.08709,1.28373,6.53046,13.09000,24.71122,5.05142,1.27006,6.41560,12.91000,24.10390,5.02558,1.24638,6.26377,12.33000,23.55119,5.07294,1.17508,5.96114,11.90000,22.34756,25.17097,94.71387
97-1,1783321820.069708,2026-07-06T14:10:20.069708,5.08197,1.30424,6.62811,13.30000,25.37480,5.05129,1.27299,6.43023,12.94000,24.74768,5.02124,1.25248,6.28900,12.39000,24.18083,5.07294,1.17508,5.96114,11.90000,22.94437,25.30848,97.24767
97-1,1783321820.169826,2026-07-06T14:10:20.169826,5.08597,1.30424,6.63333,13.30000,26.03891,5.05232,1.25028,6.31682,12.71000,25.38010,5.02124,1.25248,6.28900,12.39000,24.81047,5.06974,1.15946,5.87815,11.74000,23.53288,25.11730,99.76236
97-1,1783321820.269943,2026-07-06T14:10:20.269943,5.08267,1.29154,6.56448,13.17000,26.69613,5.04720,1.27494,6.43488,12.71000,26.02435,5.03284,1.25956,6.33916,12.46000,25.44513,5.06894,1.17508,5.95644,11.90000,24.12922,25.29496,102.29483
97-1,1783321820.370060,2026-07-06T14:10:20.370060,5.08256,1.29350,6.57427,13.19000,27.35433,5.05120,1.27494,6.43998,12.96000,26.66910,5.02158,1.24638,6.25878,12.33000,26.07174,5.07294,1.17508,5.96114,11.90000,24.72603,25.23417,104.82120
97-1,1783321820.470179,2026-07-06T14:10:20.470179,5.09056,1.29350,6.58462,13.19000,28.01357,5.05511,1.27689,6.45484,12.98000,27.31535,5.02090,1.25858,6.31922,12.45000,26.70441,5.06494,1.17508,5.95174,11.90000,25.32191,25.31042,107.35524
97-1,1783321820.570297,2026-07-06T14:10:20.570297,5.09056,1.29350,6.58462,13.19000,28.67281,5.05623,1.25224,6.33159,12.73000,27.94926,5.03969,1.13822,5.73627,11.26000,27.27872,5.08078,1.17826,5.98648,11.93000,25.92127,24.63896,109.82206
97-1,1783321820.670416,2026-07-06T14:10:20.670416,5.09420,1.15336,5.87543,11.76000,29.26106,5.05129,1.27299,6.43023,12.94000,28.59304,5.02769,1.13822,5.72261,11.26000,27.85166,5.08144,1.16532,5.92150,11.80000,26.51412,23.94977,112.21988
97-1,1783321820.770536,2026-07-06T14:10:20.770536,5.08645,1.29545,6.58924,13.21000,29.92077,5.05929,1.27299,6.44041,12.94000,29.23786,5.03015,1.23637,6.21911,12.23000,28.47432,5.06904,1.17313,5.94666,11.88000,27.10951,25.19542,114.74245
97-1,1783321820.870655,2026-07-06T14:10:20.870655,5.09377,1.23466,6.28906,12.59000,30.55042,5.05498,1.27982,6.46949,13.01000,29.88558,5.03140,1.21415,6.10887,12.01000,29.08593,5.07304,1.17313,5.95135,11.88000,27.70535,24.81877,117.22727
97-1,1783321820.970772,2026-07-06T14:10:20.970772,5.08224,1.29936,6.60364,12.59000,31.21156,5.05516,1.27592,6.44996,12.97000,30.53133,5.01769,1.24442,6.24413,12.31000,29.71107,5.06694,1.13578,5.75491,11.50000,28.28151,25.05264,119.73546
97-1,1783321821.070890,2026-07-06T14:10:21.070890,5.09024,1.29936,6.61403,13.25000,31.87375,5.04694,1.28080,6.46412,13.02000,31.17850,5.02169,1.24442,6.24911,12.31000,30.33672,5.07734,1.16727,5.92664,11.82000,28.87488,25.25390,122.26385
97-1,1783321821.171009,2026-07-06T14:10:21.171009,5.08149,1.31303,6.67215,13.39000,32.54175,5.04694,1.28080,6.46412,13.02000,31.82568,5.02890,1.25858,6.32928,12.45000,30.97040,5.07673,1.17924,5.98666,11.94000,29.47425,25.45221,124.81209
97-1,1783321821.271127,2026-07-06T14:10:21.271127,5.08133,1.31596,6.68682,13.42000,33.21123,5.04347,1.26908,6.40057,12.90000,32.46650,5.02879,1.26054,6.33897,12.47000,31.60505,5.06869,1.18021,5.98212,11.95000,30.07317,25.40848,127.35595
97-1,1783321821.371244,2026-07-06T14:10:21.371244,5.08533,1.31596,6.69209,13.42000,33.88122,5.04298,1.27982,6.45413,13.01000,33.11267,5.02844,1.26664,6.36923,12.53000,32.24272,5.07269,1.18021,5.98684,11.95000,30.67256,25.50229,129.90916
97-1,1783321821.471363,2026-07-06T14:10:21.471363,5.08133,1.31596,6.68682,13.42000,34.55069,5.04289,1.28178,6.46386,13.03000,33.75982,5.02444,1.26664,6.36416,12.53000,32.87989,5.07264,1.18119,5.99174,11.96000,31.27244,25.50658,132.46284
97-1,1783321821.571481,2026-07-06T14:10:21.571481,5.08939,1.31498,6.69245,13.41000,35.22073,5.04289,1.28178,6.46386,13.03000,34.40697,5.02181,1.24247,6.23944,12.29000,33.50457,5.07264,1.18119,5.99174,11.96000,31.87232,25.38749,135.00459
97-1,1783321821.671599,2026-07-06T14:10:21.671599,5.08949,1.31303,6.68265,13.39000,35.88978,5.05138,1.27103,6.42048,12.92000,35.04977,5.02061,1.26371,6.34459,12.50000,34.13977,5.06454,1.18314,5.99206,11.98000,32.47223,25.43978,137.55156
97-1,1783321821.771727,2026-07-06T14:10:21.771727,5.08661,1.29252,6.57455,13.18000,36.54808,5.05116,1.27592,6.44486,12.97000,35.69508,5.02466,1.26273,6.34481,12.49000,34.77507,5.07254,1.18314,6.00153,11.98000,33.07316,25.36575,140.09138
98-1,1783321821.871861,2026-07-06T14:10:21.871861,5.09861,1.29252,6.59006,13.18000,0.65989,5.04733,1.27201,6.42027,12.93000,0.64289,5.03666,1.26273,6.35996,12.49000,0.63685,5.06854,1.18314,5.99680,11.98000,0.60049,25.36709,2.54012
98-1,1783321821.971979,2026-07-06T14:10:21.971979,5.08844,1.25907,6.40671,12.84000,1.30132,5.05133,1.27201,6.42535,12.93000,1.28618,5.02175,1.31425,6.59984,13.00000,1.29761,5.06523,1.24833,6.32308,12.64000,1.23354,25.75498,5.11866
98-1,1783321822.072098,2026-07-06T14:10:22.072098,5.08683,1.28861,6.55495,13.14000,1.95759,5.04142,1.22587,6.18012,12.46000,1.90493,5.04001,0.99075,4.99341,9.80000,1.79755,5.10031,0.79299,4.04451,8.03000,1.63847,21.77299,7.29854
98-1,1783321822.172215,2026-07-06T14:10:22.172215,5.07990,1.26884,6.44557,12.94000,2.60290,5.04058,1.24442,6.27262,12.65000,2.53293,5.01535,1.21512,6.09428,12.02000,2.40769,5.08031,0.79299,4.02865,8.03000,2.04181,22.84112,9.58533
98-1,1783321822.272334,2026-07-06T14:10:22.272334,5.07990,1.26884,6.44557,12.94000,3.24823,5.05201,1.25712,6.35097,12.78000,3.16878,5.02735,1.21512,6.10886,12.02000,3.01930,5.07389,1.15653,5.86810,11.71000,2.62932,24.77350,12.06562
98-1,1783321822.372452,2026-07-06T14:10:22.372452,5.07996,1.26786,6.44068,12.93000,3.89306,5.06001,1.25712,6.36103,12.78000,3.80563,5.02666,1.22733,6.16938,12.14000,3.63697,5.07474,1.13968,5.78360,11.54000,3.20836,24.75469,14.54402
98-1,1783321822.472570,2026-07-06T14:10:22.472570,5.08645,1.29545,6.58924,13.21000,4.55275,5.05205,1.25614,6.34609,12.77000,4.44099,5.02604,1.23832,6.22384,12.25000,4.26008,5.07379,1.15848,5.87789,11.73000,3.79684,25.03706,17.05067
98-1,1783321822.572688,2026-07-06T14:10:22.572688,5.08982,1.23368,6.27921,12.58000,5.18142,5.05361,1.22172,6.17408,12.42000,5.05913,5.02849,1.19486,6.00835,11.82000,4.86163,5.07619,1.11112,5.64024,11.25000,4.36153,24.10188,19.46371
98-1,1783321822.672807,2026-07-06T14:10:22.672807,5.07990,1.26884,6.44557,12.94000,5.82674,5.05227,1.25126,6.32170,12.72000,5.69205,5.03249,1.19486,6.01313,11.82000,5.46366,5.07619,1.11112,5.64024,11.25000,4.92623,24.42064,21.90868
98-1,1783321822.772925,2026-07-06T14:10:22.772925,5.08390,1.26884,6.45065,12.94000,6.47257,5.04827,1.25126,6.31670,12.72000,6.32446,5.02226,1.23441,6.19954,12.21000,6.08434,5.06998,1.15458,5.85368,11.69000,5.51228,24.82057,24.39366
98-1,1783321822.873044,2026-07-06T14:10:22.873044,5.08757,1.27494,6.48636,13.00000,7.12198,5.05685,1.23856,6.26323,12.59000,6.95153,5.02380,1.20707,6.06407,11.94000,6.69147,5.06979,1.15848,5.87326,11.73000,6.10031,24.68692,26.86528
98-1,1783321822.973162,2026-07-06T14:10:22.973162,5.08752,1.27592,6.49126,13.01000,7.77187,5.05596,1.25810,6.36088,12.79000,7.58837,5.02198,1.23930,6.22372,12.26000,7.31458,5.07374,1.15946,5.88279,11.74000,6.68928,24.95865,29.36410
98-1,1783321823.073281,2026-07-06T14:10:23.073281,5.08757,1.27494,6.48636,13.00000,8.42128,5.05573,1.26322,6.38651,12.84000,8.22778,5.02598,1.23930,6.22868,12.26000,7.93819,5.07374,1.15946,5.88279,11.74000,7.27826,24.98434,31.86551
98-1,1783321823.173402,2026-07-06T14:10:23.173402,5.08357,1.27494,6.48126,13.00000,9.07019,5.05573,1.26322,6.38651,12.84000,8.86720,5.03375,1.24345,6.25920,12.30000,8.56486,5.07374,1.15946,5.88279,11.74000,7.86725,25.00976,34.36951
98-1,1783321823.273519,2026-07-06T14:10:23.273519,5.08725,1.28080,6.51576,13.06000,9.72253,5.05173,1.26322,6.38146,12.84000,9.50610,5.03392,1.24052,6.24465,12.27000,9.19006,5.07364,1.16141,5.89259,11.76000,8.45720,25.03446,36.87589
98-1,1783321823.373638,2026-07-06T14:10:23.373638,5.08747,1.27689,6.49616,13.02000,10.37291,5.05302,1.23466,6.23875,12.55000,10.13071,5.02700,1.22123,6.13912,12.08000,9.80470,5.07359,1.16239,5.89748,11.77000,9.04765,24.77151,39.35598
98-1,1783321823.473757,2026-07-06T14:10:23.473757,5.08363,1.27396,6.47636,12.99000,11.02132,5.05178,1.26225,6.37658,12.83000,10.76913,5.02700,1.22123,6.13912,12.08000,10.41935,5.06959,1.16239,5.89283,11.77000,9.63764,24.88489,41.84744
98-1,1783321823.573876,2026-07-06T14:10:23.573876,5.08763,1.27396,6.48145,12.99000,11.67024,5.05978,1.26225,6.38668,12.83000,11.40856,5.02586,1.24149,6.23957,12.28000,11.04405,5.07754,1.16337,5.90703,11.78000,10.22904,25.01473,44.35188
98-1,1783321823.673996,2026-07-06T14:10:23.673996,5.08629,1.29838,6.60394,13.24000,12.33142,5.05205,1.25614,6.34609,12.77000,12.04393,5.02311,1.21928,6.12456,12.06000,11.65724,5.07744,1.16532,5.91684,11.80000,10.82143,24.99143,46.85402
98-1,1783321823.774112,2026-07-06T14:10:23.774112,5.09067,1.29154,6.57482,13.17000,12.98967,5.05169,1.26420,6.38634,12.85000,12.68331,5.02204,1.23832,6.21889,12.25000,12.27985,5.06964,1.16141,5.88794,11.76000,11.41091,25.06799,49.36374
98-1,1783321823.874231,2026-07-06T14:10:23.874231,5.09040,1.29643,6.59933,13.22000,13.65039,5.05573,1.26322,6.38651,12.84000,13.32272,5.02695,1.22221,6.14396,12.09000,12.89498,5.07024,1.14945,5.82799,11.64000,11.99440,24.95779,51.86248
98-1,1783321823.974349,2026-07-06T14:10:23.974349,5.08597,1.30424,6.63333,13.30000,14.31451,5.05173,1.26322,6.38146,12.84000,13.96162,5.02295,1.22221,6.13907,12.09000,13.50961,5.07424,1.14945,5.83259,11.64000,12.57835,24.98645,54.36409
98-1,1783321824.074468,2026-07-06T14:10:24.074468,5.08997,1.30424,6.63854,13.30000,14.97915,5.04810,1.25517,6.33619,12.76000,14.59599,5.02575,1.24345,6.24925,12.30000,14.13528,5.06944,1.16532,5.90751,11.80000,13.16981,25.13149,56.88022
98-1,1783321824.174587,2026-07-06T14:10:24.174587,5.08336,1.27885,6.50084,13.04000,15.63000,5.04760,1.26615,6.39103,12.87000,15.23585,5.02684,1.22416,6.15365,12.11000,14.75137,5.06994,1.15555,5.85858,11.70000,13.75636,24.90410,59.37358
98-1,1783321824.274706,2026-07-06T14:10:24.274706,5.08325,1.28080,6.51063,13.06000,16.28184,5.05649,1.24638,6.30229,12.67000,15.86683,5.02592,1.24052,6.23473,12.27000,15.37558,5.06959,1.16239,5.89283,11.77000,14.34634,24.94048,61.87060
98-1,1783321824.374824,2026-07-06T14:10:24.374824,5.08203,1.30326,6.62321,13.29000,16.94494,5.05249,1.24638,6.29731,12.67000,16.49730,5.02592,1.24052,6.23473,12.27000,15.99979,5.07359,1.16239,5.89748,11.77000,14.93679,25.05273,64.37882
98-1,1783321824.474942,2026-07-06T14:10:24.474942,5.09003,1.30326,6.63364,13.29000,17.60909,5.05160,1.26615,6.39609,12.87000,17.13767,5.02346,1.21317,6.09432,12.00000,16.60995,5.07334,1.16727,5.92197,11.82000,15.52969,25.04602,66.88640
98-1,1783321824.575063,2026-07-06T14:10:24.575063,5.08725,1.28080,6.51576,13.06000,18.26146,5.05196,1.25810,6.35585,12.79000,17.77402,5.02164,1.24540,6.25395,12.32000,17.23610,5.07449,1.14457,5.80809,11.59000,16.11120,24.93365,69.38277
98-1,1783321824.675182,2026-07-06T14:10:24.675182,5.08635,1.29740,6.59904,13.23000,18.92215,5.05547,1.26908,6.41580,12.90000,18.41637,5.02181,1.24247,6.23944,12.29000,17.86079,5.06919,1.17020,5.93198,11.85000,16.70510,25.18626,71.90440
98-1,1783321824.775299,2026-07-06T14:10:24.775299,5.08325,1.28080,6.51063,13.06000,19.57397,5.04747,1.26908,6.40565,12.90000,19.05768,5.02981,1.24247,6.24938,12.29000,18.48645,5.07719,1.17020,5.94134,11.85000,17.29993,25.10700,74.41802
98-1,1783321824.875417,2026-07-06T14:10:24.875417,5.08725,1.28080,6.51576,13.06000,20.22632,5.05542,1.27006,6.42068,12.91000,19.70051,5.02135,1.25053,6.27933,12.37000,19.11513,5.07314,1.17118,5.94156,11.86000,17.89479,25.15733,76.93674
98-1,1783321824.975535,2026-07-06T14:10:24.975535,5.08683,1.28861,6.55495,13.14000,20.88259,5.05547,1.26908,6.41580,12.90000,20.34285,5.02124,1.25248,6.28900,12.39000,19.74477,5.07419,1.15043,5.83748,11.65000,18.47923,25.09723,79.44943
98-1,1783321825.075654,2026-07-06T14:10:25.075654,5.08709,1.28373,6.53046,13.09000,21.53640,5.05151,1.26811,6.40585,12.89000,20.98419,5.02655,1.22929,6.17906,12.16000,20.36341,5.06929,1.16825,5.92219,11.83000,19.07215,25.03756,81.95615
98-1,1783321825.175773,2026-07-06T14:10:25.175773,5.08544,1.31400,6.68229,13.40000,22.20543,5.05151,1.26811,6.40585,12.89000,21.62554,5.02655,1.22929,6.17906,12.16000,20.98205,5.06514,1.17118,5.93219,11.86000,19.66607,25.19939,84.47908
98-1,1783321825.275891,2026-07-06T14:10:25.275891,5.08693,1.28666,6.54515,13.12000,22.86071,5.05636,1.24931,6.31694,12.70000,22.25797,5.02524,1.25248,6.29401,12.39000,21.61219,5.06914,1.17118,5.93687,11.86000,20.26046,25.09297,86.99134
98-1,1783321825.376008,2026-07-06T14:10:25.376008,5.08293,1.28666,6.54001,13.12000,23.51548,5.05529,1.27299,6.43532,12.94000,22.90226,5.02535,1.25053,6.28433,12.37000,22.24136,5.07324,1.16923,5.93176,11.84000,20.85433,25.19142,89.51344
98-1,1783321825.476125,2026-07-06T14:10:25.476125,5.08672,1.29057,6.56475,13.16000,24.17273,5.04791,1.25932,6.35691,12.80000,23.53870,5.02135,1.25053,6.27933,12.37000,22.87004,5.07309,1.17215,5.94645,11.87000,21.44967,25.14744,92.03114
98-1,1783321825.576243,2026-07-06T14:10:25.576243,5.08656,1.29350,6.57945,13.19000,24.83145,5.04791,1.25932,6.35691,12.80000,24.17514,5.02135,1.25053,6.27933,12.37000,23.49871,5.07304,1.17313,5.95135,11.88000,22.04551,25.16704,94.55081
98-1,1783321825.676360,2026-07-06T14:10:25.676360,5.09041,1.22294,6.22525,12.47000,25.45470,5.05133,1.27201,6.42535,12.93000,24.81842,5.02906,1.25565,6.31476,12.42000,24.13092,5.06904,1.17313,5.94666,11.88000,22.64087,24.91202,97.04491
98-1,1783321825.776482,2026-07-06T14:10:25.776482,5.09041,1.22294,6.22525,12.47000,26.07798,5.05241,1.24833,6.30707,12.69000,25.44990,5.02918,1.25346,6.30386,12.40000,24.76207,5.06969,1.16044,5.88305,11.75000,23.22989,24.71923,99.51985
98-1,1783321825.876600,2026-07-06T14:10:25.876600,5.08699,1.28568,6.54026,13.11000,26.73278,5.04961,1.22172,6.16920,12.42000,26.06755,5.02524,1.18168,5.93820,11.69000,25.35660,5.07135,1.12772,5.71906,11.42000,23.80247,24.36672,101.95940
98-1,1783321825.976718,2026-07-06T14:10:25.976718,5.08608,1.30229,6.62353,13.28000,27.39592,5.05361,1.22172,6.17408,12.42000,26.68569,5.02924,1.18168,5.94293,11.69000,25.95159,5.06974,1.15946,5.87815,11.74000,24.39098,24.61869,104.42419
98-1,1783321826.076837,2026-07-06T14:10:26.076837,5.08549,1.31303,6.67740,13.39000,28.06445,5.04724,1.27396,6.43001,12.95000,27.32945,5.02106,1.25565,6.30471,12.42000,26.58281,5.07374,1.15946,5.88279,11.74000,24.97996,25.29491,106.95668
98-1,1783321826.176955,2026-07-06T14:10:26.176955,5.08549,1.31303,6.67740,13.39000,28.73298,5.04698,1.27982,6.45925,13.01000,27.97614,5.02079,1.26054,6.32888,12.47000,27.21645,5.06883,1.17728,5.96745,11.92000,25.57741,25.43298,109.50299
98-1,1783321826.277073,2026-07-06T14:10:26.277073,5.08992,1.30522,6.64344,13.31000,29.39811,5.04782,1.26127,6.36666,12.82000,28.61356,5.02220,1.23539,6.20438,12.22000,27.83762,5.06894,1.17508,5.95644,11.90000,26.17376,25.17092,112.02305
98-1,1783321826.377193,2026-07-06T14:10:26.377193,5.09083,1.28861,6.56011,13.14000,30.05491,5.05982,1.26127,6.38179,12.82000,29.25250,5.03020,1.23539,6.21426,12.22000,28.45979,5.06499,1.17411,5.94685,11.89000,26.76915,25.10301,114.53635
98-1,1783321826.477313,2026-07-06T14:10:26.477313,5.08645,1.29545,6.58924,13.21000,30.71462,5.03916,1.27592,6.42955,12.97000,29.89622,5.02890,1.25858,6.32928,12.45000,29.09347,5.07683,1.17728,5.97686,11.89000,27.36756,25.32493,117.07187
98-1,1783321826.577431,2026-07-06T14:10:26.577431,5.09424,1.29936,6.61923,13.21000,31.37733,5.03924,1.27396,6.41982,12.95000,30.53897,5.02895,1.25761,6.32444,12.44000,29.72667,5.06883,1.17728,5.96745,11.92000,27.96501,25.33094,119.60797
98-1,1783321826.677549,2026-07-06T14:10:26.677549,5.09024,1.29936,6.61403,13.25000,32.03951,5.05498,1.27982,6.46949,13.01000,31.18668,5.02895,1.25761,6.32444,12.44000,30.35986,5.06934,1.16727,5.91730,11.82000,28.55744,25.32526,122.14349
98-1,1783321826.777668,2026-07-06T14:10:26.777668,5.08203,1.30326,6.62321,13.29000,32.70262,5.05098,1.27982,6.46437,13.01000,31.83388,5.03695,1.25761,6.33450,12.44000,30.99406,5.06873,1.17924,5.97723,11.94000,29.15587,25.39931,124.68643
98-1,1783321826.877787,2026-07-06T14:10:26.877787,5.08219,1.30033,6.60853,13.26000,33.36426,5.06378,1.26225,6.39173,12.83000,32.47382,5.02992,1.24052,6.23969,12.27000,31.61877,5.06864,1.18119,5.98701,11.96000,29.75528,25.22696,127.21212
98-1,1783321826.977904,2026-07-06T14:10:26.977904,5.08171,1.30912,6.65257,13.35000,34.03030,5.06294,1.28080,6.48461,13.02000,33.12304,5.01679,1.26054,6.32384,12.47000,32.25190,5.06864,1.18119,5.98701,11.96000,30.35469,25.44803,129.75992
98-1,1783321827.078020,2026-07-06T14:10:27.078020,5.09771,1.30912,6.67352,13.35000,34.69842,5.04680,1.19535,6.03269,12.15000,33.72701,5.02071,1.19095,5.97944,11.78000,32.85054,5.06749,1.12479,5.69987,11.39000,30.92534,24.38552,132.20130
98-1,1783321827.178140,2026-07-06T14:10:27.178140,5.08197,1.30424,6.62811,13.30000,35.36202,5.06280,1.19535,6.05182,12.15000,34.33291,5.02575,1.24345,6.24925,12.30000,33.47621,5.06464,1.18119,5.98229,11.96000,31.52428,24.91147,134.69542
98-1,1783321827.278258,2026-07-06T14:10:27.278258,5.08219,1.30033,6.60853,13.26000,36.02366,5.05102,1.27885,6.45949,13.00000,34.97963,5.03375,1.24345,6.25920,12.30000,34.10287,5.07304,1.17313,5.95135,11.88000,32.12012,25.27857,137.22628
99-1,1783321827.378397,2026-07-06T14:10:27.378397,5.08651,1.29447,6.58435,13.20000,0.65935,5.05076,1.28471,6.48875,13.06000,0.64978,5.02455,1.26469,6.35448,12.51000,0.63633,5.06904,1.17313,5.94666,11.88000,0.59549,25.37424,2.54095
99-1,1783321827.478517,2026-07-06T14:10:27.478517,5.08251,1.29447,6.57917,13.20000,1.31806,5.05999,1.34574,6.80946,13.68000,1.33154,5.02279,1.29594,6.50922,12.82000,1.28803,5.07419,1.15043,5.83748,11.65000,1.17994,25.73533,5.11757
99-1,1783321827.578636,2026-07-06T14:10:27.578636,5.08549,1.31303,6.67740,13.39000,1.98659,5.05199,1.34574,6.79869,13.68000,2.01221,5.01776,1.38505,6.94986,13.70000,1.98384,5.06918,1.24931,6.33296,12.65000,1.81399,26.75891,7.79663
99-1,1783321827.678755,2026-07-06T14:10:27.678755,5.08447,1.33183,6.77164,13.58000,2.66456,5.06057,1.42143,7.19324,14.45000,2.73239,5.03776,1.38505,6.97756,13.70000,2.68243,5.09607,0.79788,4.06603,8.08000,2.22107,25.00847,10.30046
99-1,1783321827.778874,2026-07-06T14:10:27.778874,5.08977,1.23466,6.28412,12.59000,3.29372,5.07905,1.01321,5.14617,10.30000,3.24763,5.03705,0.97244,4.89823,9.62000,3.17284,5.07607,0.79788,4.05007,8.08000,2.62656,20.37859,12.34075
99-1,1783321827.878991,2026-07-06T14:10:27.878991,5.08977,1.23466,6.28412,12.59000,3.92286,5.04467,1.24247,6.26785,12.63000,3.87514,5.02220,1.23539,6.20438,12.22000,3.79400,5.07398,1.15458,5.85830,11.69000,3.21308,24.61465,14.80508
99-1,1783321827.979105,2026-07-06T14:10:27.979105,5.08768,1.27299,6.47655,12.98000,4.57126,5.05267,1.24247,6.27779,12.63000,4.50364,5.02711,1.21928,6.12944,12.06000,4.40764,5.07389,1.15653,5.86810,11.71000,3.80056,24.75188,17.28309
99-1,1783321828.079222,2026-07-06T14:10:28.079222,5.08741,1.27787,6.50106,13.03000,5.22213,5.05191,1.25932,6.36195,12.80000,5.14058,5.02711,1.21928,6.12944,12.06000,5.02131,5.07454,1.14359,5.80319,11.58000,4.38156,24.79564,19.76557
99-1,1783321828.179340,2026-07-06T14:10:28.179340,5.08683,1.28861,6.55495,13.14000,5.87840,5.05601,1.25712,6.35600,12.78000,5.77693,5.02649,1.23026,6.18391,12.17000,5.64043,5.07379,1.15848,5.87789,11.73000,4.97004,24.97275,22.26579
99-1,1783321828.279458,2026-07-06T14:10:28.279458,5.09163,1.27396,6.48655,12.99000,6.52781,5.05707,1.23368,6.23881,12.54000,6.40154,5.02598,1.23930,6.22868,12.26000,6.26403,5.07379,1.15848,5.87789,11.73000,5.55852,24.83193,24.75190
99-1,1783321828.379575,2026-07-06T14:10:28.379575,5.08363,1.27396,6.47636,12.99000,7.17621,5.04751,1.26811,6.40077,12.89000,7.04237,5.02689,1.22318,6.14881,12.10000,6.87963,5.07074,1.13968,5.77904,11.54000,6.13710,24.80498,27.23532
99-1,1783321828.479692,2026-07-06T14:10:28.479692,5.08640,1.29643,6.59414,13.22000,7.83639,5.05551,1.26811,6.41092,12.89000,7.68421,5.02289,1.22318,6.14391,12.10000,7.49474,5.06954,1.16337,5.89773,11.78000,6.72756,25.04670,29.74290
99-1,1783321828.579810,2026-07-06T14:10:28.579810,5.08747,1.27689,6.49616,13.02000,8.48678,5.04796,1.25810,6.35082,12.79000,8.32004,5.03009,1.23734,6.22395,12.24000,8.11787,5.07410,1.15238,5.84728,11.67000,7.31298,24.91821,32.23767
99-1,1783321828.679927,2026-07-06T14:10:28.679927,5.08720,1.28178,6.52066,13.07000,9.13961,5.04920,1.23075,6.21431,12.51000,8.94220,5.02992,1.24052,6.23969,12.27000,8.74257,5.07010,1.15238,5.84267,11.67000,7.89793,24.81733,34.72232
99-1,1783321828.780046,2026-07-06T14:10:28.780046,5.08720,1.28178,6.52066,13.07000,9.79245,5.04760,1.26615,6.39103,12.87000,9.58207,5.02735,1.21512,6.10886,12.02000,9.35418,5.06974,1.15946,5.87815,11.74000,8.48645,24.89870,37.21514
99-1,1783321828.880164,2026-07-06T14:10:28.880164,5.07925,1.28080,6.50551,13.06000,10.44377,5.05560,1.26615,6.40116,12.87000,10.22294,5.02735,1.21512,6.10886,12.02000,9.96579,5.07019,1.15043,5.83288,11.65000,9.07042,24.84841,39.70291
99-1,1783321828.980281,2026-07-06T14:10:28.980281,5.07813,1.30131,6.60822,13.27000,11.10536,5.05601,1.25712,6.35600,12.78000,10.85928,5.03386,1.24149,6.24950,12.28000,10.59147,5.06949,1.16434,5.90262,11.79000,9.66137,25.11634,42.21748
99-1,1783321829.080398,2026-07-06T14:10:29.080398,5.08635,1.29740,6.59904,13.23000,11.76603,5.05601,1.25712,6.35600,12.78000,11.49562,5.03484,1.22416,6.16344,12.11000,11.20853,5.07349,1.16434,5.90728,11.79000,10.25279,25.02576,44.72298
99-1,1783321829.180514,2026-07-06T14:10:29.180514,5.08635,1.29740,6.59904,13.23000,12.42671,5.04760,1.26615,6.39103,12.87000,12.13547,5.02130,1.25150,6.28417,12.38000,11.83768,5.07024,1.14945,5.82799,11.64000,10.83627,25.10223,47.23613
99-1,1783321829.280632,2026-07-06T14:10:29.280632,5.08603,1.30326,6.62843,13.29000,13.09034,5.05560,1.26615,6.40116,12.87000,12.77634,5.02930,1.25150,6.29418,12.38000,12.46784,5.06929,1.16825,5.92219,11.83000,11.42919,25.24596,49.76371
99-1,1783321829.380750,2026-07-06T14:10:29.380750,5.09019,1.30033,6.61894,13.26000,13.75301,5.05285,1.23856,6.25827,12.59000,13.40291,5.02575,1.24345,6.24925,12.30000,13.09350,5.07039,1.14652,5.81330,11.61000,12.01121,24.93976,52.26063
99-1,1783321829.480868,2026-07-06T14:10:29.480868,5.08987,1.30619,6.64834,13.32000,14.41863,5.05142,1.27006,6.41560,12.91000,14.04522,5.02586,1.24149,6.23957,12.28000,13.71820,5.07329,1.16825,5.92687,11.83000,12.60459,25.23038,54.78664
99-1,1783321829.580985,2026-07-06T14:10:29.580985,5.09324,1.24442,6.33814,12.69000,15.05318,5.05720,1.23075,6.22415,12.51000,14.66837,5.02837,1.19706,6.01925,11.84000,14.32083,5.07729,1.16825,5.93154,11.83000,13.19844,24.51308,57.24082
99-1,1783321829.681102,2026-07-06T14:10:29.681102,5.08924,1.24442,6.33316,12.69000,15.68724,5.05320,1.23075,6.21923,12.51000,15.29102,5.02837,1.19706,6.01925,11.84000,14.92346,5.07319,1.17020,5.93666,11.85000,13.79280,24.50830,59.69451
99-1,1783321829.781219,2026-07-06T14:10:29.781219,5.08299,1.28568,6.53511,13.11000,16.34151,5.05164,1.26518,6.39121,12.86000,15.93088,5.02952,1.24760,6.27481,12.34000,15.55167,5.07374,1.15946,5.88279,11.74000,14.38176,25.08392,62.20583
99-1,1783321829.881336,2026-07-06T14:10:29.881336,5.08224,1.29936,6.60364,13.25000,17.00265,5.05142,1.27006,6.41560,12.91000,16.57320,5.02992,1.24052,6.23969,12.27000,16.17637,5.06924,1.16923,5.92709,11.84000,14.97517,25.18602,64.72739
99-1,1783321829.981453,2026-07-06T14:10:29.981453,5.08240,1.29643,6.58896,13.22000,17.66232,5.05951,1.26811,6.41599,12.89000,17.21554,5.02941,1.24955,6.28449,12.36000,16.80555,5.07324,1.16923,5.93176,11.84000,15.56904,25.22120,67.25245
99-1,1783321830.081570,2026-07-06T14:10:30.081570,5.09040,1.29643,6.59933,13.22000,18.32302,5.05151,1.26811,6.40585,12.89000,17.85688,5.02141,1.24955,6.27450,12.36000,17.43374,5.06939,1.16630,5.91241,11.81000,16.16097,25.19209,69.77461
99-1,1783321830.181687,2026-07-06T14:10:30.181687,5.07947,1.27689,6.48594,13.02000,18.97238,5.05089,1.19340,6.02771,12.13000,18.46036,5.02501,1.25663,6.31457,12.43000,18.06593,5.07314,1.09232,5.54149,11.06000,16.71577,24.36971,72.21444
99-1,1783321830.281805,2026-07-06T14:10:30.281805,5.07893,1.28666,6.53486,13.12000,19.62663,5.04733,1.27201,6.42027,12.93000,19.10314,5.02541,1.24955,6.27949,12.36000,18.69462,5.07299,1.17411,5.95624,11.89000,17.31210,25.19086,74.73649
99-1,1783321830.381922,2026-07-06T14:10:30.381922,5.08176,1.30815,6.64768,13.34000,20.29218,5.05601,1.25712,6.35600,12.78000,19.73948,5.02660,1.22831,6.17422,12.15000,19.31277,5.07299,1.17411,5.95624,11.89000,17.90842,25.13414,77.25285
99-1,1783321830.482039,2026-07-06T14:10:30.482039,5.08576,1.30815,6.65291,13.34000,20.95825,5.04801,1.25712,6.34594,12.78000,20.37482,5.02124,1.25248,6.28900,12.39000,19.94240,5.07369,1.16044,5.88769,11.75000,18.49788,25.17554,79.77335
99-1,1783321830.582156,2026-07-06T14:10:30.582156,5.08155,1.31205,6.66725,13.38000,21.62575,5.05124,1.27396,6.43511,12.95000,21.01909,5.02524,1.25248,6.29401,12.39000,20.57254,5.07299,1.17411,5.95624,11.89000,19.09420,25.35261,82.31158
99-1,1783321830.682274,2026-07-06T14:10:30.682274,5.08363,1.27396,6.47636,12.99000,22.27415,5.05245,1.24735,6.30219,12.68000,21.65004,5.02609,1.23734,6.21900,12.24000,21.19517,5.06494,1.17508,5.95174,11.90000,19.69007,24.94929,84.80944
99-1,1783321830.782393,2026-07-06T14:10:30.782393,5.08672,1.29057,6.56475,13.16000,22.93141,5.04738,1.27103,6.41539,12.92000,22.29235,5.02530,1.25150,6.28917,12.38000,21.82484,5.07784,1.15751,5.87763,11.72000,20.27853,25.14694,87.32713
99-1,1783321830.882509,2026-07-06T14:10:30.882509,5.08272,1.29057,6.55959,13.16000,23.58813,5.05138,1.27103,6.42048,12.92000,22.93515,5.02495,1.25761,6.31941,12.44000,22.45752,5.06984,1.15751,5.86837,11.72000,20.86605,25.16785,89.84685
