"row_number","attempt","question_number","instruction","input_text","reference_output","server_response","status","eval_tokens","prediction_tokens","total_tokens","eval_tokens_per_sec","eval_ms_per_token","prediction_tokens_per_sec","prediction_ms_per_token","eval_energy_j","prediction_energy_j","accumulated_energy_j","sent_at","eval_done_at","prediction_done_at","received_at"
"0","1","0","How can you use technology to improve your customer service?","","There are several ways technology can be used to improve customer service including the following: 1. Implementing Chatbots: Chatbots can help provide a faster more personalized service to your customers. Equipped with artificial intelligence and natural language processing algorithms chatbots can quickly respond to customer queries saving customers time and providing them with immediate assistance. 2. Using Social Media: Using social media platforms to interact with customers is an excellent way to improve customer service. By maintaining an active presence on social media companies can respond to messages and comments promptly providing customers with an additional convenient way to reach out for support. 3. Creating a customer-centered website: The company's website should be designed to provide customers with all the relevant information they need about products and services. Features like FAQs and tutorial videos can simplify the user experience and provide better customer service. 4. Collect feedback: Collecting and analyzing feedback can be a powerful tool for improving customer service. By using surveys feedback forms and other tools to gather customer feedback companies can identify areas in which their service needs improvement and take action to address customer concerns. 5. Personalization: By leveraging customer data companies can provide a personalized experience to their customers. An AI-powered customer relationship management tool can track customer interactions and provide product/service recommendations based on their past experiences. In summary technology can be used in various ways to improve customer service. By implementing chatbots using social media developing a customer-centered website collecting feedback and personalizing the experience companies can provide better more efficient service to their customers.","Using technology can significantly improve customer service by enhancing communication streamlining processes and providing a more personalized experience. Here are some ways technology can be used to improve customer service: 1. **Automated Response Systems**: Implement automated response systems that answer frequently asked questions provide product information and offer self-service options. 2. **Chatbots**: Use chatbots to engage with customers respond to common queries and route complex issues to human representatives. 3. **Self-Service Portals**: Create self-service portals where customers can view order history track shipments and access product information. 4. **Email and Messaging Automation**: Automate email and messaging responses to customer inquiries ensuring timely and consistent communication. 5. **Social Media Monitoring**: Use social media listening tools to monitor customer conversations identify trends and respond promptly to customer concerns. 6. **Customer Relationship Management (CRM) Systems**: Implement CRM systems to store customer data track interactions and analyze behavior. 7. **Video Conferencing**: Use video conferencing to conduct virtual meetings resolve issues and build relationships with customers. 8. **Surveys and Feedback Tools**: Use online survey tools to collect feedback measure customer satisfaction and identify areas for improvement. 9. **Artificial Intelligence (AI","","20","256","276","32.623","30.653","11.662","85.746","4.22931","140.48593","144.71524","2026-07-21T13:14:18.606552","2026-07-21T13:14:19.219614","2026-07-21T13:14:41.170519","2026-07-21T13:14:41.171192"
"1","1","1","Sort the numbers 15 11 9 22.","","The sorted numbers in ascending order are: 9 11 15 22.","Here are the numbers in sorted order: 1. 9 2. 11 3. 15 4. 22 Let me know if you need any further assistance!","","24","38","62","35.202","28.407","10.279","97.287","4.50232","22.46419","26.96652","2026-07-21T13:14:41.173726","2026-07-21T13:14:41.855498","2026-07-21T13:14:45.552407","2026-07-21T13:14:45.552733"
"2","1","2","Create a list of 8 questions to ask prospective online tutors.","","1. What is your experience and educational background in the subject(s) you tutor? 2. How do you assess and track the progress of your students? 3. How do you engage and motivate students during online sessions? 4. Can you provide references from past or current students or their parents? 5. What is your tutoring approach or teaching method? 6. How do you accommodate different learning styles and needs? 7. What scheduling options do you offer for online sessions and what is your policy for cancellations or rescheduling? 8. How do you use technology to enhance and facilitate the learning experience during online sessions?","Here are 8 questions to ask prospective online tutors: 1. **What experience do you have in teaching/mentoring students online?** * This question helps to assess the tutor's familiarity with online teaching and their ability to adapt to virtual learning environments. 2. **What is your educational background and qualifications?** * This question verifies the tutor's credentials and ensures they have the necessary expertise to teach the subject matter. 3. **How would you approach tutoring a student who is struggling with a particular concept?** * This question evaluates the tutor's problem-solving skills and their ability to break down complex concepts into manageable parts. 4. **How do you ensure student engagement and motivation in an online learning environment?** * This question assesses the tutor's strategies for keeping students interested and motivated which is crucial for online tutoring. 5. **What tools and resources do you use to facilitate online learning and how do you troubleshoot technical issues?** * This question helps to determine the tutor's comfort with technology and their ability to troubleshoot common technical problems. 6. **How do you maintain a safe and inclusive learning environment for students?** * This question evaluates the tutor's commitment to creating a positive and respectful online learning space. 7.","","22","256","278","33.783","29.600","11.586","86.309","4.29775","142.37013","146.66789","2026-07-21T13:14:45.554826","2026-07-21T13:14:46.206037","2026-07-21T13:15:08.301014","2026-07-21T13:15:08.301541"
"3","1","3","Rewrite the given poem so that it rhymes","This world was far from perfect As the shadows have shown. The wickedness won’t relent As the risks have grown.","This world was far from ideal As the darkness did reveal. Wickedness refused to yield As dangers in the shadows peeled.","Here is a rewritten version of the poem that rhymes: This world was far from perfect sight As shadows revealed the darkest night. The wickedness will not subside As danger lurks and risks collide.","","46","43","89","36.273","27.569","11.218","89.139","8.90479","24.18178","33.08658","2026-07-21T13:15:08.304201","2026-07-21T13:15:09.572364","2026-07-21T13:15:13.405345","2026-07-21T13:15:13.405672"
"4","1","4","Provide a realistic context for the following sentence.","She was frustrated and angry.","She was frustrated and angry after spending over an hour on hold with customer service only to be transferred multiple times without getting any resolution to her issue.","Here's a realistic context for the sentence: As she sat in the crowded slow-moving airport security line waiting for what felt like an eternity to go through the screening process Emily's frustration and anger grew. She had already missed her connecting flight due to a long security wait at the previous airport and now she was stuck waiting for the next flight to depart which was still a few hours away. The long line the annoyingly loud announcements and the constant pressure to move forward had taken a toll on her and she felt her patience and tolerance wearing thin.","","24","116","140","34.296","29.158","11.003","90.884","4.52916","67.14206","71.67123","2026-07-21T13:15:13.407737","2026-07-21T13:15:14.107523","2026-07-21T13:15:24.650030","2026-07-21T13:15:24.650455"
"5","1","5","Change the text so that it follows the humorous tone. John and Amy bought a new car.","","Well well well look at John and Amy rolling in dough and cruising through the town in their brand spanking new car! Next thing you know they'll be waving at the peasants from their shiny chariot.","John and Amy embarked on a wild adventure: buying a new car! They traded in their trusty old ride for a shiny new set of wheels complete with a full tank of gas a fancy new GPS and a highly advanced infotainment system that will inevitably drive them crazy with its annoying song selection.","","28","63","91","34.691","28.826","10.930","91.494","5.80333","35.80695","41.61028","2026-07-21T13:15:24.652597","2026-07-21T13:15:25.459716","2026-07-21T13:15:31.223843","2026-07-21T13:15:31.224205"
"6","1","6","List ten scientific names of animals.","","1. Panthera pardus - Leopard 2. Loxodonta africana - African Elephant 3. Gorilla gorilla - Western Gorilla 4. Balaenoptera musculus - Blue Whale 5. Canis lupus - Grey Wolf 6. Felis catus - Domestic cat 7. Dermochelys coriacea - Leatherback Sea Turtle 8. Struthio camelus - Ostrich 9. Ursus maritimus - Polar Bear 10. Oryctolagus cuniculus - European Rabbit.","Here are ten scientific names of animals: 1. **Homo sapiens** (Human) 2. **Canis lupus** (Gray Wolf) 3. **Panthera leo** (Lion) 4. **Felis catus** (Domestic Cat) 5. **Vulpes vulpes** (Red Fox) 6. **Cereus sagittarius** (Pronghorn) 7. **Equus ferus** (Domestic Horse) 8. **Gallus gallus** (Chicken) 9. **Anolis carolinensis** (Green Anole) 10. **Dioscorea villosa** (Wild Yam)","","16","139","155","31.998","31.252","11.111","90.004","2.87700","79.92749","82.80449","2026-07-21T13:15:31.226177","2026-07-21T13:15:31.726214","2026-07-21T13:15:44.236720","2026-07-21T13:15:44.237105"
"7","1","7","Given a list of items indicate which items are difficult to recycle.","Cans Plastic bags Glass bottles","Plastic bags are difficult to recycle.","Based on typical recycling guidelines here are the items that are difficult to recycle: * Plastic bags (most recycling facilities do not accept plastic bags due to contamination concerns and the fact that they are often not made of recyclable materials) * Glass bottles (glass is generally recyclable but it's not always accepted by all recycling programs and it may be more challenging to recycle than other types of glass such as jars) Cans on the other hand are typically easy to recycle and are widely accepted by most recycling programs. It's worth noting that recycling guidelines can vary depending on your location and the specific recycling program in your area so it's always a good idea to check with your local recycling facility for specific guidelines on what can be recycled.","","31","152","183","28.266","35.379","11.261","88.802","7.08306","85.38971","92.47276","2026-07-21T13:15:44.239434","2026-07-21T13:15:45.336171","2026-07-21T13:15:58.834002","2026-07-21T13:15:58.834432"
"8","1","8","Identify a stylistic device used by the author in the following sentence.","The cold breeze chills my bones.","The author has used personification in the sentence The cold breeze chills my bones. Personification is a figure of speech in which a non-human subject is given human characteristics. In this case the non-human subject is the cold breeze which is given the human characteristic of being able to chill someone's bones.","The stylistic device used by the author in the sentence is a metaphorical expression of a feeling rather than a literal description of a physical phenomenon. In this sentence the cold breeze is a figurative way of saying the wind is cold . The author uses a personification (giving a human-like quality to a non-human entity in this case a breeze) to create a vivid and evocative image in the reader's mind.","","32","93","125","35.564","28.118","12.937","77.300","6.00092","47.75620","53.75713","2026-07-21T13:15:58.836668","2026-07-21T13:15:59.736454","2026-07-21T13:16:06.925321","2026-07-21T13:16:06.925708"
"9","1","9","Determine the product of 3x + 5y","x = 2 y = 3","To determine the product of 3x + 5y when x = 2 and y = 3 we need to substitute the values of x and y into the expression 3x + 5y. Plugging in the value of x = 2 and y = 3 we have: 3x + 5y = 3(2) + 5(3) = 6 + 15 = 21 Therefore the product of 3x + 5y when x = 2 and y = 3 is 21.","Given: (3x + 5y) = ? Substitute the values of x = 2 and y = 3 = (3(2) + 5(3)) = (6 + 15) = 21","","31","49","80","35.280","28.345","9.898","101.033","6.03201","30.45023","36.48224","2026-07-21T13:16:06.927822","2026-07-21T13:16:07.806514","2026-07-21T13:16:12.757139","2026-07-21T13:16:12.757470"
"10","1","10","Generate a title for the article given the following text.","Scientists have found a new species of plant living in the high mountains of South America.","- Discovery of new plant species on South America's high mountains announced by scientists","Here is a potential title for the article: Scientists Discover New Plant Species in South America's High Mountains","","37","22","59","34.349","29.113","10.636","94.023","7.33313","13.30825","20.64138","2026-07-21T13:16:12.759602","2026-07-21T13:16:13.836773","2026-07-21T13:16:15.905284","2026-07-21T13:16:15.905558"
"11","1","11","Create a small animation to represent a task.","Ticket Booking","I'm an AI language model so I do not have the ability to create animations. However I can describe an animation that could represent a ticket booking task: 1. The animated scene opens up on a calendar marked with a particular date. 2. An icon of a train moves across the screen and stops at the marked date. 3. The users hand moves about the screen selecting various options such as the place of departure destination and the class of seat. 4. The user taps on the icon of a train. 5. A series of train seats appear on the screen the user again moves about the screen selecting a seat. 6. A ticket stamped with the date seat number departure and destination details appear on the screen and the animation ends.","Here's a simple animation concept to represent a task of ticket booking: **Animation Name:** Booking Ticket **Animation Description:** A digital animation that simulates the process of booking a ticket online. **Keyframes:** 1. **Introduction** (0s-1s): * A window with a title Booking Ticket appears on screen. * The window has a simple design with a blue background a white title and a few buttons labeled Book Now Cancel and Help . 2. **Step 1: Enter Passenger Details** (1s-2s): * The window transitions to a new screen with a form asking for passenger details (name email and phone number). * A cursor appears on the screen and the user can type or select from pre-populated options. 3. **Step 2: Select Flight and Seat** (2s-3s): * The window transitions to a new screen with a map or a grid displaying available flights and seats. * The user can select a flight and seat by clicking on them. 4. **Step 3: Review and Pay** (3s-4s): * The window transitions to a new screen with a summary of","","20","256","276","33.611","29.752","11.301","88.489","3.69060","145.54823","149.23883","2026-07-21T13:16:15.907393","2026-07-21T13:16:16.502438","2026-07-21T13:16:39.155518","2026-07-21T13:16:39.156026"
"12","1","12","Generate a deeper understanding of the idiom bringing home the bacon .","","The idiom bringing home the bacon is a colloquial expression which has its origins in the early 20th century. This phrase alludes to the idea of providing for one’s family or household by earning a steady income usually in the form of wages or salary in order to put food on the table or to fulfill the financial needs of the family. Often the expression is used to describe someone who is the primary breadwinner of the family the one who brings in the most financial resources thereby bringing home the bacon . The idiom has its origins in the rural setting where pig farming was a prominent source of livelihood. Bacon was and still is considered a staple food in many households and bringing a steady supply of it meant that the family was sufficiently provided for. In contemporary usage however the phrase has lost its direct reference to meat and has come to symbolize the act of providing for one's family through their earnings. In summary “bringing home the bacon” means to earn a living for one’s family while providing them with the necessities and comforts of life.","A classic idiom! Bringing home the bacon is a common expression that refers to the act of earning a living particularly a steady income and providing for one's family or loved ones. Let's dive deeper into its meaning history and cultural significance. **Origin and History** The phrase is believed to have originated in the United States in the mid-19th century. The idea is that a provider (usually a male) would go out to hunt for food and if he was successful he would bring home the bacon a metaphor for bringing back meat to feed his family. **Meaning and Interpretation** Today the idiom is used to describe anyone who earns a living regardless of their profession or occupation. It implies that the person is providing for their family or loved ones and is often associated with a sense of responsibility hard work and financial stability. In a broader sense bringing home the bacon can also refer to: 1. **Financial stability**: Providing for one's family or loved ones through a steady income. 2. **Earning a living**: Successfully pursuing one's career or profession. 3. **Supporting oneself**: Being financially independent and self-sufficient. **Cultural Significance** The","","23","256","279","34.349","29.113","11.741","85.168","4.49332","140.74304","145.23637","2026-07-21T13:16:39.158213","2026-07-21T13:16:39.827802","2026-07-21T13:17:01.630842","2026-07-21T13:17:01.631361"
"13","1","13","Identify and correct the subject verb agreement error in the sentence.","The box of tools are in the garage.","The sentence should be corrected to: The box of tools is in the garage.","The error is in the use of the plural verb are with the singular subject box . To correct the error we need to change the verb to a singular form that matches the subject. In this case we should use the singular verb is . The corrected sentence is: The box of tools is in the garage.","","31","67","98","34.407","29.063","11.084","90.217","6.13394","38.58652","44.72046","2026-07-21T13:17:01.633723","2026-07-21T13:17:02.534690","2026-07-21T13:17:08.579223","2026-07-21T13:17:08.579606"
"14","1","14","Write a design document to describe a mobile game idea.","Game Idea: A battle royale game with a superhero and villain theme.","__Overview__ The game will be a multiplayer battle royale game where players can choose to play as superheroes or villains. The game will be set in an urban landscape and during the battle the players will need to fight to be the last one standing. __Gameplay__ The game begins with the players selecting their characters. There will be a selection of superheroes and villains to choose from each with its own unique abilities and powers. Once the players have chosen their characters they will be transported to an urban landscape that will serve as the battlefield. The objective of the game is to eliminate all other players and be the last one standing. The players' powers and abilities can be used to attack defend or move around the battlefield. The urban landscape will have plenty of hiding spots vantage points and areas with power-ups that will aid the players in the battle. As the battle progresses the playable area will shrink forcing players to move to a smaller area and increase the likelihood of encountering other players. The game will end when only one player is left standing. __Monetisation__ The game will be a free-to-play title with in-app purchases. These purchases can be used to buy new characters skins or power-ups. The game will also feature advertisements between rounds. __Target Audience__ The target audience for this game is teenagers and young adults who are fans of superhero and/or villain lore. The game will appeal to those who enjoy action-packed games with a competitive edge. __Design__ The game will feature colorful 3D graphics and will have a lively and action-packed soundtrack that will match the fast-paced gameplay. The controls will be intuitive with players able to move attack and activate their abilities through simple gestures. __Conclusion__ In conclusion this battle royale game with a superhero and villain theme promises to be an action-packed adrenaline-pumping experience for players. With a wide selection of characters to choose from and a dynamic urban battlefield the game will keep players engaged and entertained for hours on end.","**Design Document: Superhero Showdown ** **Game Concept:** Superhero Showdown is a mobile battle royale game that pits players against each other in a thrilling superhero-themed experience. Players will select from a variety of superheroes and villains each with unique abilities and playstyles and compete to be the last one standing on a massive map. **Gameplay Overview:** * **Game Modes:** + Solo: Play against the clock with the goal of being the last player standing. + Duo: Team up with a friend to take on other players. + Squad: Join a team of up to four players to dominate the competition. * **Match Structure:** + Each match begins with 20 players dropped onto a massive map. + Players will scavenge for resources build structures and fight each other to gain an advantage. + The playable area will shrink over time forcing players into closer combat. * **Superheroes and Villains:** + Each playable character will have unique abilities such as super strength agility or elemental powers. + Players will be able to unlock and upgrade their characters as they progress through the game. * **Resources:** + Players will collect","","35","256","291","34.963","28.602","11.407","87.665","6.58332","143.73163","150.31495","2026-07-21T13:17:08.581864","2026-07-21T13:17:09.582936","2026-07-21T13:17:32.025108","2026-07-21T13:17:32.025643"
"15","1","15","Infer the meaning of the phrase “you’re going over the top with that.”","","The phrase “you’re going over the top with that” typically means that someone is behaving in an excessive or exaggerated manner. They may be putting too much effort or emotion into something or taking an approach that is considered extreme. The phrase can also imply that the actions being taken are unnecessary or unwarranted.","A classic idiomatic expression! When someone says you're going over the top with that they're usually implying that you're taking something to an excessive or absurd degree. The phrase is thought to have originated from World War I where British soldiers wore a distinctive red field cap with a tall pointed crown known as the Tommy helmet. The phrase is a metaphor for overdoing it going beyond what's necessary or reasonable. In modern usage the phrase is often used to express that someone is being too enthusiastic extreme or exaggerated in their behavior attitude or actions. For example: * You're going over the top with your new business idea. It's just not feasible. (implying that the idea is too ambitious or unrealistic) * Stop going over the top with the decorations. It's just too much. (implying that the decorations are excessive or overwhelming) The phrase is often used in a lighthearted or humorous way but it can also be used to caution against overreacting or overemphasizing a situation.","","26","221","247","34.867","28.681","11.648","85.849","5.41972","122.53815","127.95786","2026-07-21T13:17:32.028008","2026-07-21T13:17:32.773707","2026-07-21T13:17:51.746259","2026-07-21T13:17:51.746637"
"16","1","16","Name two players from the Chiefs team?","","Two players from the Kansas City Chiefs team are Patrick Mahomes and Tyreek Hill.","Here are two players from the Kansas City Chiefs: 1. Patrick Mahomes (Quarterback) 2. Travis Kelce (Tight End)","","17","29","46","32.753","30.532","12.288","81.379","3.63603","15.22841","18.86445","2026-07-21T13:17:51.748683","2026-07-21T13:17:52.267722","2026-07-21T13:17:54.627700","2026-07-21T13:17:54.627960"
"17","1","17","Identify the chemical reaction type for the following equation.","Al + O2 → Al2O3","The chemical reaction type for the given equation Al + O2 → Al2O3 is a synthesis reaction or a direct combination reaction. In this reaction two or more substances Aluminum and Oxygen react to form a single product Aluminum oxide.","The chemical reaction type for the equation Al + O2 → Al2O3 is a combustion reaction specifically an oxidation reaction. Here's why: * Combustion reactions involve the combination of a substance (in this case aluminum) with oxygen (O2) to form a new compound (Al2O3). * The reaction involves the transfer of oxygen from the O2 to the aluminum (Al) resulting in the formation of a new compound. * The reaction is exothermic meaning it releases heat energy. So the reaction type is a combustion reaction or an oxidation reaction.","","29","120","149","35.327","28.307","11.248","88.906","5.92057","67.33052","73.25109","2026-07-21T13:17:54.629791","2026-07-21T13:17:55.450695","2026-07-21T13:18:06.119358","2026-07-21T13:18:06.119777"
"18","1","18","Generate a phrase using these words","love summer","Summer is the season of love and sunshine.","Here is a phrase using the words love and summer : I love the feeling of freedom and joy that comes with summer.","","19","27","46","33.069","30.240","11.159","89.616","3.68525","15.45970","19.14495","2026-07-21T13:18:06.121763","2026-07-21T13:18:06.696320","2026-07-21T13:18:09.115959","2026-07-21T13:18:09.116236"
"19","1","19","Split the following sentence into two separate sentences.","He said hello and waved goodbye.","He said hello. He waved goodbye.","Here are the two separate sentences: 1. He said hello. 2. He waved goodbye.","","25","19","44","33.967","29.440","11.825","84.565","5.00915","10.43544","15.44459","2026-07-21T13:18:09.118203","2026-07-21T13:18:09.854210","2026-07-21T13:18:11.460938","2026-07-21T13:18:11.461127"
"20","1","20","Generate a list of 10 items one would need to prepare a simple sandwich","","Here is a list of 10 items one would need to prepare a simple sandwich: 1. Sliced bread - Both white and whole wheat are fantastic options for a sandwich. 2. Spread - There are many sandwich spreads to choose from including mayonnaise mustard or butter. 3. Protein filling - Choose what you like best or whatever you have on hand like chicken ham turkey or tuna. 4. Lettuce - Fresh leaves of lettuce add a crunch to your sandwich and are a great source of fiber. 5. Tomato - Slice it and layer it in they add flavor and moisture to the sandwich. 6. Cheese - Slices of cheese like swiss cheddar or mozzarella add an extra level of taste and richness. 7. Onion - Thinly sliced red onion adds a sweet and slightly spicy flavor to the mix. 8. Cucumber - Thinly sliced cucumber is crisp refreshing and low in calories. 9. Salt and pepper - A little seasoning brings out the flavor of all the other ingredients. 10. A knife - You will need a knife to spread condiments slice vegetables and cut your sandwich in half if preferred.","Here is a list of 10 items you would need to prepare a simple sandwich: 1. **Bread**: 2 slices of your preferred type of bread (white whole wheat or your favorite flavor) 2. **Meat/Protein**: Your choice of meat such as turkey ham roast beef chicken or veggie options like tofu or hummus 3. **Cheese**: Sliced cheese such as cheddar Swiss or American 4. **Vegetables**: Lettuce tomato cucumber or other favorite vegetables 5. **Spreads**: Mayonnaise mustard or your favorite spread 6. **Knife**: A sharp knife for spreading and cutting the ingredients 7. **Cutting Board**: A clean flat surface for preparing the ingredients 8. **Plate**: A plate for assembling the sandwich 9. **Optional Toppings**: Additional toppings like pickles olives or avocado 10. **Water or Drink**: A refreshing drink such as water juice or soda to enjoy with your sandwich Remember you can always add or subtract items based on your personal preferences and dietary needs!","","24","243","267","35.264","28.358","10.771","92.842","4.48125","141.63074","146.11200","2026-07-21T13:18:11.462958","2026-07-21T13:18:12.143544","2026-07-21T13:18:34.704101","2026-07-21T13:18:34.704580"
"21","1","21","Create a list of website ideas that can help busy people.","","1. Virtual Assistant Services: A website that provides virtual assistance services to busy individuals to assist them with their daily tasks and commitments. 2. Online Grocery Delivery: A website that specializes in delivering groceries right to the doorstep saving busy people the time and effort of going to the grocery store. 3. Appointment Scheduling: A website that provides an easy and efficient way to schedule appointments book reservations and manage a busy calendar. 4. On-Demand Cleaning Services: A website that offers on-demand cleaning services making it easier for busy individuals to keep their homes tidy without sacrificing their time. 5. Personal Concierge: A website that provides personal concierge services for busy people such as booking travel arrangements conducting research or running errands. 6. Virtual Nutritionist: A website that provides personalized nutrition plans and meal recommendations for busy individuals who want to eat healthily but don't have the time to plan their meals. 7.Task Management: A website that helps busy people manage and organize their tasks and responsibilities prioritizing them and ensuring nothing falls through the cracks. 8. Virtual Fitness trainer: A website that provides personalized virtual fitness training for busy people who don't have the time to hit the gym. 9. Virtual Therapy: A website that offers virtual therapy and mental health services providing a convenient and accessible way for busy individuals to prioritize their mental health and well-being. 10. On-demand Child-care Services: A website that provides on-demand childcare services to help busy parents find reliable and trustworthy caregivers for their children when they need an extra hand.","Here are some website ideas that can help busy people: 1. **Time Management Tool**: A website that helps users prioritize tasks set goals and manage their time more efficiently. 2. **Meal Planning and Grocery List Generator**: A website that allows users to input their dietary needs and preferences and generates a meal plan and grocery list for the week. 3. **Personalized Productivity Planner**: A website that creates a customized productivity planner based on the user's schedule goals and priorities. 4. **Commute Companion**: A website that provides users with information on public transportation schedules traffic updates and bike routes to help them navigate their daily commute. 5. **Sleep and Wake-Up Light Simulator**: A website that simulates a sunrise and sunset to help users wake up and fall asleep at the right times. 6. **Mental Health and Wellness Resource**: A website that offers guided meditations mood tracking tools and access to mental health professionals. 7. **Fitness and Exercise Program**: A website that provides personalized fitness plans workout routines and motivational content to help users stay active and healthy. 8. **Household Chore Management**: A website that helps users create and manage a chore schedule assign tasks to family members and track progress. 9.","","21","256","277","34.705","28.814","11.774","84.934","4.35963","140.37521","144.73484","2026-07-21T13:18:34.706746","2026-07-21T13:18:35.311839","2026-07-21T13:18:57.054959","2026-07-21T13:18:57.055368"
"22","1","22","Write a general overview of quantum computing","","Quantum computing is a relatively new and rapidly evolving field that seeks to harness the principles of quantum mechanics to perform operations on data in ways that classical computers cannot. At its core a quantum computer uses qubits (quantum bits) rather than the traditional bits of classical computing. A qubit is a unit of quantum information that can exist in both a 0 and 1 state simultaneously due to the quantum phenomenon known as superposition. This ability to occupy multiple states at once allows qubits to perform multiple calculations simultaneously potentially allowing quantum computers to solve certain problems much faster than their classical counterparts. For certain tasks such as factoring large numbers quantum computers can offer significant advantages in speed and efficiency. Quantum mechanics also allows for another powerful capability called entanglement which is a kind of correlation between separated particles that allows them to behave as one system even when separated by large distances. This property can be leveraged to create quantum algorithms that are more efficient than classical algorithms for specific types of problems such as optimization or machine learning. The field of quantum computing is still in its early stages and both theoretical and practical challenges remain. However as technology improves quantum computers are expected to have major implications for fields such as cryptography chemistry and artificial intelligence among others.","Here's a general overview of quantum computing: **What is Quantum Computing?** Quantum computing is a new paradigm for computing that uses the principles of quantum mechanics to perform calculations and operations on data. Unlike classical computers which use bits to represent information as either 0 or 1 quantum computers use quantum bits or qubits which can exist in multiple states simultaneously. **Key Characteristics of Quantum Computing** 1. **Superposition**: Qubits can exist in multiple states (0 1 or both) at the same time allowing for the processing of multiple possibilities simultaneously. 2. **Entanglement**: Qubits can become entangled meaning their properties are connected even when separated by large distances. 3. **Quantum Interference**: Qubits can exhibit interference patterns allowing for the manipulation of quantum states. 4. **Quantum Measurement**: The act of measuring a qubit's state can change its behavior which is known as wave function collapse. **Quantum Computing Applications** 1. **Cryptography**: Quantum computers can potentially break many encryption algorithms currently in use but they can also be used to create new quantum-resistant ciphers. 2. **Optimization**: Quantum computers can quickly solve complex optimization problems which can lead to","","16","256","272","30.535","32.749","11.791","84.812","3.56758","140.60872","144.17630","2026-07-21T13:18:57.057525","2026-07-21T13:18:57.581511","2026-07-21T13:19:19.293372","2026-07-21T13:19:19.293902"
"23","1","23","State the possible outcomes of a six-sided dice roll.","","The possible outcomes of rolling a six-sided dice are: 1 2 3 4 5 and 6. Each number has an equal probability of being rolled which is 1/6.","A six-sided dice roll has six possible outcomes which are the numbers 1 through 6.","","20","20","40","33.644","29.723","10.529","94.975","3.73932","12.18770","15.92702","2026-07-21T13:19:19.296213","2026-07-21T13:19:19.890680","2026-07-21T13:19:21.790184","2026-07-21T13:19:21.790429"
"24","1","24","Rearrange the following words to make a meaningful sentence: the / project / was / but / on / successful / challenging.","","The project was challenging but successful.","Here is a rearranged sentence using the given words: The project was challenging but on successful. Or if you'd like a slightly different sentence: The project was on successful terms but challenging.","","35","41","76","34.991","28.579","11.191","89.355","6.66594","23.39176","30.05770","2026-07-21T13:19:21.792426","2026-07-21T13:19:22.792689","2026-07-21T13:19:26.456255","2026-07-21T13:19:26.456557"
"25","1","25","Create a quiz that asks about the first Thanksgiving.","","H Welcome to the Thanksgiving Quiz! Are you ready to test your knowledge about the first Thanksgiving? Let's begin! 1) In what year was the first Thanksgiving celebration held? a) 1512 b) 1621 c) 1700 d) 1776 2) The pilgrims celebrated the first Thanksgiving with which Native American tribe? a) Cherokee b) Sioux c) Wampanoag d) Navajo 3) Why did the pilgrims celebrate the first Thanksgiving? a) To celebrate their arrival in America b) To give thanks for a successful harvest c) To mark the end of a war d) To celebrate a wedding 4) What was the main dish served at the first Thanksgiving? a) Turkey b) Beef c) Venison d) Ham 5) How long did the first Thanksgiving celebration last? a) 1 day b) 3 days c) 1 week d) 2 weeks 6) True or False: The first Thanksgiving was actually called Thanksgiving by the pilgrims. 7) Which of these foods were NOT served at the first Thanksgiving? a) Pumpkins b) Potatoes c) Corn d) Cranberries 8) True or False: The first Thanksgiving was a religious event. 9) Who organized the first Thanksgiving feast? a) William Bradford b) John Smith c) Christopher Columbus d) George Washington 10) How many people attended the first Thanksgiving? a) 50 b) 90 c) 120 d) 140 Answers: 1) b) 1621 2) c) Wampanoag 3) b) To give thanks for a successful harvest 4) c) Venison 5) b) 3 days 6) False 7)b) Potatoes 8)False 9) a) William Bradford 10) b) 90 Congratulations for finishing the quiz! How many questions did you answer correctly?","Here's a short quiz about the first Thanksgiving: **The First Thanksgiving Quiz** **1. Who are credited with hosting the first Thanksgiving?** a) The Pilgrims and the Native Americans b) The Wampanoag tribe and William Bradford c) The English colonists and the Powhatan tribe d) The Spanish conquistadors and the Native Americans Answer: a) The Pilgrims and the Native Americans **2. What was the main reason for the Pilgrims' journey to America?** a) To establish a new trade route b) To escape persecution in England c) To find gold and riches d) To explore new lands Answer: b) To escape persecution in England **3. Which Native American tribe helped the Pilgrims adapt to their new environment?** a) Wampanoag b) Iroquois c) Cherokee d) Navajo Answer: a) Wampanoag **4. What was the date of the first Thanksgiving?** a) October 1621 b) November 1621 c) December 1621 d) January 1622 Answer: a) October 1621 **","","19","256","275","33.023","30.282","11.373","87.927","3.70692","143.31595","147.02286","2026-07-21T13:19:26.458371","2026-07-21T13:19:27.033732","2026-07-21T13:19:49.542960","2026-07-21T13:19:49.543411"
"26","1","26","Given a quotation present an argument as to why it is relevant today.","Everybody is a genius. But if you judge a fish by its ability to climb a tree it will live its whole life believing that it is stupid. – Albert Einstein","The quotation by Albert Einstein is as relevant today as it was when he first spoke these words. The quote reminds us of the importance of recognizing the value of diverse talents skills and abilities. In today's society there is a lot of pressure to conform to certain standards and benchmarks of success which often involves excelling in traditional academic subjects and pursuing certain career paths. However Einstein's words remind us that everyone has their own unique strengths and abilities and judging someone by a narrow set of criteria is unfair and can lead to feelings of inadequacy and low self-esteem. This is especially relevant in the context of education where standardized testing and cookie-cutter curriculums often fail to account for the diverse range of abilities and learning styles among students. The quote also speaks to the importance of celebrating diversity and individuality rather than trying to fit everyone into the same mold. By recognizing and nurturing the unique talents and abilities of each person we can create a more inclusive and equitable society where everyone has the opportunity to reach their full potential.","What a profound and timeless quote by Albert Einstein! At first glance it may seem like a humorous anecdote but I'd like to argue that it remains remarkably relevant today. In an era where social media self-help culture and competition for validation have created a toxic environment of constant comparison this quote serves as a poignant reminder to be mindful of our self-worth. We're living in a world where people are often more focused on their perceived shortcomings than their genuine strengths. The quote highlights the dangers of the impostor syndrome where individuals feel like they don't measure up to societal expectations. We're constantly bombarded with messages telling us that we're not good enough smart enough or accomplished enough. This can lead to feelings of inadequacy self-doubt and anxiety. However Einstein's quote also reminds us that everyone has unique abilities and talents that are essential to their well-being. By focusing on these strengths we can cultivate a more positive and growth-oriented mindset. In today's fast-paced and often unforgiving work environment it's easy to get caught up in the tree-climbing mentality. We might feel like we need to excel in every area meet impossible standards or constantly prove ourselves to others","","59","256","315","37.324","26.792","10.880","91.909","11.26493","148.46134","159.72627","2026-07-21T13:19:49.545969","2026-07-21T13:19:51.126720","2026-07-21T13:20:14.655356","2026-07-21T13:20:14.655859"
"27","1","27","You are given an article about a new scientific discovery. Provide three potential implications of the discovery.","In a groundbreaking discovery researchers have successfully generated electricity from a material that mimics the way plants produce energy through photosynthesis. The material a synthetic polymer can absorb sunlight and produce electrical current with remarkable efficiency. This discovery has the potential to revolutionize the renewable energy landscape.","1. Reduction in the use of fossil fuels: If the synthetic material can be commercialized it could contribute to a shift away from fossil fuels reducing greenhouse gas emissions.\n2. Development of new technology: The discovery could pave the way for the development of new solar energy technologies such as flexible and portable solar panels.\n3. Widespread implementation of renewable energy: Given the potential efficiency of the new material more people and businesses may embrace renewable energy sources helping to combat climate change.","Here are three potential implications of this groundbreaking discovery: 1. **Transformative Renewable Energy Source**: The ability to harness energy from a material that mimics photosynthesis could lead to a game-changer in the field of renewable energy. This technology could potentially power entire cities communities or even entire nations reducing our reliance on fossil fuels and mitigating climate change. Imagine a world where electricity is generated from sunlight rather than coal or gas and where the environmental impact is significantly reduced. 2. **New Materials for Sustainable Infrastructure**: The discovery of a synthetic polymer that can mimic photosynthesis could lead to the development of new materials for sustainable infrastructure. These materials could be used to create buildings roads and other structures that are not only energy-efficient but also environmentally friendly. For example buildings could be designed with integrated solar panels that generate electricity while also providing insulation and structural support. 3. **Advancements in Energy Storage and Grid Management**: The development of a new energy source that can harness sunlight with remarkable efficiency could also lead to breakthroughs in energy storage and grid management. This technology could enable the widespread adoption of intermittent energy sources such as solar and wind power by providing a reliable and efficient means of storing excess energy generated during periods of high production. This in","","84","256","340","33.775","29.608","11.738","85.191","17.38566","141.25567","158.64133","2026-07-21T13:20:14.658716","2026-07-21T13:20:17.145776","2026-07-21T13:20:38.954755","2026-07-21T13:20:38.955137"
"28","1","28","Answer the given open-ended question.","What is the most common emotion people feel when they lose a loved one?","The most common emotion people feel when they lose a loved one is grief. Grief is a natural response to loss and it involves a range of feelings from sadness and disbelief to anger guilt and loneliness. The grieving process is different for everyone and it can take time for people to come to terms with their loss and begin to heal.","The most common emotion people feel when they lose a loved one is often a mix of intense sadness grief and emotional pain. However if I had to pinpoint a single emotion it would be sadness. Sadness is a universal human emotion that can manifest in various forms such as: * Grief: a deep and often overwhelming feeling of loss and emptiness * Sorrow: a feeling of regret remorse and disappointment * Melancholy: a persistent and introspective feeling of sadness and despair * Loneliness: a feeling of isolation and disconnection from others These emotions can be intense and all-consuming making it challenging for individuals to cope with the loss. The pain of losing a loved one can be so profound that it can affect daily life relationships and overall well-being. It's worth noting that everyone experiences grief differently and the intensity and duration of these emotions can vary greatly from person to person. Additionally cultural personal and individual differences can also influence the emotional response to loss.","","31","208","239","28.360","35.261","11.443","87.393","6.72044","116.50272","123.22316","2026-07-21T13:20:38.957498","2026-07-21T13:20:40.050591","2026-07-21T13:20:58.228269","2026-07-21T13:20:58.228742"
"29","1","29","Construct a compound word using the following two words:","Computer science","The compound word constructed from the words computer and science is: Computer science","Here's a compound word: Computer Science .","","22","10","32","25.410","39.355","8.681","115.194","5.44092","6.84724","12.28816","2026-07-21T13:20:58.230871","2026-07-21T13:20:59.096687","2026-07-21T13:21:00.248627","2026-07-21T13:21:00.248900"
"30","1","30","Create a poetic metaphor that compares the provided person to an object or concept.","A runner","A runner is like a flame Fueled by the fire in their heart Racing with passion flickering with grace A force that cannot be easily extinguished Motion in its purest form A light that guides the way.","She is a river unyielding and wild carving a path through the city's concrete heart her feet a gentle lapping at the shores of her soul.","","26","34","60","34.990","28.579","10.135","98.668","5.34768","20.47904","25.82672","2026-07-21T13:21:00.250847","2026-07-21T13:21:00.993909","2026-07-21T13:21:04.348634","2026-07-21T13:21:04.348861"
"31","1","31","List the advantages of eating a plant-based diet for athletes.","","1. Improved Heart Health: A plant-based diet has been shown to decrease the risk of heart disease and other cardiovascular issues making it an excellent choice for athletes who need to keep their heart in top condition. 2. Enhanced Recovery Time: The anti-inflammatory properties of plant foods can help speed up recovery time post-workout by reducing inflammation and muscle soreness. 3. Increased Energy: Many plant foods contain complex carbohydrates that provide sustained energy making it easier to train harder for longer. 4. Healthy Weight Maintenance: Plant-based diets are usually high in fiber and low in saturated fats which makes it easier to maintain a healthy weight reducing the risk of obesity and related health conditions. 5. Reduced Risk of Chronic Diseases: Plant-based diets have been linked to a lower risk of chronic diseases such as diabetes and certain types of cancer keeping athletes in excellent overall health. 6. Better Digestion: The high fiber content of plant-based diets aids in digestion reducing the risk of gastrointestinal problems that can interfere with athletic performance. 7. Increased Nutrient Intake: Plant foods are rich in essential vitamins and minerals that enhance overall health and improve athletic performance such as iron for oxygen transport and calcium for strong bones. 8. Positive Environmental Impact: Eating a plant-based diet is not just good for athletes' health it also has a positive impact on the environment by reducing the carbon footprint of food production. 9. Cost-Effective: Plant-based diets can be cost-effective making it easier for athletes to eat healthily on a budget. 10. Improved Mental Health: Plant foods have been shown to improve mood and reduce anxiety and depression improving the overall mental wellbeing of athletes.","Here are the advantages of eating a plant-based diet for athletes: 1. **Increased Energy**: Plant-based diets tend to be high in carbohydrates fiber and antioxidants which can help increase energy levels and reduce fatigue. 2. **Weight Loss**: Plant-based diets are often lower in calories and higher in fiber making it easier to maintain a healthy weight and reduce the risk of obesity-related health problems. 3. **Improved Performance**: Plant-based diets can improve athletic performance by reducing inflammation improving blood flow and enhancing recovery. 4. **Reduced Risk of Chronic Diseases**: A plant-based diet has been shown to reduce the risk of chronic diseases such as heart disease type 2 diabetes and certain types of cancer. 5. **Improved Gut Health**: Plant-based diets are high in fiber which can help promote a healthy gut microbiome and support immune function. 6. **Lower Risk of Injury**: A plant-based diet can help reduce the risk of injury by reducing inflammation and promoting recovery. 7. **Improved Immune Function**: Plant-based diets are high in antioxidants and other immune-boosting compounds which can help support immune function and reduce the risk of illness. 8. **Reduced Risk of Kidney Stone Formation**: A plant-based diet can help reduce","","21","256","277","25.807","38.748","11.479","87.119","5.13421","142.35845","147.49266","2026-07-21T13:21:04.350822","2026-07-21T13:21:05.164539","2026-07-21T13:21:27.466973","2026-07-21T13:21:27.467456"
"32","1","32","Generate a conversation about sports between two friends.","","Friend 1: Hey did you watch the game last night? Friend 2: Which one? There were so many on! Friend 1: The football game between the Steelers and the Ravens. Friend 2: Oh yes I did catch that one. It was a great game! Friend 1: Yeah the Steelers really pulled through in the end. Friend 2: I know! I was biting my nails the whole time. Friend 1: Did you see that catch by Brown? Friend 2: Oh yeah! That was insane. Friend 1: It's always great to watch these two teams play against each other. Friend 2: Definitely. They have such a strong rivalry. Friend 1: Speaking of rivalries are you planning on watching the basketball game between the Lakers and the Celtics next week? Friend 2: Yeah I'm really looking forward to that one. It's always a classic matchup. Friend 1: I know right? It's going to be epic. Friend 2: I can't wait. It's going to be a great game. Friend 1: For sure. Sports are always so much more exciting when there's a good rivalry involved. Friend 2: Agreed. It just adds an extra layer of excitement to the game.","Here's a conversation between two friends Alex and Ryan about sports: **Alex:** Hey Ryan! How's it going? How was your weekend? **Ryan:** It was great thanks! I watched a bunch of football games and I'm still hyped for the playoffs. How about you? **Alex:** Ah nice! I was at a friend's house for a fantasy football draft so I spent most of the weekend arguing with my friends about who should be on my team. (laughs) **Ryan:** (laughs) That sounds like a blast! I love fantasy football. But seriously did you catch any of the recent NBA games? **Alex:** Yeah I watched a few games over the weekend. The Lakers are looking good but I'm still not convinced they can win it all. **Ryan:** I agree they're so inconsistent. But you know who's been playing great? Giannis. He's a beast! **Alex:** Totally! I mean the guy's a freak athlete. But I'm still not sure if he can lead the Bucks all the way to the championship. **Ryan:** That's what I love about basketball though - it's all about individual performance. One guy can carry a team to the","","18","256","274","33.974","29.434","11.755","85.069","3.72680","140.25692","143.98372","2026-07-21T13:21:27.469815","2026-07-21T13:21:27.999626","2026-07-21T13:21:49.777332","2026-07-21T13:21:49.777806"
"33","1","33","Create an algorithm to sort the following numbers from the smallest to the largest","[45 -102 10 3400]","Here is one potential algorithm to sort the provided list of numbers from smallest to largest: 1. Start by defining the input list of numbers: `numbers = [45 -102 10 3400]` 2. Create an empty list to store the sorted numbers: `sorted_numbers = []` 3. Find the smallest number in the input list: `smallest_number = min(numbers)` 4. Add the smallest number to the sorted list: `sorted_numbers.append(smallest_number)` 5. Remove the smallest number from the input list: `numbers.remove(smallest_number)` 6. Repeat steps 3-5 until the input list is empty. 7. The resulting sorted list should be: `sorted_numbers = [-102 10 45 3400]`","Here is an algorithm to sort the numbers from smallest to largest: **Algorithm:** 1. Initialize an empty array to store the sorted numbers. 2. Compare the first number in the original array (45) with the first number in the sorted array (which is empty so it's smaller). 3. If the first number in the original array is smaller swap it with the first number in the sorted array. 4. Move to the next number in the original array. 5. Compare the current number with the first number in the sorted array. 6. If the current number is smaller swap it with the first number in the sorted array. 7. Repeat steps 4-6 until the original array is exhausted. 8. The sorted array is now complete. **Implementation:** Here is the algorithm implemented in Python: ```python def sort_numbers(numbers): sorted_numbers = [] for num in numbers: if not sorted_numbers or num < sorted_numbers[0]: sorted_numbers.insert(0 num) else: sorted_numbers.append(num) return sorted_numbers numbers = [45 -102 10 34 00] sorted_numbers = sort_numbers(numbers) print(sorted_numbers) # [10 -","","37","255","292","34.726","28.797","10.846","92.200","7.40405","148.42568","155.82974","2026-07-21T13:21:49.780165","2026-07-21T13:21:50.845647","2026-07-21T13:22:14.356712","2026-07-21T13:22:14.357184"
"34","1","34","Write a haiku about being happy.","","Blossom in the sun Laughter and joy become one Happiness has won.","Joyful heart abides Sunshine warms my smiling face Happiness found","","17","17","34","32.148","31.106","13.688","73.056","3.72473","8.11794","11.84267","2026-07-21T13:22:14.359218","2026-07-21T13:22:14.888026","2026-07-21T13:22:16.129981","2026-07-21T13:22:16.130222"
"35","1","35","Write a javascript function which calculates the square root of a number without any libraries.","","Sure here's an example: ``` function calculateSquareRoot(num) { if (num < 0) return NaN if (num === 0) return 0 let x = num while (true) { const new_x = (x + num / x) / 2 if (Math.abs(new_x - x) < 0.000001) return new_x x = new_x } } ``` This function uses the Babylonian method for computing square roots which is an iterative method that repeatedly improves the estimate of the square root using the formula: `x_(n+1) = (x_n + num / x_n) / 2`. The loop continues until the difference between the current estimate and the previous estimate is less than some small epsilon (in this case `0.000001`).","**Calculating Square Root without Libraries** ===================================================== Here is a simple JavaScript function that calculates the square root of a number without using any libraries. ```javascript /** * Calculates the square root of a number. * * @param {number} num - The number for which to calculate the square root. * @returns {number} The square root of the number. */ function sqrt(num) { if (num < 0) { throw new Error( Cannot calculate square root of negative number ) } if (num === 0 || num === 1) { return num } let x = num let y = (x + 1) / 2 let error = 1 while (error > 0.00001) { error = Math.abs(x - y) x = y y = (x + num / x) / 2 } return y } ``` **Explanation** --------------- This function uses the Babylonian method for square root calculation which is an iterative method that refines an initial estimate of the square root until it converges to the actual value. Here's a step-by-step breakdown of the function: 1.","","25","255","280","34.379","29.088","11.176","89.477","5.26037","144.98901","150.24938","2026-07-21T13:22:16.132011","2026-07-21T13:22:16.859200","2026-07-21T13:22:39.675743","2026-07-21T13:22:39.676226"
"36","1","36","Output a review of a movie.","Movie title: The Shawshank Redemption","The Shawshank Redemption is a timeless classic that redefines the genre of drama films. The story is set in a prison where the main character Andy is sentenced to life imprisonment. The film follows his journey as he navigates through the harsh environment of the prison while forming a close bond with a fellow inmate named Red. The performances by the lead actors Tim Robbins and Morgan Freeman are nothing short of exceptional. The depth of emotion they bring to each of their characters is truly remarkable and they manage to convey the resilience of the human spirit in the face of adversity. The direction by Frank Darabont is brilliant and the film is filled with moments that are both poignant and powerful. The screenplay is equally impressive and brings to life the characters in a manner that is both realistic and deeply moving. Overall The Shawshank Redemption is a film that leaves a lasting impression on the viewer. It is a tale of hope friendship and redemption that is sure to touch the hearts of all those who watch it. Highly recommended!","**A Timeless Tale of Hope and Redemption: A Review of The Shawshank Redemption** Directed by Frank Darabont The Shawshank Redemption is a masterful drama that has captivated audiences for decades with its powerful storytelling outstanding performances and thought-provoking themes. Released in 1994 this highly acclaimed film has stood the test of time cementing its place as one of the greatest movies of all time. The movie follows the journey of two prisoners Andy Dufresne (Tim Robbins) and Red (Morgan Freeman) as they navigate the harsh realities of life inside Shawshank State Penitentiary. Andy a banker wrongly convicted of murder uses his intelligence and resourcefulness to survive the brutal prison system while Red a lifer finds himself drawn to Andy's optimism and determination. Through its well-crafted narrative The Shawshank Redemption explores themes of hope redemption and the power of the human spirit. The film's pacing is expertly managed building tension and emotional resonance as the story unfolds. The performances by the lead actors are superb with Robbins and Freeman delivering nuanced heartfelt portrayals of two men bound together by their shared experiences. The supporting cast including Bob","","24","256","280","35.226","28.388","11.097","90.112","4.47428","146.62547","151.09975","2026-07-21T13:22:39.678373","2026-07-21T13:22:40.359692","2026-07-21T13:23:03.428289","2026-07-21T13:23:03.428824"
"37","1","37","Suggest three foods to help with weight loss.","","1. Leafy Greens: Foods such as spinach kale and collard greens are low in calories but high in fiber making them excellent choices for weight loss. These greens can help you feel full and reduce your overall calorie intake. 2. Lean Protein: Foods such as chicken turkey fish and tofu are great sources of lean protein. Protein is an important nutrient for weight loss because it can help you feel full reduce cravings and provide energy for workouts. 3. Whole Grains: Whole grains such as oats brown rice and quinoa can be great for weight loss because they are packed with fiber and nutrients. These foods can help you feel full for longer periods of time and provide sustained energy throughout the day.","Here are three foods that can help with weight loss: 1. **Leafy Greens (such as Spinach Kale and Collard Greens)**: Leafy greens are low in calories high in fiber and rich in nutrients like iron calcium and vitamins. They're also very filling which can help reduce hunger and support weight loss. Add them to salads smoothies or sauté them with garlic as a side dish. 2. **Cruciferous Vegetables (such as Broccoli Cauliflower and Brussels Sprouts)**: Like leafy greens cruciferous veggies are low in calories and high in fiber making them very filling. They're also rich in vitamins minerals and antioxidants which can help boost metabolism and support weight loss. Roast them in the oven with a drizzle of olive oil for a tasty side dish. 3. **Fatty Fish (such as Salmon Sardines and Tuna)**: Fatty fish are high in protein and healthy fats which can help keep you full and satisfied. They're also rich in omega-3 fatty acids which can help reduce inflammation and support weight loss. Grill or bake them with a squeeze of lemon for a healthy and delicious meal.","","19","256","275","32.998","30.305","11.456","87.291","3.71659","144.65412","148.37071","2026-07-21T13:23:03.431046","2026-07-21T13:23:04.006847","2026-07-21T13:23:26.353302","2026-07-21T13:23:26.353683"
"38","1","38","You are provided with a definition of a word. Generate an example sentence that illustrates the meaning of the word.","Word: Dire Definition: Dire means very serious or desperate often has negative connotations.","The company was in dire financial straits and on the brink of bankruptcy.","Here's an example sentence: The dire situation at the hospital was made worse by the news that the medical supplies were running critically low and the staff were frantically racing against time to save the patient's life.","","50","43","93","31.868","31.379","11.795","84.780","10.50424","23.60886","34.11310","2026-07-21T13:23:26.356252","2026-07-21T13:23:27.925205","2026-07-21T13:23:31.570749","2026-07-21T13:23:31.571035"
"39","1","39","Design the hierarchy of a database for a grocery store.","","A grocery store database hierarchy could be organized in the following structure: 1. **Store Information**: This would include details about the store such as its name location address and contact information. 2. **Department**: The store could be divided into different departments such as produce dairy meat bakery and others. Each department could have its own information such as its name description and location within the store. 3. **Product**: Each department would have its own set of products. Product information could include its name description brand packaging price and stock quantity. 4. **Employee**: The database would also contain information about the store's employees such as their name contact information role or position hire date and salary. 5. **Customer**: The database could also store information about the store's customers such as their name contact information and shopping history. 6. **Transaction**: The database would need to store information about the store's transactions or sales. This could include the date and time of the transaction the customer who made the purchase the products purchased the total cost and the payment method used. This hierarchical structure would enable the grocery store to keep track of all its departments products employees customers and transactions in an organized and efficient manner.","Here is a suggested hierarchy for a database for a grocery store: **Database Schema** The database schema is divided into several tables each representing a different entity in the grocery store. 1. **Customers** * Customer ID (primary key unique identifier for each customer) * Name * Address * Phone Number * Email * Password (hashed for security) 2. **Products** * Product ID (primary key unique identifier for each product) * Product Name * Description * Price * Quantity * Category (e.g. produce meat dairy etc.) 3. **Orders** * Order ID (primary key unique identifier for each order) * Customer ID (foreign key referencing the Customers table) * Order Date * Total Cost * Status (e.g. pending shipped cancelled) 4. **Order Items** * Order Item ID (primary key unique identifier for each order item) * Order ID (foreign key referencing the Orders table) * Product ID (foreign key referencing the Products table) * Quantity * Unit Price 5. **Suppliers** * Supplier ID (primary key unique identifier","","20","256","276","33.690","29.682","11.897","84.055","3.69409","140.68922","144.38331","2026-07-21T13:23:31.573196","2026-07-21T13:23:32.166837","2026-07-21T13:23:53.685005","2026-07-21T13:23:53.685545"
"40","1","40","Provide three tips for writing a good cover letter.","","1. Personalize it: Customize your cover letter for the specific job and company to which you're applying. Address it to the hiring manager if possible and mention the company's name and the job title at least once. Show an understanding of the company's mission and explain why you would be a good fit for both the position and the company culture. 2. Highlight your skills and achievements: Mention your relevant skills and give specific examples of how you have used them to achieve successes in the past. This will help the hiring manager see how your skills could be applied in the new position and it will help them understand what you might bring to the company. 3. Keep it brief and direct: A cover letter should be no more than one page with clear and concise paragraphs. Avoid repeating information from your resume and instead focus on the most important details that you want the hiring manager to know. End your letter with a call to action such as requesting an interview or stating that you are looking forward to hearing from them.","Here are three tips for writing a good cover letter: **1. Tailor your letter to the job and company** A good cover letter should address the specific requirements of the job you're applying for and show how your skills experience and education align with the position. Research the company and the job description to understand the language and tone used and incorporate relevant keywords and phrases into your letter. This will help you stand out from other applicants and demonstrate your enthusiasm for the position. **2. Use a clear and concise writing style** Your cover letter should be easy to read and understand with a clear and concise writing style. Avoid using jargon or overly technical language that may confuse the reader. Use simple clear sentences to convey your message and make sure each paragraph has a clear purpose. Keep your letter to one page unless specifically instructed otherwise and use bullet points or numbered lists to break up large blocks of text. **3. Show don't tell - use specific examples** A good cover letter should be more than just a statement of qualifications. It should demonstrate your skills and experience through specific examples or anecdotes. This will help the reader visualize you in the role and understand how you can contribute to the company. For example if you're applying for","","19","256","275","33.012","30.292","11.115","89.972","3.72764","146.26397","149.99161","2026-07-21T13:23:53.688038","2026-07-21T13:23:54.263595","2026-07-21T13:24:17.296338","2026-07-21T13:24:17.296848"
"41","1","41","Order the following list of ingredients from lowest to highest in calories","Almonds black beans cheddar cheese","Here is the list of ingredients ordered from lowest to highest in calories: 1. Black beans 2. Almonds 3. Cheddar cheese","Here is the list of ingredients ordered from lowest to highest in calories per serving: * Black beans (1/2 cup cooked): approximately 110-120 calories * Almonds (1 ounce or 23 nuts): approximately 161 calories * Cheddar cheese (1 ounce or 28 grams): approximately 115-130 calories (varies depending on type and brand) Please note that the calorie counts are approximate and can vary depending on the specific type and brand of each ingredient.","","31","98","129","28.235","35.417","11.129","89.854","7.03717","55.69559","62.73275","2026-07-21T13:24:17.299426","2026-07-21T13:24:18.397356","2026-07-21T13:24:27.203086","2026-07-21T13:24:27.203516"
"42","1","42","Summarize the given film review: The movie has a strong premise but is filled with cliched dialogue and over-the-top acting.","","The film has a good idea but is hindered by unoriginal writing and exaggerated performances.","The review is stating that a movie has a good starting point but it falls short due to overly familiar and melodramatic language being used as well as excessive dramatic flair from the actors.","","36","39","75","34.225","29.219","11.011","90.814","7.32769","22.24455","29.57224","2026-07-21T13:24:27.206010","2026-07-21T13:24:28.257877","2026-07-21T13:24:31.799640","2026-07-21T13:24:31.799924"
"43","1","43","Which type of pronouns can be used to replace the word 'it'?","","The word it is a pronoun that is used to refer to a singular noun that is not a person such as an object or an animal. It can be replaced by other pronouns like that this he (if the object is personified) and she (if the object is personified). In cases where it is used to refer to an unspecific or unknown thing the pronouns something or anything may be used as replacements.","The type of pronouns that can be used to replace the word it is a type of personal pronoun called reflexive pronouns. Specifically the reflexive pronouns that can replace it are: * myself * yourself * himself * herself * itself * themselves These reflexive pronouns can be used as a replacement for it when referring to a person or animal and can be used in a variety of contexts such as: * The cat chased itself around the house. * The teacher told herself to stay calm. * The actor praised himself for his performance. Note that while reflexive pronouns can replace it in some cases it can also be used as a pronoun to refer to an object or animal in which case other types of pronouns such as: * he * she * they * them * its can be used to replace it .","","24","198","222","26.653","37.519","11.635","85.949","5.83622","109.94503","115.78126","2026-07-21T13:24:31.802074","2026-07-21T13:24:32.702533","2026-07-21T13:24:49.720422","2026-07-21T13:24:49.720845"
"44","1","44","Organize these three pieces of information in chronological order","- The acceptance of the Constitution - The signing of the Declaration of Independence - The Battle of Saratoga","1. The signing of the Declaration of Independence 2. The Battle of Saratoga 3. The acceptance of the Constitution","Here are the three pieces of information in chronological order: 1. The signing of the Declaration of Independence (July 4 1776) 2. The Battle of Saratoga (October 7 1777) 3. The acceptance of the Constitution (December 20 1787) Let me know if you have any further questions!","","43","72","115","35.986","27.789","10.875","91.957","8.19024","42.47575","50.66598","2026-07-21T13:24:49.723283","2026-07-21T13:24:50.918205","2026-07-21T13:24:57.539113","2026-07-21T13:24:57.539428"
"45","1","45","Describe the process of photosynthesis in 5 sentences.","","Photosynthesis is the process by which plants algae and some bacteria convert sunlight into chemical energy in the form of glucose or other sugars. This process takes place in the chloroplasts which contain chlorophyll the pigment that absorbs light energy. During photosynthesis carbon dioxide (CO2) and water (H2O) are used in the presence of light to produce glucose (C6H12O6) and oxygen (O2). The process can be simplified into two stages: the light-dependent reaction where light energy is converted into chemical energy in the form of ATP and NADPH and the light-independent reaction or Calvin cycle where CO2 is fixed into carbohydrates using the energy generated from the first stage. Photosynthesis is the primary source of energy for nearly all life on Earth and is essential for the Earth's ecosystem removing CO2 from the atmosphere and releasing O2.","Photosynthesis is the process by which plants algae and some bacteria convert light energy from the sun into chemical energy in the form of organic compounds such as glucose. This process occurs in specialized organelles called chloroplasts which contain pigments like chlorophyll that absorb light energy. The light energy is then used to drive a series of chemical reactions including the conversion of carbon dioxide and water into glucose and oxygen. The glucose produced is used by the plant as energy and building blocks for growth while the oxygen is released into the atmosphere as a byproduct. The overall equation for photosynthesis is: 6 CO2 + 6 H2O + light energy → C6H12O6 (glucose) + 6 O2.","","20","154","174","32.626","30.650","10.979","91.082","4.45698","89.25163","93.70861","2026-07-21T13:24:57.541573","2026-07-21T13:24:58.154576","2026-07-21T13:25:12.181236","2026-07-21T13:25:12.181685"
"46","1","46","Look up the definition of the word 'acolyte'.","","An acolyte is an assistant or follower often in a religious service or ceremony such as an altar server or attendant. The term can also refer to anyone who is a devoted follower or supporter of a leader cause or organization.","The word acolyte has a rich history and multiple meanings. Here's the definition: **Acolyte** (noun) 1. A person who serves a deity temple or other institution of worship performing various duties and tasks as assigned. 2. A person who is trained or educated in a particular trade or profession often as a preliminary step to becoming a skilled practitioner. 3. In a more abstract sense an acolyte can refer to someone who is devoted loyal or dedicated to a particular person idea or institution. In historical and cultural contexts acolytes were often associated with: * The Church: A young man who was trained to assist the clergy such as a priest or bishop in various tasks and ceremonies. * Ancient Greece and Rome: A person who was trained in the arts literature or other intellectual pursuits often as a preliminary step to becoming a skilled practitioner. * Some Eastern spiritual traditions: A person who is devoted to a particular deity guru or spiritual path and serves as a support or assistant to the spiritual leader. Overall the word acolyte conveys a sense of devotion service and training and can be applied to various contexts where someone is dedicated to","","21","256","277","25.954","38.530","11.134","89.812","5.45642","145.73250","151.18893","2026-07-21T13:25:12.184118","2026-07-21T13:25:12.993253","2026-07-21T13:25:35.985094","2026-07-21T13:25:35.985498"
"47","1","47","For the following story rewrite it in the present continuous tense.","He visits the museum every week.","He is visiting the museum every week.","He visits the museum every week.","","29","7","36","34.948","28.614","13.662","73.195","5.88582","3.38110","9.26692","2026-07-21T13:25:35.987851","2026-07-21T13:25:36.817661","2026-07-21T13:25:37.330027","2026-07-21T13:25:37.330224"
"48","1","48","Compose a one-sentence summary of the article How AI is Transforming the Future of Healthcare","","The article discusses how AI is being integrated into the healthcare industry to improve patient care and outcomes by enhancing automation diagnostics and personalized treatment plans.","Here is a one-sentence summary of the article How AI is Transforming the Future of Healthcare : The integration of artificial intelligence (AI) into the healthcare industry is revolutionizing the way medical professionals diagnose and treat patients improving patient outcomes and streamlining clinical workflows through personalized medicine predictive analytics and robotic assistance.","","29","64","93","34.922","28.636","11.824","84.574","5.89135","34.92368","40.81503","2026-07-21T13:25:37.332298","2026-07-21T13:25:38.162731","2026-07-21T13:25:43.575488","2026-07-21T13:25:43.575773"
"49","1","49","Assign a score out of 5 to the following book review.","I really enjoyed this book. It was an engaging read and had an interesting plot.","4/5","I would assign a score of 4 out of 5 to this book review. The reviewer uses positive language such as I really enjoyed this book and engaging read which suggests a strong positive opinion. However the review is a bit brief and lacks specific details about the book's content characters or themes which might have made it even more compelling. Still the reviewer's enthusiasm and praise suggest a high score.","","39","90","129","35.396","28.251","11.578","86.373","7.57021","50.17329","57.74350","2026-07-21T13:25:43.578062","2026-07-21T13:25:44.679869","2026-07-21T13:25:52.453456","2026-07-21T13:25:52.453835"
"50","1","50","Create a catchy headline for an article on data privacy","","Is Your Data Really Private? The Inside Scoop on Data Privacy and Protection","Here are a few options: 1. ** Data Breach Alert: How to Protect Your Personal Info in a Digital World ** 2. ** The Dark Side of Data: Why Your Privacy Matters Now More Than Ever ** 3. ** Lock It Up! The Shocking Truth About Data Privacy in the Digital Age ** 4. ** Data Dollars and Sense: The Surprising Ways Your Personal Info is Being Used ** 5. ** Don't Be a Data Target: How to Safeguard Your Online Identity ** 6. ** The Data Shield: Protecting Your Privacy in a World of Big Data ** 7. ** The Great Data Heist: How to Keep Your Personal Info Safe from Hackers ** 8. ** Your Data Your Way: The Fight for Online Privacy in the 21st Century ** 9. ** The Data Trap: How to Avoid Falling Victim to Online Scams and Phishing Schemes ** 10. ** Data Democracy: Why You Have the Right to Know What's Being Done with Your Personal Info ** Choose the one that resonates the most with your article's tone and message!","","19","238","257","23.823","41.976","11.636","85.940","4.98534","131.84892","136.83426","2026-07-21T13:25:52.456105","2026-07-21T13:25:53.253640","2026-07-21T13:26:13.707363","2026-07-21T13:26:13.707841"
"51","1","51","Sort the following list into two groups: Apples and Oranges","Fuji Honeycrisp Granny Smith Navel Valencia","Apples: - Fuji - Honeycrisp - Granny Smith Oranges: - Navel - Valencia","Here are the two groups: **Apples** 1. Fuji 2. Honeycrisp 3. Granny Smith **Oranges** 1. Navel 2. Valencia","","37","37","74","34.746","28.780","12.452","80.308","7.41378","19.97734","27.39111","2026-07-21T13:26:13.710329","2026-07-21T13:26:14.775194","2026-07-21T13:26:17.746603","2026-07-21T13:26:17.746892"
"52","1","52","Name three European countries.","","Sure here are the names of three European countries: 1. France 2. Germany 3. Italy","Here are three European countries: 1. France 2. Germany 3. Italy","","14","17","31","31.429","31.818","10.125","98.769","3.03548","10.70119","13.73667","2026-07-21T13:26:17.748921","2026-07-21T13:26:18.194373","2026-07-21T13:26:19.873438","2026-07-21T13:26:19.873680"
"53","1","53","Explain a procedure for given instructions.","How to bake a cake.","Baking a cake is a fun and relatively easy process that requires a few ingredients and some simple steps. Here is a simple procedure to follow to bake a cake: 1. Collect your ingredients: You will need flour sugar eggs butter baking powder milk and vanilla extract for a basic cake recipe. Make sure to measure out the correct quantities according to the recipe you are following. 2. Preheat the oven: Most cakes are baked at 350 degrees Fahrenheit so preheat your oven to this temperature to ensure that your cake will bake evenly. 3. Prepare the pan: Grease and flour a 9-inch cake pan to prevent the cake from sticking. 4. Mix the ingredients: In a mixing bowl cream together the butter and sugar until light and fluffy. This can be done using a stand mixer an electric hand mixer or by hand. Once the butter and sugar are creamed add the eggs one at a time mixing well after each addition. Stir in the vanilla extract. In a separate bowl mix together the flour baking powder and salt. Add the dry ingredients to the wet ingredients in three parts alternating with the milk beginning and ending with the dry ingredients. Mix until everything is well combined. 5. Pour the batter into the pan: Pour the batter into your prepared cake pan and smooth the top with a spatula. 6. Bake the cake: Place the cake on the middle rack of your preheated oven and bake for 30-35 minutes or until a toothpick inserted into the center of the cake comes out clean. 7. Cool the cake: Once the cake is finished baking remove it from the oven and let it cool in the pan for 10 minutes before transferring it to a wire rack to cool completely. 8. Serve and enjoy: Once the cake is completely cool you can decorate it if desired. Serve with your favorite frosting sliced fruit or whipped cream and enjoy.","Here's a step-by-step procedure for baking a cake: **Materials Needed:** * Ingredients: + 2 cups of all-purpose flour + 1 teaspoon of baking powder + 1 teaspoon of salt + 1 cup of granulated sugar + 1/2 cup of unsalted butter softened + 2 large eggs + 1 teaspoon of vanilla extract * Equipment: + Mixing bowl + Measuring cups and spoons + Electric mixer (optional) + Cake pan (8-10 inches in diameter) + Oven **Procedure:** 1. **Preheat the oven:** Preheat the oven to 350°F (180°C). Make sure to adjust the oven racks to the middle position to ensure even baking. 2. **Prepare the cake pan:** Grease the cake pan with butter or cooking spray to prevent the cake from sticking. 3. **Mix the dry ingredients:** In a medium bowl whisk together the flour baking powder and salt. Set aside. 4. **Mix the wet ingredients:** In a large bowl use an electric mixer (if using) to cream together the sugar and butter until light and fluffy. Beat in the eggs","","23","256","279","34.362","29.102","11.634","85.956","4.38547","142.12834","146.51381","2026-07-21T13:26:19.875712","2026-07-21T13:26:20.545049","2026-07-21T13:26:42.549662","2026-07-21T13:26:42.550128"
"54","1","54","Describe an example of ocean acidification.","","Ocean acidification is the process of increasing acidity in the world's oceans due to the absorption of carbon dioxide from the atmosphere. An example of this is the impact it has on the Great Barrier Reef off the coast of Australia. As the ocean absorbs carbon dioxide it reacts with seawater to produce carbonic acid which in turn reduces the availability of carbonate ions. These ions are necessary for building shells and skeletons of marine organisms such as corals mollusks and some species of plankton. The reduction in carbonate ions makes it difficult for these organisms to form and maintain their hard outer shells or skeletons. In the case of the Great Barrier Reef ocean acidification is resulting in slower growth rates and weaker skeletons making the coral more vulnerable to stress factors and more susceptible to diseases storms and coral bleaching. This not only affects the coral but the entire ecosystem which relies on the coral for shelter and food. Hence ocean acidification is a major concern for the health and survival of coral reefs and marine biodiversity worldwide.","Ocean acidification is a significant issue that affects marine ecosystems and the organisms that live within them. Here's an example of ocean acidification: **Example:** Coral Reefs Coral reefs are some of the most diverse and beautiful ecosystems on the planet. They are home to thousands of species of fish invertebrates and algae. However coral reefs are also highly sensitive to changes in the ocean's chemistry. **The Problem:** As the ocean absorbs more CO2 from the atmosphere the pH level of the water decreases becoming more acidic. This decrease in pH has several consequences for coral reefs: 1. **Calcification:** Corals rely on calcium carbonate to build their skeletons and shells. However as the ocean becomes more acidic it becomes harder for corals to form and maintain their skeletons and shells. This can lead to reduced coral growth and increased coral dissolution. 2. **Photosynthesis:** Corals and other marine organisms rely on photosynthesis to produce energy. However as the ocean becomes more acidic the availability of nutrients and light can decrease making it harder for corals to photosynthesize. 3. **Fish Populations:** Many species of fish that live on coral reefs rely on the coral's structure to provide shelter and food. However","","17","256","273","32.420","30.846","11.771","84.954","3.60221","140.24474","143.84695","2026-07-21T13:26:42.552686","2026-07-21T13:26:43.077060","2026-07-21T13:27:04.825327","2026-07-21T13:27:04.825884"
"55","1","55","Should I invest in stocks?","","I'm sorry but I'm an AI language model and I don’t have the ability to provide personalized financial advice. Investing in stocks carries inherent risks and potential rewards and the decision to invest should be based on your individual financial situation goals and risk tolerance. It's always a good idea to do your research carefully consider your options and/or consult a financial advisor before making any investment decisions.","I can't give you financial advice but I can provide some general considerations that might help you make a more informed decision about investing in stocks. Should you invest in stocks?** **Consider your:** 1. **Financial goals**: Are you saving for retirement a down payment on a house or a specific goal? Stocks can be a good fit for long-term goals but may not be suitable for short-term needs. 2. **Risk tolerance**: Stocks can be volatile and their value may fluctuate. Are you comfortable with the possibility of losing some or all of your investment? 3. **Time horizon**: When do you need the money? If you need it soon stocks might not be the best choice. If you can wait stocks can be a good option. 4. **Investment knowledge**: Do you understand how stocks work including concepts like dividends earnings and market volatility? 5. **Diversification**: Are you comfortable with the idea of spreading your investments across different asset classes such as stocks bonds and real estate? 6. **Budget**: Can you afford to take on the potential risks associated with investing in stocks? 7. **Emergency fund**: Do you have a sufficient emergency fund in place to cover unexpected expenses? **","","15","256","271","22.129","45.190","12.237","81.717","4.14804","136.78417","140.93221","2026-07-21T13:27:04.828289","2026-07-21T13:27:05.506143","2026-07-21T13:27:26.425641","2026-07-21T13:27:26.426127"
"56","1","56","Generate a new song verse with your own unique lyrics.","","Verse 1: There's a light that shines within us A beacon of hope and love Guiding us through the darkest times A force that will always rise above. Chorus: Let your light shine let it be free For you are beautiful inside and out Let your heart guide you let it lead the way For you have a strength that no one can doubt. Verse 2: In this world there is so much to see So many wonders to discover Take a chance and let your dreams fly For there is so much left to uncover. Chorus: Let your light shine let it be free For you are beautiful inside and out Let your heart guide you let it lead the way For you have a strength that no one can doubt. Bridge: Life it can be hard sometimes But don't give up keep on trying For your light will never fade And your spirit will keep on flying. Outro: So let your light shine let it be free For you are beautiful inside and out Let your heart guide you let it lead the way For you have a strength that no one can doubt.","Here's a new song verse I came up with: Lost in the haze of a forgotten night I found myself in the shadows where the city lights collide I was searching for a ghost but I found a face That's been etched in my memory a lonely lonely place I tried to create a moody and atmospheric verse that evokes a sense of longing and nostalgia. Let me know if you'd like me to come up with another one!","","20","97","117","33.591","29.769","12.342","81.022","3.68472","51.84547","55.53018","2026-07-21T13:27:26.428572","2026-07-21T13:27:27.023962","2026-07-21T13:27:34.883114","2026-07-21T13:27:34.883466"
"57","1","57","Sing a children's song","","🎶 Twinkle twinkle little star How I wonder what you are Up above the world so high Like a diamond in the sky. When the blazing sun is gone When he nothing shines upon Then you show your little light Twinkle twinkle all the night. Then the traveler in the dark Thanks you for your tiny spark He could not see which way to go If you did not twinkle so. In the dark blue sky you keep And often through my curtains peep For you never shut your eye Till the sun is in the sky. As your bright and tiny spark Lights the traveler in the dark. Though I know not what you are Twinkle twinkle little star. Twinkle twinkle little star How I wonder what you are Up above the world so high Like a diamond in the sky. 🎶","(singing) The Wheels on the Bus The wheels on the bus go round and round Round and round round and round. The wheels on the bus go round and round All through the town. The wipers on the bus go swish swish swish Swish swish swish swish swish. The wipers on the bus go swish swish swish All through the town. The doors on the bus open and shut Open and shut open and shut. The doors on the bus open and shut All through the town. The horn on the bus goes beep beep beep Beep beep beep beep beep. The horn on the bus goes beep beep beep All through the town. The people on the bus go up and down Up and down up and down. The people on the bus go up and down All through the town. The baby on the bus goes Wah wah wah Wah wah wah Wah wah wah . The baby on the bus goes Wah wah wah All through the town. Come on kids sing along with me!","","14","256","270","30.963","32.297","12.258","81.581","2.77340","136.63746","139.41086","2026-07-21T13:27:34.885721","2026-07-21T13:27:35.337875","2026-07-21T13:27:56.222619","2026-07-21T13:27:56.223098"
"58","1","58","Identify the main character traits of a protagonist.","","The main character traits of a protagonist vary depending on the story and its genre. However there are some general traits that many protagonists tend to possess including: 1. Courage: Protagonists are brave enough to face and overcome challenges encountered in their journey. 2. Determination: They are often determined to achieve their goals and will persist even when faced with obstacles. 3. Empathy: Protagonists tend to have an ability to understand and share the feelings of others which makes them relatable and likeable to readers or viewers. 4. Intelligence: Protagonists often have strong problem-solving skills and are quick at thinking on their feet enabling them to navigate complex situations. 5. Resilience: They tend to bounce back from setbacks and continue to pursue their objectives with renewed vigor. 6. Leadership: Protagonists are often natural leaders who can rally others to their cause and inspire them to work towards a common goal. 7. Flawed: Many protagonists also have flaws or weaknesses which can serve to humanize them and make them more relatable. These traits not only make the protagonist a compelling and interesting character but also help drive the story forward as they work towards achieving their goals.","In literature a protagonist is the main character of a story and their character traits play a crucial role in shaping the narrative. Here are some common main character traits of a protagonist: 1. **Relatable**: The protagonist should be someone the audience can identify with have empathy for and root for. This can be due to their personality motivations or life circumstances. 2. **Active**: A protagonist should drive the plot forward making decisions and taking actions that affect the story. They should be proactive not reactive. 3. **Motivated**: The protagonist should have clear goals desires or motivations that drive the plot. This can be a desire for power revenge love or self-discovery. 4. **Emotional**: A protagonist should have a range of emotions from happiness to sadness fear to courage. This emotional depth makes them more relatable and human. 5. **Vulnerable**: A protagonist should have vulnerabilities or weaknesses that make them more human and sympathetic. This can be a fear a phobia or a past trauma. 6. **Growth-oriented**: A protagonist should undergo some kind of transformation or growth throughout the story. This can be a change in their perspective a new skill or a deeper understanding of","","19","256","275","32.874","30.420","11.584","86.329","3.74085","142.36474","146.10558","2026-07-21T13:27:56.225444","2026-07-21T13:27:56.803415","2026-07-21T13:28:18.903623","2026-07-21T13:28:18.904111"
"59","1","59","What are the 4 operations of computer?","","The four basic operations of a computer often abbreviated as the Four Functions of a Computer are: 1. Input: This refers to the process by which a computer receives data from an external source such as a keyboard mouse or scanner. The data is then converted into a format that the computer can process. 2. Processing: This is the operation where the computer performs calculations on the data it receives. The Central Processing Unit (CPU) carries out program instructions to manipulate calculate or organize data. 3. Output: This is the process by which the computer outputs the processed data in a form that can be understood by the user. Examples of output devices include a monitor printer or speakers. 4. Storage: This operation involves saving data for later use. Computers store data either temporarily (in RAM) or permanently (on a hard drive solid-state drive or external storage devices).","The four basic operations of computers are: 1. **Arithmetic Operations**: These are the basic mathematical operations that a computer can perform including: * Addition (+) * Subtraction (-) * Multiplication (*) * Division (/) 2. **Comparison Operations**: These are operations that compare the values of two variables including: * Equal to (=) * Not equal to (≠) * Greater than (>) * Less than (<) * Greater than or equal to (>=) * Less than or equal to (<=) 3. **Logical Operations**: These are operations that perform logical operations on Boolean values including: * AND (∧) * OR (∨) * NOT (!) 4. **Assignment Operations**: These are operations that assign a value to a variable including: * Assignment (=) * Increment (e.g. x++) These four operations are the foundation of all computer programming and are used to create complex algorithms and programs.","","18","205","223","33.970","29.438","11.544","86.627","3.57610","113.35074","116.92685","2026-07-21T13:28:18.906452","2026-07-21T13:28:19.436337","2026-07-21T13:28:37.194940","2026-07-21T13:28:37.195430"
"60","1","60","Add a transition between the following two sentences","The class is nearly finished. Some students can begin their summer jobs.","The class is nearly finished and as a result some students can begin their summer jobs.","Here are the two sentences with a transition added: The class is nearly finished. With the completion of the academic year some students can now begin their summer jobs.","","32","33","65","35.608","28.084","10.665","93.768","5.96615","19.28988","25.25603","2026-07-21T13:28:37.197946","2026-07-21T13:28:38.096633","2026-07-21T13:28:41.190986","2026-07-21T13:28:41.191291"
"61","1","61","Suggest an appropriate name for a puppy.","","Here are a few suggestions for puppy names - 1. Bella - This charming name meaning 'beautiful' is perfect for a furry friend with a pretty face and a captivating demeanor. 2. Max - A name befitting your furry friend who's always by your side watching over you and ever ready to come to your rescue. 3. Luna - A dreamy mystical name for a pup who strikes an other-worldly pose Luna means 'Moon' and is perfect for your regal starry-eyed companion. 4. Charlie - This name packs in heaps of playfulness and warmth much like your best friend who's always up for any adventure that comes his or her way. 5. Lucy - For the lively spirited friend who's always looking to raise the woof Lucy is perfect and encompasses boundless energy and joy.","Here are a few name suggestions for a puppy: **For a boy puppy:** 1. Max - a classic and energetic name 2. Cooper - a friendly and playful name 3. Buddy - a perfect name for a loyal companion 4. Rocky - a strong and adventurous name 5. Bear - a cute and cuddly name **For a girl puppy:** 1. Luna - a lovely and celestial name 2. Daisy - a bright and cheerful name 3. Lucy - a sweet and playful name 4. Ginger - a spicy and adorable name 5. Sadie - a sassy and lovable name **Unisex names:** 1. River - a calm and flowing name 2. Peanut - a fun and affectionate name 3. Piper - a strong and adventurous name 4. Sage - a wise and gentle name 5. Rowan - a nature-inspired and charming name Which one do you like best?","","18","196","214","34.156","29.277","12.450","80.324","3.62557","102.62717","106.25274","2026-07-21T13:28:41.193341","2026-07-21T13:28:41.720334","2026-07-21T13:28:57.463749","2026-07-21T13:28:57.464122"
"62","1","62","Construct a linear equation in one variable.","","A linear equation in one variable typically takes the form of: `ax + b = c` where `a` `b` and `c` are constants and `x` is the variable. Here is an example of a linear equation in one variable: `3x - 5 = 16` In this equation `a` is 3 `b` is -5 and `c` is 16. Solving for `x` we can determine the value of the variable `x` that makes the equation true. To solve this equation we follow these steps: 1. Move the constant term (-5) to the right-hand side of the equation by adding 5 to both sides: `3x - 5 + 5 = 16 + 5` which simplifies to: `3x = 21` 2. Divide both sides of the equation by the coefficient of the variable (`a` which is 3 in this case) to find the value of `x`: `(3x)/3 = 21/3` which simplifies to: `x = 7` Thus we have found that the value of `x` that satisfies the equation `3x - 5 = 16` is 7.","Let the linear equation be a1x + b1y + c1 = 0 and b1 ≠ 0. We know that the equation is in one variable. So b1 = 0. a1x + c1 = 0 ⇒ a1x = -c1 ⇒ a1x = -c1 (putting x = -c1/a1) Therefore the linear equation in one variable is a1x + c1 = 0.","","17","100","117","32.675","30.604","11.813","84.653","3.69173","54.31809","58.00982","2026-07-21T13:28:57.466415","2026-07-21T13:28:57.986684","2026-07-21T13:29:06.451998","2026-07-21T13:29:06.452343"
"63","1","63","Add two new recipes to the following Chinese dish","Beef and broccoli stir fry","**Beef and Broccoli Stir Fry with Ginger Honey Sauce** Ingredients (serves 4): - 1 lb flank steak sliced into thin strips - 4 cups broccoli florets - 1 tbsp vegetable oil - 2 cloves garlic minced - 1-inch piece of ginger peeled and grated - 1/2 cup soy sauce - 1/4 cup honey - 2 tbsp rice vinegar - 1 tsp sesame oil - 1 tbsp cornstarch - Salt and pepper to taste - Cooked rice for serving - Green onions sliced (optional) Instructions: 1. In a small mixing bowl whisk together the soy sauce honey rice vinegar sesame oil and cornstarch. Set aside. 2. Heat the vegetable oil in a large wok or frying pan over high heat. 3. Add the beef strips and cook for 3-4 minutes until browned. 4. Add the garlic and ginger and cook for another minute until fragrant. 5. Add the broccoli florets and stir fry for a few minutes until tender. 6. Pour in the sauce and stir everything together letting the sauce thicken for a couple of minutes. 7. Season with salt and pepper to taste. 8. Serve the beef and broccoli stir fry over rice garnished with sliced green onions if desired. **Spicy Szechuan Beef and Broccoli Stir Fry** Ingredients (serves 4): - 1 lb flank steak sliced into thin strips - 4 cups broccoli florets - 1 tbsp vegetable oil - 3 cloves garlic minced - 1/2 cup soy sauce - 1/4 cup hoisin sauce - 2 tbsp chili sauce (such as Sriracha) - 2 tbsp rice vinegar - 1 tbsp cornstarch - 1 tsp sugar - 1 tbsp sesame seeds - Cooked rice or noodles for serving Instructions: 1. In a small mixing bowl whisk together the soy sauce hoisin sauce chili sauce rice vinegar sugar and cornstarch. Set aside. 2. Heat the vegetable oil in a large wok or frying pan over high heat. 3. Add the beef strips and cook for 3-4 minutes until browned. 4. Add the garlic and stir fry for another minute until frag","Here are two new recipe ideas that can be added to the classic Beef and Broccoli Stir Fry: **Recipe 1: Spicy Beef and Broccoli Stir Fry with Garlic Shrimp** Ingredients: * 1 lb beef (sliced into thin strips) * 3 cups broccoli florets * 2 cloves garlic (minced) * 1/2 cup cooked shrimp (peeled and deveined) * 2 tbsp soy sauce * 1 tbsp oyster sauce (optional) * 1 tsp sesame oil * 1/4 tsp red pepper flakes * Salt and pepper to taste * Scallions (thinly sliced) for garnish Instructions: 1. Cook the shrimp in a separate pan with some oil until pink and cooked through. 2. In a wok or large skillet heat some oil and cook the beef until browned. Remove from the wok and set aside. 3. Add more oil to the wok and cook the garlic until fragrant. 4. Add the broccoli to the wok and cook until tender. 5. Return the beef to the wok and stir in the cooked shrimp soy sauce oyster sauce (if using) sesame oil and red pepper flakes. 6. Cook","","25","256","281","34.424","29.050","11.648","85.850","5.10370","140.06196","145.16566","2026-07-21T13:29:06.454711","2026-07-21T13:29:07.180959","2026-07-21T13:29:29.158439","2026-07-21T13:29:29.158911"
"64","1","64","Suggest a short running route for someone who lives in the city.","","If you live in the city and want to engage in some short running activities there are several excellent routes that you can take. For a start you can consider heading down to your city's central park where you can find a scenic loop free of cars which usually ranges between 1.5 and 2 miles allowing you to take in the beauty and peace of the park while getting your exercise. Alternatively you can opt for a brisk run around your neighborhood sticking to sidewalks and quieter streets or even utilize riverfronts or waterfront paths that offer stunning city views while you run. Lastly many cities also have running or jogging-specific trails such as old railroad tracks converted into greenways so you might check to see if there's one near you.","Here's a short and convenient running route for someone who lives in the city: **Route: City Loop ** **Distance:** Approximately 2-3 miles **Time:** 20-30 minutes **Terrain:** Urban flat and relatively easy **Starting point:** Your apartment building or a nearby park. **Route:** 1. **Warm-up:** Start by jogging in place or doing some light stretching to get your blood flowing. 2. **Head east:** From your starting point head east on a nearby street or sidewalk. You can use a bike path pedestrian bridge or a quiet neighborhood street. 3. **Turn around:** After 0.5 miles turn around and head back west on the same street or sidewalk. 4. **Loop back:** Continue jogging east for another 0.5 miles then turn around again and head back west. 5. **Finish:** After completing the loop you'll have jogged approximately 2-3 miles depending on your pace. 6. **Cool down:** Finish with some stretching to help prevent soreness and improve recovery. **Tips and Variations:** * To add some variety try incorporating hills or stairs into your route. * If you have access to a nearby","","23","256","279","33.329","30.004","11.641","85.900","4.55260","141.55894","146.11154","2026-07-21T13:29:29.161449","2026-07-21T13:29:29.851549","2026-07-21T13:29:51.841981","2026-07-21T13:29:51.842465"
"65","1","65","If a b x and y are real numbers such that ax+by=3 ax^2+by^2=7 ax^3+by^3=16 and ax^4+by^4=42 find ax^5+by^5.","","We start with the system of equations: ax + by = 3 ax^2 + by^2 = 7 ax^3 + by^3 = 16 ax^4 + by^4 = 42 We want to find the value of ax^5 + by^5. We can simplify things by defining the following sequences: s1 = ax + by s2 = ax^2 + by^2 s3 = ax^3 + by^3 s4 = ax^4 + by^4 Then our goal is to find s5 = ax^5 + by^5. Next we notice that we can derive a relationship between the s values as follows: (x+y)(ax^n + by^n) = ax^(n+1) + bxy^n + ax^ny + by^(n+1) In other words (x+y)s_n = s_(n+1) + xys_(n-1) for all n. Using this relationship we can find x+y and xy as follows: s2(x+y) = s3 + s1xy s3(x+y) = s4 + s2xy Solving this system of equations gives us: x + y = -14 xy = -38 Now we can use the relationship we derived earlier with n = 4 to find s5: 42(x + y) = s5 + 16xy Plugging in our values for x+y and xy and solving for s5 we get: s5 = 20 Therefore the value of ax^5 + by^5 is 20.","## Step 1: Consider the given equations We are given the equations $ax+by=3$ $ax^2+by^2=7$ $ax^3+by^3=16$ and $ax^4+by^4=42$. We need to find $ax^5+by^5$. ## Step 2: Look for a pattern or relationship between the equations Noticing the pattern of the equations let's try to relate them to each other using the given equations to see if we can find a way to express $ax^5+by^5$ in terms of the given equations. ## Step 3: Utilize the pattern to find a relationship Consider the expression $(ax+by)(ax^2+by^2)$. Expanding this gives $a^2x^3+abx^2y+abyx^2+abxy^2+b^2y^3$. Rearranging this gives $a^2x^3+b^2y^3+abx^2y+abxy^2$. ## Step 4: Apply Newton's Sums Recall Newton's Sums where the sum of the $n$th powers","","69","256","325","36.518","27.384","12.377","80.797","13.47086","136.26872","149.73958","2026-07-21T13:29:51.845043","2026-07-21T13:29:53.734536","2026-07-21T13:30:14.418530","2026-07-21T13:30:14.418960"
"66","1","66","Generate a list of the top 10 causes of global warming.","","1. Greenhouse gas emissions 2. Deforestation 3. Fossil fuel burning 4. Industrial processes 5. Agricultural practices and livestock raising 6. Transportation and travel 7. Waste production and disposal 8. Land-use changes 9. Energy production and usage 10. Water vapor increase in atmosphere.","Here is a list of the top 10 causes of global warming based on scientific consensus and research: **1. Burning of Fossil Fuels (65% contribution)**: The burning of fossil fuels such as coal oil and gas for energy releases large amounts of carbon dioxide (CO2) a potent greenhouse gas into the atmosphere. **2. Deforestation and Land-Use Changes (15% contribution)**: The clearance of forests for agriculture urbanization and other purposes releases carbon stored in trees and reduces the ability of forests to act as carbon sinks. **3. Agriculture (10% contribution)**: The production of meat especially beef and other animal products leads to the release of methane (CH4) and nitrous oxide (N2O) both potent greenhouse gases. **4. Industrial Processes (5% contribution)**: The production of cement steel and other industrial processes also release large amounts of greenhouse gases. **5. Population Growth and Consumption Patterns (3% contribution)**: The increasing global population and rising consumption patterns lead to increased energy demand food production and waste generation. **6. Transportation (2% contribution)**: The burning of fossil fuels for transportation such as cars trucks airplanes and ships","","22","256","278","33.820","29.569","11.988","83.416","4.36062","137.96924","142.32985","2026-07-21T13:30:14.421353","2026-07-21T13:30:15.071865","2026-07-21T13:30:36.426415","2026-07-21T13:30:36.426924"
"67","1","67","Generate a smiley face using only ASCII characters","","Here's a smiley face using ASCII characters: ` :-) `","Here is a smiley face made using only ASCII characters: :-)","","18","14","32","33.973","29.435","11.193","89.338","3.65897","7.68207","11.34104","2026-07-21T13:30:36.429236","2026-07-21T13:30:36.959070","2026-07-21T13:30:38.209809","2026-07-21T13:30:38.210076"
"68","1","68","Offer advice to someone who is starting a business.","","Starting a business can seem overwhelming but taking small steps can make it manageable. Here are some tips to help you get started on the right path. 1. Develop a Business Plan: Creating a business plan will help you think through what you want your business to achieve who your customers are and how you will reach your goals. It’s also essential if you want to secure funding. 2. Research your Market: It's crucial to understand the needs of your target audience and to investigate your competition. You will want to offer something unique and valuable to your customers. 3. Secure Funding: Starting a business often requires investment. Consider all your options from bank loans to crowdfunding to personal investment and choose the option that's best for your business. 4. Create a Brand: Your business needs a strong identity that your customers can identify with. Be sure to create a clear and authoritative logo and make sure it's consistent across all aspects of your brand from business cards to websites. 5. Stay Organized: Starting a business can be a chaotic process with so many moving parts. It is essential to staying on top of your finances business plans and everyday responsibilities. 6. Be Flexible: Starting a business requires adaptability and you'll need to be prepared to make changes when required. Be open to feedback and listen to your customers when they offer critiques or suggestions. 7. Be Patient: Success doesn't happen overnight so be patient and persevering. Keep your goals in mind and work towards them every day. Remember starting a business is a huge undertaking so be kind to yourself and don't be afraid to seek help when you need it. Whether you turn to a business mentor or join a local networking group there are lots of resources out there to help you build a successful business.","Starting a business! Exciting yet daunting. Here are some pieces of advice to help you navigate the journey: **Pre-Launch** 1. **Validate your idea**: Research your target market competition and potential customers to ensure there's a demand for your product or service. 2. **Develop a solid business plan**: Outline your mission vision goals target market marketing and sales strategies financial projections and operational plan. 3. **Secure funding**: Explore financing options such as loans grants or investors to ensure you have sufficient capital to launch and grow your business. 4. **Build a strong team**: Surround yourself with talented motivated individuals who share your vision and can help you achieve your goals. **Launch and Growth** 1. **Start small and scale up**: Launch with a minimum viable product (MVP) and gradually add features and services as you gather feedback and revenue. 2. **Focus on customer acquisition and retention**: Develop a solid marketing strategy to attract and retain customers and prioritize customer feedback and satisfaction. 3. **Monitor and adjust**: Continuously evaluate your business's performance identifying areas for improvement and making adjustments as needed. 4. **Stay adaptable**: Be prepared to pivot your business plan if something isn't working","","19","256","275","33.030","30.276","11.362","88.014","3.67536","144.84209","148.51745","2026-07-21T13:30:38.212029","2026-07-21T13:30:38.787268","2026-07-21T13:31:01.318772","2026-07-21T13:31:01.319244"
"69","1","69","Find the modifiers in the sentence and list them.","The girl with short curly hair laughed loudly.","1. Short (modifies hair) 2. Curly (modifies hair) 3. Loudly (modifies laughed)","The modifiers in the sentence are: 1. short - modifying the adjective curly 2. loudly - modifying the verb laughed These modifiers provide additional information about the nouns they modify giving a clearer picture of the sentence's meaning.","","28","56","84","34.448","29.029","12.154","82.275","5.89987","29.99400","35.89387","2026-07-21T13:31:01.321870","2026-07-21T13:31:02.134678","2026-07-21T13:31:06.742093","2026-07-21T13:31:06.742372"
"70","1","70","Edit the following sentence: The house was green but large.","","The house was large and painted green.","Here is the edited sentence: The house was large but green. I changed the order of the adjectives to make the sentence flow better. In general it's more common to place the adjective that modifies the noun that follows it (in this case large ) first and then the adjective that modifies the noun that comes before it (in this case green ). This makes the sentence easier to read and understand.","","23","87","110","25.953","38.531","12.209","81.909","5.63735","46.80326","52.44061","2026-07-21T13:31:06.744382","2026-07-21T13:31:07.630601","2026-07-21T13:31:14.756680","2026-07-21T13:31:14.757127"
"71","1","71","Identify the components of a good formal essay?","","A good formal essay consists of several components that help the writer convey their message effectively to the reader. These components include: 1. Introduction: The introduction should introduce the topic provide context and background information and present the thesis statement. It should effectively capture the reader's attention and provide a clear focus for the rest of the essay. 2. Thesis Statement: The thesis statement is a concise summary of the main point or argument of the essay. It should clearly state the main idea that the essay will support and develop. 3. Body Paragraphs: The body paragraphs should develop and support the thesis statement by presenting evidence examples and analysis. Each paragraph should have a topic sentence which introduces the main idea of the paragraph and should be organized in a logical and coherent manner. 4. Transitions: Transitions are words or phrases that help the reader move smoothly from one idea to the next. They should be used between paragraphs and within paragraphs to provide coherence and clarity to the essay. 5. Conclusion: The conclusion should restate the thesis statement summarize the main points and provide a sense of closure. It should bring the essay to a logical and satisfying end without introducing any new information or ideas. 6. Formal Language and Style: A formal essay should use formal language and a formal style avoiding slang contractions and colloquialisms. The tone should be objective and the writing should be clear and concise. 7. Proper Citations: A formal essay should properly cite any sources used using the appropriate citation style. This provides credit to the original authors and allows the reader to locate and verify the information presented in the essay. 8. Formatting: A formal essay should follow the standard formatting guidelines such as using a readable font double spacing and including page numbers. It should also follow any specific guidelines provided by the instructor or publisher.","A good formal essay typically includes the following components: 1. **Clear and concise thesis statement**: A well-crafted thesis statement that sets the tone for the entire essay and provides a roadmap for the reader. 2. **Strong and focused topic sentence**: A topic sentence that introduces the main idea of the paragraph and provides a clear direction for the reader. 3. **Evidence-based arguments**: The use of evidence such as facts statistics and expert opinions to support the argument and make it more convincing. 4. **Clear and concise body paragraphs**: Each body paragraph should have a clear topic sentence supporting evidence and analysis to explain the evidence and its significance. 5. **Transitions and connections**: Effective transitions and connections between paragraphs to guide the reader through the essay and show how the ideas are related. 6. **Clear and concise writing style**: A clear concise and well-organized writing style that makes the essay easy to follow and understand. 7. **Effective use of transitions**: Transitions such as however on the other hand in addition and nevertheless to connect ideas and paragraphs. 8. **A clear and logical structure**: A clear and logical structure that guides the reader through the essay including an introduction body","","19","256","275","33.173","30.145","12.497","80.018","3.51456","135.61410","139.12866","2026-07-21T13:31:14.760048","2026-07-21T13:31:15.332798","2026-07-21T13:31:35.817468","2026-07-21T13:31:35.817872"
"72","1","72","Rewrite this sentence to reflect a positive attitude","I can't do this.","I can do this if I put in some effort and seek the right support.","Here's a rewritten version of the sentence with a positive attitude: I'm excited to take on this new challenge and learn as I go! Or alternatively: I'm not sure I can do this yet but I'm confident that with a little practice and patience I'll be able to master it!","","25","62","87","34.374","29.091","11.854","84.357","5.12961","33.69867","38.82828","2026-07-21T13:31:35.820384","2026-07-21T13:31:36.547671","2026-07-21T13:31:41.777833","2026-07-21T13:31:41.778158"
"73","1","73","List some pros and cons of using a hot air balloon for transportation.","","Pros of using a hot air balloon for transportation: 1. Scenic and unique experience: Hot air ballooning is a unique way to travel that offers panoramic views of the surroundings. 2. Eco-friendly: Hot air balloons use wind currents to travel producing no harmful emissions and reducing the carbon footprint of travel. 3. Low noise levels: With no engine a hot air balloon ride is very peaceful and the low noise level makes for a tranquil and serene ride. 4. A good conversation starter: Taking a hot air balloon ride is not an everyday activity and the experience can make for an interesting conversation topic. Cons of using a hot air balloon for transportation: 1. Weather dependent: Hot air ballooning is very weather dependent with flights being canceled in high winds or thunderstorms making it an unreliable mode of transport. 2. Slow: Hot air balloons travel at the mercy of the wind currents and cannot be steered in a specific direction which makes for a slower and longer journey. 3. Limited capacity: Hot air balloons are not designed to carry large numbers of passengers limiting their use as a mass transportation option. 4. Expensive: Hot air balloon rides can be quite expensive and the cost can be prohibitive for regular use as a mode of transportation. 5. Low accessibility: Hot air balloons need a large open space to launch and land which makes them less accessible in urban areas.","Here are some pros and cons of using a hot air balloon for transportation: **Pros:** 1. **Scenic views**: Hot air balloons offer a unique and breathtaking perspective on the surrounding landscape providing stunning views that can't be replicated by other modes of transportation. 2. **Peaceful experience**: The gentle motion of the balloon and the serene atmosphere can be very calming and relaxing. 3. **No traffic jams**: Hot air balloons don't have to contend with traffic congestion making them a great option for navigating through crowded areas. 4. **No fuel emissions**: Since hot air balloons use propane and don't have an engine they don't emit any pollutants or greenhouse gases. 5. **Unique experience**: For tourists and adventure-seekers hot air balloon rides can be a thrilling and memorable experience. **Cons:** 1. **Weather limitations**: Hot air balloons are heavily dependent on weather conditions which can limit their use to days with calm and clear skies. 2. **Safety concerns**: Hot air balloons are not as stable as airplanes or cars and accidents can occur if the pilot is inexperienced or the balloon is damaged. 3. **Limited range and speed**: Hot air balloons have a relatively short range and speed making them unsuitable for long-distance","","23","256","279","34.372","29.093","12.098","82.659","4.33040","137.65902","141.98942","2026-07-21T13:31:41.780212","2026-07-21T13:31:42.449360","2026-07-21T13:32:03.610094","2026-07-21T13:32:03.610646"
"74","1","74","Summarize what we know about the coronavirus.","","Coronavirus also known as COVID-19 is a respiratory illness caused by the SARS-CoV-2 virus. The virus was first identified in Wuhan China in December 2019 and quickly spread globally becoming a pandemic. Common symptoms of COVID-19 include fever cough and difficulty breathing although some people may have mild or asymptomatic cases. The virus is primarily spread through respiratory droplets from an infected person and transmission can occur even if the person does not show symptoms. The best way to prevent the spread of the virus is through social distancing wearing a mask and practicing good hygiene. Several vaccines have been developed and are being distributed with the goal of achieving herd immunity and slowing the spread of the virus. However variants of the virus such as the Delta variant have emerged and are causing concern. It is important to continue practicing prevention measures and following guidance from health authorities to combat the pandemic.","Here's a summary of what we know about the coronavirus: **What is the coronavirus?** The coronavirus is a type of virus that affects the respiratory system. It's a member of a large family of viruses that can cause respiratory gastrointestinal and other symptoms. **What are the different types of coronavirus?** There are several types of coronavirus but the most well-known ones are: 1. **SARS-CoV-2** (Severe Acute Respiratory Syndrome Coronavirus 2): This is the virus that causes COVID-19 a respiratory illness that was first identified in Wuhan China in December 2019. 2. **MERS-CoV** (Middle East Respiratory Syndrome Coronavirus): This virus causes Middle East Respiratory Syndrome a respiratory illness that was first identified in Saudi Arabia in 2012. 3. **SARS-CoV** (Severe Acute Respiratory Syndrome Coronavirus): This virus caused the SARS outbreak in 2003 which affected 37 countries and killed over 800 people. **What are the symptoms of coronavirus?** The symptoms of coronavirus can range from mild to severe and can include: * Fever * Cough * Shortness of breath or difficulty breathing * Fatigue * Headache","","19","256","275","32.993","30.309","12.030","83.128","3.68324","138.66689","142.35014","2026-07-21T13:32:03.613107","2026-07-21T13:32:04.188984","2026-07-21T13:32:25.469811","2026-07-21T13:32:25.470268"
"75","1","75","Name a famous actor who has won an Oscar for Best Actor","","Tom Hanks is a famous actor who has won two Oscars for Best Actor for his roles in Philadelphia (1993) and Forrest Gump (1994).","Al Pacino","","21","3","24","34.696","28.821","6.861","145.761","4.40645","2.33220","6.73865","2026-07-21T13:32:25.472626","2026-07-21T13:32:26.077877","2026-07-21T13:32:26.515160","2026-07-21T13:32:26.515535"
"76","1","76","Suggest a story title for the passage you just wrote.","","Journey into the Unknown: One Family's Discovery of the Past","I haven't written a passage yet. This conversation just started. If you'd like I can help you write a passage and then suggest a title for it. What kind of passage would you like to write?","","21","43","64","34.676","28.838","11.788","84.830","4.36798","22.75772","27.12570","2026-07-21T13:32:26.517777","2026-07-21T13:32:27.123375","2026-07-21T13:32:30.771070","2026-07-21T13:32:30.771334"
"77","1","77","What is the gravitational effect of the Moon on Earth?","","The gravitational effect of the Moon on the Earth is primarily responsible for the phenomenon of tides where the rise and fall of sea levels occur due to the gravitational pull between the two celestial bodies. The Moon's gravity causes a cyclical bulge of water on the Earth's surface that faces the Moon subsequently causing high tides with another bulge occurring on the opposite side because of the inertial force of the Earth's rotation. Additionally The Moon's gravitational force stabilizes the Earth's axial tilt which affects the climate and seasons. Without the Moon Earth's axial tilt could undergo large variations leading to dramatic climate change.","The gravitational effect of the Moon on Earth is significant and has several effects on our planet. Here are some of the key aspects: 1. **Tidal Forces**: The Moon's gravity causes the oceans to bulge creating two high tides and two low tides each day. This phenomenon is known as tidal acceleration. The combined effect of the two bulges is what we experience as a day's worth of tides. 2. **Stabilization of Earth's Axis**: The Moon's gravitational influence helps stabilize Earth's axis which is tilted at about 23.5°. This tilt is responsible for the changing seasons. Without the Moon's gravitational pull Earth's axis might wobble more dramatically leading to extreme climate fluctuations. 3. **Orbital Stabilization**: The Moon's gravity helps maintain Earth's orbital stability. It also slows down Earth's rotation by about 1.78 seconds per day which is why we have a slightly longer day than a day is long. 4. **Levy's Frame-Dragging**: The Moon's gravity also causes a drag effect on spacetime known as frame-dragging. This effect is a consequence of the curvature of spacetime caused by the Moon's mass. While the","","20","256","276","33.785","29.599","12.011","83.256","3.61899","139.25733","142.87632","2026-07-21T13:32:30.773222","2026-07-21T13:32:31.365193","2026-07-21T13:32:52.678819","2026-07-21T13:32:52.679226"
"78","1","78","Compose a love poem for someone special.","","My love my heart's pure essence my light In you my soul has found its greatest might Each breath of yours a symphony so grand A masterpiece so true in love's command In you I see the blossom of the dawn A beauty and a grace forever drawn Your smile like sunshine chasing clouds away Bringing warmth and hope to each new day. My love my passion my everything The rhythm to my heartbeat's softest string In you a love so enchanting so real A passion overwhelming all I feel. My heart will forever sing your praise As I am lost in love's sweetest maze You are my reason my north star my guide With you I am truly alive inside. My love in every moment of each day I thank the stars that you came my way For with you my heart has found its home My love in you I’m never alone.","Here's a love poem for someone special: My heart beats for you alone In your eyes my soul finds home. A love so strong it shines so bright Guiding me through life's joys and night. Your touch ignites a burning fire Melting my fears and soothing my desire. With every kiss my love for you grows A flame that flickers but never goes. Your smile a work of art divine Captivates my heart and makes it mine. Your laughter music to my ears A symphony that banishes all fears. In your arms I find my peaceful nest A haven where love is always at its best. You are my forever my always true The one I cherish my heart belongs to you. With every passing day I fall more in love With every moment we share my heart beats above. You are the sunshine that brightens my day The missing piece that makes my heart complete in every way. Forever and always my love will be A love so strong it will set you free. To cherish honor and love you true Is the greatest gift I can give to you. I hope this love poem conveys the depth of your feelings","","17","256","273","22.919","43.632","12.237","81.722","4.69536","136.25859","140.95395","2026-07-21T13:32:52.681409","2026-07-21T13:32:53.423153","2026-07-21T13:33:14.344075","2026-07-21T13:33:14.344604"
"79","1","79","Create a mnemonic to remember the capital cities of the three Baltic countries.","","Here's a possible mnemonic: LET's go to the Baltic capitals . Each letter in the word LET represents the first letter of each capital city in the region: L for Tallinn of Estonia E for Riga of Latvia and T for Vilnius of Lithuania.","Here's a mnemonic to remember the capital cities of the three Baltic countries: LEIP - Each letter corresponds to the first letter of a capital city: L - Latvia - Liedvaini doesn't work well... how about Liepāja doesn't fit either... how about: L - Liepaja's the last I'd choose so... L - Let's go with: Liepaja to Lithuania: L - Let's say it's Lithuania - L - L - Lithuania - Let's choose: L - Let's say L - Liepaja's the last I'd choose so... L - Let's say the first letter is: L - Liepaja is the last so the first letter is: L - Let's say: Liepaja to Lithuania: L - Let's say: Liepaja is the last I'd choose so... L - Let's say: Liepaja to Lithuania: L - Let's say: Liepaja is the last I'd choose so... L - Let's say: Liepaja to Lithuania: L - Let's say: Liepaja is the last I'd choose so... L - Let's say: Liepaja to Lithuania: L - Let","","23","256","279","34.194","29.245","12.610","79.301","4.57948","134.36432","138.94380","2026-07-21T13:33:14.346912","2026-07-21T13:33:15.019536","2026-07-21T13:33:35.320590","2026-07-21T13:33:35.321134"
"80","1","80","Generate an acrostic poem.","Spring","Sunshine and warmth bring us out doors Petals bloom and bees are buzzing Rain showers that make the gardens grow Incredible time for new beginnings Nature awakens from a winter slumber Green grass and leaves on the trees once more","Here is an acrostic poem using the word Spring : S - Sunshine warms the earth below P - Petals bloom and flowers start to grow R - Rays of light dance across the ground I - Insects chirp and birds sing all around N - Nature awakens from its sleep G - Green shoots burst forth and all is new I hope you enjoy it!","","17","84","101","32.498","30.771","11.468","87.196","3.60757","46.57811","50.18567","2026-07-21T13:33:35.323178","2026-07-21T13:33:35.846286","2026-07-21T13:33:43.170738","2026-07-21T13:33:43.171084"
"81","1","81","Brainstorm a creative idea for a team-building exercise.","","One creative idea for a team-building exercise could be a Virtual Escape Room challenge. In this activity team members work together to solve puzzles and complete tasks to escape a virtual room within a set time limit. To make it more interactive and engaging the escape room can be designed around a specific theme or storyline such as a heist or a treasure hunt. In the virtual escape room team members will have to communicate effectively delegate tasks and rely on each other's strengths to successfully complete the challenge. This activity not only promotes collaboration and problem solving but it also allows team members to get to know each other better and have some fun in the process.","Here's a creative idea for a team-building exercise: ** Escape the Island of Lost Socks ** **Objective:** To foster collaboration creative problem-solving and trust among team members as they work together to escape a mysterious island where lost socks have gone missing. **How it works:** 1. **The Island Scenario**: Teams are given a scenario where a mysterious island has emerged from the depths of the ocean and it's rumored that lost socks from all over the world have washed up on its shores. The team must navigate the island solve puzzles and uncover clues to escape before the island sinks into the sea. 2. **Sock-themed Challenges**: Throughout the island teams will encounter various challenges such as: * Decoding a message written in invisible ink using only a black light. * Solving a jigsaw puzzle with missing pieces that have a hidden connection to the team's industry. * Completing an obstacle course using only socks as makeshift tools (e.g. using a single sock as a makeshift pulley). 3. **Collaborative Problem-Solving**: Teams will need to work together share resources and rely on each other's strengths to overcome these challenges. 4. **The Final Escape**: After completing all the challenges","","20","256","276","33.652","29.716","13.025","76.776","3.82919","131.82694","135.65613","2026-07-21T13:33:43.173038","2026-07-21T13:33:43.767355","2026-07-21T13:34:03.421970","2026-07-21T13:34:03.422440"
"82","1","82","Create an algorithm that classifies a given text into one of five categories.","This is a breathtaking landscape of mountains and lush vegetation.","Step 1: Define the categories and associated keywords - Nature: mountain vegetation landscape forest beach river lake ocean - Sports: football basketball hockey tennis running cycling fitness - Technology: computer internet software AI smartphone device gadget - Food: pizza pasta burger fruit vegetable cooking recipe cuisine - Art: painting sculpture music theater dance literature poetry Step 2: Tokenize and preprocess the input text - Convert the input text to lower case: this is a breathtaking landscape of mountains and lush vegetation. - Split the text into individual words: ['this' 'is' 'a' 'breathtaking' 'landscape' 'of' 'mountains' 'and' 'lush' 'vegetation'] Step 3: Count the number of keywords in the text for each category - Nature: 3 - Sports: 0 - Technology: 0 - Food: 0 - Art: 0 Step 4: Determine the category with the highest count - The category with the highest count is Nature. Step 5: Return the classification - The input text is classified as Nature.","Here's an algorithm that uses a combination of natural language processing (NLP) techniques and machine learning to classify the given text into one of five categories: **Category Labels:** 1. **Nature**: Descriptions of natural landscapes wildlife or environmental features. 2. **Travel**: Texts that describe travel experiences locations or cultural events. 3. **Food**: Descriptions of food drinks or culinary experiences. 4. **Emotions**: Texts that express emotions opinions or personal experiences. 5. **Objects**: Descriptions of objects tools or man-made structures. **Algorithm:** 1. **Tokenize the text**: Split the text into individual words or tokens. 2. **Remove stop words**: Remove common words like the and a etc. that don't add much value to the text. 3. **Part-of-speech tagging**: Identify the part of speech (noun verb adjective etc.) for each token. 4. **Named Entity Recognition (NER)**: Identify named entities (people places organizations etc.) in the text. 5. **Sentiment analysis**: Analyze the sentiment of the text (positive negative neutral). 6. **Category matching**: Compare","","35","256","291","34.985","28.584","12.225","81.799","6.61682","137.56585","144.18268","2026-07-21T13:34:03.424732","2026-07-21T13:34:04.425161","2026-07-21T13:34:25.365666","2026-07-21T13:34:25.366049"
"83","1","83","Suggest a way to organize a closet efficiently.","","One way to organize a closet efficiently is to follow these steps: 1. First clear out everything from the closet and sort through the items. Donate or get rid of anything that you no longer wear or use. 2. Organize your clothes by type such as separating shirts pants dresses and jackets. Within these groups you can then organize them by color length or season. 3. Utilize shelving hanging rods and storage boxes or bins to maximize space. Place the most frequently used items at eye-level and within easy reach. 4. Use space-saving hangers and slim velvet hangers these save a lot of horizontal space and give a cleaner look. 5. Use shelf dividers to keep stacks of folded clothes neat and tidy. 6. Store off-season clothing or items that you rarely use in vacuum-sealed storage bags or in boxes on a higher shelf to free up space. 7. Consider using drawer organizers or storage boxes to keep smaller items such as socks or undergarments neat and easily accessible. 8. Make use of the closet door by hanging an over-the-door shoe organizer or hooks to store shoes bags or accessories. 9. Finally make sure to maintain the organization by putting things back in their designated spot after use and regularly reassessing and decluttering your closet. By implementing these steps you should be able to efficiently organize your closet and easily find what you're looking for.","The eternal quest for a clutter-free closet! Here's a step-by-step guide to help you organize your closet efficiently: **Before You Start** 1. **Purge and declutter**: Take everything out of your closet and sort items into three piles: * Keep: items you wear regularly or love. * Donate/Sell: items that are still in good condition but no longer fit or suit your style. * Discard: items that are stained torn or no longer useful. 2. **Clean the closet**: Dust vacuum and wipe down shelves to create a clean slate. **Organizing the Closet** 1. **Categorize and group similar items**: Sort items into categories such as: * Tops (shirts blouses sweaters) * Bottoms (pants skirts shorts) * Dresses * Outerwear (coats jackets) * Accessories (scarves hats belts) 2. **Assign a home for each item**: Designate a specific shelf or section for each category. This will help maintain your newly organized space. 3. **Use storage containers**: Use bins baskets or drawers to store items that you don't wear frequently like out-of-season clothes or","","19","256","275","23.883","41.871","12.028","83.140","4.72050","138.34415","143.06465","2026-07-21T13:34:25.368148","2026-07-21T13:34:26.163688","2026-07-21T13:34:47.447531","2026-07-21T13:34:47.448023"
"84","1","84","Train a GPT 3 language model to generate a realistic fake review for a given product.","Product: IKEA side table","The IKEA side table is a fantastic addition to my home. It's simple yet stylish design adds a touch of elegance to any room. It's the perfect size for placing next to a sofa or armchair providing a convenient spot for a cup of coffee or book. The build quality and durability are excellent and it's really easy to put together. It's a great value for the price and I would highly recommend it to anyone in need of a functional well-made side table.","I'll train a GPT-3 language model to generate a realistic fake review for an IKEA side table. Please note that this review will be fictional and not based on any actual customer experience. **Review:** I am absolutely OBSESSED with my new MALM side table from IKEA! I was a bit skeptical about buying furniture online but I'm so glad I took the chance. The table is sleek modern and perfect for my living room. The assembly process was a breeze - I mean it took me all of 20 minutes to put it together (no joke it was that easy). The quality is top-notch and the price point is unbeatable. I've had this table for a few weeks now and it's been a game-changer for my decor. The only thing I wish I'd done differently was buy a few more of these - I'm seriously considering ordering a few more for my friends and family. IKEA you've outdone yourself with this one. Five stars would recommend to anyone looking to upgrade their furniture game! **Generated Review Metrics:** * Positive sentiment: 92% * Keyword usage: 85% (MALM IKEA side table assembly quality price)","","34","256","290","34.438","29.037","11.861","84.310","6.74707","138.83134","145.57841","2026-07-21T13:34:47.450370","2026-07-21T13:34:48.437644","2026-07-21T13:35:10.020980","2026-07-21T13:35:10.021465"
"85","1","85","Give me a strategy to increase my productivity.","","Here are some effective strategies that can help you increase your productivity: 1. Set Clear Goals: Start by setting clear goals and breaking them down into smaller manageable tasks. Having a clear understanding of what you want to achieve helps keep you focused and motivated. 2. Use a To-Do List: Write down all the tasks you need to complete for the day or week and prioritize them according to their importance and urgency. This helps you stay organized and on track. 3. Avoid Distractions: Identify and minimize distractions that take your attention away from your work. This could include turning off notifications for non-essential apps working in a quiet environment and avoiding multitasking. 4. Take Breaks Regularly: It's essential to take breaks regularly to recharge and refresh your mind. During your breaks you can do a quick exercise meditate or even take a short walk to clear your head. 5. Use Tools and Apps: There are plenty of tools and apps available to help you stay productive. Use apps like Trello or Asana to manage your tasks Pomodoro timers to maintain focus and blocking apps to minimize distraction. 6. Optimizing your daily routine: It is important to have a morning routine aimed at increasing your energy and concentration during the day. Sleeping well eating healthy and having a pleasant time to wake up are factors that have a strong influence on daily productivity. By implementing these strategies you can effectively increase your productivity achieve your goals and reach your fullest potential.","Here's a comprehensive strategy to increase your productivity: **I. Set Clear Goals and Priorities** 1. **Identify your objectives**: Start by setting specific measurable achievable relevant and time-bound (SMART) goals for the short-term and long-term. 2. **Prioritize tasks**: Make a list of tasks you need to complete and prioritize them based on importance and urgency. 3. **Focus on high-leverage activities**: Identify the most critical tasks that will have the greatest impact on your goals and focus on those first. **II. Create a Productive Environment** 1. **Eliminate distractions**: Identify common distractions such as social media email or phone notifications and eliminate them while you work. 2. **Optimize your workspace**: Set up your workspace to promote productivity including good lighting comfortable seating and necessary tools. 3. **Minimize multitasking**: Focus on one task at a time to avoid divided attention and reduce errors. **III. Use Time-Management Techniques** 1. **Pomodoro Technique**: Work in focused 25-minute increments followed by a 5-minute break. 2. **Time blocking**: Schedule large blocks of uninterrupted time to focus on critical tasks. 3. **Use a calendar","","18","256","274","33.831","29.559","12.910","77.459","3.57799","131.13609","134.71408","2026-07-21T13:35:10.023516","2026-07-21T13:35:10.555574","2026-07-21T13:35:30.384958","2026-07-21T13:35:30.385347"
"86","1","86","Write a story that uses the following four words: sunset starry journey adventure","","Once upon a time there was a young boy who dreamed of embarking on an epic journey. He longed for adventure and the thrill of exploring new lands. One warm summer evening as he gazed out at the beautiful sunset he knew that it was time to set out on his quest. The boy packed a small bag with everything he would need for his journey and set out into the night. The sky was starry and clear and the moon shone brightly lighting his way. As he walked he couldn't help but feel excited about the adventure that lay ahead. Days turned into weeks as the boy journeyed further and further from home. He encountered all sorts of obstacles and challenges but with each one he became stronger and more determined. The sun set and rose each day marking the passage of time as he continued on his quest. Finally after many long weeks of travel the boy reached his destination. He had discovered a new land filled with wonders and beauty beyond anything he could have ever imagined. The sunset over this new world was more breathtaking than any he had ever seen and the starry sky seemed to sparkle more brightly than ever before. The boy knew that his journey had been worth every step and he was grateful for the adventure that had brought him to this magical place. And so as he watched the sun set on another day he knew that this was just the beginning of a lifetime of exploration and discovery.","As the sun began to set casting a warm orange glow over the landscape Lena felt a thrill of excitement. She had been planning this journey for months and finally she was ready to embark on her adventure. She stood at the edge of a vast open plain the sky behind her a deep shade of pink. The sun was sinking lower and lower casting a golden light over the rolling hills and grasslands. It was a truly breathtaking sight one that made Lena feel small yet connected to the vast expanse of nature around her. As the sun dipped below the horizon the sky transformed into a canvas of twinkling lights. The stars began to appear one by one like diamonds scattered across the velvet expanse. Lena felt a shiver run down her spine as she gazed up at the starry sky her heart pounding with anticipation. She had always been drawn to the unknown and this journey was no exception. She had heard tales of a hidden valley a secret place where the air was sweet and the water was crystal clear. Lena was determined to find it to follow the map that had led her to this point and see where it would take her. With a sense of excitement and trepidation Lena set off into the","","27","256","283","27.660","36.153","13.003","76.907","6.17634","133.19200","139.36834","2026-07-21T13:35:30.387590","2026-07-21T13:35:31.363730","2026-07-21T13:35:51.051990","2026-07-21T13:35:51.052416"
"87","1","87","Think of a creative way to transport a car from Denver to Texas.","","One idea for transporting a car from Denver to Texas in a creative way is to use helium filled balloons to float it through the sky. The car could be fitted with a harness and a large number of high-strength balloons could be attached to it. Once filled with helium the balloons would lift the car up into the air allowing it to be gently floated towards Texas. A small team of trained pilots could use drones to navigate the car and control its altitude making sure it stays on course and avoiding any obstacles or hazards along the way. This would be a unique and visually stunning way to transport the car and could draw a lot of attention and interest from people along the route.","Here's a creative way to transport a car from Denver to Texas: ** The Great Texas Car Rally ** Imagine a convoy of vintage cars each with a unique theme and color scheme making their way from Denver to Texas. The car-rally is actually a cleverly disguised logistics operation where a fleet of custom-built 18-wheeler trucks (disguised as vintage cars) transport the actual vehicles. **The Route:** 1. From Denver the convoy sets off on the historic Route 66 which runs from Chicago to Los Angeles. However this convoy will take a detour to avoid major highways using a mix of back roads scenic byways and rural highways to reach the Texas Panhandle. 2. As the convoy makes its way south they'll pass through the rolling hills and vast plains of the American heartland taking in the breathtaking views of the Great Plains. 3. When they reach the Texas-Oklahoma border the convoy will split into two groups: one headed to Houston and the other to Dallas. Each group will take a different route using smaller highways and byways to reach their final destinations. **The Twist:** To add an extra layer of excitement and challenge the convoy","","23","256","279","34.387","29.081","12.733","78.536","4.64041","137.32974","141.97014","2026-07-21T13:35:51.054616","2026-07-21T13:35:51.723475","2026-07-21T13:36:11.828811","2026-07-21T13:36:11.829300"
"88","1","88","Name a famous person who embodies the following values: knowledge and creativity.","","One famous person who embodies the values of knowledge and creativity is Albert Einstein. He is widely regarded as one of the most brilliant and influential scientists of all time and his groundbreaking theories and ideas have had a profound impact on our understanding of the universe. Einstein was a creative thinker who was able to develop new and innovative ideas and he also had a deep and expansive knowledge of the scientific principles and theories of his time.","I'd like to suggest the one and only **Neil deGrasse Tyson**! Neil deGrasse Tyson is an American astrophysicist science communicator director of the Hayden Planetarium and science podcaster. He embodies the values of knowledge and creativity in many ways: **Knowledge:** 1. **A lifelong learner**: Neil has a Ph.D. in astrophysics from Columbia University and has written numerous books on science and critical thinking. 2. **Passionate about science education**: He's a strong advocate for science literacy and has created educational content to inspire young people to pursue careers in science technology engineering and mathematics (STEM). 3. **Curious and open-minded**: Neil has a curiosity-driven approach to understanding the universe and has explored various fields from astrophysics to science policy. **Creativity:** 1. **Science communicator extraordinaire**: Neil has hosted several science-focused TV shows including Cosmos: A Spacetime Odyssey and StarTalk which have made science accessible to a broad audience. 2. **Innovative thinker**: He's a proponent of science-based thinking and has used humor and storytelling to make complex scientific concepts more engaging and entertaining. 3. **Entrepreneurial spirit","","23","256","279","34.340","29.121","12.232","81.754","4.45646","141.27100","145.72746","2026-07-21T13:36:11.831423","2026-07-21T13:36:12.501198","2026-07-21T13:36:33.430274","2026-07-21T13:36:33.430758"
"89","2","89","Design a smartphone app","","The smartphone app I would design would be a personal organization and productivity tool. The app would feature a clean and intuitive user interface and it would be divided into several sections including a calendar to-do list goal tracker and note-taking section. The calendar section would allow users to add events and appointments set reminders and view their schedule in a daily weekly or monthly layout. The to-do list would enable users to organize tasks into categories and prioritize them based on urgency and importance. The goal tracker would help users set and track their personal and professional goals with features such as progress tracking and customizable milestones. Finally the note-taking section would provide a space for users to jot down ideas and reminders with the option to add images and voice recordings. The app would also integrate with other commonly used applications such as email and cloud storage to provide a seamless experience. Users could set up custom notifications and reminders to ensure they stay on track with their tasks and goals. Overall the app would be a comprehensive tool for managing time organizing tasks and achieving personal and professional goals.","Here's a design for a smartphone app: **App Name:** Dream Journal Pro **Tagline:** Record Reflect and Unlock Your Subconscious **Overview:** Dream Journal Pro is a comprehensive dream journaling app that helps users record analyze and understand their dreams. The app combines a dream journaling feature with a mood tracking and insights analysis tool providing a unique and insightful experience for users. **Features:** 1. **Dream Journaling:** * Users can record and save their dreams in a digital journal. * Each entry includes a date time and description of the dream. * Users can add tags emotions and keywords to make it easier to search and analyze their dreams. 2. **Mood Tracking:** * Users can track their emotions and moods over time. * The app provides a daily mood tracker which helps users identify patterns and correlations between their emotions and dreams. 3. **Insights Analysis:** * The app uses machine learning algorithms to analyze the user's dreams and provide insights into their subconscious mind. * Users can receive personalized recommendations and suggestions based on their dream content and emotional patterns. 4. **Wake-Back-Tracker:** * Users can set reminders to review","","13","256","269","30.648","32.629","11.508","86.892","2.87490","141.75347","144.62837","2026-07-21T13:42:33.577077","2026-07-21T13:42:34.001252","2026-07-21T13:42:56.245709","2026-07-21T13:42:56.246175"
"90","1","90","Create an appropriate title for a song.","","Heartbeats and Echoes","Here are a few ideas for song titles: 1. ** Lost in the Moment ** - a title that captures the feeling of being fully immersed in the present. 2. ** Ghost of You ** - a haunting title that suggests a lingering presence or memory. 3. ** Fire in My Soul ** - a title that conveys a sense of passion and inner drive. 4. ** Whispers in the Dark ** - a title that evokes the idea of secrets and hidden truths. 5. ** Love Me Like You Mean It ** - a title that exudes confidence and a desire for genuine connection. Which one resonates with you the most or do you have a different title in mind?","","17","149","166","32.819","30.470","11.393","87.769","3.58077","82.13215","85.71293","2026-07-21T13:42:56.248464","2026-07-21T13:42:56.766451","2026-07-21T13:43:09.844103","2026-07-21T13:43:09.844558"
"91","1","91","Write a 100-word description of a bustling city street scene.","","The city street is alive with energy and movement as people from all walks of life hurry along the crowded sidewalks. The sounds of car horns and chatter fill the air contributing to the lively atmosphere. Street vendors line the sidewalks selling everything from hot dogs to exotic souvenirs attracting customers with their colorful displays and enticing aromas. Traffic is heavy with cars buses and bikes all vying for space on the busy roads. The bright lights of towering buildings and flashing signs illuminate the scene creating a vibrant and bustling urban environment.","The city street was a kaleidoscope of color and sound. Cars honked people shouted and construction drones buzzed overhead as pedestrians scurried to and fro. The sidewalks were a blur of suits umbrellas and strollers weaving in and out of each other. Neon lights reflected off wet pavement casting a gaudy glow over the chaotic scene. The smell of street food wafted through the air enticing passersby to stop and sample the local cuisine. Amidst the mayhem the sound of sirens pierced the air adding to the cacophony of the urban jungle where life was always in motion.","","22","133","155","33.869","29.525","11.415","87.605","4.29260","73.97543","78.26803","2026-07-21T13:43:09.846685","2026-07-21T13:43:10.496238","2026-07-21T13:43:22.147705","2026-07-21T13:43:22.148035"
"92","1","92","Rewrite the sentence using a different way of saying must .","Everyone must remember to bring their supplies to class.","It is imperative for everyone to remember to bring their supplies to class.","Everyone needs to remember to bring their supplies to class.","","32","11","43","28.693","34.852","10.702","93.443","7.60039","6.30876","13.90914","2026-07-21T13:43:22.150175","2026-07-21T13:43:23.265430","2026-07-21T13:43:24.293303","2026-07-21T13:43:24.293504"
"93","1","93","Convert the following graphic into a text description.","","I'm sorry but as an AI language model I cannot see the graphic you provided. Please provide a textual description of the graphic or any other text-based information so I can assist you better.","Unfortunately I don't see a graphic attached to this message. Can you please provide the graphic or describe it to me and I'll be happy to help you convert it into a text description?","","18","40","58","34.094","29.331","9.957","100.433","3.64529","24.95923","28.60452","2026-07-21T13:43:24.295381","2026-07-21T13:43:24.823330","2026-07-21T13:43:28.840665","2026-07-21T13:43:28.840946"
"94","1","94","Imagine you are making an egg sandwich write out a step-by-step instruction to make the sandwich.","","Here is a step-by-step instruction to make an egg sandwich: 1. Start by gathering all the ingredients you will need. These include bread eggs butter mayonnaise lettuce salt pepper and any other toppings or condiments you want to add. 2. Heat a non-stick skillet over medium heat and add a small pat of butter to the skillet. 3. Crack the eggs into the skillet and cook until the whites are set but the yolks are still runny. You can also flip the eggs over and cook for a few seconds on the other side if you prefer your yolks more cooked. 4. While the eggs are cooking toast the bread to your desired level of toasty-ness. You can use a toaster or you can toast the bread in the skillet by melting some butter on it and cooking the bread over medium-low heat until it is lightly browned on both sides. 5. Once the bread is toasted spread one side of each slice with mayonnaise. Place the lettuce on top of one slice of bread. 6. When the eggs are cooked use a spatula to carefully transfer them on top of the lettuce. Season with salt and pepper to taste. 7. Add any other toppings or condiments you want to include such as cheese sliced tomato or bacon. 8. Top with the other slice of bread mayonnaise side down. Cut the sandwich in half if desired and serve immediately. Enjoy your delicious egg sandwich!","A delicious egg sandwich! Here's a step-by-step guide to making the perfect egg sandwich: **Step 1: Gather Ingredients and Tools** * 2 slices of bread (white or whole wheat as you prefer) * 1-2 eggs (depending on your egg- enthusiast level) * Salt and pepper to taste * Cooking oil or butter for the pan * A non-stick pan or skillet * A plate for assembling the sandwich **Step 2: Cook the Eggs** * Crack 1-2 eggs into a bowl and whisk them together with a fork. Add a pinch of salt and pepper to taste. * Heat a non-stick pan or skillet over medium heat. Add a small amount of cooking oil or butter to the pan. * Pour the egg mixture into the pan and scramble the eggs until they're cooked to your desired doneness. For a fluffy egg sandwich cook the eggs until they're just set but still moist. * Remove the eggs from the pan and set them aside on a plate. **Step 3: Toast the Bread** * Place the bread slices into a toaster or toast them in a toaster oven until they're lightly toasted. * Alternatively you can toast the bread by placing it in the pan","","29","256","285","27.714","36.083","11.563","86.482","6.71821","141.57874","148.29695","2026-07-21T13:43:28.843083","2026-07-21T13:43:29.889487","2026-07-21T13:43:52.028942","2026-07-21T13:43:52.029367"
"95","1","95","Predict how technology will change in the next 5 years.","","In the next five years technology is expected to advance significantly driven by trends such as artificial intelligence (AI) virtual and augmented reality the Internet of Things (IoT) 5G connectivity and automation. Here are some ways technology may change in the coming years: 1. Greater adoption of AI and Machine Learning: The use of AI and machine learning will continue to grow with more businesses and organizations incorporating these technologies into their operations. This will lead to more automation of tasks improved accuracy and efficiency in data analysis and the development of smarter and more intuitive software. 2. Widespread implementation of 5G: The rollout of 5G networks will revolutionize the way we connect and communicate bringing faster internet speeds stronger connections and reduced response times. This will enable advancements in fields such as telemedicine remote work and gaming. 3. Advancements in VR and AR: Virtual and augmented reality technologies will continue to develop with more immersive and interactive experiences becoming available. This will not only impact the entertainment industry but will also have implications for education training and simulation. 4. Expansion of IoT: The Internet of Things (IoT) will continue to expand with more devices and appliances being connected and sharing data. This will result in more efficient and personalized interactions with technology from smart homes to connected cars. 5. Continued growth of remote work: Advances in technology and the normalization of remote work during the pandemic will lead to continued growth in remote work. Tools for collaboration communication and productivity will continue to improve making it easier for teams to work together despite geographic distances. Overall technology in the next five years is expected to continue driving innovation and change in virtually every industry allowing for greater connectivity automation and efficiency.","Predicting the future of technology is always exciting and uncertain. Based on current trends advancements and innovations here are some potential changes that could occur in the next 5 years (2023-2028): **1. Artificial Intelligence (AI) Advancements:** * Increased adoption of AI in various industries such as healthcare finance and education. * Improved natural language processing (NLP) and computer vision capabilities. * More sophisticated chatbots and virtual assistants like Amazon's Alexa and Google Assistant. **2. 5G and 6G Networks:** * Widespread adoption of 5G networks enabling faster data speeds and lower latency. * Early introduction of 6G networks which promise even faster speeds and new features like quantum computing integration. **3. Internet of Bodies (IoB) and Wearables:** * Continued growth of the IoB market with more people wearing and using wearables such as smartwatches fitness trackers and implantable devices. * Increased focus on health and wellness applications like remote monitoring and personalized medicine. **4. Augmented Reality (AR) and Virtual Reality (VR) Advancements:** * Improved AR and VR experiences with","","21","256","277","25.461","39.275","11.595","86.245","5.31638","139.97798","145.29436","2026-07-21T13:43:52.031797","2026-07-21T13:43:52.856582","2026-07-21T13:44:14.935348","2026-07-21T13:44:14.935891"
"96","1","96","Find the minimum value of 132 - 5*3","","The minimum value of `132 - 5 * 3` can be found by following the order of operations. First you would solve the multiplication inside the expression which is: 5 * 3 = 15. Then you can substitute this value into the expression making it `132 - 15`. Now we will perform the subtraction: 132 - 15 = 117 So the minimum value of `132 - 5 * 3` is 117.","## Step 1: First we need to follow the order of operations (PEMDAS/BODMAS) which means we do the multiplication before the subtraction. So we multiply 5 by 3. ## Step 2: The multiplication of 5 by 3 equals 15. Now we have 132 - 15. ## Step 3: Subtract 15 from 132. This equals 117. The final answer is: $\boxed{117}$","","21","95","116","34.639","28.869","11.510","86.881","4.29006","52.30449","56.59455","2026-07-21T13:44:14.938457","2026-07-21T13:44:15.544703","2026-07-21T13:44:23.798407","2026-07-21T13:44:23.798776"
"97","1","97","Provide a step-by-step explanation of how a physical computer is powered up.","","1. **Connect the power cable:** Start by confirming that the computer is correctly plugged into an electrical outlet surge protector or power strip (which should be turned on). Typically a computer uses a 3-pronged power cord with one end connecting to the power supply unit (PSU) at the back of the computer case and the other end is plugged into a wall socket. 2. **Turn on the power supply:** With the power cable connected locate the power supply unit (PSU) switch usually located at the back of the computer case near the power cord - this switches the PSU on or off - and move it to the 1 or ON position. 3. **Press the power button:** Find the power button on the front of the computer case and press it. This will send a signal to the power supply to start sending power throughout the system. 4. **The Boot Process:** Once the power button is pressed the power supply sends an electrical current to the motherboard and other components. The motherboard's BIOS (Basic Input/Output System) is activated and conducts a Power-On-Self-Test (POST) to ensure all hardware is functioning correctly. If the POST is successful it will then start the boot loader program which is responsible for loading the operating system. 5. **Loading the Operating System:** Once the boot loader is activated it will load the operating system (e.g. Windows macOS) from the hard drive or SSD into the computer's memory (RAM). The operating system then initializes the system and loads drivers and services responsible for controlling the computer's hardware and software. 6. **Ready to Use:** After the operating system has loaded the computer will display the login screen and the user can log in to the system. At this point the computer is powered up and the user can begin using it to perform tasks run applications and access the internet. Note: These steps assume that the computer is functioning correctly and has no issues with its hardware or software. If problems are encountered during the power-up process a user may need to troubleshoot the issue or seek the assistance of a professional technician.","Here's a step-by-step explanation of how a physical computer is powered up: **Step 1: The Power Button is Pressed** The user presses the power button on the computer which is usually located on the front or top of the case. This button sends an electrical signal to the power supply unit (PSU). **Step 2: The Power Supply Unit (PSU) is Activated** The PSU also known as the power brick is a component that converts AC (alternating current) power from the wall outlet to DC (direct current) power for the computer's components. When the power button is pressed the PSU's built-in circuitry detects the signal and begins to activate its internal components. **Step 3: The PSU's Transformers Begin to Spin** The PSU contains multiple transformers which are coils of wire that convert AC power to DC power. When the PSU is activated the transformers begin to spin generating a magnetic field that induces a voltage in the coils. This process is called magnetization. **Step 4: The Power Supply Unit's Rectifier Begins to Convert AC Power** The rectifier a component that converts AC power to DC power is also activated. The rectifier uses a series of di","","24","256","280","34.251","29.196","11.150","89.682","4.43109","144.77864","149.20973","2026-07-21T13:44:23.801072","2026-07-21T13:44:24.501781","2026-07-21T13:44:47.460496","2026-07-21T13:44:47.461007"
"98","1","98","Come up with some creative ways to recycle cardboard.","","1. Create fun and functional storage containers: Cut and shape cardboard boxes into custom organizers for your drawers cabinets and desk. 2. Design a DIY pet toy or scratching post: Cats and rabbits both love to play and scratch on cardboard. Create a fun and sustainable toy for your furry friend by gluing together pieces of cardboard for them to chew or scratch on. 3. Make picture frames: Cut out and decorate cardboard frames for your favorite photos or artwork. You can even use different colors and patterns to create a gallery wall. 4. Build a fort: Let your imagination run wild and build a fort or playhouse for your kiddos using various sizes and shapes of cardboard boxes. 5. Craft homemade cards or stationery: Cut and fold your cardboard into unique cards or note paper and decorate with markers paint or collages. 6. Compost it: Cardboard can be an effective brown material in compost piles. Simply shred or tear up the cardboard and add it to the mix. 7. Use as mulch: In a similar vein cardboard can be used as a weed barrier and mulch in garden beds. Lay down a layer of cardboard over weedy areas and then cover with dirt mulch or compost. 8. DIY plant pots: Use cardboard to create biodegradable pots for starting seedlings. Once the seedlings are ready to be transplanted simply place the entire pot into the ground.","The humble cardboard box! So much potential so much waste. Here are some creative ways to recycle cardboard: 1. **Cardboard Fort or Playhouse**: Collect cardboard boxes of all shapes and sizes cut them up and build a fort or playhouse for kids (or adults!). You can also decorate them with paint markers or stickers to make them more exciting. 2. **Seed Starters**: Use cardboard tubes from toilet paper or paper towel rolls to create mini greenhouses for starting seeds. Simply fill the tube with potting soil plant your seeds and place it in a sunny spot. 3. **Bird Feeders**: Transform cardboard boxes into bird feeders by cutting out holes for the birdseed decorating with paint or markers and hanging them from a tree using twine or fishing line. 4. **Pencil Holders**: Use cardboard boxes to create unique pencil holders or desk organizers. Simply cut out the top and bottom flaps add some decorative tape or markers and use it to keep your workspace tidy. 5. **Garden Planters**: Clean and flatten cardboard boxes then use them as planters for small plants or herbs. You can also decorate them with paint or markers to add a personal touch. 6. **Wind","","19","256","275","32.042","31.209","10.934","91.455","3.52920","148.86462","152.39381","2026-07-21T13:44:47.463552","2026-07-21T13:44:48.056525","2026-07-21T13:45:11.469109","2026-07-21T13:45:11.469673"
"99","1","99","Construct a regular expression that matches all 5-digit numbers that start with 4.","","The regular expression that matches all 5-digit numbers that start with 4 would be `4\d{4}`. The `4` at the start of the expression indicates that the number must start with 4. The `\d` represents any digit and the `{4}` indicates that there should be four digits following the leading 4. The entire expression therefore means that the number should start with 4 and be followed by four digits resulting in a 5-digit number that starts with 4.","## Step 1: Define the pattern for the first digit The first digit must be 4 so we start with a regular expression that matches the digit 4. ## Step 2: Define the pattern for the remaining digits The remaining four digits can be any number from 0 to 9. Since we are looking for a 5-digit number the regular expression must allow for the digits 0-9. ## Step 3: Combine the patterns for the first and remaining digits To match all 5-digit numbers that start with 4 we combine the patterns for the first digit and the remaining digits. ## Step 4: Write the final regular expression The final regular expression should match the digit 4 and any digits from 0 to 9 for the remaining four digits. The final answer is: $\boxed{4\dots\dots\dots}$","","26","180","206","34.183","29.255","11.069","90.344","5.32762","103.27319","108.60081","2026-07-21T13:45:11.472097","2026-07-21T13:45:12.232719","2026-07-21T13:45:28.494723","2026-07-21T13:45:28.495165"
