row_number,timestamp,datetime,voltage_v_0x40,current_a_0x40,power_w_0x40,shunt_mv_0x40,energy_j_0x40,voltage_v_0x41,current_a_0x41,power_w_0x41,shunt_mv_0x41,energy_j_0x41,voltage_v_0x44,current_a_0x44,power_w_0x44,shunt_mv_0x44,energy_j_0x44,voltage_v_0x45,current_a_0x45,power_w_0x45,shunt_mv_0x45,energy_j_0x45,total_power_w,total_energy_j
0-1,1783317931.104892,2026-07-06T13:05:31.104892,5.08298,1.35917,6.90864,13.86000,0.69141,5.05689,1.32597,6.70528,13.48000,0.67106,0.00000,0.00000,0.00000,0.00000,0.00000,0.00000,0.00000,0.00000,0.00000,0.00000,13.61392,1.36247
0-1,1783317931.204946,2026-07-06T13:05:31.204946,5.07270,1.32768,6.73490,13.54000,1.36527,5.05333,1.31620,6.65121,13.38000,1.33654,0.00000,0.00000,0.00000,0.00000,0.00000,0.00000,0.00000,0.00000,0.00000,0.00000,13.38611,2.70181
0-1,1783317931.305001,2026-07-06T13:05:31.305001,5.08470,1.32768,6.75083,13.54000,2.04072,5.05333,1.31620,6.65121,13.38000,2.00203,0.00000,0.00000,0.00000,0.00000,0.00000,0.00000,0.00000,0.00000,0.00000,0.00000,13.40204,4.04274
0-1,1783317931.405055,2026-07-06T13:05:31.405055,5.06994,1.15824,5.87220,11.81000,2.62826,5.05446,1.11454,5.63338,11.33000,2.56567,0.00000,0.00000,0.00000,0.00000,0.00000,0.00000,0.00000,0.00000,0.00000,0.00000,11.50558,5.19393
0-1,1783317931.505110,2026-07-06T13:05:31.505110,5.06123,1.31791,6.67025,13.44000,3.29565,5.04475,1.32914,6.70519,13.51000,3.23655,0.00000,0.00000,0.00000,0.00000,0.00000,0.00000,0.00000,0.00000,0.00000,0.00000,13.37544,6.53220
0-1,1783317931.605165,2026-07-06T13:05:31.605165,5.08420,1.33671,6.79611,13.63000,3.97563,5.05369,1.30839,6.61219,13.30000,3.89814,0.00000,0.00000,0.00000,0.00000,0.00000,0.00000,0.00000,0.00000,0.00000,0.00000,13.40830,7.87377
0-1,1783317931.705219,2026-07-06T13:05:31.705219,5.08020,1.33671,6.79076,13.63000,4.65507,5.05769,1.30839,6.61742,13.30000,4.56024,0.00000,0.00000,0.00000,0.00000,0.00000,0.00000,0.00000,0.00000,0.00000,0.00000,13.40818,9.21531
0-1,1783317931.805274,2026-07-06T13:05:31.805274,5.08447,1.33183,6.77164,13.58000,5.33261,5.04929,1.31718,6.65082,13.39000,5.22569,0.00000,0.00000,0.00000,0.00000,0.00000,0.00000,0.00000,0.00000,0.00000,0.00000,13.42246,10.55830
0-1,1783317931.905329,2026-07-06T13:05:31.905329,5.08234,1.37089,6.96733,13.98000,6.02973,5.04969,1.30839,6.60696,13.30000,5.88674,0.00000,0.00000,0.00000,0.00000,0.00000,0.00000,0.00000,0.00000,0.00000,0.00000,13.57429,11.91647
0-1,1783317932.005383,2026-07-06T13:05:32.005383,5.08901,1.32182,6.72675,13.48000,6.70277,5.05320,1.31913,6.66584,13.41000,6.55369,0.00000,0.00000,0.00000,0.00000,0.00000,0.00000,0.00000,0.00000,0.00000,0.00000,13.39259,13.25646
0-1,1783317932.105441,2026-07-06T13:05:32.105441,5.08101,1.32182,6.71618,13.48000,7.37477,5.05320,1.31913,6.66584,13.41000,7.22066,0.00000,0.00000,0.00000,0.00000,0.00000,0.00000,0.00000,0.00000,0.00000,0.00000,13.38202,14.59543
0-1,1783317932.205495,2026-07-06T13:05:32.205495,5.08523,1.31791,6.70188,13.44000,8.04532,5.05769,1.30839,6.61742,13.30000,7.88276,0.00000,0.00000,0.00000,0.00000,0.00000,0.00000,0.00000,0.00000,0.00000,0.00000,13.31930,15.92808
0-1,1783317932.305549,2026-07-06T13:05:32.305549,5.08708,1.35722,6.90429,13.84000,8.73613,5.05648,1.33500,6.75041,13.57000,8.55817,0.00000,0.00000,0.00000,0.00000,0.00000,0.00000,0.00000,0.00000,0.00000,0.00000,13.65470,17.29429
0-1,1783317932.405605,2026-07-06T13:05:32.405605,5.08847,1.33183,6.77696,13.58000,9.41420,5.05382,1.30546,6.59756,13.27000,9.21829,0.00000,0.00000,0.00000,0.00000,0.00000,0.00000,0.00000,0.00000,0.00000,0.00000,13.37452,18.63248
0-1,1783317932.505659,2026-07-06T13:05:32.505659,5.08464,1.32865,6.75573,13.55000,10.09014,5.06182,1.30546,6.60800,13.27000,9.87945,0.00000,0.00000,0.00000,0.00000,0.00000,0.00000,0.00000,0.00000,0.00000,0.00000,13.36373,19.96958
0-1,1783317932.605714,2026-07-06T13:05:32.605714,5.08464,1.32865,6.75573,13.55000,10.76608,5.05283,1.32719,6.70607,13.49000,10.55042,0.00000,0.00000,0.00000,0.00000,0.00000,0.00000,0.00000,0.00000,0.00000,0.00000,13.46180,21.31650
0-1,1783317932.705770,2026-07-06T13:05:32.705770,5.08324,1.35429,6.88418,13.81000,11.45489,5.05360,1.31034,6.62194,13.32000,11.21299,0.00000,0.00000,0.00000,0.00000,0.00000,0.00000,0.00000,0.00000,0.00000,0.00000,13.50612,22.66788
0-1,1783317932.805826,2026-07-06T13:05:32.805826,5.08447,1.33183,6.77164,13.58000,12.13243,5.05760,1.31034,6.62719,13.32000,11.87607,0.00000,0.00000,0.00000,0.00000,0.00000,0.00000,0.00000,0.00000,0.00000,0.00000,13.39883,24.00850
0-1,1783317932.905881,2026-07-06T13:05:32.905881,5.08052,1.33085,6.76142,13.57000,12.80894,5.05760,1.31034,6.62719,13.32000,12.53916,0.00000,0.00000,0.00000,0.00000,0.00000,0.00000,0.00000,0.00000,0.00000,0.00000,13.38861,25.34810
0-1,1783317933.005935,2026-07-06T13:05:33.005935,5.08052,1.33085,6.76142,13.57000,13.48545,5.05653,1.33403,6.74553,13.56000,13.21408,0.00000,0.00000,0.00000,0.00000,0.00000,0.00000,0.00000,0.00000,0.00000,0.00000,13.50695,26.69953
0-1,1783317933.105990,2026-07-06T13:05:33.105990,5.08388,1.34257,6.82547,13.69000,14.16837,5.05729,1.31718,6.66135,13.39000,13.88058,0.00000,0.00000,0.00000,0.00000,0.00000,0.00000,0.00000,0.00000,0.00000,0.00000,13.48682,28.04895
0-1,1783317933.206044,2026-07-06T13:05:33.206044,5.08324,1.35429,6.88418,13.81000,14.85716,5.05351,1.31230,6.63170,13.34000,14.54411,0.00000,0.00000,0.00000,0.00000,0.00000,0.00000,0.00000,0.00000,0.00000,0.00000,13.51588,29.40127
0-1,1783317933.306099,2026-07-06T13:05:33.306099,5.08346,1.35038,6.86461,13.77000,15.54400,5.06151,1.31230,6.64220,13.34000,15.20869,0.00000,0.00000,0.00000,0.00000,0.00000,0.00000,0.00000,0.00000,0.00000,0.00000,13.50681,30.75269
0-1,1783317933.406153,2026-07-06T13:05:33.406153,5.08346,1.35038,6.86461,13.77000,16.23083,5.05235,1.33793,6.75970,13.60000,15.88503,0.00000,0.00000,0.00000,0.00000,0.00000,0.00000,0.00000,0.00000,0.00000,0.00000,13.62431,32.11586
0-1,1783317933.506207,2026-07-06T13:05:33.506207,5.08452,1.33085,6.76674,13.57000,16.90787,5.05302,1.32304,6.68534,13.45000,16.55393,0.00000,0.00000,0.00000,0.00000,0.00000,0.00000,0.00000,0.00000,0.00000,0.00000,13.45208,33.46180
0-1,1783317933.606263,2026-07-06T13:05:33.606263,5.08810,1.33866,6.81125,13.65000,17.58938,5.05338,1.31523,6.64633,13.37000,17.21893,0.00000,0.00000,0.00000,0.00000,0.00000,0.00000,0.00000,0.00000,0.00000,0.00000,13.45758,34.80830
0-1,1783317933.706317,2026-07-06T13:05:33.706317,5.08912,1.31986,6.71695,13.46000,18.26144,5.05338,1.31523,6.64633,13.37000,17.88392,0.00000,0.00000,0.00000,0.00000,0.00000,0.00000,0.00000,0.00000,0.00000,0.00000,13.36328,36.14536
0-1,1783317933.806372,2026-07-06T13:05:33.806372,5.07983,1.34355,6.82499,13.70000,18.94431,5.05760,1.31034,6.62719,13.32000,18.54700,0.00000,0.00000,0.00000,0.00000,0.00000,0.00000,0.00000,0.00000,0.00000,0.00000,13.45218,37.49132
0-1,1783317933.906426,2026-07-06T13:05:33.906426,5.07983,1.34355,6.82499,13.70000,19.62718,5.05630,1.33891,6.76993,13.61000,19.22436,0.00000,0.00000,0.00000,0.00000,0.00000,0.00000,0.00000,0.00000,0.00000,0.00000,13.59492,38.85154
0-1,1783317934.006481,2026-07-06T13:05:34.006481,5.08346,1.35038,6.86461,13.77000,20.31401,5.05604,1.34477,6.79920,13.67000,19.90465,0.00000,0.00000,0.00000,0.00000,0.00000,0.00000,0.00000,0.00000,0.00000,0.00000,13.66381,40.21867
0-1,1783317934.106535,2026-07-06T13:05:34.106535,5.08314,1.35624,6.89397,13.83000,21.00379,5.05604,1.34477,6.79920,13.67000,20.58494,0.00000,0.00000,0.00000,0.00000,0.00000,0.00000,0.00000,0.00000,0.00000,0.00000,13.69317,41.58873
0-1,1783317934.206589,2026-07-06T13:05:34.206589,5.08303,1.35820,6.90375,13.85000,21.69453,5.05333,1.31620,6.65121,13.38000,21.25042,0.00000,0.00000,0.00000,0.00000,0.00000,0.00000,0.00000,0.00000,0.00000,0.00000,13.55496,42.94496
0-1,1783317934.306644,2026-07-06T13:05:34.306644,5.08703,1.35820,6.90918,13.85000,22.38583,5.05329,1.31718,6.65608,13.39000,21.91640,0.00000,0.00000,0.00000,0.00000,0.00000,0.00000,0.00000,0.00000,0.00000,0.00000,13.56526,44.30223
0-1,1783317934.406698,2026-07-06T13:05:34.406698,5.08260,1.36601,6.94288,13.93000,23.08050,5.05338,1.31523,6.64633,13.37000,22.58139,0.00000,0.00000,0.00000,0.00000,0.00000,0.00000,0.00000,0.00000,0.00000,0.00000,13.58921,45.66189
0-1,1783317934.506753,2026-07-06T13:05:34.506753,5.08170,1.38261,7.02601,14.10000,23.78348,5.05738,1.31523,6.65159,13.37000,23.24692,0.00000,0.00000,0.00000,0.00000,0.00000,0.00000,0.00000,0.00000,0.00000,0.00000,13.67760,47.03040
0-1,1783317934.606808,2026-07-06T13:05:34.606808,5.09044,1.36894,6.96850,13.96000,24.48071,5.05351,1.31230,6.63170,13.34000,23.91045,0.00000,0.00000,0.00000,0.00000,0.00000,0.00000,0.00000,0.00000,0.00000,0.00000,13.60020,48.39116
0-1,1783317934.706865,2026-07-06T13:05:34.706865,5.08644,1.36894,6.96303,13.96000,25.17741,5.05244,1.33598,6.74995,13.58000,24.58583,0.00000,0.00000,0.00000,0.00000,0.00000,0.00000,0.00000,0.00000,0.00000,0.00000,13.71298,49.76324
0-1,1783317934.806921,2026-07-06T13:05:34.806921,5.08650,1.36796,6.95813,13.95000,25.87362,5.06030,1.33891,6.77528,13.61000,25.26374,0.00000,0.00000,0.00000,0.00000,0.00000,0.00000,0.00000,0.00000,0.00000,0.00000,13.73341,51.13736
0-1,1783317934.906976,2026-07-06T13:05:34.906976,5.08660,1.36601,6.94834,13.93000,26.56884,5.06030,1.33891,6.77528,13.61000,25.94164,0.00000,0.00000,0.00000,0.00000,0.00000,0.00000,0.00000,0.00000,0.00000,0.00000,13.72362,52.51047
0-1,1783317935.007031,2026-07-06T13:05:35.007031,5.08671,1.36406,6.93855,13.91000,27.26307,5.06044,1.33598,6.76063,13.58000,26.61807,0.00000,0.00000,0.00000,0.00000,0.00000,0.00000,0.00000,0.00000,0.00000,0.00000,13.69918,53.88114
0-1,1783317935.107086,2026-07-06T13:05:35.107086,5.08276,1.36308,6.92821,13.91000,27.95628,5.06004,1.34477,6.80458,13.67000,27.29891,0.00000,0.00000,0.00000,0.00000,0.00000,0.00000,0.00000,0.00000,0.00000,0.00000,13.73279,55.25518
0-1,1783317935.207141,2026-07-06T13:05:35.207141,5.09076,1.36308,6.93911,13.90000,28.65057,5.06417,1.34184,6.79530,13.64000,27.97881,0.00000,0.00000,0.00000,0.00000,0.00000,0.00000,0.00000,0.00000,0.00000,0.00000,13.73441,56.62938
0-1,1783317935.307196,2026-07-06T13:05:35.307196,5.07930,1.35331,6.87388,13.80000,29.33833,5.06017,1.34184,6.78993,13.64000,28.65818,0.00000,0.00000,0.00000,0.00000,0.00000,0.00000,0.00000,0.00000,0.00000,0.00000,13.66381,57.99651
0-1,1783317935.407251,2026-07-06T13:05:35.407251,5.07860,1.36601,6.93742,13.93000,30.03245,5.06004,1.34477,6.80458,13.67000,29.33900,0.00000,0.00000,0.00000,0.00000,0.00000,0.00000,0.00000,0.00000,0.00000,0.00000,13.74200,59.37146
0-1,1783317935.507305,2026-07-06T13:05:35.507305,5.09466,1.36503,6.95437,13.92000,30.72827,5.05999,1.34574,6.80946,13.68000,30.02032,0.00000,0.00000,0.00000,0.00000,0.00000,0.00000,0.00000,0.00000,0.00000,0.00000,13.76383,60.74859
0-1,1783317935.607359,2026-07-06T13:05:35.607359,5.09066,1.36503,6.94891,13.92000,31.42354,5.05999,1.34574,6.80946,13.68000,30.70164,0.00000,0.00000,0.00000,0.00000,0.00000,0.00000,0.00000,0.00000,0.00000,0.00000,13.75837,62.12517
0-1,1783317935.707415,2026-07-06T13:05:35.707415,5.08351,1.34941,6.85972,13.76000,32.10989,5.05999,1.34574,6.80946,13.68000,31.38296,0.00000,0.00000,0.00000,0.00000,0.00000,0.00000,0.00000,0.00000,0.00000,0.00000,13.66918,63.49285
0-1,1783317935.807470,2026-07-06T13:05:35.807470,5.08388,1.34257,6.82547,13.69000,32.79281,5.06008,1.34379,6.79969,13.66000,32.06330,0.00000,0.00000,0.00000,0.00000,0.00000,0.00000,0.00000,0.00000,0.00000,0.00000,13.62516,64.85611
0-1,1783317935.907525,2026-07-06T13:05:35.907525,5.08004,1.33964,6.80543,13.66000,33.47373,5.06013,1.34281,6.79481,13.65000,32.74316,0.00000,0.00000,0.00000,0.00000,0.00000,0.00000,0.00000,0.00000,0.00000,0.00000,13.60024,66.21688
0-1,1783317936.007579,2026-07-06T13:05:36.007579,5.08404,1.33964,6.81079,13.66000,34.15518,5.06013,1.34281,6.79481,13.65000,33.42300,0.00000,0.00000,0.00000,0.00000,0.00000,0.00000,0.00000,0.00000,0.00000,0.00000,13.60560,67.57818
0-1,1783317936.107634,2026-07-06T13:05:36.107634,5.07903,1.35820,6.89832,13.85000,34.84539,5.05213,1.34281,6.78407,13.65000,34.10178,0.00000,0.00000,0.00000,0.00000,0.00000,0.00000,0.00000,0.00000,0.00000,0.00000,13.68239,68.94717
0-1,1783317936.207689,2026-07-06T13:05:36.207689,5.07882,1.36210,6.91787,13.89000,35.53755,5.05617,1.34184,6.78456,13.64000,34.78061,0.00000,0.00000,0.00000,0.00000,0.00000,0.00000,0.00000,0.00000,0.00000,0.00000,13.70243,70.31817
0-1,1783317936.307744,2026-07-06T13:05:36.307744,5.08714,1.35624,6.89939,13.83000,36.22787,5.05635,1.33793,6.76505,13.60000,35.45749,0.00000,0.00000,0.00000,0.00000,0.00000,0.00000,0.00000,0.00000,0.00000,0.00000,13.66444,71.68536
0-1,1783317936.407799,2026-07-06T13:05:36.407799,5.08314,1.35624,6.89397,13.83000,36.91765,5.05729,1.31718,6.66135,13.39000,36.12399,0.00000,0.00000,0.00000,0.00000,0.00000,0.00000,0.00000,0.00000,0.00000,0.00000,13.55532,73.04164
0-1,1783317936.507854,2026-07-06T13:05:36.507854,5.07962,1.34745,6.84455,13.74000,37.60248,5.05329,1.31718,6.65608,13.39000,36.78996,0.00000,0.00000,0.00000,0.00000,0.00000,0.00000,0.00000,0.00000,0.00000,0.00000,13.50063,74.39244
0-1,1783317936.607908,2026-07-06T13:05:36.607908,5.07988,1.34257,6.82010,13.69000,38.28486,5.05711,1.32109,6.68088,13.43000,37.45842,0.00000,0.00000,0.00000,0.00000,0.00000,0.00000,0.00000,0.00000,0.00000,0.00000,13.50098,75.74328
0-1,1783317936.707965,2026-07-06T13:05:36.707965,5.07802,1.37675,6.99117,14.04000,38.98437,5.05711,1.32109,6.68088,13.43000,38.12688,0.00000,0.00000,0.00000,0.00000,0.00000,0.00000,0.00000,0.00000,0.00000,0.00000,13.67205,77.11126
0-1,1783317936.808019,2026-07-06T13:05:36.808019,5.08228,1.37187,6.97222,13.99000,39.68197,5.04795,1.34672,6.79818,13.69000,38.80707,0.00000,0.00000,0.00000,0.00000,0.00000,0.00000,0.00000,0.00000,0.00000,0.00000,13.77040,78.48905
0-1,1783317936.908074,2026-07-06T13:05:36.908074,5.08628,1.37187,6.97771,13.99000,40.38013,5.05595,1.34672,6.80895,13.69000,39.48834,0.00000,0.00000,0.00000,0.00000,0.00000,0.00000,0.00000,0.00000,0.00000,0.00000,13.78666,79.86846
0-1,1783317937.008128,2026-07-06T13:05:37.008128,5.08282,1.36210,6.92332,13.89000,41.07283,5.05599,1.34574,6.80408,13.68000,40.16911,0.00000,0.00000,0.00000,0.00000,0.00000,0.00000,0.00000,0.00000,0.00000,0.00000,13.72740,81.24195
0-1,1783317937.108183,2026-07-06T13:05:37.108183,5.08394,1.34159,6.82058,13.68000,41.75526,5.05599,1.34574,6.80408,13.68000,40.84990,0.00000,0.00000,0.00000,0.00000,0.00000,0.00000,0.00000,0.00000,0.00000,0.00000,13.62466,82.60516
0-1,1783317937.208238,2026-07-06T13:05:37.208238,5.07839,1.36991,6.95696,13.97000,42.45134,5.05683,1.32719,6.71138,13.49000,41.52140,0.00000,0.00000,0.00000,0.00000,0.00000,0.00000,0.00000,0.00000,0.00000,0.00000,13.66834,83.97275
0-1,1783317937.308293,2026-07-06T13:05:37.308293,5.08639,1.36991,6.96792,13.97000,43.14852,5.05683,1.32719,6.71138,13.49000,42.19291,0.00000,0.00000,0.00000,0.00000,0.00000,0.00000,0.00000,0.00000,0.00000,0.00000,13.67930,85.34143
0-1,1783317937.408347,2026-07-06T13:05:37.408347,5.07860,1.36601,6.93742,13.93000,43.84264,5.05693,1.32499,6.70040,13.47000,42.86331,0.00000,0.00000,0.00000,0.00000,0.00000,0.00000,0.00000,0.00000,0.00000,0.00000,13.63782,86.70595
0-1,1783317937.508401,2026-07-06T13:05:37.508401,5.08015,1.33769,6.79565,13.64000,44.52257,5.05564,1.35356,6.84310,13.76000,43.54799,0.00000,0.00000,0.00000,0.00000,0.00000,0.00000,0.00000,0.00000,0.00000,0.00000,13.63875,88.07056
0-1,1783317937.608456,2026-07-06T13:05:37.608456,5.07407,1.37577,6.98078,14.03000,45.22103,5.05599,1.34574,6.80408,13.68000,44.22878,0.00000,0.00000,0.00000,0.00000,0.00000,0.00000,0.00000,0.00000,0.00000,0.00000,13.78486,89.44981
0-1,1783317937.708510,2026-07-06T13:05:37.708510,5.08607,1.37577,6.99729,14.03000,45.92114,5.05999,1.34574,6.80946,13.68000,44.91009,0.00000,0.00000,0.00000,0.00000,0.00000,0.00000,0.00000,0.00000,0.00000,0.00000,13.80675,90.83123
0-1,1783317937.808565,2026-07-06T13:05:37.808565,5.08255,1.36699,6.94777,13.94000,46.61630,5.05648,1.33500,6.75041,13.57000,45.58550,0.00000,0.00000,0.00000,0.00000,0.00000,0.00000,0.00000,0.00000,0.00000,0.00000,13.69818,92.20180
0-1,1783317937.908620,2026-07-06T13:05:37.908620,5.08383,1.34355,6.83036,13.70000,47.29971,5.05698,1.32402,6.69552,13.46000,46.25542,0.00000,0.00000,0.00000,0.00000,0.00000,0.00000,0.00000,0.00000,0.00000,0.00000,13.52588,93.55513
1-1,1783317938.108730,2026-07-06T13:05:38.108730,5.08096,1.32279,6.72107,13.49000,0.67248,5.05599,1.34574,6.80408,13.68000,0.68079,0.00000,0.00000,0.00000,0.00000,0.00000,0.00000,0.00000,0.00000,0.00000,0.00000,13.52515,1.35327
1-1,1783317938.208786,2026-07-06T13:05:38.208786,5.08896,1.32279,6.73165,13.49000,1.34602,5.05729,1.31718,6.66135,13.39000,1.34729,0.00000,0.00000,0.00000,0.00000,0.00000,0.00000,0.00000,0.00000,0.00000,0.00000,13.39300,2.69332
1-1,1783317938.308840,2026-07-06T13:05:38.308840,5.09715,1.39262,7.09840,14.20000,2.05625,5.06936,1.40385,7.11663,14.27000,2.05935,0.00000,0.00000,0.00000,0.00000,0.00000,0.00000,0.00000,0.00000,0.00000,0.00000,14.21503,4.11560
1-1,1783317938.408894,2026-07-06T13:05:38.408894,5.11744,1.02078,5.22379,10.41000,2.57891,5.08211,1.12235,5.70390,11.41000,2.63004,0.00000,0.00000,0.00000,0.00000,0.00000,0.00000,0.00000,0.00000,0.00000,0.00000,10.92769,5.20895
1-1,1783317938.508949,2026-07-06T13:05:38.508949,5.08036,1.33378,6.77609,13.60000,3.25689,5.05279,1.32817,6.71094,13.50000,3.30150,0.00000,0.00000,0.00000,0.00000,0.00000,0.00000,0.00000,0.00000,0.00000,0.00000,13.48703,6.55839
1-1,1783317938.609003,2026-07-06T13:05:38.609003,5.08436,1.33378,6.78143,13.60000,3.93540,5.05279,1.32817,6.71094,13.50000,3.97296,0.00000,0.00000,0.00000,0.00000,0.00000,0.00000,0.00000,0.00000,0.00000,0.00000,13.49237,7.90836
1-1,1783317938.709059,2026-07-06T13:05:38.709059,5.08687,1.36113,6.92387,13.88000,4.62818,5.05738,1.31523,6.65159,13.37000,4.63849,0.00000,0.00000,0.00000,0.00000,0.00000,0.00000,0.00000,0.00000,0.00000,0.00000,13.57546,9.26667
1-1,1783317938.809117,2026-07-06T13:05:38.809117,5.08804,1.33964,6.81615,13.66000,5.31018,5.05648,1.33500,6.75041,13.57000,5.31392,0.00000,0.00000,0.00000,0.00000,0.00000,0.00000,0.00000,0.00000,0.00000,0.00000,13.56656,10.62411
1-1,1783317938.909172,2026-07-06T13:05:38.909172,5.07680,1.32572,6.73044,13.52000,5.98360,5.05729,1.31718,6.66135,13.39000,5.98043,0.00000,0.00000,0.00000,0.00000,0.00000,0.00000,0.00000,0.00000,0.00000,0.00000,13.39179,11.96402
1-1,1783317939.009226,2026-07-06T13:05:39.009226,5.08480,1.32572,6.74104,13.52000,6.65807,5.06129,1.31718,6.66662,13.39000,6.64745,0.00000,0.00000,0.00000,0.00000,0.00000,0.00000,0.00000,0.00000,0.00000,0.00000,13.40766,13.30552
1-1,1783317939.109281,2026-07-06T13:05:39.109281,5.08287,1.36113,6.91842,13.88000,7.35029,5.05617,1.34184,6.78456,13.64000,7.32628,0.00000,0.00000,0.00000,0.00000,0.00000,0.00000,0.00000,0.00000,0.00000,0.00000,13.70298,14.67657
1-1,1783317939.209335,2026-07-06T13:05:39.209335,5.08420,1.33671,6.79611,13.63000,8.03027,5.05729,1.31718,6.66135,13.39000,7.99277,0.00000,0.00000,0.00000,0.00000,0.00000,0.00000,0.00000,0.00000,0.00000,0.00000,13.45746,16.02304
1-1,1783317939.309390,2026-07-06T13:05:39.309390,5.08042,1.33280,6.77120,13.59000,8.70776,5.04551,1.31230,6.62120,13.34000,8.65526,0.00000,0.00000,0.00000,0.00000,0.00000,0.00000,0.00000,0.00000,0.00000,0.00000,13.39240,17.36301
1-1,1783317939.409443,2026-07-06T13:05:39.409443,5.08324,1.35429,6.88418,13.59000,9.39655,5.05351,1.31230,6.63170,13.34000,9.31878,0.00000,0.00000,0.00000,0.00000,0.00000,0.00000,0.00000,0.00000,0.00000,0.00000,13.51588,18.71533
1-1,1783317939.509497,2026-07-06T13:05:39.509497,5.07924,1.35429,6.87877,13.81000,10.08479,5.06044,1.33598,6.76063,13.58000,9.99521,0.00000,0.00000,0.00000,0.00000,0.00000,0.00000,0.00000,0.00000,0.00000,0.00000,13.63940,20.08000
1-1,1783317939.609552,2026-07-06T13:05:39.609552,5.08356,1.34843,6.85483,13.75000,10.77065,5.06116,1.32011,6.68128,13.42000,10.66370,0.00000,0.00000,0.00000,0.00000,0.00000,0.00000,0.00000,0.00000,0.00000,0.00000,13.53611,21.43435
1-1,1783317939.709606,2026-07-06T13:05:39.709606,5.08464,1.32865,6.75573,13.55000,11.44659,5.05307,1.32206,6.68047,13.44000,11.33211,0.00000,0.00000,0.00000,0.00000,0.00000,0.00000,0.00000,0.00000,0.00000,0.00000,13.43620,22.77870
1-1,1783317939.809660,2026-07-06T13:05:39.809660,5.08070,1.32768,6.74552,13.54000,12.12151,5.06107,1.32206,6.69104,13.44000,12.00157,0.00000,0.00000,0.00000,0.00000,0.00000,0.00000,0.00000,0.00000,0.00000,0.00000,13.43656,24.12308
1-1,1783317939.909714,2026-07-06T13:05:39.909714,5.08870,1.32768,6.75614,13.54000,12.79748,5.05630,1.33891,6.76993,13.61000,12.67893,0.00000,0.00000,0.00000,0.00000,0.00000,0.00000,0.00000,0.00000,0.00000,0.00000,13.52607,25.47641
1-1,1783317940.009767,2026-07-06T13:05:40.009767,5.08724,1.35429,6.88960,13.81000,13.48681,5.05716,1.32011,6.67599,13.42000,13.34689,0.00000,0.00000,0.00000,0.00000,0.00000,0.00000,0.00000,0.00000,0.00000,0.00000,13.56559,26.83370
1-1,1783317940.109821,2026-07-06T13:05:40.109821,5.08682,1.36210,6.92876,13.89000,14.18006,5.05369,1.30839,6.61219,13.30000,14.00846,0.00000,0.00000,0.00000,0.00000,0.00000,0.00000,0.00000,0.00000,0.00000,0.00000,13.54095,28.18852
1-1,1783317940.209874,2026-07-06T13:05:40.209874,5.07940,1.35136,6.86410,13.78000,14.86684,5.05769,1.30839,6.61742,13.30000,14.67056,0.00000,0.00000,0.00000,0.00000,0.00000,0.00000,0.00000,0.00000,0.00000,0.00000,13.48152,29.53739
1-1,1783317940.309929,2026-07-06T13:05:40.309929,5.08340,1.35136,6.86951,13.78000,15.55416,5.05595,1.34672,6.80895,13.69000,15.35183,0.00000,0.00000,0.00000,0.00000,0.00000,0.00000,0.00000,0.00000,0.00000,0.00000,13.67846,30.90599
1-1,1783317940.409983,2026-07-06T13:05:40.409983,5.08004,1.33964,6.80543,13.66000,16.23507,5.05707,1.32206,6.68576,13.44000,16.02076,0.00000,0.00000,0.00000,0.00000,0.00000,0.00000,0.00000,0.00000,0.00000,0.00000,13.49119,32.25584
1-1,1783317940.510037,2026-07-06T13:05:40.510037,5.08036,1.33378,6.77609,13.60000,16.91305,5.05320,1.31913,6.66584,13.41000,16.68771,0.00000,0.00000,0.00000,0.00000,0.00000,0.00000,0.00000,0.00000,0.00000,0.00000,13.44193,33.60076
1-1,1783317940.610092,2026-07-06T13:05:40.610092,5.08047,1.33183,6.76631,13.58000,17.59005,5.05720,1.31913,6.67111,13.41000,17.35518,0.00000,0.00000,0.00000,0.00000,0.00000,0.00000,0.00000,0.00000,0.00000,0.00000,13.43742,34.94523
2-1,1783317940.710150,2026-07-06T13:05:40.710150,5.08847,1.33183,6.77696,13.58000,0.67809,5.05324,1.31816,6.66096,13.40000,0.66649,0.00000,0.00000,0.00000,0.00000,0.00000,0.00000,0.00000,0.00000,0.00000,0.00000,13.43792,1.34458
2-1,1783317940.810206,2026-07-06T13:05:40.810206,5.09036,1.22391,6.23016,12.48000,1.30146,5.05342,1.31425,6.64145,13.36000,1.33100,0.00000,0.00000,0.00000,0.00000,0.00000,0.00000,0.00000,0.00000,0.00000,0.00000,12.87161,2.63246
2-1,1783317940.910261,2026-07-06T13:05:40.910261,5.09097,1.43266,7.29363,14.61000,2.03122,5.06051,1.06937,5.41155,10.87000,1.87245,0.00000,0.00000,0.00000,0.00000,0.00000,0.00000,0.00000,0.00000,0.00000,0.00000,12.70518,3.90367
2-1,1783317941.010316,2026-07-06T13:05:41.010316,5.09957,1.27494,6.50165,13.00000,2.68174,5.05651,1.06937,5.40727,10.87000,2.41348,0.00000,0.00000,0.00000,0.00000,0.00000,0.00000,0.00000,0.00000,0.00000,0.00000,11.90892,5.09522
2-1,1783317941.110371,2026-07-06T13:05:41.110371,5.08324,1.35429,6.88418,13.81000,3.37054,5.05630,1.33891,6.76993,13.61000,3.09084,0.00000,0.00000,0.00000,0.00000,0.00000,0.00000,0.00000,0.00000,0.00000,0.00000,13.65411,6.46138
2-1,1783317941.210426,2026-07-06T13:05:41.210426,5.08724,1.35429,6.88960,13.81000,4.05988,5.05747,1.31327,6.64183,13.35000,3.75539,0.00000,0.00000,0.00000,0.00000,0.00000,0.00000,0.00000,0.00000,0.00000,0.00000,13.53143,7.81527
2-1,1783317941.310481,2026-07-06T13:05:41.310481,5.08031,1.33476,6.78098,13.61000,4.73834,5.05617,1.34184,6.78456,13.64000,4.43422,0.00000,0.00000,0.00000,0.00000,0.00000,0.00000,0.00000,0.00000,0.00000,0.00000,13.56554,9.17256
2-1,1783317941.410535,2026-07-06T13:05:41.410535,5.08064,1.32865,6.75041,13.55000,5.41375,5.05617,1.34184,6.78456,13.64000,5.11304,0.00000,0.00000,0.00000,0.00000,0.00000,0.00000,0.00000,0.00000,0.00000,0.00000,13.53497,10.52680
2-1,1783317941.510590,2026-07-06T13:05:41.510590,5.08292,1.36015,6.91353,13.87000,6.10548,5.06151,1.31230,6.64220,13.34000,5.77762,0.00000,0.00000,0.00000,0.00000,0.00000,0.00000,0.00000,0.00000,0.00000,0.00000,13.55573,11.88311
2-1,1783317941.610644,2026-07-06T13:05:41.610644,5.08292,1.36015,6.91353,13.87000,6.79721,5.06013,1.34281,6.79481,13.65000,6.45747,0.00000,0.00000,0.00000,0.00000,0.00000,0.00000,0.00000,0.00000,0.00000,0.00000,13.70834,13.25469
2-1,1783317941.710699,2026-07-06T13:05:41.710699,5.07999,1.34062,6.81032,13.67000,7.47862,5.05738,1.31523,6.65159,13.37000,7.12300,0.00000,0.00000,0.00000,0.00000,0.00000,0.00000,0.00000,0.00000,0.00000,0.00000,13.46191,14.60161
2-1,1783317941.810753,2026-07-06T13:05:41.810753,5.08086,1.32475,6.73085,13.51000,8.15207,5.05338,1.31523,6.64633,13.37000,7.78799,0.00000,0.00000,0.00000,0.00000,0.00000,0.00000,0.00000,0.00000,0.00000,0.00000,13.37718,15.94006
2-1,1783317941.910807,2026-07-06T13:05:41.910807,5.08260,1.36601,6.94288,13.93000,8.84673,5.05729,1.31718,6.66135,13.39000,8.45449,0.00000,0.00000,0.00000,0.00000,0.00000,0.00000,0.00000,0.00000,0.00000,0.00000,13.60423,17.30122
2-1,1783317942.010860,2026-07-06T13:05:42.010860,5.08260,1.36601,6.94288,13.93000,9.54139,5.05720,1.31913,6.67111,13.41000,9.12195,0.00000,0.00000,0.00000,0.00000,0.00000,0.00000,0.00000,0.00000,0.00000,0.00000,13.61399,18.66334
2-1,1783317942.110915,2026-07-06T13:05:42.110915,5.08442,1.33280,6.77653,13.59000,10.21941,5.05342,1.31425,6.64145,13.36000,9.78646,0.00000,0.00000,0.00000,0.00000,0.00000,0.00000,0.00000,0.00000,0.00000,0.00000,13.41798,20.00587
2-1,1783317942.210969,2026-07-06T13:05:42.210969,5.08404,1.33964,6.81079,13.66000,10.90086,5.06142,1.31425,6.65197,13.36000,10.45202,0.00000,0.00000,0.00000,0.00000,0.00000,0.00000,0.00000,0.00000,0.00000,0.00000,13.46276,21.35287
2-1,1783317942.311023,2026-07-06T13:05:42.311023,5.08362,1.34745,6.84994,13.74000,11.58622,5.05630,1.33891,6.76993,13.61000,11.12938,0.00000,0.00000,0.00000,0.00000,0.00000,0.00000,0.00000,0.00000,0.00000,0.00000,13.61987,22.71560
2-1,1783317942.411077,2026-07-06T13:05:42.411077,5.08650,1.36796,6.95813,13.95000,12.28241,5.05720,1.31913,6.67111,13.41000,11.79685,0.00000,0.00000,0.00000,0.00000,0.00000,0.00000,0.00000,0.00000,0.00000,0.00000,13.62924,24.07926
2-1,1783317942.511131,2026-07-06T13:05:42.511131,5.08650,1.36796,6.95813,13.95000,12.97860,5.05316,1.32011,6.67071,13.42000,12.46428,0.00000,0.00000,0.00000,0.00000,0.00000,0.00000,0.00000,0.00000,0.00000,0.00000,13.62884,25.44288
2-1,1783317942.611185,2026-07-06T13:05:42.611185,5.08399,1.34062,6.81568,13.67000,13.66054,5.05316,1.32011,6.67071,13.42000,13.13171,0.00000,0.00000,0.00000,0.00000,0.00000,0.00000,0.00000,0.00000,0.00000,0.00000,13.48639,26.79225
2-1,1783317942.711244,2026-07-06T13:05:42.711244,5.08410,1.33866,6.80590,13.65000,14.34153,5.06004,1.34477,6.80458,13.67000,13.81257,0.00000,0.00000,0.00000,0.00000,0.00000,0.00000,0.00000,0.00000,0.00000,0.00000,13.61048,28.15410
2-1,1783317942.811301,2026-07-06T13:05:42.811301,5.08447,1.33183,6.77164,13.58000,15.01908,5.06116,1.32011,6.68128,13.42000,14.48108,0.00000,0.00000,0.00000,0.00000,0.00000,0.00000,0.00000,0.00000,0.00000,0.00000,13.45292,29.50016
2-1,1783317942.911356,2026-07-06T13:05:42.911356,5.08447,1.33183,6.77164,13.58000,15.69661,5.04902,1.32304,6.68005,13.45000,15.14945,0.00000,0.00000,0.00000,0.00000,0.00000,0.00000,0.00000,0.00000,0.00000,0.00000,13.45169,30.84606
2-1,1783317943.011410,2026-07-06T13:05:43.011410,5.07892,1.36015,6.90809,13.87000,16.38780,5.05702,1.32304,6.69064,13.45000,15.81888,0.00000,0.00000,0.00000,0.00000,0.00000,0.00000,0.00000,0.00000,0.00000,0.00000,13.59873,32.20668
2-1,1783317943.111466,2026-07-06T13:05:43.111466,5.07839,1.36991,6.95696,13.97000,17.08388,5.05689,1.32597,6.70528,13.48000,16.48978,0.00000,0.00000,0.00000,0.00000,0.00000,0.00000,0.00000,0.00000,0.00000,0.00000,13.66224,33.57366
2-1,1783317943.211521,2026-07-06T13:05:43.211521,5.08719,1.35527,6.89450,13.82000,17.77371,5.05591,1.34770,6.81383,13.70000,17.17154,0.00000,0.00000,0.00000,0.00000,0.00000,0.00000,0.00000,0.00000,0.00000,0.00000,13.70833,34.94525
2-1,1783317943.311576,2026-07-06T13:05:43.311576,5.08319,1.35527,6.88907,13.82000,18.46299,5.05707,1.32206,6.68576,13.44000,17.84048,0.00000,0.00000,0.00000,0.00000,0.00000,0.00000,0.00000,0.00000,0.00000,0.00000,13.57483,36.30347
2-1,1783317943.411630,2026-07-06T13:05:43.411630,5.07956,1.34843,6.84943,13.75000,19.14831,5.05707,1.32206,6.68576,13.44000,18.50942,0.00000,0.00000,0.00000,0.00000,0.00000,0.00000,0.00000,0.00000,0.00000,0.00000,13.53519,37.65773
2-1,1783317943.511686,2026-07-06T13:05:43.511686,5.07999,1.34062,6.81032,13.67000,19.82972,5.05302,1.32304,6.68534,13.45000,19.17832,0.00000,0.00000,0.00000,0.00000,0.00000,0.00000,0.00000,0.00000,0.00000,0.00000,13.49566,39.00805
2-1,1783317943.611740,2026-07-06T13:05:43.611740,5.08810,1.33866,6.81125,13.65000,20.51122,5.05333,1.31620,6.65121,13.38000,19.84381,0.00000,0.00000,0.00000,0.00000,0.00000,0.00000,0.00000,0.00000,0.00000,0.00000,13.46246,40.35502
2-1,1783317943.711795,2026-07-06T13:05:43.711795,5.08010,1.33866,6.80054,13.65000,21.19164,5.05622,1.34086,6.77968,13.63000,20.52215,0.00000,0.00000,0.00000,0.00000,0.00000,0.00000,0.00000,0.00000,0.00000,0.00000,13.58022,41.71379
2-1,1783317943.811849,2026-07-06T13:05:43.811849,5.08010,1.33866,6.80054,13.65000,21.87207,5.06022,1.34086,6.78505,13.63000,21.20102,0.00000,0.00000,0.00000,0.00000,0.00000,0.00000,0.00000,0.00000,0.00000,0.00000,13.58559,43.07309
2-1,1783317943.911903,2026-07-06T13:05:43.911903,5.08815,1.33769,6.80635,13.64000,22.55307,5.05186,1.34867,6.81331,13.71000,21.88272,0.00000,0.00000,0.00000,0.00000,0.00000,0.00000,0.00000,0.00000,0.00000,0.00000,13.61966,44.43578
2-1,1783317944.011956,2026-07-06T13:05:44.011956,5.08794,1.34159,6.82594,13.68000,23.23603,5.05199,1.34574,6.79869,13.68000,22.56295,0.00000,0.00000,0.00000,0.00000,0.00000,0.00000,0.00000,0.00000,0.00000,0.00000,13.62463,45.79897
2-1,1783317944.112010,2026-07-06T13:05:44.112010,5.08346,1.35038,6.86461,13.77000,23.92286,5.05689,1.32597,6.70528,13.48000,23.23384,0.00000,0.00000,0.00000,0.00000,0.00000,0.00000,0.00000,0.00000,0.00000,0.00000,13.56989,47.15669
2-1,1783317944.212064,2026-07-06T13:05:44.212064,5.08746,1.35038,6.87001,13.77000,24.61023,5.04889,1.32597,6.69467,13.48000,23.90366,0.00000,0.00000,0.00000,0.00000,0.00000,0.00000,0.00000,0.00000,0.00000,0.00000,13.56468,48.51389
2-1,1783317944.312117,2026-07-06T13:05:44.312117,5.08698,1.35917,6.91408,13.86000,25.30200,5.05698,1.32402,6.69552,13.46000,24.57357,0.00000,0.00000,0.00000,0.00000,0.00000,0.00000,0.00000,0.00000,0.00000,0.00000,13.60960,49.87558
2-1,1783317944.412172,2026-07-06T13:05:44.412172,5.08703,1.35820,6.90918,13.85000,25.99330,5.05693,1.32499,6.70040,13.47000,25.24398,0.00000,0.00000,0.00000,0.00000,0.00000,0.00000,0.00000,0.00000,0.00000,0.00000,13.60958,51.23728
2-1,1783317944.512226,2026-07-06T13:05:44.512226,5.08746,1.35038,6.87001,13.77000,26.68067,5.05329,1.31718,6.65608,13.39000,25.90995,0.00000,0.00000,0.00000,0.00000,0.00000,0.00000,0.00000,0.00000,0.00000,0.00000,13.52609,52.59062
2-1,1783317944.612281,2026-07-06T13:05:44.612281,5.08746,1.35038,6.87001,13.77000,27.36805,5.05329,1.31718,6.65608,13.39000,26.57592,0.00000,0.00000,0.00000,0.00000,0.00000,0.00000,0.00000,0.00000,0.00000,0.00000,13.52609,53.94397
2-1,1783317944.712338,2026-07-06T13:05:44.712338,5.08751,1.34941,6.86512,13.76000,28.05495,5.05316,1.32011,6.67071,13.42000,27.24337,0.00000,0.00000,0.00000,0.00000,0.00000,0.00000,0.00000,0.00000,0.00000,0.00000,13.53583,55.29832
2-1,1783317944.812392,2026-07-06T13:05:44.812392,5.08836,1.33378,6.78676,13.60000,28.73399,5.05320,1.31913,6.66584,13.41000,27.91031,0.00000,0.00000,0.00000,0.00000,0.00000,0.00000,0.00000,0.00000,0.00000,0.00000,13.45260,56.64431
2-1,1783317944.912446,2026-07-06T13:05:44.912446,5.08010,1.33866,6.80054,13.65000,29.41442,5.04516,1.32011,6.66015,13.42000,28.57669,0.00000,0.00000,0.00000,0.00000,0.00000,0.00000,0.00000,0.00000,0.00000,0.00000,13.46069,57.99111
2-1,1783317945.012500,2026-07-06T13:05:45.012500,5.08010,1.33866,6.80054,13.65000,30.09484,5.05716,1.32011,6.67599,13.42000,29.24465,0.00000,0.00000,0.00000,0.00000,0.00000,0.00000,0.00000,0.00000,0.00000,0.00000,13.47653,59.33949
2-1,1783317945.112556,2026-07-06T13:05:45.112556,5.08810,1.33866,6.81125,13.65000,30.77635,5.05747,1.31327,6.64183,13.35000,29.90921,0.00000,0.00000,0.00000,0.00000,0.00000,0.00000,0.00000,0.00000,0.00000,0.00000,13.45308,60.68555
2-1,1783317945.212609,2026-07-06T13:05:45.212609,5.08367,1.34648,6.84504,13.73000,31.46121,5.05716,1.32011,6.67599,13.42000,30.57716,0.00000,0.00000,0.00000,0.00000,0.00000,0.00000,0.00000,0.00000,0.00000,0.00000,13.52103,62.03838
2-1,1783317945.312664,2026-07-06T13:05:45.312664,5.08186,1.37968,7.01134,14.07000,32.16273,5.05711,1.32109,6.68088,13.43000,31.24562,0.00000,0.00000,0.00000,0.00000,0.00000,0.00000,0.00000,0.00000,0.00000,0.00000,13.69222,63.40835
2-1,1783317945.412719,2026-07-06T13:05:45.412719,5.08218,1.37382,6.98200,14.01000,32.86131,5.05311,1.32109,6.67559,13.43000,31.91354,0.00000,0.00000,0.00000,0.00000,0.00000,0.00000,0.00000,0.00000,0.00000,0.00000,13.65759,64.77485
2-1,1783317945.512773,2026-07-06T13:05:45.512773,5.08218,1.37382,6.98200,14.01000,33.55989,5.05302,1.32304,6.68534,13.45000,32.58244,0.00000,0.00000,0.00000,0.00000,0.00000,0.00000,0.00000,0.00000,0.00000,0.00000,13.66734,66.14233
3-1,1783317945.612839,2026-07-06T13:05:45.612839,5.08250,1.36796,6.95266,13.95000,0.69572,5.05298,1.32402,6.69022,13.46000,0.66946,0.00000,0.00000,0.00000,0.00000,0.00000,0.00000,0.00000,0.00000,0.00000,0.00000,13.64288,1.36518
3-1,1783317945.712894,2026-07-06T13:05:45.712894,5.08886,1.25126,6.36749,12.76000,1.33283,5.05707,1.32206,6.68576,13.44000,1.33841,0.00000,0.00000,0.00000,0.00000,0.00000,0.00000,0.00000,0.00000,0.00000,0.00000,13.05325,2.67124
3-1,1783317945.812951,2026-07-06T13:05:45.812951,5.08470,1.32768,6.75083,13.54000,2.00829,5.05707,1.32206,6.68576,13.44000,2.00736,0.00000,0.00000,0.00000,0.00000,0.00000,0.00000,0.00000,0.00000,0.00000,0.00000,13.43659,4.01566
3-1,1783317945.913008,2026-07-06T13:05:45.913008,5.08070,1.32768,6.74552,13.54000,2.68323,5.06483,1.32719,6.72199,13.49000,2.67995,0.00000,0.00000,0.00000,0.00000,0.00000,0.00000,0.00000,0.00000,0.00000,0.00000,13.46751,5.36318
3-1,1783317946.013064,2026-07-06T13:05:46.013064,5.08378,0.97781,4.97099,9.97000,3.18061,5.08452,0.89236,4.53723,9.07000,3.13393,0.00000,0.00000,0.00000,0.00000,0.00000,0.00000,0.00000,0.00000,0.00000,0.00000,9.50822,6.31453
3-1,1783317946.113120,2026-07-06T13:05:46.113120,5.06239,1.36991,6.93504,13.97000,3.87450,5.02923,1.40678,7.07503,14.30000,3.84182,0.00000,0.00000,0.00000,0.00000,0.00000,0.00000,0.00000,0.00000,0.00000,0.00000,14.01007,7.71632
3-1,1783317946.213176,2026-07-06T13:05:46.213176,5.09894,1.21317,6.18589,12.37000,4.49344,5.05723,1.40678,7.11442,14.30000,4.55367,0.00000,0.00000,0.00000,0.00000,0.00000,0.00000,0.00000,0.00000,0.00000,0.00000,13.30031,9.04710
3-1,1783317946.313233,2026-07-06T13:05:46.313233,5.09094,1.21317,6.17619,12.37000,5.11140,5.05738,1.31523,6.65159,13.37000,5.21920,0.00000,0.00000,0.00000,0.00000,0.00000,0.00000,0.00000,0.00000,0.00000,0.00000,12.82778,10.33061
3-1,1783317946.413289,2026-07-06T13:05:46.413289,5.08064,1.32865,6.75041,13.55000,5.78682,5.05738,1.31523,6.65159,13.37000,5.88473,0.00000,0.00000,0.00000,0.00000,0.00000,0.00000,0.00000,0.00000,0.00000,0.00000,13.40200,11.67156
3-1,1783317946.513345,2026-07-06T13:05:46.513345,5.07967,1.34648,6.83966,13.73000,6.47117,5.05320,1.31913,6.66584,13.41000,6.55169,0.00000,0.00000,0.00000,0.00000,0.00000,0.00000,0.00000,0.00000,0.00000,0.00000,13.50550,13.02287
3-1,1783317946.613401,2026-07-06T13:05:46.613401,5.08708,1.35722,6.90429,13.84000,7.16199,5.05320,1.31913,6.66584,13.41000,7.21865,0.00000,0.00000,0.00000,0.00000,0.00000,0.00000,0.00000,0.00000,0.00000,0.00000,13.57013,14.38064
3-1,1783317946.713457,2026-07-06T13:05:46.713457,5.08031,1.33476,6.78098,13.61000,7.84046,5.05720,1.31913,6.67111,13.41000,7.88613,0.00000,0.00000,0.00000,0.00000,0.00000,0.00000,0.00000,0.00000,0.00000,0.00000,13.45209,15.72660
3-1,1783317946.813513,2026-07-06T13:05:46.813513,5.08031,1.33476,6.78098,13.61000,8.51894,5.05608,1.34379,6.79432,13.66000,8.56594,0.00000,0.00000,0.00000,0.00000,0.00000,0.00000,0.00000,0.00000,0.00000,0.00000,13.57530,17.08488
3-1,1783317946.913568,2026-07-06T13:05:46.913568,5.08464,1.32865,6.75573,13.55000,9.19489,5.05724,1.31816,6.66623,13.40000,9.23294,0.00000,0.00000,0.00000,0.00000,0.00000,0.00000,0.00000,0.00000,0.00000,0.00000,13.42196,18.42783
4-1,1783317947.013627,2026-07-06T13:05:47.013627,5.08298,1.35917,6.90864,13.86000,0.69127,5.05324,1.31816,6.66096,13.40000,0.66649,0.00000,0.00000,0.00000,0.00000,0.00000,0.00000,0.00000,0.00000,0.00000,0.00000,13.56960,1.35776
4-1,1783317947.113684,2026-07-06T13:05:47.113684,5.08452,1.33085,6.76674,13.57000,1.36833,5.05663,1.24345,6.28764,12.64000,1.29561,0.00000,0.00000,0.00000,0.00000,0.00000,0.00000,0.00000,0.00000,0.00000,0.00000,13.05438,2.66393
4-1,1783317947.213738,2026-07-06T13:05:47.213738,5.08052,1.33085,6.76142,13.57000,2.04483,5.04889,1.32597,6.69467,13.48000,1.96544,0.00000,0.00000,0.00000,0.00000,0.00000,0.00000,0.00000,0.00000,0.00000,0.00000,13.45609,4.01027
4-1,1783317947.313792,2026-07-06T13:05:47.313792,5.07603,1.48662,7.54611,15.16000,2.79986,5.06247,1.02615,5.19487,10.43000,2.48521,0.00000,0.00000,0.00000,0.00000,0.00000,0.00000,0.00000,0.00000,0.00000,0.00000,12.74098,5.28506
4-1,1783317947.413847,2026-07-06T13:05:47.413847,5.08367,1.34648,6.84504,13.73000,3.48474,5.04017,1.34184,6.76309,13.64000,3.16189,0.00000,0.00000,0.00000,0.00000,0.00000,0.00000,0.00000,0.00000,0.00000,0.00000,13.60813,6.64662
4-1,1783317947.513901,2026-07-06T13:05:47.513901,5.08842,1.33280,6.78186,13.59000,4.16329,5.06017,1.34184,6.78993,13.64000,3.84125,0.00000,0.00000,0.00000,0.00000,0.00000,0.00000,0.00000,0.00000,0.00000,0.00000,13.57179,8.00453
4-1,1783317947.613955,2026-07-06T13:05:47.613955,5.08042,1.33280,6.77120,13.59000,4.84077,5.06138,1.31523,6.65685,13.37000,4.50729,0.00000,0.00000,0.00000,0.00000,0.00000,0.00000,0.00000,0.00000,0.00000,0.00000,13.42805,9.34806
4-1,1783317947.714008,2026-07-06T13:05:47.714008,5.08458,1.32987,6.76185,13.56000,5.51732,5.06004,1.34477,6.80458,13.67000,5.18811,0.00000,0.00000,0.00000,0.00000,0.00000,0.00000,0.00000,0.00000,0.00000,0.00000,13.56643,10.70543
4-1,1783317947.814063,2026-07-06T13:05:47.814063,5.08282,1.36210,6.92332,13.89000,6.21003,5.05755,1.31132,6.63207,13.33000,5.85168,0.00000,0.00000,0.00000,0.00000,0.00000,0.00000,0.00000,0.00000,0.00000,0.00000,13.55539,12.06171
4-1,1783317947.914117,2026-07-06T13:05:47.914117,5.08420,1.33671,6.79611,13.63000,6.89000,5.05355,1.31132,6.62682,13.33000,6.51472,0.00000,0.00000,0.00000,0.00000,0.00000,0.00000,0.00000,0.00000,0.00000,0.00000,13.42293,13.40472
4-1,1783317948.014171,2026-07-06T13:05:48.014171,5.08058,1.32987,6.75653,13.63000,7.56602,5.05666,1.33110,6.73089,13.53000,7.18817,0.00000,0.00000,0.00000,0.00000,0.00000,0.00000,0.00000,0.00000,0.00000,0.00000,13.48742,14.75419
4-1,1783317948.114225,2026-07-06T13:05:48.114225,5.08458,1.32987,6.76185,13.56000,8.24257,5.05733,1.31620,6.65647,13.38000,7.85418,0.00000,0.00000,0.00000,0.00000,0.00000,0.00000,0.00000,0.00000,0.00000,0.00000,13.41832,16.09675
4-1,1783317948.214280,2026-07-06T13:05:48.214280,5.08282,1.36210,6.92332,13.89000,8.93528,5.05342,1.31425,6.64145,13.36000,8.51869,0.00000,0.00000,0.00000,0.00000,0.00000,0.00000,0.00000,0.00000,0.00000,0.00000,13.56477,17.45397
5-1,1783317948.314337,2026-07-06T13:05:48.314337,5.08966,1.23661,6.29393,12.61000,0.62976,5.05742,1.31425,6.64671,13.36000,0.66505,0.00000,0.00000,0.00000,0.00000,0.00000,0.00000,0.00000,0.00000,0.00000,0.00000,12.94064,1.29481
5-1,1783317948.414391,2026-07-06T13:05:48.414391,5.08096,1.32279,6.72107,13.49000,1.30222,5.05738,1.31523,6.65159,13.37000,1.33057,0.00000,0.00000,0.00000,0.00000,0.00000,0.00000,0.00000,0.00000,0.00000,0.00000,13.37266,2.63279
5-1,1783317948.514446,2026-07-06T13:05:48.514446,5.08096,1.32279,6.72107,13.49000,1.97470,5.05056,1.46587,7.40343,14.90000,2.07132,0.00000,0.00000,0.00000,0.00000,0.00000,0.00000,0.00000,0.00000,0.00000,0.00000,14.12450,4.04603
5-1,1783317948.614501,2026-07-06T13:05:48.614501,5.08007,0.89920,4.56798,9.17000,2.43175,5.07289,1.23759,6.27814,12.58000,2.69948,0.00000,0.00000,0.00000,0.00000,0.00000,0.00000,0.00000,0.00000,0.00000,0.00000,10.84612,5.13124
5-1,1783317948.714557,2026-07-06T13:05:48.714557,5.05707,1.32084,6.67958,13.47000,3.10008,5.06089,1.23759,6.26329,12.58000,3.32616,0.00000,0.00000,0.00000,0.00000,0.00000,0.00000,0.00000,0.00000,0.00000,0.00000,12.94287,6.42624
5-1,1783317948.814613,2026-07-06T13:05:48.814613,5.08271,1.36406,6.93310,13.91000,3.79378,5.05302,1.32304,6.68534,13.45000,3.99507,0.00000,0.00000,0.00000,0.00000,0.00000,0.00000,0.00000,0.00000,0.00000,0.00000,13.61844,7.78885
5-1,1783317948.914667,2026-07-06T13:05:48.914667,5.08271,1.36406,6.93310,13.91000,4.48746,5.05320,1.31913,6.66584,13.41000,4.66201,0.00000,0.00000,0.00000,0.00000,0.00000,0.00000,0.00000,0.00000,0.00000,0.00000,13.59894,9.14948
6-1,1783317949.014723,2026-07-06T13:05:49.014723,5.07626,1.33573,6.78053,13.62000,0.67843,5.06410,1.25517,6.35628,12.76000,0.63599,0.00000,0.00000,0.00000,0.00000,0.00000,0.00000,0.00000,0.00000,0.00000,0.00000,13.13681,1.31442
6-1,1783317949.114778,2026-07-06T13:05:49.114778,5.07599,1.34062,6.80496,13.67000,1.35930,5.06410,1.25517,6.35628,12.76000,1.27196,0.00000,0.00000,0.00000,0.00000,0.00000,0.00000,0.00000,0.00000,0.00000,0.00000,13.16124,2.63126
6-1,1783317949.214832,2026-07-06T13:05:49.214832,5.10167,1.16312,5.93386,11.86000,1.95301,5.04948,1.13627,5.73755,11.55000,1.84603,0.00000,0.00000,0.00000,0.00000,0.00000,0.00000,0.00000,0.00000,0.00000,0.00000,11.67141,3.79904
6-1,1783317949.314888,2026-07-06T13:05:49.314888,5.09367,1.16312,5.92456,11.86000,2.54580,5.04133,1.31620,6.63541,13.38000,2.50994,0.00000,0.00000,0.00000,0.00000,0.00000,0.00000,0.00000,0.00000,0.00000,0.00000,12.55997,5.05574
6-1,1783317949.414943,2026-07-06T13:05:49.414943,5.07642,1.33280,6.76587,13.59000,3.22276,5.05208,1.34379,6.78894,13.66000,3.18921,0.00000,0.00000,0.00000,0.00000,0.00000,0.00000,0.00000,0.00000,0.00000,0.00000,13.55481,6.41196
6-1,1783317949.514998,2026-07-06T13:05:49.514998,5.08880,1.32572,6.74635,13.52000,3.89776,5.05608,1.34379,6.79432,13.66000,3.86901,0.00000,0.00000,0.00000,0.00000,0.00000,0.00000,0.00000,0.00000,0.00000,0.00000,13.54067,7.76677
6-1,1783317949.615054,2026-07-06T13:05:49.615054,5.08682,1.36210,6.92876,13.89000,4.59103,5.05724,1.31816,6.66623,13.40000,4.53601,0.00000,0.00000,0.00000,0.00000,0.00000,0.00000,0.00000,0.00000,0.00000,0.00000,13.59499,9.12703
6-1,1783317949.715110,2026-07-06T13:05:49.715110,5.08470,1.32768,6.75083,13.54000,5.26649,5.05626,1.33988,6.77481,13.62000,5.21387,0.00000,0.00000,0.00000,0.00000,0.00000,0.00000,0.00000,0.00000,0.00000,0.00000,13.52564,10.48035
6-1,1783317949.815167,2026-07-06T13:05:49.815167,5.08070,1.32768,6.74552,13.54000,5.94142,5.06120,1.31913,6.67639,13.41000,5.88189,0.00000,0.00000,0.00000,0.00000,0.00000,0.00000,0.00000,0.00000,0.00000,0.00000,13.42191,11.82331
6-1,1783317949.915224,2026-07-06T13:05:49.915224,5.08464,1.32865,6.75573,13.55000,6.61738,5.05320,1.31913,6.66584,13.41000,6.54885,0.00000,0.00000,0.00000,0.00000,0.00000,0.00000,0.00000,0.00000,0.00000,0.00000,13.42157,13.16623
6-1,1783317950.015279,2026-07-06T13:05:50.015279,5.08287,1.36113,6.91842,13.88000,7.30961,5.05670,1.33012,6.72601,13.52000,7.22183,0.00000,0.00000,0.00000,0.00000,0.00000,0.00000,0.00000,0.00000,0.00000,0.00000,13.64443,14.53143
6-1,1783317950.115335,2026-07-06T13:05:50.115335,5.08031,1.33476,6.78098,13.61000,7.98808,5.05711,1.32109,6.68088,13.43000,7.89029,0.00000,0.00000,0.00000,0.00000,0.00000,0.00000,0.00000,0.00000,0.00000,0.00000,13.46186,15.87837
6-1,1783317950.215389,2026-07-06T13:05:50.215389,5.08031,1.33476,6.78098,13.61000,8.66655,5.05316,1.32011,6.67071,13.42000,8.55772,0.00000,0.00000,0.00000,0.00000,0.00000,0.00000,0.00000,0.00000,0.00000,0.00000,13.45169,17.22427
6-1,1783317950.315445,2026-07-06T13:05:50.315445,5.08842,1.33280,6.78186,13.59000,9.34511,5.05716,1.32011,6.67599,13.42000,9.22569,0.00000,0.00000,0.00000,0.00000,0.00000,0.00000,0.00000,0.00000,0.00000,0.00000,13.45785,18.57080
6-1,1783317950.415499,2026-07-06T13:05:50.415499,5.08644,1.36894,6.96303,13.96000,10.04179,5.05635,1.33793,6.76505,13.60000,9.90256,0.00000,0.00000,0.00000,0.00000,0.00000,0.00000,0.00000,0.00000,0.00000,0.00000,13.72808,19.94435
6-1,1783317950.515553,2026-07-06T13:05:50.515553,5.08410,1.33866,6.80590,13.65000,10.72275,5.05698,1.32402,6.69552,13.46000,10.57247,0.00000,0.00000,0.00000,0.00000,0.00000,0.00000,0.00000,0.00000,0.00000,0.00000,13.50142,21.29522
6-1,1783317950.615607,2026-07-06T13:05:50.615607,5.08010,1.33866,6.80054,13.65000,11.40317,5.05604,1.34477,6.79920,13.67000,11.25276,0.00000,0.00000,0.00000,0.00000,0.00000,0.00000,0.00000,0.00000,0.00000,0.00000,13.59974,22.65593
6-1,1783317950.715665,2026-07-06T13:05:50.715665,5.08831,1.33476,6.79166,13.61000,12.08273,5.05204,1.34477,6.79382,13.67000,11.93254,0.00000,0.00000,0.00000,0.00000,0.00000,0.00000,0.00000,0.00000,0.00000,0.00000,13.58548,24.01527
6-1,1783317950.815723,2026-07-06T13:05:50.815723,5.08708,1.35722,6.90429,13.84000,12.77356,5.04916,1.32011,6.66543,13.42000,12.59947,0.00000,0.00000,0.00000,0.00000,0.00000,0.00000,0.00000,0.00000,0.00000,0.00000,13.56972,25.37303
6-1,1783317950.915777,2026-07-06T13:05:50.915777,5.07839,1.36991,6.95696,13.97000,13.46963,5.04907,1.32206,6.67518,13.44000,13.26735,0.00000,0.00000,0.00000,0.00000,0.00000,0.00000,0.00000,0.00000,0.00000,0.00000,13.63214,26.73698
6-1,1783317951.015832,2026-07-06T13:05:51.015832,5.07983,1.34355,6.82499,13.70000,14.15251,5.05599,1.34574,6.80408,13.68000,13.94813,0.00000,0.00000,0.00000,0.00000,0.00000,0.00000,0.00000,0.00000,0.00000,0.00000,13.62907,28.10064
6-1,1783317951.115892,2026-07-06T13:05:51.115892,5.07983,1.34355,6.82499,13.70000,14.83542,5.05199,1.34574,6.79869,13.68000,14.62841,0.00000,0.00000,0.00000,0.00000,0.00000,0.00000,0.00000,0.00000,0.00000,0.00000,13.62368,29.46382
6-1,1783317951.215948,2026-07-06T13:05:51.215948,5.07988,1.34257,6.82010,13.69000,15.51781,5.05257,1.33305,6.73532,13.55000,15.30231,0.00000,0.00000,0.00000,0.00000,0.00000,0.00000,0.00000,0.00000,0.00000,0.00000,13.55542,30.82012
6-1,1783317951.316002,2026-07-06T13:05:51.316002,5.08020,1.33671,6.79076,13.63000,16.19725,5.05293,1.32499,6.69510,13.47000,15.97219,0.00000,0.00000,0.00000,0.00000,0.00000,0.00000,0.00000,0.00000,0.00000,0.00000,13.48586,32.16944
6-1,1783317951.416057,2026-07-06T13:05:51.416057,5.08271,1.36406,6.93310,13.91000,16.89094,5.05693,1.32499,6.70040,13.47000,16.64259,0.00000,0.00000,0.00000,0.00000,0.00000,0.00000,0.00000,0.00000,0.00000,0.00000,13.63350,33.53353
6-1,1783317951.516111,2026-07-06T13:05:51.516111,5.08271,1.36406,6.93310,13.91000,17.58463,5.06093,1.32499,6.70570,13.47000,17.31353,0.00000,0.00000,0.00000,0.00000,0.00000,0.00000,0.00000,0.00000,0.00000,0.00000,13.63880,34.89815
6-1,1783317951.616167,2026-07-06T13:05:51.616167,5.08202,1.37675,6.99667,14.04000,18.28468,5.05964,1.35356,6.84851,13.76000,17.99876,0.00000,0.00000,0.00000,0.00000,0.00000,0.00000,0.00000,0.00000,0.00000,0.00000,13.84518,36.28344
6-1,1783317951.716224,2026-07-06T13:05:51.716224,5.08239,1.36991,6.96244,13.97000,18.98132,5.06075,1.32914,6.72645,13.51000,18.67179,0.00000,0.00000,0.00000,0.00000,0.00000,0.00000,0.00000,0.00000,0.00000,0.00000,13.68889,37.65311
6-1,1783317951.816278,2026-07-06T13:05:51.816278,5.08372,1.34550,6.84015,13.72000,19.66571,5.05279,1.32817,6.71094,13.50000,19.34325,0.00000,0.00000,0.00000,0.00000,0.00000,0.00000,0.00000,0.00000,0.00000,0.00000,13.55109,39.00896
6-1,1783317951.916332,2026-07-06T13:05:51.916332,5.07572,1.34550,6.82939,13.72000,20.34902,5.05279,1.32817,6.71094,13.50000,20.01470,0.00000,0.00000,0.00000,0.00000,0.00000,0.00000,0.00000,0.00000,0.00000,0.00000,13.54033,40.36372
6-1,1783317952.016388,2026-07-06T13:05:52.016388,5.08378,1.34452,6.83526,13.71000,21.03292,5.05716,1.32011,6.67599,13.42000,20.68267,0.00000,0.00000,0.00000,0.00000,0.00000,0.00000,0.00000,0.00000,0.00000,0.00000,13.51125,41.71559
6-1,1783317952.116442,2026-07-06T13:05:52.116442,5.08340,1.35136,6.86951,13.78000,21.72025,5.05332,1.40483,7.09904,14.28000,21.39296,0.00000,0.00000,0.00000,0.00000,0.00000,0.00000,0.00000,0.00000,0.00000,0.00000,13.96855,43.11321
6-1,1783317952.216497,2026-07-06T13:05:52.216497,5.07972,1.34550,6.83477,13.72000,22.40410,5.05772,1.39604,7.06077,14.19000,22.09943,0.00000,0.00000,0.00000,0.00000,0.00000,0.00000,0.00000,0.00000,0.00000,0.00000,13.89554,44.50353
6-1,1783317952.316552,2026-07-06T13:05:52.316552,5.07983,1.34355,6.82499,13.72000,23.08697,5.05772,1.39604,7.06077,14.19000,22.80589,0.00000,0.00000,0.00000,0.00000,0.00000,0.00000,0.00000,0.00000,0.00000,0.00000,13.88576,45.89286
6-1,1783317952.416606,2026-07-06T13:05:52.416606,5.07983,1.34355,6.82499,13.70000,23.76984,5.05391,1.39189,7.03447,14.15000,23.50972,0.00000,0.00000,0.00000,0.00000,0.00000,0.00000,0.00000,0.00000,0.00000,0.00000,13.85946,47.27957
7-1,1783317952.516663,2026-07-06T13:05:52.516663,5.07983,1.34355,6.82499,13.70000,0.68288,5.05510,1.36552,6.90284,13.88000,0.69067,0.00000,0.00000,0.00000,0.00000,0.00000,0.00000,0.00000,0.00000,0.00000,0.00000,13.72783,1.37355
7-1,1783317952.616717,2026-07-06T13:05:52.616717,5.08058,1.32987,6.75653,13.56000,1.35891,5.05088,1.37040,6.92174,13.93000,1.38322,0.00000,0.00000,0.00000,0.00000,0.00000,0.00000,0.00000,0.00000,0.00000,0.00000,13.67827,2.74213
7-1,1783317952.716774,2026-07-06T13:05:52.716774,5.07635,1.40727,7.14380,14.35000,2.07369,5.05488,1.37040,6.92722,13.93000,2.07634,0.00000,0.00000,0.00000,0.00000,0.00000,0.00000,0.00000,0.00000,0.00000,0.00000,14.07102,4.15003
7-1,1783317952.816829,2026-07-06T13:05:52.816829,5.09635,1.40727,7.17194,14.35000,2.79128,5.06429,1.51592,7.67703,15.41000,2.84446,0.00000,0.00000,0.00000,0.00000,0.00000,0.00000,0.00000,0.00000,0.00000,0.00000,14.84897,5.63574
7-1,1783317952.916884,2026-07-06T13:05:52.916884,5.10065,0.96194,4.90653,9.81000,3.28220,5.07788,1.21586,6.17397,12.36000,3.46220,0.00000,0.00000,0.00000,0.00000,0.00000,0.00000,0.00000,0.00000,0.00000,0.00000,11.08050,6.74440
7-1,1783317953.016938,2026-07-06T13:05:53.016938,5.08026,1.33573,6.78587,13.62000,3.96115,5.05519,1.36357,6.89309,13.86000,4.15188,0.00000,0.00000,0.00000,0.00000,0.00000,0.00000,0.00000,0.00000,0.00000,0.00000,13.67896,8.11304
7-1,1783317953.116992,2026-07-06T13:05:53.116992,5.07983,1.34355,6.82499,13.70000,4.64402,5.05519,1.36357,6.89309,13.86000,4.84156,0.00000,0.00000,0.00000,0.00000,0.00000,0.00000,0.00000,0.00000,0.00000,0.00000,13.71808,9.48559
7-1,1783317953.217047,2026-07-06T13:05:53.217047,5.08383,1.34355,6.83036,13.70000,5.32743,5.05510,1.36552,6.90284,13.88000,5.53223,0.00000,0.00000,0.00000,0.00000,0.00000,0.00000,0.00000,0.00000,0.00000,0.00000,13.73320,10.85966
7-1,1783317953.317101,2026-07-06T13:05:53.317101,5.08271,1.36406,6.93310,13.91000,6.02112,5.05523,1.36259,6.88821,13.85000,6.22142,0.00000,0.00000,0.00000,0.00000,0.00000,0.00000,0.00000,0.00000,0.00000,0.00000,13.82131,12.24254
7-1,1783317953.417240,2026-07-06T13:05:53.417240,5.08394,1.34159,6.82058,13.68000,6.70412,5.05142,1.35844,6.86205,13.81000,6.90858,0.00000,0.00000,0.00000,0.00000,0.00000,0.00000,0.00000,0.00000,0.00000,0.00000,13.68263,13.61270
7-1,1783317953.517357,2026-07-06T13:05:53.517357,5.08031,1.33476,6.78098,13.61000,7.38302,5.05942,1.35844,6.87292,13.81000,7.59668,0.00000,0.00000,0.00000,0.00000,0.00000,0.00000,0.00000,0.00000,0.00000,0.00000,13.65390,14.97969
7-1,1783317953.617477,2026-07-06T13:05:53.617477,5.08431,1.33476,6.78632,13.61000,8.06246,5.05470,1.37431,6.94672,13.97000,8.29218,0.00000,0.00000,0.00000,0.00000,0.00000,0.00000,0.00000,0.00000,0.00000,0.00000,13.73304,16.35464
7-1,1783317953.717595,2026-07-06T13:05:53.717595,5.07898,1.35917,6.90321,13.86000,8.75360,5.05542,1.35844,6.86748,13.81000,8.97974,0.00000,0.00000,0.00000,0.00000,0.00000,0.00000,0.00000,0.00000,0.00000,0.00000,13.77069,17.73334
7-1,1783317953.817714,2026-07-06T13:05:53.817714,5.07919,1.35527,6.88365,13.82000,9.44278,5.05417,1.38603,7.00523,14.09000,9.68110,0.00000,0.00000,0.00000,0.00000,0.00000,0.00000,0.00000,0.00000,0.00000,0.00000,13.88888,19.12388
7-1,1783317953.917834,2026-07-06T13:05:53.917834,5.07999,1.34062,6.81032,13.67000,10.12463,5.05817,1.38603,7.01077,14.09000,10.38301,0.00000,0.00000,0.00000,0.00000,0.00000,0.00000,0.00000,0.00000,0.00000,0.00000,13.82109,20.50764
7-1,1783317954.017951,2026-07-06T13:05:54.017951,5.08870,1.32768,6.75614,13.54000,10.80103,5.05510,1.36552,6.90284,13.88000,11.07410,0.00000,0.00000,0.00000,0.00000,0.00000,0.00000,0.00000,0.00000,0.00000,0.00000,13.65898,21.87514
7-1,1783317954.118069,2026-07-06T13:05:54.118069,5.08870,1.32768,6.75614,13.54000,11.47745,5.05538,1.35942,6.87236,13.82000,11.76215,0.00000,0.00000,0.00000,0.00000,0.00000,0.00000,0.00000,0.00000,0.00000,0.00000,13.62850,23.23960
7-1,1783317954.218189,2026-07-06T13:05:54.218189,5.07876,1.36308,6.92276,13.90000,12.17055,5.05786,1.39286,7.04492,14.16000,12.46749,0.00000,0.00000,0.00000,0.00000,0.00000,0.00000,0.00000,0.00000,0.00000,0.00000,13.96768,24.63805
7-1,1783317954.318307,2026-07-06T13:05:54.318307,5.07908,1.35722,6.89343,13.84000,12.86071,5.05786,1.39286,7.04492,14.16000,13.17282,0.00000,0.00000,0.00000,0.00000,0.00000,0.00000,0.00000,0.00000,0.00000,0.00000,13.93835,26.03353
7-1,1783317954.418426,2026-07-06T13:05:54.418426,5.08399,1.34062,6.81568,13.67000,13.54309,5.05106,1.36650,6.90225,13.89000,13.86386,0.00000,0.00000,0.00000,0.00000,0.00000,0.00000,0.00000,0.00000,0.00000,0.00000,13.71793,27.40695
7-1,1783317954.518545,2026-07-06T13:05:54.518545,5.07999,1.34062,6.81032,13.67000,14.22493,5.05110,1.36552,6.89738,13.88000,14.55442,0.00000,0.00000,0.00000,0.00000,0.00000,0.00000,0.00000,0.00000,0.00000,0.00000,13.70770,28.77934
7-1,1783317954.618663,2026-07-06T13:05:54.618663,5.08388,1.34257,6.82547,13.69000,14.90828,5.05013,1.38701,7.00455,14.10000,15.25570,0.00000,0.00000,0.00000,0.00000,0.00000,0.00000,0.00000,0.00000,0.00000,0.00000,13.83002,30.16398
7-1,1783317954.718782,2026-07-06T13:05:54.718782,5.08351,1.34941,6.85972,13.76000,15.59507,5.05813,1.38701,7.01565,14.10000,15.95810,0.00000,0.00000,0.00000,0.00000,0.00000,0.00000,0.00000,0.00000,0.00000,0.00000,13.87537,31.55317
7-1,1783317954.818902,2026-07-06T13:05:54.818902,5.08276,1.36308,6.92821,13.90000,16.28872,5.05439,1.38115,6.98085,14.04000,16.65702,0.00000,0.00000,0.00000,0.00000,0.00000,0.00000,0.00000,0.00000,0.00000,0.00000,13.90906,32.94574
7-1,1783317954.919020,2026-07-06T13:05:54.919020,5.07876,1.36308,6.92276,13.90000,16.98182,5.05497,1.36845,6.91747,13.91000,17.34959,0.00000,0.00000,0.00000,0.00000,0.00000,0.00000,0.00000,0.00000,0.00000,0.00000,13.84023,34.33140
7-1,1783317955.019139,2026-07-06T13:05:55.019139,5.07839,1.36991,6.95696,13.97000,17.67834,5.05101,1.36747,6.90712,13.90000,18.04112,0.00000,0.00000,0.00000,0.00000,0.00000,0.00000,0.00000,0.00000,0.00000,0.00000,13.86408,35.71945
7-1,1783317955.119257,2026-07-06T13:05:55.119257,5.08282,1.36210,6.92332,13.89000,18.37149,5.05901,1.36747,6.91806,13.90000,18.73374,0.00000,0.00000,0.00000,0.00000,0.00000,0.00000,0.00000,0.00000,0.00000,0.00000,13.84138,37.10523
7-1,1783317955.219321,2026-07-06T13:05:55.219321,5.08378,1.34452,6.83526,13.71000,19.05546,5.05395,1.39091,7.02960,14.14000,19.43715,0.00000,0.00000,0.00000,0.00000,0.00000,0.00000,0.00000,0.00000,0.00000,0.00000,13.86486,38.49261
7-1,1783317955.319441,2026-07-06T13:05:55.319441,5.08372,1.34550,6.84015,13.72000,19.74029,5.05354,1.39995,7.07468,14.23000,20.14547,0.00000,0.00000,0.00000,0.00000,0.00000,0.00000,0.00000,0.00000,0.00000,0.00000,13.91483,39.88576
7-1,1783317955.419559,2026-07-06T13:05:55.419559,5.07972,1.34550,6.83477,13.72000,20.42457,5.05483,1.37138,6.93210,13.94000,20.83949,0.00000,0.00000,0.00000,0.00000,0.00000,0.00000,0.00000,0.00000,0.00000,0.00000,13.76687,41.26407
7-1,1783317955.519676,2026-07-06T13:05:55.519676,5.08378,1.34452,6.83526,13.71000,21.10890,5.05079,1.37236,6.93148,13.94000,21.53345,0.00000,0.00000,0.00000,0.00000,0.00000,0.00000,0.00000,0.00000,0.00000,0.00000,13.76674,42.64235
7-1,1783317955.619794,2026-07-06T13:05:55.619794,5.08367,1.34648,6.84504,13.73000,21.79421,5.05079,1.37236,6.93148,13.95000,22.22742,0.00000,0.00000,0.00000,0.00000,0.00000,0.00000,0.00000,0.00000,0.00000,0.00000,13.77652,44.02164
7-1,1783317955.719913,2026-07-06T13:05:55.719913,5.07946,1.35038,6.85921,13.77000,22.48095,5.05097,1.36845,6.91200,13.91000,22.91945,0.00000,0.00000,0.00000,0.00000,0.00000,0.00000,0.00000,0.00000,0.00000,0.00000,13.77121,45.40039
7-1,1783317955.820035,2026-07-06T13:05:55.820035,5.07946,1.35038,6.85921,13.77000,23.16770,5.05088,1.37040,6.92174,13.93000,23.61246,0.00000,0.00000,0.00000,0.00000,0.00000,0.00000,0.00000,0.00000,0.00000,0.00000,13.78095,46.78016
7-1,1783317955.920152,2026-07-06T13:05:55.920152,5.08010,1.33866,6.80054,13.65000,23.84856,5.05791,1.39189,7.04004,14.15000,24.31729,0.00000,0.00000,0.00000,0.00000,0.00000,0.00000,0.00000,0.00000,0.00000,0.00000,13.84058,48.16585
8-1,1783317956.020298,2026-07-06T13:05:56.020298,5.08641,1.22294,6.22036,12.47000,0.62294,5.05391,1.39189,7.03447,14.15000,0.70447,0.00000,0.00000,0.00000,0.00000,0.00000,0.00000,0.00000,0.00000,0.00000,0.00000,13.25483,1.32741
8-1,1783317956.120414,2026-07-06T13:05:56.120414,5.08058,1.32987,6.75653,13.56000,1.29938,5.05088,1.37040,6.92174,13.93000,1.39745,0.00000,0.00000,0.00000,0.00000,0.00000,0.00000,0.00000,0.00000,0.00000,0.00000,13.67827,2.69683
8-1,1783317956.220532,2026-07-06T13:05:56.220532,5.07658,1.32987,6.75121,13.56000,1.97530,5.04616,1.47465,7.44134,14.99000,2.14246,0.00000,0.00000,0.00000,0.00000,0.00000,0.00000,0.00000,0.00000,0.00000,0.00000,14.19255,4.11776
8-1,1783317956.320650,2026-07-06T13:05:56.320650,5.06458,1.32987,6.73525,13.56000,2.64962,5.08121,1.14212,5.80338,11.61000,2.72348,0.00000,0.00000,0.00000,0.00000,0.00000,0.00000,0.00000,0.00000,0.00000,0.00000,12.53863,5.37310
8-1,1783317956.420788,2026-07-06T13:05:56.420788,5.06292,1.36015,6.88633,13.87000,3.33920,5.06121,1.14212,5.78054,11.61000,3.30233,0.00000,0.00000,0.00000,0.00000,0.00000,0.00000,0.00000,0.00000,0.00000,0.00000,12.66687,6.64153
8-1,1783317956.520906,2026-07-06T13:05:56.520906,5.07930,1.35331,6.87388,13.80000,4.02740,5.05564,1.35356,6.84310,13.76000,3.98746,0.00000,0.00000,0.00000,0.00000,0.00000,0.00000,0.00000,0.00000,0.00000,0.00000,13.71698,8.01486
8-1,1783317956.621025,2026-07-06T13:05:56.621025,5.07983,1.34355,6.82499,13.70000,4.71071,5.05421,1.38505,7.00035,14.08000,4.68832,0.00000,0.00000,0.00000,0.00000,0.00000,0.00000,0.00000,0.00000,0.00000,0.00000,13.82534,9.39903
8-1,1783317956.721145,2026-07-06T13:05:56.721145,5.08383,1.34355,6.83036,13.70000,5.39456,5.05510,1.36552,6.90284,13.88000,5.37943,0.00000,0.00000,0.00000,0.00000,0.00000,0.00000,0.00000,0.00000,0.00000,0.00000,13.73320,10.77399
8-1,1783317956.821264,2026-07-06T13:05:56.821264,5.07935,1.35234,6.86899,13.79000,6.08228,5.05510,1.36552,6.90284,13.88000,6.07054,0.00000,0.00000,0.00000,0.00000,0.00000,0.00000,0.00000,0.00000,0.00000,0.00000,13.77183,12.15282
8-1,1783317956.921332,2026-07-06T13:05:56.921332,5.07962,1.34745,6.84455,13.74000,6.76720,5.05808,1.38798,7.02053,14.11000,6.77307,0.00000,0.00000,0.00000,0.00000,0.00000,0.00000,0.00000,0.00000,0.00000,0.00000,13.86508,13.54027
8-1,1783317957.021450,2026-07-06T13:05:57.021450,5.08399,1.34062,6.81568,13.67000,7.44957,5.05910,1.36552,6.90830,13.88000,7.46471,0.00000,0.00000,0.00000,0.00000,0.00000,0.00000,0.00000,0.00000,0.00000,0.00000,13.72398,14.91429
8-1,1783317957.121567,2026-07-06T13:05:57.121567,5.07999,1.34062,6.81032,13.67000,8.13140,5.05110,1.36552,6.89738,13.88000,8.15526,0.00000,0.00000,0.00000,0.00000,0.00000,0.00000,0.00000,0.00000,0.00000,0.00000,13.70770,16.28666
8-1,1783317957.221622,2026-07-06T13:05:57.221622,5.08794,1.34159,6.82594,13.68000,8.81437,5.05110,1.36552,6.89738,13.88000,8.84537,0.00000,0.00000,0.00000,0.00000,0.00000,0.00000,0.00000,0.00000,0.00000,0.00000,13.72332,17.65974
8-1,1783317957.321676,2026-07-06T13:05:57.321676,5.08607,1.37577,6.99729,14.03000,9.51448,5.04692,1.36943,6.91139,13.92000,9.53689,0.00000,0.00000,0.00000,0.00000,0.00000,0.00000,0.00000,0.00000,0.00000,0.00000,13.90868,19.05137
9-1,1783317957.421730,2026-07-06T13:05:57.421730,5.08378,1.34452,6.83526,13.71000,0.68390,5.04706,1.36650,6.89678,13.89000,0.69005,0.00000,0.00000,0.00000,0.00000,0.00000,0.00000,0.00000,0.00000,0.00000,0.00000,13.73204,1.37395
9-1,1783317957.521786,2026-07-06T13:05:57.521786,5.07578,1.34452,6.82450,13.71000,1.36673,5.05475,1.37333,6.94185,13.96000,1.38463,0.00000,0.00000,0.00000,0.00000,0.00000,0.00000,0.00000,0.00000,0.00000,0.00000,13.76635,2.75136
9-1,1783317957.621840,2026-07-06T13:05:57.621840,5.08010,1.33866,6.80054,13.65000,2.04715,5.05475,1.37333,6.94185,13.96000,2.07919,0.00000,0.00000,0.00000,0.00000,0.00000,0.00000,0.00000,0.00000,0.00000,0.00000,13.74239,4.12634
9-1,1783317957.721896,2026-07-06T13:05:57.721896,5.07726,1.39067,7.06078,14.18000,2.75362,5.06270,1.37431,6.95772,13.97000,2.77535,0.00000,0.00000,0.00000,0.00000,0.00000,0.00000,0.00000,0.00000,0.00000,0.00000,14.01850,5.52897
9-1,1783317957.821950,2026-07-06T13:05:57.821950,5.12208,0.93558,4.79210,9.54000,3.23309,5.08257,0.93558,4.75512,9.51000,3.25112,0.00000,0.00000,0.00000,0.00000,0.00000,0.00000,0.00000,0.00000,0.00000,0.00000,9.54722,6.48421
9-1,1783317957.922005,2026-07-06T13:05:57.922005,5.10208,0.93558,4.77338,9.54000,3.71069,5.03546,1.35746,6.83546,13.80000,3.93504,0.00000,0.00000,0.00000,0.00000,0.00000,0.00000,0.00000,0.00000,0.00000,0.00000,11.60884,7.64573
9-1,1783317958.022060,2026-07-06T13:05:58.022060,5.08666,1.36503,6.94345,13.92000,4.40542,5.05946,1.35746,6.86804,13.80000,4.62222,0.00000,0.00000,0.00000,0.00000,0.00000,0.00000,0.00000,0.00000,0.00000,0.00000,13.81149,9.02764
9-1,1783317958.122126,2026-07-06T13:05:58.122126,5.08004,1.33964,6.80543,13.66000,5.08641,5.05470,1.37431,6.94672,13.97000,5.31735,0.00000,0.00000,0.00000,0.00000,0.00000,0.00000,0.00000,0.00000,0.00000,0.00000,13.75215,10.40376
9-1,1783317958.222180,2026-07-06T13:05:58.222180,5.08047,1.33183,6.76631,13.58000,5.76341,5.05514,1.36454,6.89796,13.87000,6.00752,0.00000,0.00000,0.00000,0.00000,0.00000,0.00000,0.00000,0.00000,0.00000,0.00000,13.66427,11.77093
9-1,1783317958.322234,2026-07-06T13:05:58.322234,5.08276,1.36308,6.92821,13.90000,6.45660,5.05408,1.38798,7.01497,14.11000,6.70939,0.00000,0.00000,0.00000,0.00000,0.00000,0.00000,0.00000,0.00000,0.00000,0.00000,13.94318,13.16600
9-1,1783317958.422288,2026-07-06T13:05:58.422288,5.07876,1.36308,6.92276,13.90000,7.14925,5.05408,1.38798,7.01497,14.11000,7.41127,0.00000,0.00000,0.00000,0.00000,0.00000,0.00000,0.00000,0.00000,0.00000,0.00000,13.93773,14.56052
9-1,1783317958.522343,2026-07-06T13:05:58.522343,5.07610,1.33866,6.79519,13.65000,7.82914,5.05528,1.36161,6.88333,13.84000,8.09998,0.00000,0.00000,0.00000,0.00000,0.00000,0.00000,0.00000,0.00000,0.00000,0.00000,13.67852,15.92912
9-1,1783317958.622398,2026-07-06T13:05:58.622398,5.07658,1.32987,6.75121,13.56000,8.50463,5.05452,1.37822,6.96623,14.01000,8.79698,0.00000,0.00000,0.00000,0.00000,0.00000,0.00000,0.00000,0.00000,0.00000,0.00000,13.71744,17.30162
9-1,1783317958.722452,2026-07-06T13:05:58.722452,5.08660,1.36601,6.94834,13.93000,9.19985,5.05932,1.36064,6.88390,13.83000,9.48575,0.00000,0.00000,0.00000,0.00000,0.00000,0.00000,0.00000,0.00000,0.00000,0.00000,13.83224,18.68560
9-1,1783317958.822507,2026-07-06T13:05:58.822507,5.07860,1.36601,6.93742,13.93000,9.89397,5.05132,1.36064,6.87301,13.83000,10.17343,0.00000,0.00000,0.00000,0.00000,0.00000,0.00000,0.00000,0.00000,0.00000,0.00000,13.81043,20.06739
9-1,1783317958.922562,2026-07-06T13:05:58.922562,5.08394,1.34159,6.82058,13.68000,10.57640,5.05514,1.36454,6.89796,13.87000,10.86360,0.00000,0.00000,0.00000,0.00000,0.00000,0.00000,0.00000,0.00000,0.00000,0.00000,13.71854,21.44000
9-1,1783317959.022616,2026-07-06T13:05:59.022616,5.08399,1.34062,6.81568,13.67000,11.25834,5.05399,1.38993,7.02472,14.13000,11.56646,0.00000,0.00000,0.00000,0.00000,0.00000,0.00000,0.00000,0.00000,0.00000,0.00000,13.84040,22.82479
9-1,1783317959.122670,2026-07-06T13:05:59.122670,5.08324,1.35429,6.88418,13.81000,11.94713,5.05910,1.36552,6.90830,13.88000,12.25766,0.00000,0.00000,0.00000,0.00000,0.00000,0.00000,0.00000,0.00000,0.00000,0.00000,13.79248,24.20479
9-1,1783317959.222725,2026-07-06T13:05:59.222725,5.08324,1.35429,6.88418,13.81000,12.63592,5.05110,1.36552,6.89738,13.88000,12.94777,0.00000,0.00000,0.00000,0.00000,0.00000,0.00000,0.00000,0.00000,0.00000,0.00000,13.78156,25.58370
9-1,1783317959.322780,2026-07-06T13:05:59.322780,5.08666,1.36503,6.94345,13.92000,13.33065,5.05946,1.35746,6.86804,13.80000,13.63496,0.00000,0.00000,0.00000,0.00000,0.00000,0.00000,0.00000,0.00000,0.00000,0.00000,13.81149,26.96561
9-1,1783317959.422834,2026-07-06T13:05:59.422834,5.07962,1.34745,6.84455,13.74000,14.01548,5.05791,1.39189,7.04004,14.15000,14.33934,0.00000,0.00000,0.00000,0.00000,0.00000,0.00000,0.00000,0.00000,0.00000,0.00000,13.88459,28.35482
9-1,1783317959.522889,2026-07-06T13:05:59.522889,5.07972,1.34550,6.83477,13.72000,14.69933,5.05892,1.36943,6.92782,13.92000,15.03250,0.00000,0.00000,0.00000,0.00000,0.00000,0.00000,0.00000,0.00000,0.00000,0.00000,13.76259,29.73183
9-1,1783317959.622943,2026-07-06T13:05:59.622943,5.07967,1.34648,6.83966,13.73000,15.38367,5.05492,1.36943,6.92234,13.92000,15.72511,0.00000,0.00000,0.00000,0.00000,0.00000,0.00000,0.00000,0.00000,0.00000,0.00000,13.76200,31.10878
9-1,1783317959.722999,2026-07-06T13:05:59.722999,5.08767,1.34648,6.85043,13.73000,16.06909,5.05497,1.36845,6.91747,13.91000,16.41724,0.00000,0.00000,0.00000,0.00000,0.00000,0.00000,0.00000,0.00000,0.00000,0.00000,13.76790,32.48633
9-1,1783317959.823054,2026-07-06T13:05:59.823054,5.08314,1.35624,6.89397,13.83000,16.75887,5.05439,1.38115,6.98085,14.04000,17.11571,0.00000,0.00000,0.00000,0.00000,0.00000,0.00000,0.00000,0.00000,0.00000,0.00000,13.87482,33.87458
9-1,1783317959.923109,2026-07-06T13:05:59.923109,5.08260,1.36601,6.94288,13.93000,17.45354,5.05758,1.39897,7.07540,14.22000,17.82364,0.00000,0.00000,0.00000,0.00000,0.00000,0.00000,0.00000,0.00000,0.00000,0.00000,14.01828,35.27718
9-1,1783317960.023163,2026-07-06T13:06:00.023163,5.08212,1.37480,6.98689,14.02000,18.15261,5.04958,1.39897,7.06421,14.22000,18.53045,0.00000,0.00000,0.00000,0.00000,0.00000,0.00000,0.00000,0.00000,0.00000,0.00000,14.05110,36.68305
9-1,1783317960.123218,2026-07-06T13:06:00.123218,5.08612,1.37480,6.99239,14.02000,18.85222,5.05097,1.36845,6.91200,13.91000,19.22202,0.00000,0.00000,0.00000,0.00000,0.00000,0.00000,0.00000,0.00000,0.00000,0.00000,13.90439,38.07425
9-1,1783317960.223273,2026-07-06T13:06:00.223273,5.08292,1.36015,6.91353,13.87000,19.54396,5.05097,1.36845,6.91200,13.91000,19.91360,0.00000,0.00000,0.00000,0.00000,0.00000,0.00000,0.00000,0.00000,0.00000,0.00000,13.82553,39.45756
9-1,1783317960.323329,2026-07-06T13:06:00.323329,5.08378,1.34452,6.83526,13.71000,20.22787,5.05114,1.36454,6.89251,13.87000,20.60324,0.00000,0.00000,0.00000,0.00000,0.00000,0.00000,0.00000,0.00000,0.00000,0.00000,13.72777,40.83111
9-1,1783317960.423383,2026-07-06T13:06:00.423383,5.07556,1.34843,6.84404,13.75000,20.91264,5.05514,1.36454,6.89796,13.87000,21.29341,0.00000,0.00000,0.00000,0.00000,0.00000,0.00000,0.00000,0.00000,0.00000,0.00000,13.74200,42.20605
9-1,1783317960.523438,2026-07-06T13:06:00.523438,5.08356,1.34843,6.85483,13.75000,21.59850,5.05786,1.39286,7.04492,14.16000,21.99829,0.00000,0.00000,0.00000,0.00000,0.00000,0.00000,0.00000,0.00000,0.00000,0.00000,13.89975,43.59679
9-1,1783317960.623492,2026-07-06T13:06:00.623492,5.07983,1.34355,6.82499,13.70000,22.28137,5.05781,1.39409,7.05101,14.17000,22.70377,0.00000,0.00000,0.00000,0.00000,0.00000,0.00000,0.00000,0.00000,0.00000,0.00000,13.87600,44.98514
10-1,1783317960.723550,2026-07-06T13:06:00.723550,5.07951,1.34941,6.85432,13.76000,0.68583,5.06176,1.39506,7.06147,14.18000,0.70656,0.00000,0.00000,0.00000,0.00000,0.00000,0.00000,0.00000,0.00000,0.00000,0.00000,13.91579,1.39239
10-1,1783317960.823605,2026-07-06T13:06:00.823605,5.08831,1.33476,6.79166,13.61000,1.36537,5.05376,1.39506,7.05031,14.18000,1.41198,0.00000,0.00000,0.00000,0.00000,0.00000,0.00000,0.00000,0.00000,0.00000,0.00000,13.84197,2.77735
10-1,1783317960.923660,2026-07-06T13:06:00.923660,5.08436,1.33378,6.78143,13.60000,2.04389,5.05470,1.37431,6.94672,13.97000,2.10703,0.00000,0.00000,0.00000,0.00000,0.00000,0.00000,0.00000,0.00000,0.00000,0.00000,13.72815,4.15092
10-1,1783317961.023714,2026-07-06T13:06:01.023714,5.08436,1.33378,6.78143,13.60000,2.72239,5.04882,1.50420,7.59442,15.29000,2.86688,0.00000,0.00000,0.00000,0.00000,0.00000,0.00000,0.00000,0.00000,0.00000,0.00000,14.37585,5.58928
10-1,1783317961.123769,2026-07-06T13:06:01.123769,5.09181,0.83059,4.22922,8.47000,3.14555,5.07342,1.22587,6.21934,12.46000,3.48916,0.00000,0.00000,0.00000,0.00000,0.00000,0.00000,0.00000,0.00000,0.00000,0.00000,10.44856,6.63470
10-1,1783317961.223824,2026-07-06T13:06:01.223824,5.06785,1.26981,6.43523,12.95000,3.78943,5.06142,1.22587,6.20463,12.46000,4.10996,0.00000,0.00000,0.00000,0.00000,0.00000,0.00000,0.00000,0.00000,0.00000,0.00000,12.63986,7.89939
10-1,1783317961.323879,2026-07-06T13:06:01.323879,5.08319,1.35527,6.88907,13.82000,4.47871,5.05155,1.35551,6.84743,13.78000,4.79508,0.00000,0.00000,0.00000,0.00000,0.00000,0.00000,0.00000,0.00000,0.00000,0.00000,13.73650,9.27379
10-1,1783317961.423933,2026-07-06T13:06:01.423933,5.08719,1.35527,6.89450,13.82000,5.16854,5.05119,1.36357,6.88763,13.86000,5.48422,0.00000,0.00000,0.00000,0.00000,0.00000,0.00000,0.00000,0.00000,0.00000,0.00000,13.78213,10.65275
10-1,1783317961.523986,2026-07-06T13:06:01.523986,5.08399,1.34062,6.81568,13.67000,5.85046,5.05123,1.36259,6.88276,13.85000,6.17286,0.00000,0.00000,0.00000,0.00000,0.00000,0.00000,0.00000,0.00000,0.00000,0.00000,13.69844,12.02332
10-1,1783317961.624041,2026-07-06T13:06:01.624041,5.08415,1.33769,6.80100,13.64000,6.53094,5.05923,1.36259,6.89366,13.85000,6.86260,0.00000,0.00000,0.00000,0.00000,0.00000,0.00000,0.00000,0.00000,0.00000,0.00000,13.69466,13.39354
11-1,1783317961.724097,2026-07-06T13:06:01.724097,5.09120,1.28178,6.52578,13.07000,0.65294,5.04995,1.39091,7.02403,14.14000,0.70280,0.00000,0.00000,0.00000,0.00000,0.00000,0.00000,0.00000,0.00000,0.00000,0.00000,13.54981,1.35574
11-1,1783317961.824151,2026-07-06T13:06:01.824151,5.09120,1.28178,6.52578,13.07000,1.30587,5.05057,1.37724,6.95584,14.00000,1.39875,0.00000,0.00000,0.00000,0.00000,0.00000,0.00000,0.00000,0.00000,0.00000,0.00000,13.48162,2.70463
11-1,1783317961.924207,2026-07-06T13:06:01.924207,5.06616,1.44755,7.33353,14.76000,2.03964,5.07424,1.03104,5.23174,10.48000,1.92222,0.00000,0.00000,0.00000,0.00000,0.00000,0.00000,0.00000,0.00000,0.00000,0.00000,12.56527,3.96186
11-1,1783317962.024261,2026-07-06T13:06:02.024261,5.07215,1.33769,6.78495,13.64000,2.71850,5.07024,1.03104,5.22761,10.48000,2.44527,0.00000,0.00000,0.00000,0.00000,0.00000,0.00000,0.00000,0.00000,0.00000,0.00000,12.01256,5.16377
11-1,1783317962.124317,2026-07-06T13:06:02.124317,5.08452,1.33085,6.76674,13.57000,3.39555,5.05523,1.36259,6.88821,13.85000,3.13447,0.00000,0.00000,0.00000,0.00000,0.00000,0.00000,0.00000,0.00000,0.00000,0.00000,13.65495,6.53002
11-1,1783317962.224371,2026-07-06T13:06:02.224371,5.08052,1.33085,6.76142,13.57000,4.07206,5.05551,1.35649,6.85773,13.79000,3.82062,0.00000,0.00000,0.00000,0.00000,0.00000,0.00000,0.00000,0.00000,0.00000,0.00000,13.61915,7.89268
11-1,1783317962.324426,2026-07-06T13:06:02.324426,5.07999,1.34062,6.81032,13.67000,4.75347,5.05942,1.35844,6.87292,13.81000,4.50829,0.00000,0.00000,0.00000,0.00000,0.00000,0.00000,0.00000,0.00000,0.00000,0.00000,13.68324,9.26175
11-1,1783317962.424480,2026-07-06T13:06:02.424480,5.08436,1.33378,6.78143,13.60000,5.43198,5.05542,1.35844,6.86748,13.81000,5.19541,0.00000,0.00000,0.00000,0.00000,0.00000,0.00000,0.00000,0.00000,0.00000,0.00000,13.64891,10.62739
11-1,1783317962.524535,2026-07-06T13:06:02.524535,5.08298,1.35917,6.90864,13.86000,6.12322,5.05946,1.35746,6.86804,13.80000,5.88258,0.00000,0.00000,0.00000,0.00000,0.00000,0.00000,0.00000,0.00000,0.00000,0.00000,13.77668,12.00580
11-1,1783317962.624590,2026-07-06T13:06:02.624590,5.08399,1.34062,6.81568,13.67000,6.80516,5.05875,1.37333,6.94734,13.96000,6.57770,0.00000,0.00000,0.00000,0.00000,0.00000,0.00000,0.00000,0.00000,0.00000,0.00000,13.76302,13.38287
11-1,1783317962.724645,2026-07-06T13:06:02.724645,5.08399,1.34062,6.81568,13.67000,7.48710,5.05519,1.36357,6.89309,13.86000,7.26739,0.00000,0.00000,0.00000,0.00000,0.00000,0.00000,0.00000,0.00000,0.00000,0.00000,13.70877,14.75449
11-1,1783317962.824700,2026-07-06T13:06:02.824700,5.08788,1.34257,6.83084,13.69000,8.17056,5.05119,1.36357,6.88763,13.86000,7.95653,0.00000,0.00000,0.00000,0.00000,0.00000,0.00000,0.00000,0.00000,0.00000,0.00000,13.71847,16.12709
11-1,1783317962.924755,2026-07-06T13:06:02.924755,5.08676,1.36308,6.93366,13.90000,8.86431,5.04595,1.39091,7.01847,14.14000,8.65876,0.00000,0.00000,0.00000,0.00000,0.00000,0.00000,0.00000,0.00000,0.00000,0.00000,13.95213,17.52307
11-1,1783317963.024809,2026-07-06T13:06:03.024809,5.08298,1.35917,6.90864,13.86000,9.55555,5.04701,1.36747,6.90165,13.90000,9.34931,0.00000,0.00000,0.00000,0.00000,0.00000,0.00000,0.00000,0.00000,0.00000,0.00000,13.81029,18.90486
11-1,1783317963.124864,2026-07-06T13:06:03.124864,5.08298,1.35917,6.90864,13.86000,10.24679,5.05501,1.36747,6.91259,13.90000,10.04094,0.00000,0.00000,0.00000,0.00000,0.00000,0.00000,0.00000,0.00000,0.00000,0.00000,13.82123,20.28774
11-1,1783317963.224920,2026-07-06T13:06:03.224920,5.08388,1.34257,6.82547,13.69000,10.92972,5.05101,1.36747,6.90712,13.90000,10.73204,0.00000,0.00000,0.00000,0.00000,0.00000,0.00000,0.00000,0.00000,0.00000,0.00000,13.73259,21.66177
11-1,1783317963.324975,2026-07-06T13:06:03.324975,5.08415,1.33769,6.80100,13.64000,11.61020,5.05075,1.37333,6.93636,13.96000,11.42606,0.00000,0.00000,0.00000,0.00000,0.00000,0.00000,0.00000,0.00000,0.00000,0.00000,13.73736,23.03626
11-1,1783317963.425029,2026-07-06T13:06:03.425029,5.07860,1.36601,6.93742,13.93000,12.30432,5.05110,1.36552,6.89738,13.88000,12.11617,0.00000,0.00000,0.00000,0.00000,0.00000,0.00000,0.00000,0.00000,0.00000,0.00000,13.83480,24.42049
11-1,1783317963.525084,2026-07-06T13:06:03.525084,5.08260,1.36601,6.94288,13.93000,12.99898,5.05817,1.38603,7.01077,14.09000,12.81763,0.00000,0.00000,0.00000,0.00000,0.00000,0.00000,0.00000,0.00000,0.00000,0.00000,13.95365,25.81662
11-1,1783317963.625138,2026-07-06T13:06:03.625138,5.07546,1.35038,6.85381,13.77000,13.68474,5.05417,1.38603,7.00523,14.09000,13.51853,0.00000,0.00000,0.00000,0.00000,0.00000,0.00000,0.00000,0.00000,0.00000,0.00000,13.85904,27.20327
11-1,1783317963.725193,2026-07-06T13:06:03.725193,5.08378,1.34452,6.83526,13.71000,14.36864,5.05070,1.37431,6.94123,13.97000,14.21304,0.00000,0.00000,0.00000,0.00000,0.00000,0.00000,0.00000,0.00000,0.00000,0.00000,13.77649,28.58168
11-1,1783317963.825247,2026-07-06T13:06:03.825247,5.08404,1.33964,6.81079,13.66000,15.05008,5.05101,1.36747,6.90712,13.90000,14.90412,0.00000,0.00000,0.00000,0.00000,0.00000,0.00000,0.00000,0.00000,0.00000,0.00000,13.71791,29.95420
11-1,1783317963.925302,2026-07-06T13:06:03.925302,5.08682,1.36210,6.92876,13.89000,15.74334,5.05466,1.37529,6.95160,13.98000,15.59966,0.00000,0.00000,0.00000,0.00000,0.00000,0.00000,0.00000,0.00000,0.00000,0.00000,13.88036,31.34300
11-1,1783317964.025355,2026-07-06T13:06:04.025355,5.08282,1.36210,6.92332,13.89000,16.43604,5.05866,1.37529,6.95710,13.98000,16.29575,0.00000,0.00000,0.00000,0.00000,0.00000,0.00000,0.00000,0.00000,0.00000,0.00000,13.88042,32.73179
11-1,1783317964.125410,2026-07-06T13:06:04.125410,5.08244,1.36894,6.95755,13.96000,17.13218,5.05781,1.39409,7.05101,14.17000,17.00123,0.00000,0.00000,0.00000,0.00000,0.00000,0.00000,0.00000,0.00000,0.00000,0.00000,14.00856,34.13341
11-1,1783317964.225440,2026-07-06T13:06:04.225440,5.08181,1.38066,7.01623,14.08000,17.83401,5.05892,1.36943,6.92782,13.92000,17.69422,0.00000,0.00000,0.00000,0.00000,0.00000,0.00000,0.00000,0.00000,0.00000,0.00000,13.94405,35.52823
11-1,1783317964.325494,2026-07-06T13:06:04.325494,5.07972,1.34550,6.83477,13.72000,18.51786,5.05906,1.36650,6.91318,13.89000,18.38591,0.00000,0.00000,0.00000,0.00000,0.00000,0.00000,0.00000,0.00000,0.00000,0.00000,13.74795,36.90377
11-1,1783317964.425549,2026-07-06T13:06:04.425549,5.08372,1.34550,6.84015,13.72000,19.20225,5.05501,1.36747,6.91259,13.90000,19.07755,0.00000,0.00000,0.00000,0.00000,0.00000,0.00000,0.00000,0.00000,0.00000,0.00000,13.75274,38.27980
11-1,1783317964.525604,2026-07-06T13:06:04.525604,5.07567,1.34648,6.83427,13.73000,19.88605,5.05501,1.36747,6.91259,13.90000,19.76919,0.00000,0.00000,0.00000,0.00000,0.00000,0.00000,0.00000,0.00000,0.00000,0.00000,13.74686,39.65524
11-1,1783317964.625659,2026-07-06T13:06:04.625659,5.07567,1.34648,6.83427,13.73000,20.56985,5.05391,1.39189,7.03447,14.15000,20.47302,0.00000,0.00000,0.00000,0.00000,0.00000,0.00000,0.00000,0.00000,0.00000,0.00000,13.86874,41.04287
11-1,1783317964.725713,2026-07-06T13:06:04.725713,5.08383,1.34355,6.83036,13.70000,21.25326,5.05367,1.39702,7.06006,14.20000,21.17942,0.00000,0.00000,0.00000,0.00000,0.00000,0.00000,0.00000,0.00000,0.00000,0.00000,13.89042,42.43268
11-1,1783317964.825769,2026-07-06T13:06:04.825769,5.07983,1.34355,6.82499,13.70000,21.93614,5.05497,1.36845,6.91747,13.91000,21.87155,0.00000,0.00000,0.00000,0.00000,0.00000,0.00000,0.00000,0.00000,0.00000,0.00000,13.74246,43.80768
11-1,1783317964.925823,2026-07-06T13:06:04.925823,5.08042,1.33280,6.77120,13.59000,22.61362,5.05497,1.36845,6.91747,13.91000,22.56367,0.00000,0.00000,0.00000,0.00000,0.00000,0.00000,0.00000,0.00000,0.00000,0.00000,13.68867,45.17729
11-1,1783317965.025878,2026-07-06T13:06:05.025878,5.07988,1.34257,6.82010,13.69000,23.29601,5.05883,1.37138,6.93758,13.94000,23.25781,0.00000,0.00000,0.00000,0.00000,0.00000,0.00000,0.00000,0.00000,0.00000,0.00000,13.75768,46.55382
11-1,1783317965.125932,2026-07-06T13:06:05.125932,5.07988,1.34257,6.82010,13.69000,23.97839,5.05870,1.37431,6.95222,13.97000,23.95341,0.00000,0.00000,0.00000,0.00000,0.00000,0.00000,0.00000,0.00000,0.00000,0.00000,13.77232,47.93180
11-1,1783317965.225988,2026-07-06T13:06:05.225988,5.08378,1.34452,6.83526,13.71000,24.66230,5.05088,1.37040,6.92174,13.93000,24.64596,0.00000,0.00000,0.00000,0.00000,0.00000,0.00000,0.00000,0.00000,0.00000,0.00000,13.75700,49.30826
11-1,1783317965.326046,2026-07-06T13:06:05.326046,5.08378,1.34452,6.83526,13.71000,25.34622,5.05488,1.37040,6.92722,13.93000,25.33909,0.00000,0.00000,0.00000,0.00000,0.00000,0.00000,0.00000,0.00000,0.00000,0.00000,13.76248,50.68530
11-1,1783317965.426100,2026-07-06T13:06:05.426100,5.07999,1.34062,6.81032,13.67000,26.02762,5.05879,1.37236,6.94246,13.95000,26.03372,0.00000,0.00000,0.00000,0.00000,0.00000,0.00000,0.00000,0.00000,0.00000,0.00000,13.75278,52.06134
11-1,1783317965.526155,2026-07-06T13:06:05.526155,5.07999,1.34062,6.81032,13.67000,26.70903,5.05791,1.39189,7.04004,14.15000,26.73810,0.00000,0.00000,0.00000,0.00000,0.00000,0.00000,0.00000,0.00000,0.00000,0.00000,13.85036,53.44713
11-1,1783317965.626212,2026-07-06T13:06:05.626212,5.08378,1.34452,6.83526,13.71000,27.39294,5.05781,1.39409,7.05101,14.17000,27.44360,0.00000,0.00000,0.00000,0.00000,0.00000,0.00000,0.00000,0.00000,0.00000,0.00000,13.88627,54.83654
11-1,1783317965.726267,2026-07-06T13:06:05.726267,5.08378,1.34452,6.83526,13.71000,28.07685,5.05381,1.39409,7.04544,14.17000,28.14854,0.00000,0.00000,0.00000,0.00000,0.00000,0.00000,0.00000,0.00000,0.00000,0.00000,13.88070,56.22539
11-1,1783317965.826322,2026-07-06T13:06:05.826322,5.08378,1.34452,6.83526,13.71000,28.76075,5.04981,1.39409,7.03986,14.17000,28.85291,0.00000,0.00000,0.00000,0.00000,0.00000,0.00000,0.00000,0.00000,0.00000,0.00000,13.87512,57.61366
11-1,1783317965.926376,2026-07-06T13:06:05.926376,5.08351,1.34941,6.85972,13.76000,29.44709,5.04981,1.39409,7.03986,14.17000,29.55728,0.00000,0.00000,0.00000,0.00000,0.00000,0.00000,0.00000,0.00000,0.00000,0.00000,13.89958,59.00437
11-1,1783317966.026431,2026-07-06T13:06:06.026431,5.06767,1.34648,6.82350,13.73000,30.12981,5.05386,1.39286,7.03935,14.16000,30.26160,0.00000,0.00000,0.00000,0.00000,0.00000,0.00000,0.00000,0.00000,0.00000,0.00000,13.86285,60.39141
11-1,1783317966.126485,2026-07-06T13:06:06.126485,5.07567,1.34648,6.83427,13.73000,30.81361,5.05786,1.39286,7.04492,14.16000,30.96647,0.00000,0.00000,0.00000,0.00000,0.00000,0.00000,0.00000,0.00000,0.00000,0.00000,13.87919,61.78008
11-1,1783317966.226539,2026-07-06T13:06:06.226539,5.07855,1.36699,6.94230,13.94000,31.50822,5.05399,1.38993,7.02472,14.13000,31.66933,0.00000,0.00000,0.00000,0.00000,0.00000,0.00000,0.00000,0.00000,0.00000,0.00000,13.96702,63.17754
11-1,1783317966.326593,2026-07-06T13:06:06.326593,5.07796,1.37773,6.99605,14.05000,32.20820,5.05391,1.39189,7.03447,14.15000,32.37315,0.00000,0.00000,0.00000,0.00000,0.00000,0.00000,0.00000,0.00000,0.00000,0.00000,14.03052,64.58135
11-1,1783317966.426648,2026-07-06T13:06:06.426648,5.07412,1.37480,6.97590,14.02000,32.90617,5.05386,1.39286,7.03935,14.16000,33.07747,0.00000,0.00000,0.00000,0.00000,0.00000,0.00000,0.00000,0.00000,0.00000,0.00000,14.01525,65.98364
11-1,1783317966.526703,2026-07-06T13:06:06.526703,5.08212,1.37480,6.98689,14.02000,33.60524,5.05386,1.39286,7.03935,14.16000,33.78179,0.00000,0.00000,0.00000,0.00000,0.00000,0.00000,0.00000,0.00000,0.00000,0.00000,14.02624,67.38703
11-1,1783317966.626757,2026-07-06T13:06:06.626757,5.08196,1.37773,7.00156,14.05000,34.30578,5.05004,1.38896,7.01429,14.12000,34.48360,0.00000,0.00000,0.00000,0.00000,0.00000,0.00000,0.00000,0.00000,0.00000,0.00000,14.01585,68.78938
11-1,1783317966.726812,2026-07-06T13:06:06.726812,5.08308,1.35722,6.89886,13.84000,34.99604,5.05052,1.37822,6.96071,14.01000,35.18006,0.00000,0.00000,0.00000,0.00000,0.00000,0.00000,0.00000,0.00000,0.00000,0.00000,13.85957,70.17610
11-1,1783317966.826867,2026-07-06T13:06:06.826867,5.08335,1.35234,6.87440,13.79000,35.68386,5.05110,1.36552,6.89738,13.88000,35.87017,0.00000,0.00000,0.00000,0.00000,0.00000,0.00000,0.00000,0.00000,0.00000,0.00000,13.77178,71.55404
11-1,1783317966.926922,2026-07-06T13:06:06.926922,5.08287,1.36113,6.91842,13.88000,36.37608,5.05510,1.36552,6.90284,13.88000,36.56084,0.00000,0.00000,0.00000,0.00000,0.00000,0.00000,0.00000,0.00000,0.00000,0.00000,13.82126,72.93692
11-1,1783317967.026976,2026-07-06T13:06:07.026976,5.07887,1.36113,6.91298,13.88000,37.06776,5.05488,1.37040,6.92722,13.93000,37.25393,0.00000,0.00000,0.00000,0.00000,0.00000,0.00000,0.00000,0.00000,0.00000,0.00000,13.84020,74.32169
11-1,1783317967.127031,2026-07-06T13:06:07.127031,5.08612,1.37480,6.99239,14.02000,37.76738,5.05475,1.37333,6.94185,13.96000,37.94850,0.00000,0.00000,0.00000,0.00000,0.00000,0.00000,0.00000,0.00000,0.00000,0.00000,13.93424,75.71588
11-1,1783317967.227087,2026-07-06T13:06:07.227087,5.08591,1.37870,7.01197,14.06000,38.46897,5.04967,1.39702,7.05447,14.20000,38.65434,0.00000,0.00000,0.00000,0.00000,0.00000,0.00000,0.00000,0.00000,0.00000,0.00000,14.06644,77.12330
12-1,1783317967.327144,2026-07-06T13:06:07.327144,5.08844,1.25907,6.40671,12.84000,0.64104,5.05367,1.39702,7.06006,14.20000,0.70641,0.00000,0.00000,0.00000,0.00000,0.00000,0.00000,0.00000,0.00000,0.00000,0.00000,13.46677,1.34745
12-1,1783317967.427199,2026-07-06T13:06:07.427199,5.07244,1.25907,6.38656,12.84000,1.28005,5.05760,1.31034,6.62719,13.32000,1.36950,0.00000,0.00000,0.00000,0.00000,0.00000,0.00000,0.00000,0.00000,0.00000,0.00000,13.01375,2.64954
12-1,1783317967.527253,2026-07-06T13:06:07.527253,5.07562,1.34745,6.83916,13.74000,1.96433,5.05426,1.38408,6.99548,14.07000,2.06942,0.00000,0.00000,0.00000,0.00000,0.00000,0.00000,0.00000,0.00000,0.00000,0.00000,13.83464,4.03376
12-1,1783317967.627308,2026-07-06T13:06:07.627308,5.09429,1.00516,5.12056,10.25000,2.47667,5.07775,1.13041,5.73991,11.49000,2.64373,0.00000,0.00000,0.00000,0.00000,0.00000,0.00000,0.00000,0.00000,0.00000,0.00000,10.86047,5.12040
12-1,1783317967.727363,2026-07-06T13:06:07.727363,5.06308,1.35722,6.87171,13.84000,3.16422,5.06575,1.13041,5.72635,11.49000,3.21668,0.00000,0.00000,0.00000,0.00000,0.00000,0.00000,0.00000,0.00000,0.00000,0.00000,12.59806,6.38089
12-1,1783317967.827416,2026-07-06T13:06:07.827416,5.08308,1.35722,6.89886,13.84000,3.85447,5.05488,1.37040,6.92722,13.93000,3.90977,0.00000,0.00000,0.00000,0.00000,0.00000,0.00000,0.00000,0.00000,0.00000,0.00000,13.82608,7.76424
12-1,1783317967.927470,2026-07-06T13:06:07.927470,5.08010,1.33866,6.80054,13.65000,4.53489,5.05514,1.36454,6.89796,13.87000,4.59993,0.00000,0.00000,0.00000,0.00000,0.00000,0.00000,0.00000,0.00000,0.00000,0.00000,13.69850,9.13482
12-1,1783317968.027524,2026-07-06T13:06:08.027524,5.08431,1.33476,6.78632,13.61000,5.21389,5.05883,1.37138,6.93758,13.94000,5.29407,0.00000,0.00000,0.00000,0.00000,0.00000,0.00000,0.00000,0.00000,0.00000,0.00000,13.72390,10.50796
12-1,1783317968.127579,2026-07-06T13:06:08.127579,5.08228,1.37187,6.97222,13.99000,5.91150,5.05083,1.37138,6.92661,13.94000,5.98711,0.00000,0.00000,0.00000,0.00000,0.00000,0.00000,0.00000,0.00000,0.00000,0.00000,13.89883,11.89861
12-1,1783317968.227633,2026-07-06T13:06:08.227633,5.08399,1.34062,6.81568,13.67000,6.59343,5.05510,1.36552,6.90284,13.88000,6.67777,0.00000,0.00000,0.00000,0.00000,0.00000,0.00000,0.00000,0.00000,0.00000,0.00000,13.71852,13.27121
12-1,1783317968.327689,2026-07-06T13:06:08.327689,5.08399,1.34062,6.81568,13.67000,7.27538,5.05523,1.36259,6.88821,13.85000,7.36697,0.00000,0.00000,0.00000,0.00000,0.00000,0.00000,0.00000,0.00000,0.00000,0.00000,13.70389,14.64235
12-1,1783317968.427743,2026-07-06T13:06:08.427743,5.08042,1.33280,6.77120,13.59000,7.95287,5.05510,1.36552,6.90284,13.88000,8.05763,0.00000,0.00000,0.00000,0.00000,0.00000,0.00000,0.00000,0.00000,0.00000,0.00000,13.67404,16.01050
12-1,1783317968.527797,2026-07-06T13:06:08.527797,5.07834,1.37089,6.96185,13.98000,8.64943,5.04710,1.36552,6.89192,13.88000,8.74720,0.00000,0.00000,0.00000,0.00000,0.00000,0.00000,0.00000,0.00000,0.00000,0.00000,13.85377,17.39663
12-1,1783317968.627851,2026-07-06T13:06:08.627851,5.08388,1.34257,6.82547,13.69000,9.33235,5.05914,1.36454,6.90342,13.87000,9.43791,0.00000,0.00000,0.00000,0.00000,0.00000,0.00000,0.00000,0.00000,0.00000,0.00000,13.72889,18.77026
12-1,1783317968.727906,2026-07-06T13:06:08.727906,5.07588,1.34257,6.81473,13.69000,10.01419,5.05791,1.39189,7.04004,14.15000,10.14230,0.00000,0.00000,0.00000,0.00000,0.00000,0.00000,0.00000,0.00000,0.00000,0.00000,13.85477,20.15649
12-1,1783317968.827960,2026-07-06T13:06:08.827960,5.08815,1.33769,6.80635,13.64000,10.69519,5.05906,1.36650,6.91318,13.89000,10.83399,0.00000,0.00000,0.00000,0.00000,0.00000,0.00000,0.00000,0.00000,0.00000,0.00000,13.71953,21.52919
12-1,1783317968.928016,2026-07-06T13:06:08.928016,5.08660,1.36601,6.94834,13.93000,11.39041,5.05506,1.36650,6.90772,13.89000,11.52515,0.00000,0.00000,0.00000,0.00000,0.00000,0.00000,0.00000,0.00000,0.00000,0.00000,13.85606,22.91556
12-1,1783317969.028070,2026-07-06T13:06:09.028070,5.08671,1.36406,6.93855,13.91000,12.08465,5.05938,1.35942,6.87780,13.82000,12.21330,0.00000,0.00000,0.00000,0.00000,0.00000,0.00000,0.00000,0.00000,0.00000,0.00000,13.81635,24.29795
12-1,1783317969.128124,2026-07-06T13:06:09.128124,5.08271,1.36406,6.93310,13.91000,12.77833,5.05799,1.38993,7.03028,14.13000,12.91671,0.00000,0.00000,0.00000,0.00000,0.00000,0.00000,0.00000,0.00000,0.00000,0.00000,13.96338,25.69504
12-1,1783317969.228177,2026-07-06T13:06:09.228177,5.07583,1.34355,6.81961,13.70000,13.46066,5.05492,1.36943,6.92234,13.92000,13.60931,0.00000,0.00000,0.00000,0.00000,0.00000,0.00000,0.00000,0.00000,0.00000,0.00000,13.74195,27.06997
12-1,1783317969.328232,2026-07-06T13:06:09.328232,5.07594,1.34159,6.80984,13.68000,14.14201,5.05492,1.36943,6.92234,13.92000,14.30192,0.00000,0.00000,0.00000,0.00000,0.00000,0.00000,0.00000,0.00000,0.00000,0.00000,13.73218,28.44393
12-1,1783317969.428286,2026-07-06T13:06:09.428286,5.08287,1.36113,6.91842,13.88000,14.83423,5.05523,1.36259,6.88821,13.85000,14.99112,0.00000,0.00000,0.00000,0.00000,0.00000,0.00000,0.00000,0.00000,0.00000,0.00000,13.80663,29.82534
12-1,1783317969.528340,2026-07-06T13:06:09.528340,5.08239,1.36991,6.96244,13.97000,15.53084,5.05367,1.39702,7.06006,14.20000,15.69750,0.00000,0.00000,0.00000,0.00000,0.00000,0.00000,0.00000,0.00000,0.00000,0.00000,14.02250,31.22835
12-1,1783317969.628395,2026-07-06T13:06:09.628395,5.08239,1.36991,6.96244,13.97000,16.22747,5.05497,1.36845,6.91747,13.91000,16.38963,0.00000,0.00000,0.00000,0.00000,0.00000,0.00000,0.00000,0.00000,0.00000,0.00000,13.87991,32.61710
12-1,1783317969.728449,2026-07-06T13:06:09.728449,5.08660,1.36601,6.94834,13.93000,16.92268,5.05497,1.36845,6.91747,13.91000,17.08175,0.00000,0.00000,0.00000,0.00000,0.00000,0.00000,0.00000,0.00000,0.00000,0.00000,13.86581,34.00443
12-1,1783317969.828503,2026-07-06T13:06:09.828503,5.08783,1.34355,6.83574,13.70000,17.60663,5.05497,1.36845,6.91747,13.91000,17.77388,0.00000,0.00000,0.00000,0.00000,0.00000,0.00000,0.00000,0.00000,0.00000,0.00000,13.75321,35.38051
12-1,1783317969.928558,2026-07-06T13:06:09.928558,5.07967,1.34648,6.83966,13.73000,18.29097,5.05479,1.37236,6.93697,13.95000,18.46795,0.00000,0.00000,0.00000,0.00000,0.00000,0.00000,0.00000,0.00000,0.00000,0.00000,13.77663,36.75892
12-1,1783317970.028612,2026-07-06T13:06:10.028612,5.07967,1.34648,6.83966,13.73000,18.97531,5.05395,1.39091,7.02960,14.14000,19.17129,0.00000,0.00000,0.00000,0.00000,0.00000,0.00000,0.00000,0.00000,0.00000,0.00000,13.86926,38.14660
12-1,1783317970.128667,2026-07-06T13:06:10.128667,5.08378,1.34452,6.83526,13.71000,19.65920,5.05395,1.39091,7.02960,14.14000,19.87464,0.00000,0.00000,0.00000,0.00000,0.00000,0.00000,0.00000,0.00000,0.00000,0.00000,13.86486,39.53384
12-1,1783317970.228721,2026-07-06T13:06:10.228721,5.08404,1.33964,6.81079,13.66000,20.34065,5.05421,1.38505,7.00035,14.08000,20.57505,0.00000,0.00000,0.00000,0.00000,0.00000,0.00000,0.00000,0.00000,0.00000,0.00000,13.81114,40.91570
12-1,1783317970.328779,2026-07-06T13:06:10.328779,5.08367,1.34648,6.84504,13.73000,21.02555,5.05492,1.36943,6.92234,13.92000,21.26768,0.00000,0.00000,0.00000,0.00000,0.00000,0.00000,0.00000,0.00000,0.00000,0.00000,13.76738,42.29323
12-1,1783317970.428833,2026-07-06T13:06:10.428833,5.08767,1.34648,6.85043,13.73000,21.71097,5.04679,1.37236,6.92599,13.95000,21.96066,0.00000,0.00000,0.00000,0.00000,0.00000,0.00000,0.00000,0.00000,0.00000,0.00000,13.77642,43.67163
12-1,1783317970.528887,2026-07-06T13:06:10.528887,5.08692,1.36015,6.91897,13.87000,22.40324,5.05079,1.37236,6.93148,13.95000,22.65418,0.00000,0.00000,0.00000,0.00000,0.00000,0.00000,0.00000,0.00000,0.00000,0.00000,13.85045,45.05742
12-1,1783317970.628942,2026-07-06T13:06:10.628942,5.08655,1.36699,6.95324,13.94000,23.09894,5.05528,1.36161,6.88333,13.84000,23.34289,0.00000,0.00000,0.00000,0.00000,0.00000,0.00000,0.00000,0.00000,0.00000,0.00000,13.83657,46.44184
12-1,1783317970.728996,2026-07-06T13:06:10.728996,5.08639,1.36991,6.96792,13.97000,23.79611,5.05413,1.38701,7.01010,14.10000,24.04428,0.00000,0.00000,0.00000,0.00000,0.00000,0.00000,0.00000,0.00000,0.00000,0.00000,13.97802,47.84039
12-1,1783317970.829050,2026-07-06T13:06:10.829050,5.08639,1.36991,6.96792,13.97000,24.49328,5.05781,1.39409,7.05101,14.17000,24.74977,0.00000,0.00000,0.00000,0.00000,0.00000,0.00000,0.00000,0.00000,0.00000,0.00000,14.01893,49.24305
12-1,1783317970.929106,2026-07-06T13:06:10.929106,5.08623,1.37284,6.98261,14.00000,25.19193,5.05381,1.39409,7.04544,14.17000,25.45470,0.00000,0.00000,0.00000,0.00000,0.00000,0.00000,0.00000,0.00000,0.00000,0.00000,14.02805,50.64663
12-1,1783317971.029160,2026-07-06T13:06:11.029160,5.08234,1.37089,6.96733,13.98000,25.88904,5.05354,1.39995,7.07468,14.23000,26.16255,0.00000,0.00000,0.00000,0.00000,0.00000,0.00000,0.00000,0.00000,0.00000,0.00000,14.04201,52.05160
12-1,1783317971.129215,2026-07-06T13:06:11.129215,5.08212,1.37480,6.98689,14.02000,26.58812,5.05350,1.40092,7.07955,14.24000,26.87090,0.00000,0.00000,0.00000,0.00000,0.00000,0.00000,0.00000,0.00000,0.00000,0.00000,14.06644,53.45901
12-1,1783317971.229270,2026-07-06T13:06:11.229270,5.08628,1.37187,6.97771,13.99000,27.28627,5.06208,1.38798,7.02608,14.11000,27.57390,0.00000,0.00000,0.00000,0.00000,0.00000,0.00000,0.00000,0.00000,0.00000,0.00000,14.00379,54.86017
12-1,1783317971.329324,2026-07-06T13:06:11.329324,5.08228,1.37187,6.97222,13.99000,27.98387,5.05408,1.38798,7.01497,14.11000,28.27577,0.00000,0.00000,0.00000,0.00000,0.00000,0.00000,0.00000,0.00000,0.00000,0.00000,13.98719,56.25963
12-1,1783317971.429379,2026-07-06T13:06:11.429379,5.07002,1.37675,6.98015,14.04000,28.68226,5.05048,1.37919,6.96558,14.02000,28.97271,0.00000,0.00000,0.00000,0.00000,0.00000,0.00000,0.00000,0.00000,0.00000,0.00000,13.94573,57.65497
12-1,1783317971.529433,2026-07-06T13:06:11.529433,5.07050,1.36796,6.93625,13.95000,29.37627,5.05070,1.37431,6.94123,13.97000,29.66721,0.00000,0.00000,0.00000,0.00000,0.00000,0.00000,0.00000,0.00000,0.00000,0.00000,13.87748,59.04347
12-1,1783317971.629487,2026-07-06T13:06:11.629487,5.08399,1.34062,6.81568,13.67000,30.05820,5.05470,1.37431,6.94672,13.97000,30.36225,0.00000,0.00000,0.00000,0.00000,0.00000,0.00000,0.00000,0.00000,0.00000,0.00000,13.76240,60.42046
12-1,1783317971.729542,2026-07-06T13:06:11.729542,5.08799,1.34062,6.82105,13.67000,30.74068,5.04670,1.37431,6.93573,13.97000,31.05621,0.00000,0.00000,0.00000,0.00000,0.00000,0.00000,0.00000,0.00000,0.00000,0.00000,13.75678,61.79688
12-1,1783317971.829596,2026-07-06T13:06:11.829596,5.09140,1.35136,6.88032,13.78000,31.42909,5.05048,1.37919,6.96558,14.02000,31.75314,0.00000,0.00000,0.00000,0.00000,0.00000,0.00000,0.00000,0.00000,0.00000,0.00000,13.84590,63.18223
12-1,1783317971.929651,2026-07-06T13:06:11.929651,5.09130,1.35331,6.89012,13.80000,32.11848,5.05035,1.38212,6.98020,14.05000,32.45155,0.00000,0.00000,0.00000,0.00000,0.00000,0.00000,0.00000,0.00000,0.00000,0.00000,13.87032,64.57002
12-1,1783317972.029705,2026-07-06T13:06:12.029705,5.08671,1.36406,6.93855,13.91000,32.81271,5.04981,1.39409,7.03986,14.17000,33.15591,0.00000,0.00000,0.00000,0.00000,0.00000,0.00000,0.00000,0.00000,0.00000,0.00000,13.97841,65.96862
12-1,1783317972.129761,2026-07-06T13:06:12.129761,5.08271,1.36406,6.93310,13.91000,33.50641,5.05781,1.39409,7.05101,14.17000,33.86141,0.00000,0.00000,0.00000,0.00000,0.00000,0.00000,0.00000,0.00000,0.00000,0.00000,13.98411,67.36782
12-1,1783317972.229816,2026-07-06T13:06:12.229816,5.08165,1.38359,7.03090,14.11000,34.20988,5.05336,1.40385,7.09417,14.27000,34.57121,0.00000,0.00000,0.00000,0.00000,0.00000,0.00000,0.00000,0.00000,0.00000,0.00000,14.12507,68.78109
12-1,1783317972.329870,2026-07-06T13:06:12.329870,5.08207,1.37577,6.99178,14.03000,34.90944,5.05354,1.39995,7.07468,14.23000,35.27907,0.00000,0.00000,0.00000,0.00000,0.00000,0.00000,0.00000,0.00000,0.00000,0.00000,14.06646,70.18851
12-1,1783317972.429925,2026-07-06T13:06:12.429925,5.08196,1.37773,7.00156,14.05000,35.60998,5.04963,1.39799,7.05934,14.21000,35.98539,0.00000,0.00000,0.00000,0.00000,0.00000,0.00000,0.00000,0.00000,0.00000,0.00000,14.06090,71.59537
12-1,1783317972.529980,2026-07-06T13:06:12.529980,5.07978,1.34452,6.82988,13.71000,36.29334,5.05763,1.39799,7.07052,14.21000,36.69283,0.00000,0.00000,0.00000,0.00000,0.00000,0.00000,0.00000,0.00000,0.00000,0.00000,13.90040,72.98617
12-1,1783317972.630034,2026-07-06T13:06:12.630034,5.08378,1.34452,6.83526,13.71000,36.97724,5.05767,1.39702,7.06565,14.20000,37.39977,0.00000,0.00000,0.00000,0.00000,0.00000,0.00000,0.00000,0.00000,0.00000,0.00000,13.90091,74.37701
12-1,1783317972.730088,2026-07-06T13:06:12.730088,5.07946,1.35038,6.85921,13.77000,37.66353,5.05767,1.39702,7.06565,14.20000,38.10673,0.00000,0.00000,0.00000,0.00000,0.00000,0.00000,0.00000,0.00000,0.00000,0.00000,13.92486,75.77026
12-1,1783317972.830143,2026-07-06T13:06:12.830143,5.07765,1.38359,7.02536,14.11000,38.36645,5.05444,1.38017,6.97598,14.03000,38.80470,0.00000,0.00000,0.00000,0.00000,0.00000,0.00000,0.00000,0.00000,0.00000,0.00000,14.00134,77.17115
12-1,1783317972.930197,2026-07-06T13:06:12.930197,5.08191,1.37870,7.00645,14.06000,39.06748,5.05444,1.38017,6.97598,14.03000,39.50268,0.00000,0.00000,0.00000,0.00000,0.00000,0.00000,0.00000,0.00000,0.00000,0.00000,13.98243,78.57016
12-1,1783317973.030252,2026-07-06T13:06:13.030252,5.08191,1.37870,7.00645,14.06000,39.76850,5.05470,1.37431,6.94672,13.97000,40.19773,0.00000,0.00000,0.00000,0.00000,0.00000,0.00000,0.00000,0.00000,0.00000,0.00000,13.95317,79.96623
12-1,1783317973.130306,2026-07-06T13:06:13.130306,5.08298,1.35917,6.90864,13.86000,40.45974,5.05066,1.37529,6.94610,13.98000,40.89272,0.00000,0.00000,0.00000,0.00000,0.00000,0.00000,0.00000,0.00000,0.00000,0.00000,13.85474,81.35246
12-1,1783317973.230362,2026-07-06T13:06:13.230362,5.08308,1.35722,6.89886,13.84000,41.15001,5.04945,1.40190,7.07882,14.25000,41.60100,0.00000,0.00000,0.00000,0.00000,0.00000,0.00000,0.00000,0.00000,0.00000,0.00000,13.97768,82.75101
12-1,1783317973.330416,2026-07-06T13:06:13.330416,5.08196,1.37773,7.00156,14.05000,41.85055,5.05367,1.39702,7.06006,14.20000,42.30738,0.00000,0.00000,0.00000,0.00000,0.00000,0.00000,0.00000,0.00000,0.00000,0.00000,14.06162,84.15793
12-1,1783317973.430471,2026-07-06T13:06:13.430471,5.08596,1.37773,7.00707,14.05000,42.55164,5.05367,1.39702,7.06006,14.20000,43.01378,0.00000,0.00000,0.00000,0.00000,0.00000,0.00000,0.00000,0.00000,0.00000,0.00000,14.06713,85.56541
12-1,1783317973.530525,2026-07-06T13:06:13.530525,5.08186,1.37968,7.01134,14.07000,43.25315,5.04967,1.39702,7.05447,14.20000,43.71961,0.00000,0.00000,0.00000,0.00000,0.00000,0.00000,0.00000,0.00000,0.00000,0.00000,14.06581,86.97276
12-1,1783317973.630580,2026-07-06T13:06:13.630580,5.08335,1.35234,6.87440,13.79000,43.94097,5.05083,1.37138,6.92661,13.94000,44.41265,0.00000,0.00000,0.00000,0.00000,0.00000,0.00000,0.00000,0.00000,0.00000,0.00000,13.80101,88.35362
12-1,1783317973.730634,2026-07-06T13:06:13.730634,5.07754,1.38554,7.03513,14.13000,44.64487,5.05413,1.38701,7.01010,14.10000,45.11404,0.00000,0.00000,0.00000,0.00000,0.00000,0.00000,0.00000,0.00000,0.00000,0.00000,14.04523,89.75890
12-1,1783317973.830688,2026-07-06T13:06:13.830688,5.08596,1.37773,7.00707,14.05000,45.34595,5.05413,1.38701,7.01010,14.10000,45.81543,0.00000,0.00000,0.00000,0.00000,0.00000,0.00000,0.00000,0.00000,0.00000,0.00000,14.01717,91.16138
13-1,1783317973.930745,2026-07-06T13:06:13.930745,5.08596,1.37773,7.00707,14.05000,0.70110,5.05363,1.39799,7.06493,14.21000,0.70689,0.00000,0.00000,0.00000,0.00000,0.00000,0.00000,0.00000,0.00000,0.00000,0.00000,14.07200,1.40799
13-1,1783317974.030800,2026-07-06T13:06:14.030800,5.08415,1.33769,6.80100,13.64000,1.38158,5.05492,1.36943,6.92234,13.92000,1.39951,0.00000,0.00000,0.00000,0.00000,0.00000,0.00000,0.00000,0.00000,0.00000,0.00000,13.72334,2.78108
13-1,1783317974.130854,2026-07-06T13:06:14.130854,5.08420,1.33671,6.79611,13.63000,2.06155,5.04958,1.48735,7.51050,15.12000,2.15096,0.00000,0.00000,0.00000,0.00000,0.00000,0.00000,0.00000,0.00000,0.00000,0.00000,14.30661,4.21252
13-1,1783317974.230909,2026-07-06T13:06:14.230909,5.11965,0.83352,4.26734,8.50000,2.48852,5.06558,1.48735,7.53429,15.12000,2.90480,0.00000,0.00000,0.00000,0.00000,0.00000,0.00000,0.00000,0.00000,0.00000,0.00000,11.80163,5.39333
13-1,1783317974.330966,2026-07-06T13:06:14.330966,5.09165,0.83352,4.24400,8.50000,2.91317,5.06491,1.14896,5.81938,11.68000,3.48708,0.00000,0.00000,0.00000,0.00000,0.00000,0.00000,0.00000,0.00000,0.00000,0.00000,10.06338,6.40025
13-1,1783317974.431021,2026-07-06T13:06:14.431021,5.08351,1.34941,6.85972,13.76000,3.59951,5.05404,1.38896,7.01985,14.12000,4.18944,0.00000,0.00000,0.00000,0.00000,0.00000,0.00000,0.00000,0.00000,0.00000,0.00000,13.87957,7.78896
13-1,1783317974.531075,2026-07-06T13:06:14.531075,5.08394,1.34159,6.82058,13.68000,4.28194,5.05928,1.36161,6.88878,13.84000,4.87869,0.00000,0.00000,0.00000,0.00000,0.00000,0.00000,0.00000,0.00000,0.00000,0.00000,13.70936,9.16063
14-1,1783317974.631131,2026-07-06T13:06:14.631131,5.08860,1.25614,6.39200,12.81000,0.63956,5.05128,1.36161,6.87789,13.84000,0.68817,0.00000,0.00000,0.00000,0.00000,0.00000,0.00000,0.00000,0.00000,0.00000,0.00000,13.26989,1.32773
14-1,1783317974.731185,2026-07-06T13:06:14.731185,5.08460,1.25614,6.38698,12.81000,1.27861,5.05377,1.30644,6.60243,13.28000,1.34878,0.00000,0.00000,0.00000,0.00000,0.00000,0.00000,0.00000,0.00000,0.00000,0.00000,12.98941,2.62738
14-1,1783317974.831240,2026-07-06T13:06:14.831240,5.08394,1.34159,6.82058,13.68000,1.96104,5.05066,1.37529,6.94610,13.98000,2.04377,0.00000,0.00000,0.00000,0.00000,0.00000,0.00000,0.00000,0.00000,0.00000,0.00000,13.76668,4.00480
14-1,1783317974.931293,2026-07-06T13:06:14.931293,5.07501,1.50517,7.63877,15.35000,2.72532,5.06714,1.01126,5.12420,10.28000,2.55646,0.00000,0.00000,0.00000,0.00000,0.00000,0.00000,0.00000,0.00000,0.00000,0.00000,12.76297,5.28178
14-1,1783317975.031348,2026-07-06T13:06:15.031348,5.08491,1.32377,6.73125,13.50000,3.39881,5.05114,1.01126,5.10802,10.28000,3.06754,0.00000,0.00000,0.00000,0.00000,0.00000,0.00000,0.00000,0.00000,0.00000,0.00000,11.83927,6.46635
14-1,1783317975.131402,2026-07-06T13:06:15.131402,5.08491,1.32377,6.73125,13.50000,4.07230,5.05595,1.34672,6.80895,13.69000,3.74880,0.00000,0.00000,0.00000,0.00000,0.00000,0.00000,0.00000,0.00000,0.00000,0.00000,13.54020,7.82110
14-1,1783317975.231456,2026-07-06T13:06:15.231456,5.08644,1.36894,6.96303,13.96000,4.76898,5.05510,1.36552,6.90284,13.88000,4.43946,0.00000,0.00000,0.00000,0.00000,0.00000,0.00000,0.00000,0.00000,0.00000,0.00000,13.86587,9.20844
14-1,1783317975.331513,2026-07-06T13:06:15.331513,5.08388,1.34257,6.82547,13.69000,5.45192,5.05417,1.38603,7.00523,14.09000,5.14038,0.00000,0.00000,0.00000,0.00000,0.00000,0.00000,0.00000,0.00000,0.00000,0.00000,13.83070,10.59230
14-1,1783317975.431567,2026-07-06T13:06:15.431567,5.08420,1.33671,6.79611,13.63000,6.13190,5.05417,1.38603,7.00523,14.09000,5.84129,0.00000,0.00000,0.00000,0.00000,0.00000,0.00000,0.00000,0.00000,0.00000,0.00000,13.80134,11.97319
14-1,1783317975.531621,2026-07-06T13:06:15.531621,5.08628,1.37187,6.97771,13.99000,6.83005,5.04706,1.36650,6.89678,13.89000,6.53134,0.00000,0.00000,0.00000,0.00000,0.00000,0.00000,0.00000,0.00000,0.00000,0.00000,13.87449,13.36138
14-1,1783317975.631675,2026-07-06T13:06:15.631675,5.07828,1.37187,6.96674,13.99000,7.52710,5.04706,1.36650,6.89678,13.89000,7.22139,0.00000,0.00000,0.00000,0.00000,0.00000,0.00000,0.00000,0.00000,0.00000,0.00000,13.86352,14.74848
14-1,1783317975.731730,2026-07-06T13:06:15.731730,5.07999,1.34062,6.81032,13.67000,8.20850,5.05506,1.36650,6.90772,13.89000,7.91254,0.00000,0.00000,0.00000,0.00000,0.00000,0.00000,0.00000,0.00000,0.00000,0.00000,13.71804,16.12104
14-1,1783317975.831785,2026-07-06T13:06:15.831785,5.08010,1.33866,6.80054,13.65000,8.88893,5.05506,1.36650,6.90772,13.89000,8.60369,0.00000,0.00000,0.00000,0.00000,0.00000,0.00000,0.00000,0.00000,0.00000,0.00000,13.70826,17.49262
14-1,1783317975.931839,2026-07-06T13:06:15.931839,5.08671,1.36406,6.93855,13.91000,9.58316,5.05910,1.36552,6.90830,13.88000,9.29489,0.00000,0.00000,0.00000,0.00000,0.00000,0.00000,0.00000,0.00000,0.00000,0.00000,13.84685,18.87805
14-1,1783317976.031894,2026-07-06T13:06:16.031894,5.07871,1.36406,6.92764,13.91000,10.27630,5.05795,1.39091,7.03516,14.14000,9.99879,0.00000,0.00000,0.00000,0.00000,0.00000,0.00000,0.00000,0.00000,0.00000,0.00000,13.96280,20.27509
14-1,1783317976.131949,2026-07-06T13:06:16.131949,5.07935,1.35234,6.86899,13.79000,10.96358,5.05510,1.36552,6.90284,13.88000,10.68946,0.00000,0.00000,0.00000,0.00000,0.00000,0.00000,0.00000,0.00000,0.00000,0.00000,13.77183,21.65304
14-1,1783317976.232003,2026-07-06T13:06:16.232003,5.07994,1.34159,6.81521,13.68000,11.64547,5.05110,1.36552,6.89738,13.88000,11.37957,0.00000,0.00000,0.00000,0.00000,0.00000,0.00000,0.00000,0.00000,0.00000,0.00000,13.71259,23.02504
14-1,1783317976.332058,2026-07-06T13:06:16.332058,5.08410,1.33866,6.80590,13.65000,12.32643,5.05914,1.36454,6.90342,13.87000,12.07029,0.00000,0.00000,0.00000,0.00000,0.00000,0.00000,0.00000,0.00000,0.00000,0.00000,13.70932,24.39673
14-1,1783317976.432113,2026-07-06T13:06:16.432113,5.08410,1.33866,6.80590,13.65000,13.00739,5.05791,1.39189,7.04004,14.15000,12.77468,0.00000,0.00000,0.00000,0.00000,0.00000,0.00000,0.00000,0.00000,0.00000,0.00000,13.84594,25.78207
14-1,1783317976.532167,2026-07-06T13:06:16.532167,5.08628,1.37187,6.97771,13.99000,13.70555,5.05492,1.36943,6.92234,13.92000,13.46729,0.00000,0.00000,0.00000,0.00000,0.00000,0.00000,0.00000,0.00000,0.00000,0.00000,13.90005,27.17284
14-1,1783317976.632221,2026-07-06T13:06:16.632221,5.08186,1.37968,7.01134,14.07000,14.40706,5.05092,1.36943,6.91687,13.92000,14.15935,0.00000,0.00000,0.00000,0.00000,0.00000,0.00000,0.00000,0.00000,0.00000,0.00000,13.92821,28.56641
14-1,1783317976.732276,2026-07-06T13:06:16.732276,5.08362,1.34745,6.84994,13.74000,15.09243,5.05901,1.36747,6.91806,13.90000,14.85154,0.00000,0.00000,0.00000,0.00000,0.00000,0.00000,0.00000,0.00000,0.00000,0.00000,13.76800,29.94396
14-1,1783317976.832330,2026-07-06T13:06:16.832330,5.07978,1.34452,6.82988,13.71000,15.77578,5.05839,1.38115,6.98638,14.04000,15.55055,0.00000,0.00000,0.00000,0.00000,0.00000,0.00000,0.00000,0.00000,0.00000,0.00000,13.81626,31.32633
14-1,1783317976.932384,2026-07-06T13:06:16.932384,5.07978,1.34452,6.82988,13.71000,16.45914,5.05363,1.39799,7.06493,14.21000,16.25743,0.00000,0.00000,0.00000,0.00000,0.00000,0.00000,0.00000,0.00000,0.00000,0.00000,13.89481,32.71657
14-1,1783317977.032438,2026-07-06T13:06:17.032438,5.08356,1.34843,6.85483,13.75000,17.14499,5.05763,1.39799,7.07052,14.21000,16.96486,0.00000,0.00000,0.00000,0.00000,0.00000,0.00000,0.00000,0.00000,0.00000,0.00000,13.92535,34.10985
14-1,1783317977.132492,2026-07-06T13:06:17.132492,5.08420,1.33671,6.79611,13.63000,17.82497,5.05101,1.36747,6.90712,13.90000,17.65594,0.00000,0.00000,0.00000,0.00000,0.00000,0.00000,0.00000,0.00000,0.00000,0.00000,13.70323,35.48092
14-1,1783317977.232546,2026-07-06T13:06:17.232546,5.08660,1.36601,6.94834,13.93000,18.52018,5.05079,1.37236,6.93148,13.95000,18.34947,0.00000,0.00000,0.00000,0.00000,0.00000,0.00000,0.00000,0.00000,0.00000,0.00000,13.87982,36.86964
14-1,1783317977.332599,2026-07-06T13:06:17.332599,5.08260,1.36601,6.94288,13.93000,19.21484,5.05128,1.36161,6.87789,13.84000,19.03762,0.00000,0.00000,0.00000,0.00000,0.00000,0.00000,0.00000,0.00000,0.00000,0.00000,13.82077,38.25246
14-1,1783317977.432654,2026-07-06T13:06:17.432654,5.08228,1.37187,6.97222,13.99000,19.91244,5.05928,1.36161,6.88878,13.84000,19.72688,0.00000,0.00000,0.00000,0.00000,0.00000,0.00000,0.00000,0.00000,0.00000,0.00000,13.86100,39.63932
14-1,1783317977.532708,2026-07-06T13:06:17.532708,5.08244,1.36894,6.95755,13.96000,20.60857,5.05408,1.38798,7.01497,14.11000,20.42875,0.00000,0.00000,0.00000,0.00000,0.00000,0.00000,0.00000,0.00000,0.00000,0.00000,13.97252,41.03732
14-1,1783317977.632762,2026-07-06T13:06:17.632762,5.08218,1.37382,6.98200,14.01000,21.30715,5.05381,1.39409,7.04544,14.17000,21.13368,0.00000,0.00000,0.00000,0.00000,0.00000,0.00000,0.00000,0.00000,0.00000,0.00000,14.02744,42.44083
14-1,1783317977.732815,2026-07-06T13:06:17.732815,5.08218,1.37382,6.98200,14.01000,22.00572,5.05363,1.39799,7.06493,14.21000,21.84055,0.00000,0.00000,0.00000,0.00000,0.00000,0.00000,0.00000,0.00000,0.00000,0.00000,14.04693,43.84627
14-1,1783317977.832870,2026-07-06T13:06:17.832870,5.07834,1.37089,6.96185,13.98000,22.70229,5.05363,1.39799,7.06493,14.21000,22.54743,0.00000,0.00000,0.00000,0.00000,0.00000,0.00000,0.00000,0.00000,0.00000,0.00000,14.02678,45.24972
14-1,1783317977.932924,2026-07-06T13:06:17.932924,5.07786,1.37968,7.00582,14.07000,23.40325,5.05066,1.37529,6.94610,13.98000,23.24241,0.00000,0.00000,0.00000,0.00000,0.00000,0.00000,0.00000,0.00000,0.00000,0.00000,13.95192,46.64566
14-1,1783317978.032979,2026-07-06T13:06:18.032979,5.08207,1.37577,6.99178,14.03000,24.10281,5.05079,1.37236,6.93148,13.95000,23.93594,0.00000,0.00000,0.00000,0.00000,0.00000,0.00000,0.00000,0.00000,0.00000,0.00000,13.92326,48.03875
14-1,1783317978.133032,2026-07-06T13:06:18.133032,5.08186,1.37968,7.01134,14.07000,24.80432,5.05457,1.37724,6.96135,14.00000,24.63245,0.00000,0.00000,0.00000,0.00000,0.00000,0.00000,0.00000,0.00000,0.00000,0.00000,13.97269,49.43676
14-1,1783317978.233086,2026-07-06T13:06:18.233086,5.08986,1.37968,7.02238,14.07000,25.50693,5.05057,1.37724,6.95584,14.00000,25.32841,0.00000,0.00000,0.00000,0.00000,0.00000,0.00000,0.00000,0.00000,0.00000,0.00000,13.97822,50.83534
14-1,1783317978.333141,2026-07-06T13:06:18.333141,5.08602,1.37675,7.00218,14.04000,26.20754,5.05875,1.37333,6.94734,13.96000,26.02352,0.00000,0.00000,0.00000,0.00000,0.00000,0.00000,0.00000,0.00000,0.00000,0.00000,13.94952,52.23106
14-1,1783317978.433194,2026-07-06T13:06:18.433194,5.08612,1.37480,6.99239,14.02000,26.90715,5.05883,1.37138,6.93758,13.94000,26.71765,0.00000,0.00000,0.00000,0.00000,0.00000,0.00000,0.00000,0.00000,0.00000,0.00000,13.92997,53.62480
14-1,1783317978.533249,2026-07-06T13:06:18.533249,5.07818,1.37382,6.97651,14.01000,27.60518,5.04692,1.36943,6.91139,13.92000,27.40917,0.00000,0.00000,0.00000,0.00000,0.00000,0.00000,0.00000,0.00000,0.00000,0.00000,13.88790,55.01435
14-1,1783317978.633304,2026-07-06T13:06:18.633304,5.07018,1.37382,6.96552,14.01000,28.30211,5.05092,1.36943,6.91687,13.92000,28.10123,0.00000,0.00000,0.00000,0.00000,0.00000,0.00000,0.00000,0.00000,0.00000,0.00000,13.88239,56.40335
14-1,1783317978.733358,2026-07-06T13:06:18.733358,5.07828,1.37187,6.96674,13.99000,28.99917,5.05475,1.37333,6.94185,13.96000,28.79579,0.00000,0.00000,0.00000,0.00000,0.00000,0.00000,0.00000,0.00000,0.00000,0.00000,13.90859,57.79496
14-1,1783317978.833412,2026-07-06T13:06:18.833412,5.07812,1.37480,6.98139,14.02000,29.69768,5.05475,1.37333,6.94185,13.96000,29.49036,0.00000,0.00000,0.00000,0.00000,0.00000,0.00000,0.00000,0.00000,0.00000,0.00000,13.92324,59.18804
14-1,1783317978.933467,2026-07-06T13:06:18.933467,5.09114,1.35624,6.90482,13.83000,30.38854,5.04679,1.37236,6.92599,13.95000,30.18333,0.00000,0.00000,0.00000,0.00000,0.00000,0.00000,0.00000,0.00000,0.00000,0.00000,13.83081,60.57187
14-1,1783317979.033521,2026-07-06T13:06:19.033521,5.07914,1.35624,6.88854,13.83000,31.07777,5.05479,1.37236,6.93697,13.95000,30.87740,0.00000,0.00000,0.00000,0.00000,0.00000,0.00000,0.00000,0.00000,0.00000,0.00000,13.82551,61.95517
14-1,1783317979.133575,2026-07-06T13:06:19.133575,5.07972,1.34550,6.83477,13.72000,31.76161,5.05106,1.36650,6.90225,13.89000,31.56800,0.00000,0.00000,0.00000,0.00000,0.00000,0.00000,0.00000,0.00000,0.00000,0.00000,13.73702,63.32962
14-1,1783317979.233629,2026-07-06T13:06:19.233629,5.07951,1.34941,6.85432,13.76000,32.44742,5.05092,1.36943,6.91687,13.92000,32.26006,0.00000,0.00000,0.00000,0.00000,0.00000,0.00000,0.00000,0.00000,0.00000,0.00000,13.77119,64.70748
14-1,1783317979.333683,2026-07-06T13:06:19.333683,5.08207,1.37577,6.99178,14.03000,33.14698,5.05479,1.37236,6.93697,13.95000,32.95414,0.00000,0.00000,0.00000,0.00000,0.00000,0.00000,0.00000,0.00000,0.00000,0.00000,13.92875,66.10111
14-1,1783317979.433737,2026-07-06T13:06:19.433737,5.08607,1.37577,6.99729,14.03000,33.84708,5.05079,1.37236,6.93148,13.95000,33.64766,0.00000,0.00000,0.00000,0.00000,0.00000,0.00000,0.00000,0.00000,0.00000,0.00000,13.92877,67.49474
14-1,1783317979.533792,2026-07-06T13:06:19.533792,5.08207,1.37577,6.99178,14.03000,34.54664,5.05066,1.37529,6.94610,13.98000,34.34265,0.00000,0.00000,0.00000,0.00000,0.00000,0.00000,0.00000,0.00000,0.00000,0.00000,13.93788,68.88929
14-1,1783317979.633846,2026-07-06T13:06:19.633846,5.08607,1.37577,6.99729,14.03000,35.24675,5.05075,1.37333,6.93636,13.96000,35.03666,0.00000,0.00000,0.00000,0.00000,0.00000,0.00000,0.00000,0.00000,0.00000,0.00000,13.93365,70.28340
14-1,1783317979.733900,2026-07-06T13:06:19.733900,5.08687,1.36113,6.92387,13.88000,35.93951,5.04976,1.39506,7.04473,14.18000,35.74151,0.00000,0.00000,0.00000,0.00000,0.00000,0.00000,0.00000,0.00000,0.00000,0.00000,13.96860,71.68102
14-1,1783317979.833954,2026-07-06T13:06:19.833954,5.08698,1.35917,6.91408,13.86000,36.63129,5.05776,1.39506,7.05589,14.18000,36.44748,0.00000,0.00000,0.00000,0.00000,0.00000,0.00000,0.00000,0.00000,0.00000,0.00000,13.96997,73.07877
14-1,1783317979.934010,2026-07-06T13:06:19.934010,5.08298,1.35917,6.90864,13.86000,37.32255,5.05345,1.40190,7.08443,14.25000,37.15633,0.00000,0.00000,0.00000,0.00000,0.00000,0.00000,0.00000,0.00000,0.00000,0.00000,13.99307,74.47887
14-1,1783317980.034064,2026-07-06T13:06:20.034064,5.08549,1.38652,7.05111,14.14000,38.02804,5.05358,1.39897,7.06981,14.22000,37.86369,0.00000,0.00000,0.00000,0.00000,0.00000,0.00000,0.00000,0.00000,0.00000,0.00000,14.12092,75.89173
14-1,1783317980.134118,2026-07-06T13:06:20.134118,5.08623,1.37284,6.98261,14.00000,38.72667,5.05767,1.39702,7.06565,14.20000,38.57063,0.00000,0.00000,0.00000,0.00000,0.00000,0.00000,0.00000,0.00000,0.00000,0.00000,14.04826,77.29731
14-1,1783317980.234172,2026-07-06T13:06:20.234172,5.08228,1.37187,6.97222,13.99000,39.42427,5.04967,1.39702,7.05447,14.20000,39.27646,0.00000,0.00000,0.00000,0.00000,0.00000,0.00000,0.00000,0.00000,0.00000,0.00000,14.02669,78.70073
14-1,1783317980.334228,2026-07-06T13:06:20.334228,5.08228,1.37187,6.97222,13.99000,40.12188,5.05483,1.37138,6.93210,13.94000,39.97006,0.00000,0.00000,0.00000,0.00000,0.00000,0.00000,0.00000,0.00000,0.00000,0.00000,13.90432,80.09194
14-1,1783317980.434282,2026-07-06T13:06:20.434282,5.08340,1.35136,6.86951,13.78000,40.80921,5.05470,1.37431,6.94672,13.97000,40.66510,0.00000,0.00000,0.00000,0.00000,0.00000,0.00000,0.00000,0.00000,0.00000,0.00000,13.81623,81.47431
14-1,1783317980.534337,2026-07-06T13:06:20.534337,5.08181,1.38066,7.01623,14.08000,41.51121,5.04954,1.39995,7.06908,14.23000,41.37240,0.00000,0.00000,0.00000,0.00000,0.00000,0.00000,0.00000,0.00000,0.00000,0.00000,14.08531,82.88361
14-1,1783317980.634391,2026-07-06T13:06:20.634391,5.08191,1.37870,7.00645,14.06000,42.21224,5.05354,1.39995,7.07468,14.23000,42.08026,0.00000,0.00000,0.00000,0.00000,0.00000,0.00000,0.00000,0.00000,0.00000,0.00000,14.08113,84.29250
14-1,1783317980.734446,2026-07-06T13:06:20.734446,5.07791,1.37870,7.00094,14.06000,42.91272,5.05750,1.40092,7.08516,14.24000,42.78916,0.00000,0.00000,0.00000,0.00000,0.00000,0.00000,0.00000,0.00000,0.00000,0.00000,14.08610,85.70188
14-1,1783317980.834500,2026-07-06T13:06:20.834500,5.07930,1.35331,6.87388,13.80000,43.60048,5.05763,1.39799,7.07052,14.21000,43.49659,0.00000,0.00000,0.00000,0.00000,0.00000,0.00000,0.00000,0.00000,0.00000,0.00000,13.94440,87.09707
14-1,1783317980.934555,2026-07-06T13:06:20.934555,5.08570,1.38261,7.03154,14.10000,44.30401,5.05483,1.37138,6.93210,13.94000,44.19018,0.00000,0.00000,0.00000,0.00000,0.00000,0.00000,0.00000,0.00000,0.00000,0.00000,13.96364,88.49420
14-1,1783317981.034609,2026-07-06T13:06:21.034609,5.08591,1.37870,7.01197,14.06000,45.00559,5.05083,1.37138,6.92661,13.94000,44.88322,0.00000,0.00000,0.00000,0.00000,0.00000,0.00000,0.00000,0.00000,0.00000,0.00000,13.93858,89.88881
14-1,1783317981.134664,2026-07-06T13:06:21.134664,5.08751,1.34941,6.86512,13.76000,45.69248,5.05381,1.39409,7.04544,14.17000,45.58815,0.00000,0.00000,0.00000,0.00000,0.00000,0.00000,0.00000,0.00000,0.00000,0.00000,13.91056,91.28063
14-1,1783317981.234719,2026-07-06T13:06:21.234719,5.08351,1.34941,6.85972,13.76000,46.37883,5.05372,1.39604,7.05519,14.19000,46.29405,0.00000,0.00000,0.00000,0.00000,0.00000,0.00000,0.00000,0.00000,0.00000,0.00000,13.91491,92.67288
14-1,1783317981.334774,2026-07-06T13:06:21.334774,5.08991,1.37870,7.01748,14.06000,47.08096,5.05786,1.39286,7.04492,14.16000,46.99893,0.00000,0.00000,0.00000,0.00000,0.00000,0.00000,0.00000,0.00000,0.00000,0.00000,14.06240,94.07990
14-1,1783317981.434827,2026-07-06T13:06:21.434827,5.08970,1.38261,7.03707,14.10000,47.78505,5.04986,1.39286,7.03377,14.16000,47.70269,0.00000,0.00000,0.00000,0.00000,0.00000,0.00000,0.00000,0.00000,0.00000,0.00000,14.07084,95.48773
14-1,1783317981.534881,2026-07-06T13:06:21.534881,5.08159,1.38456,7.03579,14.12000,48.48901,5.05066,1.37529,6.94610,13.98000,48.39767,0.00000,0.00000,0.00000,0.00000,0.00000,0.00000,0.00000,0.00000,0.00000,0.00000,13.98189,96.88668
14-1,1783317981.634935,2026-07-06T13:06:21.634935,5.08559,1.38456,7.04133,14.12000,49.19352,5.04945,1.40190,7.07882,14.25000,49.10594,0.00000,0.00000,0.00000,0.00000,0.00000,0.00000,0.00000,0.00000,0.00000,0.00000,14.12015,98.29946
14-1,1783317981.734990,2026-07-06T13:06:21.734990,5.08196,1.37773,7.00156,14.05000,49.89406,5.05763,1.39799,7.07052,14.21000,49.81338,0.00000,0.00000,0.00000,0.00000,0.00000,0.00000,0.00000,0.00000,0.00000,0.00000,14.07208,99.70743
15-1,1783317981.835047,2026-07-06T13:06:21.835047,5.08854,1.25712,6.39690,12.82000,0.64006,5.05363,1.39799,7.06493,14.21000,0.70690,0.00000,0.00000,0.00000,0.00000,0.00000,0.00000,0.00000,0.00000,0.00000,0.00000,13.46183,1.34696
15-1,1783317981.935101,2026-07-06T13:06:21.935101,5.08372,1.34550,6.84015,13.72000,1.32444,5.05444,1.38017,6.97598,14.03000,1.40487,0.00000,0.00000,0.00000,0.00000,0.00000,0.00000,0.00000,0.00000,0.00000,0.00000,13.81613,2.72931
15-1,1783317982.035156,2026-07-06T13:06:22.035156,5.07972,1.34550,6.83477,13.72000,2.00829,5.06732,1.44902,7.34264,14.73000,2.13954,0.00000,0.00000,0.00000,0.00000,0.00000,0.00000,0.00000,0.00000,0.00000,0.00000,14.17741,4.14783
15-1,1783317982.135210,2026-07-06T13:06:22.135210,5.07935,1.05911,5.37961,10.80000,2.54655,5.08027,1.16288,5.90774,11.82000,2.73063,0.00000,0.00000,0.00000,0.00000,0.00000,0.00000,0.00000,0.00000,0.00000,0.00000,11.28735,5.27718
15-1,1783317982.235264,2026-07-06T13:06:22.235264,5.06404,1.33964,6.78400,13.66000,3.22531,5.05013,1.38701,7.00455,14.10000,3.43147,0.00000,0.00000,0.00000,0.00000,0.00000,0.00000,0.00000,0.00000,0.00000,0.00000,13.78855,6.65678
15-1,1783317982.335319,2026-07-06T13:06:22.335319,5.08340,1.35136,6.86951,13.78000,3.91264,5.05013,1.38701,7.00455,14.10000,4.13231,0.00000,0.00000,0.00000,0.00000,0.00000,0.00000,0.00000,0.00000,0.00000,0.00000,13.87406,8.04494
15-1,1783317982.435374,2026-07-06T13:06:22.435374,5.07988,1.34257,6.82010,13.69000,4.59502,5.05097,1.36845,6.91200,13.91000,4.82389,0.00000,0.00000,0.00000,0.00000,0.00000,0.00000,0.00000,0.00000,0.00000,0.00000,13.73210,9.41891
15-1,1783317982.535429,2026-07-06T13:06:22.535429,5.07988,1.34257,6.82010,13.69000,5.27741,5.04976,1.39506,7.04473,14.18000,5.52874,0.00000,0.00000,0.00000,0.00000,0.00000,0.00000,0.00000,0.00000,0.00000,0.00000,13.86483,10.80615
15-1,1783317982.635483,2026-07-06T13:06:22.635483,5.08788,1.34257,6.83084,13.69000,5.96086,5.05497,1.36845,6.91747,13.91000,6.22086,0.00000,0.00000,0.00000,0.00000,0.00000,0.00000,0.00000,0.00000,0.00000,0.00000,13.74831,12.18172
15-1,1783317982.735538,2026-07-06T13:06:22.735538,5.08650,1.36796,6.95813,13.95000,6.65706,5.05097,1.36845,6.91200,13.91000,6.91245,0.00000,0.00000,0.00000,0.00000,0.00000,0.00000,0.00000,0.00000,0.00000,0.00000,13.87013,13.56950
15-1,1783317982.835592,2026-07-06T13:06:22.835592,5.08399,1.34062,6.81568,13.67000,7.33900,5.05399,1.38993,7.02472,14.13000,7.61530,0.00000,0.00000,0.00000,0.00000,0.00000,0.00000,0.00000,0.00000,0.00000,0.00000,13.84040,14.95429
15-1,1783317982.935646,2026-07-06T13:06:22.935646,5.07999,1.34062,6.81032,13.67000,8.02039,5.05506,1.36650,6.90772,13.89000,8.30644,0.00000,0.00000,0.00000,0.00000,0.00000,0.00000,0.00000,0.00000,0.00000,0.00000,13.71804,16.32683
15-1,1783317983.035700,2026-07-06T13:06:23.035700,5.08783,1.34355,6.83574,13.70000,8.70433,5.05155,1.35551,6.84743,13.78000,8.99155,0.00000,0.00000,0.00000,0.00000,0.00000,0.00000,0.00000,0.00000,0.00000,0.00000,13.68317,17.69589
15-1,1783317983.135754,2026-07-06T13:06:23.135754,5.08676,1.36308,6.93366,13.90000,9.39808,5.05555,1.35551,6.85285,13.78000,9.67721,0.00000,0.00000,0.00000,0.00000,0.00000,0.00000,0.00000,0.00000,0.00000,0.00000,13.78651,19.07529
15-1,1783317983.235810,2026-07-06T13:06:23.235810,5.08228,1.37187,6.97222,13.99000,10.09569,5.05026,1.38408,6.98994,14.07000,10.37660,0.00000,0.00000,0.00000,0.00000,0.00000,0.00000,0.00000,0.00000,0.00000,0.00000,13.96216,20.47229
15-1,1783317983.335865,2026-07-06T13:06:23.335865,5.08228,1.37187,6.97222,13.99000,10.79330,5.05101,1.36747,6.90712,13.90000,11.06769,0.00000,0.00000,0.00000,0.00000,0.00000,0.00000,0.00000,0.00000,0.00000,0.00000,13.87934,21.86099
15-1,1783317983.435920,2026-07-06T13:06:23.435920,5.08372,1.34550,6.84015,13.72000,11.47768,5.05430,1.38310,6.99060,14.06000,11.76713,0.00000,0.00000,0.00000,0.00000,0.00000,0.00000,0.00000,0.00000,0.00000,0.00000,13.83075,23.24481
15-1,1783317983.535974,2026-07-06T13:06:23.535974,5.08420,1.33671,6.79611,13.63000,12.15766,5.05030,1.38310,6.98507,14.06000,12.46601,0.00000,0.00000,0.00000,0.00000,0.00000,0.00000,0.00000,0.00000,0.00000,0.00000,13.78118,24.62367
15-1,1783317983.636029,2026-07-06T13:06:23.636029,5.08666,1.36503,6.94345,13.92000,12.85239,5.05444,1.38017,6.97598,14.03000,13.16400,0.00000,0.00000,0.00000,0.00000,0.00000,0.00000,0.00000,0.00000,0.00000,0.00000,13.91943,26.01639
15-1,1783317983.736083,2026-07-06T13:06:23.736083,5.08266,1.36503,6.93799,13.92000,13.54656,5.05483,1.37138,6.93210,13.94000,13.85758,0.00000,0.00000,0.00000,0.00000,0.00000,0.00000,0.00000,0.00000,0.00000,0.00000,13.87009,27.40414
15-1,1783317983.836138,2026-07-06T13:06:23.836138,5.08612,1.37480,6.99239,14.02000,14.24618,5.05466,1.37529,6.95160,13.98000,14.55312,0.00000,0.00000,0.00000,0.00000,0.00000,0.00000,0.00000,0.00000,0.00000,0.00000,13.94399,28.79931
15-1,1783317983.936192,2026-07-06T13:06:23.936192,5.08324,1.35429,6.88418,13.81000,14.93498,5.05466,1.37529,6.95160,13.98000,15.24866,0.00000,0.00000,0.00000,0.00000,0.00000,0.00000,0.00000,0.00000,0.00000,0.00000,13.83578,30.18364
15-1,1783317984.036247,2026-07-06T13:06:24.036247,5.08335,1.35234,6.87440,13.79000,15.62279,5.05354,1.39995,7.07468,14.23000,15.95652,0.00000,0.00000,0.00000,0.00000,0.00000,0.00000,0.00000,0.00000,0.00000,0.00000,13.94908,31.57931
15-1,1783317984.136301,2026-07-06T13:06:24.136301,5.07988,1.34257,6.82010,13.69000,16.30517,5.05492,1.36943,6.92234,13.92000,16.64912,0.00000,0.00000,0.00000,0.00000,0.00000,0.00000,0.00000,0.00000,0.00000,0.00000,13.74244,32.95430
15-1,1783317984.236355,2026-07-06T13:06:24.236355,5.08388,1.34257,6.82547,13.69000,16.98809,5.05497,1.36845,6.91747,13.91000,17.34124,0.00000,0.00000,0.00000,0.00000,0.00000,0.00000,0.00000,0.00000,0.00000,0.00000,13.74294,34.32933
15-1,1783317984.336409,2026-07-06T13:06:24.336409,5.08762,1.34745,6.85533,13.74000,17.67399,5.05497,1.36845,6.91747,13.91000,18.03336,0.00000,0.00000,0.00000,0.00000,0.00000,0.00000,0.00000,0.00000,0.00000,0.00000,13.77280,35.70735
15-1,1783317984.436463,2026-07-06T13:06:24.436463,5.08618,1.37382,6.98750,14.01000,18.37312,5.05835,1.38212,6.99125,14.05000,18.73287,0.00000,0.00000,0.00000,0.00000,0.00000,0.00000,0.00000,0.00000,0.00000,0.00000,13.97875,37.10598
15-1,1783317984.536517,2026-07-06T13:06:24.536517,5.08618,1.37382,6.98750,14.01000,19.07225,5.05772,1.39604,7.06077,14.19000,19.43932,0.00000,0.00000,0.00000,0.00000,0.00000,0.00000,0.00000,0.00000,0.00000,0.00000,14.04827,38.51157
15-1,1783317984.636571,2026-07-06T13:06:24.636571,5.08618,1.37382,6.98750,14.01000,19.77137,5.05430,1.38310,6.99060,14.06000,20.13876,0.00000,0.00000,0.00000,0.00000,0.00000,0.00000,0.00000,0.00000,0.00000,0.00000,13.97810,39.91014
15-1,1783317984.736625,2026-07-06T13:06:24.736625,5.08596,1.37773,7.00707,14.05000,20.47246,5.05430,1.38310,6.99060,14.06000,20.83820,0.00000,0.00000,0.00000,0.00000,0.00000,0.00000,0.00000,0.00000,0.00000,0.00000,13.99767,41.31066
15-1,1783317984.836679,2026-07-06T13:06:24.836679,5.08581,1.38066,7.02175,14.08000,21.17502,5.05479,1.37236,6.93697,13.95000,21.53227,0.00000,0.00000,0.00000,0.00000,0.00000,0.00000,0.00000,0.00000,0.00000,0.00000,13.95872,42.70729
15-1,1783317984.936733,2026-07-06T13:06:24.936733,5.08186,1.37968,7.01134,14.07000,21.87653,5.05488,1.37040,6.92722,13.93000,22.22537,0.00000,0.00000,0.00000,0.00000,0.00000,0.00000,0.00000,0.00000,0.00000,0.00000,13.93856,44.10190
15-1,1783317985.036788,2026-07-06T13:06:25.036788,5.08186,1.37968,7.01134,14.07000,22.57804,5.05088,1.37040,6.92174,13.93000,22.91792,0.00000,0.00000,0.00000,0.00000,0.00000,0.00000,0.00000,0.00000,0.00000,0.00000,13.93308,45.49597
15-1,1783317985.136842,2026-07-06T13:06:25.136842,5.08250,1.36796,6.95266,13.95000,23.27369,5.05488,1.37040,6.92722,13.93000,23.61102,0.00000,0.00000,0.00000,0.00000,0.00000,0.00000,0.00000,0.00000,0.00000,0.00000,13.87988,46.88471
15-1,1783317985.236896,2026-07-06T13:06:25.236896,5.08292,1.36015,6.91353,13.87000,23.96542,5.05395,1.39091,7.02960,14.14000,24.31436,0.00000,0.00000,0.00000,0.00000,0.00000,0.00000,0.00000,0.00000,0.00000,0.00000,13.94313,48.27978
15-1,1783317985.336952,2026-07-06T13:06:25.336952,5.08287,1.36113,6.91842,13.88000,24.65765,5.05372,1.39604,7.05519,14.19000,25.02028,0.00000,0.00000,0.00000,0.00000,0.00000,0.00000,0.00000,0.00000,0.00000,0.00000,13.97361,49.67792
15-1,1783317985.437006,2026-07-06T13:06:25.437006,5.08282,1.36210,6.92332,13.89000,25.35035,5.05354,1.39995,7.07468,14.23000,25.72813,0.00000,0.00000,0.00000,0.00000,0.00000,0.00000,0.00000,0.00000,0.00000,0.00000,13.99800,51.07848
15-1,1783317985.537060,2026-07-06T13:06:25.537060,5.08682,1.36210,6.92876,13.89000,26.04360,5.06154,1.39995,7.08588,14.23000,26.43710,0.00000,0.00000,0.00000,0.00000,0.00000,0.00000,0.00000,0.00000,0.00000,0.00000,14.01464,52.48070
15-1,1783317985.637114,2026-07-06T13:06:25.637114,5.08628,1.37187,6.97771,13.99000,26.74175,5.05772,1.39604,7.06077,14.19000,27.14355,0.00000,0.00000,0.00000,0.00000,0.00000,0.00000,0.00000,0.00000,0.00000,0.00000,14.03848,53.88530
15-1,1783317985.737168,2026-07-06T13:06:25.737168,5.08549,1.38652,7.05111,14.14000,27.44724,5.05745,1.40190,7.09003,14.25000,27.85294,0.00000,0.00000,0.00000,0.00000,0.00000,0.00000,0.00000,0.00000,0.00000,0.00000,14.14114,55.30018
15-1,1783317985.837222,2026-07-06T13:06:25.837222,5.09381,1.38066,7.03280,14.08000,28.15090,5.06150,1.40092,7.09076,14.24000,28.56239,0.00000,0.00000,0.00000,0.00000,0.00000,0.00000,0.00000,0.00000,0.00000,0.00000,14.12356,56.71329
15-1,1783317985.937275,2026-07-06T13:06:25.937275,5.09381,1.38066,7.03280,14.08000,28.85455,5.05750,1.40092,7.08516,14.24000,29.27129,0.00000,0.00000,0.00000,0.00000,0.00000,0.00000,0.00000,0.00000,0.00000,0.00000,14.11796,58.12585
15-1,1783317986.037330,2026-07-06T13:06:26.037330,5.09412,1.37480,7.00339,14.02000,29.55527,5.05350,1.40092,7.07955,14.24000,29.97963,0.00000,0.00000,0.00000,0.00000,0.00000,0.00000,0.00000,0.00000,0.00000,0.00000,14.08294,59.53491
16-1,1783317986.137387,2026-07-06T13:06:26.137387,5.10001,1.26688,6.46112,12.92000,0.64648,5.05724,1.31816,6.66623,13.40000,0.66701,0.00000,0.00000,0.00000,0.00000,0.00000,0.00000,0.00000,0.00000,0.00000,0.00000,13.12735,1.31349
16-1,1783317986.237442,2026-07-06T13:06:26.237442,5.07726,1.39067,7.06078,14.18000,1.35295,5.04688,1.45878,7.36231,14.83000,1.40364,0.00000,0.00000,0.00000,0.00000,0.00000,0.00000,0.00000,0.00000,0.00000,0.00000,14.42309,2.75658
16-1,1783317986.337496,2026-07-06T13:06:26.337496,5.09326,1.39067,7.08303,14.18000,2.06163,5.06288,1.45878,7.38565,14.83000,2.14261,0.00000,0.00000,0.00000,0.00000,0.00000,0.00000,0.00000,0.00000,0.00000,0.00000,14.46868,4.20424
16-1,1783317986.437551,2026-07-06T13:06:26.437551,5.08624,1.29936,6.60884,13.25000,2.72288,5.05444,1.38017,6.97598,14.03000,2.84058,0.00000,0.00000,0.00000,0.00000,0.00000,0.00000,0.00000,0.00000,0.00000,0.00000,13.58482,5.56346
16-1,1783317986.537605,2026-07-06T13:06:26.537605,5.08234,1.37089,6.96733,13.98000,3.41999,5.05510,1.36552,6.90284,13.88000,3.53124,0.00000,0.00000,0.00000,0.00000,0.00000,0.00000,0.00000,0.00000,0.00000,0.00000,13.87017,6.95123
16-1,1783317986.637659,2026-07-06T13:06:26.637659,5.08820,1.33671,6.80145,13.63000,4.10050,5.05861,1.37626,6.96198,13.99000,4.22781,0.00000,0.00000,0.00000,0.00000,0.00000,0.00000,0.00000,0.00000,0.00000,0.00000,13.76343,8.32832
16-1,1783317986.737713,2026-07-06T13:06:26.737713,5.08378,1.34452,6.83526,13.71000,4.78440,5.05461,1.37626,6.95648,13.99000,4.92384,0.00000,0.00000,0.00000,0.00000,0.00000,0.00000,0.00000,0.00000,0.00000,0.00000,13.79174,9.70824
16-1,1783317986.837768,2026-07-06T13:06:26.837768,5.08378,1.34452,6.83526,13.71000,5.46830,5.05114,1.36454,6.89251,13.87000,5.61347,0.00000,0.00000,0.00000,0.00000,0.00000,0.00000,0.00000,0.00000,0.00000,0.00000,13.72777,11.08177
16-1,1783317986.937821,2026-07-06T13:06:26.937821,5.08378,1.34452,6.83526,13.71000,6.15219,5.05017,1.38603,6.99968,14.09000,6.31381,0.00000,0.00000,0.00000,0.00000,0.00000,0.00000,0.00000,0.00000,0.00000,0.00000,13.83494,12.46600
16-1,1783317987.037875,2026-07-06T13:06:27.037875,5.08426,1.33573,6.79121,13.62000,6.83168,5.05128,1.36161,6.87789,13.84000,7.00197,0.00000,0.00000,0.00000,0.00000,0.00000,0.00000,0.00000,0.00000,0.00000,0.00000,13.66910,13.83365
16-1,1783317987.137929,2026-07-06T13:06:27.137929,5.08335,1.35234,6.87440,13.79000,7.51949,5.05528,1.36161,6.88333,13.84000,7.69067,0.00000,0.00000,0.00000,0.00000,0.00000,0.00000,0.00000,0.00000,0.00000,0.00000,13.75773,15.21016
16-1,1783317987.237984,2026-07-06T13:06:27.237984,5.08735,1.35234,6.87981,13.79000,8.20784,5.05417,1.38603,7.00523,14.09000,8.39158,0.00000,0.00000,0.00000,0.00000,0.00000,0.00000,0.00000,0.00000,0.00000,0.00000,13.88504,16.59943
16-1,1783317987.338038,2026-07-06T13:06:27.338038,5.08682,1.36210,6.92876,13.89000,8.90110,5.05501,1.36747,6.91259,13.90000,9.08321,0.00000,0.00000,0.00000,0.00000,0.00000,0.00000,0.00000,0.00000,0.00000,0.00000,13.84135,17.98431
16-1,1783317987.438091,2026-07-06T13:06:27.438091,5.08767,1.34648,6.85043,13.73000,9.58650,5.04723,1.36259,6.87731,13.85000,9.77131,0.00000,0.00000,0.00000,0.00000,0.00000,0.00000,0.00000,0.00000,0.00000,0.00000,13.72774,19.35781
16-1,1783317987.538146,2026-07-06T13:06:27.538146,5.07983,1.34355,6.82499,13.70000,10.26937,5.05923,1.36259,6.89366,13.85000,10.46105,0.00000,0.00000,0.00000,0.00000,0.00000,0.00000,0.00000,0.00000,0.00000,0.00000,13.71865,20.73043
16-1,1783317987.638200,2026-07-06T13:06:27.638200,5.08383,1.34355,6.83036,13.70000,10.95278,5.05439,1.38115,6.98085,14.04000,11.15952,0.00000,0.00000,0.00000,0.00000,0.00000,0.00000,0.00000,0.00000,0.00000,0.00000,13.81121,22.11229
17-1,1783317987.738258,2026-07-06T13:06:27.738258,5.08207,1.37577,6.99178,14.03000,0.69959,5.05488,1.37040,6.92722,13.93000,0.69313,0.00000,0.00000,0.00000,0.00000,0.00000,0.00000,0.00000,0.00000,0.00000,0.00000,13.91900,1.39272
17-1,1783317987.838314,2026-07-06T13:06:27.838314,5.08870,1.25419,6.38219,12.79000,1.33816,5.05488,1.37040,6.92722,13.93000,1.38623,0.00000,0.00000,0.00000,0.00000,0.00000,0.00000,0.00000,0.00000,0.00000,0.00000,13.30941,2.72439
17-1,1783317987.938367,2026-07-06T13:06:27.938367,5.08351,1.34941,6.85972,13.76000,2.02450,5.05488,1.37040,6.92722,13.93000,2.07933,0.00000,0.00000,0.00000,0.00000,0.00000,0.00000,0.00000,0.00000,0.00000,0.00000,13.78694,4.10383
17-1,1783317988.038421,2026-07-06T13:06:28.038421,5.08351,1.34941,6.85972,13.76000,2.71084,5.06554,1.39995,7.09148,14.23000,2.78885,0.00000,0.00000,0.00000,0.00000,0.00000,0.00000,0.00000,0.00000,0.00000,0.00000,13.95120,5.49969
17-1,1783317988.138474,2026-07-06T13:06:28.138474,5.07182,1.05033,5.32706,10.71000,3.24383,5.08376,0.99759,5.07150,10.14000,3.29628,0.00000,0.00000,0.00000,0.00000,0.00000,0.00000,0.00000,0.00000,0.00000,0.00000,10.39856,6.54011
17-1,1783317988.238529,2026-07-06T13:06:28.238529,5.08655,1.36699,6.95324,13.94000,3.93953,5.05004,1.38896,7.01429,14.12000,3.99809,0.00000,0.00000,0.00000,0.00000,0.00000,0.00000,0.00000,0.00000,0.00000,0.00000,13.96753,7.93762
17-1,1783317988.338583,2026-07-06T13:06:28.338583,5.08772,1.34550,6.84553,13.72000,4.62446,5.05404,1.38896,7.01985,14.12000,4.70045,0.00000,0.00000,0.00000,0.00000,0.00000,0.00000,0.00000,0.00000,0.00000,0.00000,13.86538,9.32491
17-1,1783317988.438638,2026-07-06T13:06:28.438638,5.08346,1.35038,6.86461,13.77000,5.31130,5.05523,1.36259,6.88821,13.85000,5.38965,0.00000,0.00000,0.00000,0.00000,0.00000,0.00000,0.00000,0.00000,0.00000,0.00000,13.75282,10.70095
17-1,1783317988.538693,2026-07-06T13:06:28.538693,5.08746,1.35038,6.87001,13.77000,5.99867,5.05399,1.38993,7.02472,14.13000,6.09251,0.00000,0.00000,0.00000,0.00000,0.00000,0.00000,0.00000,0.00000,0.00000,0.00000,13.89473,12.09118
17-1,1783317988.638747,2026-07-06T13:06:28.638747,5.08346,1.35038,6.86461,13.77000,6.68551,5.05914,1.36454,6.90342,13.87000,6.78323,0.00000,0.00000,0.00000,0.00000,0.00000,0.00000,0.00000,0.00000,0.00000,0.00000,13.76803,13.46873
17-1,1783317988.738802,2026-07-06T13:06:28.738802,5.08378,1.34452,6.83526,13.71000,7.36941,5.05514,1.36454,6.89796,13.87000,7.47340,0.00000,0.00000,0.00000,0.00000,0.00000,0.00000,0.00000,0.00000,0.00000,0.00000,13.73322,14.84281
17-1,1783317988.838856,2026-07-06T13:06:28.838856,5.08372,1.34550,6.84015,13.72000,8.05379,5.05497,1.36845,6.91747,13.91000,8.16552,0.00000,0.00000,0.00000,0.00000,0.00000,0.00000,0.00000,0.00000,0.00000,0.00000,13.75762,16.21931
17-1,1783317988.938910,2026-07-06T13:06:28.938910,5.08372,1.34550,6.84015,13.72000,8.73818,5.05488,1.37040,6.92722,13.93000,8.85862,0.00000,0.00000,0.00000,0.00000,0.00000,0.00000,0.00000,0.00000,0.00000,0.00000,13.76737,17.59680
17-1,1783317989.038965,2026-07-06T13:06:29.038965,5.07812,1.37480,6.98139,14.02000,9.43670,5.05506,1.36650,6.90772,13.89000,9.54977,0.00000,0.00000,0.00000,0.00000,0.00000,0.00000,0.00000,0.00000,0.00000,0.00000,13.88911,18.98646
17-1,1783317989.139018,2026-07-06T13:06:29.139018,5.07972,1.34550,6.83477,13.72000,10.12054,5.06306,1.36650,6.91865,13.89000,10.24200,0.00000,0.00000,0.00000,0.00000,0.00000,0.00000,0.00000,0.00000,0.00000,0.00000,13.75342,20.36254
17-1,1783317989.239072,2026-07-06T13:06:29.239072,5.08788,1.34257,6.83084,13.69000,10.80399,5.05363,1.39799,7.06493,14.21000,10.94888,0.00000,0.00000,0.00000,0.00000,0.00000,0.00000,0.00000,0.00000,0.00000,0.00000,13.89577,21.75287
17-1,1783317989.339127,2026-07-06T13:06:29.339127,5.09188,1.34257,6.83621,13.69000,11.48799,5.05488,1.37040,6.92722,13.93000,11.64198,0.00000,0.00000,0.00000,0.00000,0.00000,0.00000,0.00000,0.00000,0.00000,0.00000,13.76343,23.12996
17-1,1783317989.439181,2026-07-06T13:06:29.439181,5.08244,1.36894,6.95755,13.96000,12.18412,5.04714,1.36454,6.88705,13.87000,12.33105,0.00000,0.00000,0.00000,0.00000,0.00000,0.00000,0.00000,0.00000,0.00000,0.00000,13.84460,24.51517
17-1,1783317989.539236,2026-07-06T13:06:29.539236,5.08298,1.35917,6.90864,13.86000,12.87536,5.05514,1.36454,6.89796,13.87000,13.02123,0.00000,0.00000,0.00000,0.00000,0.00000,0.00000,0.00000,0.00000,0.00000,0.00000,13.80660,25.89659
17-1,1783317989.639290,2026-07-06T13:06:29.639290,5.08346,1.35038,6.86461,13.77000,13.56220,5.04967,1.39702,7.05447,14.20000,13.72706,0.00000,0.00000,0.00000,0.00000,0.00000,0.00000,0.00000,0.00000,0.00000,0.00000,13.91908,27.28926
17-1,1783317989.739345,2026-07-06T13:06:29.739345,5.08372,1.34550,6.84015,13.72000,14.24658,5.05079,1.37236,6.93148,13.95000,14.42059,0.00000,0.00000,0.00000,0.00000,0.00000,0.00000,0.00000,0.00000,0.00000,0.00000,13.77163,28.66717
17-1,1783317989.839399,2026-07-06T13:06:29.839399,5.08372,1.34550,6.84015,13.72000,14.93097,5.05123,1.36259,6.88276,13.85000,15.10923,0.00000,0.00000,0.00000,0.00000,0.00000,0.00000,0.00000,0.00000,0.00000,0.00000,13.72291,30.04020
17-1,1783317989.939455,2026-07-06T13:06:29.939455,5.08671,1.36406,6.93855,13.91000,15.62522,5.05123,1.36259,6.88276,13.85000,15.79790,0.00000,0.00000,0.00000,0.00000,0.00000,0.00000,0.00000,0.00000,0.00000,0.00000,13.82131,31.42312
17-1,1783317990.039511,2026-07-06T13:06:30.039511,5.08612,1.37480,6.99239,14.02000,16.32484,5.04981,1.39409,7.03986,14.17000,16.50228,0.00000,0.00000,0.00000,0.00000,0.00000,0.00000,0.00000,0.00000,0.00000,0.00000,14.03225,32.82712
17-1,1783317990.139566,2026-07-06T13:06:30.139566,5.08596,1.37773,7.00707,14.05000,17.02594,5.05083,1.37138,6.92661,13.94000,17.19532,0.00000,0.00000,0.00000,0.00000,0.00000,0.00000,0.00000,0.00000,0.00000,0.00000,13.93368,34.22125
17-1,1783317990.239620,2026-07-06T13:06:30.239620,5.08196,1.37773,7.00156,14.05000,17.72647,5.05479,1.37236,6.93697,13.95000,17.88939,0.00000,0.00000,0.00000,0.00000,0.00000,0.00000,0.00000,0.00000,0.00000,0.00000,13.93853,35.61587
17-1,1783317990.339677,2026-07-06T13:06:30.339677,5.07924,1.35429,6.87877,13.81000,18.41474,5.05079,1.37236,6.93148,13.95000,18.58293,0.00000,0.00000,0.00000,0.00000,0.00000,0.00000,0.00000,0.00000,0.00000,0.00000,13.81025,36.99767
17-1,1783317990.439732,2026-07-06T13:06:30.439732,5.07962,1.34745,6.84455,13.74000,19.09957,5.05914,1.36454,6.90342,13.87000,19.27366,0.00000,0.00000,0.00000,0.00000,0.00000,0.00000,0.00000,0.00000,0.00000,0.00000,13.74797,38.37323
17-1,1783317990.539787,2026-07-06T13:06:30.539787,5.08330,1.35331,6.87929,13.80000,19.78788,5.05781,1.39409,7.05101,14.17000,19.97915,0.00000,0.00000,0.00000,0.00000,0.00000,0.00000,0.00000,0.00000,0.00000,0.00000,13.93030,39.76703
17-1,1783317990.639842,2026-07-06T13:06:30.639842,5.08330,1.35331,6.87929,13.80000,20.47619,5.05345,1.40190,7.08443,14.25000,20.68798,0.00000,0.00000,0.00000,0.00000,0.00000,0.00000,0.00000,0.00000,0.00000,0.00000,13.96372,41.16416
17-1,1783317990.739896,2026-07-06T13:06:30.739896,5.07962,1.34745,6.84455,13.74000,21.16101,5.05745,1.40190,7.09003,14.25000,21.39737,0.00000,0.00000,0.00000,0.00000,0.00000,0.00000,0.00000,0.00000,0.00000,0.00000,13.93458,42.55838
17-1,1783317990.839951,2026-07-06T13:06:30.839951,5.07972,1.34550,6.83477,13.72000,21.84487,5.05866,1.37529,6.95710,13.98000,22.09346,0.00000,0.00000,0.00000,0.00000,0.00000,0.00000,0.00000,0.00000,0.00000,0.00000,13.79187,43.93832
17-1,1783317990.940007,2026-07-06T13:06:30.940007,5.09140,1.35136,6.88032,13.78000,22.53328,5.05083,1.37138,6.92661,13.94000,22.78651,0.00000,0.00000,0.00000,0.00000,0.00000,0.00000,0.00000,0.00000,0.00000,0.00000,13.80693,45.31979
17-1,1783317991.040062,2026-07-06T13:06:31.040062,5.08676,1.36308,6.93366,13.90000,23.22703,5.05097,1.36845,6.91200,13.91000,23.47809,0.00000,0.00000,0.00000,0.00000,0.00000,0.00000,0.00000,0.00000,0.00000,0.00000,13.84566,46.70512
17-1,1783317991.140117,2026-07-06T13:06:31.140117,5.07876,1.36308,6.92276,13.90000,23.91969,5.05106,1.36650,6.90225,13.89000,24.16869,0.00000,0.00000,0.00000,0.00000,0.00000,0.00000,0.00000,0.00000,0.00000,0.00000,13.82501,48.08837
17-1,1783317991.240172,2026-07-06T13:06:31.240172,5.08714,1.35624,6.89939,13.83000,24.61000,5.05506,1.36650,6.90772,13.89000,24.85984,0.00000,0.00000,0.00000,0.00000,0.00000,0.00000,0.00000,0.00000,0.00000,0.00000,13.80711,49.46984
17-1,1783317991.340227,2026-07-06T13:06:31.340227,5.08698,1.35917,6.91408,13.86000,25.30179,5.05835,1.38212,6.99125,14.05000,25.55935,0.00000,0.00000,0.00000,0.00000,0.00000,0.00000,0.00000,0.00000,0.00000,0.00000,13.90533,50.86114
17-1,1783317991.440281,2026-07-06T13:06:31.440281,5.08714,1.35624,6.89939,13.83000,25.99210,5.05772,1.39604,7.06077,14.19000,26.26581,0.00000,0.00000,0.00000,0.00000,0.00000,0.00000,0.00000,0.00000,0.00000,0.00000,13.96016,52.25791
17-1,1783317991.540335,2026-07-06T13:06:31.540335,5.07914,1.35624,6.88854,13.83000,26.68133,5.04986,1.39286,7.03377,14.16000,26.96957,0.00000,0.00000,0.00000,0.00000,0.00000,0.00000,0.00000,0.00000,0.00000,0.00000,13.92231,53.65090
17-1,1783317991.640389,2026-07-06T13:06:31.640389,5.09146,1.35038,6.87542,13.77000,27.36925,5.05786,1.39286,7.04492,14.16000,27.67444,0.00000,0.00000,0.00000,0.00000,0.00000,0.00000,0.00000,0.00000,0.00000,0.00000,13.92034,55.04369
17-1,1783317991.740445,2026-07-06T13:06:31.740445,5.09199,1.34062,6.82641,13.67000,28.05226,5.05376,1.39506,7.05031,14.18000,28.37986,0.00000,0.00000,0.00000,0.00000,0.00000,0.00000,0.00000,0.00000,0.00000,0.00000,13.87672,56.43213
17-1,1783317991.840499,2026-07-06T13:06:31.840499,5.07514,1.35624,6.88312,13.83000,28.74095,5.05363,1.39799,7.06493,14.21000,29.08674,0.00000,0.00000,0.00000,0.00000,0.00000,0.00000,0.00000,0.00000,0.00000,0.00000,13.94805,57.82770
17-1,1783317991.940555,2026-07-06T13:06:31.940555,5.08314,1.35624,6.89397,13.83000,29.43073,5.04963,1.39799,7.05934,14.21000,29.79307,0.00000,0.00000,0.00000,0.00000,0.00000,0.00000,0.00000,0.00000,0.00000,0.00000,13.95331,59.22380
17-1,1783317992.040611,2026-07-06T13:06:32.040611,5.07514,1.35624,6.88312,13.83000,30.11943,5.05363,1.39799,7.06493,14.21000,30.49996,0.00000,0.00000,0.00000,0.00000,0.00000,0.00000,0.00000,0.00000,0.00000,0.00000,13.94805,60.61939
17-1,1783317992.140666,2026-07-06T13:06:32.140666,5.07514,1.35624,6.88312,13.83000,30.80812,5.05767,1.39702,7.06565,14.20000,31.20691,0.00000,0.00000,0.00000,0.00000,0.00000,0.00000,0.00000,0.00000,0.00000,0.00000,13.94877,62.01503
17-1,1783317992.240721,2026-07-06T13:06:32.240721,5.08196,1.37773,7.00156,14.05000,31.50866,5.05791,1.39189,7.04004,14.15000,31.91130,0.00000,0.00000,0.00000,0.00000,0.00000,0.00000,0.00000,0.00000,0.00000,0.00000,14.04160,63.41996
17-1,1783317992.340775,2026-07-06T13:06:32.340775,5.08196,1.37773,7.00156,14.05000,32.20920,5.05376,1.39506,7.05031,14.18000,32.61672,0.00000,0.00000,0.00000,0.00000,0.00000,0.00000,0.00000,0.00000,0.00000,0.00000,14.05187,64.82592
18-1,1783317992.440833,2026-07-06T13:06:32.440833,5.09802,1.37675,7.01870,14.04000,0.70227,5.05776,1.39506,7.05589,14.18000,0.70599,0.00000,0.00000,0.00000,0.00000,0.00000,0.00000,0.00000,0.00000,0.00000,0.00000,14.07459,1.40826
18-1,1783317992.540888,2026-07-06T13:06:32.540888,5.08197,1.30424,6.62811,13.30000,1.36545,5.05689,1.32597,6.70528,13.48000,1.37689,0.00000,0.00000,0.00000,0.00000,0.00000,0.00000,0.00000,0.00000,0.00000,0.00000,13.33339,2.74234
18-1,1783317992.640943,2026-07-06T13:06:32.640943,5.08165,1.31010,6.65747,13.36000,2.03156,5.05591,1.34770,6.81383,13.70000,2.05865,0.00000,0.00000,0.00000,0.00000,0.00000,0.00000,0.00000,0.00000,0.00000,0.00000,13.47130,4.09021
18-1,1783317992.740999,2026-07-06T13:06:32.740999,5.06335,1.35234,6.84735,13.79000,2.71668,5.04328,1.36161,6.86699,13.84000,2.74573,0.00000,0.00000,0.00000,0.00000,0.00000,0.00000,0.00000,0.00000,0.00000,0.00000,13.71434,5.46241
19-1,1783317992.841055,2026-07-06T13:06:32.841055,5.07935,1.35234,6.86899,13.79000,0.68729,5.04728,1.36161,6.87244,13.84000,0.68763,0.00000,0.00000,0.00000,0.00000,0.00000,0.00000,0.00000,0.00000,0.00000,0.00000,13.74143,1.37492
19-1,1783317992.941112,2026-07-06T13:06:32.941112,5.08545,1.24052,6.30858,12.65000,1.31850,5.05835,1.29374,6.54419,13.15000,1.34242,0.00000,0.00000,0.00000,0.00000,0.00000,0.00000,0.00000,0.00000,0.00000,0.00000,12.85277,2.66093
19-1,1783317993.041167,2026-07-06T13:06:33.041167,5.08010,1.33866,6.80054,13.65000,1.99893,5.05404,1.38896,7.01985,14.12000,2.04479,0.00000,0.00000,0.00000,0.00000,0.00000,0.00000,0.00000,0.00000,0.00000,0.00000,13.82039,4.04373
19-1,1783317993.141221,2026-07-06T13:06:33.141221,5.11562,0.98074,5.01711,10.00000,2.50092,5.07824,1.11942,5.68468,11.38000,2.61357,0.00000,0.00000,0.00000,0.00000,0.00000,0.00000,0.00000,0.00000,0.00000,0.00000,10.70179,5.11449
19-1,1783317993.241277,2026-07-06T13:06:33.241277,5.09962,0.98074,5.00142,10.00000,3.00134,5.06224,1.11942,5.66677,11.38000,3.18057,0.00000,0.00000,0.00000,0.00000,0.00000,0.00000,0.00000,0.00000,0.00000,0.00000,10.66819,6.18190
19-1,1783317993.341331,2026-07-06T13:06:33.341331,5.08399,1.34062,6.81568,13.67000,3.68328,5.05142,1.35844,6.86205,13.81000,3.86714,0.00000,0.00000,0.00000,0.00000,0.00000,0.00000,0.00000,0.00000,0.00000,0.00000,13.67773,7.55042
20-1,1783317993.441389,2026-07-06T13:06:33.441389,5.08394,1.34159,6.82058,13.68000,0.68245,5.05199,1.34574,6.79869,13.68000,0.68026,0.00000,0.00000,0.00000,0.00000,0.00000,0.00000,0.00000,0.00000,0.00000,0.00000,13.61927,1.36271
20-1,1783317993.541445,2026-07-06T13:06:33.541445,5.08086,1.32475,6.73085,13.51000,1.35591,5.04683,1.37138,6.92113,13.94000,1.37276,0.00000,0.00000,0.00000,0.00000,0.00000,0.00000,0.00000,0.00000,0.00000,0.00000,13.65198,2.72867
20-1,1783317993.641499,2026-07-06T13:06:33.641499,5.08086,1.32475,6.73085,13.51000,2.02936,5.04683,1.37138,6.92113,13.94000,2.06525,0.00000,0.00000,0.00000,0.00000,0.00000,0.00000,0.00000,0.00000,0.00000,0.00000,13.65198,4.09461
20-1,1783317993.741555,2026-07-06T13:06:33.741555,5.05999,1.34062,6.78351,13.67000,2.70809,5.04708,1.18925,6.00222,12.09000,2.66581,0.00000,0.00000,0.00000,0.00000,0.00000,0.00000,0.00000,0.00000,0.00000,0.00000,12.78573,5.37390
20-1,1783317993.841611,2026-07-06T13:06:33.841611,5.08788,1.34257,6.83084,13.69000,3.39156,5.03928,1.36161,6.86155,13.84000,3.35235,0.00000,0.00000,0.00000,0.00000,0.00000,0.00000,0.00000,0.00000,0.00000,0.00000,13.69239,6.74390
20-1,1783317993.941668,2026-07-06T13:06:33.941668,5.08719,1.35527,6.89450,13.82000,4.08140,5.05813,1.38701,7.01565,14.10000,4.05431,0.00000,0.00000,0.00000,0.00000,0.00000,0.00000,0.00000,0.00000,0.00000,0.00000,13.91015,8.13571
20-1,1783317994.041724,2026-07-06T13:06:34.041724,5.08788,1.34257,6.83084,13.69000,4.76487,5.05413,1.38701,7.01010,14.10000,4.75571,0.00000,0.00000,0.00000,0.00000,0.00000,0.00000,0.00000,0.00000,0.00000,0.00000,13.84094,9.52058
20-1,1783317994.141779,2026-07-06T13:06:34.141779,5.07988,1.34257,6.82010,13.69000,5.44725,5.05514,1.36454,6.89796,13.87000,5.44589,0.00000,0.00000,0.00000,0.00000,0.00000,0.00000,0.00000,0.00000,0.00000,0.00000,13.71806,10.89314
20-1,1783317994.241834,2026-07-06T13:06:34.241834,5.08372,1.34550,6.84015,13.72000,6.13164,5.05435,1.38212,6.98573,14.05000,6.14484,0.00000,0.00000,0.00000,0.00000,0.00000,0.00000,0.00000,0.00000,0.00000,0.00000,13.82588,12.27649
20-1,1783317994.341889,2026-07-06T13:06:34.341889,5.08250,1.36796,6.95266,13.95000,6.82729,5.05114,1.36454,6.89251,13.87000,6.83447,0.00000,0.00000,0.00000,0.00000,0.00000,0.00000,0.00000,0.00000,0.00000,0.00000,13.84517,13.66176
20-1,1783317994.441945,2026-07-06T13:06:34.441945,5.08362,1.34745,6.84994,13.74000,7.51267,5.05114,1.36454,6.89251,13.87000,7.52411,0.00000,0.00000,0.00000,0.00000,0.00000,0.00000,0.00000,0.00000,0.00000,0.00000,13.74245,15.03678
20-1,1783317994.542000,2026-07-06T13:06:34.542000,5.08362,1.34745,6.84994,13.74000,8.19804,5.04742,1.35844,6.85662,13.81000,8.21015,0.00000,0.00000,0.00000,0.00000,0.00000,0.00000,0.00000,0.00000,0.00000,0.00000,13.70656,16.40820
20-1,1783317994.642056,2026-07-06T13:06:34.642056,5.08762,1.34745,6.85533,13.74000,8.88396,5.04635,1.38212,6.97467,14.05000,8.90801,0.00000,0.00000,0.00000,0.00000,0.00000,0.00000,0.00000,0.00000,0.00000,0.00000,13.83000,17.79196
20-1,1783317994.742111,2026-07-06T13:06:34.742111,5.08671,1.36406,6.93855,13.91000,9.57819,5.05501,1.36747,6.91259,13.90000,9.59965,0.00000,0.00000,0.00000,0.00000,0.00000,0.00000,0.00000,0.00000,0.00000,0.00000,13.85114,19.17784
20-1,1783317994.842166,2026-07-06T13:06:34.842166,5.09076,1.36308,6.93911,13.90000,10.27249,5.05901,1.36747,6.91806,13.90000,10.29184,0.00000,0.00000,0.00000,0.00000,0.00000,0.00000,0.00000,0.00000,0.00000,0.00000,13.85717,20.56433
20-1,1783317994.942223,2026-07-06T13:06:34.942223,5.08276,1.36308,6.92821,13.90000,10.96570,5.05417,1.38603,7.00523,14.09000,10.99275,0.00000,0.00000,0.00000,0.00000,0.00000,0.00000,0.00000,0.00000,0.00000,0.00000,13.93344,21.95845
20-1,1783317995.042278,2026-07-06T13:06:35.042278,5.07956,1.34843,6.84943,13.75000,11.65102,5.05497,1.36845,6.91747,13.91000,11.68488,0.00000,0.00000,0.00000,0.00000,0.00000,0.00000,0.00000,0.00000,0.00000,0.00000,13.76690,23.33590
20-1,1783317995.142333,2026-07-06T13:06:35.142333,5.07972,1.34550,6.83477,13.72000,12.33487,5.05106,1.36650,6.90225,13.89000,12.37549,0.00000,0.00000,0.00000,0.00000,0.00000,0.00000,0.00000,0.00000,0.00000,0.00000,13.73702,24.71036
20-1,1783317995.242388,2026-07-06T13:06:35.242388,5.08244,1.36894,6.95755,13.96000,13.03102,5.05506,1.36650,6.90772,13.89000,13.06664,0.00000,0.00000,0.00000,0.00000,0.00000,0.00000,0.00000,0.00000,0.00000,0.00000,13.86527,26.09766
20-1,1783317995.342445,2026-07-06T13:06:35.342445,5.08181,1.38066,7.01623,14.08000,13.73304,5.04995,1.39091,7.02403,14.14000,13.76944,0.00000,0.00000,0.00000,0.00000,0.00000,0.00000,0.00000,0.00000,0.00000,0.00000,14.04026,27.50248
20-1,1783317995.442500,2026-07-06T13:06:35.442500,5.08581,1.38066,7.02175,14.08000,14.43560,5.05088,1.37040,6.92174,13.93000,14.46200,0.00000,0.00000,0.00000,0.00000,0.00000,0.00000,0.00000,0.00000,0.00000,0.00000,13.94349,28.89760
20-1,1783317995.542554,2026-07-06T13:06:35.542554,5.08362,1.34745,6.84994,13.74000,15.12096,5.05088,1.37040,6.92174,13.93000,15.15455,0.00000,0.00000,0.00000,0.00000,0.00000,0.00000,0.00000,0.00000,0.00000,0.00000,13.77168,30.27551
20-1,1783317995.642613,2026-07-06T13:06:35.642613,5.08367,1.34648,6.84504,13.73000,15.80587,5.05888,1.37040,6.93270,13.93000,15.84822,0.00000,0.00000,0.00000,0.00000,0.00000,0.00000,0.00000,0.00000,0.00000,0.00000,13.77774,31.65409
20-1,1783317995.742669,2026-07-06T13:06:35.742669,5.08378,1.34452,6.83526,13.71000,16.48978,5.05470,1.37431,6.94672,13.97000,16.54328,0.00000,0.00000,0.00000,0.00000,0.00000,0.00000,0.00000,0.00000,0.00000,0.00000,13.78198,33.03306
20-1,1783317995.842723,2026-07-06T13:06:35.842723,5.08378,1.34452,6.83526,13.71000,17.17368,5.05367,1.39702,7.06006,14.20000,17.24968,0.00000,0.00000,0.00000,0.00000,0.00000,0.00000,0.00000,0.00000,0.00000,0.00000,13.89532,34.42335
20-1,1783317995.942778,2026-07-06T13:06:35.942778,5.08714,1.35624,6.89939,13.83000,17.86399,5.05475,1.37333,6.94185,13.96000,17.94424,0.00000,0.00000,0.00000,0.00000,0.00000,0.00000,0.00000,0.00000,0.00000,0.00000,13.84124,35.80823
20-1,1783317996.042832,2026-07-06T13:06:36.042832,5.08634,1.37089,6.97282,13.98000,18.56165,5.05075,1.37333,6.93636,13.96000,18.63825,0.00000,0.00000,0.00000,0.00000,0.00000,0.00000,0.00000,0.00000,0.00000,0.00000,13.90918,37.19991
21-1,1783317996.142891,2026-07-06T13:06:36.142891,5.08709,1.28373,6.53046,13.09000,0.65343,5.05492,1.36943,6.92234,13.92000,0.69264,0.00000,0.00000,0.00000,0.00000,0.00000,0.00000,0.00000,0.00000,0.00000,0.00000,13.45280,1.34606
21-1,1783317996.242946,2026-07-06T13:06:36.242946,5.08309,1.28373,6.52532,13.09000,1.30632,5.05457,1.37724,6.96135,14.00000,1.38916,0.00000,0.00000,0.00000,0.00000,0.00000,0.00000,0.00000,0.00000,0.00000,0.00000,13.48667,2.69548
21-1,1783317996.343001,2026-07-06T13:06:36.343001,5.09604,1.33964,6.82687,13.66000,1.98938,5.05132,1.36064,6.87301,13.83000,2.07684,0.00000,0.00000,0.00000,0.00000,0.00000,0.00000,0.00000,0.00000,0.00000,0.00000,13.69988,4.06622
21-1,1783317996.443055,2026-07-06T13:06:36.443055,5.11338,1.02176,5.22465,10.42000,2.51213,5.03932,1.36064,6.85669,13.83000,2.76288,0.00000,0.00000,0.00000,0.00000,0.00000,0.00000,0.00000,0.00000,0.00000,0.00000,12.08134,5.27501
21-1,1783317996.543110,2026-07-06T13:06:36.543110,5.08388,1.34257,6.82547,13.69000,3.19505,5.05044,1.38017,6.97046,14.03000,3.46031,0.00000,0.00000,0.00000,0.00000,0.00000,0.00000,0.00000,0.00000,0.00000,0.00000,13.79593,6.65536
21-1,1783317996.643165,2026-07-06T13:06:36.643165,5.08388,1.34257,6.82547,13.69000,3.87798,5.05119,1.36357,6.88763,13.86000,4.14945,0.00000,0.00000,0.00000,0.00000,0.00000,0.00000,0.00000,0.00000,0.00000,0.00000,13.71310,8.02743
21-1,1783317996.743221,2026-07-06T13:06:36.743221,5.08330,1.35331,6.87929,13.80000,4.56629,5.05044,1.38017,6.97046,14.03000,4.84688,0.00000,0.00000,0.00000,0.00000,0.00000,0.00000,0.00000,0.00000,0.00000,0.00000,13.84975,9.41317
21-1,1783317996.843275,2026-07-06T13:06:36.843275,5.07972,1.34550,6.83477,13.72000,5.25014,5.05444,1.38017,6.97598,14.03000,5.54486,0.00000,0.00000,0.00000,0.00000,0.00000,0.00000,0.00000,0.00000,0.00000,0.00000,13.81075,10.79500
21-1,1783317996.943330,2026-07-06T13:06:36.943330,5.07978,1.34452,6.82988,13.71000,5.93350,5.05910,1.36552,6.90830,13.88000,6.23607,0.00000,0.00000,0.00000,0.00000,0.00000,0.00000,0.00000,0.00000,0.00000,0.00000,13.73818,12.16957
21-1,1783317997.043384,2026-07-06T13:06:37.043384,5.07871,1.36406,6.92764,13.91000,6.62664,5.05799,1.38993,7.03028,14.13000,6.93948,0.00000,0.00000,0.00000,0.00000,0.00000,0.00000,0.00000,0.00000,0.00000,0.00000,13.95792,13.56612
21-1,1783317997.143439,2026-07-06T13:06:37.143439,5.08671,1.36406,6.93855,13.91000,7.32087,5.05910,1.36552,6.90830,13.88000,7.63068,0.00000,0.00000,0.00000,0.00000,0.00000,0.00000,0.00000,0.00000,0.00000,0.00000,13.84685,14.95155
21-1,1783317997.243493,2026-07-06T13:06:37.243493,5.07962,1.34745,6.84455,13.74000,8.00570,5.05110,1.36552,6.89738,13.88000,8.32080,0.00000,0.00000,0.00000,0.00000,0.00000,0.00000,0.00000,0.00000,0.00000,0.00000,13.74193,16.32650
21-1,1783317997.343548,2026-07-06T13:06:37.343548,5.07983,1.34355,6.82499,13.70000,8.68857,5.05039,1.38115,6.97533,14.04000,9.01871,0.00000,0.00000,0.00000,0.00000,0.00000,0.00000,0.00000,0.00000,0.00000,0.00000,13.80032,17.70728
21-1,1783317997.443603,2026-07-06T13:06:37.443603,5.07882,1.36210,6.91787,13.89000,9.38074,5.05106,1.36650,6.90225,13.89000,9.70932,0.00000,0.00000,0.00000,0.00000,0.00000,0.00000,0.00000,0.00000,0.00000,0.00000,13.82012,19.09006
21-1,1783317997.543658,2026-07-06T13:06:37.543658,5.08682,1.36210,6.92876,13.89000,10.07400,5.05501,1.36747,6.91259,13.90000,10.40096,0.00000,0.00000,0.00000,0.00000,0.00000,0.00000,0.00000,0.00000,0.00000,0.00000,13.84135,20.47495
21-1,1783317997.643713,2026-07-06T13:06:37.643713,5.08666,1.36503,6.94345,13.92000,10.76872,5.05501,1.36747,6.91259,13.90000,11.09259,0.00000,0.00000,0.00000,0.00000,0.00000,0.00000,0.00000,0.00000,0.00000,0.00000,13.85604,21.86132
21-1,1783317997.743767,2026-07-06T13:06:37.743767,5.08783,1.34355,6.83574,13.70000,11.45267,5.05372,1.39604,7.05519,14.19000,11.79850,0.00000,0.00000,0.00000,0.00000,0.00000,0.00000,0.00000,0.00000,0.00000,0.00000,13.89093,23.25117
21-1,1783317997.843823,2026-07-06T13:06:37.843823,5.07994,1.34159,6.81521,13.68000,12.13457,5.05506,1.36650,6.90772,13.89000,12.48965,0.00000,0.00000,0.00000,0.00000,0.00000,0.00000,0.00000,0.00000,0.00000,0.00000,13.72293,24.62422
21-1,1783317997.943877,2026-07-06T13:06:37.943877,5.08794,1.34159,6.82594,13.68000,12.81753,5.04719,1.36357,6.88218,13.86000,13.17824,0.00000,0.00000,0.00000,0.00000,0.00000,0.00000,0.00000,0.00000,0.00000,0.00000,13.70812,25.99577
21-1,1783317998.043931,2026-07-06T13:06:38.043931,5.08250,1.36796,6.95266,13.95000,13.51317,5.05519,1.36357,6.89309,13.86000,13.86792,0.00000,0.00000,0.00000,0.00000,0.00000,0.00000,0.00000,0.00000,0.00000,0.00000,13.84575,27.38110
21-1,1783317998.143986,2026-07-06T13:06:38.143986,5.08570,1.38261,7.03154,14.10000,14.21671,5.05358,1.39897,7.06981,14.22000,14.57529,0.00000,0.00000,0.00000,0.00000,0.00000,0.00000,0.00000,0.00000,0.00000,0.00000,14.10135,28.79200
21-1,1783317998.244041,2026-07-06T13:06:38.244041,5.08756,1.34843,6.86022,13.75000,14.90311,5.05483,1.37138,6.93210,13.94000,15.26888,0.00000,0.00000,0.00000,0.00000,0.00000,0.00000,0.00000,0.00000,0.00000,0.00000,13.79232,30.17200
21-1,1783317998.344095,2026-07-06T13:06:38.344095,5.07972,1.34550,6.83477,13.72000,15.58696,5.05106,1.36650,6.90225,13.89000,15.95948,0.00000,0.00000,0.00000,0.00000,0.00000,0.00000,0.00000,0.00000,0.00000,0.00000,13.73702,31.54644
21-1,1783317998.444150,2026-07-06T13:06:38.444150,5.07972,1.34550,6.83477,13.72000,16.27081,5.05906,1.36650,6.91318,13.89000,16.65118,0.00000,0.00000,0.00000,0.00000,0.00000,0.00000,0.00000,0.00000,0.00000,0.00000,13.74795,32.92199
21-1,1783317998.544206,2026-07-06T13:06:38.544206,5.08378,1.34452,6.83526,13.71000,16.95472,5.04991,1.39189,7.02890,14.15000,17.35446,0.00000,0.00000,0.00000,0.00000,0.00000,0.00000,0.00000,0.00000,0.00000,0.00000,13.86416,34.30918
21-1,1783317998.644260,2026-07-06T13:06:38.644260,5.08308,1.35722,6.89886,13.84000,17.64498,5.04981,1.39409,7.03986,14.17000,18.05884,0.00000,0.00000,0.00000,0.00000,0.00000,0.00000,0.00000,0.00000,0.00000,0.00000,13.93872,35.70382
21-1,1783317998.744315,2026-07-06T13:06:38.744315,5.08223,1.37284,6.97711,14.00000,18.34308,5.05483,1.37138,6.93210,13.94000,18.75243,0.00000,0.00000,0.00000,0.00000,0.00000,0.00000,0.00000,0.00000,0.00000,0.00000,13.90921,37.09550
21-1,1783317998.844370,2026-07-06T13:06:38.844370,5.08623,1.37284,6.98261,14.00000,19.04172,5.05483,1.37138,6.93210,13.94000,19.44601,0.00000,0.00000,0.00000,0.00000,0.00000,0.00000,0.00000,0.00000,0.00000,0.00000,13.91471,38.48773
21-1,1783317998.944424,2026-07-06T13:06:38.944424,5.08586,1.37968,7.01686,14.07000,19.74379,5.05483,1.37138,6.93210,13.94000,20.13960,0.00000,0.00000,0.00000,0.00000,0.00000,0.00000,0.00000,0.00000,0.00000,0.00000,13.94896,39.88339
21-1,1783317999.044482,2026-07-06T13:06:39.044482,5.08570,1.38261,7.03154,14.10000,20.44734,5.05439,1.38115,6.98085,14.04000,20.83809,0.00000,0.00000,0.00000,0.00000,0.00000,0.00000,0.00000,0.00000,0.00000,0.00000,14.01239,41.28543
21-1,1783317999.144536,2026-07-06T13:06:39.144536,5.08655,1.36699,6.95324,13.94000,21.14304,5.05372,1.39604,7.05519,14.19000,21.54399,0.00000,0.00000,0.00000,0.00000,0.00000,0.00000,0.00000,0.00000,0.00000,0.00000,14.00843,42.68703
21-1,1783317999.244592,2026-07-06T13:06:39.244592,5.08255,1.36699,6.94777,13.94000,21.83821,5.04572,1.39604,7.04402,14.19000,22.24879,0.00000,0.00000,0.00000,0.00000,0.00000,0.00000,0.00000,0.00000,0.00000,0.00000,13.99179,44.08700
21-1,1783317999.344646,2026-07-06T13:06:39.344646,5.08724,1.35429,6.88960,13.81000,22.52755,5.05758,1.39897,7.07540,14.22000,22.95671,0.00000,0.00000,0.00000,0.00000,0.00000,0.00000,0.00000,0.00000,0.00000,0.00000,13.96500,45.48426
21-1,1783317999.444701,2026-07-06T13:06:39.444701,5.08730,1.35331,6.88470,13.80000,23.21639,5.05892,1.36943,6.92782,13.92000,23.64987,0.00000,0.00000,0.00000,0.00000,0.00000,0.00000,0.00000,0.00000,0.00000,0.00000,13.81252,46.86627
21-1,1783317999.544756,2026-07-06T13:06:39.544756,5.07935,1.35234,6.86899,13.79000,23.90367,5.05870,1.37431,6.95222,13.97000,24.34548,0.00000,0.00000,0.00000,0.00000,0.00000,0.00000,0.00000,0.00000,0.00000,0.00000,13.82121,48.24915
21-1,1783317999.644811,2026-07-06T13:06:39.644811,5.08351,1.34941,6.85972,13.76000,24.59002,5.05870,1.37431,6.95222,13.97000,25.04108,0.00000,0.00000,0.00000,0.00000,0.00000,0.00000,0.00000,0.00000,0.00000,0.00000,13.81194,49.63110
21-1,1783317999.744866,2026-07-06T13:06:39.744866,5.07551,1.34941,6.84893,13.76000,25.27529,5.05092,1.36943,6.91687,13.92000,25.73315,0.00000,0.00000,0.00000,0.00000,0.00000,0.00000,0.00000,0.00000,0.00000,0.00000,13.76580,51.00843
21-1,1783317999.844921,2026-07-06T13:06:39.844921,5.07946,1.35038,6.85921,13.77000,25.96159,5.05497,1.36845,6.91747,13.91000,26.42528,0.00000,0.00000,0.00000,0.00000,0.00000,0.00000,0.00000,0.00000,0.00000,0.00000,13.77668,52.38686
21-1,1783317999.944976,2026-07-06T13:06:39.944976,5.07919,1.35527,6.88365,13.82000,26.65033,5.05475,1.37333,6.94185,13.96000,27.11984,0.00000,0.00000,0.00000,0.00000,0.00000,0.00000,0.00000,0.00000,0.00000,0.00000,13.82550,53.77017
21-1,1783318000.045031,2026-07-06T13:06:40.045031,5.08314,1.35624,6.89397,13.83000,27.34011,5.05417,1.38603,7.00523,13.96000,27.82075,0.00000,0.00000,0.00000,0.00000,0.00000,0.00000,0.00000,0.00000,0.00000,0.00000,13.89920,55.16086
21-1,1783318000.145087,2026-07-06T13:06:40.145087,5.07514,1.35624,6.88312,13.83000,28.02880,5.05417,1.38603,7.00523,14.09000,28.52166,0.00000,0.00000,0.00000,0.00000,0.00000,0.00000,0.00000,0.00000,0.00000,0.00000,13.88835,56.55046
21-1,1783318000.245141,2026-07-06T13:06:40.245141,5.08676,1.36308,6.93366,13.90000,28.72255,5.04976,1.39506,7.04473,14.18000,29.22652,0.00000,0.00000,0.00000,0.00000,0.00000,0.00000,0.00000,0.00000,0.00000,0.00000,13.97839,57.94907
21-1,1783318000.345199,2026-07-06T13:06:40.345199,5.08586,1.37968,7.01686,14.07000,29.42464,5.04967,1.39702,7.05447,14.20000,29.93238,0.00000,0.00000,0.00000,0.00000,0.00000,0.00000,0.00000,0.00000,0.00000,0.00000,14.07133,59.35701
21-1,1783318000.445254,2026-07-06T13:06:40.445254,5.08931,1.38969,7.07257,14.17000,30.13228,5.05763,1.39799,7.07052,14.21000,30.63982,0.00000,0.00000,0.00000,0.00000,0.00000,0.00000,0.00000,0.00000,0.00000,0.00000,14.14309,60.77210
21-1,1783318000.545310,2026-07-06T13:06:40.545310,5.08531,1.38969,7.06701,14.17000,30.83938,5.05763,1.39799,7.07052,14.21000,31.34726,0.00000,0.00000,0.00000,0.00000,0.00000,0.00000,0.00000,0.00000,0.00000,0.00000,14.13753,62.18664
21-1,1783318000.645364,2026-07-06T13:06:40.645364,5.09002,1.37675,7.00769,14.04000,31.54053,5.05367,1.39702,7.06006,14.20000,32.05365,0.00000,0.00000,0.00000,0.00000,0.00000,0.00000,0.00000,0.00000,0.00000,0.00000,14.06775,63.59418
21-1,1783318000.745418,2026-07-06T13:06:40.745418,5.08975,1.38163,7.03217,14.09000,32.24413,5.05363,1.39799,7.06493,14.21000,32.76053,0.00000,0.00000,0.00000,0.00000,0.00000,0.00000,0.00000,0.00000,0.00000,0.00000,14.09710,65.00465
21-1,1783318000.845473,2026-07-06T13:06:40.845473,5.09012,1.37480,6.99789,14.02000,32.94430,5.04967,1.39702,7.05447,14.20000,33.46636,0.00000,0.00000,0.00000,0.00000,0.00000,0.00000,0.00000,0.00000,0.00000,0.00000,14.05236,66.41066
21-1,1783318000.945528,2026-07-06T13:06:40.945528,5.08612,1.37480,6.99239,14.02000,33.64392,5.05367,1.39702,7.06006,14.20000,34.17276,0.00000,0.00000,0.00000,0.00000,0.00000,0.00000,0.00000,0.00000,0.00000,0.00000,14.05245,67.81668
21-1,1783318001.045584,2026-07-06T13:06:41.045584,5.08783,1.34355,6.83574,13.70000,34.32788,5.05039,1.38115,6.97533,14.04000,34.87068,0.00000,0.00000,0.00000,0.00000,0.00000,0.00000,0.00000,0.00000,0.00000,0.00000,13.81107,69.19855
21-1,1783318001.145638,2026-07-06T13:06:41.145638,5.08324,1.35429,6.88418,13.81000,35.01667,5.05106,1.36650,6.90225,13.89000,35.56128,0.00000,0.00000,0.00000,0.00000,0.00000,0.00000,0.00000,0.00000,0.00000,0.00000,13.78643,70.57794
21-1,1783318001.245693,2026-07-06T13:06:41.245693,5.08228,1.37187,6.97222,13.99000,35.71427,5.05061,1.37626,6.95097,13.99000,36.25675,0.00000,0.00000,0.00000,0.00000,0.00000,0.00000,0.00000,0.00000,0.00000,0.00000,13.92319,71.97103
21-1,1783318001.345748,2026-07-06T13:06:41.345748,5.08196,1.37773,7.00156,14.05000,36.41481,5.05461,1.37626,6.95648,13.99000,36.95279,0.00000,0.00000,0.00000,0.00000,0.00000,0.00000,0.00000,0.00000,0.00000,0.00000,13.95804,73.36760
21-1,1783318001.445868,2026-07-06T13:06:41.445868,5.08196,1.37773,7.00156,14.05000,37.11581,5.05470,1.37431,6.94672,13.97000,37.64829,0.00000,0.00000,0.00000,0.00000,0.00000,0.00000,0.00000,0.00000,0.00000,0.00000,13.94828,74.76410
21-1,1783318001.545986,2026-07-06T13:06:41.545986,5.08591,1.37870,7.01197,14.06000,37.81783,5.05452,1.37822,6.96623,14.01000,38.34573,0.00000,0.00000,0.00000,0.00000,0.00000,0.00000,0.00000,0.00000,0.00000,0.00000,13.97820,76.16357
21-1,1783318001.646056,2026-07-06T13:06:41.646056,5.08692,1.36015,6.91897,13.87000,38.51021,5.04523,1.40678,7.09754,14.30000,39.05598,0.00000,0.00000,0.00000,0.00000,0.00000,0.00000,0.00000,0.00000,0.00000,0.00000,14.01651,77.56620
21-1,1783318001.746174,2026-07-06T13:06:41.746174,5.07914,1.35624,6.88854,13.83000,39.19988,5.05323,1.40678,7.10879,14.30000,39.76771,0.00000,0.00000,0.00000,0.00000,0.00000,0.00000,0.00000,0.00000,0.00000,0.00000,13.99733,78.96759
21-1,1783318001.846293,2026-07-06T13:06:41.846293,5.08314,1.35624,6.89397,13.83000,39.89010,5.04963,1.39799,7.05934,14.21000,40.47448,0.00000,0.00000,0.00000,0.00000,0.00000,0.00000,0.00000,0.00000,0.00000,0.00000,13.95331,80.36458
21-1,1783318001.946411,2026-07-06T13:06:41.946411,5.08154,1.38554,7.04068,14.13000,40.59500,5.04963,1.39799,7.05934,14.21000,41.18125,0.00000,0.00000,0.00000,0.00000,0.00000,0.00000,0.00000,0.00000,0.00000,0.00000,14.10002,81.77625
21-1,1783318002.046530,2026-07-06T13:06:42.046530,5.08181,1.38066,7.01623,14.08000,41.29746,5.05808,1.38798,7.02053,14.11000,41.88413,0.00000,0.00000,0.00000,0.00000,0.00000,0.00000,0.00000,0.00000,0.00000,0.00000,14.03676,83.18159
21-1,1783318002.146648,2026-07-06T13:06:42.146648,5.07940,1.35136,6.86410,13.78000,41.98467,5.05008,1.38798,7.00942,14.11000,42.58590,0.00000,0.00000,0.00000,0.00000,0.00000,0.00000,0.00000,0.00000,0.00000,0.00000,13.87352,84.57058
21-1,1783318002.246766,2026-07-06T13:06:42.246766,5.07940,1.35136,6.86410,13.78000,42.67190,5.05061,1.37626,6.95097,13.99000,43.28182,0.00000,0.00000,0.00000,0.00000,0.00000,0.00000,0.00000,0.00000,0.00000,0.00000,13.81507,85.95372
21-1,1783318002.346884,2026-07-06T13:06:42.346884,5.08618,1.37382,6.98750,14.01000,43.37147,5.04972,1.39604,7.04960,14.19000,43.98761,0.00000,0.00000,0.00000,0.00000,0.00000,0.00000,0.00000,0.00000,0.00000,0.00000,14.03710,87.35909
21-1,1783318002.447003,2026-07-06T13:06:42.447003,5.08586,1.37968,7.01686,14.07000,44.07399,5.05750,1.40092,7.08516,14.24000,44.69697,0.00000,0.00000,0.00000,0.00000,0.00000,0.00000,0.00000,0.00000,0.00000,0.00000,14.10202,88.77096
21-1,1783318002.547120,2026-07-06T13:06:42.547120,5.08698,1.35917,6.91408,13.86000,44.76621,5.05750,1.40092,7.08516,14.24000,45.40632,0.00000,0.00000,0.00000,0.00000,0.00000,0.00000,0.00000,0.00000,0.00000,0.00000,13.99924,90.17253
21-1,1783318002.647238,2026-07-06T13:06:42.647238,5.08165,1.38359,7.03090,14.11000,45.47013,5.05367,1.39702,7.06006,14.20000,46.11316,0.00000,0.00000,0.00000,0.00000,0.00000,0.00000,0.00000,0.00000,0.00000,0.00000,14.09096,91.58329
21-1,1783318002.747357,2026-07-06T13:06:42.747357,5.08165,1.38359,7.03090,14.11000,46.17405,5.05488,1.37040,6.92722,13.93000,46.80670,0.00000,0.00000,0.00000,0.00000,0.00000,0.00000,0.00000,0.00000,0.00000,0.00000,13.95812,92.98075
21-1,1783318002.847476,2026-07-06T13:06:42.847476,5.08570,1.38261,7.03154,14.10000,46.87804,5.05723,1.40678,7.11442,14.30000,47.51899,0.00000,0.00000,0.00000,0.00000,0.00000,0.00000,0.00000,0.00000,0.00000,0.00000,14.14596,94.39703
21-1,1783318002.947595,2026-07-06T13:06:42.947595,5.08735,1.35234,6.87981,13.79000,47.56685,5.05323,1.40678,7.10879,14.30000,48.23072,0.00000,0.00000,0.00000,0.00000,0.00000,0.00000,0.00000,0.00000,0.00000,0.00000,13.98860,95.79757
22-1,1783318003.047693,2026-07-06T13:06:43.047693,5.08165,1.38359,7.03090,14.11000,0.70377,5.05345,1.40190,7.08443,14.25000,0.70913,0.00000,0.00000,0.00000,0.00000,0.00000,0.00000,0.00000,0.00000,0.00000,0.00000,14.11533,1.41290
22-1,1783318003.147813,2026-07-06T13:06:43.147813,5.08165,1.38359,7.03090,14.11000,1.40771,5.05800,1.30155,6.58325,13.23000,1.36825,0.00000,0.00000,0.00000,0.00000,0.00000,0.00000,0.00000,0.00000,0.00000,0.00000,13.61415,2.77596
22-1,1783318003.247933,2026-07-06T13:06:43.247933,5.09578,1.34452,6.85139,13.71000,2.09367,5.05904,1.19022,6.02138,12.10000,1.97111,0.00000,0.00000,0.00000,0.00000,0.00000,0.00000,0.00000,0.00000,0.00000,0.00000,12.87277,4.06478
22-1,1783318003.348053,2026-07-06T13:06:43.348053,5.10113,1.24638,6.35793,12.71000,2.73023,5.05104,1.19022,6.01185,12.10000,2.57302,0.00000,0.00000,0.00000,0.00000,0.00000,0.00000,0.00000,0.00000,0.00000,0.00000,12.36978,5.30324
22-1,1783318003.448171,2026-07-06T13:06:43.448171,5.08442,1.33280,6.77653,13.59000,3.40868,5.05519,1.36357,6.89309,13.86000,3.26314,0.00000,0.00000,0.00000,0.00000,0.00000,0.00000,0.00000,0.00000,0.00000,0.00000,13.66962,6.67182
22-1,1783318003.548291,2026-07-06T13:06:43.548291,5.08442,1.33280,6.77653,13.59000,4.08714,5.05413,1.38701,7.01010,14.10000,3.96499,0.00000,0.00000,0.00000,0.00000,0.00000,0.00000,0.00000,0.00000,0.00000,0.00000,13.78663,8.05213
22-1,1783318003.648410,2026-07-06T13:06:43.648410,5.08314,1.35624,6.89397,13.83000,4.77736,5.05101,1.36747,6.90712,13.90000,4.65652,0.00000,0.00000,0.00000,0.00000,0.00000,0.00000,0.00000,0.00000,0.00000,0.00000,13.80109,9.43389
22-1,1783318003.748530,2026-07-06T13:06:43.748530,5.08388,1.34257,6.82547,13.69000,5.46073,5.05501,1.36747,6.91259,13.90000,5.34861,0.00000,0.00000,0.00000,0.00000,0.00000,0.00000,0.00000,0.00000,0.00000,0.00000,13.73806,10.80934
22-1,1783318003.848647,2026-07-06T13:06:43.848647,5.08287,1.36113,6.91842,13.88000,6.15338,5.04999,1.38993,7.01916,14.13000,6.05135,0.00000,0.00000,0.00000,0.00000,0.00000,0.00000,0.00000,0.00000,0.00000,0.00000,13.93758,12.20474
22-1,1783318003.948776,2026-07-06T13:06:43.948776,5.07946,1.35038,6.85921,13.77000,6.84019,5.05106,1.36650,6.90225,13.89000,6.74247,0.00000,0.00000,0.00000,0.00000,0.00000,0.00000,0.00000,0.00000,0.00000,0.00000,13.76146,13.58266
22-1,1783318004.048895,2026-07-06T13:06:44.048895,5.08346,1.35038,6.86461,13.77000,7.52746,5.05066,1.37529,6.94610,13.98000,7.43790,0.00000,0.00000,0.00000,0.00000,0.00000,0.00000,0.00000,0.00000,0.00000,0.00000,13.81071,14.96537
22-1,1783318004.149014,2026-07-06T13:06:44.149014,5.08799,1.34062,6.82105,13.67000,8.21038,5.05066,1.37529,6.94610,13.98000,8.13334,0.00000,0.00000,0.00000,0.00000,0.00000,0.00000,0.00000,0.00000,0.00000,0.00000,13.76715,16.34371
22-1,1783318004.249132,2026-07-06T13:06:44.249132,5.08639,1.36991,6.96792,13.97000,8.90800,5.05506,1.36650,6.90772,13.89000,8.82493,0.00000,0.00000,0.00000,0.00000,0.00000,0.00000,0.00000,0.00000,0.00000,0.00000,13.87564,17.73292
22-1,1783318004.349251,2026-07-06T13:06:44.349251,5.08367,1.34648,6.84504,13.73000,9.59332,5.05523,1.36259,6.88821,13.85000,9.51457,0.00000,0.00000,0.00000,0.00000,0.00000,0.00000,0.00000,0.00000,0.00000,0.00000,13.73325,19.10788
22-1,1783318004.449369,2026-07-06T13:06:44.449369,5.08367,1.34648,6.84504,13.73000,10.27863,5.05817,1.38603,7.01077,14.09000,10.21647,0.00000,0.00000,0.00000,0.00000,0.00000,0.00000,0.00000,0.00000,0.00000,0.00000,13.85581,20.49510
22-1,1783318004.549488,2026-07-06T13:06:44.549488,5.07946,1.35038,6.85921,13.77000,10.96536,5.05817,1.38603,7.01077,14.09000,10.91838,0.00000,0.00000,0.00000,0.00000,0.00000,0.00000,0.00000,0.00000,0.00000,0.00000,13.86998,21.88375
22-1,1783318004.649605,2026-07-06T13:06:44.649605,5.07860,1.36601,6.93742,13.93000,11.65992,5.05883,1.37138,6.93758,13.94000,11.61295,0.00000,0.00000,0.00000,0.00000,0.00000,0.00000,0.00000,0.00000,0.00000,0.00000,13.87500,23.27287
22-1,1783318004.749723,2026-07-06T13:06:44.749723,5.08581,1.38066,7.02175,14.08000,12.36292,5.05799,1.38993,7.03028,14.13000,12.31681,0.00000,0.00000,0.00000,0.00000,0.00000,0.00000,0.00000,0.00000,0.00000,0.00000,14.05203,24.67974
22-1,1783318004.849841,2026-07-06T13:06:44.849841,5.08581,1.38066,7.02175,14.08000,13.06592,5.05483,1.37138,6.93210,13.94000,13.01084,0.00000,0.00000,0.00000,0.00000,0.00000,0.00000,0.00000,0.00000,0.00000,0.00000,13.95385,26.07676
22-1,1783318004.949959,2026-07-06T13:06:44.949959,5.08351,1.34941,6.85972,13.76000,13.75271,5.05083,1.37138,6.92661,13.94000,13.70432,0.00000,0.00000,0.00000,0.00000,0.00000,0.00000,0.00000,0.00000,0.00000,0.00000,13.78633,27.45703
22-1,1783318005.050078,2026-07-06T13:06:45.050078,5.08351,1.34941,6.85972,13.76000,14.43949,5.05079,1.37236,6.93148,13.95000,14.39829,0.00000,0.00000,0.00000,0.00000,0.00000,0.00000,0.00000,0.00000,0.00000,0.00000,13.79120,28.83778
22-1,1783318005.150197,2026-07-06T13:06:45.150197,5.08282,1.36210,6.92332,13.89000,15.13265,5.04995,1.39091,7.02403,14.14000,15.10153,0.00000,0.00000,0.00000,0.00000,0.00000,0.00000,0.00000,0.00000,0.00000,0.00000,13.94735,30.23417
22-1,1783318005.250314,2026-07-06T13:06:45.250314,5.08207,1.37577,6.99178,14.03000,15.83265,5.05870,1.37431,6.95222,13.97000,15.79757,0.00000,0.00000,0.00000,0.00000,0.00000,0.00000,0.00000,0.00000,0.00000,0.00000,13.94400,31.63022
22-1,1783318005.350432,2026-07-06T13:06:45.350432,5.08607,1.37577,6.99729,14.03000,16.53320,5.04670,1.37431,6.93573,13.97000,16.49195,0.00000,0.00000,0.00000,0.00000,0.00000,0.00000,0.00000,0.00000,0.00000,0.00000,13.93302,33.02515
22-1,1783318005.450549,2026-07-06T13:06:45.450549,5.08276,1.36308,6.92821,13.90000,17.22683,5.05479,1.37236,6.93697,13.95000,17.18647,0.00000,0.00000,0.00000,0.00000,0.00000,0.00000,0.00000,0.00000,0.00000,0.00000,13.86518,34.41330
22-1,1783318005.550668,2026-07-06T13:06:45.550668,5.08351,1.34941,6.85972,13.76000,17.91362,5.05470,1.37431,6.94672,13.97000,17.88196,0.00000,0.00000,0.00000,0.00000,0.00000,0.00000,0.00000,0.00000,0.00000,0.00000,13.80644,35.79558
22-1,1783318005.650785,2026-07-06T13:06:45.650785,5.07924,1.35429,6.87877,13.81000,18.60230,5.05750,1.40092,7.08516,14.24000,18.59131,0.00000,0.00000,0.00000,0.00000,0.00000,0.00000,0.00000,0.00000,0.00000,0.00000,13.96393,37.19361
22-1,1783318005.750905,2026-07-06T13:06:45.750905,5.07524,1.35429,6.87335,13.81000,19.29046,5.05350,1.40092,7.07955,14.24000,19.30011,0.00000,0.00000,0.00000,0.00000,0.00000,0.00000,0.00000,0.00000,0.00000,0.00000,13.95290,38.59057
22-1,1783318005.851024,2026-07-06T13:06:45.851024,5.08783,1.34355,6.83574,13.70000,19.97485,5.05079,1.37236,6.93148,13.95000,19.99408,0.00000,0.00000,0.00000,0.00000,0.00000,0.00000,0.00000,0.00000,0.00000,0.00000,13.76722,39.96893
22-1,1783318005.951140,2026-07-06T13:06:45.951140,5.08666,1.36503,6.94345,13.92000,20.67000,5.05066,1.37529,6.94610,13.98000,20.68950,0.00000,0.00000,0.00000,0.00000,0.00000,0.00000,0.00000,0.00000,0.00000,0.00000,13.88955,41.35950
22-1,1783318006.051258,2026-07-06T13:06:46.051258,5.08618,1.37382,6.98750,14.01000,21.36958,5.05106,1.36650,6.90225,13.89000,21.38054,0.00000,0.00000,0.00000,0.00000,0.00000,0.00000,0.00000,0.00000,0.00000,0.00000,13.88975,42.75011
22-1,1783318006.151377,2026-07-06T13:06:46.151377,5.08218,1.37382,6.98200,14.01000,22.06861,5.05506,1.36650,6.90772,13.89000,22.07214,0.00000,0.00000,0.00000,0.00000,0.00000,0.00000,0.00000,0.00000,0.00000,0.00000,13.88972,44.14074
22-1,1783318006.251496,2026-07-06T13:06:46.251496,5.08596,1.37773,7.00707,14.05000,22.77014,5.05363,1.39799,7.06493,14.21000,22.77947,0.00000,0.00000,0.00000,0.00000,0.00000,0.00000,0.00000,0.00000,0.00000,0.00000,14.07200,45.54961
22-1,1783318006.351615,2026-07-06T13:06:46.351615,5.08634,1.37089,6.97282,13.98000,23.46826,5.05386,1.39286,7.03935,14.16000,23.48424,0.00000,0.00000,0.00000,0.00000,0.00000,0.00000,0.00000,0.00000,0.00000,0.00000,14.01217,46.95249
22-1,1783318006.451731,2026-07-06T13:06:46.451731,5.08191,1.37870,7.00645,14.06000,24.16971,5.05363,1.39799,7.06493,14.21000,24.19155,0.00000,0.00000,0.00000,0.00000,0.00000,0.00000,0.00000,0.00000,0.00000,0.00000,14.07138,48.36126
22-1,1783318006.551849,2026-07-06T13:06:46.551849,5.08591,1.37870,7.01197,14.06000,24.87174,5.05363,1.39799,7.06493,14.21000,24.89888,0.00000,0.00000,0.00000,0.00000,0.00000,0.00000,0.00000,0.00000,0.00000,0.00000,14.07690,49.77062
22-1,1783318006.651968,2026-07-06T13:06:46.651968,5.08607,1.37577,6.99729,14.03000,25.57230,5.05070,1.37431,6.94123,13.97000,25.59383,0.00000,0.00000,0.00000,0.00000,0.00000,0.00000,0.00000,0.00000,0.00000,0.00000,13.93852,51.16613
22-1,1783318006.752088,2026-07-06T13:06:46.752088,5.08581,1.38066,7.02175,14.08000,26.27532,5.05070,1.37431,6.94123,13.97000,26.28879,0.00000,0.00000,0.00000,0.00000,0.00000,0.00000,0.00000,0.00000,0.00000,0.00000,13.96298,52.56411
22-1,1783318006.852208,2026-07-06T13:06:46.852208,5.08575,1.38163,7.02665,14.09000,26.97883,5.05070,1.37431,6.94123,13.97000,26.98374,0.00000,0.00000,0.00000,0.00000,0.00000,0.00000,0.00000,0.00000,0.00000,0.00000,13.96788,53.96257
22-1,1783318006.952326,2026-07-06T13:06:46.952326,5.08996,1.37773,7.01259,14.05000,27.68091,5.05470,1.37431,6.94672,13.97000,27.67923,0.00000,0.00000,0.00000,0.00000,0.00000,0.00000,0.00000,0.00000,0.00000,0.00000,13.95931,55.36014
22-1,1783318007.052444,2026-07-06T13:06:47.052444,5.08196,1.37773,7.00156,14.05000,28.38190,5.05475,1.37333,6.94185,13.96000,28.37424,0.00000,0.00000,0.00000,0.00000,0.00000,0.00000,0.00000,0.00000,0.00000,0.00000,13.94341,56.75614
22-1,1783318007.152561,2026-07-06T13:06:47.152561,5.08207,1.37577,6.99178,14.03000,29.08189,5.05483,1.37138,6.93210,13.94000,29.06826,0.00000,0.00000,0.00000,0.00000,0.00000,0.00000,0.00000,0.00000,0.00000,0.00000,13.92388,58.15015
22-1,1783318007.252680,2026-07-06T13:06:47.252680,5.08207,1.37577,6.99178,14.03000,29.78190,5.04688,1.37040,6.91626,13.93000,29.76070,0.00000,0.00000,0.00000,0.00000,0.00000,0.00000,0.00000,0.00000,0.00000,0.00000,13.90804,59.54261
22-1,1783318007.352799,2026-07-06T13:06:47.352799,5.09391,1.37870,7.02300,14.06000,30.48504,5.05488,1.37040,6.92722,13.93000,30.45425,0.00000,0.00000,0.00000,0.00000,0.00000,0.00000,0.00000,0.00000,0.00000,0.00000,13.95022,60.93929
22-1,1783318007.452918,2026-07-06T13:06:47.452918,5.09391,1.37870,7.02300,14.06000,31.18817,5.04279,1.37236,6.92050,13.95000,31.14712,0.00000,0.00000,0.00000,0.00000,0.00000,0.00000,0.00000,0.00000,0.00000,0.00000,13.94350,62.33529
22-1,1783318007.553036,2026-07-06T13:06:47.553036,5.09007,1.37577,7.00279,14.03000,31.88928,5.04297,1.36845,6.90105,13.91000,31.83805,0.00000,0.00000,0.00000,0.00000,0.00000,0.00000,0.00000,0.00000,0.00000,0.00000,13.90384,63.72733
22-1,1783318007.653155,2026-07-06T13:06:47.653155,5.09119,1.35527,6.89992,13.82000,32.58009,5.05106,1.36650,6.90225,13.89000,32.52909,0.00000,0.00000,0.00000,0.00000,0.00000,0.00000,0.00000,0.00000,0.00000,0.00000,13.80217,65.10918
22-1,1783318007.753273,2026-07-06T13:06:47.753273,5.08335,1.35234,6.87440,13.79000,33.26835,5.05506,1.36650,6.90772,13.89000,33.22068,0.00000,0.00000,0.00000,0.00000,0.00000,0.00000,0.00000,0.00000,0.00000,0.00000,13.78212,66.48902
22-1,1783318007.853392,2026-07-06T13:06:47.853392,5.08735,1.35234,6.87981,13.79000,33.95714,5.05475,1.37333,6.94185,13.96000,33.91569,0.00000,0.00000,0.00000,0.00000,0.00000,0.00000,0.00000,0.00000,0.00000,0.00000,13.82166,67.87283
22-1,1783318007.953511,2026-07-06T13:06:47.953511,5.08319,1.35527,6.88907,13.82000,34.64687,5.05079,1.37236,6.93148,13.95000,34.60966,0.00000,0.00000,0.00000,0.00000,0.00000,0.00000,0.00000,0.00000,0.00000,0.00000,13.82055,69.25653
22-1,1783318008.053630,2026-07-06T13:06:48.053630,5.08244,1.36894,6.95755,13.96000,35.34346,5.05070,1.37431,6.94123,13.97000,35.30461,0.00000,0.00000,0.00000,0.00000,0.00000,0.00000,0.00000,0.00000,0.00000,0.00000,13.89878,70.64807
22-1,1783318008.153748,2026-07-06T13:06:48.153748,5.08170,1.38261,7.02601,14.10000,36.04688,5.05057,1.37724,6.95584,14.00000,36.00101,0.00000,0.00000,0.00000,0.00000,0.00000,0.00000,0.00000,0.00000,0.00000,0.00000,13.98185,72.04789
22-1,1783318008.253866,2026-07-06T13:06:48.253866,5.08181,1.38066,7.01623,14.08000,36.74933,5.05057,1.37724,6.95584,14.00000,36.69742,0.00000,0.00000,0.00000,0.00000,0.00000,0.00000,0.00000,0.00000,0.00000,0.00000,13.97207,73.44675
22-1,1783318008.353985,2026-07-06T13:06:48.353985,5.07781,1.38066,7.01071,14.08000,37.45124,5.05057,1.37724,6.95584,14.00000,37.39383,0.00000,0.00000,0.00000,0.00000,0.00000,0.00000,0.00000,0.00000,0.00000,0.00000,13.96655,74.84507
22-1,1783318008.454137,2026-07-06T13:06:48.454137,5.07802,1.37675,6.99117,14.04000,38.15142,5.04967,1.39702,7.05447,14.20000,38.10035,0.00000,0.00000,0.00000,0.00000,0.00000,0.00000,0.00000,0.00000,0.00000,0.00000,14.04564,76.25177
22-1,1783318008.554253,2026-07-06T13:06:48.554253,5.07924,1.35429,6.87877,13.81000,38.84010,5.05350,1.40092,7.07955,14.24000,38.80913,0.00000,0.00000,0.00000,0.00000,0.00000,0.00000,0.00000,0.00000,0.00000,0.00000,13.95832,77.64923
22-1,1783318008.654371,2026-07-06T13:06:48.654371,5.08228,1.37187,6.97222,13.99000,39.53814,5.05350,1.40092,7.07955,14.24000,39.51792,0.00000,0.00000,0.00000,0.00000,0.00000,0.00000,0.00000,0.00000,0.00000,0.00000,14.05177,79.05605
22-1,1783318008.754488,2026-07-06T13:06:48.754488,5.08228,1.37187,6.97222,13.99000,40.23618,5.04945,1.40190,7.07882,14.25000,40.22663,0.00000,0.00000,0.00000,0.00000,0.00000,0.00000,0.00000,0.00000,0.00000,0.00000,14.05104,80.46280
22-1,1783318008.854607,2026-07-06T13:06:48.854607,5.08575,1.38163,7.02665,14.09000,40.93967,5.04954,1.39995,7.06908,14.23000,40.93438,0.00000,0.00000,0.00000,0.00000,0.00000,0.00000,0.00000,0.00000,0.00000,0.00000,14.09573,81.87405
22-1,1783318008.954726,2026-07-06T13:06:48.954726,5.08591,1.37870,7.01197,14.06000,41.64171,5.05492,1.36943,6.92234,13.92000,41.62743,0.00000,0.00000,0.00000,0.00000,0.00000,0.00000,0.00000,0.00000,0.00000,0.00000,13.93431,83.26914
22-1,1783318009.054844,2026-07-06T13:06:49.054844,5.08330,1.35331,6.87929,13.80000,42.33045,5.05492,1.36943,6.92234,13.92000,42.32049,0.00000,0.00000,0.00000,0.00000,0.00000,0.00000,0.00000,0.00000,0.00000,0.00000,13.80163,84.65094
22-1,1783318009.154963,2026-07-06T13:06:49.154963,5.08330,1.35331,6.87929,13.80000,43.01920,5.04652,1.37822,6.95520,14.01000,43.01683,0.00000,0.00000,0.00000,0.00000,0.00000,0.00000,0.00000,0.00000,0.00000,0.00000,13.83449,86.03603
22-1,1783318009.255084,2026-07-06T13:06:49.255084,5.08159,1.38456,7.03579,14.12000,43.72363,5.04545,1.40190,7.07321,14.25000,43.72501,0.00000,0.00000,0.00000,0.00000,0.00000,0.00000,0.00000,0.00000,0.00000,0.00000,14.10900,87.44864
22-1,1783318009.355201,2026-07-06T13:06:49.355201,5.08181,1.38066,7.01623,14.08000,44.42607,5.04945,1.40190,7.07882,14.25000,44.43372,0.00000,0.00000,0.00000,0.00000,0.00000,0.00000,0.00000,0.00000,0.00000,0.00000,14.09505,88.85980
22-1,1783318009.455320,2026-07-06T13:06:49.455320,5.08330,1.35331,6.87929,13.80000,45.11482,5.05345,1.40190,7.08443,14.25000,45.14301,0.00000,0.00000,0.00000,0.00000,0.00000,0.00000,0.00000,0.00000,0.00000,0.00000,13.96372,90.25783
22-1,1783318009.555439,2026-07-06T13:06:49.555439,5.07743,1.38749,7.04490,14.15000,45.82015,5.04958,1.39897,7.06421,14.22000,45.85027,0.00000,0.00000,0.00000,0.00000,0.00000,0.00000,0.00000,0.00000,0.00000,0.00000,14.10911,91.67042
22-1,1783318009.655557,2026-07-06T13:06:49.655557,5.08543,1.38749,7.05600,14.15000,46.52658,5.05061,1.37626,6.95097,13.99000,46.54618,0.00000,0.00000,0.00000,0.00000,0.00000,0.00000,0.00000,0.00000,0.00000,0.00000,14.00697,93.07276
22-1,1783318009.755675,2026-07-06T13:06:49.755675,5.08165,1.38359,7.03090,14.11000,47.23050,5.05314,1.40873,7.11854,14.32000,47.25888,0.00000,0.00000,0.00000,0.00000,0.00000,0.00000,0.00000,0.00000,0.00000,0.00000,14.14944,94.48938
22-1,1783318009.855794,2026-07-06T13:06:49.855794,5.08314,1.35624,6.89397,13.83000,47.92072,5.05314,1.40873,7.11854,14.32000,47.97158,0.00000,0.00000,0.00000,0.00000,0.00000,0.00000,0.00000,0.00000,0.00000,0.00000,14.01251,95.89230
23-1,1783318009.955934,2026-07-06T13:06:49.955934,5.08892,1.25028,6.36258,12.75000,0.63715,5.04945,1.40190,7.07882,14.25000,0.70887,0.00000,0.00000,0.00000,0.00000,0.00000,0.00000,0.00000,0.00000,0.00000,0.00000,13.44140,1.34602
23-1,1783318010.056051,2026-07-06T13:06:50.056051,5.08492,1.25028,6.35758,12.75000,1.27365,5.05021,1.38505,6.99481,14.08000,1.40917,0.00000,0.00000,0.00000,0.00000,0.00000,0.00000,0.00000,0.00000,0.00000,0.00000,13.35239,2.68282
23-1,1783318010.156169,2026-07-06T13:06:50.156169,5.09054,1.44047,7.33279,14.69000,2.00779,5.06363,1.00052,5.06625,10.17000,1.91639,0.00000,0.00000,0.00000,0.00000,0.00000,0.00000,0.00000,0.00000,0.00000,0.00000,12.39904,3.92419
23-1,1783318010.256287,2026-07-06T13:06:50.256287,5.09845,1.29545,6.60479,13.21000,2.66906,5.05963,1.00052,5.06225,10.17000,2.42322,0.00000,0.00000,0.00000,0.00000,0.00000,0.00000,0.00000,0.00000,0.00000,0.00000,11.66704,5.09228
23-1,1783318010.356405,2026-07-06T13:06:50.356405,5.08639,1.36991,6.96792,13.97000,3.36667,5.05538,1.35942,6.87236,13.82000,3.11127,0.00000,0.00000,0.00000,0.00000,0.00000,0.00000,0.00000,0.00000,0.00000,0.00000,13.84028,6.47794
23-1,1783318010.456524,2026-07-06T13:06:50.456524,5.08239,1.36991,6.96244,13.97000,4.06374,5.05497,1.36845,6.91747,13.91000,3.80384,0.00000,0.00000,0.00000,0.00000,0.00000,0.00000,0.00000,0.00000,0.00000,0.00000,13.87991,7.86758
23-1,1783318010.556642,2026-07-06T13:06:50.556642,5.07983,1.34355,6.82499,13.70000,4.74705,5.05142,1.35844,6.86205,13.81000,4.49085,0.00000,0.00000,0.00000,0.00000,0.00000,0.00000,0.00000,0.00000,0.00000,0.00000,13.68704,9.23790
23-1,1783318010.656761,2026-07-06T13:06:50.656761,5.08015,1.33769,6.79565,13.64000,5.42742,5.05142,1.35844,6.86205,13.81000,5.17787,0.00000,0.00000,0.00000,0.00000,0.00000,0.00000,0.00000,0.00000,0.00000,0.00000,13.65770,10.60528
23-1,1783318010.756878,2026-07-06T13:06:50.756878,5.08287,1.36113,6.91842,13.88000,6.12007,5.05088,1.37040,6.92174,13.93000,5.87086,0.00000,0.00000,0.00000,0.00000,0.00000,0.00000,0.00000,0.00000,0.00000,0.00000,13.84016,11.99093
23-1,1783318010.856943,2026-07-06T13:06:50.856943,5.08372,1.34550,6.84015,13.72000,6.80453,5.05123,1.36259,6.88276,13.85000,6.55958,0.00000,0.00000,0.00000,0.00000,0.00000,0.00000,0.00000,0.00000,0.00000,0.00000,13.72291,13.36410
23-1,1783318010.957061,2026-07-06T13:06:50.957061,5.08372,1.34550,6.84015,13.72000,7.48935,5.05435,1.38212,6.98573,14.05000,7.25898,0.00000,0.00000,0.00000,0.00000,0.00000,0.00000,0.00000,0.00000,0.00000,0.00000,13.82588,14.74833
23-1,1783318011.057180,2026-07-06T13:06:51.057180,5.07914,1.35624,6.88854,13.83000,8.17903,5.05035,1.38212,6.98020,14.05000,7.95783,0.00000,0.00000,0.00000,0.00000,0.00000,0.00000,0.00000,0.00000,0.00000,0.00000,13.86874,16.13685
23-1,1783318011.157298,2026-07-06T13:06:51.157298,5.07860,1.36601,6.93742,13.93000,8.87359,5.05497,1.36845,6.91747,13.91000,8.65039,0.00000,0.00000,0.00000,0.00000,0.00000,0.00000,0.00000,0.00000,0.00000,0.00000,13.85489,17.52398
23-1,1783318011.257417,2026-07-06T13:06:51.257417,5.07956,1.34843,6.84943,13.75000,9.55935,5.05395,1.39091,7.02960,14.14000,9.35419,0.00000,0.00000,0.00000,0.00000,0.00000,0.00000,0.00000,0.00000,0.00000,0.00000,13.87903,18.91353
23-1,1783318011.357515,2026-07-06T13:06:51.357515,5.07956,1.34843,6.84943,13.75000,10.24496,5.05492,1.36943,6.92234,13.92000,10.04710,0.00000,0.00000,0.00000,0.00000,0.00000,0.00000,0.00000,0.00000,0.00000,0.00000,13.77177,20.29206
23-1,1783318011.457633,2026-07-06T13:06:51.457633,5.08404,1.33964,6.81079,13.66000,10.92684,5.05092,1.36943,6.91687,13.92000,10.73960,0.00000,0.00000,0.00000,0.00000,0.00000,0.00000,0.00000,0.00000,0.00000,0.00000,13.72766,21.66645
23-1,1783318011.557751,2026-07-06T13:06:51.557751,5.08191,1.37870,7.00645,14.06000,11.62831,5.05519,1.36357,6.89309,13.86000,11.42972,0.00000,0.00000,0.00000,0.00000,0.00000,0.00000,0.00000,0.00000,0.00000,0.00000,13.89954,23.05803
23-1,1783318011.657868,2026-07-06T13:06:51.657868,5.08340,1.35136,6.86951,13.78000,12.31607,5.05386,1.39286,7.03935,14.16000,12.13448,0.00000,0.00000,0.00000,0.00000,0.00000,0.00000,0.00000,0.00000,0.00000,0.00000,13.90886,24.45054
23-1,1783318011.757986,2026-07-06T13:06:51.757986,5.08340,1.35136,6.86951,13.78000,13.00383,5.05492,1.36943,6.92234,13.92000,12.82753,0.00000,0.00000,0.00000,0.00000,0.00000,0.00000,0.00000,0.00000,0.00000,0.00000,13.79185,25.83136
23-1,1783318011.858105,2026-07-06T13:06:51.858105,5.08367,1.34648,6.84504,13.73000,13.68915,5.04692,1.36943,6.91139,13.92000,13.51950,0.00000,0.00000,0.00000,0.00000,0.00000,0.00000,0.00000,0.00000,0.00000,0.00000,13.75643,27.20864
23-1,1783318011.958223,2026-07-06T13:06:51.958223,5.08378,1.34452,6.83526,13.71000,14.37348,5.05488,1.37040,6.92722,13.93000,14.21303,0.00000,0.00000,0.00000,0.00000,0.00000,0.00000,0.00000,0.00000,0.00000,0.00000,13.76248,28.58651
23-1,1783318012.058340,2026-07-06T13:06:52.058340,5.08628,1.37187,6.97771,13.99000,15.07206,5.05350,1.40092,7.07955,14.24000,14.92181,0.00000,0.00000,0.00000,0.00000,0.00000,0.00000,0.00000,0.00000,0.00000,0.00000,14.05726,29.99388
23-1,1783318012.158457,2026-07-06T13:06:52.158457,5.08228,1.37187,6.97222,13.99000,15.77010,5.05466,1.37529,6.95160,13.98000,15.61779,0.00000,0.00000,0.00000,0.00000,0.00000,0.00000,0.00000,0.00000,0.00000,0.00000,13.92382,31.38789
24-1,1783318012.258595,2026-07-06T13:06:52.258595,5.08154,1.38554,7.04068,14.13000,0.70505,5.05466,1.37529,6.95160,13.98000,0.69613,0.00000,0.00000,0.00000,0.00000,0.00000,0.00000,0.00000,0.00000,0.00000,0.00000,13.99228,1.40117
24-1,1783318012.358713,2026-07-06T13:06:52.358713,5.08404,1.33964,6.81079,13.66000,1.38693,5.05470,1.37431,6.94672,13.97000,1.39162,0.00000,0.00000,0.00000,0.00000,0.00000,0.00000,0.00000,0.00000,0.00000,0.00000,13.75751,2.77854
24-1,1783318012.458832,2026-07-06T13:06:52.458832,5.08239,1.36991,6.96244,13.97000,2.08400,5.05461,1.37626,6.95648,13.99000,2.08809,0.00000,0.00000,0.00000,0.00000,0.00000,0.00000,0.00000,0.00000,0.00000,0.00000,13.91892,4.17208
24-1,1783318012.558950,2026-07-06T13:06:52.558950,5.12460,0.88943,4.55798,9.07000,2.54034,5.08235,0.94046,4.77973,9.56000,2.56663,0.00000,0.00000,0.00000,0.00000,0.00000,0.00000,0.00000,0.00000,0.00000,0.00000,9.33771,5.10696
24-1,1783318012.659069,2026-07-06T13:06:52.659069,5.09660,0.88943,4.53308,9.07000,2.99418,5.06235,0.94046,4.76093,9.56000,3.04329,0.00000,0.00000,0.00000,0.00000,0.00000,0.00000,0.00000,0.00000,0.00000,0.00000,9.29401,6.03747
24-1,1783318012.759187,2026-07-06T13:06:52.759187,5.07956,1.34843,6.84943,13.75000,3.67993,5.05097,1.36845,6.91200,13.91000,3.73530,0.00000,0.00000,0.00000,0.00000,0.00000,0.00000,0.00000,0.00000,0.00000,0.00000,13.76143,7.41524
24-1,1783318012.859305,2026-07-06T13:06:52.859305,5.07972,1.34550,6.83477,13.72000,4.36422,5.05097,1.36845,6.91200,13.91000,4.42732,0.00000,0.00000,0.00000,0.00000,0.00000,0.00000,0.00000,0.00000,0.00000,0.00000,13.74677,8.79154
25-1,1783318012.959442,2026-07-06T13:06:52.959442,5.08390,1.26884,6.45065,12.94000,0.64595,5.05004,1.30058,6.56796,13.22000,0.65770,0.00000,0.00000,0.00000,0.00000,0.00000,0.00000,0.00000,0.00000,0.00000,0.00000,13.01861,1.30365
25-1,1783318013.059559,2026-07-06T13:06:53.059559,5.08390,1.26884,6.45065,12.94000,1.29177,5.05804,1.30058,6.57837,13.22000,1.31630,0.00000,0.00000,0.00000,0.00000,0.00000,0.00000,0.00000,0.00000,0.00000,0.00000,13.02902,2.60807
25-1,1783318013.159679,2026-07-06T13:06:53.159679,5.08638,1.44340,7.34170,14.72000,2.02682,5.05856,1.46587,7.41516,14.90000,2.05871,0.00000,0.00000,0.00000,0.00000,0.00000,0.00000,0.00000,0.00000,0.00000,0.00000,14.75686,4.08553
25-1,1783318013.259799,2026-07-06T13:06:53.259799,5.09034,1.37089,6.97830,13.98000,2.72549,5.06217,1.38603,7.01631,14.09000,2.76118,0.00000,0.00000,0.00000,0.00000,0.00000,0.00000,0.00000,0.00000,0.00000,0.00000,13.99461,5.48667
25-1,1783318013.359918,2026-07-06T13:06:53.359918,5.08362,1.34745,6.84994,13.74000,3.41129,5.05497,1.36845,6.91747,13.91000,3.45375,0.00000,0.00000,0.00000,0.00000,0.00000,0.00000,0.00000,0.00000,0.00000,0.00000,13.76741,6.86504
25-1,1783318013.460036,2026-07-06T13:06:53.460036,5.07962,1.34745,6.84455,13.74000,4.09656,5.05497,1.36845,6.91747,13.91000,4.14632,0.00000,0.00000,0.00000,0.00000,0.00000,0.00000,0.00000,0.00000,0.00000,0.00000,13.76202,8.24287
25-1,1783318013.560153,2026-07-06T13:06:53.560153,5.08356,1.34843,6.85483,13.75000,4.78284,5.05039,1.38115,6.97533,14.04000,4.84466,0.00000,0.00000,0.00000,0.00000,0.00000,0.00000,0.00000,0.00000,0.00000,0.00000,13.83016,9.62751
25-1,1783318013.660273,2026-07-06T13:06:53.660273,5.07967,1.34648,6.83966,13.73000,5.46763,5.05110,1.36552,6.89738,13.88000,5.53523,0.00000,0.00000,0.00000,0.00000,0.00000,0.00000,0.00000,0.00000,0.00000,0.00000,13.73704,11.00285
25-1,1783318013.760391,2026-07-06T13:06:53.760391,5.07962,1.34745,6.84455,13.74000,6.15289,5.05376,1.39506,7.05031,14.18000,6.24109,0.00000,0.00000,0.00000,0.00000,0.00000,0.00000,0.00000,0.00000,0.00000,0.00000,13.89486,12.39398
25-1,1783318013.860509,2026-07-06T13:06:53.860509,5.08650,1.36796,6.95813,13.95000,6.84953,5.05376,1.39506,7.05031,14.18000,6.94696,0.00000,0.00000,0.00000,0.00000,0.00000,0.00000,0.00000,0.00000,0.00000,0.00000,14.00844,13.79649
25-1,1783318013.960627,2026-07-06T13:06:53.960627,5.08250,1.36796,6.95266,13.95000,7.54561,5.05097,1.36845,6.91200,13.91000,7.63897,0.00000,0.00000,0.00000,0.00000,0.00000,0.00000,0.00000,0.00000,0.00000,0.00000,13.86466,15.18458
25-1,1783318014.060745,2026-07-06T13:06:54.060745,5.08367,1.34648,6.84504,13.73000,8.23092,5.04981,1.39409,7.03986,14.17000,8.34379,0.00000,0.00000,0.00000,0.00000,0.00000,0.00000,0.00000,0.00000,0.00000,0.00000,13.88490,16.57471
25-1,1783318014.160865,2026-07-06T13:06:54.160865,5.08351,1.34941,6.85972,13.76000,8.91772,5.05501,1.36747,6.91259,13.90000,9.03587,0.00000,0.00000,0.00000,0.00000,0.00000,0.00000,0.00000,0.00000,0.00000,0.00000,13.77231,17.95359
25-1,1783318014.260983,2026-07-06T13:06:54.260983,5.08255,1.36699,6.94777,13.94000,9.61331,5.04701,1.36747,6.90165,13.90000,9.72685,0.00000,0.00000,0.00000,0.00000,0.00000,0.00000,0.00000,0.00000,0.00000,0.00000,13.84942,19.34016
25-1,1783318014.361102,2026-07-06T13:06:54.361102,5.08255,1.36699,6.94777,13.94000,10.30892,5.05528,1.36161,6.88333,13.84000,10.41601,0.00000,0.00000,0.00000,0.00000,0.00000,0.00000,0.00000,0.00000,0.00000,0.00000,13.83110,20.72492
25-1,1783318014.461221,2026-07-06T13:06:54.461221,5.07855,1.36699,6.94230,13.94000,11.00397,5.05430,1.38310,6.99060,14.06000,11.11590,0.00000,0.00000,0.00000,0.00000,0.00000,0.00000,0.00000,0.00000,0.00000,0.00000,13.93290,22.11987
25-1,1783318014.561339,2026-07-06T13:06:54.561339,5.07940,1.35136,6.86410,13.78000,11.69120,5.05079,1.37236,6.93148,13.95000,11.80987,0.00000,0.00000,0.00000,0.00000,0.00000,0.00000,0.00000,0.00000,0.00000,0.00000,13.79558,23.50106
25-1,1783318014.661458,2026-07-06T13:06:54.661458,5.08399,1.34062,6.81568,13.67000,12.37358,5.05479,1.37236,6.93697,13.95000,12.50439,0.00000,0.00000,0.00000,0.00000,0.00000,0.00000,0.00000,0.00000,0.00000,0.00000,13.75265,24.87796
25-1,1783318014.761575,2026-07-06T13:06:54.761575,5.08399,1.34062,6.81568,13.67000,13.05594,5.05430,1.38310,6.99060,14.06000,13.20427,0.00000,0.00000,0.00000,0.00000,0.00000,0.00000,0.00000,0.00000,0.00000,0.00000,13.80628,26.26021
25-1,1783318014.861694,2026-07-06T13:06:54.861694,5.08228,1.37187,6.97222,13.99000,13.75399,5.05444,1.38017,6.97598,14.03000,13.90269,0.00000,0.00000,0.00000,0.00000,0.00000,0.00000,0.00000,0.00000,0.00000,0.00000,13.94820,27.65668
25-1,1783318014.961813,2026-07-06T13:06:54.961813,5.08591,1.37870,7.01197,14.06000,14.45602,5.05879,1.37236,6.94246,13.95000,14.59776,0.00000,0.00000,0.00000,0.00000,0.00000,0.00000,0.00000,0.00000,0.00000,0.00000,13.95443,29.05379
25-1,1783318015.061932,2026-07-06T13:06:55.061932,5.08740,1.35136,6.87491,13.78000,15.14433,5.05079,1.37236,6.93148,13.95000,15.29174,0.00000,0.00000,0.00000,0.00000,0.00000,0.00000,0.00000,0.00000,0.00000,0.00000,13.80639,30.43607
25-1,1783318015.162050,2026-07-06T13:06:55.162050,5.08324,1.35429,6.88418,13.81000,15.83356,5.05497,1.36845,6.91747,13.91000,15.98430,0.00000,0.00000,0.00000,0.00000,0.00000,0.00000,0.00000,0.00000,0.00000,0.00000,13.80165,31.81786
25-1,1783318015.262169,2026-07-06T13:06:55.262169,5.07924,1.35429,6.87877,13.81000,16.52226,5.05345,1.40190,7.08443,14.25000,16.69359,0.00000,0.00000,0.00000,0.00000,0.00000,0.00000,0.00000,0.00000,0.00000,0.00000,13.96320,33.21585
25-1,1783318015.362288,2026-07-06T13:06:55.362288,5.08735,1.35234,6.87981,13.79000,17.21105,5.05461,1.37626,6.95648,13.99000,17.39006,0.00000,0.00000,0.00000,0.00000,0.00000,0.00000,0.00000,0.00000,0.00000,0.00000,13.83629,34.60111
25-1,1783318015.462406,2026-07-06T13:06:55.462406,5.08666,1.36503,6.94345,13.92000,17.90622,5.05070,1.37431,6.94123,13.99000,18.08501,0.00000,0.00000,0.00000,0.00000,0.00000,0.00000,0.00000,0.00000,0.00000,0.00000,13.88468,35.99123
25-1,1783318015.562525,2026-07-06T13:06:55.562525,5.08607,1.37577,6.99729,14.03000,18.60678,5.05070,1.37431,6.94123,13.97000,18.77995,0.00000,0.00000,0.00000,0.00000,0.00000,0.00000,0.00000,0.00000,0.00000,0.00000,13.93852,37.38674
25-1,1783318015.662642,2026-07-06T13:06:55.662642,5.08607,1.37577,6.99729,14.03000,19.30733,5.05452,1.37822,6.96623,14.01000,19.47739,0.00000,0.00000,0.00000,0.00000,0.00000,0.00000,0.00000,0.00000,0.00000,0.00000,13.96352,38.78472
25-1,1783318015.762760,2026-07-06T13:06:55.762760,5.08596,1.37773,7.00707,14.05000,20.00887,5.05367,1.39702,7.06006,14.20000,20.18423,0.00000,0.00000,0.00000,0.00000,0.00000,0.00000,0.00000,0.00000,0.00000,0.00000,14.06713,40.19310
25-1,1783318015.862878,2026-07-06T13:06:55.862878,5.08559,1.38456,7.04133,14.12000,20.71383,5.05804,1.38896,7.02540,14.12000,20.88760,0.00000,0.00000,0.00000,0.00000,0.00000,0.00000,0.00000,0.00000,0.00000,0.00000,14.06673,41.60143
25-1,1783318015.962996,2026-07-06T13:06:55.962996,5.07855,1.36699,6.94230,13.94000,21.40888,5.05404,1.38896,7.01985,14.12000,21.59041,0.00000,0.00000,0.00000,0.00000,0.00000,0.00000,0.00000,0.00000,0.00000,0.00000,13.96215,42.99929
25-1,1783318016.063113,2026-07-06T13:06:56.063113,5.08255,1.36699,6.94777,13.94000,22.10447,5.05070,1.37431,6.94123,13.97000,22.28535,0.00000,0.00000,0.00000,0.00000,0.00000,0.00000,0.00000,0.00000,0.00000,0.00000,13.88900,44.38981
25-1,1783318016.163231,2026-07-06T13:06:56.163231,5.07919,1.35527,6.88365,13.82000,22.79365,5.05075,1.37333,6.93636,13.96000,22.97981,0.00000,0.00000,0.00000,0.00000,0.00000,0.00000,0.00000,0.00000,0.00000,0.00000,13.82001,45.77345
25-1,1783318016.263350,2026-07-06T13:06:56.263350,5.07908,1.35722,6.89343,13.84000,23.48381,5.05506,1.36650,6.90772,13.89000,23.67140,0.00000,0.00000,0.00000,0.00000,0.00000,0.00000,0.00000,0.00000,0.00000,0.00000,13.80115,47.15521
25-1,1783318016.363468,2026-07-06T13:06:56.363468,5.07503,1.35820,6.89288,13.85000,24.17391,5.05106,1.36650,6.90225,13.89000,24.36243,0.00000,0.00000,0.00000,0.00000,0.00000,0.00000,0.00000,0.00000,0.00000,0.00000,13.79513,48.53634
25-1,1783318016.463583,2026-07-06T13:06:56.463583,5.07519,1.35527,6.87823,13.82000,24.86253,5.05897,1.36845,6.92294,13.91000,25.05553,0.00000,0.00000,0.00000,0.00000,0.00000,0.00000,0.00000,0.00000,0.00000,0.00000,13.80117,49.91806
25-1,1783318016.563702,2026-07-06T13:06:56.563702,5.07919,1.35527,6.88365,13.82000,25.55171,5.05786,1.39286,7.04492,14.16000,25.76086,0.00000,0.00000,0.00000,0.00000,0.00000,0.00000,0.00000,0.00000,0.00000,0.00000,13.92857,51.31257
25-1,1783318016.663820,2026-07-06T13:06:56.663820,5.07108,1.35722,6.88257,13.84000,26.24078,5.05367,1.39702,7.06006,14.20000,26.46770,0.00000,0.00000,0.00000,0.00000,0.00000,0.00000,0.00000,0.00000,0.00000,0.00000,13.94263,52.70848
25-1,1783318016.763938,2026-07-06T13:06:56.763938,5.07103,1.35820,6.88745,13.85000,26.93033,5.04967,1.39702,7.05447,14.20000,27.17397,0.00000,0.00000,0.00000,0.00000,0.00000,0.00000,0.00000,0.00000,0.00000,0.00000,13.94192,54.10431
25-1,1783318016.864056,2026-07-06T13:06:56.864056,5.07876,1.36308,6.92276,13.90000,27.62343,5.05763,1.39799,7.07052,14.21000,27.88186,0.00000,0.00000,0.00000,0.00000,0.00000,0.00000,0.00000,0.00000,0.00000,0.00000,13.99328,55.50530
25-1,1783318016.964175,2026-07-06T13:06:56.964175,5.09076,1.36308,6.93911,13.90000,28.31816,5.05763,1.39799,7.07052,14.21000,28.58975,0.00000,0.00000,0.00000,0.00000,0.00000,0.00000,0.00000,0.00000,0.00000,0.00000,14.00963,56.90792
25-1,1783318017.064294,2026-07-06T13:06:57.064294,5.09412,1.37480,7.00339,14.02000,29.01934,5.05745,1.40190,7.09003,14.25000,29.29960,0.00000,0.00000,0.00000,0.00000,0.00000,0.00000,0.00000,0.00000,0.00000,0.00000,14.09342,58.31893
25-1,1783318017.164412,2026-07-06T13:06:57.164412,5.09349,1.38652,7.06220,14.14000,29.72639,5.05745,1.40190,7.09003,14.25000,30.00944,0.00000,0.00000,0.00000,0.00000,0.00000,0.00000,0.00000,0.00000,0.00000,0.00000,14.15223,59.73584
25-1,1783318017.264531,2026-07-06T13:06:57.264531,5.09775,1.38163,7.04323,14.09000,30.43155,5.05354,1.39995,7.07468,14.23000,30.71775,0.00000,0.00000,0.00000,0.00000,0.00000,0.00000,0.00000,0.00000,0.00000,0.00000,14.11791,61.14930
25-1,1783318017.364649,2026-07-06T13:06:57.364649,5.08175,1.38163,7.02112,14.09000,31.13449,5.05350,1.40092,7.07955,14.24000,31.42654,0.00000,0.00000,0.00000,0.00000,0.00000,0.00000,0.00000,0.00000,0.00000,0.00000,14.10067,62.56104
25-1,1783318017.464769,2026-07-06T13:06:57.464769,5.08202,1.37675,6.99667,14.04000,31.83500,5.04945,1.40190,7.07882,14.25000,32.13527,0.00000,0.00000,0.00000,0.00000,0.00000,0.00000,0.00000,0.00000,0.00000,0.00000,14.07549,63.97027
25-1,1783318017.564886,2026-07-06T13:06:57.564886,5.08202,1.37675,6.99667,14.04000,32.53549,5.05345,1.40190,7.08443,14.25000,32.84455,0.00000,0.00000,0.00000,0.00000,0.00000,0.00000,0.00000,0.00000,0.00000,0.00000,14.08110,65.38003
25-1,1783318017.665005,2026-07-06T13:06:57.665005,5.09071,1.36406,6.94401,13.91000,33.23071,5.05358,1.39897,7.06981,14.22000,33.55237,0.00000,0.00000,0.00000,0.00000,0.00000,0.00000,0.00000,0.00000,0.00000,0.00000,14.01382,66.78308
25-1,1783318017.765122,2026-07-06T13:06:57.765122,5.07871,1.36406,6.92764,13.91000,33.92429,5.05358,1.39897,7.06981,14.22000,34.26018,0.00000,0.00000,0.00000,0.00000,0.00000,0.00000,0.00000,0.00000,0.00000,0.00000,13.99745,68.18447
25-1,1783318017.865242,2026-07-06T13:06:57.865242,5.08330,1.35331,6.87929,13.80000,34.61304,5.05367,1.39702,7.06006,14.20000,34.96703,0.00000,0.00000,0.00000,0.00000,0.00000,0.00000,0.00000,0.00000,0.00000,0.00000,13.93935,69.58006
25-1,1783318017.965360,2026-07-06T13:06:57.965360,5.07898,1.35917,6.90321,13.86000,35.30418,5.05367,1.39702,7.06006,14.20000,35.67387,0.00000,0.00000,0.00000,0.00000,0.00000,0.00000,0.00000,0.00000,0.00000,0.00000,13.96327,70.97805
25-1,1783318018.065479,2026-07-06T13:06:58.065479,5.07726,1.39067,7.06078,14.18000,36.01110,5.05350,1.40092,7.07955,14.24000,36.38267,0.00000,0.00000,0.00000,0.00000,0.00000,0.00000,0.00000,0.00000,0.00000,0.00000,14.14033,72.39376
25-1,1783318018.165597,2026-07-06T13:06:58.165597,5.08186,1.37968,7.01134,14.07000,36.71306,5.05391,1.39189,7.03447,14.15000,37.08695,0.00000,0.00000,0.00000,0.00000,0.00000,0.00000,0.00000,0.00000,0.00000,0.00000,14.04581,73.80001
25-1,1783318018.265717,2026-07-06T13:06:58.265717,5.08586,1.37968,7.01686,14.07000,37.41558,5.05088,1.37040,6.92174,13.93000,37.77994,0.00000,0.00000,0.00000,0.00000,0.00000,0.00000,0.00000,0.00000,0.00000,0.00000,13.93860,75.19553
25-1,1783318018.365835,2026-07-06T13:06:58.365835,5.08586,1.37968,7.01686,14.07000,38.11810,5.04688,1.37040,6.91626,13.93000,38.47239,0.00000,0.00000,0.00000,0.00000,0.00000,0.00000,0.00000,0.00000,0.00000,0.00000,13.93312,76.59049
25-1,1783318018.465956,2026-07-06T13:06:58.465956,5.08740,1.35136,6.87491,13.78000,38.80642,5.05057,1.37724,6.95584,14.00000,39.16882,0.00000,0.00000,0.00000,0.00000,0.00000,0.00000,0.00000,0.00000,0.00000,0.00000,13.83075,77.97524
25-1,1783318018.566073,2026-07-06T13:06:58.566073,5.08266,1.36503,6.93799,13.92000,39.50103,5.05079,1.37236,6.93148,13.95000,39.86278,0.00000,0.00000,0.00000,0.00000,0.00000,0.00000,0.00000,0.00000,0.00000,0.00000,13.86947,79.36381
25-1,1783318018.666190,2026-07-06T13:06:58.666190,5.07866,1.36503,6.93253,13.92000,40.19510,5.04928,1.40580,7.09829,14.29000,40.57343,0.00000,0.00000,0.00000,0.00000,0.00000,0.00000,0.00000,0.00000,0.00000,0.00000,14.03082,80.76853
25-1,1783318018.766308,2026-07-06T13:06:58.766308,5.08586,1.37968,7.01686,14.07000,40.89761,5.05328,1.40580,7.10392,14.29000,41.28466,0.00000,0.00000,0.00000,0.00000,0.00000,0.00000,0.00000,0.00000,0.00000,0.00000,14.12078,82.18228
25-1,1783318018.866425,2026-07-06T13:06:58.866425,5.08554,1.38554,7.04622,14.13000,41.60306,5.05332,1.40483,7.09904,14.28000,41.99540,0.00000,0.00000,0.00000,0.00000,0.00000,0.00000,0.00000,0.00000,0.00000,0.00000,14.14526,83.59846
25-1,1783318018.966544,2026-07-06T13:06:58.966544,5.08324,1.35429,6.88418,13.81000,42.29229,5.05350,1.40092,7.07955,14.24000,42.70420,0.00000,0.00000,0.00000,0.00000,0.00000,0.00000,0.00000,0.00000,0.00000,0.00000,13.96373,84.99649
25-1,1783318019.066662,2026-07-06T13:06:59.066662,5.08324,1.35429,6.88418,13.81000,42.98152,5.05483,1.37138,6.93210,13.94000,43.39822,0.00000,0.00000,0.00000,0.00000,0.00000,0.00000,0.00000,0.00000,0.00000,0.00000,13.81628,86.37975
25-1,1783318019.166780,2026-07-06T13:06:59.166780,5.08531,1.38969,7.06701,14.17000,43.68906,5.05483,1.37138,6.93210,13.94000,44.09226,0.00000,0.00000,0.00000,0.00000,0.00000,0.00000,0.00000,0.00000,0.00000,0.00000,13.99911,87.78132
25-1,1783318019.266900,2026-07-06T13:06:59.266900,5.08186,1.37968,7.01134,14.07000,44.39103,5.05070,1.37431,6.94123,13.97000,44.78721,0.00000,0.00000,0.00000,0.00000,0.00000,0.00000,0.00000,0.00000,0.00000,0.00000,13.95257,89.17824
25-1,1783318019.367020,2026-07-06T13:06:59.367020,5.08351,1.34941,6.85972,13.76000,45.07783,5.04945,1.40190,7.07882,14.25000,45.49594,0.00000,0.00000,0.00000,0.00000,0.00000,0.00000,0.00000,0.00000,0.00000,0.00000,13.93854,90.57377
25-1,1783318019.467137,2026-07-06T13:06:59.467137,5.08121,1.39164,7.07123,14.19000,45.78578,5.05745,1.40190,7.09003,14.25000,46.20577,0.00000,0.00000,0.00000,0.00000,0.00000,0.00000,0.00000,0.00000,0.00000,0.00000,14.16126,91.99156
25-1,1783318019.567255,2026-07-06T13:06:59.567255,5.08121,1.39164,7.07123,14.19000,46.49373,5.04945,1.40190,7.07882,14.25000,46.91449,0.00000,0.00000,0.00000,0.00000,0.00000,0.00000,0.00000,0.00000,0.00000,0.00000,14.15005,93.40822
25-1,1783318019.667373,2026-07-06T13:06:59.667373,5.08191,1.37870,7.00645,14.06000,47.19521,5.05483,1.37138,6.93210,13.94000,47.60852,0.00000,0.00000,0.00000,0.00000,0.00000,0.00000,0.00000,0.00000,0.00000,0.00000,13.93855,94.80373
25-1,1783318019.767491,2026-07-06T13:06:59.767491,5.08276,1.36308,6.92821,13.90000,47.88885,5.05350,1.40092,7.07955,14.24000,48.31731,0.00000,0.00000,0.00000,0.00000,0.00000,0.00000,0.00000,0.00000,0.00000,0.00000,14.00776,96.20615
26-1,1783318019.867633,2026-07-06T13:06:59.867633,5.08977,1.23466,6.28412,12.59000,0.62931,5.05417,1.29765,6.55853,13.19000,0.65679,0.00000,0.00000,0.00000,0.00000,0.00000,0.00000,0.00000,0.00000,0.00000,0.00000,12.84265,1.28609
26-1,1783318019.967751,2026-07-06T13:06:59.967751,5.08977,1.23466,6.28412,12.59000,1.25846,5.05417,1.29765,6.55853,13.19000,1.31341,0.00000,0.00000,0.00000,0.00000,0.00000,0.00000,0.00000,0.00000,0.00000,0.00000,12.84265,2.57187
26-1,1783318020.067869,2026-07-06T13:07:00.067869,5.07988,1.34257,6.82010,13.69000,1.94127,5.05048,1.37919,6.96558,14.02000,2.01079,0.00000,0.00000,0.00000,0.00000,0.00000,0.00000,0.00000,0.00000,0.00000,0.00000,13.78568,3.95207
26-1,1783318020.167987,2026-07-06T13:07:00.167987,5.08630,1.22489,6.23017,12.49000,2.56503,5.05658,1.24442,6.29253,12.65000,2.64079,0.00000,0.00000,0.00000,0.00000,0.00000,0.00000,0.00000,0.00000,0.00000,0.00000,12.52270,5.20582
26-1,1783318020.268106,2026-07-06T13:07:00.268106,5.05898,1.35917,6.87602,13.86000,3.25345,5.03808,1.38798,6.99277,14.11000,3.34090,0.00000,0.00000,0.00000,0.00000,0.00000,0.00000,0.00000,0.00000,0.00000,0.00000,13.86879,6.59435
26-1,1783318020.368225,2026-07-06T13:07:00.368225,5.08298,1.35917,6.90864,13.86000,3.94513,5.05008,1.38798,7.00942,14.11000,4.04267,0.00000,0.00000,0.00000,0.00000,0.00000,0.00000,0.00000,0.00000,0.00000,0.00000,13.91806,7.98780
26-1,1783318020.468343,2026-07-06T13:07:00.468343,5.09759,1.38456,7.05794,14.12000,4.65176,5.06336,1.44804,7.33196,14.72000,4.77674,0.00000,0.00000,0.00000,0.00000,0.00000,0.00000,0.00000,0.00000,0.00000,0.00000,14.38990,9.42850
26-1,1783318020.568462,2026-07-06T13:07:00.568462,5.09509,0.99051,5.04673,10.10000,5.15703,5.07797,1.12552,5.71537,11.44000,5.34895,0.00000,0.00000,0.00000,0.00000,0.00000,0.00000,0.00000,0.00000,0.00000,0.00000,10.76210,10.50598
26-1,1783318020.668581,2026-07-06T13:07:00.668581,5.07508,1.35722,6.88800,13.84000,5.84666,5.05123,1.36259,6.88276,13.85000,6.03805,0.00000,0.00000,0.00000,0.00000,0.00000,0.00000,0.00000,0.00000,0.00000,0.00000,13.77076,11.88471
26-1,1783318020.768699,2026-07-06T13:07:00.768699,5.08362,1.34745,6.84994,13.74000,6.53246,5.05523,1.36259,6.88821,13.85000,6.72768,0.00000,0.00000,0.00000,0.00000,0.00000,0.00000,0.00000,0.00000,0.00000,0.00000,13.73815,13.26014
26-1,1783318020.868818,2026-07-06T13:07:00.868818,5.08362,1.34745,6.84994,13.74000,7.21827,5.04986,1.39286,7.03377,14.16000,7.43190,0.00000,0.00000,0.00000,0.00000,0.00000,0.00000,0.00000,0.00000,0.00000,0.00000,13.88371,14.65016
26-1,1783318020.968937,2026-07-06T13:07:00.968937,5.08388,1.34257,6.82547,13.69000,7.90162,5.05070,1.37431,6.94123,13.97000,8.12684,0.00000,0.00000,0.00000,0.00000,0.00000,0.00000,0.00000,0.00000,0.00000,0.00000,13.76670,16.02846
26-1,1783318021.069056,2026-07-06T13:07:01.069056,5.08196,1.37773,7.00156,14.05000,8.60261,5.05435,1.38212,6.98573,14.05000,8.82625,0.00000,0.00000,0.00000,0.00000,0.00000,0.00000,0.00000,0.00000,0.00000,0.00000,13.98729,17.42886
26-1,1783318021.169128,2026-07-06T13:07:01.169128,5.08314,1.35624,6.89397,13.83000,9.29251,5.05435,1.38212,6.98573,14.05000,9.52533,0.00000,0.00000,0.00000,0.00000,0.00000,0.00000,0.00000,0.00000,0.00000,0.00000,13.87970,18.81783
26-1,1783318021.269247,2026-07-06T13:07:01.269247,5.07914,1.35624,6.88854,13.83000,9.98218,5.05061,1.37626,6.95097,13.99000,10.22125,0.00000,0.00000,0.00000,0.00000,0.00000,0.00000,0.00000,0.00000,0.00000,0.00000,13.83951,20.20343
26-1,1783318021.369366,2026-07-06T13:07:01.369366,5.07919,1.35527,6.88365,13.82000,10.67136,5.05070,1.37431,6.94123,13.97000,10.91620,0.00000,0.00000,0.00000,0.00000,0.00000,0.00000,0.00000,0.00000,0.00000,0.00000,13.82488,21.58756
26-1,1783318021.469484,2026-07-06T13:07:01.469484,5.07972,1.34550,6.83477,13.72000,11.35565,5.05399,1.38993,7.02472,14.13000,11.61950,0.00000,0.00000,0.00000,0.00000,0.00000,0.00000,0.00000,0.00000,0.00000,0.00000,13.85949,22.97515
26-1,1783318021.569604,2026-07-06T13:07:01.569604,5.08202,1.37675,6.99667,14.04000,12.05616,5.05399,1.38993,7.02472,14.13000,12.32281,0.00000,0.00000,0.00000,0.00000,0.00000,0.00000,0.00000,0.00000,0.00000,0.00000,14.02139,24.37897
26-1,1783318021.669722,2026-07-06T13:07:01.669722,5.07802,1.37675,6.99117,14.04000,12.75610,5.05786,1.39286,7.04492,14.16000,13.02814,0.00000,0.00000,0.00000,0.00000,0.00000,0.00000,0.00000,0.00000,0.00000,0.00000,14.03609,25.78424
26-1,1783318021.769841,2026-07-06T13:07:01.769841,5.08149,1.38652,7.04557,14.14000,13.46149,5.05866,1.37529,6.95710,13.98000,13.72468,0.00000,0.00000,0.00000,0.00000,0.00000,0.00000,0.00000,0.00000,0.00000,0.00000,14.00267,27.18617
26-1,1783318021.869959,2026-07-06T13:07:01.869959,5.08308,1.35722,6.89886,13.84000,14.15219,5.05097,1.36845,6.91200,13.91000,14.41669,0.00000,0.00000,0.00000,0.00000,0.00000,0.00000,0.00000,0.00000,0.00000,0.00000,13.81086,28.56889
26-1,1783318021.970078,2026-07-06T13:07:01.970078,5.07935,1.35234,6.86899,13.79000,14.83991,5.05497,1.36845,6.91747,13.91000,15.10926,0.00000,0.00000,0.00000,0.00000,0.00000,0.00000,0.00000,0.00000,0.00000,0.00000,13.78646,29.94917
26-1,1783318022.070197,2026-07-06T13:07:02.070197,5.07951,1.34941,6.85432,13.76000,15.52615,5.05395,1.39091,7.02960,14.14000,15.81305,0.00000,0.00000,0.00000,0.00000,0.00000,0.00000,0.00000,0.00000,0.00000,0.00000,13.88392,31.33921
26-1,1783318022.170316,2026-07-06T13:07:02.170316,5.07951,1.34941,6.85432,13.76000,16.21240,5.05354,1.39995,7.07468,14.23000,16.52136,0.00000,0.00000,0.00000,0.00000,0.00000,0.00000,0.00000,0.00000,0.00000,0.00000,13.92900,32.73377
26-1,1783318022.270433,2026-07-06T13:07:02.270433,5.08340,1.35136,6.86951,13.78000,16.90016,5.05870,1.37431,6.95222,13.97000,17.21740,0.00000,0.00000,0.00000,0.00000,0.00000,0.00000,0.00000,0.00000,0.00000,0.00000,13.82173,34.11756
26-1,1783318022.370550,2026-07-06T13:07:02.370550,5.08356,1.34843,6.85483,13.75000,17.58644,5.05070,1.37431,6.94123,13.97000,17.91233,0.00000,0.00000,0.00000,0.00000,0.00000,0.00000,0.00000,0.00000,0.00000,0.00000,13.79606,35.49878
26-1,1783318022.470668,2026-07-06T13:07:02.470668,5.08676,1.36308,6.93366,13.90000,18.28063,5.05061,1.37626,6.95097,13.99000,18.60825,0.00000,0.00000,0.00000,0.00000,0.00000,0.00000,0.00000,0.00000,0.00000,0.00000,13.88463,36.88888
26-1,1783318022.570786,2026-07-06T13:07:02.570786,5.08676,1.36308,6.93366,13.90000,18.97482,5.05088,1.37040,6.92174,13.93000,19.30125,0.00000,0.00000,0.00000,0.00000,0.00000,0.00000,0.00000,0.00000,0.00000,0.00000,13.85540,38.27606
26-1,1783318022.670905,2026-07-06T13:07:02.670905,5.08602,1.37675,7.00218,14.04000,19.67586,5.05413,1.38701,7.01010,14.10000,20.00309,0.00000,0.00000,0.00000,0.00000,0.00000,0.00000,0.00000,0.00000,0.00000,0.00000,14.01228,39.67895
26-1,1783318022.771024,2026-07-06T13:07:02.771024,5.08607,1.37577,6.99729,14.03000,20.37642,5.05413,1.38701,7.01010,14.10000,20.70493,0.00000,0.00000,0.00000,0.00000,0.00000,0.00000,0.00000,0.00000,0.00000,0.00000,14.00739,41.08136
26-1,1783318022.871143,2026-07-06T13:07:02.871143,5.08959,1.38456,7.04686,14.12000,21.08195,5.05354,1.39995,7.07468,14.23000,21.41324,0.00000,0.00000,0.00000,0.00000,0.00000,0.00000,0.00000,0.00000,0.00000,0.00000,14.12154,42.49519
26-1,1783318022.971262,2026-07-06T13:07:02.971262,5.08159,1.38456,7.03579,14.12000,21.78636,5.05358,1.39897,7.06981,14.22000,22.12106,0.00000,0.00000,0.00000,0.00000,0.00000,0.00000,0.00000,0.00000,0.00000,0.00000,14.10560,43.90742
26-1,1783318023.071380,2026-07-06T13:07:03.071380,5.08586,1.37968,7.01686,14.07000,22.48888,5.05736,1.40385,7.09979,14.27000,22.83188,0.00000,0.00000,0.00000,0.00000,0.00000,0.00000,0.00000,0.00000,0.00000,0.00000,14.11665,45.32076
26-1,1783318023.171499,2026-07-06T13:07:03.171499,5.08607,1.37577,6.99729,14.03000,23.18944,5.05754,1.39995,7.08028,14.27000,23.54075,0.00000,0.00000,0.00000,0.00000,0.00000,0.00000,0.00000,0.00000,0.00000,0.00000,14.07757,46.73020
26-1,1783318023.271618,2026-07-06T13:07:03.271618,5.07770,1.38261,7.02048,14.10000,23.89233,5.04554,1.39995,7.06348,14.23000,24.24794,0.00000,0.00000,0.00000,0.00000,0.00000,0.00000,0.00000,0.00000,0.00000,0.00000,14.08396,48.14027
26-1,1783318023.371737,2026-07-06T13:07:03.371737,5.08570,1.38261,7.03154,14.10000,24.59631,5.06208,1.38798,7.02608,14.11000,24.95138,0.00000,0.00000,0.00000,0.00000,0.00000,0.00000,0.00000,0.00000,0.00000,0.00000,14.05762,49.54769
26-1,1783318023.471856,2026-07-06T13:07:03.471856,5.08244,1.36894,6.95755,13.96000,25.29290,5.06230,1.38310,7.00167,14.06000,25.65238,0.00000,0.00000,0.00000,0.00000,0.00000,0.00000,0.00000,0.00000,0.00000,0.00000,13.95922,50.94528
26-1,1783318023.571974,2026-07-06T13:07:03.571974,5.07530,1.35331,6.86846,13.80000,25.98055,5.05444,1.38017,6.97598,14.03000,26.35081,0.00000,0.00000,0.00000,0.00000,0.00000,0.00000,0.00000,0.00000,0.00000,0.00000,13.84444,52.33136
26-1,1783318023.672092,2026-07-06T13:07:03.672092,5.07535,1.35234,6.86358,13.79000,26.66772,5.04644,1.38017,6.96493,14.03000,27.04812,0.00000,0.00000,0.00000,0.00000,0.00000,0.00000,0.00000,0.00000,0.00000,0.00000,13.82851,53.71584
26-1,1783318023.772210,2026-07-06T13:07:03.772210,5.07524,1.35429,6.87335,13.81000,27.35587,5.05035,1.38212,6.98020,14.05000,27.74697,0.00000,0.00000,0.00000,0.00000,0.00000,0.00000,0.00000,0.00000,0.00000,0.00000,13.85355,55.10284
26-1,1783318023.872330,2026-07-06T13:07:03.872330,5.08724,1.35429,6.88960,13.81000,28.04566,5.05021,1.38505,6.99481,14.08000,28.44729,0.00000,0.00000,0.00000,0.00000,0.00000,0.00000,0.00000,0.00000,0.00000,0.00000,13.88441,56.49294
26-1,1783318023.972449,2026-07-06T13:07:03.972449,5.07514,1.35624,6.88312,13.83000,28.73479,5.04599,1.38993,7.01360,14.13000,29.14948,0.00000,0.00000,0.00000,0.00000,0.00000,0.00000,0.00000,0.00000,0.00000,0.00000,13.89672,57.88426
26-1,1783318024.072567,2026-07-06T13:07:04.072567,5.07412,1.37480,6.97590,14.02000,29.43320,5.04999,1.38993,7.01916,14.13000,29.85222,0.00000,0.00000,0.00000,0.00000,0.00000,0.00000,0.00000,0.00000,0.00000,0.00000,13.99506,59.28542
26-1,1783318024.172686,2026-07-06T13:07:04.172686,5.07370,1.38261,7.01495,14.10000,30.13553,5.05336,1.40385,7.09417,14.27000,30.56248,0.00000,0.00000,0.00000,0.00000,0.00000,0.00000,0.00000,0.00000,0.00000,0.00000,14.10912,60.69801
26-1,1783318024.272804,2026-07-06T13:07:04.272804,5.08570,1.38261,7.03154,14.10000,30.83952,5.05354,1.39995,7.07468,14.23000,31.27079,0.00000,0.00000,0.00000,0.00000,0.00000,0.00000,0.00000,0.00000,0.00000,0.00000,14.10622,62.11031
26-1,1783318024.372923,2026-07-06T13:07:04.372923,5.08575,1.38163,7.02665,14.09000,31.54301,5.04945,1.40190,7.07882,14.25000,31.97951,0.00000,0.00000,0.00000,0.00000,0.00000,0.00000,0.00000,0.00000,0.00000,0.00000,14.10547,63.52252
26-1,1783318024.473040,2026-07-06T13:07:04.473040,5.08586,1.37968,7.01686,14.07000,32.24552,5.05345,1.40190,7.08443,14.25000,32.68878,0.00000,0.00000,0.00000,0.00000,0.00000,0.00000,0.00000,0.00000,0.00000,0.00000,14.10129,64.93430
26-1,1783318024.573159,2026-07-06T13:07:04.573159,5.08730,1.35331,6.88470,13.80000,32.93481,5.05354,1.39995,7.07468,14.23000,33.39709,0.00000,0.00000,0.00000,0.00000,0.00000,0.00000,0.00000,0.00000,0.00000,0.00000,13.95938,66.33190
26-1,1783318024.673277,2026-07-06T13:07:04.673277,5.08330,1.35331,6.87929,13.80000,33.62355,5.05367,1.39702,7.06006,14.20000,34.10394,0.00000,0.00000,0.00000,0.00000,0.00000,0.00000,0.00000,0.00000,0.00000,0.00000,13.93935,67.72749
26-1,1783318024.773396,2026-07-06T13:07:04.773396,5.07866,1.36503,6.93253,13.92000,34.31763,5.05421,1.38505,7.00035,14.08000,34.80480,0.00000,0.00000,0.00000,0.00000,0.00000,0.00000,0.00000,0.00000,0.00000,0.00000,13.93288,69.12243
26-1,1783318024.873514,2026-07-06T13:07:04.873514,5.08159,1.38456,7.03579,14.12000,35.02204,5.05021,1.38505,6.99481,14.08000,35.50511,0.00000,0.00000,0.00000,0.00000,0.00000,0.00000,0.00000,0.00000,0.00000,0.00000,14.03060,70.52715
26-1,1783318024.973631,2026-07-06T13:07:04.973631,5.08181,1.38066,7.01623,14.08000,35.72448,5.05075,1.37333,6.93636,13.96000,36.19956,0.00000,0.00000,0.00000,0.00000,0.00000,0.00000,0.00000,0.00000,0.00000,0.00000,13.95259,71.92404
26-1,1783318025.073749,2026-07-06T13:07:05.073749,5.08330,1.35331,6.87929,13.80000,36.41323,5.05048,1.37919,6.96558,14.02000,36.89694,0.00000,0.00000,0.00000,0.00000,0.00000,0.00000,0.00000,0.00000,0.00000,0.00000,13.84487,73.31016
26-1,1783318025.173868,2026-07-06T13:07:05.173868,5.07930,1.35331,6.87388,13.80000,37.10143,5.04936,1.40385,7.08856,14.27000,37.60663,0.00000,0.00000,0.00000,0.00000,0.00000,0.00000,0.00000,0.00000,0.00000,0.00000,13.96244,74.70806
26-1,1783318025.273984,2026-07-06T13:07:05.273984,5.08271,1.36406,6.93310,13.91000,37.79555,5.05336,1.40385,7.09417,14.27000,38.31688,0.00000,0.00000,0.00000,0.00000,0.00000,0.00000,0.00000,0.00000,0.00000,0.00000,14.02727,76.11243
26-1,1783318025.374104,2026-07-06T13:07:05.374104,5.08186,1.37968,7.01134,14.07000,38.49752,5.05341,1.40287,7.08930,14.26000,39.02666,0.00000,0.00000,0.00000,0.00000,0.00000,0.00000,0.00000,0.00000,0.00000,0.00000,14.10064,77.52418
26-1,1783318025.474223,2026-07-06T13:07:05.474223,5.08170,1.38261,7.02601,14.10000,39.20096,5.05350,1.40092,7.07955,14.24000,39.73545,0.00000,0.00000,0.00000,0.00000,0.00000,0.00000,0.00000,0.00000,0.00000,0.00000,14.10556,78.93641
26-1,1783318025.574341,2026-07-06T13:07:05.574341,5.08170,1.38261,7.02601,14.10000,39.90438,5.05061,1.37626,6.95097,13.99000,40.43137,0.00000,0.00000,0.00000,0.00000,0.00000,0.00000,0.00000,0.00000,0.00000,0.00000,13.97698,80.33575
26-1,1783318025.674459,2026-07-06T13:07:05.674459,5.07871,1.36406,6.92764,13.91000,40.59797,5.05061,1.37626,6.95097,13.99000,41.12729,0.00000,0.00000,0.00000,0.00000,0.00000,0.00000,0.00000,0.00000,0.00000,0.00000,13.87861,81.72526
26-1,1783318025.774578,2026-07-06T13:07:05.774578,5.07765,1.38359,7.02536,14.11000,41.30134,5.05439,1.38115,6.98085,14.04000,41.82620,0.00000,0.00000,0.00000,0.00000,0.00000,0.00000,0.00000,0.00000,0.00000,0.00000,14.00621,83.12754
26-1,1783318025.874697,2026-07-06T13:07:05.874697,5.08949,1.38652,7.05666,14.14000,42.00784,5.05345,1.40190,7.08443,14.25000,42.53549,0.00000,0.00000,0.00000,0.00000,0.00000,0.00000,0.00000,0.00000,0.00000,0.00000,14.14109,84.54333
26-1,1783318025.974816,2026-07-06T13:07:05.974816,5.08549,1.38652,7.05111,14.14000,42.71380,5.05736,1.40385,7.09979,14.27000,43.24632,0.00000,0.00000,0.00000,0.00000,0.00000,0.00000,0.00000,0.00000,0.00000,0.00000,14.15090,85.96011
26-1,1783318026.074881,2026-07-06T13:07:06.074881,5.08314,1.35624,6.89397,13.83000,43.40364,5.04936,1.40385,7.08856,14.27000,43.95563,0.00000,0.00000,0.00000,0.00000,0.00000,0.00000,0.00000,0.00000,0.00000,0.00000,13.98253,87.35927
26-1,1783318026.174999,2026-07-06T13:07:06.174999,5.08159,1.38456,7.03579,14.12000,44.10805,5.05866,1.37529,6.95710,13.98000,44.65216,0.00000,0.00000,0.00000,0.00000,0.00000,0.00000,0.00000,0.00000,0.00000,0.00000,13.99289,88.76021
26-1,1783318026.275118,2026-07-06T13:07:06.275118,5.08276,1.36308,6.92821,13.90000,44.80169,5.05723,1.40678,7.11442,14.30000,45.36445,0.00000,0.00000,0.00000,0.00000,0.00000,0.00000,0.00000,0.00000,0.00000,0.00000,14.04263,90.16614
26-1,1783318026.375236,2026-07-06T13:07:06.375236,5.07710,1.39360,7.07543,14.21000,45.51007,5.05336,1.40385,7.09417,14.27000,46.07470,0.00000,0.00000,0.00000,0.00000,0.00000,0.00000,0.00000,0.00000,0.00000,0.00000,14.16960,91.58477
26-1,1783318026.475355,2026-07-06T13:07:06.475355,5.08910,1.39360,7.09215,14.21000,46.22013,5.04936,1.40385,7.08856,14.27000,46.78441,0.00000,0.00000,0.00000,0.00000,0.00000,0.00000,0.00000,0.00000,0.00000,0.00000,14.18071,93.00454
26-1,1783318026.575420,2026-07-06T13:07:06.575420,5.08554,1.38554,7.04622,14.13000,46.92521,5.05430,1.38310,6.99060,14.06000,47.48392,0.00000,0.00000,0.00000,0.00000,0.00000,0.00000,0.00000,0.00000,0.00000,0.00000,14.03682,94.40913
26-1,1783318026.675505,2026-07-06T13:07:06.675505,5.08660,1.36601,6.94834,13.93000,47.62064,5.05350,1.40092,7.07955,14.24000,48.19248,0.00000,0.00000,0.00000,0.00000,0.00000,0.00000,0.00000,0.00000,0.00000,0.00000,14.02789,95.81312
26-1,1783318026.775625,2026-07-06T13:07:06.775625,5.08154,1.38554,7.04068,14.13000,48.32555,5.05345,1.40190,7.08443,14.25000,48.90177,0.00000,0.00000,0.00000,0.00000,0.00000,0.00000,0.00000,0.00000,0.00000,0.00000,14.12511,97.22732
26-1,1783318026.875692,2026-07-06T13:07:06.875692,5.08154,1.38554,7.04068,14.13000,49.03009,5.04945,1.40190,7.07882,14.25000,49.61012,0.00000,0.00000,0.00000,0.00000,0.00000,0.00000,0.00000,0.00000,0.00000,0.00000,14.11950,98.64021
27-1,1783318026.975810,2026-07-06T13:07:06.975810,5.08292,1.36015,6.91353,13.87000,0.69217,5.05861,1.37626,6.96198,13.99000,0.69702,0.00000,0.00000,0.00000,0.00000,0.00000,0.00000,0.00000,0.00000,0.00000,0.00000,13.87551,1.38919
27-1,1783318027.075934,2026-07-06T13:07:07.075934,5.09239,1.18656,6.04243,12.10000,1.29716,5.06386,1.26029,6.38195,12.81000,1.33601,0.00000,0.00000,0.00000,0.00000,0.00000,0.00000,0.00000,0.00000,0.00000,0.00000,12.42438,2.63317
27-1,1783318027.176053,2026-07-06T13:07:07.176053,5.08356,1.34843,6.85483,13.75000,1.98346,5.05075,1.37333,6.93636,13.96000,2.03047,0.00000,0.00000,0.00000,0.00000,0.00000,0.00000,0.00000,0.00000,0.00000,0.00000,13.79119,4.01393
27-1,1783318027.276172,2026-07-06T13:07:07.276172,5.07956,1.34843,6.84943,13.75000,2.66922,5.05075,1.37333,6.93636,13.96000,2.72493,0.00000,0.00000,0.00000,0.00000,0.00000,0.00000,0.00000,0.00000,0.00000,0.00000,13.78579,5.39414
27-1,1783318027.376290,2026-07-06T13:07:07.376290,5.06693,1.28666,6.51942,13.12000,3.32193,5.04516,1.23173,6.21426,12.52000,3.34709,0.00000,0.00000,0.00000,0.00000,0.00000,0.00000,0.00000,0.00000,0.00000,0.00000,12.73368,6.66902
27-1,1783318027.476357,2026-07-06T13:07:07.476357,5.06356,1.34843,6.82786,13.75000,4.00517,5.03804,1.38896,6.99763,14.12000,4.04732,0.00000,0.00000,0.00000,0.00000,0.00000,0.00000,0.00000,0.00000,0.00000,0.00000,13.82549,8.05249
27-1,1783318027.576474,2026-07-06T13:07:07.576474,5.08260,1.36601,6.94288,13.93000,4.70028,5.05399,1.38993,7.02472,14.13000,4.75062,0.00000,0.00000,0.00000,0.00000,0.00000,0.00000,0.00000,0.00000,0.00000,0.00000,13.96760,9.45089
27-1,1783318027.676538,2026-07-06T13:07:07.676538,5.11085,0.84817,4.33487,8.65000,5.13404,5.05799,1.38993,7.03028,14.13000,5.45409,0.00000,0.00000,0.00000,0.00000,0.00000,0.00000,0.00000,0.00000,0.00000,0.00000,11.36515,10.58813
27-1,1783318027.776657,2026-07-06T13:07:07.776657,5.08685,0.84817,4.31452,8.65000,5.56600,5.05835,0.94046,4.75716,9.56000,5.93037,0.00000,0.00000,0.00000,0.00000,0.00000,0.00000,0.00000,0.00000,0.00000,0.00000,9.07168,11.49638
27-1,1783318027.876776,2026-07-06T13:07:07.876776,5.07434,1.37089,6.95637,13.98000,6.26247,5.03728,1.40580,7.08142,14.29000,6.63936,0.00000,0.00000,0.00000,0.00000,0.00000,0.00000,0.00000,0.00000,0.00000,0.00000,14.03779,12.90183
27-1,1783318027.976895,2026-07-06T13:07:07.976895,5.09268,1.03470,5.26939,10.55000,6.79004,5.07429,1.03006,5.22683,10.47000,7.16267,0.00000,0.00000,0.00000,0.00000,0.00000,0.00000,0.00000,0.00000,0.00000,0.00000,10.49622,13.95270
27-1,1783318028.077013,2026-07-06T13:07:08.077013,5.05791,1.37870,6.97336,14.06000,7.48820,5.06629,1.03006,5.21859,10.47000,7.68514,0.00000,0.00000,0.00000,0.00000,0.00000,0.00000,0.00000,0.00000,0.00000,0.00000,12.19195,15.17334
27-1,1783318028.177131,2026-07-06T13:07:08.177131,5.08591,1.37870,7.01197,14.06000,8.19022,5.05372,1.39604,7.05519,14.19000,8.39149,0.00000,0.00000,0.00000,0.00000,0.00000,0.00000,0.00000,0.00000,0.00000,0.00000,14.06716,16.58171
27-1,1783318028.277250,2026-07-06T13:07:08.277250,5.08324,1.35429,6.88418,13.81000,8.87946,5.05475,1.37333,6.94185,13.96000,9.08650,0.00000,0.00000,0.00000,0.00000,0.00000,0.00000,0.00000,0.00000,0.00000,0.00000,13.82603,17.96596
27-1,1783318028.377368,2026-07-06T13:07:08.377368,5.08346,1.35038,6.86461,13.77000,9.56673,5.05083,1.37138,6.92661,13.94000,9.77998,0.00000,0.00000,0.00000,0.00000,0.00000,0.00000,0.00000,0.00000,0.00000,0.00000,13.79122,19.34670
27-1,1783318028.477486,2026-07-06T13:07:08.477486,5.07930,1.35331,6.87388,13.80000,10.25493,5.05883,1.37138,6.93758,13.94000,10.47456,0.00000,0.00000,0.00000,0.00000,0.00000,0.00000,0.00000,0.00000,0.00000,0.00000,13.81146,20.72948
27-1,1783318028.577602,2026-07-06T13:07:08.577602,5.08730,1.35331,6.88470,13.80000,10.94420,5.05386,1.39286,7.03935,14.16000,11.17931,0.00000,0.00000,0.00000,0.00000,0.00000,0.00000,0.00000,0.00000,0.00000,0.00000,13.92405,22.12351
27-1,1783318028.677718,2026-07-06T13:07:08.677718,5.08703,1.35820,6.90918,13.85000,11.63592,5.05386,1.39286,7.03935,14.16000,11.88406,0.00000,0.00000,0.00000,0.00000,0.00000,0.00000,0.00000,0.00000,0.00000,0.00000,13.94853,23.51998
27-1,1783318028.777837,2026-07-06T13:07:08.777837,5.08618,1.37382,6.98750,14.01000,12.33550,5.05875,1.37333,6.94734,13.96000,12.57962,0.00000,0.00000,0.00000,0.00000,0.00000,0.00000,0.00000,0.00000,0.00000,0.00000,13.93484,24.91512
27-1,1783318028.877956,2026-07-06T13:07:08.877956,5.08581,1.38066,7.02175,14.08000,13.03851,5.05075,1.37333,6.93636,13.96000,13.27408,0.00000,0.00000,0.00000,0.00000,0.00000,0.00000,0.00000,0.00000,0.00000,0.00000,13.95811,26.31259
27-1,1783318028.978073,2026-07-06T13:07:08.978073,5.08181,1.38066,7.01623,14.08000,13.74095,5.05079,1.37236,6.93148,13.95000,13.96804,0.00000,0.00000,0.00000,0.00000,0.00000,0.00000,0.00000,0.00000,0.00000,0.00000,13.94771,27.70900
27-1,1783318029.078190,2026-07-06T13:07:09.078190,5.08565,1.38359,7.03643,14.11000,14.44541,5.05013,1.38701,7.00455,14.10000,14.66931,0.00000,0.00000,0.00000,0.00000,0.00000,0.00000,0.00000,0.00000,0.00000,0.00000,14.04098,29.11473
27-1,1783318029.178308,2026-07-06T13:07:09.178308,5.08287,1.36113,6.91842,13.88000,15.13807,5.05358,1.39897,7.06981,14.22000,15.37713,0.00000,0.00000,0.00000,0.00000,0.00000,0.00000,0.00000,0.00000,0.00000,0.00000,13.98823,30.51520
27-1,1783318029.278426,2026-07-06T13:07:09.278426,5.08351,1.34941,6.85972,13.76000,15.82486,5.05358,1.39897,7.06981,14.22000,16.08495,0.00000,0.00000,0.00000,0.00000,0.00000,0.00000,0.00000,0.00000,0.00000,0.00000,13.92953,31.90981
27-1,1783318029.378545,2026-07-06T13:07:09.378545,5.07919,1.35527,6.88365,13.82000,16.51404,5.05386,1.39286,7.03935,14.16000,16.78972,0.00000,0.00000,0.00000,0.00000,0.00000,0.00000,0.00000,0.00000,0.00000,0.00000,13.92300,33.30376
27-1,1783318029.478663,2026-07-06T13:07:09.478663,5.08319,1.35527,6.88907,13.82000,17.20376,5.05461,1.37626,6.95648,13.99000,17.48619,0.00000,0.00000,0.00000,0.00000,0.00000,0.00000,0.00000,0.00000,0.00000,0.00000,13.84555,34.68995
27-1,1783318029.578781,2026-07-06T13:07:09.578781,5.07535,1.35234,6.86358,13.79000,17.89093,5.05088,1.37040,6.92174,13.93000,18.17918,0.00000,0.00000,0.00000,0.00000,0.00000,0.00000,0.00000,0.00000,0.00000,0.00000,13.78532,36.07011
27-1,1783318029.678900,2026-07-06T13:07:09.678900,5.07514,1.35624,6.88312,13.83000,18.58006,5.04688,1.37040,6.91626,13.93000,18.87162,0.00000,0.00000,0.00000,0.00000,0.00000,0.00000,0.00000,0.00000,0.00000,0.00000,13.79938,37.45168
27-1,1783318029.779019,2026-07-06T13:07:09.779019,5.07919,1.35527,6.88365,13.82000,19.26924,5.05057,1.37724,6.95584,14.00000,19.56804,0.00000,0.00000,0.00000,0.00000,0.00000,0.00000,0.00000,0.00000,0.00000,0.00000,13.83949,38.83728
27-1,1783318029.879138,2026-07-06T13:07:09.879138,5.07919,1.35527,6.88365,13.82000,19.95842,5.05079,1.37236,6.93148,13.95000,20.26201,0.00000,0.00000,0.00000,0.00000,0.00000,0.00000,0.00000,0.00000,0.00000,0.00000,13.81513,40.22043
27-1,1783318029.979257,2026-07-06T13:07:09.979257,5.07903,1.35820,6.89832,13.85000,20.64908,5.05057,1.37724,6.95584,14.00000,20.95842,0.00000,0.00000,0.00000,0.00000,0.00000,0.00000,0.00000,0.00000,0.00000,0.00000,13.85416,41.60750
27-1,1783318030.079374,2026-07-06T13:07:10.079374,5.07903,1.35820,6.89832,13.85000,21.33972,5.05057,1.37724,6.95584,14.00000,21.65482,0.00000,0.00000,0.00000,0.00000,0.00000,0.00000,0.00000,0.00000,0.00000,0.00000,13.85416,42.99454
27-1,1783318030.179491,2026-07-06T13:07:10.179491,5.07908,1.35722,6.89343,13.84000,22.02987,5.05391,1.39189,7.03447,14.15000,22.35909,0.00000,0.00000,0.00000,0.00000,0.00000,0.00000,0.00000,0.00000,0.00000,0.00000,13.92790,44.38897
27-1,1783318030.279610,2026-07-06T13:07:10.279610,5.07108,1.35722,6.88257,13.84000,22.71895,5.05363,1.39799,7.06493,14.21000,23.06643,0.00000,0.00000,0.00000,0.00000,0.00000,0.00000,0.00000,0.00000,0.00000,0.00000,13.94750,45.78537
27-1,1783318030.379728,2026-07-06T13:07:10.379728,5.08666,1.36503,6.94345,13.92000,23.41411,5.05767,1.39702,7.06565,14.20000,23.77382,0.00000,0.00000,0.00000,0.00000,0.00000,0.00000,0.00000,0.00000,0.00000,0.00000,14.00910,47.18793
27-1,1783318030.479846,2026-07-06T13:07:10.479846,5.06986,1.37968,6.99479,14.07000,24.11441,5.05767,1.39702,7.06565,14.20000,24.48122,0.00000,0.00000,0.00000,0.00000,0.00000,0.00000,0.00000,0.00000,0.00000,0.00000,14.06044,48.59563
27-1,1783318030.579963,2026-07-06T13:07:10.579963,5.06981,1.38066,6.99966,14.08000,24.81520,5.05750,1.40092,7.08516,14.24000,25.19057,0.00000,0.00000,0.00000,0.00000,0.00000,0.00000,0.00000,0.00000,0.00000,0.00000,14.08482,50.00577
27-1,1783318030.680082,2026-07-06T13:07:10.680082,5.07375,1.38163,7.01007,14.09000,25.51704,5.06163,1.39799,7.07612,14.21000,25.89902,0.00000,0.00000,0.00000,0.00000,0.00000,0.00000,0.00000,0.00000,0.00000,0.00000,14.08619,51.41606
27-1,1783318030.780199,2026-07-06T13:07:10.780199,5.08175,1.38163,7.02112,14.09000,26.21997,5.06154,1.39995,7.08588,14.23000,26.60844,0.00000,0.00000,0.00000,0.00000,0.00000,0.00000,0.00000,0.00000,0.00000,0.00000,14.10700,52.82841
27-1,1783318030.880317,2026-07-06T13:07:10.880317,5.08575,1.38163,7.02665,14.09000,26.92347,5.05781,1.39409,7.05101,14.23000,27.31438,0.00000,0.00000,0.00000,0.00000,0.00000,0.00000,0.00000,0.00000,0.00000,0.00000,14.07766,54.23785
27-1,1783318030.980434,2026-07-06T13:07:10.980434,5.08602,1.37675,7.00218,14.04000,27.62451,5.05381,1.39409,7.04544,14.17000,28.01974,0.00000,0.00000,0.00000,0.00000,0.00000,0.00000,0.00000,0.00000,0.00000,0.00000,14.04762,55.64425
27-1,1783318031.080552,2026-07-06T13:07:11.080552,5.07956,1.34843,6.84943,13.75000,28.31026,5.05008,1.38798,7.00942,14.11000,28.72151,0.00000,0.00000,0.00000,0.00000,0.00000,0.00000,0.00000,0.00000,0.00000,0.00000,13.85885,57.03177
27-1,1783318031.180671,2026-07-06T13:07:11.180671,5.08356,1.34843,6.85483,13.75000,28.99656,5.05066,1.37529,6.94610,13.98000,29.41695,0.00000,0.00000,0.00000,0.00000,0.00000,0.00000,0.00000,0.00000,0.00000,0.00000,13.80093,58.41350
27-1,1783318031.280790,2026-07-06T13:07:11.280790,5.08314,1.35624,6.89397,13.83000,29.68677,5.05461,1.37626,6.95648,13.99000,30.11342,0.00000,0.00000,0.00000,0.00000,0.00000,0.00000,0.00000,0.00000,0.00000,0.00000,13.85045,59.80019
27-1,1783318031.380908,2026-07-06T13:07:11.380908,5.08143,1.38749,7.05045,14.15000,30.39265,5.05461,1.37626,6.95648,13.99000,30.80989,0.00000,0.00000,0.00000,0.00000,0.00000,0.00000,0.00000,0.00000,0.00000,0.00000,14.00693,61.20253
28-1,1783318031.481052,2026-07-06T13:07:11.481052,5.08865,1.25517,6.38710,12.80000,0.63963,5.04799,1.34574,6.79331,13.68000,0.68031,0.00000,0.00000,0.00000,0.00000,0.00000,0.00000,0.00000,0.00000,0.00000,0.00000,13.18041,1.31994
28-1,1783318031.581170,2026-07-06T13:07:11.581170,5.08865,1.25517,6.38710,12.80000,1.27910,5.04683,1.37138,6.92113,13.94000,1.37324,0.00000,0.00000,0.00000,0.00000,0.00000,0.00000,0.00000,0.00000,0.00000,0.00000,13.30823,2.65234
28-1,1783318031.681289,2026-07-06T13:07:11.681289,5.07988,1.34257,6.82010,13.69000,1.96192,5.04717,1.54057,7.77554,15.66000,2.15172,0.00000,0.00000,0.00000,0.00000,0.00000,0.00000,0.00000,0.00000,0.00000,0.00000,14.59564,4.11364
28-1,1783318031.781409,2026-07-06T13:07:11.781409,5.06625,1.22587,6.21055,12.50000,2.58372,5.06317,1.54057,7.80019,15.66000,2.93267,0.00000,0.00000,0.00000,0.00000,0.00000,0.00000,0.00000,0.00000,0.00000,0.00000,14.01074,5.51639
28-1,1783318031.881528,2026-07-06T13:07:11.881528,5.05956,1.34843,6.82247,13.75000,3.26678,5.06036,1.24931,6.32194,12.70000,3.56562,0.00000,0.00000,0.00000,0.00000,0.00000,0.00000,0.00000,0.00000,0.00000,0.00000,13.14441,6.83240
28-1,1783318031.981647,2026-07-06T13:07:11.981647,5.07940,1.35136,6.86410,13.78000,3.95400,5.05514,1.36454,6.89796,13.87000,4.25624,0.00000,0.00000,0.00000,0.00000,0.00000,0.00000,0.00000,0.00000,0.00000,0.00000,13.76206,8.21024
28-1,1783318032.081766,2026-07-06T13:07:12.081766,5.08340,1.35136,6.86951,13.78000,4.64177,5.05381,1.39409,7.04544,14.17000,4.96162,0.00000,0.00000,0.00000,0.00000,0.00000,0.00000,0.00000,0.00000,0.00000,0.00000,13.91495,9.60339
28-1,1783318032.181884,2026-07-06T13:07:12.181884,5.08340,1.35136,6.86951,13.78000,5.32953,5.05381,1.39409,7.04544,14.17000,5.66700,0.00000,0.00000,0.00000,0.00000,0.00000,0.00000,0.00000,0.00000,0.00000,0.00000,13.91495,10.99653
28-1,1783318032.282002,2026-07-06T13:07:12.282002,5.08367,1.34648,6.84504,13.73000,6.01485,5.05101,1.36747,6.90712,13.90000,6.35852,0.00000,0.00000,0.00000,0.00000,0.00000,0.00000,0.00000,0.00000,0.00000,0.00000,13.75216,12.37337
28-1,1783318032.382121,2026-07-06T13:07:12.382121,5.08666,1.36503,6.94345,13.92000,6.71002,5.05039,1.38115,6.97533,14.04000,7.05689,0.00000,0.00000,0.00000,0.00000,0.00000,0.00000,0.00000,0.00000,0.00000,0.00000,13.91878,13.76690
28-1,1783318032.482239,2026-07-06T13:07:12.482239,5.08266,1.36503,6.93799,13.92000,7.40463,5.05106,1.36650,6.90225,13.89000,7.74792,0.00000,0.00000,0.00000,0.00000,0.00000,0.00000,0.00000,0.00000,0.00000,0.00000,13.84024,15.15256
28-1,1783318032.582357,2026-07-06T13:07:12.582357,5.08692,1.36015,6.91897,13.87000,8.09735,5.05106,1.36650,6.90225,13.89000,8.43896,0.00000,0.00000,0.00000,0.00000,0.00000,0.00000,0.00000,0.00000,0.00000,0.00000,13.82122,16.53631
28-1,1783318032.682476,2026-07-06T13:07:12.682476,5.08746,1.35038,6.87001,13.77000,8.78517,5.06301,1.36747,6.92353,13.90000,9.13214,0.00000,0.00000,0.00000,0.00000,0.00000,0.00000,0.00000,0.00000,0.00000,0.00000,13.79354,17.91731
28-1,1783318032.782596,2026-07-06T13:07:12.782596,5.07962,1.34745,6.84455,13.74000,9.47044,5.06167,1.39702,7.07123,14.20000,9.84011,0.00000,0.00000,0.00000,0.00000,0.00000,0.00000,0.00000,0.00000,0.00000,0.00000,13.91578,19.31055
28-1,1783318032.882715,2026-07-06T13:07:12.882715,5.08362,1.34745,6.84994,13.74000,10.15626,5.05479,1.37236,6.93697,13.95000,10.53464,0.00000,0.00000,0.00000,0.00000,0.00000,0.00000,0.00000,0.00000,0.00000,0.00000,13.78691,20.69089
28-1,1783318032.982834,2026-07-06T13:07:12.982834,5.08586,1.37968,7.01686,14.07000,10.85877,5.05479,1.37236,6.93697,13.95000,11.22916,0.00000,0.00000,0.00000,0.00000,0.00000,0.00000,0.00000,0.00000,0.00000,0.00000,13.95383,22.08793
28-1,1783318033.082953,2026-07-06T13:07:13.082953,5.08751,1.34941,6.86512,13.76000,11.54610,5.05452,1.37822,6.96623,14.01000,11.92661,0.00000,0.00000,0.00000,0.00000,0.00000,0.00000,0.00000,0.00000,0.00000,0.00000,13.83135,23.47271
28-1,1783318033.183072,2026-07-06T13:07:13.183072,5.07535,1.35234,6.86358,13.79000,12.23328,5.05408,1.38798,7.01497,14.11000,12.62894,0.00000,0.00000,0.00000,0.00000,0.00000,0.00000,0.00000,0.00000,0.00000,0.00000,13.87855,24.86222
28-1,1783318033.283191,2026-07-06T13:07:13.283191,5.08346,1.35038,6.86461,13.77000,12.92055,5.05475,1.37333,6.94185,13.96000,13.32395,0.00000,0.00000,0.00000,0.00000,0.00000,0.00000,0.00000,0.00000,0.00000,0.00000,13.80646,26.24451
28-1,1783318033.383308,2026-07-06T13:07:13.383308,5.08746,1.35038,6.87001,13.77000,13.60836,5.05475,1.37333,6.94185,13.96000,14.01895,0.00000,0.00000,0.00000,0.00000,0.00000,0.00000,0.00000,0.00000,0.00000,0.00000,13.81186,27.62731
28-1,1783318033.483427,2026-07-06T13:07:13.483427,5.08612,1.37480,6.99239,14.02000,14.30843,5.05461,1.37626,6.95648,13.99000,14.71542,0.00000,0.00000,0.00000,0.00000,0.00000,0.00000,0.00000,0.00000,0.00000,0.00000,13.94887,29.02385
29-1,1783318033.583572,2026-07-06T13:07:13.583572,5.09125,1.28080,6.52088,13.06000,0.65304,5.05679,1.32817,6.71626,13.50000,0.67260,0.00000,0.00000,0.00000,0.00000,0.00000,0.00000,0.00000,0.00000,0.00000,0.00000,13.23714,1.32564
29-1,1783318033.683690,2026-07-06T13:07:13.683690,5.08137,1.38871,7.05656,14.16000,1.35952,5.05252,1.42241,7.18674,14.46000,1.39212,0.00000,0.00000,0.00000,0.00000,0.00000,0.00000,0.00000,0.00000,0.00000,0.00000,14.24330,2.75165
29-1,1783318033.783808,2026-07-06T13:07:13.783808,5.09337,1.38871,7.07323,14.16000,2.06768,5.06452,1.42241,7.20381,14.46000,2.11336,0.00000,0.00000,0.00000,0.00000,0.00000,0.00000,0.00000,0.00000,0.00000,0.00000,14.27704,4.18104
29-1,1783318033.883927,2026-07-06T13:07:13.883927,5.08770,1.19926,6.10145,12.23000,2.67855,5.05623,1.25224,6.33159,12.73000,2.74727,0.00000,0.00000,0.00000,0.00000,0.00000,0.00000,0.00000,0.00000,0.00000,0.00000,12.43304,5.42582
29-1,1783318033.984044,2026-07-06T13:07:13.984044,5.07972,1.34550,6.83477,13.72000,3.36283,5.05119,1.36357,6.88763,13.86000,3.43683,0.00000,0.00000,0.00000,0.00000,0.00000,0.00000,0.00000,0.00000,0.00000,0.00000,13.72240,6.79966
29-1,1783318034.084163,2026-07-06T13:07:14.084163,5.08383,1.34355,6.83036,13.70000,4.04668,5.05057,1.37724,6.95584,14.00000,4.13325,0.00000,0.00000,0.00000,0.00000,0.00000,0.00000,0.00000,0.00000,0.00000,0.00000,13.78620,8.17992
29-1,1783318034.184281,2026-07-06T13:07:14.184281,5.08383,1.34355,6.83036,13.70000,4.73052,5.05057,1.37724,6.95584,14.00000,4.82966,0.00000,0.00000,0.00000,0.00000,0.00000,0.00000,0.00000,0.00000,0.00000,0.00000,13.78620,9.56018
29-1,1783318034.284398,2026-07-06T13:07:14.284398,5.08724,1.35429,6.88960,13.81000,5.42029,5.05501,1.36747,6.91259,13.90000,5.52172,0.00000,0.00000,0.00000,0.00000,0.00000,0.00000,0.00000,0.00000,0.00000,0.00000,13.80219,10.94201
30-1,1783318034.384543,2026-07-06T13:07:14.384543,5.08751,1.34941,6.86512,13.76000,0.68751,5.05404,1.38896,7.01985,14.12000,0.70300,0.00000,0.00000,0.00000,0.00000,0.00000,0.00000,0.00000,0.00000,0.00000,0.00000,13.88497,1.39051
30-1,1783318034.484663,2026-07-06T13:07:14.484663,5.07978,1.34452,6.82988,13.71000,1.37131,5.05475,1.37333,6.94185,13.96000,1.39802,0.00000,0.00000,0.00000,0.00000,0.00000,0.00000,0.00000,0.00000,0.00000,0.00000,13.77173,2.76933
30-1,1783318034.584781,2026-07-06T13:07:14.584781,5.07870,1.43754,7.30086,13.71000,2.10226,5.05075,1.37333,6.93636,13.96000,2.09248,0.00000,0.00000,0.00000,0.00000,0.00000,0.00000,0.00000,0.00000,0.00000,0.00000,14.23722,4.19474
30-1,1783318034.684901,2026-07-06T13:07:14.684901,5.09470,1.43754,7.32386,14.66000,2.83552,5.06394,1.52373,7.71606,15.49000,2.86500,0.00000,0.00000,0.00000,0.00000,0.00000,0.00000,0.00000,0.00000,0.00000,0.00000,15.03992,5.70053
30-1,1783318034.785019,2026-07-06T13:07:14.785019,5.09656,1.11014,5.65790,11.32000,3.40198,5.07404,1.30058,6.59918,13.22000,3.52570,0.00000,0.00000,0.00000,0.00000,0.00000,0.00000,0.00000,0.00000,0.00000,0.00000,12.25708,6.92769
30-1,1783318034.885140,2026-07-06T13:07:14.885140,5.08218,1.37382,6.98200,14.01000,4.10103,5.05795,1.39091,7.03516,14.14000,4.23007,0.00000,0.00000,0.00000,0.00000,0.00000,0.00000,0.00000,0.00000,0.00000,0.00000,14.01716,8.33109
30-1,1783318034.985260,2026-07-06T13:07:14.985260,5.08356,1.34843,6.85483,13.75000,4.78733,5.05395,1.39091,7.02960,14.14000,4.93387,0.00000,0.00000,0.00000,0.00000,0.00000,0.00000,0.00000,0.00000,0.00000,0.00000,13.88443,9.72120
30-1,1783318035.085379,2026-07-06T13:07:15.085379,5.07956,1.34843,6.84943,13.75000,5.47309,5.05492,1.36943,6.92234,13.92000,5.62693,0.00000,0.00000,0.00000,0.00000,0.00000,0.00000,0.00000,0.00000,0.00000,0.00000,13.77177,11.10002
30-1,1783318035.185538,2026-07-06T13:07:15.185538,5.08410,1.33866,6.80590,13.65000,6.15476,5.05408,1.38798,7.01497,14.11000,6.32954,0.00000,0.00000,0.00000,0.00000,0.00000,0.00000,0.00000,0.00000,0.00000,0.00000,13.82087,12.48430
30-1,1783318035.285656,2026-07-06T13:07:15.285656,5.08191,1.37870,7.00645,14.06000,6.85624,5.05492,1.36943,6.92234,13.92000,7.02259,0.00000,0.00000,0.00000,0.00000,0.00000,0.00000,0.00000,0.00000,0.00000,0.00000,13.92879,13.87883
30-1,1783318035.385776,2026-07-06T13:07:15.385776,5.08351,1.34941,6.85972,13.76000,7.54303,5.05492,1.36943,6.92234,13.92000,7.71566,0.00000,0.00000,0.00000,0.00000,0.00000,0.00000,0.00000,0.00000,0.00000,0.00000,13.78206,15.25868
30-1,1783318035.485894,2026-07-06T13:07:15.485894,5.08351,1.34941,6.85972,13.76000,8.22981,5.05501,1.36747,6.91259,13.90000,8.40773,0.00000,0.00000,0.00000,0.00000,0.00000,0.00000,0.00000,0.00000,0.00000,0.00000,13.77231,16.63754
30-1,1783318035.586011,2026-07-06T13:07:15.586011,5.08410,1.33866,6.80590,13.65000,8.91120,5.05475,1.37333,6.94185,13.96000,9.10273,0.00000,0.00000,0.00000,0.00000,0.00000,0.00000,0.00000,0.00000,0.00000,0.00000,13.74775,18.01393
30-1,1783318035.686129,2026-07-06T13:07:15.686129,5.08202,1.37675,6.99667,14.04000,9.61169,5.05479,1.37236,6.93697,13.95000,9.79725,0.00000,0.00000,0.00000,0.00000,0.00000,0.00000,0.00000,0.00000,0.00000,0.00000,13.93364,19.40894
30-1,1783318035.786247,2026-07-06T13:07:15.786247,5.08346,1.35038,6.86461,13.77000,10.29896,5.05479,1.37236,6.93697,13.95000,10.49176,0.00000,0.00000,0.00000,0.00000,0.00000,0.00000,0.00000,0.00000,0.00000,0.00000,13.80158,20.79072
30-1,1783318035.886365,2026-07-06T13:07:15.886365,5.07946,1.35038,6.85921,13.77000,10.98569,5.05363,1.39799,7.06493,14.21000,11.19909,0.00000,0.00000,0.00000,0.00000,0.00000,0.00000,0.00000,0.00000,0.00000,0.00000,13.92414,22.18478
30-1,1783318035.986484,2026-07-06T13:07:15.986484,5.08340,1.35136,6.86951,13.78000,11.67346,5.05483,1.37138,6.93210,13.94000,11.89312,0.00000,0.00000,0.00000,0.00000,0.00000,0.00000,0.00000,0.00000,0.00000,0.00000,13.80161,23.56658
30-1,1783318036.086602,2026-07-06T13:07:16.086602,5.08260,1.36601,6.94288,13.93000,12.36857,5.05119,1.36357,6.88763,13.86000,12.58270,0.00000,0.00000,0.00000,0.00000,0.00000,0.00000,0.00000,0.00000,0.00000,0.00000,13.83051,24.95127
30-1,1783318036.186721,2026-07-06T13:07:16.186721,5.08175,1.38163,7.02112,14.09000,13.07152,5.05919,1.36357,6.89854,13.86000,13.27337,0.00000,0.00000,0.00000,0.00000,0.00000,0.00000,0.00000,0.00000,0.00000,0.00000,13.91966,26.34489
30-1,1783318036.286838,2026-07-06T13:07:16.286838,5.08314,1.35624,6.89397,13.83000,13.76172,5.05354,1.39995,7.07468,14.23000,13.98167,0.00000,0.00000,0.00000,0.00000,0.00000,0.00000,0.00000,0.00000,0.00000,0.00000,13.96865,27.74339
30-1,1783318036.386956,2026-07-06T13:07:16.386956,5.07914,1.35624,6.88854,13.83000,14.45139,5.05483,1.37138,6.93210,13.94000,14.67570,0.00000,0.00000,0.00000,0.00000,0.00000,0.00000,0.00000,0.00000,0.00000,0.00000,13.82064,29.12709
31-1,1783318036.487086,2026-07-06T13:07:16.487086,5.08346,1.35038,6.86461,13.77000,0.68735,5.04688,1.37040,6.91626,13.93000,0.69252,0.00000,0.00000,0.00000,0.00000,0.00000,0.00000,0.00000,0.00000,0.00000,0.00000,13.78087,1.37987
31-1,1783318036.587203,2026-07-06T13:07:16.587203,5.08961,1.23759,6.29883,12.62000,1.31797,5.05088,1.37040,6.92174,13.93000,1.38551,0.00000,0.00000,0.00000,0.00000,0.00000,0.00000,0.00000,0.00000,0.00000,0.00000,13.22057,2.70348
31-1,1783318036.687320,2026-07-06T13:07:16.687320,5.07704,1.46806,7.45341,14.97000,2.06418,5.05039,1.38115,6.97533,14.04000,2.08385,0.00000,0.00000,0.00000,0.00000,0.00000,0.00000,0.00000,0.00000,0.00000,0.00000,14.42874,4.14803
31-1,1783318036.787437,2026-07-06T13:07:16.787437,5.08904,1.46806,7.47102,14.97000,2.81216,5.06339,1.09403,5.53949,11.12000,2.63845,0.00000,0.00000,0.00000,0.00000,0.00000,0.00000,0.00000,0.00000,0.00000,0.00000,13.01051,5.45061
31-1,1783318036.887553,2026-07-06T13:07:16.887553,5.08491,1.32377,6.73125,13.50000,3.48607,5.04314,1.36454,6.88159,13.87000,3.32741,0.00000,0.00000,0.00000,0.00000,0.00000,0.00000,0.00000,0.00000,0.00000,0.00000,13.61284,6.81348
31-1,1783318036.987670,2026-07-06T13:07:16.987670,5.08250,1.36796,6.95266,13.95000,4.18215,5.05114,1.36454,6.89251,13.87000,4.01747,0.00000,0.00000,0.00000,0.00000,0.00000,0.00000,0.00000,0.00000,0.00000,0.00000,13.84517,8.19961
31-1,1783318037.087787,2026-07-06T13:07:17.087787,5.08762,1.34745,6.85533,13.74000,4.86848,5.05532,1.36064,6.87846,13.83000,4.70612,0.00000,0.00000,0.00000,0.00000,0.00000,0.00000,0.00000,0.00000,0.00000,0.00000,13.73379,9.57460
31-1,1783318037.187904,2026-07-06T13:07:17.187904,5.08762,1.34745,6.85533,13.74000,5.55482,5.05497,1.36845,6.91747,13.91000,5.39868,0.00000,0.00000,0.00000,0.00000,0.00000,0.00000,0.00000,0.00000,0.00000,0.00000,13.77280,10.95349
31-1,1783318037.288021,2026-07-06T13:07:17.288021,5.08282,1.36210,6.92332,13.89000,6.24796,5.05519,1.36357,6.89309,13.86000,6.08879,0.00000,0.00000,0.00000,0.00000,0.00000,0.00000,0.00000,0.00000,0.00000,0.00000,13.81641,12.33675
31-1,1783318037.388138,2026-07-06T13:07:17.388138,5.07946,1.35038,6.85921,13.77000,6.93468,5.05119,1.36357,6.88763,13.86000,6.77835,0.00000,0.00000,0.00000,0.00000,0.00000,0.00000,0.00000,0.00000,0.00000,0.00000,13.74684,13.71303
31-1,1783318037.488254,2026-07-06T13:07:17.488254,5.07951,1.34941,6.85432,13.76000,7.62091,5.05083,1.37138,6.92661,13.94000,7.47182,0.00000,0.00000,0.00000,0.00000,0.00000,0.00000,0.00000,0.00000,0.00000,0.00000,13.78093,15.09273
31-1,1783318037.588371,2026-07-06T13:07:17.588371,5.08655,1.36699,6.95324,13.94000,8.31705,5.05119,1.36357,6.88763,13.86000,8.16139,0.00000,0.00000,0.00000,0.00000,0.00000,0.00000,0.00000,0.00000,0.00000,0.00000,13.84087,16.47844
31-1,1783318037.688488,2026-07-06T13:07:17.688488,5.07855,1.36699,6.94230,13.94000,9.01209,5.05767,1.39702,7.06565,14.20000,8.86878,0.00000,0.00000,0.00000,0.00000,0.00000,0.00000,0.00000,0.00000,0.00000,0.00000,14.00795,17.88087
31-1,1783318037.788605,2026-07-06T13:07:17.788605,5.08335,1.35234,6.87440,13.79000,9.70033,5.05367,1.39702,7.06006,14.20000,9.57562,0.00000,0.00000,0.00000,0.00000,0.00000,0.00000,0.00000,0.00000,0.00000,0.00000,13.93446,19.27595
31-1,1783318037.888722,2026-07-06T13:07:17.888722,5.08346,1.35038,6.86461,13.77000,10.38760,5.05097,1.36845,6.91200,13.91000,10.26763,0.00000,0.00000,0.00000,0.00000,0.00000,0.00000,0.00000,0.00000,0.00000,0.00000,13.77661,20.65522
31-1,1783318037.988841,2026-07-06T13:07:17.988841,5.07914,1.35624,6.88854,13.83000,11.07727,5.05057,1.37724,6.95584,14.00000,10.96404,0.00000,0.00000,0.00000,0.00000,0.00000,0.00000,0.00000,0.00000,0.00000,0.00000,13.84438,22.04131
31-1,1783318038.088960,2026-07-06T13:07:18.088960,5.08314,1.35624,6.89397,13.83000,11.76749,5.05466,1.37529,6.95160,13.98000,11.66002,0.00000,0.00000,0.00000,0.00000,0.00000,0.00000,0.00000,0.00000,0.00000,0.00000,13.84557,23.42751
31-1,1783318038.189076,2026-07-06T13:07:18.189076,5.08170,1.38261,7.02601,14.10000,12.47091,5.05066,1.37529,6.94610,13.98000,12.35544,0.00000,0.00000,0.00000,0.00000,0.00000,0.00000,0.00000,0.00000,0.00000,0.00000,13.97211,24.82635
31-1,1783318038.289195,2026-07-06T13:07:18.289195,5.08330,1.35331,6.87929,13.80000,13.15965,5.05079,1.37236,6.93148,13.95000,13.04941,0.00000,0.00000,0.00000,0.00000,0.00000,0.00000,0.00000,0.00000,0.00000,0.00000,13.81077,26.20907
31-1,1783318038.389262,2026-07-06T13:07:18.389262,5.08340,1.35136,6.86951,13.78000,13.84706,5.04981,1.39409,7.03986,14.17000,13.75387,0.00000,0.00000,0.00000,0.00000,0.00000,0.00000,0.00000,0.00000,0.00000,0.00000,13.90937,27.60093
31-1,1783318038.489380,2026-07-06T13:07:18.489380,5.08340,1.35136,6.86951,13.78000,14.53482,5.05870,1.37431,6.95222,13.97000,14.44991,0.00000,0.00000,0.00000,0.00000,0.00000,0.00000,0.00000,0.00000,0.00000,0.00000,13.82173,28.98474
31-1,1783318038.589498,2026-07-06T13:07:18.589498,5.08308,1.35722,6.89886,13.84000,15.22552,5.04670,1.37431,6.93573,13.97000,15.14430,0.00000,0.00000,0.00000,0.00000,0.00000,0.00000,0.00000,0.00000,0.00000,0.00000,13.83459,30.36983
31-1,1783318038.689617,2026-07-06T13:07:18.689617,5.08196,1.37773,7.00156,14.05000,15.92651,5.05466,1.37529,6.95160,13.98000,15.84029,0.00000,0.00000,0.00000,0.00000,0.00000,0.00000,0.00000,0.00000,0.00000,0.00000,13.95316,31.76680
31-1,1783318038.789736,2026-07-06T13:07:18.789736,5.08628,1.37187,6.97771,13.99000,16.62511,5.05395,1.39091,7.02960,14.14000,16.54409,0.00000,0.00000,0.00000,0.00000,0.00000,0.00000,0.00000,0.00000,0.00000,0.00000,14.00731,33.16920
31-1,1783318038.889855,2026-07-06T13:07:18.889855,5.08351,1.34941,6.85972,13.76000,17.31190,5.05376,1.39506,7.05031,14.18000,17.24995,0.00000,0.00000,0.00000,0.00000,0.00000,0.00000,0.00000,0.00000,0.00000,0.00000,13.91003,34.56185
31-1,1783318038.989973,2026-07-06T13:07:18.989973,5.07551,1.34941,6.84893,13.76000,17.99760,5.05470,1.37431,6.94672,13.97000,17.94545,0.00000,0.00000,0.00000,0.00000,0.00000,0.00000,0.00000,0.00000,0.00000,0.00000,13.79565,35.94305
31-1,1783318039.090091,2026-07-06T13:07:19.090091,5.07935,1.35234,6.86899,13.79000,18.68531,5.05470,1.37431,6.94672,13.97000,18.64094,0.00000,0.00000,0.00000,0.00000,0.00000,0.00000,0.00000,0.00000,0.00000,0.00000,13.81571,37.32625
31-1,1783318039.190210,2026-07-06T13:07:19.190210,5.07967,1.34648,6.83966,13.73000,19.37010,5.05475,1.37333,6.94185,13.96000,19.33595,0.00000,0.00000,0.00000,0.00000,0.00000,0.00000,0.00000,0.00000,0.00000,0.00000,13.78151,38.70605
31-1,1783318039.290329,2026-07-06T13:07:19.290329,5.08351,1.34941,6.85972,13.76000,20.05688,5.05417,1.38603,7.00523,14.09000,20.03731,0.00000,0.00000,0.00000,0.00000,0.00000,0.00000,0.00000,0.00000,0.00000,0.00000,13.86495,40.09419
31-1,1783318039.390448,2026-07-06T13:07:19.390448,5.08351,1.34941,6.85972,13.76000,20.74367,5.04950,1.40092,7.07395,14.24000,20.74554,0.00000,0.00000,0.00000,0.00000,0.00000,0.00000,0.00000,0.00000,0.00000,0.00000,13.93367,41.48921
31-1,1783318039.490565,2026-07-06T13:07:19.490565,5.07834,1.37089,6.96185,13.98000,21.44067,5.05350,1.40092,7.07955,14.24000,21.45433,0.00000,0.00000,0.00000,0.00000,0.00000,0.00000,0.00000,0.00000,0.00000,0.00000,14.04140,42.89500
31-1,1783318039.590683,2026-07-06T13:07:19.590683,5.07802,1.37675,6.99117,14.04000,22.14061,5.05386,1.39286,7.03935,14.16000,22.15909,0.00000,0.00000,0.00000,0.00000,0.00000,0.00000,0.00000,0.00000,0.00000,0.00000,14.03052,44.29971
31-1,1783318039.690802,2026-07-06T13:07:19.690802,5.08175,1.38163,7.02112,14.09000,22.84356,5.05461,1.37626,6.95648,13.99000,22.85557,0.00000,0.00000,0.00000,0.00000,0.00000,0.00000,0.00000,0.00000,0.00000,0.00000,13.97760,45.69913
31-1,1783318039.790921,2026-07-06T13:07:19.790921,5.07775,1.38163,7.01559,14.09000,23.54595,5.05066,1.37529,6.94610,13.98000,23.55100,0.00000,0.00000,0.00000,0.00000,0.00000,0.00000,0.00000,0.00000,0.00000,0.00000,13.96169,47.09695
31-1,1783318039.891039,2026-07-06T13:07:19.891039,5.08591,1.37870,7.01197,14.06000,24.24798,5.05066,1.37529,6.94610,13.98000,24.24644,0.00000,0.00000,0.00000,0.00000,0.00000,0.00000,0.00000,0.00000,0.00000,0.00000,13.95807,48.49441
31-1,1783318039.991158,2026-07-06T13:07:19.991158,5.08581,1.38066,7.02175,14.08000,24.95098,5.04679,1.37236,6.92599,13.95000,24.93985,0.00000,0.00000,0.00000,0.00000,0.00000,0.00000,0.00000,0.00000,0.00000,0.00000,13.94774,49.89084
31-1,1783318040.091277,2026-07-06T13:07:20.091277,5.08581,1.38066,7.02175,14.08000,25.65400,5.04648,1.37919,6.96007,14.02000,25.63669,0.00000,0.00000,0.00000,0.00000,0.00000,0.00000,0.00000,0.00000,0.00000,0.00000,13.98182,51.29069
31-1,1783318040.191394,2026-07-06T13:07:20.191394,5.07781,1.38066,7.01071,14.08000,26.35589,5.04967,1.39702,7.05447,14.20000,26.34297,0.00000,0.00000,0.00000,0.00000,0.00000,0.00000,0.00000,0.00000,0.00000,0.00000,14.06518,52.69886
31-1,1783318040.291512,2026-07-06T13:07:20.291512,5.08181,1.38066,7.01623,14.08000,27.05834,5.05767,1.39702,7.06565,14.20000,27.05037,0.00000,0.00000,0.00000,0.00000,0.00000,0.00000,0.00000,0.00000,0.00000,0.00000,14.08188,54.10871
31-1,1783318040.391631,2026-07-06T13:07:20.391631,5.08575,1.38163,7.02665,14.09000,27.76184,5.06167,1.39702,7.07123,14.20000,27.75833,0.00000,0.00000,0.00000,0.00000,0.00000,0.00000,0.00000,0.00000,0.00000,0.00000,14.09788,55.52017
31-1,1783318040.491748,2026-07-06T13:07:20.491748,5.08586,1.37968,7.01686,14.07000,28.46435,5.06154,1.39995,7.08588,14.23000,28.46775,0.00000,0.00000,0.00000,0.00000,0.00000,0.00000,0.00000,0.00000,0.00000,0.00000,14.10274,56.93210
31-1,1783318040.591868,2026-07-06T13:07:20.591868,5.07381,1.38066,7.00519,14.08000,29.16571,5.05767,1.39702,7.06565,14.20000,29.17516,0.00000,0.00000,0.00000,0.00000,0.00000,0.00000,0.00000,0.00000,0.00000,0.00000,14.07084,58.34087
31-1,1783318040.691985,2026-07-06T13:07:20.691985,5.08981,1.38066,7.02728,14.08000,29.86926,5.05367,1.39702,7.06006,14.20000,29.88199,0.00000,0.00000,0.00000,0.00000,0.00000,0.00000,0.00000,0.00000,0.00000,0.00000,14.08734,59.75125
31-1,1783318040.792104,2026-07-06T13:07:20.792104,5.09007,1.37577,7.00279,14.03000,30.57037,5.04976,1.39506,7.04473,14.18000,30.58730,0.00000,0.00000,0.00000,0.00000,0.00000,0.00000,0.00000,0.00000,0.00000,0.00000,14.04752,61.15767
31-1,1783318040.892222,2026-07-06T13:07:20.892222,5.09060,1.36601,6.95381,13.93000,31.26657,5.04963,1.39799,7.05934,14.21000,31.29407,0.00000,0.00000,0.00000,0.00000,0.00000,0.00000,0.00000,0.00000,0.00000,0.00000,14.01315,62.56065
31-1,1783318040.992341,2026-07-06T13:07:20.992341,5.07135,1.35234,6.85817,13.79000,31.95320,5.04954,1.39995,7.06908,14.23000,32.00182,0.00000,0.00000,0.00000,0.00000,0.00000,0.00000,0.00000,0.00000,0.00000,0.00000,13.92725,63.95502
31-1,1783318041.092459,2026-07-06T13:07:21.092459,5.08735,1.35234,6.87981,13.79000,32.64200,5.04954,1.39995,7.06908,14.23000,32.70956,0.00000,0.00000,0.00000,0.00000,0.00000,0.00000,0.00000,0.00000,0.00000,0.00000,13.94889,65.35156
31-1,1783318041.192576,2026-07-06T13:07:21.192576,5.07503,1.35820,6.89288,13.85000,33.33210,5.05758,1.39897,7.07540,14.22000,33.41793,0.00000,0.00000,0.00000,0.00000,0.00000,0.00000,0.00000,0.00000,0.00000,0.00000,13.96828,66.75003
31-1,1783318041.292695,2026-07-06T13:07:21.292695,5.07466,1.36503,6.92707,13.92000,34.02563,5.05754,1.39995,7.08028,14.23000,34.12680,0.00000,0.00000,0.00000,0.00000,0.00000,0.00000,0.00000,0.00000,0.00000,0.00000,14.00735,68.15243
31-1,1783318041.392813,2026-07-06T13:07:21.392813,5.07331,1.38969,7.05034,14.17000,34.73149,5.05345,1.40190,7.08443,14.25000,34.83608,0.00000,0.00000,0.00000,0.00000,0.00000,0.00000,0.00000,0.00000,0.00000,0.00000,14.13477,69.56757
31-1,1783318041.492930,2026-07-06T13:07:21.492930,5.08531,1.38969,7.06701,14.17000,35.43902,5.05345,1.40190,7.08443,14.25000,35.54535,0.00000,0.00000,0.00000,0.00000,0.00000,0.00000,0.00000,0.00000,0.00000,0.00000,14.15144,70.98437
31-1,1783318041.593049,2026-07-06T13:07:21.593049,5.08191,1.37870,7.00645,14.06000,36.14050,5.04599,1.38993,7.01360,14.13000,36.24754,0.00000,0.00000,0.00000,0.00000,0.00000,0.00000,0.00000,0.00000,0.00000,0.00000,14.02005,72.38804
31-1,1783318041.693168,2026-07-06T13:07:21.693168,5.08165,1.38359,7.03090,14.11000,36.84442,5.04670,1.37431,6.93573,13.97000,36.94194,0.00000,0.00000,0.00000,0.00000,0.00000,0.00000,0.00000,0.00000,0.00000,0.00000,13.96663,73.78636
31-1,1783318041.793289,2026-07-06T13:07:21.793289,5.08324,1.35429,6.88418,13.81000,37.53367,5.05066,1.37529,6.94610,13.98000,37.63739,0.00000,0.00000,0.00000,0.00000,0.00000,0.00000,0.00000,0.00000,0.00000,0.00000,13.83028,75.17107
31-1,1783318041.893408,2026-07-06T13:07:21.893408,5.08282,1.36210,6.92332,13.89000,38.22683,5.05466,1.37529,6.95160,13.98000,38.33338,0.00000,0.00000,0.00000,0.00000,0.00000,0.00000,0.00000,0.00000,0.00000,0.00000,13.87492,76.56021
31-1,1783318041.993526,2026-07-06T13:07:21.993526,5.07882,1.36210,6.91787,13.89000,38.91943,5.05048,1.37919,6.96558,14.02000,39.03076,0.00000,0.00000,0.00000,0.00000,0.00000,0.00000,0.00000,0.00000,0.00000,0.00000,13.88345,77.95020
31-1,1783318042.093643,2026-07-06T13:07:22.093643,5.08526,1.39067,7.07190,14.18000,39.62745,5.04991,1.39189,7.02890,14.15000,39.73447,0.00000,0.00000,0.00000,0.00000,0.00000,0.00000,0.00000,0.00000,0.00000,0.00000,14.10080,79.36193
31-1,1783318042.193762,2026-07-06T13:07:22.193762,5.08559,1.38456,7.04133,14.12000,40.33242,5.04923,1.40678,7.10316,14.30000,40.44563,0.00000,0.00000,0.00000,0.00000,0.00000,0.00000,0.00000,0.00000,0.00000,0.00000,14.14449,80.77805
31-1,1783318042.293881,2026-07-06T13:07:22.293881,5.08239,1.36991,6.96244,13.97000,41.02949,5.05323,1.40678,7.10879,14.30000,41.15736,0.00000,0.00000,0.00000,0.00000,0.00000,0.00000,0.00000,0.00000,0.00000,0.00000,14.07123,82.18685
31-1,1783318042.393999,2026-07-06T13:07:22.393999,5.07839,1.36991,6.95696,13.97000,41.72601,5.05750,1.40092,7.08516,14.24000,41.86671,0.00000,0.00000,0.00000,0.00000,0.00000,0.00000,0.00000,0.00000,0.00000,0.00000,14.04212,83.59273
31-1,1783318042.494117,2026-07-06T13:07:22.494117,5.07892,1.36015,6.90809,13.87000,42.41764,5.05754,1.39995,7.08028,14.23000,42.57558,0.00000,0.00000,0.00000,0.00000,0.00000,0.00000,0.00000,0.00000,0.00000,0.00000,13.98837,84.99321
31-1,1783318042.594236,2026-07-06T13:07:22.594236,5.07749,1.38652,7.04002,14.14000,43.12248,5.05470,1.37431,6.94672,13.97000,43.27107,0.00000,0.00000,0.00000,0.00000,0.00000,0.00000,0.00000,0.00000,0.00000,0.00000,13.98674,86.39355
31-1,1783318042.694355,2026-07-06T13:07:22.694355,5.08965,1.38359,7.04197,14.11000,43.82751,5.05070,1.37431,6.94123,13.97000,43.96602,0.00000,0.00000,0.00000,0.00000,0.00000,0.00000,0.00000,0.00000,0.00000,0.00000,13.98320,87.79353
31-1,1783318042.794473,2026-07-06T13:07:22.794473,5.08165,1.38359,7.03090,14.11000,44.53143,5.05026,1.38408,6.98994,14.07000,44.66584,0.00000,0.00000,0.00000,0.00000,0.00000,0.00000,0.00000,0.00000,0.00000,0.00000,14.02084,89.19728
31-1,1783318042.894591,2026-07-06T13:07:22.894591,5.08282,1.36210,6.92332,13.89000,45.22458,5.04928,1.40580,7.09829,14.29000,45.37651,0.00000,0.00000,0.00000,0.00000,0.00000,0.00000,0.00000,0.00000,0.00000,0.00000,14.02161,90.60109
31-1,1783318042.994709,2026-07-06T13:07:22.994709,5.08554,1.38554,7.04622,14.13000,45.93003,5.05750,1.40092,7.08516,14.24000,46.08586,0.00000,0.00000,0.00000,0.00000,0.00000,0.00000,0.00000,0.00000,0.00000,0.00000,14.13138,92.01588
31-1,1783318043.094826,2026-07-06T13:07:23.094826,5.08554,1.38554,7.04622,14.13000,46.63547,5.04950,1.40092,7.07395,14.24000,46.79408,0.00000,0.00000,0.00000,0.00000,0.00000,0.00000,0.00000,0.00000,0.00000,0.00000,14.12017,93.42955
31-1,1783318043.194943,2026-07-06T13:07:23.194943,5.08292,1.36015,6.91353,13.87000,47.32764,5.05070,1.37431,6.94123,13.97000,47.48902,0.00000,0.00000,0.00000,0.00000,0.00000,0.00000,0.00000,0.00000,0.00000,0.00000,13.85476,94.81666
31-1,1783318043.295062,2026-07-06T13:07:23.295062,5.08292,1.36015,6.91353,13.87000,48.01982,5.04967,1.39702,7.05447,14.20000,48.19531,0.00000,0.00000,0.00000,0.00000,0.00000,0.00000,0.00000,0.00000,0.00000,0.00000,13.96800,96.21512
31-1,1783318043.395182,2026-07-06T13:07:23.395182,5.08549,1.38652,7.05111,14.14000,48.72577,5.04936,1.40385,7.08856,14.27000,48.90501,0.00000,0.00000,0.00000,0.00000,0.00000,0.00000,0.00000,0.00000,0.00000,0.00000,14.13967,97.63078
32-1,1783318043.495320,2026-07-06T13:07:23.495320,5.09249,1.25810,6.40684,12.83000,0.64157,5.05736,1.40385,7.09979,14.27000,0.71096,0.00000,0.00000,0.00000,0.00000,0.00000,0.00000,0.00000,0.00000,0.00000,0.00000,13.50663,1.35253
32-1,1783318043.595438,2026-07-06T13:07:23.595438,5.07762,1.45732,7.39972,14.86000,1.38242,5.05013,1.38701,7.00455,14.10000,1.41224,0.00000,0.00000,0.00000,0.00000,0.00000,0.00000,0.00000,0.00000,0.00000,0.00000,14.40427,2.79466
32-1,1783318043.695559,2026-07-06T13:07:23.695559,5.08562,1.45732,7.41138,14.86000,2.12445,5.06362,1.08890,5.51378,11.07000,1.96429,0.00000,0.00000,0.00000,0.00000,0.00000,0.00000,0.00000,0.00000,0.00000,0.00000,12.92516,4.08874
32-1,1783318043.795680,2026-07-06T13:07:23.795680,5.08612,1.37480,6.99239,14.02000,2.82453,5.03906,1.36650,6.88585,13.89000,2.65370,0.00000,0.00000,0.00000,0.00000,0.00000,0.00000,0.00000,0.00000,0.00000,0.00000,13.87824,5.47824
32-1,1783318043.895799,2026-07-06T13:07:23.895799,5.08756,1.34843,6.86022,13.75000,3.51137,5.05906,1.36650,6.91318,13.89000,3.34584,0.00000,0.00000,0.00000,0.00000,0.00000,0.00000,0.00000,0.00000,0.00000,0.00000,13.77340,6.85721
32-1,1783318043.995915,2026-07-06T13:07:23.995915,5.07930,1.35331,6.87388,13.80000,4.19956,5.05483,1.37138,6.93210,13.94000,4.03986,0.00000,0.00000,0.00000,0.00000,0.00000,0.00000,0.00000,0.00000,0.00000,0.00000,13.80598,8.23942
32-1,1783318044.096033,2026-07-06T13:07:24.096033,5.07930,1.35331,6.87388,13.80000,4.88775,5.05514,1.36454,6.89796,13.87000,4.73047,0.00000,0.00000,0.00000,0.00000,0.00000,0.00000,0.00000,0.00000,0.00000,0.00000,13.77184,9.61822
32-1,1783318044.196151,2026-07-06T13:07:24.196151,5.08772,1.34550,6.84553,13.72000,5.57312,5.05030,1.38310,6.98507,14.06000,5.42980,0.00000,0.00000,0.00000,0.00000,0.00000,0.00000,0.00000,0.00000,0.00000,0.00000,13.83060,11.00292
32-1,1783318044.296271,2026-07-06T13:07:24.296271,5.08756,1.34843,6.86022,13.75000,6.25996,5.05030,1.38310,6.98507,14.06000,6.12914,0.00000,0.00000,0.00000,0.00000,0.00000,0.00000,0.00000,0.00000,0.00000,0.00000,13.84529,12.38910
32-1,1783318044.396387,2026-07-06T13:07:24.396387,5.08628,1.37187,6.97771,13.99000,6.95854,5.05483,1.37138,6.93210,13.94000,6.82316,0.00000,0.00000,0.00000,0.00000,0.00000,0.00000,0.00000,0.00000,0.00000,0.00000,13.90981,13.78170
32-1,1783318044.496505,2026-07-06T13:07:24.496505,5.08351,1.34941,6.85972,13.76000,7.64532,5.05363,1.39799,7.06493,14.21000,7.53049,0.00000,0.00000,0.00000,0.00000,0.00000,0.00000,0.00000,0.00000,0.00000,0.00000,13.92465,15.17581
32-1,1783318044.596623,2026-07-06T13:07:24.596623,5.07551,1.34941,6.84893,13.76000,8.33103,5.05483,1.37138,6.93210,13.94000,8.22452,0.00000,0.00000,0.00000,0.00000,0.00000,0.00000,0.00000,0.00000,0.00000,0.00000,13.78103,16.55554
32-1,1783318044.696741,2026-07-06T13:07:24.696741,5.08362,1.34745,6.84994,13.74000,9.01683,5.05083,1.37138,6.92661,13.94000,8.91799,0.00000,0.00000,0.00000,0.00000,0.00000,0.00000,0.00000,0.00000,0.00000,0.00000,13.77655,17.93482
32-1,1783318044.796860,2026-07-06T13:07:24.796860,5.08239,1.36991,6.96244,13.97000,9.71390,5.05421,1.38505,7.00035,14.08000,9.61886,0.00000,0.00000,0.00000,0.00000,0.00000,0.00000,0.00000,0.00000,0.00000,0.00000,13.96279,19.33276
32-1,1783318044.896978,2026-07-06T13:07:24.896978,5.08698,1.35917,6.91408,13.86000,10.40612,5.05483,1.37138,6.93210,13.94000,10.31289,0.00000,0.00000,0.00000,0.00000,0.00000,0.00000,0.00000,0.00000,0.00000,0.00000,13.84618,20.71901
32-1,1783318044.997097,2026-07-06T13:07:24.997097,5.08298,1.35917,6.90864,13.86000,11.09781,5.05088,1.37040,6.92174,13.93000,11.00589,0.00000,0.00000,0.00000,0.00000,0.00000,0.00000,0.00000,0.00000,0.00000,0.00000,13.83038,22.10370
32-1,1783318045.097216,2026-07-06T13:07:25.097216,5.07935,1.35234,6.86899,13.79000,11.78553,5.05488,1.37040,6.92722,13.93000,11.69944,0.00000,0.00000,0.00000,0.00000,0.00000,0.00000,0.00000,0.00000,0.00000,0.00000,13.79621,23.48497
32-1,1783318045.197336,2026-07-06T13:07:25.197336,5.07983,1.34355,6.82499,13.70000,12.46884,5.05350,1.40092,7.07955,14.24000,12.40824,0.00000,0.00000,0.00000,0.00000,0.00000,0.00000,0.00000,0.00000,0.00000,0.00000,13.90454,24.87708
32-1,1783318045.297454,2026-07-06T13:07:25.297454,5.08618,1.37382,6.98750,14.01000,13.16842,5.05475,1.37333,6.94185,13.96000,13.10324,0.00000,0.00000,0.00000,0.00000,0.00000,0.00000,0.00000,0.00000,0.00000,0.00000,13.92935,26.27166
32-1,1783318045.397572,2026-07-06T13:07:25.397572,5.08218,1.37382,6.98200,14.01000,13.86744,5.04701,1.36747,6.90165,13.90000,13.79422,0.00000,0.00000,0.00000,0.00000,0.00000,0.00000,0.00000,0.00000,0.00000,0.00000,13.88365,27.66167
32-1,1783318045.497691,2026-07-06T13:07:25.497691,5.08266,1.36503,6.93799,13.92000,14.56207,5.05501,1.36747,6.91259,13.90000,14.48630,0.00000,0.00000,0.00000,0.00000,0.00000,0.00000,0.00000,0.00000,0.00000,0.00000,13.85058,29.04837
32-1,1783318045.597809,2026-07-06T13:07:25.597809,5.08330,1.35331,6.87929,13.80000,15.25081,5.04550,1.40092,7.06835,14.24000,15.19397,0.00000,0.00000,0.00000,0.00000,0.00000,0.00000,0.00000,0.00000,0.00000,0.00000,13.94764,30.44478
32-1,1783318045.697927,2026-07-06T13:07:25.697927,5.07940,1.35136,6.86410,13.78000,15.93803,5.04666,1.37529,6.94060,13.98000,15.88885,0.00000,0.00000,0.00000,0.00000,0.00000,0.00000,0.00000,0.00000,0.00000,0.00000,13.80470,31.82688
32-1,1783318045.798045,2026-07-06T13:07:25.798045,5.08260,1.36601,6.94288,13.78000,16.63314,5.05079,1.37236,6.93148,13.95000,16.58282,0.00000,0.00000,0.00000,0.00000,0.00000,0.00000,0.00000,0.00000,0.00000,0.00000,13.87436,33.21596
32-1,1783318045.898164,2026-07-06T13:07:25.898164,5.08260,1.36601,6.94288,13.93000,17.32825,5.05879,1.37236,6.94246,13.95000,17.27789,0.00000,0.00000,0.00000,0.00000,0.00000,0.00000,0.00000,0.00000,0.00000,0.00000,13.88534,34.60614
32-1,1783318045.998284,2026-07-06T13:07:25.998284,5.08612,1.37480,6.99239,14.02000,18.02833,5.05781,1.39409,7.05101,14.17000,17.98384,0.00000,0.00000,0.00000,0.00000,0.00000,0.00000,0.00000,0.00000,0.00000,0.00000,14.04340,36.01216
32-1,1783318046.098403,2026-07-06T13:07:26.098403,5.08526,1.39067,7.07190,14.18000,18.73636,5.05776,1.39506,7.05589,14.18000,18.69026,0.00000,0.00000,0.00000,0.00000,0.00000,0.00000,0.00000,0.00000,0.00000,0.00000,14.12779,37.42662
32-1,1783318046.198521,2026-07-06T13:07:26.198521,5.08260,1.36601,6.94288,13.93000,19.43147,5.05870,1.37431,6.95222,13.97000,19.38631,0.00000,0.00000,0.00000,0.00000,0.00000,0.00000,0.00000,0.00000,0.00000,0.00000,13.89510,38.81778
32-1,1783318046.298639,2026-07-06T13:07:26.298639,5.07860,1.36601,6.93742,13.93000,20.12603,5.05070,1.37431,6.94123,13.97000,20.08125,0.00000,0.00000,0.00000,0.00000,0.00000,0.00000,0.00000,0.00000,0.00000,0.00000,13.87865,40.20727
32-1,1783318046.398755,2026-07-06T13:07:26.398755,5.07914,1.35624,6.88854,13.83000,20.81568,5.05479,1.37236,6.93697,13.95000,20.77575,0.00000,0.00000,0.00000,0.00000,0.00000,0.00000,0.00000,0.00000,0.00000,0.00000,13.82551,41.59144
32-1,1783318046.498873,2026-07-06T13:07:26.498873,5.07924,1.35429,6.87877,13.81000,21.50437,5.05452,1.37822,6.96623,14.01000,21.47320,0.00000,0.00000,0.00000,0.00000,0.00000,0.00000,0.00000,0.00000,0.00000,0.00000,13.84500,42.97757
32-1,1783318046.598992,2026-07-06T13:07:26.598992,5.08319,1.35527,6.88907,13.82000,22.19410,5.05358,1.39897,7.06981,14.22000,22.18102,0.00000,0.00000,0.00000,0.00000,0.00000,0.00000,0.00000,0.00000,0.00000,0.00000,13.95888,44.37512
32-1,1783318046.699111,2026-07-06T13:07:26.699111,5.08319,1.35527,6.88907,13.82000,22.88382,5.05350,1.40092,7.07955,14.24000,22.88982,0.00000,0.00000,0.00000,0.00000,0.00000,0.00000,0.00000,0.00000,0.00000,0.00000,13.96862,45.77364
32-1,1783318046.799228,2026-07-06T13:07:26.799228,5.07924,1.35429,6.87877,13.81000,23.57251,5.05350,1.40092,7.07955,14.24000,23.59860,0.00000,0.00000,0.00000,0.00000,0.00000,0.00000,0.00000,0.00000,0.00000,0.00000,13.95832,47.17111
32-1,1783318046.899348,2026-07-06T13:07:26.899348,5.07951,1.34941,6.85432,13.76000,24.25876,5.05386,1.39286,7.03935,14.16000,24.30338,0.00000,0.00000,0.00000,0.00000,0.00000,0.00000,0.00000,0.00000,0.00000,0.00000,13.89367,48.56214
32-1,1783318046.999466,2026-07-06T13:07:26.999466,5.07508,1.35722,6.88800,13.84000,24.94837,5.05448,1.37919,6.97110,14.02000,25.00131,0.00000,0.00000,0.00000,0.00000,0.00000,0.00000,0.00000,0.00000,0.00000,0.00000,13.85910,49.94969
32-1,1783318047.099585,2026-07-06T13:07:27.099585,5.08308,1.35722,6.89886,13.84000,25.63908,5.05061,1.37626,6.95097,13.99000,25.69723,0.00000,0.00000,0.00000,0.00000,0.00000,0.00000,0.00000,0.00000,0.00000,0.00000,13.84983,51.33631
32-1,1783318047.199703,2026-07-06T13:07:27.199703,5.07930,1.35331,6.87388,13.80000,26.32728,5.04661,1.37626,6.94547,13.99000,26.39260,0.00000,0.00000,0.00000,0.00000,0.00000,0.00000,0.00000,0.00000,0.00000,0.00000,13.81935,52.71988
32-1,1783318047.299821,2026-07-06T13:07:27.299821,5.07530,1.35331,6.86846,13.80000,27.01494,5.05461,1.37626,6.95648,13.99000,27.08907,0.00000,0.00000,0.00000,0.00000,0.00000,0.00000,0.00000,0.00000,0.00000,0.00000,13.82494,54.10401
32-1,1783318047.399939,2026-07-06T13:07:27.399939,5.07519,1.35527,6.87823,13.82000,27.70357,5.05475,1.37333,6.94185,13.96000,27.78407,0.00000,0.00000,0.00000,0.00000,0.00000,0.00000,0.00000,0.00000,0.00000,0.00000,13.82008,55.48764
32-1,1783318047.500058,2026-07-06T13:07:27.500058,5.07887,1.36113,6.91298,13.88000,28.39569,5.04648,1.37919,6.96007,14.02000,28.48091,0.00000,0.00000,0.00000,0.00000,0.00000,0.00000,0.00000,0.00000,0.00000,0.00000,13.87305,56.87660
32-1,1783318047.600177,2026-07-06T13:07:27.600177,5.07887,1.36113,6.91298,13.88000,29.08781,5.05848,1.37919,6.97662,14.02000,29.17940,0.00000,0.00000,0.00000,0.00000,0.00000,0.00000,0.00000,0.00000,0.00000,0.00000,13.88960,58.26721
32-1,1783318047.700295,2026-07-06T13:07:27.700295,5.07908,1.35722,6.89343,13.84000,29.77797,5.05879,1.37236,6.94246,13.95000,29.87447,0.00000,0.00000,0.00000,0.00000,0.00000,0.00000,0.00000,0.00000,0.00000,0.00000,13.83589,59.65243
32-1,1783318047.800415,2026-07-06T13:07:27.800415,5.07807,1.37577,6.98628,14.03000,30.47743,5.05866,1.37529,6.95710,13.98000,30.57101,0.00000,0.00000,0.00000,0.00000,0.00000,0.00000,0.00000,0.00000,0.00000,0.00000,13.94338,61.04845
32-1,1783318047.900535,2026-07-06T13:07:27.900535,5.07743,1.38749,7.04490,14.15000,31.18277,5.05061,1.37626,6.95097,13.99000,31.26694,0.00000,0.00000,0.00000,0.00000,0.00000,0.00000,0.00000,0.00000,0.00000,0.00000,13.99587,62.44971
32-1,1783318048.000653,2026-07-06T13:07:28.000653,5.07343,1.38749,7.03935,14.15000,31.88754,5.04261,1.37626,6.93996,13.99000,31.96176,0.00000,0.00000,0.00000,0.00000,0.00000,0.00000,0.00000,0.00000,0.00000,0.00000,13.97931,63.84930
32-1,1783318048.100771,2026-07-06T13:07:28.100771,5.07749,1.38652,7.04002,14.14000,32.59237,5.05466,1.37529,6.95160,13.98000,32.65774,0.00000,0.00000,0.00000,0.00000,0.00000,0.00000,0.00000,0.00000,0.00000,0.00000,13.99162,65.25011
33-1,1783318048.200913,2026-07-06T13:07:28.200913,5.07765,1.38359,7.02536,14.11000,0.70354,5.05457,1.37724,6.96135,14.00000,0.69713,0.00000,0.00000,0.00000,0.00000,0.00000,0.00000,0.00000,0.00000,0.00000,0.00000,13.98671,1.40066
33-1,1783318048.301030,2026-07-06T13:07:28.301030,5.08383,1.34355,6.83036,13.70000,1.38737,5.05048,1.37919,6.96558,14.02000,1.39450,0.00000,0.00000,0.00000,0.00000,0.00000,0.00000,0.00000,0.00000,0.00000,0.00000,13.79594,2.78187
33-1,1783318048.401152,2026-07-06T13:07:28.401152,5.08383,1.34355,6.83036,13.70000,2.07124,5.05448,1.37919,6.97110,14.02000,2.09245,0.00000,0.00000,0.00000,0.00000,0.00000,0.00000,0.00000,0.00000,0.00000,0.00000,13.80146,4.16369
33-1,1783318048.501271,2026-07-06T13:07:28.501271,5.09583,1.34355,6.84649,13.70000,2.75670,5.06741,1.44707,7.33287,14.71000,2.82661,0.00000,0.00000,0.00000,0.00000,0.00000,0.00000,0.00000,0.00000,0.00000,0.00000,14.17936,5.58331
33-1,1783318048.601388,2026-07-06T13:07:28.601388,5.08733,0.83938,4.27021,8.56000,3.18422,5.08420,1.07620,5.47164,10.94000,3.37442,0.00000,0.00000,0.00000,0.00000,0.00000,0.00000,0.00000,0.00000,0.00000,0.00000,9.74185,6.55864
33-1,1783318048.701506,2026-07-06T13:07:28.701506,5.05775,1.38163,6.98796,14.09000,3.88384,5.05676,1.24052,6.27299,12.61000,4.00246,0.00000,0.00000,0.00000,0.00000,0.00000,0.00000,0.00000,0.00000,0.00000,0.00000,13.26095,7.88630
33-1,1783318048.801625,2026-07-06T13:07:28.801625,5.06783,1.34355,6.80887,13.70000,4.56554,5.04876,1.24052,6.26307,12.61000,4.62951,0.00000,0.00000,0.00000,0.00000,0.00000,0.00000,0.00000,0.00000,0.00000,0.00000,13.07194,9.19504
33-1,1783318048.901745,2026-07-06T13:07:28.901745,5.08783,1.34355,6.83574,13.70000,5.24993,5.05132,1.36064,6.87301,13.83000,5.31764,0.00000,0.00000,0.00000,0.00000,0.00000,0.00000,0.00000,0.00000,0.00000,0.00000,13.70875,10.56757
33-1,1783318049.001864,2026-07-06T13:07:29.001864,5.07855,1.36699,6.94230,13.94000,5.94499,5.05083,1.37138,6.92661,13.94000,6.01112,0.00000,0.00000,0.00000,0.00000,0.00000,0.00000,0.00000,0.00000,0.00000,0.00000,13.86891,11.95611
33-1,1783318049.101982,2026-07-06T13:07:29.101982,5.07940,1.35136,6.86410,13.78000,6.63221,5.04688,1.37040,6.91626,13.93000,6.70356,0.00000,0.00000,0.00000,0.00000,0.00000,0.00000,0.00000,0.00000,0.00000,0.00000,13.78036,13.33577
33-1,1783318049.202110,2026-07-06T13:07:29.202110,5.07962,1.34745,6.84455,13.74000,7.31754,5.05488,1.37040,6.92722,13.93000,7.39717,0.00000,0.00000,0.00000,0.00000,0.00000,0.00000,0.00000,0.00000,0.00000,0.00000,13.77177,14.71471
33-1,1783318049.302228,2026-07-06T13:07:29.302228,5.08762,1.34745,6.85533,13.74000,8.00388,5.05358,1.39897,7.06981,14.22000,8.10499,0.00000,0.00000,0.00000,0.00000,0.00000,0.00000,0.00000,0.00000,0.00000,0.00000,13.92514,16.10887
33-1,1783318049.402347,2026-07-06T13:07:29.402347,5.08271,1.36406,6.93310,13.91000,8.69802,5.05470,1.37431,6.94672,13.97000,8.80049,0.00000,0.00000,0.00000,0.00000,0.00000,0.00000,0.00000,0.00000,0.00000,0.00000,13.87982,17.49850
33-1,1783318049.502464,2026-07-06T13:07:29.502464,5.08196,1.37773,7.00156,14.05000,9.39899,5.05475,1.37333,6.94185,13.96000,9.49548,0.00000,0.00000,0.00000,0.00000,0.00000,0.00000,0.00000,0.00000,0.00000,0.00000,13.94341,18.89448
33-1,1783318049.602582,2026-07-06T13:07:29.602582,5.08335,1.35234,6.87440,13.79000,10.08724,5.05075,1.37333,6.93636,13.96000,10.18993,0.00000,0.00000,0.00000,0.00000,0.00000,0.00000,0.00000,0.00000,0.00000,0.00000,13.81076,20.27717
33-1,1783318049.702700,2026-07-06T13:07:29.702700,5.07935,1.35234,6.86899,13.79000,10.77495,5.05013,1.38701,7.00455,14.10000,10.89122,0.00000,0.00000,0.00000,0.00000,0.00000,0.00000,0.00000,0.00000,0.00000,0.00000,13.87354,21.66617
33-1,1783318049.802818,2026-07-06T13:07:29.802818,5.08746,1.35038,6.87001,13.77000,11.46276,5.05066,1.37529,6.94610,13.98000,11.58665,0.00000,0.00000,0.00000,0.00000,0.00000,0.00000,0.00000,0.00000,0.00000,0.00000,13.81611,23.04941
33-1,1783318049.902936,2026-07-06T13:07:29.902936,5.08602,1.37675,7.00218,14.04000,12.16381,5.05408,1.38798,7.01497,14.11000,12.28898,0.00000,0.00000,0.00000,0.00000,0.00000,0.00000,0.00000,0.00000,0.00000,0.00000,14.01715,24.45279
33-1,1783318050.003055,2026-07-06T13:07:30.003055,5.07759,1.38456,7.03025,14.12000,12.86767,5.05408,1.38798,7.01497,14.11000,12.99131,0.00000,0.00000,0.00000,0.00000,0.00000,0.00000,0.00000,0.00000,0.00000,0.00000,14.04522,25.85898
33-1,1783318050.103174,2026-07-06T13:07:30.103174,5.08335,1.35234,6.87440,13.79000,13.55593,5.05008,1.38798,7.00942,14.11000,13.69308,0.00000,0.00000,0.00000,0.00000,0.00000,0.00000,0.00000,0.00000,0.00000,0.00000,13.88382,27.24901
33-1,1783318050.203292,2026-07-06T13:07:30.203292,5.07935,1.35234,6.86899,13.79000,14.24364,5.05075,1.37333,6.93636,13.96000,14.38753,0.00000,0.00000,0.00000,0.00000,0.00000,0.00000,0.00000,0.00000,0.00000,0.00000,13.80535,28.63117
33-1,1783318050.303410,2026-07-06T13:07:30.303410,5.07924,1.35429,6.87877,13.81000,14.93232,5.04688,1.37040,6.91626,13.93000,15.07998,0.00000,0.00000,0.00000,0.00000,0.00000,0.00000,0.00000,0.00000,0.00000,0.00000,13.79503,30.01230
33-1,1783318050.403529,2026-07-06T13:07:30.403529,5.07930,1.35331,6.87388,13.80000,15.62053,5.05488,1.37040,6.92722,13.93000,15.77353,0.00000,0.00000,0.00000,0.00000,0.00000,0.00000,0.00000,0.00000,0.00000,0.00000,13.80110,31.39406
33-1,1783318050.503648,2026-07-06T13:07:30.503648,5.07530,1.35331,6.86846,13.80000,16.30820,5.05386,1.39286,7.03935,14.16000,16.47830,0.00000,0.00000,0.00000,0.00000,0.00000,0.00000,0.00000,0.00000,0.00000,0.00000,13.90781,32.78649
33-1,1783318050.603767,2026-07-06T13:07:30.603767,5.08730,1.35331,6.88470,13.80000,16.99748,5.05391,1.39189,7.03447,14.15000,17.18258,0.00000,0.00000,0.00000,0.00000,0.00000,0.00000,0.00000,0.00000,0.00000,0.00000,13.91917,34.18006
33-1,1783318050.703886,2026-07-06T13:07:30.703886,5.08596,1.37773,7.00707,14.05000,17.69902,5.05070,1.37431,6.94123,13.97000,17.87753,0.00000,0.00000,0.00000,0.00000,0.00000,0.00000,0.00000,0.00000,0.00000,0.00000,13.94830,35.57655
33-1,1783318050.804003,2026-07-06T13:07:30.804003,5.08575,1.38163,7.02665,14.09000,18.40252,5.05070,1.37431,6.94123,13.97000,18.57247,0.00000,0.00000,0.00000,0.00000,0.00000,0.00000,0.00000,0.00000,0.00000,0.00000,13.96788,36.97498
33-1,1783318050.904122,2026-07-06T13:07:30.904122,5.08186,1.37968,7.01134,14.07000,19.10448,5.04666,1.37529,6.94060,13.98000,19.26735,0.00000,0.00000,0.00000,0.00000,0.00000,0.00000,0.00000,0.00000,0.00000,0.00000,13.95194,38.37183
33-1,1783318051.004241,2026-07-06T13:07:31.004241,5.08186,1.37968,7.01134,14.07000,19.80645,5.04644,1.38017,6.96493,14.03000,19.96467,0.00000,0.00000,0.00000,0.00000,0.00000,0.00000,0.00000,0.00000,0.00000,0.00000,13.97627,39.77112
33-1,1783318051.104358,2026-07-06T13:07:31.104358,5.08549,1.38652,7.05111,14.14000,20.51238,5.05354,1.39995,7.07468,14.23000,20.67297,0.00000,0.00000,0.00000,0.00000,0.00000,0.00000,0.00000,0.00000,0.00000,0.00000,14.12579,41.18535
33-1,1783318051.204476,2026-07-06T13:07:31.204476,5.08581,1.38066,7.02175,14.08000,21.21539,5.05354,1.39995,7.07468,14.23000,21.38127,0.00000,0.00000,0.00000,0.00000,0.00000,0.00000,0.00000,0.00000,0.00000,0.00000,14.09643,42.59667
33-1,1783318051.304595,2026-07-06T13:07:31.304595,5.08207,1.37577,6.99178,14.03000,21.91540,5.05336,1.40385,7.09417,14.27000,22.09153,0.00000,0.00000,0.00000,0.00000,0.00000,0.00000,0.00000,0.00000,0.00000,0.00000,14.08595,44.00693
33-1,1783318051.404713,2026-07-06T13:07:31.404713,5.08234,1.37089,6.96733,13.98000,22.61296,5.05386,1.39286,7.03935,14.16000,22.79630,0.00000,0.00000,0.00000,0.00000,0.00000,0.00000,0.00000,0.00000,0.00000,0.00000,14.00668,45.40926
33-1,1783318051.504831,2026-07-06T13:07:31.504831,5.08234,1.37089,6.96733,13.98000,23.31051,5.05052,1.37822,6.96071,14.01000,23.49319,0.00000,0.00000,0.00000,0.00000,0.00000,0.00000,0.00000,0.00000,0.00000,0.00000,13.92804,46.80370
33-1,1783318051.604948,2026-07-06T13:07:31.604948,5.08234,1.37089,6.96733,13.98000,24.00806,5.05452,1.37822,6.96623,14.01000,24.19063,0.00000,0.00000,0.00000,0.00000,0.00000,0.00000,0.00000,0.00000,0.00000,0.00000,13.93356,48.19868
33-1,1783318051.705065,2026-07-06T13:07:31.705065,5.08223,1.37284,6.97711,14.00000,24.70659,5.06252,1.37822,6.97725,14.01000,24.88917,0.00000,0.00000,0.00000,0.00000,0.00000,0.00000,0.00000,0.00000,0.00000,0.00000,13.95436,49.59576
33-1,1783318051.805183,2026-07-06T13:07:31.805183,5.08121,1.39164,7.07123,14.19000,25.41455,5.06275,1.37333,6.95284,13.96000,25.58528,0.00000,0.00000,0.00000,0.00000,0.00000,0.00000,0.00000,0.00000,0.00000,0.00000,14.02407,50.99982
33-1,1783318051.905300,2026-07-06T13:07:31.905300,5.08121,1.39164,7.07123,14.19000,26.12249,5.05861,1.37626,6.96198,13.99000,26.28229,0.00000,0.00000,0.00000,0.00000,0.00000,0.00000,0.00000,0.00000,0.00000,0.00000,14.03321,52.40478
33-1,1783318052.005419,2026-07-06T13:07:32.005419,5.08537,1.38871,7.06212,14.16000,26.82955,5.05061,1.37626,6.95097,13.99000,26.97821,0.00000,0.00000,0.00000,0.00000,0.00000,0.00000,0.00000,0.00000,0.00000,0.00000,14.01309,53.80776
33-1,1783318052.105536,2026-07-06T13:07:32.105536,5.08575,1.38163,7.02665,14.09000,27.53304,5.05466,1.37529,6.95160,13.98000,27.67419,0.00000,0.00000,0.00000,0.00000,0.00000,0.00000,0.00000,0.00000,0.00000,0.00000,13.97825,55.20722
33-1,1783318052.205655,2026-07-06T13:07:32.205655,5.08602,1.37675,7.00218,14.04000,28.23408,5.05475,1.37333,6.94185,13.96000,28.36919,0.00000,0.00000,0.00000,0.00000,0.00000,0.00000,0.00000,0.00000,0.00000,0.00000,13.94403,56.60328
33-1,1783318052.305773,2026-07-06T13:07:32.305773,5.08202,1.37675,6.99667,14.04000,28.93457,5.05070,1.37431,6.94123,13.97000,29.06414,0.00000,0.00000,0.00000,0.00000,0.00000,0.00000,0.00000,0.00000,0.00000,0.00000,13.93790,57.99871
33-1,1783318052.405891,2026-07-06T13:07:32.405891,5.07365,1.38359,7.01983,14.11000,29.63739,5.05070,1.37431,6.94123,13.97000,29.75908,0.00000,0.00000,0.00000,0.00000,0.00000,0.00000,0.00000,0.00000,0.00000,0.00000,13.96106,59.39647
33-1,1783318052.506009,2026-07-06T13:07:32.506009,5.07365,1.38359,7.01983,14.11000,30.34020,5.04657,1.37724,6.95033,14.00000,30.45493,0.00000,0.00000,0.00000,0.00000,0.00000,0.00000,0.00000,0.00000,0.00000,0.00000,13.97016,60.79513
33-1,1783318052.606128,2026-07-06T13:07:32.606128,5.07156,1.34843,6.83865,13.75000,31.02487,5.04661,1.37626,6.94547,13.99000,31.15030,0.00000,0.00000,0.00000,0.00000,0.00000,0.00000,0.00000,0.00000,0.00000,0.00000,13.78412,62.17518
33-1,1783318052.706245,2026-07-06T13:07:32.706245,5.07956,1.34843,6.84943,13.75000,31.71062,5.05052,1.37822,6.96071,14.01000,31.84719,0.00000,0.00000,0.00000,0.00000,0.00000,0.00000,0.00000,0.00000,0.00000,0.00000,13.81014,63.55781
33-1,1783318052.806362,2026-07-06T13:07:32.806362,5.08292,1.36015,6.91353,13.87000,32.40279,5.05052,1.37822,6.96071,14.01000,32.54408,0.00000,0.00000,0.00000,0.00000,0.00000,0.00000,0.00000,0.00000,0.00000,0.00000,13.87424,64.94687
33-1,1783318052.906481,2026-07-06T13:07:32.906481,5.08271,1.36406,6.93310,13.91000,33.09692,5.04657,1.37724,6.95033,14.00000,33.23994,0.00000,0.00000,0.00000,0.00000,0.00000,0.00000,0.00000,0.00000,0.00000,0.00000,13.88343,66.33685
33-1,1783318053.006599,2026-07-06T13:07:33.006599,5.08137,1.38871,7.05656,14.16000,33.80341,5.04630,1.38310,6.97954,14.06000,33.93872,0.00000,0.00000,0.00000,0.00000,0.00000,0.00000,0.00000,0.00000,0.00000,0.00000,14.03610,67.74212
33-1,1783318053.106720,2026-07-06T13:07:33.106720,5.08586,1.37968,7.01686,14.07000,34.50594,5.05350,1.40092,7.07955,14.24000,34.64753,0.00000,0.00000,0.00000,0.00000,0.00000,0.00000,0.00000,0.00000,0.00000,0.00000,14.09641,69.15347
34-1,1783318053.206866,2026-07-06T13:07:33.206866,5.08986,1.37968,7.02238,14.07000,0.70326,5.05350,1.40092,7.07955,14.24000,0.70899,0.00000,0.00000,0.00000,0.00000,0.00000,0.00000,0.00000,0.00000,0.00000,0.00000,14.10193,1.41225
34-1,1783318053.306985,2026-07-06T13:07:33.306985,5.08203,1.30326,6.62321,13.29000,1.36637,5.04826,1.33988,6.76409,13.62000,1.38620,0.00000,0.00000,0.00000,0.00000,0.00000,0.00000,0.00000,0.00000,0.00000,0.00000,13.38730,2.75258
34-1,1783318053.407103,2026-07-06T13:07:33.407103,5.07293,1.47002,7.45729,14.99000,2.11298,5.04264,1.46391,7.38199,14.88000,2.12527,0.00000,0.00000,0.00000,0.00000,0.00000,0.00000,0.00000,0.00000,0.00000,0.00000,14.83928,4.23825
34-1,1783318053.507221,2026-07-06T13:07:33.507221,5.07156,1.34843,6.83865,13.75000,2.79765,5.06208,1.38798,7.02608,14.11000,2.82871,0.00000,0.00000,0.00000,0.00000,0.00000,0.00000,0.00000,0.00000,0.00000,0.00000,13.86473,5.62636
34-1,1783318053.607338,2026-07-06T13:07:33.607338,5.08356,1.34843,6.85483,13.75000,3.48394,5.05008,1.38798,7.00942,14.11000,3.53047,0.00000,0.00000,0.00000,0.00000,0.00000,0.00000,0.00000,0.00000,0.00000,0.00000,13.86425,7.01441
34-1,1783318053.707455,2026-07-06T13:07:33.707455,5.08212,1.37480,6.98689,14.02000,4.18345,5.05501,1.36747,6.91259,13.90000,4.22254,0.00000,0.00000,0.00000,0.00000,0.00000,0.00000,0.00000,0.00000,0.00000,0.00000,13.89948,8.40599
34-1,1783318053.807577,2026-07-06T13:07:33.807577,5.08394,1.34159,6.82058,13.68000,4.86634,5.05421,1.38505,7.00035,14.08000,4.92343,0.00000,0.00000,0.00000,0.00000,0.00000,0.00000,0.00000,0.00000,0.00000,0.00000,13.82093,9.78977
34-1,1783318053.907695,2026-07-06T13:07:33.907695,5.07999,1.34062,6.81032,13.67000,5.54817,5.05492,1.36943,6.92234,13.92000,5.61648,0.00000,0.00000,0.00000,0.00000,0.00000,0.00000,0.00000,0.00000,0.00000,0.00000,13.73266,11.16464
34-1,1783318054.007814,2026-07-06T13:07:34.007814,5.08399,1.34062,6.81568,13.67000,6.23055,5.05892,1.36943,6.92782,13.92000,6.31009,0.00000,0.00000,0.00000,0.00000,0.00000,0.00000,0.00000,0.00000,0.00000,0.00000,13.74350,12.54063
35-1,1783318054.107952,2026-07-06T13:07:34.107952,5.08650,1.36796,6.95813,13.95000,0.69677,5.05381,1.39409,7.04544,14.17000,0.70552,0.00000,0.00000,0.00000,0.00000,0.00000,0.00000,0.00000,0.00000,0.00000,0.00000,14.00357,1.40229
35-1,1783318054.208071,2026-07-06T13:07:34.208071,5.08036,1.33378,6.77609,13.60000,1.37519,5.05497,1.36845,6.91747,13.91000,1.39809,0.00000,0.00000,0.00000,0.00000,0.00000,0.00000,0.00000,0.00000,0.00000,0.00000,13.69356,2.77328
35-1,1783318054.308190,2026-07-06T13:07:34.308190,5.07518,1.42875,7.25119,14.57000,2.10117,5.05051,1.46684,7.40830,14.91000,2.13980,0.00000,0.00000,0.00000,0.00000,0.00000,0.00000,0.00000,0.00000,0.00000,0.00000,14.65949,4.24097
35-1,1783318054.408309,2026-07-06T13:07:34.408309,5.10530,1.16996,5.97298,11.93000,2.69918,5.07210,1.25517,6.36632,12.76000,2.77718,0.00000,0.00000,0.00000,0.00000,0.00000,0.00000,0.00000,0.00000,0.00000,0.00000,12.33930,5.47636
35-1,1783318054.508426,2026-07-06T13:07:34.508426,5.08930,1.16996,5.95426,11.93000,3.29530,5.05210,1.25517,6.34122,12.76000,3.41205,0.00000,0.00000,0.00000,0.00000,0.00000,0.00000,0.00000,0.00000,0.00000,0.00000,12.29548,6.70736
35-1,1783318054.608543,2026-07-06T13:07:34.608543,5.07572,1.34550,6.82939,13.72000,3.97904,5.05106,1.36650,6.90225,13.89000,4.10308,0.00000,0.00000,0.00000,0.00000,0.00000,0.00000,0.00000,0.00000,0.00000,0.00000,13.73164,8.08212
35-1,1783318054.708661,2026-07-06T13:07:34.708661,5.07583,1.34355,6.81961,13.70000,4.66181,5.04995,1.39091,7.02403,14.14000,4.80632,0.00000,0.00000,0.00000,0.00000,0.00000,0.00000,0.00000,0.00000,0.00000,0.00000,13.84364,9.46813
35-1,1783318054.808780,2026-07-06T13:07:34.808780,5.08607,1.37577,6.99729,14.03000,5.36237,5.05497,1.36845,6.91747,13.91000,5.49889,0.00000,0.00000,0.00000,0.00000,0.00000,0.00000,0.00000,0.00000,0.00000,0.00000,13.91476,10.86126
35-1,1783318054.908898,2026-07-06T13:07:34.908898,5.08207,1.37577,6.99178,14.03000,6.06237,5.05097,1.36845,6.91200,13.91000,6.19090,0.00000,0.00000,0.00000,0.00000,0.00000,0.00000,0.00000,0.00000,0.00000,0.00000,13.90378,12.25328
35-1,1783318055.009016,2026-07-06T13:07:35.009016,5.08362,1.34745,6.84994,13.74000,6.74817,5.05386,1.39286,7.03935,14.16000,6.89567,0.00000,0.00000,0.00000,0.00000,0.00000,0.00000,0.00000,0.00000,0.00000,0.00000,13.88929,13.64384
35-1,1783318055.109133,2026-07-06T13:07:35.109133,5.08404,1.33964,6.81079,13.66000,7.43005,5.05492,1.36943,6.92234,13.92000,7.58871,0.00000,0.00000,0.00000,0.00000,0.00000,0.00000,0.00000,0.00000,0.00000,0.00000,13.73313,15.01877
35-1,1783318055.209250,2026-07-06T13:07:35.209250,5.08186,1.37968,7.01134,14.07000,8.13201,5.05435,1.38212,6.98573,14.05000,8.28810,0.00000,0.00000,0.00000,0.00000,0.00000,0.00000,0.00000,0.00000,0.00000,0.00000,13.99707,16.42011
35-1,1783318055.309370,2026-07-06T13:07:35.309370,5.08186,1.37968,7.01134,14.07000,8.83398,5.05835,1.38212,6.99125,14.05000,8.98806,0.00000,0.00000,0.00000,0.00000,0.00000,0.00000,0.00000,0.00000,0.00000,0.00000,14.00259,17.82204
35-1,1783318055.409488,2026-07-06T13:07:35.409488,5.07946,1.35038,6.85921,13.77000,9.52071,5.05083,1.37138,6.92661,13.94000,9.68154,0.00000,0.00000,0.00000,0.00000,0.00000,0.00000,0.00000,0.00000,0.00000,0.00000,13.78582,19.20225
35-1,1783318055.509605,2026-07-06T13:07:35.509605,5.07962,1.34745,6.84455,13.74000,10.20597,5.05101,1.36747,6.90712,13.90000,10.37307,0.00000,0.00000,0.00000,0.00000,0.00000,0.00000,0.00000,0.00000,0.00000,0.00000,13.75167,20.57903
35-1,1783318055.609724,2026-07-06T13:07:35.609724,5.08239,1.36991,6.96244,13.97000,10.90303,5.05776,1.39506,7.05589,14.18000,11.07949,0.00000,0.00000,0.00000,0.00000,0.00000,0.00000,0.00000,0.00000,0.00000,0.00000,14.01833,21.98252
35-1,1783318055.709841,2026-07-06T13:07:35.709841,5.08186,1.37968,7.01134,14.07000,11.60499,5.05776,1.39506,7.05589,14.18000,11.78591,0.00000,0.00000,0.00000,0.00000,0.00000,0.00000,0.00000,0.00000,0.00000,0.00000,14.06723,23.39091
35-1,1783318055.809959,2026-07-06T13:07:35.809959,5.08186,1.37968,7.01134,14.07000,12.30696,5.05070,1.37431,6.94123,13.97000,12.48085,0.00000,0.00000,0.00000,0.00000,0.00000,0.00000,0.00000,0.00000,0.00000,0.00000,13.95257,24.78781
35-1,1783318055.910077,2026-07-06T13:07:35.910077,5.08330,1.35331,6.87929,13.80000,12.99569,5.05097,1.36845,6.91200,13.91000,13.17286,0.00000,0.00000,0.00000,0.00000,0.00000,0.00000,0.00000,0.00000,0.00000,0.00000,13.79129,26.16856
35-1,1783318056.010194,2026-07-06T13:07:36.010194,5.08346,1.35038,6.86461,13.77000,13.68296,5.04976,1.39506,7.04473,14.18000,13.87816,0.00000,0.00000,0.00000,0.00000,0.00000,0.00000,0.00000,0.00000,0.00000,0.00000,13.90934,27.56112
35-1,1783318056.110312,2026-07-06T13:07:36.110312,5.08719,1.35527,6.89450,13.82000,14.37322,5.05376,1.39506,7.05031,14.18000,14.58402,0.00000,0.00000,0.00000,0.00000,0.00000,0.00000,0.00000,0.00000,0.00000,0.00000,13.94481,28.95724
35-1,1783318056.210429,2026-07-06T13:07:36.210429,5.08319,1.35527,6.88907,13.82000,15.06294,5.05079,1.37236,6.93148,13.95000,15.27799,0.00000,0.00000,0.00000,0.00000,0.00000,0.00000,0.00000,0.00000,0.00000,0.00000,13.82055,30.34092
35-1,1783318056.310548,2026-07-06T13:07:36.310548,5.08607,1.37577,6.99729,14.03000,15.76349,5.05079,1.37236,6.93148,13.95000,15.97196,0.00000,0.00000,0.00000,0.00000,0.00000,0.00000,0.00000,0.00000,0.00000,0.00000,13.92877,31.73545
35-1,1783318056.410665,2026-07-06T13:07:36.410665,5.08559,1.38456,7.04133,14.12000,16.46845,5.05021,1.38505,6.99481,14.08000,16.67226,0.00000,0.00000,0.00000,0.00000,0.00000,0.00000,0.00000,0.00000,0.00000,0.00000,14.03614,33.14071
35-1,1783318056.510782,2026-07-06T13:07:36.510782,5.08303,1.35820,6.90375,13.85000,17.15964,5.05421,1.38505,7.00035,14.08000,17.37311,0.00000,0.00000,0.00000,0.00000,0.00000,0.00000,0.00000,0.00000,0.00000,0.00000,13.90410,34.53275
35-1,1783318056.610899,2026-07-06T13:07:36.610899,5.07903,1.35820,6.89832,13.85000,17.85027,5.05354,1.39995,7.07468,14.23000,18.08141,0.00000,0.00000,0.00000,0.00000,0.00000,0.00000,0.00000,0.00000,0.00000,0.00000,13.97300,35.93168
35-1,1783318056.711018,2026-07-06T13:07:36.711018,5.07914,1.35624,6.88854,13.83000,18.53995,5.05466,1.37529,6.95160,13.98000,18.77740,0.00000,0.00000,0.00000,0.00000,0.00000,0.00000,0.00000,0.00000,0.00000,0.00000,13.84014,37.31735
35-1,1783318056.811138,2026-07-06T13:07:36.811138,5.07914,1.35624,6.88854,13.83000,19.22963,5.05861,1.37626,6.96198,13.99000,19.47442,0.00000,0.00000,0.00000,0.00000,0.00000,0.00000,0.00000,0.00000,0.00000,0.00000,13.85052,38.70405
35-1,1783318056.911255,2026-07-06T13:07:36.911255,5.07546,1.35038,6.85381,13.77000,19.91581,5.05461,1.37626,6.95648,13.99000,20.17089,0.00000,0.00000,0.00000,0.00000,0.00000,0.00000,0.00000,0.00000,0.00000,0.00000,13.81029,40.08671
35-1,1783318057.011374,2026-07-06T13:07:37.011374,5.08367,1.34648,6.84504,13.73000,20.60113,5.05888,1.37040,6.93270,13.93000,20.86498,0.00000,0.00000,0.00000,0.00000,0.00000,0.00000,0.00000,0.00000,0.00000,0.00000,13.77774,41.46611
35-1,1783318057.111492,2026-07-06T13:07:37.111492,5.07967,1.34648,6.83966,13.73000,21.28590,5.05772,1.39604,7.06077,14.19000,21.57189,0.00000,0.00000,0.00000,0.00000,0.00000,0.00000,0.00000,0.00000,0.00000,0.00000,13.90043,42.85780
35-1,1783318057.211610,2026-07-06T13:07:37.211610,5.08303,1.35820,6.90375,13.85000,21.97709,5.05772,1.39604,7.06077,14.19000,22.27880,0.00000,0.00000,0.00000,0.00000,0.00000,0.00000,0.00000,0.00000,0.00000,0.00000,13.96452,44.25589
35-1,1783318057.311727,2026-07-06T13:07:37.311727,5.08271,1.36406,6.93310,13.91000,22.67121,5.05372,1.39604,7.05519,14.19000,22.98515,0.00000,0.00000,0.00000,0.00000,0.00000,0.00000,0.00000,0.00000,0.00000,0.00000,13.98829,45.65636
35-1,1783318057.411844,2026-07-06T13:07:37.411844,5.08618,1.37382,6.98750,14.01000,23.37078,5.05345,1.40190,7.08443,14.25000,23.69442,0.00000,0.00000,0.00000,0.00000,0.00000,0.00000,0.00000,0.00000,0.00000,0.00000,14.07193,47.06521
35-1,1783318057.511961,2026-07-06T13:07:37.511961,5.08218,1.37382,6.98200,14.01000,24.06980,5.05404,1.38896,7.01985,14.12000,24.39723,0.00000,0.00000,0.00000,0.00000,0.00000,0.00000,0.00000,0.00000,0.00000,0.00000,14.00185,48.46703
35-1,1783318057.612081,2026-07-06T13:07:37.612081,5.08612,1.37480,6.99239,14.02000,24.76987,5.05461,1.37626,6.95648,13.99000,25.09371,0.00000,0.00000,0.00000,0.00000,0.00000,0.00000,0.00000,0.00000,0.00000,0.00000,13.94887,49.86358
35-1,1783318057.712199,2026-07-06T13:07:37.712199,5.08591,1.37870,7.01197,14.06000,25.47190,5.05461,1.37626,6.95648,13.99000,25.79018,0.00000,0.00000,0.00000,0.00000,0.00000,0.00000,0.00000,0.00000,0.00000,0.00000,13.96845,51.26208
35-1,1783318057.812317,2026-07-06T13:07:37.812317,5.07796,1.37773,6.99605,14.05000,26.17233,5.04648,1.37919,6.96007,14.02000,26.48701,0.00000,0.00000,0.00000,0.00000,0.00000,0.00000,0.00000,0.00000,0.00000,0.00000,13.95612,52.65934
35-1,1783318057.912436,2026-07-06T13:07:37.912436,5.08596,1.37773,7.00707,14.05000,26.87387,5.04661,1.37626,6.94547,13.99000,27.18238,0.00000,0.00000,0.00000,0.00000,0.00000,0.00000,0.00000,0.00000,0.00000,0.00000,13.95254,54.05625
35-1,1783318058.012554,2026-07-06T13:07:38.012554,5.09034,1.37089,6.97830,13.98000,27.57252,5.04657,1.37724,6.95033,14.00000,27.87823,0.00000,0.00000,0.00000,0.00000,0.00000,0.00000,0.00000,0.00000,0.00000,0.00000,13.92863,55.45076
35-1,1783318058.112671,2026-07-06T13:07:38.112671,5.09071,1.36406,6.94401,13.91000,28.26774,5.04257,1.37724,6.94482,14.00000,28.57353,0.00000,0.00000,0.00000,0.00000,0.00000,0.00000,0.00000,0.00000,0.00000,0.00000,13.88883,56.84126
35-1,1783318058.212789,2026-07-06T13:07:38.212789,5.07540,1.35136,6.85870,13.78000,28.95442,5.05470,1.37431,6.94672,13.97000,29.26902,0.00000,0.00000,0.00000,0.00000,0.00000,0.00000,0.00000,0.00000,0.00000,0.00000,13.80542,58.22344
35-1,1783318058.312907,2026-07-06T13:07:38.312907,5.07140,1.35136,6.85329,13.78000,29.64056,5.05461,1.37626,6.95648,13.99000,29.96549,0.00000,0.00000,0.00000,0.00000,0.00000,0.00000,0.00000,0.00000,0.00000,0.00000,13.80977,59.60604
35-1,1783318058.413026,2026-07-06T13:07:38.413026,5.07903,1.35820,6.89832,13.85000,30.33121,5.05879,1.37236,6.94246,13.95000,30.66056,0.00000,0.00000,0.00000,0.00000,0.00000,0.00000,0.00000,0.00000,0.00000,0.00000,13.84078,60.99176
35-1,1783318058.513144,2026-07-06T13:07:38.513144,5.07876,1.36308,6.92276,13.90000,31.02430,5.03879,1.37236,6.91501,13.95000,31.35288,0.00000,0.00000,0.00000,0.00000,0.00000,0.00000,0.00000,0.00000,0.00000,0.00000,13.83777,62.37718
35-1,1783318058.613263,2026-07-06T13:07:38.613263,5.07914,1.35624,6.88854,13.83000,31.71398,5.05466,1.37529,6.95160,13.98000,32.04887,0.00000,0.00000,0.00000,0.00000,0.00000,0.00000,0.00000,0.00000,0.00000,0.00000,13.84014,63.76284
35-1,1783318058.713382,2026-07-06T13:07:38.713382,5.07396,1.37773,6.99054,14.05000,32.41386,5.05470,1.37431,6.94672,13.97000,32.74436,0.00000,0.00000,0.00000,0.00000,0.00000,0.00000,0.00000,0.00000,0.00000,0.00000,13.93726,65.15822
35-1,1783318058.813501,2026-07-06T13:07:38.813501,5.08196,1.37773,7.00156,14.05000,33.11485,5.05461,1.37626,6.95648,13.99000,33.44084,0.00000,0.00000,0.00000,0.00000,0.00000,0.00000,0.00000,0.00000,0.00000,0.00000,13.95804,66.55569
35-1,1783318058.913617,2026-07-06T13:07:38.913617,5.07349,1.38652,7.03447,14.14000,33.81912,5.05061,1.37626,6.95097,13.99000,34.13675,0.00000,0.00000,0.00000,0.00000,0.00000,0.00000,0.00000,0.00000,0.00000,0.00000,13.98544,67.95586
35-1,1783318059.013734,2026-07-06T13:07:39.013734,5.07354,1.38554,7.02959,14.13000,34.52289,5.05852,1.37822,6.97174,14.01000,34.83473,0.00000,0.00000,0.00000,0.00000,0.00000,0.00000,0.00000,0.00000,0.00000,0.00000,14.00133,69.35763
35-1,1783318059.113851,2026-07-06T13:07:39.113851,5.08170,1.38261,7.02601,14.10000,35.22632,5.05852,1.37822,6.97174,14.01000,35.53272,0.00000,0.00000,0.00000,0.00000,0.00000,0.00000,0.00000,0.00000,0.00000,0.00000,13.99775,70.75903
35-1,1783318059.213969,2026-07-06T13:07:39.213969,5.07770,1.38261,7.02048,14.10000,35.92920,5.05444,1.38017,6.97598,14.03000,36.23114,0.00000,0.00000,0.00000,0.00000,0.00000,0.00000,0.00000,0.00000,0.00000,0.00000,13.99646,72.16034
35-1,1783318059.314088,2026-07-06T13:07:39.314088,5.07914,1.35624,6.88854,13.83000,36.61887,5.05044,1.38017,6.97046,14.03000,36.92902,0.00000,0.00000,0.00000,0.00000,0.00000,0.00000,0.00000,0.00000,0.00000,0.00000,13.85900,73.54788
35-1,1783318059.414206,2026-07-06T13:07:39.414206,5.07903,1.35820,6.89832,13.85000,37.30951,5.05358,1.39897,7.06981,14.22000,37.63683,0.00000,0.00000,0.00000,0.00000,0.00000,0.00000,0.00000,0.00000,0.00000,0.00000,13.96813,74.94634
35-1,1783318059.514324,2026-07-06T13:07:39.514324,5.07737,1.38871,7.05101,14.16000,38.01545,5.05323,1.40678,7.10879,14.30000,38.34855,0.00000,0.00000,0.00000,0.00000,0.00000,0.00000,0.00000,0.00000,0.00000,0.00000,14.15980,76.36400
35-1,1783318059.614442,2026-07-06T13:07:39.614442,5.08137,1.38871,7.05656,14.16000,38.72194,5.05745,1.40190,7.09003,14.25000,39.05839,0.00000,0.00000,0.00000,0.00000,0.00000,0.00000,0.00000,0.00000,0.00000,0.00000,14.14659,77.78033
35-1,1783318059.714559,2026-07-06T13:07:39.714559,5.08159,1.38456,7.03579,14.12000,39.42634,5.05345,1.40190,7.08443,14.25000,39.76767,0.00000,0.00000,0.00000,0.00000,0.00000,0.00000,0.00000,0.00000,0.00000,0.00000,14.12022,79.19401
35-1,1783318059.814682,2026-07-06T13:07:39.814682,5.07844,1.36894,6.95208,13.96000,40.12240,5.04554,1.39995,7.06348,14.23000,40.47488,0.00000,0.00000,0.00000,0.00000,0.00000,0.00000,0.00000,0.00000,0.00000,0.00000,14.01556,80.59728
35-1,1783318059.914800,2026-07-06T13:07:39.914800,5.07887,1.36113,6.91298,13.88000,40.81452,5.04657,1.37724,6.95033,14.00000,41.17074,0.00000,0.00000,0.00000,0.00000,0.00000,0.00000,0.00000,0.00000,0.00000,0.00000,13.86331,81.98525
35-1,1783318060.014919,2026-07-06T13:07:40.014919,5.08137,1.38871,7.05656,14.16000,41.52101,5.05435,1.38212,6.98573,14.05000,41.87013,0.00000,0.00000,0.00000,0.00000,0.00000,0.00000,0.00000,0.00000,0.00000,0.00000,14.04229,83.39114
36-1,1783318060.115060,2026-07-06T13:07:40.115060,5.08537,1.38871,7.06212,14.16000,0.70721,5.05435,1.38212,6.98573,14.05000,0.69956,0.00000,0.00000,0.00000,0.00000,0.00000,0.00000,0.00000,0.00000,0.00000,0.00000,14.04785,1.40677
36-1,1783318060.215178,2026-07-06T13:07:40.215178,5.07908,1.35722,6.89343,13.84000,1.39736,5.05466,1.37529,6.95160,13.98000,1.39554,0.00000,0.00000,0.00000,0.00000,0.00000,0.00000,0.00000,0.00000,0.00000,0.00000,13.84503,2.79290
36-1,1783318060.315296,2026-07-06T13:07:40.315296,5.07133,1.49931,7.60352,15.29000,2.15862,5.04945,1.49028,7.52509,15.15000,2.14894,0.00000,0.00000,0.00000,0.00000,0.00000,0.00000,0.00000,0.00000,0.00000,0.00000,15.12861,4.30756
36-1,1783318060.415414,2026-07-06T13:07:40.415414,5.08351,1.34941,6.85972,13.76000,2.84540,5.07480,1.28373,6.51468,13.05000,2.80118,0.00000,0.00000,0.00000,0.00000,0.00000,0.00000,0.00000,0.00000,0.00000,0.00000,13.37440,5.64658
36-1,1783318060.515532,2026-07-06T13:07:40.515532,5.08351,1.34941,6.85972,13.76000,3.53218,5.05480,1.28373,6.48900,13.05000,3.45084,0.00000,0.00000,0.00000,0.00000,0.00000,0.00000,0.00000,0.00000,0.00000,0.00000,13.34872,6.98302
36-1,1783318060.615651,2026-07-06T13:07:40.615651,5.07556,1.34843,6.84404,13.75000,4.21740,5.05075,1.37333,6.93636,13.96000,4.14530,0.00000,0.00000,0.00000,0.00000,0.00000,0.00000,0.00000,0.00000,0.00000,0.00000,13.78040,8.36270
36-1,1783318060.715771,2026-07-06T13:07:40.715771,5.07551,1.34941,6.84893,13.76000,4.90311,5.05088,1.37040,6.92174,13.93000,4.83831,0.00000,0.00000,0.00000,0.00000,0.00000,0.00000,0.00000,0.00000,0.00000,0.00000,13.77067,9.74142
36-1,1783318060.815888,2026-07-06T13:07:40.815888,5.08223,1.37284,6.97711,14.00000,5.60164,5.05483,1.37138,6.93210,13.94000,5.53233,0.00000,0.00000,0.00000,0.00000,0.00000,0.00000,0.00000,0.00000,0.00000,0.00000,13.90921,11.13397
36-1,1783318060.916006,2026-07-06T13:07:40.916006,5.07823,1.37284,6.97162,14.00000,6.29962,5.05483,1.37138,6.93210,13.94000,6.22635,0.00000,0.00000,0.00000,0.00000,0.00000,0.00000,0.00000,0.00000,0.00000,0.00000,13.90372,12.52598
36-1,1783318061.016124,2026-07-06T13:07:41.016124,5.07951,1.34941,6.85432,13.76000,6.98587,5.05088,1.37040,6.92174,13.93000,6.91935,0.00000,0.00000,0.00000,0.00000,0.00000,0.00000,0.00000,0.00000,0.00000,0.00000,13.77606,13.90521
36-1,1783318061.116242,2026-07-06T13:07:41.116242,5.07988,1.34257,6.82010,13.69000,7.66868,5.05123,1.36259,6.88276,13.85000,7.60844,0.00000,0.00000,0.00000,0.00000,0.00000,0.00000,0.00000,0.00000,0.00000,0.00000,13.70286,15.27712
36-1,1783318061.216359,2026-07-06T13:07:41.216359,5.07839,1.36991,6.95696,13.97000,8.36519,5.05381,1.39409,7.04544,14.17000,8.31380,0.00000,0.00000,0.00000,0.00000,0.00000,0.00000,0.00000,0.00000,0.00000,0.00000,14.00240,16.67899
36-1,1783318061.316478,2026-07-06T13:07:41.316478,5.07935,1.35234,6.86899,13.79000,9.05290,5.05781,1.39409,7.05101,14.17000,9.01974,0.00000,0.00000,0.00000,0.00000,0.00000,0.00000,0.00000,0.00000,0.00000,0.00000,13.92000,18.07264
36-1,1783318061.416595,2026-07-06T13:07:41.416595,5.08335,1.35234,6.87440,13.79000,9.74115,5.05475,1.37333,6.94185,13.96000,9.71474,0.00000,0.00000,0.00000,0.00000,0.00000,0.00000,0.00000,0.00000,0.00000,0.00000,13.81625,19.45589
36-1,1783318061.516713,2026-07-06T13:07:41.516713,5.07962,1.34745,6.84455,13.74000,10.42641,5.05417,1.38603,7.00523,14.09000,10.41609,0.00000,0.00000,0.00000,0.00000,0.00000,0.00000,0.00000,0.00000,0.00000,0.00000,13.84978,20.84250
36-1,1783318061.616831,2026-07-06T13:07:41.616831,5.07935,1.35234,6.86899,13.79000,11.11413,5.05075,1.37333,6.93636,13.96000,11.11055,0.00000,0.00000,0.00000,0.00000,0.00000,0.00000,0.00000,0.00000,0.00000,0.00000,13.80535,22.22467
36-1,1783318061.716949,2026-07-06T13:07:41.716949,5.07781,1.38066,7.01071,14.08000,11.81602,5.05075,1.37333,6.93636,13.96000,11.80500,0.00000,0.00000,0.00000,0.00000,0.00000,0.00000,0.00000,0.00000,0.00000,0.00000,13.94707,23.62103
36-1,1783318061.817069,2026-07-06T13:07:41.817069,5.08181,1.38066,7.01623,14.08000,12.51849,5.05483,1.37138,6.93210,13.94000,12.49904,0.00000,0.00000,0.00000,0.00000,0.00000,0.00000,0.00000,0.00000,0.00000,0.00000,13.94833,25.01753
36-1,1783318061.917191,2026-07-06T13:07:41.917191,5.07935,1.35234,6.86899,13.79000,13.20622,5.05367,1.39702,7.06006,14.20000,13.20591,0.00000,0.00000,0.00000,0.00000,0.00000,0.00000,0.00000,0.00000,0.00000,0.00000,13.92905,26.41213
36-1,1783318062.017309,2026-07-06T13:07:42.017309,5.07946,1.35038,6.85921,13.77000,13.89296,5.05475,1.37333,6.94185,13.96000,13.90091,0.00000,0.00000,0.00000,0.00000,0.00000,0.00000,0.00000,0.00000,0.00000,0.00000,13.80106,27.79387
36-1,1783318062.117427,2026-07-06T13:07:42.117427,5.08388,1.34257,6.82547,13.69000,14.57631,5.05066,1.37529,6.94610,13.98000,14.59634,0.00000,0.00000,0.00000,0.00000,0.00000,0.00000,0.00000,0.00000,0.00000,0.00000,13.77157,29.17265
36-1,1783318062.217546,2026-07-06T13:07:42.217546,5.08388,1.34257,6.82547,13.69000,15.25967,5.05066,1.37529,6.94610,13.98000,15.29178,0.00000,0.00000,0.00000,0.00000,0.00000,0.00000,0.00000,0.00000,0.00000,0.00000,13.77157,30.55144
36-1,1783318062.317665,2026-07-06T13:07:42.317665,5.07834,1.37089,6.96185,13.98000,15.95668,5.05417,1.38603,7.00523,14.09000,15.99313,0.00000,0.00000,0.00000,0.00000,0.00000,0.00000,0.00000,0.00000,0.00000,0.00000,13.96708,31.94981
36-1,1783318062.417783,2026-07-06T13:07:42.417783,5.07781,1.38066,7.01071,14.08000,16.65858,5.05332,1.40483,7.09904,14.28000,16.70388,0.00000,0.00000,0.00000,0.00000,0.00000,0.00000,0.00000,0.00000,0.00000,0.00000,14.10975,33.36245
36-1,1783318062.517902,2026-07-06T13:07:42.517902,5.08618,1.37382,6.98750,14.01000,17.35816,5.05457,1.37724,6.96135,14.00000,17.40084,0.00000,0.00000,0.00000,0.00000,0.00000,0.00000,0.00000,0.00000,0.00000,0.00000,13.94885,34.75900
36-1,1783318062.618019,2026-07-06T13:07:42.618019,5.08330,1.35331,6.87929,13.80000,18.04689,5.04657,1.37724,6.95033,14.00000,18.09669,0.00000,0.00000,0.00000,0.00000,0.00000,0.00000,0.00000,0.00000,0.00000,0.00000,13.82962,36.14358
36-1,1783318062.718137,2026-07-06T13:07:42.718137,5.07930,1.35331,6.87388,13.80000,18.73509,5.05079,1.37236,6.93148,13.95000,18.79065,0.00000,0.00000,0.00000,0.00000,0.00000,0.00000,0.00000,0.00000,0.00000,0.00000,13.80536,37.52575
36-1,1783318062.818256,2026-07-06T13:07:42.818256,5.07924,1.35429,6.87877,13.81000,19.42379,5.05066,1.37529,6.94610,13.98000,19.48609,0.00000,0.00000,0.00000,0.00000,0.00000,0.00000,0.00000,0.00000,0.00000,0.00000,13.82487,38.90988
36-1,1783318062.918372,2026-07-06T13:07:42.918372,5.07919,1.35527,6.88365,13.82000,20.11295,5.05376,1.39506,7.05031,14.18000,20.19194,0.00000,0.00000,0.00000,0.00000,0.00000,0.00000,0.00000,0.00000,0.00000,0.00000,13.93396,40.30489
36-1,1783318063.018492,2026-07-06T13:07:43.018492,5.08330,1.35331,6.87929,13.80000,20.80170,5.05776,1.39506,7.05589,14.18000,20.89837,0.00000,0.00000,0.00000,0.00000,0.00000,0.00000,0.00000,0.00000,0.00000,0.00000,13.93518,41.70007
36-1,1783318063.118610,2026-07-06T13:07:43.118610,5.07530,1.35331,6.86846,13.80000,21.48936,5.05741,1.40287,7.09491,14.26000,21.60870,0.00000,0.00000,0.00000,0.00000,0.00000,0.00000,0.00000,0.00000,0.00000,0.00000,13.96337,43.09806
36-1,1783318063.218729,2026-07-06T13:07:43.218729,5.08383,1.34355,6.83036,13.70000,22.17321,5.05848,1.37919,6.97662,14.02000,22.30720,0.00000,0.00000,0.00000,0.00000,0.00000,0.00000,0.00000,0.00000,0.00000,0.00000,13.80698,44.48041
36-1,1783318063.318847,2026-07-06T13:07:43.318847,5.08346,1.35038,6.86461,13.77000,22.86048,5.05852,1.37822,6.97174,14.01000,23.00519,0.00000,0.00000,0.00000,0.00000,0.00000,0.00000,0.00000,0.00000,0.00000,0.00000,13.83635,45.86568
36-1,1783318063.418966,2026-07-06T13:07:43.418966,5.08324,1.35429,6.88418,13.81000,23.54972,5.05052,1.37822,6.96071,14.01000,23.70209,0.00000,0.00000,0.00000,0.00000,0.00000,0.00000,0.00000,0.00000,0.00000,0.00000,13.84489,47.25181
36-1,1783318063.519084,2026-07-06T13:07:43.519084,5.07924,1.35429,6.87877,13.81000,24.23841,5.05466,1.37529,6.95160,13.98000,24.39807,0.00000,0.00000,0.00000,0.00000,0.00000,0.00000,0.00000,0.00000,0.00000,0.00000,13.83037,48.63648
36-1,1783318063.619204,2026-07-06T13:07:43.619204,5.08303,1.35820,6.90375,13.85000,24.92961,5.05501,1.36747,6.91259,13.90000,25.09016,0.00000,0.00000,0.00000,0.00000,0.00000,0.00000,0.00000,0.00000,0.00000,0.00000,13.81634,50.01976
36-1,1783318063.719321,2026-07-06T13:07:43.719321,5.08346,1.35038,6.86461,13.77000,25.61688,5.05097,1.36845,6.91200,13.91000,25.78217,0.00000,0.00000,0.00000,0.00000,0.00000,0.00000,0.00000,0.00000,0.00000,0.00000,13.77661,51.39905
36-1,1783318063.819439,2026-07-06T13:07:43.819439,5.08756,1.34843,6.86022,13.75000,26.30370,5.05497,1.36845,6.91747,13.91000,26.47473,0.00000,0.00000,0.00000,0.00000,0.00000,0.00000,0.00000,0.00000,0.00000,0.00000,13.77769,52.77843
36-1,1783318063.919556,2026-07-06T13:07:43.919556,5.08756,1.34843,6.86022,13.75000,26.99053,5.04626,1.38408,6.98440,14.07000,27.17399,0.00000,0.00000,0.00000,0.00000,0.00000,0.00000,0.00000,0.00000,0.00000,0.00000,13.84462,54.16452
36-1,1783318064.019671,2026-07-06T13:07:44.019671,5.08719,1.35527,6.89450,13.82000,27.68078,5.04591,1.39189,7.02334,14.15000,27.87713,0.00000,0.00000,0.00000,0.00000,0.00000,0.00000,0.00000,0.00000,0.00000,0.00000,13.91784,55.55791
36-1,1783318064.119789,2026-07-06T13:07:44.119789,5.07930,1.35331,6.87388,13.80000,28.36898,5.06154,1.39995,7.08588,14.23000,28.58656,0.00000,0.00000,0.00000,0.00000,0.00000,0.00000,0.00000,0.00000,0.00000,0.00000,13.95976,56.95553
36-1,1783318064.219908,2026-07-06T13:07:44.219908,5.07908,1.35722,6.89343,13.84000,29.05914,5.05354,1.39995,7.07468,14.23000,29.29486,0.00000,0.00000,0.00000,0.00000,0.00000,0.00000,0.00000,0.00000,0.00000,0.00000,13.96811,58.35400
36-1,1783318064.320027,2026-07-06T13:07:44.320027,5.07935,1.35234,6.86899,13.79000,29.74686,5.05345,1.40190,7.08443,14.25000,30.00415,0.00000,0.00000,0.00000,0.00000,0.00000,0.00000,0.00000,0.00000,0.00000,0.00000,13.95342,59.75101
36-1,1783318064.420146,2026-07-06T13:07:44.420146,5.07935,1.35234,6.86899,13.79000,30.43457,5.05354,1.39995,7.07468,14.23000,30.71246,0.00000,0.00000,0.00000,0.00000,0.00000,0.00000,0.00000,0.00000,0.00000,0.00000,13.94367,61.14703
36-1,1783318064.520264,2026-07-06T13:07:44.520264,5.08676,1.36308,6.93366,13.90000,31.12876,5.05354,1.39995,7.07468,14.23000,31.42077,0.00000,0.00000,0.00000,0.00000,0.00000,0.00000,0.00000,0.00000,0.00000,0.00000,14.00834,62.54952
36-1,1783318064.620382,2026-07-06T13:07:44.620382,5.08521,1.39164,7.07680,14.19000,31.83727,5.04954,1.39995,7.06908,14.23000,32.12851,0.00000,0.00000,0.00000,0.00000,0.00000,0.00000,0.00000,0.00000,0.00000,0.00000,14.14588,63.96578
36-1,1783318064.720500,2026-07-06T13:07:44.720500,5.08559,1.38456,7.04133,14.12000,32.54223,5.05354,1.39995,7.07468,14.23000,32.83681,0.00000,0.00000,0.00000,0.00000,0.00000,0.00000,0.00000,0.00000,0.00000,0.00000,14.11601,65.37904
36-1,1783318064.820617,2026-07-06T13:07:44.820617,5.08159,1.38456,7.03579,14.12000,33.24663,5.05395,1.39091,7.02960,14.14000,33.54059,0.00000,0.00000,0.00000,0.00000,0.00000,0.00000,0.00000,0.00000,0.00000,0.00000,14.06539,66.78722
36-1,1783318064.920735,2026-07-06T13:07:44.920735,5.08181,1.38066,7.01623,14.08000,33.94909,5.05457,1.37724,6.96135,14.00000,34.23755,0.00000,0.00000,0.00000,0.00000,0.00000,0.00000,0.00000,0.00000,0.00000,0.00000,13.97758,68.18663
36-1,1783318065.020855,2026-07-06T13:07:45.020855,5.08223,1.37284,6.97711,14.00000,34.64764,5.05457,1.37724,6.96135,14.00000,34.93452,0.00000,0.00000,0.00000,0.00000,0.00000,0.00000,0.00000,0.00000,0.00000,0.00000,13.93846,69.58215
36-1,1783318065.120973,2026-07-06T13:07:45.120973,5.07930,1.35331,6.87388,13.80000,35.33584,5.05070,1.37431,6.94123,13.97000,35.62946,0.00000,0.00000,0.00000,0.00000,0.00000,0.00000,0.00000,0.00000,0.00000,0.00000,13.81511,70.96530
36-1,1783318065.221091,2026-07-06T13:07:45.221091,5.07930,1.35331,6.87388,13.80000,36.02403,5.05070,1.37431,6.94123,13.97000,36.32440,0.00000,0.00000,0.00000,0.00000,0.00000,0.00000,0.00000,0.00000,0.00000,0.00000,13.81511,72.34844
36-1,1783318065.321210,2026-07-06T13:07:45.321210,5.07866,1.36503,6.93253,13.92000,36.71811,5.05066,1.37529,6.94610,13.98000,37.01984,0.00000,0.00000,0.00000,0.00000,0.00000,0.00000,0.00000,0.00000,0.00000,0.00000,13.87863,73.73795
36-1,1783318065.421328,2026-07-06T13:07:45.421328,5.08186,1.37968,7.01134,14.07000,37.42007,5.05066,1.37529,6.94610,13.98000,37.71527,0.00000,0.00000,0.00000,0.00000,0.00000,0.00000,0.00000,0.00000,0.00000,0.00000,13.95744,75.13534
36-1,1783318065.521447,2026-07-06T13:07:45.521447,5.08181,1.38066,7.01623,14.08000,38.12253,5.05336,1.40385,7.09417,14.27000,38.42553,0.00000,0.00000,0.00000,0.00000,0.00000,0.00000,0.00000,0.00000,0.00000,0.00000,14.11040,76.54806
36-1,1783318065.621565,2026-07-06T13:07:45.621565,5.08340,1.35136,6.86951,13.78000,38.81029,5.05345,1.40190,7.08443,14.25000,39.13481,0.00000,0.00000,0.00000,0.00000,0.00000,0.00000,0.00000,0.00000,0.00000,0.00000,13.95394,77.94510
36-1,1783318065.721681,2026-07-06T13:07:45.721681,5.08340,1.35136,6.86951,13.78000,39.49804,5.05345,1.40190,7.08443,14.25000,39.84407,0.00000,0.00000,0.00000,0.00000,0.00000,0.00000,0.00000,0.00000,0.00000,0.00000,13.95394,79.34212
36-1,1783318065.821799,2026-07-06T13:07:45.821799,5.07866,1.36503,6.93253,13.92000,40.19211,5.05345,1.40190,7.08443,14.25000,40.55335,0.00000,0.00000,0.00000,0.00000,0.00000,0.00000,0.00000,0.00000,0.00000,0.00000,14.01696,80.74547
36-1,1783318065.921916,2026-07-06T13:07:45.921916,5.07770,1.38261,7.02048,14.10000,40.89498,5.04991,1.39189,7.02890,14.15000,41.25707,0.00000,0.00000,0.00000,0.00000,0.00000,0.00000,0.00000,0.00000,0.00000,0.00000,14.04938,82.15205
36-1,1783318066.022035,2026-07-06T13:07:46.022035,5.08537,1.38871,7.06212,14.16000,41.60203,5.05048,1.37919,6.96558,14.02000,41.95445,0.00000,0.00000,0.00000,0.00000,0.00000,0.00000,0.00000,0.00000,0.00000,0.00000,14.02770,83.55648
36-1,1783318066.122160,2026-07-06T13:07:46.122160,5.08137,1.38871,7.05656,14.16000,42.30857,5.05426,1.38408,6.99548,14.07000,42.65488,0.00000,0.00000,0.00000,0.00000,0.00000,0.00000,0.00000,0.00000,0.00000,0.00000,14.05204,84.96345
36-1,1783318066.222279,2026-07-06T13:07:46.222279,5.08287,1.36113,6.91842,13.88000,43.00124,5.05026,1.38408,6.98994,14.07000,43.35470,0.00000,0.00000,0.00000,0.00000,0.00000,0.00000,0.00000,0.00000,0.00000,0.00000,13.90836,86.35593
36-1,1783318066.322397,2026-07-06T13:07:46.322397,5.08131,1.38969,7.06145,14.17000,43.70822,5.05319,1.40776,7.11366,14.31000,44.06691,0.00000,0.00000,0.00000,0.00000,0.00000,0.00000,0.00000,0.00000,0.00000,0.00000,14.17511,87.77512
36-1,1783318066.422515,2026-07-06T13:07:46.422515,5.08154,1.38554,7.04068,14.13000,44.41311,5.05332,1.40483,7.09904,14.28000,44.77765,0.00000,0.00000,0.00000,0.00000,0.00000,0.00000,0.00000,0.00000,0.00000,0.00000,14.13972,89.19076
36-1,1783318066.522633,2026-07-06T13:07:46.522633,5.07754,1.38554,7.03513,14.13000,45.11746,5.05444,1.38017,6.97598,14.03000,45.47607,0.00000,0.00000,0.00000,0.00000,0.00000,0.00000,0.00000,0.00000,0.00000,0.00000,14.01111,90.59353
36-1,1783318066.622752,2026-07-06T13:07:46.622752,5.07908,1.35722,6.89343,13.84000,45.80762,5.05444,1.38017,6.97598,14.03000,46.17449,0.00000,0.00000,0.00000,0.00000,0.00000,0.00000,0.00000,0.00000,0.00000,0.00000,13.86941,91.98211
36-1,1783318066.722868,2026-07-06T13:07:46.722868,5.07721,1.39164,7.06566,14.19000,46.51500,5.05030,1.38310,6.98507,14.06000,46.87381,0.00000,0.00000,0.00000,0.00000,0.00000,0.00000,0.00000,0.00000,0.00000,0.00000,14.05073,93.38882
36-1,1783318066.822987,2026-07-06T13:07:46.822987,5.08554,1.38554,7.04622,14.13000,47.22046,5.04936,1.40385,7.08856,14.27000,47.58351,0.00000,0.00000,0.00000,0.00000,0.00000,0.00000,0.00000,0.00000,0.00000,0.00000,14.13478,94.80397
36-1,1783318066.923105,2026-07-06T13:07:46.923105,5.08287,1.36113,6.91842,13.88000,47.91312,5.05332,1.40483,7.09904,14.28000,48.29426,0.00000,0.00000,0.00000,0.00000,0.00000,0.00000,0.00000,0.00000,0.00000,0.00000,14.01746,96.20738
36-1,1783318067.023223,2026-07-06T13:07:47.023223,5.07887,1.36113,6.91298,13.88000,48.60524,5.04932,1.40483,7.09343,14.28000,49.00443,0.00000,0.00000,0.00000,0.00000,0.00000,0.00000,0.00000,0.00000,0.00000,0.00000,14.00641,97.60967
37-1,1783318067.123353,2026-07-06T13:07:47.123353,5.07985,1.26981,6.45047,12.95000,0.64589,5.04755,1.35551,6.84201,13.78000,0.68509,0.00000,0.00000,0.00000,0.00000,0.00000,0.00000,0.00000,0.00000,0.00000,0.00000,13.29248,1.33098
37-1,1783318067.223472,2026-07-06T13:07:47.223472,5.07578,1.34452,6.82450,13.71000,1.32915,5.04652,1.37822,6.95520,14.01000,1.38144,0.00000,0.00000,0.00000,0.00000,0.00000,0.00000,0.00000,0.00000,0.00000,0.00000,13.77970,2.71058
37-1,1783318067.323590,2026-07-06T13:07:47.323590,5.10018,1.19047,6.07159,12.14000,1.93702,5.07627,1.16288,5.90308,11.82000,1.97244,0.00000,0.00000,0.00000,0.00000,0.00000,0.00000,0.00000,0.00000,0.00000,0.00000,11.97467,3.90946
37-1,1783318067.423708,2026-07-06T13:07:47.423708,5.08818,1.19047,6.05731,12.14000,2.54347,5.06027,1.16288,5.88448,11.82000,2.56159,0.00000,0.00000,0.00000,0.00000,0.00000,0.00000,0.00000,0.00000,0.00000,0.00000,11.94179,5.10506
37-1,1783318067.523826,2026-07-06T13:07:47.523826,5.08356,1.34843,6.85483,13.75000,3.22976,5.05391,1.39189,7.03447,14.15000,3.26586,0.00000,0.00000,0.00000,0.00000,0.00000,0.00000,0.00000,0.00000,0.00000,0.00000,13.88930,6.49563
37-1,1783318067.623944,2026-07-06T13:07:47.623944,5.08404,1.33964,6.81079,13.66000,3.91164,5.05483,1.37138,6.93210,13.94000,3.95989,0.00000,0.00000,0.00000,0.00000,0.00000,0.00000,0.00000,0.00000,0.00000,0.00000,13.74289,7.87153
37-1,1783318067.724061,2026-07-06T13:07:47.724061,5.08719,1.35527,6.89450,13.82000,4.60190,5.05404,1.38896,7.01985,14.12000,4.66270,0.00000,0.00000,0.00000,0.00000,0.00000,0.00000,0.00000,0.00000,0.00000,0.00000,13.91435,9.26460
37-1,1783318067.824179,2026-07-06T13:07:47.824179,5.07519,1.35527,6.87823,13.82000,5.29054,5.05004,1.38896,7.01429,14.12000,5.36496,0.00000,0.00000,0.00000,0.00000,0.00000,0.00000,0.00000,0.00000,0.00000,0.00000,13.89252,10.65549
37-1,1783318067.924297,2026-07-06T13:07:47.924297,5.07546,1.35038,6.85381,13.77000,5.97673,5.05483,1.37138,6.93210,13.94000,6.05898,0.00000,0.00000,0.00000,0.00000,0.00000,0.00000,0.00000,0.00000,0.00000,0.00000,13.78591,12.03571
37-1,1783318068.024415,2026-07-06T13:07:48.024415,5.07460,1.36601,6.93195,13.93000,6.67074,5.05367,1.39702,7.06006,14.20000,6.76582,0.00000,0.00000,0.00000,0.00000,0.00000,0.00000,0.00000,0.00000,0.00000,0.00000,13.99201,13.43656
37-1,1783318068.124533,2026-07-06T13:07:48.124533,5.07946,1.35038,6.85921,13.77000,7.35747,5.05079,1.37236,6.93148,13.95000,7.45979,0.00000,0.00000,0.00000,0.00000,0.00000,0.00000,0.00000,0.00000,0.00000,0.00000,13.79069,14.81725
37-1,1783318068.224652,2026-07-06T13:07:48.224652,5.07967,1.34648,6.83966,13.73000,8.04225,5.05479,1.37236,6.93697,13.95000,8.15431,0.00000,0.00000,0.00000,0.00000,0.00000,0.00000,0.00000,0.00000,0.00000,0.00000,13.77663,16.19655
37-1,1783318068.324770,2026-07-06T13:07:48.324770,5.07967,1.34648,6.83966,13.73000,8.72702,5.05430,1.38310,6.99060,14.06000,8.85420,0.00000,0.00000,0.00000,0.00000,0.00000,0.00000,0.00000,0.00000,0.00000,0.00000,13.83026,17.58122
37-1,1783318068.424889,2026-07-06T13:07:48.424889,5.07876,1.36308,6.92276,13.90000,9.42012,5.05475,1.37333,6.94185,13.96000,9.54920,0.00000,0.00000,0.00000,0.00000,0.00000,0.00000,0.00000,0.00000,0.00000,0.00000,13.86461,18.96932
37-1,1783318068.525008,2026-07-06T13:07:48.525008,5.07812,1.37480,6.98139,14.02000,10.11909,5.05083,1.37138,6.92661,13.94000,10.24269,0.00000,0.00000,0.00000,0.00000,0.00000,0.00000,0.00000,0.00000,0.00000,0.00000,13.90800,20.36178
37-1,1783318068.625125,2026-07-06T13:07:48.625125,5.08335,1.35234,6.87440,13.79000,10.80734,5.05083,1.37138,6.92661,13.94000,10.93616,0.00000,0.00000,0.00000,0.00000,0.00000,0.00000,0.00000,0.00000,0.00000,0.00000,13.80101,21.74350
37-1,1783318068.725245,2026-07-06T13:07:48.725245,5.07535,1.35234,6.86358,13.79000,11.49451,5.05345,1.40190,7.08443,14.25000,11.64545,0.00000,0.00000,0.00000,0.00000,0.00000,0.00000,0.00000,0.00000,0.00000,0.00000,13.94801,23.13996
37-1,1783318068.825364,2026-07-06T13:07:48.825364,5.08346,1.35038,6.86461,13.77000,12.18179,5.05466,1.37529,6.95160,13.98000,12.34144,0.00000,0.00000,0.00000,0.00000,0.00000,0.00000,0.00000,0.00000,0.00000,0.00000,13.81621,24.52323
37-1,1783318068.925483,2026-07-06T13:07:48.925483,5.08218,1.37382,6.98200,14.01000,12.88082,5.05501,1.36747,6.91259,13.90000,13.03352,0.00000,0.00000,0.00000,0.00000,0.00000,0.00000,0.00000,0.00000,0.00000,0.00000,13.89459,25.91434
37-1,1783318069.025600,2026-07-06T13:07:49.025600,5.07802,1.37675,6.99117,14.04000,13.58076,5.05901,1.36747,6.91806,13.90000,13.72614,0.00000,0.00000,0.00000,0.00000,0.00000,0.00000,0.00000,0.00000,0.00000,0.00000,13.90923,27.30690
37-1,1783318069.125717,2026-07-06T13:07:49.125717,5.08202,1.37675,6.99667,14.04000,14.28125,5.05341,1.40287,7.08930,14.26000,14.43590,0.00000,0.00000,0.00000,0.00000,0.00000,0.00000,0.00000,0.00000,0.00000,0.00000,14.08597,28.71715
37-1,1783318069.225834,2026-07-06T13:07:49.225834,5.08324,1.35429,6.88418,13.81000,14.97047,5.05466,1.37529,6.95160,13.98000,15.13187,0.00000,0.00000,0.00000,0.00000,0.00000,0.00000,0.00000,0.00000,0.00000,0.00000,13.83578,30.10234
37-1,1783318069.325953,2026-07-06T13:07:49.325953,5.08308,1.35722,6.89886,13.84000,15.66117,5.05083,1.37138,6.92661,13.94000,15.82535,0.00000,0.00000,0.00000,0.00000,0.00000,0.00000,0.00000,0.00000,0.00000,0.00000,13.82547,31.48653
37-1,1783318069.426070,2026-07-06T13:07:49.426070,5.07567,1.34648,6.83427,13.73000,16.34541,5.05483,1.37138,6.93210,13.94000,16.51938,0.00000,0.00000,0.00000,0.00000,0.00000,0.00000,0.00000,0.00000,0.00000,0.00000,13.76637,32.86479
37-1,1783318069.526189,2026-07-06T13:07:49.526189,5.08367,1.34648,6.84504,13.73000,17.03072,5.05391,1.39189,7.03447,14.15000,17.22366,0.00000,0.00000,0.00000,0.00000,0.00000,0.00000,0.00000,0.00000,0.00000,0.00000,13.87951,34.25439
37-1,1783318069.626309,2026-07-06T13:07:49.626309,5.08202,1.37675,6.99667,14.04000,17.73123,5.04981,1.39409,7.03986,14.17000,17.92849,0.00000,0.00000,0.00000,0.00000,0.00000,0.00000,0.00000,0.00000,0.00000,0.00000,14.03653,35.65972
37-1,1783318069.726428,2026-07-06T13:07:49.726428,5.07791,1.37870,7.00094,14.06000,18.43215,5.05070,1.37431,6.94123,13.97000,18.62344,0.00000,0.00000,0.00000,0.00000,0.00000,0.00000,0.00000,0.00000,0.00000,0.00000,13.94217,37.05559
37-1,1783318069.826547,2026-07-06T13:07:49.826547,5.07770,1.38261,7.02048,14.10000,19.13504,5.04679,1.37236,6.92599,13.95000,19.31686,0.00000,0.00000,0.00000,0.00000,0.00000,0.00000,0.00000,0.00000,0.00000,0.00000,13.94647,38.45190
37-1,1783318069.926664,2026-07-06T13:07:49.926664,5.08607,1.37577,6.99729,14.03000,19.83558,5.05479,1.37236,6.93697,13.95000,20.01137,0.00000,0.00000,0.00000,0.00000,0.00000,0.00000,0.00000,0.00000,0.00000,0.00000,13.93426,39.84695
37-1,1783318070.026782,2026-07-06T13:07:50.026782,5.08207,1.37577,6.99178,14.03000,20.53559,5.05413,1.38701,7.01010,14.10000,20.71321,0.00000,0.00000,0.00000,0.00000,0.00000,0.00000,0.00000,0.00000,0.00000,0.00000,14.00188,41.24879
37-1,1783318070.126897,2026-07-06T13:07:50.126897,5.07903,1.35820,6.89832,13.85000,21.22622,5.05350,1.40092,7.07955,14.24000,21.42198,0.00000,0.00000,0.00000,0.00000,0.00000,0.00000,0.00000,0.00000,0.00000,0.00000,13.97787,42.64820
37-1,1783318070.227016,2026-07-06T13:07:50.227016,5.07914,1.35624,6.88854,13.83000,21.91589,5.05363,1.39799,7.06493,14.21000,22.12931,0.00000,0.00000,0.00000,0.00000,0.00000,0.00000,0.00000,0.00000,0.00000,0.00000,13.95347,44.04520
37-1,1783318070.327134,2026-07-06T13:07:50.327134,5.07914,1.35624,6.88854,13.83000,22.60556,5.05363,1.39799,7.06493,14.21000,22.83664,0.00000,0.00000,0.00000,0.00000,0.00000,0.00000,0.00000,0.00000,0.00000,0.00000,13.95347,45.44220
37-1,1783318070.427252,2026-07-06T13:07:50.427252,5.08314,1.35624,6.89397,13.83000,23.29577,5.05048,1.37919,6.96558,14.02000,23.53402,0.00000,0.00000,0.00000,0.00000,0.00000,0.00000,0.00000,0.00000,0.00000,0.00000,13.85955,46.82979
37-1,1783318070.527371,2026-07-06T13:07:50.527371,5.07898,1.35917,6.90321,13.86000,23.98691,5.05070,1.37431,6.94123,13.97000,24.22897,0.00000,0.00000,0.00000,0.00000,0.00000,0.00000,0.00000,0.00000,0.00000,0.00000,13.84444,48.21588
37-1,1783318070.627490,2026-07-06T13:07:50.627490,5.07924,1.35429,6.87877,13.81000,24.67560,5.05066,1.37529,6.94610,13.98000,24.92440,0.00000,0.00000,0.00000,0.00000,0.00000,0.00000,0.00000,0.00000,0.00000,0.00000,13.82487,49.60001
37-1,1783318070.727607,2026-07-06T13:07:50.727607,5.07503,1.35820,6.89288,13.85000,25.36570,5.05066,1.37529,6.94610,13.98000,25.61983,0.00000,0.00000,0.00000,0.00000,0.00000,0.00000,0.00000,0.00000,0.00000,0.00000,13.83898,50.98553
37-1,1783318070.827726,2026-07-06T13:07:50.827726,5.08303,1.35820,6.90375,13.85000,26.05690,5.05483,1.37138,6.93210,13.94000,26.31386,0.00000,0.00000,0.00000,0.00000,0.00000,0.00000,0.00000,0.00000,0.00000,0.00000,13.83585,52.37076
37-1,1783318070.927845,2026-07-06T13:07:50.927845,5.08303,1.35820,6.90375,13.85000,26.74809,5.05479,1.37236,6.93697,13.95000,27.00838,0.00000,0.00000,0.00000,0.00000,0.00000,0.00000,0.00000,0.00000,0.00000,0.00000,13.84072,53.75647
37-1,1783318071.027963,2026-07-06T13:07:51.027963,5.08292,1.36015,6.91353,13.87000,27.44026,5.04621,1.38505,6.98927,14.08000,27.70814,0.00000,0.00000,0.00000,0.00000,0.00000,0.00000,0.00000,0.00000,0.00000,0.00000,13.90280,55.14839
37-1,1783318071.128081,2026-07-06T13:07:51.128081,5.08298,1.35917,6.90864,13.86000,28.13194,5.05421,1.38505,7.00035,14.08000,28.40900,0.00000,0.00000,0.00000,0.00000,0.00000,0.00000,0.00000,0.00000,0.00000,0.00000,13.90899,56.54094
37-1,1783318071.228199,2026-07-06T13:07:51.228199,5.08287,1.36113,6.91842,13.88000,28.82460,5.06567,1.39702,7.07682,14.20000,29.11751,0.00000,0.00000,0.00000,0.00000,0.00000,0.00000,0.00000,0.00000,0.00000,0.00000,13.99524,57.94211
37-1,1783318071.328316,2026-07-06T13:07:51.328316,5.07087,1.36113,6.90209,13.88000,29.51562,5.06563,1.39799,7.08171,14.21000,29.82652,0.00000,0.00000,0.00000,0.00000,0.00000,0.00000,0.00000,0.00000,0.00000,0.00000,13.98380,59.34214
37-1,1783318071.428433,2026-07-06T13:07:51.428433,5.08137,1.38871,7.05656,14.16000,30.22210,5.06554,1.39995,7.09148,14.23000,30.53650,0.00000,0.00000,0.00000,0.00000,0.00000,0.00000,0.00000,0.00000,0.00000,0.00000,14.14804,60.75859
37-1,1783318071.528552,2026-07-06T13:07:51.528552,5.08165,1.38359,7.03090,14.11000,30.92602,5.05754,1.39995,7.08028,14.23000,31.24537,0.00000,0.00000,0.00000,0.00000,0.00000,0.00000,0.00000,0.00000,0.00000,0.00000,14.11118,62.17139
37-1,1783318071.628671,2026-07-06T13:07:51.628671,5.08165,1.38359,7.03090,14.11000,31.62995,5.05358,1.39897,7.06981,14.22000,31.95319,0.00000,0.00000,0.00000,0.00000,0.00000,0.00000,0.00000,0.00000,0.00000,0.00000,14.10071,63.58314
37-1,1783318071.728790,2026-07-06T13:07:51.728790,5.08965,1.38359,7.04197,14.11000,32.33499,5.05408,1.38798,7.01497,14.11000,32.65552,0.00000,0.00000,0.00000,0.00000,0.00000,0.00000,0.00000,0.00000,0.00000,0.00000,14.05694,64.99050
37-1,1783318071.828911,2026-07-06T13:07:51.828911,5.08170,1.38261,7.02601,14.10000,33.03844,5.05444,1.38017,6.97598,14.03000,33.35396,0.00000,0.00000,0.00000,0.00000,0.00000,0.00000,0.00000,0.00000,0.00000,0.00000,14.00199,66.39240
37-1,1783318071.929030,2026-07-06T13:07:51.929030,5.08244,1.36894,6.95755,13.96000,33.73502,5.05444,1.38017,6.97598,14.03000,34.05239,0.00000,0.00000,0.00000,0.00000,0.00000,0.00000,0.00000,0.00000,0.00000,0.00000,13.93353,67.78741
37-1,1783318072.029149,2026-07-06T13:07:52.029149,5.08314,1.35624,6.89397,13.83000,34.42523,5.05475,1.37333,6.94185,13.96000,34.74740,0.00000,0.00000,0.00000,0.00000,0.00000,0.00000,0.00000,0.00000,0.00000,0.00000,13.83582,69.17263
37-1,1783318072.129268,2026-07-06T13:07:52.129268,5.08314,1.35624,6.89397,13.83000,35.11545,5.05475,1.37333,6.94185,13.96000,35.44241,0.00000,0.00000,0.00000,0.00000,0.00000,0.00000,0.00000,0.00000,0.00000,0.00000,13.83582,70.55786
37-1,1783318072.229387,2026-07-06T13:07:52.229387,5.07892,1.36015,6.90809,13.87000,35.80708,5.05839,1.38115,6.98638,14.04000,36.14188,0.00000,0.00000,0.00000,0.00000,0.00000,0.00000,0.00000,0.00000,0.00000,0.00000,13.89447,71.94896
38-1,1783318072.329474,2026-07-06T13:07:52.329474,5.09299,1.39555,7.10753,14.23000,0.71137,5.05039,1.38115,6.97533,14.04000,0.69814,0.00000,0.00000,0.00000,0.00000,0.00000,0.00000,0.00000,0.00000,0.00000,0.00000,14.08286,1.40952
38-1,1783318072.429546,2026-07-06T13:07:52.429546,5.09749,1.31303,6.69315,13.39000,1.38117,5.05373,1.30741,6.60731,13.29000,1.35935,0.00000,0.00000,0.00000,0.00000,0.00000,0.00000,0.00000,0.00000,0.00000,0.00000,13.30046,2.74053
38-1,1783318072.529619,2026-07-06T13:07:52.529619,5.07940,1.35136,6.86410,13.78000,2.06808,5.05075,1.37333,6.93636,13.96000,2.05349,0.00000,0.00000,0.00000,0.00000,0.00000,0.00000,0.00000,0.00000,0.00000,0.00000,13.80046,4.12157
38-1,1783318072.629690,2026-07-06T13:07:52.629690,5.07940,1.35136,6.86410,13.78000,2.75498,5.05257,1.42143,7.18187,14.45000,2.77219,0.00000,0.00000,0.00000,0.00000,0.00000,0.00000,0.00000,0.00000,0.00000,0.00000,14.04597,5.52717
38-1,1783318072.729761,2026-07-06T13:07:52.729761,5.08187,0.93948,4.77433,9.58000,3.23275,5.04857,1.42143,7.17619,14.45000,3.49032,0.00000,0.00000,0.00000,0.00000,0.00000,0.00000,0.00000,0.00000,0.00000,0.00000,11.95052,6.72307
38-1,1783318072.829833,2026-07-06T13:07:52.829833,5.05807,1.37577,6.95877,14.03000,3.92913,5.04936,1.40385,7.08856,14.27000,4.19968,0.00000,0.00000,0.00000,0.00000,0.00000,0.00000,0.00000,0.00000,0.00000,0.00000,14.04733,8.12881
38-1,1783318072.929904,2026-07-06T13:07:52.929904,5.10534,0.94925,4.84623,9.68000,4.41410,5.05400,1.30155,6.57805,13.23000,4.85796,0.00000,0.00000,0.00000,0.00000,0.00000,0.00000,0.00000,0.00000,0.00000,0.00000,11.42428,9.27205
38-1,1783318073.029976,2026-07-06T13:07:53.029976,5.09734,0.94925,4.83864,9.68000,4.89831,5.03919,1.36357,6.87127,13.86000,5.54558,0.00000,0.00000,0.00000,0.00000,0.00000,0.00000,0.00000,0.00000,0.00000,0.00000,11.70991,10.44388
38-1,1783318073.130047,2026-07-06T13:07:53.130047,5.08623,1.37284,6.98261,14.00000,5.59707,5.05919,1.36357,6.89854,13.86000,6.23592,0.00000,0.00000,0.00000,0.00000,0.00000,0.00000,0.00000,0.00000,0.00000,0.00000,13.88115,11.83299
38-1,1783318073.230118,2026-07-06T13:07:53.230118,5.08751,1.34941,6.86512,13.76000,6.28406,5.05404,1.38896,7.01985,14.12000,6.93840,0.00000,0.00000,0.00000,0.00000,0.00000,0.00000,0.00000,0.00000,0.00000,0.00000,13.88497,13.22246
38-1,1783318073.330188,2026-07-06T13:07:53.330188,5.07951,1.34941,6.85432,13.76000,6.96998,5.05479,1.37236,6.93697,13.95000,7.63259,0.00000,0.00000,0.00000,0.00000,0.00000,0.00000,0.00000,0.00000,0.00000,0.00000,13.79129,14.60257
38-1,1783318073.430260,2026-07-06T13:07:53.430260,5.08351,1.34941,6.85972,13.76000,7.65644,5.05372,1.39604,7.05519,14.19000,8.33862,0.00000,0.00000,0.00000,0.00000,0.00000,0.00000,0.00000,0.00000,0.00000,0.00000,13.91491,15.99506
38-1,1783318073.530331,2026-07-06T13:07:53.530331,5.08623,1.37284,6.98261,14.00000,8.35520,5.05372,1.39604,7.05519,14.19000,9.04463,0.00000,0.00000,0.00000,0.00000,0.00000,0.00000,0.00000,0.00000,0.00000,0.00000,14.03780,17.39984
39-1,1783318073.630469,2026-07-06T13:07:53.630469,5.08612,1.37480,6.99239,14.02000,0.70020,5.05475,1.37333,6.94185,13.96000,0.69514,0.00000,0.00000,0.00000,0.00000,0.00000,0.00000,0.00000,0.00000,0.00000,0.00000,13.93424,1.39534
39-1,1783318073.730586,2026-07-06T13:07:53.730586,5.08356,1.34843,6.85483,13.75000,1.38649,5.05417,1.38603,7.00523,14.09000,1.39648,0.00000,0.00000,0.00000,0.00000,0.00000,0.00000,0.00000,0.00000,0.00000,0.00000,13.86006,2.78297
39-1,1783318073.830705,2026-07-06T13:07:53.830705,5.10796,0.90115,4.60304,9.19000,1.84734,5.05922,1.09793,5.55468,11.16000,1.95261,0.00000,0.00000,0.00000,0.00000,0.00000,0.00000,0.00000,0.00000,0.00000,0.00000,10.15772,3.79995
39-1,1783318073.930822,2026-07-06T13:07:53.930822,5.09596,0.90115,4.59223,9.19000,2.30710,5.04722,1.09793,5.54151,11.16000,2.50741,0.00000,0.00000,0.00000,0.00000,0.00000,0.00000,0.00000,0.00000,0.00000,0.00000,10.13374,4.81451
39-1,1783318074.030941,2026-07-06T13:07:54.030941,5.08255,1.36699,6.94777,13.94000,3.00270,5.05497,1.36845,6.91747,13.91000,3.19998,0.00000,0.00000,0.00000,0.00000,0.00000,0.00000,0.00000,0.00000,0.00000,0.00000,13.86524,6.20268
39-1,1783318074.131059,2026-07-06T13:07:54.131059,5.08394,1.34159,6.82058,13.68000,3.68557,5.05483,1.37138,6.93210,13.94000,3.89401,0.00000,0.00000,0.00000,0.00000,0.00000,0.00000,0.00000,0.00000,0.00000,0.00000,13.75268,7.57958
39-1,1783318074.231178,2026-07-06T13:07:54.231178,5.07604,1.33964,6.80007,13.66000,4.36638,5.05101,1.36747,6.90712,13.90000,4.58554,0.00000,0.00000,0.00000,0.00000,0.00000,0.00000,0.00000,0.00000,0.00000,0.00000,13.70719,8.95192
39-1,1783318074.331295,2026-07-06T13:07:54.331295,5.08804,1.33964,6.81615,13.66000,5.04880,5.05101,1.36747,6.90712,13.90000,5.27707,0.00000,0.00000,0.00000,0.00000,0.00000,0.00000,0.00000,0.00000,0.00000,0.00000,13.72327,10.32587
39-1,1783318074.431413,2026-07-06T13:07:54.431413,5.08186,1.37968,7.01134,14.07000,5.75076,5.05501,1.36747,6.91259,13.90000,5.96914,0.00000,0.00000,0.00000,0.00000,0.00000,0.00000,0.00000,0.00000,0.00000,0.00000,13.92393,11.71990
39-1,1783318074.531532,2026-07-06T13:07:54.531532,5.08351,1.34941,6.85972,13.76000,6.43755,5.05483,1.37138,6.93210,13.94000,6.66318,0.00000,0.00000,0.00000,0.00000,0.00000,0.00000,0.00000,0.00000,0.00000,0.00000,13.79182,13.10072
39-1,1783318074.631650,2026-07-06T13:07:54.631650,5.07999,1.34062,6.81032,13.67000,7.11938,5.05510,1.36552,6.90284,13.88000,7.35427,0.00000,0.00000,0.00000,0.00000,0.00000,0.00000,0.00000,0.00000,0.00000,0.00000,13.71316,14.47365
39-1,1783318074.731769,2026-07-06T13:07:54.731769,5.08399,1.34062,6.81568,13.67000,7.80176,5.05910,1.36552,6.90830,13.88000,8.04592,0.00000,0.00000,0.00000,0.00000,0.00000,0.00000,0.00000,0.00000,0.00000,0.00000,13.72398,15.84768
39-1,1783318074.831886,2026-07-06T13:07:54.831886,5.08175,1.38163,7.02112,14.09000,8.50469,5.05417,1.38603,7.00523,14.09000,8.74727,0.00000,0.00000,0.00000,0.00000,0.00000,0.00000,0.00000,0.00000,0.00000,0.00000,14.02635,17.25196
39-1,1783318074.932003,2026-07-06T13:07:54.932003,5.08356,1.34843,6.85483,13.75000,9.19098,5.05492,1.36943,6.92234,13.92000,9.44032,0.00000,0.00000,0.00000,0.00000,0.00000,0.00000,0.00000,0.00000,0.00000,0.00000,13.77717,18.63130
39-1,1783318075.032122,2026-07-06T13:07:55.032122,5.08372,1.34550,6.84015,13.72000,9.87581,5.05391,1.39189,7.03447,14.15000,10.14460,0.00000,0.00000,0.00000,0.00000,0.00000,0.00000,0.00000,0.00000,0.00000,0.00000,13.87462,20.02040
39-1,1783318075.132240,2026-07-06T13:07:55.132240,5.08372,1.34550,6.84015,13.72000,10.56063,5.04991,1.39189,7.02890,14.15000,10.84832,0.00000,0.00000,0.00000,0.00000,0.00000,0.00000,0.00000,0.00000,0.00000,0.00000,13.86905,21.40895
39-1,1783318075.232359,2026-07-06T13:07:55.232359,5.07818,1.37382,6.97651,14.01000,11.25911,5.05479,1.37236,6.93697,13.95000,11.54284,0.00000,0.00000,0.00000,0.00000,0.00000,0.00000,0.00000,0.00000,0.00000,0.00000,13.91348,22.80194
39-1,1783318075.332477,2026-07-06T13:07:55.332477,5.08612,1.37480,6.99239,14.02000,11.95917,5.05501,1.36747,6.91259,13.90000,12.23491,0.00000,0.00000,0.00000,0.00000,0.00000,0.00000,0.00000,0.00000,0.00000,0.00000,13.90498,24.19408
39-1,1783318075.432595,2026-07-06T13:07:55.432595,5.08730,1.35331,6.88470,13.80000,12.64845,5.05358,1.39897,7.06981,14.22000,12.94272,0.00000,0.00000,0.00000,0.00000,0.00000,0.00000,0.00000,0.00000,0.00000,0.00000,13.95451,25.59118
39-1,1783318075.532712,2026-07-06T13:07:55.532712,5.07535,1.35234,6.86358,13.79000,13.33562,5.05758,1.39897,7.07540,14.22000,13.65110,0.00000,0.00000,0.00000,0.00000,0.00000,0.00000,0.00000,0.00000,0.00000,0.00000,13.93898,26.98672
39-1,1783318075.632829,2026-07-06T13:07:55.632829,5.08335,1.35234,6.87440,13.79000,14.02387,5.04657,1.37724,6.95033,14.00000,14.34694,0.00000,0.00000,0.00000,0.00000,0.00000,0.00000,0.00000,0.00000,0.00000,0.00000,13.82473,28.37081
39-1,1783318075.732946,2026-07-06T13:07:55.732946,5.08618,1.37382,6.98750,14.01000,14.72343,5.04679,1.37236,6.92599,13.95000,15.04035,0.00000,0.00000,0.00000,0.00000,0.00000,0.00000,0.00000,0.00000,0.00000,0.00000,13.91349,29.76378
39-1,1783318075.833067,2026-07-06T13:07:55.833067,5.08575,1.38163,7.02665,14.09000,15.42694,5.05372,1.39604,7.05519,14.19000,15.74672,0.00000,0.00000,0.00000,0.00000,0.00000,0.00000,0.00000,0.00000,0.00000,0.00000,14.08184,31.17366
39-1,1783318075.933186,2026-07-06T13:07:55.933186,5.08276,1.36308,6.92821,13.90000,16.12059,5.05772,1.39604,7.06077,14.19000,16.45364,0.00000,0.00000,0.00000,0.00000,0.00000,0.00000,0.00000,0.00000,0.00000,0.00000,13.98898,32.57424
39-1,1783318076.033304,2026-07-06T13:07:56.033304,5.07876,1.36308,6.92276,13.90000,16.81368,5.05039,1.38115,6.97533,14.04000,17.15200,0.00000,0.00000,0.00000,0.00000,0.00000,0.00000,0.00000,0.00000,0.00000,0.00000,13.89809,33.96568
39-1,1783318076.133422,2026-07-06T13:07:56.133422,5.07935,1.35234,6.86899,13.79000,17.50140,5.05079,1.37236,6.93148,13.95000,17.84597,0.00000,0.00000,0.00000,0.00000,0.00000,0.00000,0.00000,0.00000,0.00000,0.00000,13.80047,35.34736
39-1,1783318076.233540,2026-07-06T13:07:56.233540,5.07919,1.35527,6.88365,13.82000,18.19057,5.05110,1.36552,6.89738,13.88000,18.53652,0.00000,0.00000,0.00000,0.00000,0.00000,0.00000,0.00000,0.00000,0.00000,0.00000,13.78103,36.72709
39-1,1783318076.333658,2026-07-06T13:07:56.333658,5.07962,1.34745,6.84455,13.74000,18.87584,5.05110,1.36552,6.89738,13.88000,19.22707,0.00000,0.00000,0.00000,0.00000,0.00000,0.00000,0.00000,0.00000,0.00000,0.00000,13.74193,38.10291
39-1,1783318076.433778,2026-07-06T13:07:56.433778,5.08362,1.34745,6.84994,13.74000,19.56165,5.05772,1.39604,7.06077,14.19000,19.93399,0.00000,0.00000,0.00000,0.00000,0.00000,0.00000,0.00000,0.00000,0.00000,0.00000,13.91071,39.49563
39-1,1783318076.533894,2026-07-06T13:07:56.533894,5.09140,1.35136,6.88032,13.78000,20.25048,5.05736,1.40385,7.09979,14.27000,20.64479,0.00000,0.00000,0.00000,0.00000,0.00000,0.00000,0.00000,0.00000,0.00000,0.00000,13.98011,40.89527
39-1,1783318076.633966,2026-07-06T13:07:56.633966,5.08244,1.36894,6.95755,13.96000,20.94673,5.05830,1.38310,6.99613,14.06000,21.34491,0.00000,0.00000,0.00000,0.00000,0.00000,0.00000,0.00000,0.00000,0.00000,0.00000,13.95368,42.29164
39-1,1783318076.734084,2026-07-06T13:07:56.734084,5.08181,1.38066,7.01623,14.08000,21.64918,5.05430,1.38310,6.99060,14.06000,22.04479,0.00000,0.00000,0.00000,0.00000,0.00000,0.00000,0.00000,0.00000,0.00000,0.00000,14.00683,43.69398
39-1,1783318076.834202,2026-07-06T13:07:56.834202,5.08591,1.37870,7.01197,14.06000,22.35121,5.05075,1.37333,6.93636,13.96000,22.73925,0.00000,0.00000,0.00000,0.00000,0.00000,0.00000,0.00000,0.00000,0.00000,0.00000,13.94833,45.09046
39-1,1783318076.934322,2026-07-06T13:07:56.934322,5.08191,1.37870,7.00645,14.06000,23.05270,5.05075,1.37333,6.93636,13.96000,23.43372,0.00000,0.00000,0.00000,0.00000,0.00000,0.00000,0.00000,0.00000,0.00000,0.00000,13.94281,46.48642
39-1,1783318077.034440,2026-07-06T13:07:57.034440,5.08202,1.37675,6.99667,14.04000,23.75319,5.05083,1.37138,6.92661,13.94000,24.12720,0.00000,0.00000,0.00000,0.00000,0.00000,0.00000,0.00000,0.00000,0.00000,0.00000,13.92328,47.88039
39-1,1783318077.134559,2026-07-06T13:07:57.134559,5.08191,1.37870,7.00645,14.06000,24.45467,5.05883,1.37138,6.93758,13.94000,24.82178,0.00000,0.00000,0.00000,0.00000,0.00000,0.00000,0.00000,0.00000,0.00000,0.00000,13.94403,49.27645
39-1,1783318077.234677,2026-07-06T13:07:57.234677,5.07743,1.38749,7.04490,14.15000,25.15999,5.05466,1.37529,6.95160,13.98000,25.51776,0.00000,0.00000,0.00000,0.00000,0.00000,0.00000,0.00000,0.00000,0.00000,0.00000,13.99650,50.67775
39-1,1783318077.334796,2026-07-06T13:07:57.334796,5.08543,1.38749,7.05600,14.15000,25.86643,5.06163,1.39799,7.07612,14.21000,26.22621,0.00000,0.00000,0.00000,0.00000,0.00000,0.00000,0.00000,0.00000,0.00000,0.00000,14.13212,52.09264
39-1,1783318077.434913,2026-07-06T13:07:57.434913,5.08212,1.37480,6.98689,14.02000,26.56593,5.06158,1.39897,7.08100,14.22000,26.93514,0.00000,0.00000,0.00000,0.00000,0.00000,0.00000,0.00000,0.00000,0.00000,0.00000,14.06789,53.50108
39-1,1783318077.535031,2026-07-06T13:07:57.535031,5.08170,1.38261,7.02601,14.10000,27.26937,5.04945,1.40190,7.07882,14.25000,27.64386,0.00000,0.00000,0.00000,0.00000,0.00000,0.00000,0.00000,0.00000,0.00000,0.00000,14.10483,54.91323
39-1,1783318077.635149,2026-07-06T13:07:57.635149,5.08207,1.37577,6.99178,14.03000,27.96936,5.05345,1.40190,7.08443,14.25000,28.35314,0.00000,0.00000,0.00000,0.00000,0.00000,0.00000,0.00000,0.00000,0.00000,0.00000,14.07621,56.32250
39-1,1783318077.735269,2026-07-06T13:07:57.735269,5.08207,1.37577,6.99178,14.03000,28.66938,5.05345,1.40190,7.08443,14.25000,29.06243,0.00000,0.00000,0.00000,0.00000,0.00000,0.00000,0.00000,0.00000,0.00000,0.00000,14.07621,57.73181
39-1,1783318077.835393,2026-07-06T13:07:57.835393,5.08666,1.36503,6.94345,13.92000,29.36459,5.05345,1.40190,7.08443,14.25000,29.77176,0.00000,0.00000,0.00000,0.00000,0.00000,0.00000,0.00000,0.00000,0.00000,0.00000,14.02788,59.13635
39-1,1783318077.935534,2026-07-06T13:07:57.935534,5.08788,1.34257,6.83084,13.69000,30.04864,5.04941,1.40287,7.08369,14.26000,30.48112,0.00000,0.00000,0.00000,0.00000,0.00000,0.00000,0.00000,0.00000,0.00000,0.00000,13.91453,60.52976
39-1,1783318078.035654,2026-07-06T13:07:58.035654,5.08292,1.36015,6.91353,13.87000,30.74082,5.04941,1.40287,7.08369,14.26000,31.19034,0.00000,0.00000,0.00000,0.00000,0.00000,0.00000,0.00000,0.00000,0.00000,0.00000,13.99722,61.93116
39-1,1783318078.135771,2026-07-06T13:07:58.135771,5.07508,1.35722,6.88800,13.84000,31.43043,5.05763,1.39799,7.07052,14.21000,31.89822,0.00000,0.00000,0.00000,0.00000,0.00000,0.00000,0.00000,0.00000,0.00000,0.00000,13.95852,63.32865
39-1,1783318078.235889,2026-07-06T13:07:58.235889,5.07508,1.35722,6.88800,13.84000,32.12004,5.05745,1.40190,7.09003,14.25000,32.60806,0.00000,0.00000,0.00000,0.00000,0.00000,0.00000,0.00000,0.00000,0.00000,0.00000,13.97803,64.72810
39-1,1783318078.336008,2026-07-06T13:07:58.336008,5.08186,1.37968,7.01134,14.07000,32.82201,5.05350,1.40092,7.07955,14.24000,33.31686,0.00000,0.00000,0.00000,0.00000,0.00000,0.00000,0.00000,0.00000,0.00000,0.00000,14.09089,66.13886
39-1,1783318078.436127,2026-07-06T13:07:58.436127,5.08170,1.38261,7.02601,14.10000,33.52544,5.05350,1.40092,7.07955,14.24000,34.02565,0.00000,0.00000,0.00000,0.00000,0.00000,0.00000,0.00000,0.00000,0.00000,0.00000,14.10556,67.55109
39-1,1783318078.536244,2026-07-06T13:07:58.536244,5.08549,1.38652,7.05111,14.14000,34.23138,5.04954,1.39995,7.06908,14.23000,34.73339,0.00000,0.00000,0.00000,0.00000,0.00000,0.00000,0.00000,0.00000,0.00000,0.00000,14.12019,68.96477
39-1,1783318078.636362,2026-07-06T13:07:58.636362,5.08549,1.38652,7.05111,14.14000,34.93732,5.04986,1.39286,7.03377,14.16000,35.43760,0.00000,0.00000,0.00000,0.00000,0.00000,0.00000,0.00000,0.00000,0.00000,0.00000,14.08488,70.37492
39-1,1783318078.736481,2026-07-06T13:07:58.736481,5.08170,1.38261,7.02601,14.10000,35.64076,5.05092,1.36943,6.91687,13.92000,36.13011,0.00000,0.00000,0.00000,0.00000,0.00000,0.00000,0.00000,0.00000,0.00000,0.00000,13.94288,71.77087
39-1,1783318078.836600,2026-07-06T13:07:58.836600,5.08292,1.36015,6.91353,13.87000,36.33294,5.05492,1.36943,6.92234,13.92000,36.82316,0.00000,0.00000,0.00000,0.00000,0.00000,0.00000,0.00000,0.00000,0.00000,0.00000,13.83587,73.15610
39-1,1783318078.936719,2026-07-06T13:07:58.936719,5.07887,1.36113,6.91298,13.88000,37.02506,5.05061,1.37626,6.95097,13.99000,37.51909,0.00000,0.00000,0.00000,0.00000,0.00000,0.00000,0.00000,0.00000,0.00000,0.00000,13.86395,74.54414
39-1,1783318079.036837,2026-07-06T13:07:59.036837,5.08287,1.36113,6.91842,13.88000,37.71772,5.05048,1.37919,6.96558,14.02000,38.21647,0.00000,0.00000,0.00000,0.00000,0.00000,0.00000,0.00000,0.00000,0.00000,0.00000,13.88400,75.93419
39-1,1783318079.136955,2026-07-06T13:07:59.136955,5.08131,1.38969,7.06145,14.17000,38.42469,5.05367,1.39702,7.06006,14.20000,38.92331,0.00000,0.00000,0.00000,0.00000,0.00000,0.00000,0.00000,0.00000,0.00000,0.00000,14.12151,77.34800
39-1,1783318079.237074,2026-07-06T13:07:59.237074,5.08175,1.38163,7.02112,14.09000,39.12764,5.05367,1.39702,7.06006,14.20000,39.63015,0.00000,0.00000,0.00000,0.00000,0.00000,0.00000,0.00000,0.00000,0.00000,0.00000,14.08118,78.75780
39-1,1783318079.337192,2026-07-06T13:07:59.337192,5.07924,1.35429,6.87877,13.81000,39.81633,5.05354,1.39995,7.07468,14.23000,40.33846,0.00000,0.00000,0.00000,0.00000,0.00000,0.00000,0.00000,0.00000,0.00000,0.00000,13.95345,80.15478
39-1,1783318079.437311,2026-07-06T13:07:59.437311,5.08250,1.36796,6.95266,13.95000,40.51242,5.05345,1.40190,7.08443,14.25000,41.04774,0.00000,0.00000,0.00000,0.00000,0.00000,0.00000,0.00000,0.00000,0.00000,0.00000,14.03709,81.56016
39-1,1783318079.537428,2026-07-06T13:07:59.537428,5.08650,1.36796,6.95813,13.95000,41.20905,5.05772,1.39604,7.06077,14.19000,41.75464,0.00000,0.00000,0.00000,0.00000,0.00000,0.00000,0.00000,0.00000,0.00000,0.00000,14.01890,82.96369
39-1,1783318079.637546,2026-07-06T13:07:59.637546,5.08559,1.38456,7.04133,14.12000,41.91401,5.04972,1.39604,7.04960,14.19000,42.46044,0.00000,0.00000,0.00000,0.00000,0.00000,0.00000,0.00000,0.00000,0.00000,0.00000,14.09093,84.37445
39-1,1783318079.737664,2026-07-06T13:07:59.737664,5.08549,1.38652,7.05111,14.14000,42.61996,5.05448,1.37919,6.97110,14.02000,43.15837,0.00000,0.00000,0.00000,0.00000,0.00000,0.00000,0.00000,0.00000,0.00000,0.00000,14.02221,85.77833
39-1,1783318079.837783,2026-07-06T13:07:59.837783,5.08271,1.36406,6.93310,13.91000,43.31409,5.05381,1.39409,7.04544,14.17000,43.86375,0.00000,0.00000,0.00000,0.00000,0.00000,0.00000,0.00000,0.00000,0.00000,0.00000,13.97854,87.17785
39-1,1783318079.937901,2026-07-06T13:07:59.937901,5.07871,1.36406,6.92764,13.91000,44.00767,5.04958,1.39897,7.06421,14.22000,44.57101,0.00000,0.00000,0.00000,0.00000,0.00000,0.00000,0.00000,0.00000,0.00000,0.00000,13.99185,88.57868
39-1,1783318080.038018,2026-07-06T13:08:00.038018,5.08149,1.38652,7.04557,14.14000,44.71305,5.05358,1.39897,7.06981,14.22000,45.27881,0.00000,0.00000,0.00000,0.00000,0.00000,0.00000,0.00000,0.00000,0.00000,0.00000,14.11538,89.99187
39-1,1783318080.138136,2026-07-06T13:08:00.138136,5.08149,1.38652,7.04557,14.14000,45.41844,5.04936,1.40385,7.08856,14.27000,45.98851,0.00000,0.00000,0.00000,0.00000,0.00000,0.00000,0.00000,0.00000,0.00000,0.00000,14.13413,91.40695
39-1,1783318080.238255,2026-07-06T13:08:00.238255,5.07471,1.36406,6.92219,13.91000,46.11149,5.05057,1.37724,6.95584,14.00000,46.68492,0.00000,0.00000,0.00000,0.00000,0.00000,0.00000,0.00000,0.00000,0.00000,0.00000,13.87803,92.79641
39-1,1783318080.338375,2026-07-06T13:08:00.338375,5.07871,1.36406,6.92764,13.91000,46.80508,5.05372,1.39604,7.05519,14.19000,47.39129,0.00000,0.00000,0.00000,0.00000,0.00000,0.00000,0.00000,0.00000,0.00000,0.00000,13.98283,94.19637
39-1,1783318080.438494,2026-07-06T13:08:00.438494,5.08543,1.38749,7.05600,14.15000,47.51152,5.05372,1.39604,7.05519,14.19000,48.09764,0.00000,0.00000,0.00000,0.00000,0.00000,0.00000,0.00000,0.00000,0.00000,0.00000,14.11119,95.60916
40-1,1783318080.538639,2026-07-06T13:08:00.538639,5.08549,1.38652,7.05111,14.14000,0.70614,5.05319,1.40776,7.11366,14.31000,0.71240,0.00000,0.00000,0.00000,0.00000,0.00000,0.00000,0.00000,0.00000,0.00000,0.00000,14.16477,1.41854
40-1,1783318080.638768,2026-07-06T13:08:00.638768,5.07988,1.34257,6.82010,13.69000,1.38902,5.05475,1.37333,6.94185,13.96000,1.40748,0.00000,0.00000,0.00000,0.00000,0.00000,0.00000,0.00000,0.00000,0.00000,0.00000,13.76195,2.79650
40-1,1783318080.738887,2026-07-06T13:08:00.738887,5.07988,1.34257,6.82010,13.69000,2.07184,5.06152,1.13529,5.74629,11.54000,1.98279,0.00000,0.00000,0.00000,0.00000,0.00000,0.00000,0.00000,0.00000,0.00000,0.00000,12.56639,4.05463
40-1,1783318080.839005,2026-07-06T13:08:00.839005,5.09462,0.92581,4.71664,9.44000,2.54406,5.04952,1.13529,5.73267,11.54000,2.55673,0.00000,0.00000,0.00000,0.00000,0.00000,0.00000,0.00000,0.00000,0.00000,0.00000,10.44931,5.10079
40-1,1783318080.939125,2026-07-06T13:08:00.939125,5.08372,1.34550,6.84015,13.72000,3.22890,5.05101,1.36747,6.90712,13.90000,3.24828,0.00000,0.00000,0.00000,0.00000,0.00000,0.00000,0.00000,0.00000,0.00000,0.00000,13.74727,6.47718
40-1,1783318081.039244,2026-07-06T13:08:01.039244,5.08362,1.34745,6.84994,13.74000,3.91471,5.05092,1.36943,6.91687,13.92000,3.94078,0.00000,0.00000,0.00000,0.00000,0.00000,0.00000,0.00000,0.00000,0.00000,0.00000,13.76681,7.85549
40-1,1783318081.139362,2026-07-06T13:08:01.139362,5.07562,1.34745,6.83916,13.74000,4.59943,5.05483,1.37138,6.93210,13.94000,4.63481,0.00000,0.00000,0.00000,0.00000,0.00000,0.00000,0.00000,0.00000,0.00000,0.00000,13.77126,9.23425
40-1,1783318081.239479,2026-07-06T13:08:01.239479,5.08762,1.34745,6.85533,13.74000,5.28577,5.05083,1.37138,6.92661,13.94000,5.32829,0.00000,0.00000,0.00000,0.00000,0.00000,0.00000,0.00000,0.00000,0.00000,0.00000,13.78194,10.61406
40-1,1783318081.339597,2026-07-06T13:08:01.339597,5.07823,1.37284,6.97162,14.00000,5.98376,5.05523,1.36259,6.88821,13.85000,6.01792,0.00000,0.00000,0.00000,0.00000,0.00000,0.00000,0.00000,0.00000,0.00000,0.00000,13.85983,12.00168
40-1,1783318081.439714,2026-07-06T13:08:01.439714,5.07940,1.35136,6.86410,13.78000,6.67096,5.05466,1.37529,6.95160,13.98000,6.71389,0.00000,0.00000,0.00000,0.00000,0.00000,0.00000,0.00000,0.00000,0.00000,0.00000,13.81570,13.38486
40-1,1783318081.539832,2026-07-06T13:08:01.539832,5.08362,1.34745,6.84994,13.74000,7.35677,5.05097,1.36845,6.91200,13.91000,7.40591,0.00000,0.00000,0.00000,0.00000,0.00000,0.00000,0.00000,0.00000,0.00000,0.00000,13.76194,14.76268
40-1,1783318081.639950,2026-07-06T13:08:01.639950,5.07962,1.34745,6.84455,13.74000,8.04203,5.05497,1.36845,6.91747,13.91000,8.09847,0.00000,0.00000,0.00000,0.00000,0.00000,0.00000,0.00000,0.00000,0.00000,0.00000,13.76202,16.14051
40-1,1783318081.740069,2026-07-06T13:08:01.740069,5.07396,1.37773,6.99054,14.05000,8.74192,5.05017,1.38603,6.99968,14.09000,8.79927,0.00000,0.00000,0.00000,0.00000,0.00000,0.00000,0.00000,0.00000,0.00000,0.00000,13.99022,17.54119
40-1,1783318081.840188,2026-07-06T13:08:01.840188,5.07535,1.35234,6.86358,13.79000,9.42909,5.05079,1.37236,6.93148,13.95000,9.49324,0.00000,0.00000,0.00000,0.00000,0.00000,0.00000,0.00000,0.00000,0.00000,0.00000,13.79506,18.92233
40-1,1783318081.940306,2026-07-06T13:08:01.940306,5.08346,1.35038,6.86461,13.77000,10.11636,5.05772,1.39604,7.06077,14.19000,10.20016,0.00000,0.00000,0.00000,0.00000,0.00000,0.00000,0.00000,0.00000,0.00000,0.00000,13.92538,20.31652
40-1,1783318082.040425,2026-07-06T13:08:02.040425,5.08746,1.35038,6.87001,13.77000,10.80418,5.05372,1.39604,7.05519,14.19000,10.90651,0.00000,0.00000,0.00000,0.00000,0.00000,0.00000,0.00000,0.00000,0.00000,0.00000,13.92520,21.71070
40-1,1783318082.140544,2026-07-06T13:08:02.140544,5.07834,1.37089,6.96185,13.98000,11.50119,5.04683,1.37138,6.92113,13.94000,11.59945,0.00000,0.00000,0.00000,0.00000,0.00000,0.00000,0.00000,0.00000,0.00000,0.00000,13.88298,23.10065
40-1,1783318082.240662,2026-07-06T13:08:02.240662,5.07786,1.37968,7.00582,14.07000,12.20260,5.04679,1.37236,6.92599,13.95000,12.29287,0.00000,0.00000,0.00000,0.00000,0.00000,0.00000,0.00000,0.00000,0.00000,0.00000,13.93181,24.49547
40-1,1783318082.340779,2026-07-06T13:08:02.340779,5.07924,1.35429,6.87877,13.81000,12.89129,5.05341,1.40287,7.08930,14.26000,13.00263,0.00000,0.00000,0.00000,0.00000,0.00000,0.00000,0.00000,0.00000,0.00000,0.00000,13.96807,25.89391
40-1,1783318082.440898,2026-07-06T13:08:02.440898,5.08346,1.35038,6.86461,13.77000,13.57856,5.04941,1.40287,7.08369,14.26000,13.71184,0.00000,0.00000,0.00000,0.00000,0.00000,0.00000,0.00000,0.00000,0.00000,0.00000,13.94830,27.29040
40-1,1783318082.541016,2026-07-06T13:08:02.541016,5.08346,1.35038,6.86461,13.77000,14.26583,5.05461,1.37626,6.95648,13.99000,14.40830,0.00000,0.00000,0.00000,0.00000,0.00000,0.00000,0.00000,0.00000,0.00000,0.00000,13.82109,28.67414
40-1,1783318082.641133,2026-07-06T13:08:02.641133,5.08223,1.37284,6.97711,14.00000,14.96436,5.05488,1.37040,6.92722,13.93000,15.10184,0.00000,0.00000,0.00000,0.00000,0.00000,0.00000,0.00000,0.00000,0.00000,0.00000,13.90433,30.06621
40-1,1783318082.741251,2026-07-06T13:08:02.741251,5.08170,1.38261,7.02601,14.10000,15.66779,5.05754,1.39995,7.08028,14.23000,15.81070,0.00000,0.00000,0.00000,0.00000,0.00000,0.00000,0.00000,0.00000,0.00000,0.00000,14.10629,31.47849
40-1,1783318082.841369,2026-07-06T13:08:02.841369,5.08266,1.36503,6.93799,13.92000,16.36241,5.04954,1.39995,7.06908,14.23000,16.51844,0.00000,0.00000,0.00000,0.00000,0.00000,0.00000,0.00000,0.00000,0.00000,0.00000,14.00707,32.88085
40-1,1783318082.941487,2026-07-06T13:08:02.941487,5.07866,1.36503,6.93253,13.92000,17.05648,5.05057,1.37724,6.95584,14.00000,17.21485,0.00000,0.00000,0.00000,0.00000,0.00000,0.00000,0.00000,0.00000,0.00000,0.00000,13.88837,34.27133
40-1,1783318083.041606,2026-07-06T13:08:03.041606,5.07914,1.35624,6.88854,13.83000,17.74615,5.05061,1.37626,6.95097,13.99000,17.91077,0.00000,0.00000,0.00000,0.00000,0.00000,0.00000,0.00000,0.00000,0.00000,0.00000,13.83951,35.65693
40-1,1783318083.141726,2026-07-06T13:08:03.141726,5.07908,1.35722,6.89343,13.84000,18.43633,5.05070,1.37431,6.94123,13.97000,18.60573,0.00000,0.00000,0.00000,0.00000,0.00000,0.00000,0.00000,0.00000,0.00000,0.00000,13.83466,37.04206
40-1,1783318083.241845,2026-07-06T13:08:03.241845,5.08330,1.35331,6.87929,13.80000,19.12507,5.05870,1.37431,6.95222,13.97000,19.30178,0.00000,0.00000,0.00000,0.00000,0.00000,0.00000,0.00000,0.00000,0.00000,0.00000,13.83151,38.42685
40-1,1783318083.341963,2026-07-06T13:08:03.341963,5.08330,1.35331,6.87929,13.80000,19.81381,5.05345,1.40190,7.08443,14.25000,20.01106,0.00000,0.00000,0.00000,0.00000,0.00000,0.00000,0.00000,0.00000,0.00000,0.00000,13.96372,39.82487
40-1,1783318083.442080,2026-07-06T13:08:03.442080,5.08676,1.36308,6.93366,13.90000,20.50799,5.05386,1.39286,7.03935,14.16000,20.71582,0.00000,0.00000,0.00000,0.00000,0.00000,0.00000,0.00000,0.00000,0.00000,0.00000,13.97301,41.22381
40-1,1783318083.542197,2026-07-06T13:08:03.542197,5.08596,1.37773,7.00707,14.05000,21.20952,5.05457,1.37724,6.96135,14.00000,21.41276,0.00000,0.00000,0.00000,0.00000,0.00000,0.00000,0.00000,0.00000,0.00000,0.00000,13.96842,42.62228
40-1,1783318083.642315,2026-07-06T13:08:03.642315,5.08191,1.37870,7.00645,14.06000,21.91099,5.05057,1.37724,6.95584,14.00000,22.10917,0.00000,0.00000,0.00000,0.00000,0.00000,0.00000,0.00000,0.00000,0.00000,0.00000,13.96229,44.02016
40-1,1783318083.742435,2026-07-06T13:08:03.742435,5.08575,1.38163,7.02665,14.09000,22.61449,5.05061,1.37626,6.95097,13.99000,22.80510,0.00000,0.00000,0.00000,0.00000,0.00000,0.00000,0.00000,0.00000,0.00000,0.00000,13.97762,45.41959
40-1,1783318083.842555,2026-07-06T13:08:03.842555,5.08175,1.38163,7.02112,14.09000,23.31745,5.05088,1.37040,6.92174,13.93000,23.49811,0.00000,0.00000,0.00000,0.00000,0.00000,0.00000,0.00000,0.00000,0.00000,0.00000,13.94286,46.81556
40-1,1783318083.942673,2026-07-06T13:08:03.942673,5.08175,1.38163,7.02112,14.09000,24.02039,5.04976,1.39506,7.04473,14.18000,24.20341,0.00000,0.00000,0.00000,0.00000,0.00000,0.00000,0.00000,0.00000,0.00000,0.00000,14.06585,48.22381
40-1,1783318084.042792,2026-07-06T13:08:04.042792,5.08175,1.38163,7.02112,14.09000,24.72334,5.05776,1.39506,7.05589,14.18000,24.90984,0.00000,0.00000,0.00000,0.00000,0.00000,0.00000,0.00000,0.00000,0.00000,0.00000,14.07701,49.63317
40-1,1783318084.142910,2026-07-06T13:08:04.142910,5.08159,1.38456,7.03579,14.12000,25.42775,5.04958,1.39897,7.06421,14.22000,25.61710,0.00000,0.00000,0.00000,0.00000,0.00000,0.00000,0.00000,0.00000,0.00000,0.00000,14.10000,51.04485
40-1,1783318084.243027,2026-07-06T13:08:04.243027,5.08959,1.38456,7.04686,14.12000,26.13326,5.04932,1.40483,7.09343,14.28000,26.32727,0.00000,0.00000,0.00000,0.00000,0.00000,0.00000,0.00000,0.00000,0.00000,0.00000,14.14029,52.46053
40-1,1783318084.343145,2026-07-06T13:08:04.343145,5.08965,1.38359,7.04197,14.11000,26.83829,5.05723,1.40678,7.11442,14.30000,27.03955,0.00000,0.00000,0.00000,0.00000,0.00000,0.00000,0.00000,0.00000,0.00000,0.00000,14.15639,53.87784
40-1,1783318084.443263,2026-07-06T13:08:04.443263,5.08986,1.37968,7.02238,14.07000,27.54135,5.04523,1.40678,7.09754,14.30000,27.75014,0.00000,0.00000,0.00000,0.00000,0.00000,0.00000,0.00000,0.00000,0.00000,0.00000,14.11992,55.29149
40-1,1783318084.543381,2026-07-06T13:08:04.543381,5.07775,1.38163,7.01559,14.09000,28.24374,5.05314,1.40873,7.11854,14.32000,28.46283,0.00000,0.00000,0.00000,0.00000,0.00000,0.00000,0.00000,0.00000,0.00000,0.00000,14.13413,56.70657
40-1,1783318084.643501,2026-07-06T13:08:04.643501,5.08975,1.38163,7.03217,14.09000,28.94780,5.05350,1.40092,7.07955,14.24000,29.17164,0.00000,0.00000,0.00000,0.00000,0.00000,0.00000,0.00000,0.00000,0.00000,0.00000,14.11172,58.11944
40-1,1783318084.743619,2026-07-06T13:08:04.743619,5.06965,1.38359,7.01430,14.11000,29.65006,5.04972,1.39604,7.04960,14.19000,29.87743,0.00000,0.00000,0.00000,0.00000,0.00000,0.00000,0.00000,0.00000,0.00000,0.00000,14.06390,59.52749
40-1,1783318084.843737,2026-07-06T13:08:04.843737,5.06970,1.38261,7.00942,14.10000,30.35183,5.05772,1.39604,7.06077,14.19000,30.58434,0.00000,0.00000,0.00000,0.00000,0.00000,0.00000,0.00000,0.00000,0.00000,0.00000,14.07019,60.93617
40-1,1783318084.943856,2026-07-06T13:08:04.943856,5.09044,1.36894,6.96850,13.96000,31.04951,5.06191,1.39189,7.04561,14.15000,31.28974,0.00000,0.00000,0.00000,0.00000,0.00000,0.00000,0.00000,0.00000,0.00000,0.00000,14.01411,62.33925
40-1,1783318085.043974,2026-07-06T13:08:05.043974,5.08330,1.35331,6.87929,13.80000,31.73825,5.05372,1.39604,7.05519,14.19000,31.99609,0.00000,0.00000,0.00000,0.00000,0.00000,0.00000,0.00000,0.00000,0.00000,0.00000,13.93448,63.73434
40-1,1783318085.144091,2026-07-06T13:08:05.144091,5.07130,1.35331,6.86305,13.80000,32.42536,5.05341,1.40287,7.08930,14.26000,32.70585,0.00000,0.00000,0.00000,0.00000,0.00000,0.00000,0.00000,0.00000,0.00000,0.00000,13.95235,65.13121
40-1,1783318085.244209,2026-07-06T13:08:05.244209,5.08287,1.36113,6.91842,13.88000,33.11802,5.05314,1.40873,7.11854,14.32000,33.41855,0.00000,0.00000,0.00000,0.00000,0.00000,0.00000,0.00000,0.00000,0.00000,0.00000,14.03696,66.53656
40-1,1783318085.344328,2026-07-06T13:08:05.344328,5.08271,1.36406,6.93310,13.91000,33.81215,5.05714,1.40873,7.12417,14.32000,34.13181,0.00000,0.00000,0.00000,0.00000,0.00000,0.00000,0.00000,0.00000,0.00000,0.00000,14.05727,67.94397
40-1,1783318085.444447,2026-07-06T13:08:05.444447,5.08131,1.38969,7.06145,14.17000,34.51914,5.04919,1.40776,7.10803,14.31000,34.84346,0.00000,0.00000,0.00000,0.00000,0.00000,0.00000,0.00000,0.00000,0.00000,0.00000,14.16948,69.36259
40-1,1783318085.544566,2026-07-06T13:08:05.544566,5.08531,1.38969,7.06701,14.17000,35.22668,5.04919,1.40776,7.10803,14.31000,35.55511,0.00000,0.00000,0.00000,0.00000,0.00000,0.00000,0.00000,0.00000,0.00000,0.00000,14.17504,70.78178
40-1,1783318085.644683,2026-07-06T13:08:05.644683,5.08149,1.38652,7.04557,14.14000,35.93206,5.04936,1.40385,7.08856,14.27000,36.26480,0.00000,0.00000,0.00000,0.00000,0.00000,0.00000,0.00000,0.00000,0.00000,0.00000,14.13413,72.19686
40-1,1783318085.744801,2026-07-06T13:08:05.744801,5.08149,1.38652,7.04557,14.14000,36.63745,5.05336,1.40385,7.09417,14.27000,36.97505,0.00000,0.00000,0.00000,0.00000,0.00000,0.00000,0.00000,0.00000,0.00000,0.00000,14.13974,73.61250
40-1,1783318085.844918,2026-07-06T13:08:05.844918,5.08239,1.36991,6.96244,13.97000,37.33451,5.05358,1.39897,7.06981,14.22000,37.68286,0.00000,0.00000,0.00000,0.00000,0.00000,0.00000,0.00000,0.00000,0.00000,0.00000,14.03225,75.01737
40-1,1783318085.945038,2026-07-06T13:08:05.945038,5.07839,1.36991,6.95696,13.97000,38.03103,5.05358,1.39897,7.06981,14.22000,38.39068,0.00000,0.00000,0.00000,0.00000,0.00000,0.00000,0.00000,0.00000,0.00000,0.00000,14.02677,76.42172
40-1,1783318086.045158,2026-07-06T13:08:06.045158,5.07898,1.35917,6.90321,13.86000,38.72218,5.05066,1.37529,6.94610,13.98000,39.08613,0.00000,0.00000,0.00000,0.00000,0.00000,0.00000,0.00000,0.00000,0.00000,0.00000,13.84931,77.80831
40-1,1783318086.145276,2026-07-06T13:08:06.145276,5.07721,1.39164,7.06566,14.19000,39.42958,5.05066,1.37529,6.94610,13.98000,39.78156,0.00000,0.00000,0.00000,0.00000,0.00000,0.00000,0.00000,0.00000,0.00000,0.00000,14.01176,79.21114
40-1,1783318086.245392,2026-07-06T13:08:06.245392,5.08959,1.38456,7.04686,14.12000,40.13509,5.04635,1.38212,6.97467,14.05000,40.47983,0.00000,0.00000,0.00000,0.00000,0.00000,0.00000,0.00000,0.00000,0.00000,0.00000,14.02153,80.61492
40-1,1783318086.345510,2026-07-06T13:08:06.345510,5.08559,1.38456,7.04133,14.12000,40.84005,5.04621,1.38505,6.98927,14.08000,41.17959,0.00000,0.00000,0.00000,0.00000,0.00000,0.00000,0.00000,0.00000,0.00000,0.00000,14.03060,82.01964
41-1,1783318086.445652,2026-07-06T13:08:06.445652,5.08949,1.38652,7.05666,14.14000,0.70666,5.05338,1.31523,6.64633,13.37000,0.66557,0.00000,0.00000,0.00000,0.00000,0.00000,0.00000,0.00000,0.00000,0.00000,0.00000,13.70299,1.37224
41-1,1783318086.545772,2026-07-06T13:08:06.545772,5.07935,1.35234,6.86899,13.79000,1.39439,5.05338,1.31523,6.64633,13.37000,1.33101,0.00000,0.00000,0.00000,0.00000,0.00000,0.00000,0.00000,0.00000,0.00000,0.00000,13.51532,2.72540
41-1,1783318086.645892,2026-07-06T13:08:06.645892,5.07930,1.35331,6.87388,13.80000,2.08260,5.05039,1.38115,6.97533,14.04000,2.02937,0.00000,0.00000,0.00000,0.00000,0.00000,0.00000,0.00000,0.00000,0.00000,0.00000,13.84921,4.11197
41-1,1783318086.746012,2026-07-06T13:08:06.746012,5.11928,0.84036,4.30202,8.57000,2.51332,5.05948,1.18046,5.97249,12.00000,2.62734,0.00000,0.00000,0.00000,0.00000,0.00000,0.00000,0.00000,0.00000,0.00000,0.00000,10.27451,5.14066
41-1,1783318086.846131,2026-07-06T13:08:06.846131,5.08728,0.84036,4.27513,8.57000,2.94134,5.03795,1.39091,7.00734,14.14000,3.32891,0.00000,0.00000,0.00000,0.00000,0.00000,0.00000,0.00000,0.00000,0.00000,0.00000,11.28247,6.27025
41-1,1783318086.946249,2026-07-06T13:08:06.946249,5.08260,1.36601,6.94288,13.93000,3.63645,5.04995,1.39091,7.02403,14.14000,4.03214,0.00000,0.00000,0.00000,0.00000,0.00000,0.00000,0.00000,0.00000,0.00000,0.00000,13.96691,7.66860
41-1,1783318087.046367,2026-07-06T13:08:07.046367,5.08351,1.34941,6.85972,13.76000,4.32323,5.05488,1.37040,6.92722,13.93000,4.72568,0.00000,0.00000,0.00000,0.00000,0.00000,0.00000,0.00000,0.00000,0.00000,0.00000,13.78694,9.04891
41-1,1783318087.146484,2026-07-06T13:08:07.146484,5.08250,1.36796,6.95266,13.95000,5.01931,5.05381,1.39409,7.04544,14.17000,5.43105,0.00000,0.00000,0.00000,0.00000,0.00000,0.00000,0.00000,0.00000,0.00000,0.00000,13.99810,10.45035
41-1,1783318087.246603,2026-07-06T13:08:07.246603,5.08250,1.36796,6.95266,13.95000,5.71540,5.05497,1.36845,6.91747,13.91000,6.12362,0.00000,0.00000,0.00000,0.00000,0.00000,0.00000,0.00000,0.00000,0.00000,0.00000,13.87013,11.83902
41-1,1783318087.346723,2026-07-06T13:08:07.346723,5.07508,1.35722,6.88800,13.84000,6.40503,5.05097,1.36845,6.91200,13.91000,6.81565,0.00000,0.00000,0.00000,0.00000,0.00000,0.00000,0.00000,0.00000,0.00000,0.00000,13.80000,13.22068
41-1,1783318087.446843,2026-07-06T13:08:07.446843,5.07551,1.34941,6.84893,13.76000,7.09074,5.05492,1.36943,6.92234,13.92000,7.50871,0.00000,0.00000,0.00000,0.00000,0.00000,0.00000,0.00000,0.00000,0.00000,0.00000,13.77127,14.59945
41-1,1783318087.546961,2026-07-06T13:08:07.546961,5.08287,1.36113,6.91842,13.88000,7.78340,5.05488,1.37040,6.92722,13.93000,8.20225,0.00000,0.00000,0.00000,0.00000,0.00000,0.00000,0.00000,0.00000,0.00000,0.00000,13.84564,15.98566
41-1,1783318087.647078,2026-07-06T13:08:07.647078,5.08287,1.36113,6.91842,13.88000,8.47606,5.05075,1.37333,6.93636,13.96000,8.89670,0.00000,0.00000,0.00000,0.00000,0.00000,0.00000,0.00000,0.00000,0.00000,0.00000,13.85478,17.37276
41-1,1783318087.747195,2026-07-06T13:08:07.747195,5.08186,1.37968,7.01134,14.07000,9.17801,5.05475,1.37333,6.94185,13.96000,9.59170,0.00000,0.00000,0.00000,0.00000,0.00000,0.00000,0.00000,0.00000,0.00000,0.00000,13.95319,18.76971
41-1,1783318087.847314,2026-07-06T13:08:07.847314,5.07551,1.34941,6.84893,13.76000,9.86372,5.05372,1.39604,7.05519,14.19000,10.29805,0.00000,0.00000,0.00000,0.00000,0.00000,0.00000,0.00000,0.00000,0.00000,0.00000,13.90412,20.16177
42-1,1783318087.947457,2026-07-06T13:08:07.947457,5.07546,1.35038,6.85381,13.77000,0.68636,5.05466,1.37529,6.95160,13.98000,0.69616,0.00000,0.00000,0.00000,0.00000,0.00000,0.00000,0.00000,0.00000,0.00000,0.00000,13.80541,1.38252
42-1,1783318088.047575,2026-07-06T13:08:08.047575,5.07935,1.35234,6.86899,13.79000,1.37407,5.04639,1.38115,6.96980,14.04000,1.39396,0.00000,0.00000,0.00000,0.00000,0.00000,0.00000,0.00000,0.00000,0.00000,0.00000,13.83879,2.76803
42-1,1783318088.147694,2026-07-06T13:08:08.147694,5.08335,1.35234,6.87440,13.79000,2.06233,5.05039,1.38115,6.97533,14.04000,2.09232,0.00000,0.00000,0.00000,0.00000,0.00000,0.00000,0.00000,0.00000,0.00000,0.00000,13.84973,4.15465
42-1,1783318088.247814,2026-07-06T13:08:08.247814,5.09492,1.43364,7.30426,14.62000,2.79363,5.06732,1.44902,7.34264,14.73000,2.82747,0.00000,0.00000,0.00000,0.00000,0.00000,0.00000,0.00000,0.00000,0.00000,0.00000,14.64690,5.62110
42-1,1783318088.347931,2026-07-06T13:08:08.347931,5.11850,1.00125,5.12491,10.21000,3.30672,5.08385,1.08402,5.51098,11.02000,3.37921,0.00000,0.00000,0.00000,0.00000,0.00000,0.00000,0.00000,0.00000,0.00000,0.00000,10.63589,6.68593
42-1,1783318088.448051,2026-07-06T13:08:08.448051,5.08362,1.34745,6.84994,13.74000,3.99254,5.05101,1.36747,6.90712,13.90000,4.07075,0.00000,0.00000,0.00000,0.00000,0.00000,0.00000,0.00000,0.00000,0.00000,0.00000,13.75706,8.06328
42-1,1783318088.548167,2026-07-06T13:08:08.548167,5.08762,1.34745,6.85533,13.74000,4.67887,5.04701,1.36747,6.90165,13.90000,4.76171,0.00000,0.00000,0.00000,0.00000,0.00000,0.00000,0.00000,0.00000,0.00000,0.00000,13.75698,9.44058
42-1,1783318088.648284,2026-07-06T13:08:08.648284,5.08634,1.37089,6.97282,13.98000,5.37696,5.05399,1.38993,7.02472,14.13000,5.46501,0.00000,0.00000,0.00000,0.00000,0.00000,0.00000,0.00000,0.00000,0.00000,0.00000,13.99754,10.84197
42-1,1783318088.748402,2026-07-06T13:08:08.748402,5.08746,1.35038,6.87001,13.77000,6.06477,5.05479,1.37236,6.93697,13.95000,6.15952,0.00000,0.00000,0.00000,0.00000,0.00000,0.00000,0.00000,0.00000,0.00000,0.00000,13.80698,12.22430
42-1,1783318088.848520,2026-07-06T13:08:08.848520,5.07962,1.34745,6.84455,13.74000,6.75004,5.04567,1.39702,7.04888,14.20000,6.86524,0.00000,0.00000,0.00000,0.00000,0.00000,0.00000,0.00000,0.00000,0.00000,0.00000,13.89343,13.61528
42-1,1783318088.948638,2026-07-06T13:08:08.948638,5.09162,1.34745,6.86072,13.74000,7.43692,5.05367,1.39702,7.06006,14.20000,7.57209,0.00000,0.00000,0.00000,0.00000,0.00000,0.00000,0.00000,0.00000,0.00000,0.00000,13.92078,15.00901
43-1,1783318089.048787,2026-07-06T13:08:09.048787,5.08234,1.37089,6.96733,13.98000,0.69777,5.05079,1.37236,6.93148,13.95000,0.69418,0.00000,0.00000,0.00000,0.00000,0.00000,0.00000,0.00000,0.00000,0.00000,0.00000,13.89881,1.39194
43-1,1783318089.148906,2026-07-06T13:08:09.148906,5.08356,1.34843,6.85483,13.75000,1.38407,5.05021,1.38505,6.99481,14.08000,1.39449,0.00000,0.00000,0.00000,0.00000,0.00000,0.00000,0.00000,0.00000,0.00000,0.00000,13.84964,2.77856
43-1,1783318089.249025,2026-07-06T13:08:09.249025,5.07656,1.47685,7.49732,15.06000,2.13469,5.05448,1.37919,6.97110,14.02000,2.09243,0.00000,0.00000,0.00000,0.00000,0.00000,0.00000,0.00000,0.00000,0.00000,0.00000,14.46842,4.22712
43-1,1783318089.349144,2026-07-06T13:08:09.349144,5.07839,1.36991,6.95696,13.97000,2.83121,5.03448,1.37919,6.94352,14.02000,2.78761,0.00000,0.00000,0.00000,0.00000,0.00000,0.00000,0.00000,0.00000,0.00000,0.00000,13.90048,5.61882
43-1,1783318089.449263,2026-07-06T13:08:09.449263,5.08239,1.36991,6.96244,13.97000,3.52828,5.05532,1.36064,6.87846,13.83000,3.47627,0.00000,0.00000,0.00000,0.00000,0.00000,0.00000,0.00000,0.00000,0.00000,0.00000,13.84090,7.00456
43-1,1783318089.549382,2026-07-06T13:08:09.549382,5.07567,1.34648,6.83427,13.73000,4.21253,5.05497,1.36845,6.91747,13.91000,4.16885,0.00000,0.00000,0.00000,0.00000,0.00000,0.00000,0.00000,0.00000,0.00000,0.00000,13.75174,8.38137
43-1,1783318089.649501,2026-07-06T13:08:09.649501,5.07588,1.34257,6.81473,13.69000,4.89481,5.04310,1.36552,6.88645,13.88000,4.85831,0.00000,0.00000,0.00000,0.00000,0.00000,0.00000,0.00000,0.00000,0.00000,0.00000,13.70118,9.75312
43-1,1783318089.749620,2026-07-06T13:08:09.749620,5.08196,1.37773,7.00156,14.05000,5.59580,5.05110,1.36552,6.89738,13.88000,5.54887,0.00000,0.00000,0.00000,0.00000,0.00000,0.00000,0.00000,0.00000,0.00000,0.00000,13.89894,11.14467
43-1,1783318089.849743,2026-07-06T13:08:09.849743,5.07796,1.37773,6.99605,14.05000,6.29627,5.05479,1.37236,6.93697,13.95000,6.24342,0.00000,0.00000,0.00000,0.00000,0.00000,0.00000,0.00000,0.00000,0.00000,0.00000,13.93302,12.53968
43-1,1783318089.949863,2026-07-06T13:08:09.949863,5.08730,1.35331,6.88470,13.80000,6.98556,5.05488,1.37040,6.92722,13.93000,6.93697,0.00000,0.00000,0.00000,0.00000,0.00000,0.00000,0.00000,0.00000,0.00000,0.00000,13.81192,13.92253
43-1,1783318090.049981,2026-07-06T13:08:10.049981,5.08762,1.34745,6.85533,13.74000,7.67191,5.05804,1.38896,7.02540,14.12000,7.64034,0.00000,0.00000,0.00000,0.00000,0.00000,0.00000,0.00000,0.00000,0.00000,0.00000,13.88073,15.31225
43-1,1783318090.150099,2026-07-06T13:08:10.150099,5.07381,1.38066,7.00519,14.08000,8.37325,5.05004,1.38896,7.01429,14.12000,8.34260,0.00000,0.00000,0.00000,0.00000,0.00000,0.00000,0.00000,0.00000,0.00000,0.00000,14.01948,16.71585
43-1,1783318090.250218,2026-07-06T13:08:10.250218,5.08181,1.38066,7.01623,14.08000,9.07571,5.05483,1.37138,6.93210,13.94000,9.03663,0.00000,0.00000,0.00000,0.00000,0.00000,0.00000,0.00000,0.00000,0.00000,0.00000,13.94833,18.11234
43-1,1783318090.350337,2026-07-06T13:08:10.350337,5.07535,1.35234,6.86358,13.79000,9.76288,5.05367,1.39702,7.06006,14.20000,9.74348,0.00000,0.00000,0.00000,0.00000,0.00000,0.00000,0.00000,0.00000,0.00000,0.00000,13.92364,19.50636
43-1,1783318090.450456,2026-07-06T13:08:10.450456,5.07578,1.34452,6.82450,13.71000,10.44614,5.05861,1.37626,6.96198,13.99000,10.44050,0.00000,0.00000,0.00000,0.00000,0.00000,0.00000,0.00000,0.00000,0.00000,0.00000,13.78648,20.88664
43-1,1783318090.550573,2026-07-06T13:08:10.550573,5.08581,1.38066,7.02175,14.08000,11.14914,5.04661,1.37626,6.94547,13.99000,11.13586,0.00000,0.00000,0.00000,0.00000,0.00000,0.00000,0.00000,0.00000,0.00000,0.00000,13.96722,22.28500
43-1,1783318090.650690,2026-07-06T13:08:10.650690,5.08351,1.34941,6.85972,13.76000,11.83591,5.05497,1.36845,6.91747,13.91000,11.82842,0.00000,0.00000,0.00000,0.00000,0.00000,0.00000,0.00000,0.00000,0.00000,0.00000,13.77719,23.66433
43-1,1783318090.750808,2026-07-06T13:08:10.750808,5.08351,1.34941,6.85972,13.76000,12.52270,5.05336,1.40385,7.09417,14.27000,12.53868,0.00000,0.00000,0.00000,0.00000,0.00000,0.00000,0.00000,0.00000,0.00000,0.00000,13.95389,25.06137
43-1,1783318090.850927,2026-07-06T13:08:10.850927,5.08714,1.35624,6.89939,13.83000,13.21346,5.05475,1.37333,6.94185,13.96000,13.23369,0.00000,0.00000,0.00000,0.00000,0.00000,0.00000,0.00000,0.00000,0.00000,0.00000,13.84124,26.44714
43-1,1783318090.951047,2026-07-06T13:08:10.951047,5.08756,1.34843,6.86022,13.75000,13.90030,5.05075,1.37333,6.93636,13.96000,13.92815,0.00000,0.00000,0.00000,0.00000,0.00000,0.00000,0.00000,0.00000,0.00000,0.00000,13.79658,27.82846
43-1,1783318091.051165,2026-07-06T13:08:11.051165,5.08612,1.37480,6.99239,14.02000,14.60037,5.05475,1.37333,6.94185,13.96000,14.62316,0.00000,0.00000,0.00000,0.00000,0.00000,0.00000,0.00000,0.00000,0.00000,0.00000,13.93424,29.22352
43-1,1783318091.151283,2026-07-06T13:08:11.151283,5.08212,1.37480,6.98689,14.02000,15.29988,5.05332,1.40483,7.09904,14.28000,15.33390,0.00000,0.00000,0.00000,0.00000,0.00000,0.00000,0.00000,0.00000,0.00000,0.00000,14.08593,30.63377
43-1,1783318091.251400,2026-07-06T13:08:11.251400,5.08186,1.37968,7.01134,14.07000,16.00183,5.05057,1.37724,6.95584,14.00000,16.03029,0.00000,0.00000,0.00000,0.00000,0.00000,0.00000,0.00000,0.00000,0.00000,0.00000,13.96718,32.03212
43-1,1783318091.351517,2026-07-06T13:08:11.351517,5.08303,1.35820,6.90375,13.85000,16.69302,5.04657,1.37724,6.95033,14.00000,16.72614,0.00000,0.00000,0.00000,0.00000,0.00000,0.00000,0.00000,0.00000,0.00000,0.00000,13.85408,33.41916
43-1,1783318091.451632,2026-07-06T13:08:11.451632,5.08314,1.35624,6.89397,13.83000,17.38321,5.05470,1.37431,6.94672,13.97000,17.42161,0.00000,0.00000,0.00000,0.00000,0.00000,0.00000,0.00000,0.00000,0.00000,0.00000,13.84069,34.80482
43-1,1783318091.551750,2026-07-06T13:08:11.551750,5.08314,1.35624,6.89397,13.83000,18.07342,5.05358,1.39897,7.06981,14.22000,18.12943,0.00000,0.00000,0.00000,0.00000,0.00000,0.00000,0.00000,0.00000,0.00000,0.00000,13.96378,36.20285
43-1,1783318091.651868,2026-07-06T13:08:11.651868,5.08330,1.35331,6.87929,13.80000,18.76216,5.04958,1.39897,7.06421,14.22000,18.83668,0.00000,0.00000,0.00000,0.00000,0.00000,0.00000,0.00000,0.00000,0.00000,0.00000,13.94350,37.59884
43-1,1783318091.751986,2026-07-06T13:08:11.751986,5.08228,1.37187,6.97222,13.99000,19.46020,5.05358,1.39897,7.06981,14.22000,19.54450,0.00000,0.00000,0.00000,0.00000,0.00000,0.00000,0.00000,0.00000,0.00000,0.00000,14.04203,39.00471
43-1,1783318091.852105,2026-07-06T13:08:11.852105,5.08586,1.37968,7.01686,14.07000,20.16272,5.05057,1.37724,6.95584,14.00000,20.24091,0.00000,0.00000,0.00000,0.00000,0.00000,0.00000,0.00000,0.00000,0.00000,0.00000,13.97270,40.40363
43-1,1783318091.952223,2026-07-06T13:08:11.952223,5.08586,1.37968,7.01686,14.07000,20.86524,5.05083,1.37138,6.92661,13.94000,20.93439,0.00000,0.00000,0.00000,0.00000,0.00000,0.00000,0.00000,0.00000,0.00000,0.00000,13.94347,41.79963
43-1,1783318092.052343,2026-07-06T13:08:12.052343,5.08586,1.37968,7.01686,14.07000,21.56777,5.05470,1.37431,6.94672,13.97000,21.62989,0.00000,0.00000,0.00000,0.00000,0.00000,0.00000,0.00000,0.00000,0.00000,0.00000,13.96358,43.19766
43-1,1783318092.152463,2026-07-06T13:08:12.152463,5.08170,1.38261,7.02601,14.10000,22.27121,5.05470,1.37431,6.94672,13.97000,22.32540,0.00000,0.00000,0.00000,0.00000,0.00000,0.00000,0.00000,0.00000,0.00000,0.00000,13.97273,44.59662
43-1,1783318092.252582,2026-07-06T13:08:12.252582,5.08143,1.38749,7.05045,14.15000,22.97709,5.04950,1.40092,7.07395,14.24000,23.03364,0.00000,0.00000,0.00000,0.00000,0.00000,0.00000,0.00000,0.00000,0.00000,0.00000,14.12440,46.01073
43-1,1783318092.352700,2026-07-06T13:08:12.352700,5.08549,1.38652,7.05111,14.14000,23.68304,5.04941,1.40287,7.08369,14.26000,23.74284,0.00000,0.00000,0.00000,0.00000,0.00000,0.00000,0.00000,0.00000,0.00000,0.00000,14.13480,47.42588
43-1,1783318092.452816,2026-07-06T13:08:12.452816,5.08549,1.38652,7.05111,14.14000,24.38897,5.05350,1.40092,7.07955,14.24000,24.45162,0.00000,0.00000,0.00000,0.00000,0.00000,0.00000,0.00000,0.00000,0.00000,0.00000,14.13066,48.84059
43-1,1783318092.552935,2026-07-06T13:08:12.552935,5.08937,1.38871,7.06767,14.16000,25.09657,5.05350,1.40092,7.07955,14.24000,25.16041,0.00000,0.00000,0.00000,0.00000,0.00000,0.00000,0.00000,0.00000,0.00000,0.00000,14.14722,50.25699
43-1,1783318092.653052,2026-07-06T13:08:12.653052,5.08959,1.38456,7.04686,14.12000,25.80208,5.05044,1.38017,6.97046,14.03000,25.85827,0.00000,0.00000,0.00000,0.00000,0.00000,0.00000,0.00000,0.00000,0.00000,0.00000,14.01732,51.66036
43-1,1783318092.753170,2026-07-06T13:08:12.753170,5.08537,1.38871,7.06212,14.16000,26.50913,5.05466,1.37529,6.95160,13.98000,26.55426,0.00000,0.00000,0.00000,0.00000,0.00000,0.00000,0.00000,0.00000,0.00000,0.00000,14.01372,53.06339
43-1,1783318092.853288,2026-07-06T13:08:12.853288,5.08537,1.38871,7.06212,14.16000,27.21618,5.05448,1.37919,6.97110,14.02000,27.25219,0.00000,0.00000,0.00000,0.00000,0.00000,0.00000,0.00000,0.00000,0.00000,0.00000,14.03322,54.46837
43-1,1783318092.953405,2026-07-06T13:08:12.953405,5.08565,1.38359,7.03643,14.11000,27.92064,5.04226,1.38408,6.97887,14.07000,27.95090,0.00000,0.00000,0.00000,0.00000,0.00000,0.00000,0.00000,0.00000,0.00000,0.00000,14.01530,55.87154
43-1,1783318093.053523,2026-07-06T13:08:13.053523,5.08549,1.38652,7.05111,14.14000,28.62658,5.05826,1.38408,7.00101,14.07000,28.65182,0.00000,0.00000,0.00000,0.00000,0.00000,0.00000,0.00000,0.00000,0.00000,0.00000,14.05212,57.27840
43-1,1783318093.153640,2026-07-06T13:08:13.153640,5.08554,1.38554,7.04622,14.13000,29.33203,5.04244,1.38017,6.95941,14.03000,29.34857,0.00000,0.00000,0.00000,0.00000,0.00000,0.00000,0.00000,0.00000,0.00000,0.00000,14.00563,58.68060
43-1,1783318093.253758,2026-07-06T13:08:13.253758,5.08954,1.38554,7.05176,14.13000,30.03804,5.04275,1.37333,6.92537,13.96000,30.04193,0.00000,0.00000,0.00000,0.00000,0.00000,0.00000,0.00000,0.00000,0.00000,0.00000,13.97713,60.07997
43-1,1783318093.353876,2026-07-06T13:08:13.353876,5.08991,1.37870,7.01748,14.06000,30.74061,5.04639,1.38115,6.96980,14.04000,30.73973,0.00000,0.00000,0.00000,0.00000,0.00000,0.00000,0.00000,0.00000,0.00000,0.00000,13.98728,61.48035
43-1,1783318093.453995,2026-07-06T13:08:13.453995,5.08981,1.38066,7.02728,14.08000,31.44418,5.05039,1.38115,6.97533,14.04000,31.43810,0.00000,0.00000,0.00000,0.00000,0.00000,0.00000,0.00000,0.00000,0.00000,0.00000,14.00261,62.88227
43-1,1783318093.554112,2026-07-06T13:08:13.554112,5.09082,1.36210,6.93421,13.89000,32.13841,5.05452,1.37822,6.96623,14.01000,32.13553,0.00000,0.00000,0.00000,0.00000,0.00000,0.00000,0.00000,0.00000,0.00000,0.00000,13.90044,64.27394
43-1,1783318093.654230,2026-07-06T13:08:13.654230,5.08319,1.35527,6.88907,13.82000,32.82813,5.05461,1.37626,6.95648,13.99000,32.83200,0.00000,0.00000,0.00000,0.00000,0.00000,0.00000,0.00000,0.00000,0.00000,0.00000,13.84555,65.66014
43-1,1783318093.754348,2026-07-06T13:08:13.754348,5.08319,1.35527,6.88907,13.82000,33.51785,5.05035,1.38212,6.98020,14.05000,33.53085,0.00000,0.00000,0.00000,0.00000,0.00000,0.00000,0.00000,0.00000,0.00000,0.00000,13.86927,67.04870
43-1,1783318093.854466,2026-07-06T13:08:13.854466,5.08282,1.36210,6.92332,13.89000,34.21100,5.05835,1.38212,6.99125,14.05000,34.23080,0.00000,0.00000,0.00000,0.00000,0.00000,0.00000,0.00000,0.00000,0.00000,0.00000,13.91457,68.44180
43-1,1783318093.954586,2026-07-06T13:08:13.954586,5.08149,1.38652,7.04557,14.14000,34.91640,5.05439,1.38115,6.98085,14.04000,34.92972,0.00000,0.00000,0.00000,0.00000,0.00000,0.00000,0.00000,0.00000,0.00000,0.00000,14.02642,69.84612
43-1,1783318094.054705,2026-07-06T13:08:14.054705,5.08149,1.38652,7.04557,14.14000,35.62180,5.05391,1.39189,7.03447,14.15000,35.63400,0.00000,0.00000,0.00000,0.00000,0.00000,0.00000,0.00000,0.00000,0.00000,0.00000,14.08004,71.25580
43-1,1783318094.154823,2026-07-06T13:08:14.154823,5.08149,1.38652,7.04557,14.14000,36.32718,5.05310,1.40971,7.12341,14.33000,36.34718,0.00000,0.00000,0.00000,0.00000,0.00000,0.00000,0.00000,0.00000,0.00000,0.00000,14.16898,72.67437
43-1,1783318094.254939,2026-07-06T13:08:14.254939,5.08165,1.38359,7.03090,14.11000,37.03109,5.05310,1.40971,7.12341,14.33000,37.06035,0.00000,0.00000,0.00000,0.00000,0.00000,0.00000,0.00000,0.00000,0.00000,0.00000,14.15431,74.09145
44-1,1783318094.355093,2026-07-06T13:08:14.355093,5.08271,1.36406,6.93310,13.91000,0.69438,5.06145,1.40190,7.09564,14.25000,0.71065,0.00000,0.00000,0.00000,0.00000,0.00000,0.00000,0.00000,0.00000,0.00000,0.00000,14.02874,1.40503
44-1,1783318094.455212,2026-07-06T13:08:14.455212,5.08372,1.34550,6.84015,13.72000,1.37921,5.06399,1.34574,6.81484,13.68000,1.39295,0.00000,0.00000,0.00000,0.00000,0.00000,0.00000,0.00000,0.00000,0.00000,0.00000,13.65499,2.77216
44-1,1783318094.555332,2026-07-06T13:08:14.555332,5.07972,1.34550,6.83477,13.72000,2.06350,5.05035,1.38212,6.98020,14.05000,2.09181,0.00000,0.00000,0.00000,0.00000,0.00000,0.00000,0.00000,0.00000,0.00000,0.00000,13.81497,4.15531
44-1,1783318094.655451,2026-07-06T13:08:14.655451,5.08767,1.34648,6.85043,13.73000,2.74936,5.04635,1.38212,6.97467,14.05000,2.79010,0.00000,0.00000,0.00000,0.00000,0.00000,0.00000,0.00000,0.00000,0.00000,0.00000,13.82510,5.53946
44-1,1783318094.755495,2026-07-06T13:08:14.755495,5.08749,0.83645,4.25544,8.53000,3.17509,5.05688,0.97293,4.91999,9.89000,3.28232,0.00000,0.00000,0.00000,0.00000,0.00000,0.00000,0.00000,0.00000,0.00000,0.00000,9.17543,6.45740
44-1,1783318094.855613,2026-07-06T13:08:14.855613,5.05389,1.45244,7.34046,14.81000,3.91001,5.03326,1.49443,7.52186,15.19000,4.03540,0.00000,0.00000,0.00000,0.00000,0.00000,0.00000,0.00000,0.00000,0.00000,0.00000,14.86232,7.94540
44-1,1783318094.955732,2026-07-06T13:08:14.955732,5.07583,1.34355,6.81961,13.70000,4.59278,5.05813,1.38701,7.01565,14.10000,4.73779,0.00000,0.00000,0.00000,0.00000,0.00000,0.00000,0.00000,0.00000,0.00000,0.00000,13.83526,9.33057
44-1,1783318095.055851,2026-07-06T13:08:15.055851,5.07983,1.34355,6.82499,13.70000,5.27609,5.04613,1.38701,6.99900,14.10000,5.43852,0.00000,0.00000,0.00000,0.00000,0.00000,0.00000,0.00000,0.00000,0.00000,0.00000,13.82399,10.71461
44-1,1783318095.155968,2026-07-06T13:08:15.155968,5.08730,1.35331,6.88470,13.80000,5.96536,5.05066,1.37529,6.94610,13.98000,6.13395,0.00000,0.00000,0.00000,0.00000,0.00000,0.00000,0.00000,0.00000,0.00000,0.00000,13.83080,12.09931
44-1,1783318095.256086,2026-07-06T13:08:15.256086,5.08628,1.37187,6.97771,13.99000,6.66396,5.04967,1.39702,7.05447,14.20000,6.84023,0.00000,0.00000,0.00000,0.00000,0.00000,0.00000,0.00000,0.00000,0.00000,0.00000,14.03218,13.50419
44-1,1783318095.356204,2026-07-06T13:08:15.356204,5.08346,1.35038,6.86461,13.77000,7.35123,5.05879,1.37236,6.94246,13.95000,7.53530,0.00000,0.00000,0.00000,0.00000,0.00000,0.00000,0.00000,0.00000,0.00000,0.00000,13.80707,14.88653
44-1,1783318095.456322,2026-07-06T13:08:15.456322,5.07946,1.35038,6.85921,13.77000,8.03796,5.05479,1.37236,6.93697,13.95000,8.22981,0.00000,0.00000,0.00000,0.00000,0.00000,0.00000,0.00000,0.00000,0.00000,0.00000,13.79618,16.26777
44-1,1783318095.556441,2026-07-06T13:08:15.556441,5.07946,1.35038,6.85921,13.77000,8.72470,5.05097,1.36845,6.91200,13.91000,8.92183,0.00000,0.00000,0.00000,0.00000,0.00000,0.00000,0.00000,0.00000,0.00000,0.00000,13.77121,17.64653
44-1,1783318095.656560,2026-07-06T13:08:15.656560,5.07903,1.35820,6.89832,13.85000,9.41535,5.05017,1.38603,6.99968,14.09000,9.62263,0.00000,0.00000,0.00000,0.00000,0.00000,0.00000,0.00000,0.00000,0.00000,0.00000,13.89800,19.03798
44-1,1783318095.756678,2026-07-06T13:08:15.756678,5.08565,1.38359,7.03643,14.11000,10.11982,5.05466,1.37529,6.95160,13.98000,10.31862,0.00000,0.00000,0.00000,0.00000,0.00000,0.00000,0.00000,0.00000,0.00000,0.00000,13.98803,20.43844
44-1,1783318095.856797,2026-07-06T13:08:15.856797,5.08165,1.38359,7.03090,14.11000,10.82375,5.05466,1.37529,6.95160,13.98000,11.01460,0.00000,0.00000,0.00000,0.00000,0.00000,0.00000,0.00000,0.00000,0.00000,0.00000,13.98250,21.83836
44-1,1783318095.956915,2026-07-06T13:08:15.956915,5.08319,1.35527,6.88907,13.82000,11.51347,5.04995,1.39091,7.02403,14.14000,11.71783,0.00000,0.00000,0.00000,0.00000,0.00000,0.00000,0.00000,0.00000,0.00000,0.00000,13.91310,23.23130
44-1,1783318096.057034,2026-07-06T13:08:16.057034,5.08319,1.35527,6.88907,13.82000,12.20320,5.05035,1.38212,6.98020,14.05000,12.41668,0.00000,0.00000,0.00000,0.00000,0.00000,0.00000,0.00000,0.00000,0.00000,0.00000,13.86927,24.61988
44-1,1783318096.157152,2026-07-06T13:08:16.157152,5.08751,1.34941,6.86512,13.76000,12.89052,5.04666,1.37529,6.94060,13.98000,13.11156,0.00000,0.00000,0.00000,0.00000,0.00000,0.00000,0.00000,0.00000,0.00000,0.00000,13.80572,26.00208
44-1,1783318096.257271,2026-07-06T13:08:16.257271,5.08207,1.37577,6.99178,14.03000,13.59052,5.05466,1.37529,6.95160,13.98000,13.80755,0.00000,0.00000,0.00000,0.00000,0.00000,0.00000,0.00000,0.00000,0.00000,0.00000,13.94338,27.39807
44-1,1783318096.357388,2026-07-06T13:08:16.357388,5.08207,1.37577,6.99178,14.03000,14.29052,5.05048,1.37919,6.96558,14.02000,14.50492,0.00000,0.00000,0.00000,0.00000,0.00000,0.00000,0.00000,0.00000,0.00000,0.00000,13.95736,28.79545
44-1,1783318096.457507,2026-07-06T13:08:16.457507,5.08131,1.38969,7.06145,14.17000,14.99751,5.04923,1.40678,7.10316,14.30000,15.21608,0.00000,0.00000,0.00000,0.00000,0.00000,0.00000,0.00000,0.00000,0.00000,0.00000,14.16461,30.21359
44-1,1783318096.557626,2026-07-06T13:08:16.557626,5.08324,1.35429,6.88418,13.81000,15.68675,5.05061,1.37626,6.95097,13.99000,15.91201,0.00000,0.00000,0.00000,0.00000,0.00000,0.00000,0.00000,0.00000,0.00000,0.00000,13.83515,31.59875
44-1,1783318096.657744,2026-07-06T13:08:16.657744,5.07919,1.35527,6.88365,13.82000,16.37593,5.05461,1.37626,6.95648,13.99000,16.60848,0.00000,0.00000,0.00000,0.00000,0.00000,0.00000,0.00000,0.00000,0.00000,0.00000,13.84013,32.98441
44-1,1783318096.757863,2026-07-06T13:08:16.757863,5.07919,1.35527,6.88365,13.82000,17.06510,5.05061,1.37626,6.95097,13.99000,17.30440,0.00000,0.00000,0.00000,0.00000,0.00000,0.00000,0.00000,0.00000,0.00000,0.00000,13.83462,34.36950
44-1,1783318096.857980,2026-07-06T13:08:16.857980,5.08314,1.35624,6.89397,13.83000,17.75531,5.05035,1.38212,6.98020,14.05000,18.00324,0.00000,0.00000,0.00000,0.00000,0.00000,0.00000,0.00000,0.00000,0.00000,0.00000,13.87417,35.75856
44-1,1783318096.958098,2026-07-06T13:08:16.958098,5.08346,1.35038,6.86461,13.77000,18.44259,5.05354,1.39995,7.07468,14.23000,18.71154,0.00000,0.00000,0.00000,0.00000,0.00000,0.00000,0.00000,0.00000,0.00000,0.00000,13.93929,37.15413
44-1,1783318097.058217,2026-07-06T13:08:17.058217,5.07930,1.35331,6.87388,13.80000,19.13079,5.05354,1.39995,7.07468,14.23000,19.41985,0.00000,0.00000,0.00000,0.00000,0.00000,0.00000,0.00000,0.00000,0.00000,0.00000,13.94856,38.55064
44-1,1783318097.158335,2026-07-06T13:08:17.158335,5.08730,1.35331,6.88470,13.80000,19.82007,5.05350,1.40092,7.07955,14.24000,20.12864,0.00000,0.00000,0.00000,0.00000,0.00000,0.00000,0.00000,0.00000,0.00000,0.00000,13.96425,39.94871
44-1,1783318097.258451,2026-07-06T13:08:17.258451,5.08660,1.36601,6.94834,13.93000,20.51571,5.05457,1.37724,6.96135,14.00000,20.82558,0.00000,0.00000,0.00000,0.00000,0.00000,0.00000,0.00000,0.00000,0.00000,0.00000,13.90969,41.34129
44-1,1783318097.358568,2026-07-06T13:08:17.358568,5.08623,1.37284,6.98261,14.00000,21.21479,5.05070,1.37431,6.94123,13.97000,21.52052,0.00000,0.00000,0.00000,0.00000,0.00000,0.00000,0.00000,0.00000,0.00000,0.00000,13.92384,42.73530
44-1,1783318097.458686,2026-07-06T13:08:17.458686,5.08181,1.38066,7.01623,14.08000,21.91724,5.05070,1.37431,6.94123,13.97000,22.21546,0.00000,0.00000,0.00000,0.00000,0.00000,0.00000,0.00000,0.00000,0.00000,0.00000,13.95746,44.13270
44-1,1783318097.558805,2026-07-06T13:08:17.558805,5.08581,1.38066,7.02175,14.08000,22.62025,5.04675,1.37333,6.93086,13.96000,22.90937,0.00000,0.00000,0.00000,0.00000,0.00000,0.00000,0.00000,0.00000,0.00000,0.00000,13.95261,45.52962
44-1,1783318097.658924,2026-07-06T13:08:17.658924,5.08586,1.37968,7.01686,14.07000,23.32277,5.04697,1.36845,6.90652,13.91000,23.60084,0.00000,0.00000,0.00000,0.00000,0.00000,0.00000,0.00000,0.00000,0.00000,0.00000,13.92338,46.92361
44-1,1783318097.759042,2026-07-06T13:08:17.759042,5.08975,1.38163,7.03217,14.09000,24.02682,5.05461,1.37626,6.95648,13.99000,24.29731,0.00000,0.00000,0.00000,0.00000,0.00000,0.00000,0.00000,0.00000,0.00000,0.00000,13.98865,48.32413
44-1,1783318097.859161,2026-07-06T13:08:17.859161,5.08986,1.37968,7.02238,14.07000,24.72989,5.05061,1.37626,6.95097,13.99000,24.99324,0.00000,0.00000,0.00000,0.00000,0.00000,0.00000,0.00000,0.00000,0.00000,0.00000,13.97335,49.72313
44-1,1783318097.959279,2026-07-06T13:08:17.959279,5.08602,1.37675,7.00218,14.04000,25.43094,5.05381,1.39409,7.04544,14.17000,25.69861,0.00000,0.00000,0.00000,0.00000,0.00000,0.00000,0.00000,0.00000,0.00000,0.00000,14.04762,51.12955
44-1,1783318098.059396,2026-07-06T13:08:18.059396,5.08202,1.37675,6.99667,14.04000,26.13142,5.05350,1.40092,7.07955,14.24000,26.40740,0.00000,0.00000,0.00000,0.00000,0.00000,0.00000,0.00000,0.00000,0.00000,0.00000,14.07622,52.53882
44-1,1783318098.159515,2026-07-06T13:08:18.159515,5.07423,1.37284,6.96613,14.00000,26.82886,5.04958,1.39897,7.06421,14.22000,27.11466,0.00000,0.00000,0.00000,0.00000,0.00000,0.00000,0.00000,0.00000,0.00000,0.00000,14.03034,53.94352
44-1,1783318098.259633,2026-07-06T13:08:18.259633,5.07519,1.35527,6.87823,13.82000,27.51750,5.05358,1.39897,7.06981,14.22000,27.82248,0.00000,0.00000,0.00000,0.00000,0.00000,0.00000,0.00000,0.00000,0.00000,0.00000,13.94804,55.33998
44-1,1783318098.359751,2026-07-06T13:08:18.359751,5.06714,1.35624,6.87227,13.83000,28.20554,5.06145,1.40190,7.09564,14.25000,28.53288,0.00000,0.00000,0.00000,0.00000,0.00000,0.00000,0.00000,0.00000,0.00000,0.00000,13.96791,56.73842
44-1,1783318098.459870,2026-07-06T13:08:18.459870,5.09114,1.35624,6.90482,13.83000,28.89684,5.06141,1.40287,7.10052,14.26000,29.24377,0.00000,0.00000,0.00000,0.00000,0.00000,0.00000,0.00000,0.00000,0.00000,0.00000,14.00534,58.14061
44-1,1783318098.559989,2026-07-06T13:08:18.559989,5.09092,1.36015,6.92441,13.87000,29.59010,5.05341,1.40287,7.08930,14.26000,29.95354,0.00000,0.00000,0.00000,0.00000,0.00000,0.00000,0.00000,0.00000,0.00000,0.00000,14.01371,59.54365
44-1,1783318098.660108,2026-07-06T13:08:18.660108,5.09082,1.36210,6.93421,13.89000,30.28435,5.04941,1.40287,7.08369,14.26000,30.66276,0.00000,0.00000,0.00000,0.00000,0.00000,0.00000,0.00000,0.00000,0.00000,0.00000,14.01790,60.94711
44-1,1783318098.760227,2026-07-06T13:08:18.760227,5.07781,1.38066,7.01071,14.08000,30.98625,5.05345,1.40190,7.08443,14.25000,31.37204,0.00000,0.00000,0.00000,0.00000,0.00000,0.00000,0.00000,0.00000,0.00000,0.00000,14.09514,62.35830
45-1,1783318098.860367,2026-07-06T13:08:18.860367,5.07381,1.38066,7.00519,14.08000,0.70150,5.05354,1.39995,7.07468,14.23000,0.70846,0.00000,0.00000,0.00000,0.00000,0.00000,0.00000,0.00000,0.00000,0.00000,0.00000,14.07987,1.40997
45-1,1783318098.960483,2026-07-06T13:08:18.960483,5.08790,1.26884,6.45572,12.94000,1.34782,5.04991,1.39189,7.02890,14.15000,1.41216,0.00000,0.00000,0.00000,0.00000,0.00000,0.00000,0.00000,0.00000,0.00000,0.00000,13.48462,2.75999
45-1,1783318099.060602,2026-07-06T13:08:19.060602,5.09049,1.44145,7.33769,14.70000,2.08246,5.04591,1.39189,7.02334,14.15000,2.11533,0.00000,0.00000,0.00000,0.00000,0.00000,0.00000,0.00000,0.00000,0.00000,0.00000,14.36103,4.19780
45-1,1783318099.160720,2026-07-06T13:08:19.160720,5.09883,1.28861,6.57042,13.14000,2.74028,5.05945,1.00443,5.08184,10.21000,2.62412,0.00000,0.00000,0.00000,0.00000,0.00000,0.00000,0.00000,0.00000,0.00000,0.00000,11.65226,5.36440
45-1,1783318099.260839,2026-07-06T13:08:19.260839,5.08239,1.36991,6.96244,13.97000,3.43735,5.04319,1.36357,6.87672,13.86000,3.31261,0.00000,0.00000,0.00000,0.00000,0.00000,0.00000,0.00000,0.00000,0.00000,0.00000,13.83916,6.74996
45-1,1783318099.360958,2026-07-06T13:08:19.360958,5.08239,1.36991,6.96244,13.97000,4.13442,5.05483,1.37138,6.93210,13.94000,4.00664,0.00000,0.00000,0.00000,0.00000,0.00000,0.00000,0.00000,0.00000,0.00000,0.00000,13.89454,8.14107
45-1,1783318099.461076,2026-07-06T13:08:19.461076,5.08362,1.34745,6.84994,13.74000,4.82023,5.04683,1.37138,6.92113,13.94000,4.69958,0.00000,0.00000,0.00000,0.00000,0.00000,0.00000,0.00000,0.00000,0.00000,0.00000,13.77107,9.51981
45-1,1783318099.561195,2026-07-06T13:08:19.561195,5.08399,1.34062,6.81568,13.67000,5.50261,5.05519,1.36357,6.89309,13.86000,5.38970,0.00000,0.00000,0.00000,0.00000,0.00000,0.00000,0.00000,0.00000,0.00000,0.00000,13.70877,10.89231
45-1,1783318099.661313,2026-07-06T13:08:19.661313,5.07812,1.37480,6.98139,14.02000,6.20157,5.05475,1.37333,6.94185,13.96000,6.08471,0.00000,0.00000,0.00000,0.00000,0.00000,0.00000,0.00000,0.00000,0.00000,0.00000,13.92324,12.28628
45-1,1783318099.761433,2026-07-06T13:08:19.761433,5.07812,1.37480,6.98139,14.02000,6.90055,5.05101,1.36747,6.90712,13.90000,6.77625,0.00000,0.00000,0.00000,0.00000,0.00000,0.00000,0.00000,0.00000,0.00000,0.00000,13.88851,13.67680
45-1,1783318099.861551,2026-07-06T13:08:19.861551,5.07940,1.35136,6.86410,13.78000,7.58777,5.05901,1.36747,6.91806,13.90000,7.46887,0.00000,0.00000,0.00000,0.00000,0.00000,0.00000,0.00000,0.00000,0.00000,0.00000,13.78216,15.05664
45-1,1783318099.961668,2026-07-06T13:08:19.961668,5.07940,1.35136,6.86410,13.78000,8.27498,5.04613,1.38701,6.99900,14.10000,8.16959,0.00000,0.00000,0.00000,0.00000,0.00000,0.00000,0.00000,0.00000,0.00000,0.00000,13.86310,16.44457
45-1,1783318100.061788,2026-07-06T13:08:20.061788,5.08565,1.38359,7.03643,14.11000,8.97947,5.04679,1.37236,6.92599,13.95000,8.86302,0.00000,0.00000,0.00000,0.00000,0.00000,0.00000,0.00000,0.00000,0.00000,0.00000,13.96242,17.84248
45-1,1783318100.161906,2026-07-06T13:08:20.161906,5.07765,1.38359,7.02536,14.11000,9.68283,5.04950,1.40092,7.07395,14.24000,9.57125,0.00000,0.00000,0.00000,0.00000,0.00000,0.00000,0.00000,0.00000,0.00000,0.00000,14.09931,19.25408
45-1,1783318100.262024,2026-07-06T13:08:20.262024,5.07519,1.35527,6.87823,13.82000,10.37147,5.04950,1.40092,7.07395,14.24000,10.27948,0.00000,0.00000,0.00000,0.00000,0.00000,0.00000,0.00000,0.00000,0.00000,0.00000,13.95218,20.65094
45-1,1783318100.362142,2026-07-06T13:08:20.362142,5.08399,1.34062,6.81568,13.67000,11.05384,5.05083,1.37138,6.92661,13.94000,10.97296,0.00000,0.00000,0.00000,0.00000,0.00000,0.00000,0.00000,0.00000,0.00000,0.00000,13.74229,22.02680
45-1,1783318100.462258,2026-07-06T13:08:20.462258,5.08223,1.37284,6.97711,14.00000,11.75236,5.05492,1.36943,6.92234,13.92000,11.66600,0.00000,0.00000,0.00000,0.00000,0.00000,0.00000,0.00000,0.00000,0.00000,0.00000,13.89945,23.41836
45-1,1783318100.562375,2026-07-06T13:08:20.562375,5.08244,1.36894,6.95755,13.96000,12.44893,5.05345,1.40190,7.08443,14.25000,12.37527,0.00000,0.00000,0.00000,0.00000,0.00000,0.00000,0.00000,0.00000,0.00000,0.00000,14.04198,24.82419
45-1,1783318100.662493,2026-07-06T13:08:20.662493,5.08644,1.36894,6.96303,13.96000,13.14606,5.05070,1.37431,6.94123,14.25000,13.07021,0.00000,0.00000,0.00000,0.00000,0.00000,0.00000,0.00000,0.00000,0.00000,0.00000,13.90426,26.21627
45-1,1783318100.762613,2026-07-06T13:08:20.762613,5.07914,1.35624,6.88854,13.83000,13.83573,5.04670,1.37431,6.93573,13.97000,13.76461,0.00000,0.00000,0.00000,0.00000,0.00000,0.00000,0.00000,0.00000,0.00000,0.00000,13.82427,27.60035
45-1,1783318100.862731,2026-07-06T13:08:20.862731,5.07956,1.34843,6.84943,13.75000,14.52149,5.05097,1.36845,6.91200,13.91000,14.45663,0.00000,0.00000,0.00000,0.00000,0.00000,0.00000,0.00000,0.00000,0.00000,0.00000,13.76143,28.97812
45-1,1783318100.962850,2026-07-06T13:08:20.962850,5.08202,1.37675,6.99667,14.04000,15.22199,5.04936,1.40385,7.08856,14.27000,15.16633,0.00000,0.00000,0.00000,0.00000,0.00000,0.00000,0.00000,0.00000,0.00000,0.00000,14.08523,30.38832
45-1,1783318101.062968,2026-07-06T13:08:21.062968,5.07802,1.37675,6.99117,14.04000,15.92193,5.05066,1.37529,6.94610,13.98000,15.86176,0.00000,0.00000,0.00000,0.00000,0.00000,0.00000,0.00000,0.00000,0.00000,0.00000,13.93727,31.78368
45-1,1783318101.163086,2026-07-06T13:08:21.163086,5.07781,1.38066,7.01071,14.08000,16.62383,5.04666,1.37529,6.94060,13.98000,16.55664,0.00000,0.00000,0.00000,0.00000,0.00000,0.00000,0.00000,0.00000,0.00000,0.00000,13.95131,33.18047
45-1,1783318101.263203,2026-07-06T13:08:21.263203,5.07844,1.36894,6.95208,13.96000,17.31985,5.05857,1.37724,6.96686,14.00000,17.25414,0.00000,0.00000,0.00000,0.00000,0.00000,0.00000,0.00000,0.00000,0.00000,0.00000,13.91894,34.57399
45-1,1783318101.363321,2026-07-06T13:08:21.363321,5.07914,1.35624,6.88854,13.83000,18.00951,5.05767,1.39702,7.06565,14.20000,17.96153,0.00000,0.00000,0.00000,0.00000,0.00000,0.00000,0.00000,0.00000,0.00000,0.00000,13.95419,35.97105
45-1,1783318101.463440,2026-07-06T13:08:21.463440,5.07914,1.35624,6.88854,13.83000,18.69919,5.05336,1.40385,7.09417,14.27000,18.67180,0.00000,0.00000,0.00000,0.00000,0.00000,0.00000,0.00000,0.00000,0.00000,0.00000,13.98271,37.37098
45-1,1783318101.563558,2026-07-06T13:08:21.563558,5.08340,1.35136,6.86951,13.78000,19.38695,5.05336,1.40385,7.09417,14.27000,19.38205,0.00000,0.00000,0.00000,0.00000,0.00000,0.00000,0.00000,0.00000,0.00000,0.00000,13.96368,38.76900
45-1,1783318101.663677,2026-07-06T13:08:21.663677,5.08330,1.35331,6.87929,13.80000,20.07570,5.05461,1.37626,6.95648,13.99000,20.07853,0.00000,0.00000,0.00000,0.00000,0.00000,0.00000,0.00000,0.00000,0.00000,0.00000,13.83577,40.15422
45-1,1783318101.763792,2026-07-06T13:08:21.763792,5.07956,1.34843,6.84943,13.75000,20.76143,5.05448,1.37919,6.97110,14.02000,20.77644,0.00000,0.00000,0.00000,0.00000,0.00000,0.00000,0.00000,0.00000,0.00000,0.00000,13.82053,41.53787
45-1,1783318101.863910,2026-07-06T13:08:21.863910,5.08660,1.36601,6.94834,13.93000,21.45708,5.05079,1.37236,6.93148,13.95000,21.47041,0.00000,0.00000,0.00000,0.00000,0.00000,0.00000,0.00000,0.00000,0.00000,0.00000,13.87982,42.92749
45-1,1783318101.964028,2026-07-06T13:08:21.964028,5.09060,1.36601,6.95381,13.93000,22.15328,5.05079,1.37236,6.93148,13.95000,22.16437,0.00000,0.00000,0.00000,0.00000,0.00000,0.00000,0.00000,0.00000,0.00000,0.00000,13.88529,44.31765
45-1,1783318102.064147,2026-07-06T13:08:22.064147,5.08181,1.38066,7.01623,14.08000,22.85574,5.05358,1.39897,7.06981,14.22000,22.87219,0.00000,0.00000,0.00000,0.00000,0.00000,0.00000,0.00000,0.00000,0.00000,0.00000,14.08604,45.72793
45-1,1783318102.164264,2026-07-06T13:08:22.164264,5.08181,1.38066,7.01623,14.08000,23.55818,5.05336,1.40385,7.09417,14.27000,23.58244,0.00000,0.00000,0.00000,0.00000,0.00000,0.00000,0.00000,0.00000,0.00000,0.00000,14.11040,47.14062
45-1,1783318102.264380,2026-07-06T13:08:22.264380,5.08175,1.38163,7.02112,14.09000,24.26111,5.04910,1.40971,7.11777,14.33000,24.29505,0.00000,0.00000,0.00000,0.00000,0.00000,0.00000,0.00000,0.00000,0.00000,0.00000,14.13889,48.55616
45-1,1783318102.364500,2026-07-06T13:08:22.364500,5.08175,1.38163,7.02112,14.09000,24.96407,5.05710,1.40971,7.12905,14.33000,25.00880,0.00000,0.00000,0.00000,0.00000,0.00000,0.00000,0.00000,0.00000,0.00000,0.00000,14.15017,49.97287
45-1,1783318102.464617,2026-07-06T13:08:22.464617,5.08549,1.38652,7.05111,14.14000,25.67000,5.04617,1.38603,6.99414,14.09000,25.70904,0.00000,0.00000,0.00000,0.00000,0.00000,0.00000,0.00000,0.00000,0.00000,0.00000,14.04525,51.37904
45-1,1783318102.564734,2026-07-06T13:08:22.564734,5.08565,1.38359,7.03643,14.11000,26.37447,5.04635,1.38212,6.97467,14.05000,26.40732,0.00000,0.00000,0.00000,0.00000,0.00000,0.00000,0.00000,0.00000,0.00000,0.00000,14.01110,52.78179
45-1,1783318102.664853,2026-07-06T13:08:22.664853,5.08196,1.37773,7.00156,14.05000,27.07546,5.04661,1.37626,6.94547,13.99000,27.10269,0.00000,0.00000,0.00000,0.00000,0.00000,0.00000,0.00000,0.00000,0.00000,0.00000,13.94703,54.17815
45-1,1783318102.764971,2026-07-06T13:08:22.764971,5.08596,1.37773,7.00707,14.05000,27.77699,5.05061,1.37626,6.95097,13.99000,27.79861,0.00000,0.00000,0.00000,0.00000,0.00000,0.00000,0.00000,0.00000,0.00000,0.00000,13.95804,55.57560
45-1,1783318102.865090,2026-07-06T13:08:22.865090,5.08154,1.38554,7.04068,14.13000,28.48190,5.05457,1.37724,6.96135,14.00000,28.49557,0.00000,0.00000,0.00000,0.00000,0.00000,0.00000,0.00000,0.00000,0.00000,0.00000,14.00203,56.97747
45-1,1783318102.965208,2026-07-06T13:08:22.965208,5.08196,1.37773,7.00156,14.05000,29.18288,5.05461,1.37626,6.95648,13.99000,29.19204,0.00000,0.00000,0.00000,0.00000,0.00000,0.00000,0.00000,0.00000,0.00000,0.00000,13.95804,58.37492
45-1,1783318103.065326,2026-07-06T13:08:23.065326,5.07386,1.37968,7.00030,14.07000,29.88374,5.04248,1.37919,6.95455,14.02000,29.88832,0.00000,0.00000,0.00000,0.00000,0.00000,0.00000,0.00000,0.00000,0.00000,0.00000,13.95485,59.77205
45-1,1783318103.165444,2026-07-06T13:08:23.165444,5.08586,1.37968,7.01686,14.07000,30.58625,5.04648,1.37919,6.96007,14.02000,30.58515,0.00000,0.00000,0.00000,0.00000,0.00000,0.00000,0.00000,0.00000,0.00000,0.00000,13.97693,61.17139
45-1,1783318103.265561,2026-07-06T13:08:23.265561,5.08714,1.35624,6.89939,13.83000,31.27700,5.05048,1.37919,6.96558,14.02000,31.28252,0.00000,0.00000,0.00000,0.00000,0.00000,0.00000,0.00000,0.00000,0.00000,0.00000,13.86497,62.55952
45-1,1783318103.365679,2026-07-06T13:08:23.365679,5.08730,1.35331,6.88470,13.80000,31.96628,5.05057,1.37724,6.95584,14.00000,31.97892,0.00000,0.00000,0.00000,0.00000,0.00000,0.00000,0.00000,0.00000,0.00000,0.00000,13.84054,63.94520
45-1,1783318103.465796,2026-07-06T13:08:23.465796,5.08692,1.36015,6.91897,13.87000,32.65898,5.05444,1.38017,6.97598,14.03000,32.67734,0.00000,0.00000,0.00000,0.00000,0.00000,0.00000,0.00000,0.00000,0.00000,0.00000,13.89495,65.33632
45-1,1783318103.565865,2026-07-06T13:08:23.565865,5.08223,1.37284,6.97711,14.00000,33.35718,5.05044,1.38017,6.97046,14.03000,33.37486,0.00000,0.00000,0.00000,0.00000,0.00000,0.00000,0.00000,0.00000,0.00000,0.00000,13.94757,66.73204
45-1,1783318103.665984,2026-07-06T13:08:23.665984,5.08223,1.37284,6.97711,14.00000,34.05572,5.04635,1.38212,6.97467,14.05000,34.07316,0.00000,0.00000,0.00000,0.00000,0.00000,0.00000,0.00000,0.00000,0.00000,0.00000,13.95178,68.12888
45-1,1783318103.766102,2026-07-06T13:08:23.766102,5.08926,1.39067,7.07747,14.18000,34.76430,5.04630,1.38310,6.97954,14.06000,34.77194,0.00000,0.00000,0.00000,0.00000,0.00000,0.00000,0.00000,0.00000,0.00000,0.00000,14.05701,69.53624
45-1,1783318103.866220,2026-07-06T13:08:23.866220,5.08926,1.39067,7.07747,14.18000,35.47289,5.05426,1.38408,6.99548,14.07000,35.47232,0.00000,0.00000,0.00000,0.00000,0.00000,0.00000,0.00000,0.00000,0.00000,0.00000,14.07295,70.94520
45-1,1783318103.966339,2026-07-06T13:08:23.966339,5.08549,1.38652,7.05111,14.14000,36.17883,5.05426,1.38408,6.99548,14.07000,36.17269,0.00000,0.00000,0.00000,0.00000,0.00000,0.00000,0.00000,0.00000,0.00000,0.00000,14.04659,72.35153
45-1,1783318104.066457,2026-07-06T13:08:24.066457,5.08149,1.38652,7.04557,14.14000,36.88422,5.05323,1.40678,7.10879,14.30000,36.88441,0.00000,0.00000,0.00000,0.00000,0.00000,0.00000,0.00000,0.00000,0.00000,0.00000,14.15436,73.76863
45-1,1783318104.166575,2026-07-06T13:08:24.166575,5.08324,1.35429,6.88418,13.81000,37.57345,5.05319,1.40776,7.11366,14.31000,37.59662,0.00000,0.00000,0.00000,0.00000,0.00000,0.00000,0.00000,0.00000,0.00000,0.00000,13.99784,75.17008
45-1,1783318104.266693,2026-07-06T13:08:24.266693,5.08266,1.36503,6.93799,13.92000,38.26807,5.05336,1.40385,7.09417,14.27000,38.30687,0.00000,0.00000,0.00000,0.00000,0.00000,0.00000,0.00000,0.00000,0.00000,0.00000,14.03216,76.57494
45-1,1783318104.366812,2026-07-06T13:08:24.366812,5.08137,1.38871,7.05656,14.16000,38.97456,5.05736,1.40385,7.09979,14.27000,39.01770,0.00000,0.00000,0.00000,0.00000,0.00000,0.00000,0.00000,0.00000,0.00000,0.00000,14.15635,77.99226
45-1,1783318104.466930,2026-07-06T13:08:24.466930,5.08537,1.38871,7.06212,14.16000,39.68161,5.04941,1.40287,7.08369,14.26000,39.72690,0.00000,0.00000,0.00000,0.00000,0.00000,0.00000,0.00000,0.00000,0.00000,0.00000,14.14581,79.40851
45-1,1783318104.567046,2026-07-06T13:08:24.567046,5.08559,1.38456,7.04133,14.12000,40.38656,5.05035,1.38212,6.98020,14.05000,40.42573,0.00000,0.00000,0.00000,0.00000,0.00000,0.00000,0.00000,0.00000,0.00000,0.00000,14.02153,80.81230
45-1,1783318104.667164,2026-07-06T13:08:24.667164,5.07903,1.35820,6.89832,13.85000,41.07721,5.05057,1.37724,6.95584,14.00000,41.12213,0.00000,0.00000,0.00000,0.00000,0.00000,0.00000,0.00000,0.00000,0.00000,0.00000,13.85416,82.19934
45-1,1783318104.767282,2026-07-06T13:08:24.767282,5.07844,1.36894,6.95208,13.96000,41.77323,5.04657,1.37724,6.95033,14.00000,41.81799,0.00000,0.00000,0.00000,0.00000,0.00000,0.00000,0.00000,0.00000,0.00000,0.00000,13.90241,83.59122
45-1,1783318104.867400,2026-07-06T13:08:24.867400,5.08159,1.38456,7.03579,14.12000,42.47764,5.05363,1.39799,7.06493,14.21000,42.52532,0.00000,0.00000,0.00000,0.00000,0.00000,0.00000,0.00000,0.00000,0.00000,0.00000,14.10072,85.00296
45-1,1783318104.967519,2026-07-06T13:08:24.967519,5.08959,1.38456,7.04686,14.12000,43.18317,5.05332,1.40483,7.09904,14.28000,43.23607,0.00000,0.00000,0.00000,0.00000,0.00000,0.00000,0.00000,0.00000,0.00000,0.00000,14.14590,86.41924
45-1,1783318105.067637,2026-07-06T13:08:25.067637,5.08154,1.38554,7.04068,14.13000,43.88807,5.05323,1.40678,7.10879,14.30000,43.94778,0.00000,0.00000,0.00000,0.00000,0.00000,0.00000,0.00000,0.00000,0.00000,0.00000,14.14947,87.83584
45-1,1783318105.167754,2026-07-06T13:08:25.167754,5.08298,1.35917,6.90864,13.86000,44.57974,5.05323,1.40678,7.10879,14.30000,44.65949,0.00000,0.00000,0.00000,0.00000,0.00000,0.00000,0.00000,0.00000,0.00000,0.00000,14.01743,89.23923
45-1,1783318105.267874,2026-07-06T13:08:25.267874,5.08143,1.38749,7.05045,14.15000,45.28563,5.05039,1.38115,6.97533,14.04000,45.35786,0.00000,0.00000,0.00000,0.00000,0.00000,0.00000,0.00000,0.00000,0.00000,0.00000,14.02578,90.64349
45-1,1783318105.367992,2026-07-06T13:08:25.367992,5.08543,1.38749,7.05600,14.15000,45.99206,5.05026,1.38408,6.98994,14.07000,46.05768,0.00000,0.00000,0.00000,0.00000,0.00000,0.00000,0.00000,0.00000,0.00000,0.00000,14.04594,92.04975
45-1,1783318105.468110,2026-07-06T13:08:25.468110,5.08143,1.38749,7.05045,14.15000,46.69794,5.05319,1.40776,7.11366,14.31000,46.76989,0.00000,0.00000,0.00000,0.00000,0.00000,0.00000,0.00000,0.00000,0.00000,0.00000,14.16411,93.46783
45-1,1783318105.568226,2026-07-06T13:08:25.568226,5.08287,1.36113,6.91842,13.88000,47.39058,5.05319,1.40776,7.11366,14.31000,47.48207,0.00000,0.00000,0.00000,0.00000,0.00000,0.00000,0.00000,0.00000,0.00000,0.00000,14.03208,94.87266
46-1,1783318105.668360,2026-07-06T13:08:25.668360,5.08154,1.38554,7.04068,14.13000,0.70502,5.05328,1.40580,7.10392,14.29000,0.71135,0.00000,0.00000,0.00000,0.00000,0.00000,0.00000,0.00000,0.00000,0.00000,0.00000,14.14460,1.41637
46-1,1783318105.768479,2026-07-06T13:08:25.768479,5.07754,1.38554,7.03513,14.13000,1.40936,5.05786,1.30448,6.59790,13.26000,1.37192,0.00000,0.00000,0.00000,0.00000,0.00000,0.00000,0.00000,0.00000,0.00000,0.00000,13.63303,2.78128
46-1,1783318105.868596,2026-07-06T13:08:25.868596,5.07540,1.35136,6.85870,13.78000,2.09604,5.04482,1.50420,7.58840,15.29000,2.13165,0.00000,0.00000,0.00000,0.00000,0.00000,0.00000,0.00000,0.00000,0.00000,0.00000,14.44710,4.22769
46-1,1783318105.968715,2026-07-06T13:08:25.968715,5.07802,1.01004,5.12901,10.30000,2.60955,5.06082,1.50420,7.61247,15.29000,2.89380,0.00000,0.00000,0.00000,0.00000,0.00000,0.00000,0.00000,0.00000,0.00000,0.00000,12.74148,5.50335
46-1,1783318106.068834,2026-07-06T13:08:26.068834,5.05940,1.35136,6.83707,13.78000,3.29407,5.04991,1.39189,7.02890,14.15000,3.59753,0.00000,0.00000,0.00000,0.00000,0.00000,0.00000,0.00000,0.00000,0.00000,0.00000,13.86597,6.89159
46-1,1783318106.168952,2026-07-06T13:08:26.168952,5.07940,1.35136,6.86410,13.78000,3.98129,5.05079,1.37236,6.93148,13.95000,4.29150,0.00000,0.00000,0.00000,0.00000,0.00000,0.00000,0.00000,0.00000,0.00000,0.00000,13.79558,8.27278
46-1,1783318106.269070,2026-07-06T13:08:26.269070,5.08740,1.35136,6.87491,13.78000,4.66959,5.05372,1.39604,7.05519,14.19000,4.99785,0.00000,0.00000,0.00000,0.00000,0.00000,0.00000,0.00000,0.00000,0.00000,0.00000,13.93010,9.66744
46-1,1783318106.369189,2026-07-06T13:08:26.369189,5.07786,1.37968,7.00582,14.07000,5.37101,5.05372,1.39604,7.05519,14.19000,5.70420,0.00000,0.00000,0.00000,0.00000,0.00000,0.00000,0.00000,0.00000,0.00000,0.00000,14.06101,11.07521
46-1,1783318106.469307,2026-07-06T13:08:26.469307,5.07946,1.35038,6.85921,13.77000,6.05774,5.05470,1.37431,6.94672,13.97000,6.39970,0.00000,0.00000,0.00000,0.00000,0.00000,0.00000,0.00000,0.00000,0.00000,0.00000,13.80593,12.45744
46-1,1783318106.569425,2026-07-06T13:08:26.569425,5.07967,1.34648,6.83966,13.73000,6.74251,5.05376,1.39506,7.05031,14.18000,7.10556,0.00000,0.00000,0.00000,0.00000,0.00000,0.00000,0.00000,0.00000,0.00000,0.00000,13.88997,13.84807
46-1,1783318106.669542,2026-07-06T13:08:26.669542,5.08767,1.34648,6.85043,13.73000,7.42836,5.05475,1.37333,6.94185,13.96000,7.80056,0.00000,0.00000,0.00000,0.00000,0.00000,0.00000,0.00000,0.00000,0.00000,0.00000,13.79228,15.22891
46-1,1783318106.769661,2026-07-06T13:08:26.769661,5.07759,1.38456,7.03025,14.12000,8.13221,5.04675,1.37333,6.93086,13.96000,8.49447,0.00000,0.00000,0.00000,0.00000,0.00000,0.00000,0.00000,0.00000,0.00000,0.00000,13.96111,16.62668
46-1,1783318106.869779,2026-07-06T13:08:26.869779,5.07946,1.35038,6.85921,13.77000,8.81894,5.05479,1.37236,6.93697,13.95000,9.18898,0.00000,0.00000,0.00000,0.00000,0.00000,0.00000,0.00000,0.00000,0.00000,0.00000,13.79618,18.00793
46-1,1783318106.969897,2026-07-06T13:08:26.969897,5.07994,1.34159,6.81521,13.68000,9.50127,5.05475,1.37333,6.94185,13.96000,9.88399,0.00000,0.00000,0.00000,0.00000,0.00000,0.00000,0.00000,0.00000,0.00000,0.00000,13.75706,19.38526
46-1,1783318107.070015,2026-07-06T13:08:27.070015,5.08394,1.34159,6.82058,13.68000,10.18414,5.05097,1.36845,6.91200,13.91000,10.57600,0.00000,0.00000,0.00000,0.00000,0.00000,0.00000,0.00000,0.00000,0.00000,0.00000,13.73258,20.76014
46-1,1783318107.170134,2026-07-06T13:08:27.170134,5.08212,1.37480,6.98689,14.02000,10.88365,5.05497,1.36845,6.91747,13.91000,11.26857,0.00000,0.00000,0.00000,0.00000,0.00000,0.00000,0.00000,0.00000,0.00000,0.00000,13.90436,22.15222
46-1,1783318107.270252,2026-07-06T13:08:27.270252,5.08308,1.35722,6.89886,13.84000,11.57436,5.05767,1.39702,7.06565,14.20000,11.97597,0.00000,0.00000,0.00000,0.00000,0.00000,0.00000,0.00000,0.00000,0.00000,0.00000,13.96451,23.55033
46-1,1783318107.370371,2026-07-06T13:08:27.370371,5.07951,1.34941,6.85432,13.76000,12.26060,5.05875,1.37333,6.94734,13.96000,12.67153,0.00000,0.00000,0.00000,0.00000,0.00000,0.00000,0.00000,0.00000,0.00000,0.00000,13.80166,24.93213
46-1,1783318107.470489,2026-07-06T13:08:27.470489,5.07588,1.34257,6.81473,13.69000,12.94288,5.04283,1.37138,6.91564,13.94000,13.36391,0.00000,0.00000,0.00000,0.00000,0.00000,0.00000,0.00000,0.00000,0.00000,0.00000,13.73037,26.30679
46-1,1783318107.570607,2026-07-06T13:08:27.570607,5.08388,1.34257,6.82547,13.69000,13.62623,5.05483,1.37138,6.93210,13.94000,14.05794,0.00000,0.00000,0.00000,0.00000,0.00000,0.00000,0.00000,0.00000,0.00000,0.00000,13.75757,27.68417
46-1,1783318107.670725,2026-07-06T13:08:27.670725,5.08202,1.37675,6.99667,14.04000,14.32673,5.05354,1.39995,7.07468,14.23000,14.76624,0.00000,0.00000,0.00000,0.00000,0.00000,0.00000,0.00000,0.00000,0.00000,0.00000,14.07135,29.09297
46-1,1783318107.770843,2026-07-06T13:08:27.770843,5.08154,1.38554,7.04068,14.13000,15.03162,5.05470,1.37431,6.94672,13.97000,15.46174,0.00000,0.00000,0.00000,0.00000,0.00000,0.00000,0.00000,0.00000,0.00000,0.00000,13.98740,30.49336
46-1,1783318107.870964,2026-07-06T13:08:27.870964,5.08314,1.35624,6.89397,13.83000,15.72185,5.05061,1.37626,6.95097,13.99000,16.15767,0.00000,0.00000,0.00000,0.00000,0.00000,0.00000,0.00000,0.00000,0.00000,0.00000,13.84494,31.87952
46-1,1783318107.971082,2026-07-06T13:08:27.971082,5.08314,1.35624,6.89397,13.83000,16.41207,5.05061,1.37626,6.95097,13.99000,16.85359,0.00000,0.00000,0.00000,0.00000,0.00000,0.00000,0.00000,0.00000,0.00000,0.00000,13.84494,33.26566
46-1,1783318108.071199,2026-07-06T13:08:28.071199,5.08303,1.35820,6.90375,13.85000,17.10325,5.04991,1.39189,7.02890,14.15000,17.55730,0.00000,0.00000,0.00000,0.00000,0.00000,0.00000,0.00000,0.00000,0.00000,0.00000,13.93265,34.66055
46-1,1783318108.171316,2026-07-06T13:08:28.171316,5.08335,1.35234,6.87440,13.79000,17.79150,5.04936,1.40385,7.08856,14.27000,18.26699,0.00000,0.00000,0.00000,0.00000,0.00000,0.00000,0.00000,0.00000,0.00000,0.00000,13.96296,36.05849
46-1,1783318108.271434,2026-07-06T13:08:28.271434,5.08324,1.35429,6.88418,13.81000,18.48072,5.05079,1.37236,6.93148,13.95000,18.96095,0.00000,0.00000,0.00000,0.00000,0.00000,0.00000,0.00000,0.00000,0.00000,0.00000,13.81566,37.44168
46-1,1783318108.371552,2026-07-06T13:08:28.371552,5.08724,1.35429,6.88960,13.81000,19.17050,5.05052,1.37822,6.96071,13.95000,19.65785,0.00000,0.00000,0.00000,0.00000,0.00000,0.00000,0.00000,0.00000,0.00000,0.00000,13.85031,38.82835
46-1,1783318108.471669,2026-07-06T13:08:28.471669,5.08981,1.38066,7.02728,14.08000,19.87405,5.05052,1.37822,6.96071,14.01000,20.35473,0.00000,0.00000,0.00000,0.00000,0.00000,0.00000,0.00000,0.00000,0.00000,0.00000,13.98799,40.22878
46-1,1783318108.571788,2026-07-06T13:08:28.571788,5.08970,1.38261,7.03707,14.10000,20.57859,5.05870,1.37431,6.95222,13.97000,21.05078,0.00000,0.00000,0.00000,0.00000,0.00000,0.00000,0.00000,0.00000,0.00000,0.00000,13.98929,41.62937
46-1,1783318108.671908,2026-07-06T13:08:28.671908,5.07775,1.38163,7.01559,14.09000,21.28099,5.05763,1.39799,7.07052,14.21000,21.75868,0.00000,0.00000,0.00000,0.00000,0.00000,0.00000,0.00000,0.00000,0.00000,0.00000,14.08611,43.03967
46-1,1783318108.772025,2026-07-06T13:08:28.772025,5.07375,1.38163,7.01007,14.09000,21.98282,5.05323,1.40678,7.10879,14.30000,22.47039,0.00000,0.00000,0.00000,0.00000,0.00000,0.00000,0.00000,0.00000,0.00000,0.00000,14.11886,44.45321
46-1,1783318108.872144,2026-07-06T13:08:28.872144,5.08137,1.38871,7.05656,14.16000,22.68931,5.05323,1.40678,7.10879,14.30000,23.18212,0.00000,0.00000,0.00000,0.00000,0.00000,0.00000,0.00000,0.00000,0.00000,0.00000,14.16535,45.87143
47-1,1783318108.972286,2026-07-06T13:08:28.972286,5.08149,1.38652,7.04557,14.14000,0.70556,5.05017,1.38603,6.99968,14.09000,0.70096,0.00000,0.00000,0.00000,0.00000,0.00000,0.00000,0.00000,0.00000,0.00000,0.00000,14.04525,1.40652
47-1,1783318109.072405,2026-07-06T13:08:29.072405,5.08340,1.35136,6.86951,13.78000,1.39333,5.05035,1.38212,6.98020,14.05000,1.39982,0.00000,0.00000,0.00000,0.00000,0.00000,0.00000,0.00000,0.00000,0.00000,0.00000,13.84971,2.79314
47-1,1783318109.172524,2026-07-06T13:08:29.172524,5.08078,1.39946,7.11033,14.27000,2.10521,5.04336,1.44804,7.30300,14.72000,2.13098,0.00000,0.00000,0.00000,0.00000,0.00000,0.00000,0.00000,0.00000,0.00000,0.00000,14.41333,4.23619
47-1,1783318109.272644,2026-07-06T13:08:29.272644,5.10078,1.39946,7.13832,14.27000,2.81989,5.06736,1.44804,7.33776,14.72000,2.86563,0.00000,0.00000,0.00000,0.00000,0.00000,0.00000,0.00000,0.00000,0.00000,0.00000,14.47608,5.68553
47-1,1783318109.372762,2026-07-06T13:08:29.372762,5.09739,0.94827,4.83371,9.67000,3.30384,5.05908,1.10086,5.56936,11.19000,3.42323,0.00000,0.00000,0.00000,0.00000,0.00000,0.00000,0.00000,0.00000,0.00000,0.00000,10.40307,6.72707
47-1,1783318109.472881,2026-07-06T13:08:29.472881,5.07423,1.37284,6.96613,14.00000,4.00127,5.04688,1.37040,6.91626,13.93000,4.11568,0.00000,0.00000,0.00000,0.00000,0.00000,0.00000,0.00000,0.00000,0.00000,0.00000,13.88239,8.11695
48-1,1783318109.572998,2026-07-06T13:08:29.572998,5.07972,1.34550,6.83477,13.72000,0.68428,5.04967,1.39702,7.05447,14.20000,0.70628,0.00000,0.00000,0.00000,0.00000,0.00000,0.00000,0.00000,0.00000,0.00000,0.00000,13.88924,1.39056
48-1,1783318109.673120,2026-07-06T13:08:29.673120,5.08372,1.34550,6.84015,13.72000,1.36913,5.04967,1.39702,7.05447,14.20000,1.41258,0.00000,0.00000,0.00000,0.00000,0.00000,0.00000,0.00000,0.00000,0.00000,0.00000,13.89462,2.78172
48-1,1783318109.773238,2026-07-06T13:08:29.773238,5.08372,1.34550,6.84015,13.72000,2.05395,5.05013,1.38701,7.00455,14.10000,2.11386,0.00000,0.00000,0.00000,0.00000,0.00000,0.00000,0.00000,0.00000,0.00000,0.00000,13.84470,4.16781
48-1,1783318109.873356,2026-07-06T13:08:29.873356,5.07805,1.44951,7.36067,14.78000,2.79089,5.04331,1.53764,7.75481,15.63000,2.89026,0.00000,0.00000,0.00000,0.00000,0.00000,0.00000,0.00000,0.00000,0.00000,0.00000,15.11548,5.68115
48-1,1783318109.973475,2026-07-06T13:08:29.973475,5.11674,1.03348,5.28805,10.54000,3.32032,5.07196,1.25810,6.38101,12.79000,3.52912,0.00000,0.00000,0.00000,0.00000,0.00000,0.00000,0.00000,0.00000,0.00000,0.00000,11.66906,6.84944
48-1,1783318110.073592,2026-07-06T13:08:30.073592,5.09674,1.03348,5.26738,10.54000,3.84767,5.05596,1.25810,6.36088,12.79000,4.16595,0.00000,0.00000,0.00000,0.00000,0.00000,0.00000,0.00000,0.00000,0.00000,0.00000,11.62826,8.01363
48-1,1783318110.173711,2026-07-06T13:08:30.173711,5.08367,1.34648,6.84504,13.73000,4.53299,5.05479,1.37236,6.93697,13.95000,4.86047,0.00000,0.00000,0.00000,0.00000,0.00000,0.00000,0.00000,0.00000,0.00000,0.00000,13.78201,9.39346
48-1,1783318110.273829,2026-07-06T13:08:30.273829,5.08634,1.37089,6.97282,13.98000,5.23110,5.05358,1.39897,7.06981,14.22000,5.56829,0.00000,0.00000,0.00000,0.00000,0.00000,0.00000,0.00000,0.00000,0.00000,0.00000,14.04263,10.79939
48-1,1783318110.373947,2026-07-06T13:08:30.373947,5.08719,1.35527,6.89450,13.82000,5.92137,5.05066,1.37529,6.94610,13.98000,6.26372,0.00000,0.00000,0.00000,0.00000,0.00000,0.00000,0.00000,0.00000,0.00000,0.00000,13.84060,12.18509
49-1,1783318110.574189,2026-07-06T13:08:30.574189,5.08367,1.34648,6.84504,13.73000,0.68536,5.04853,1.33403,6.73486,13.56000,0.67433,0.00000,0.00000,0.00000,0.00000,0.00000,0.00000,0.00000,0.00000,0.00000,0.00000,13.57990,1.35969
49-1,1783318110.674310,2026-07-06T13:08:30.674310,5.07983,1.34355,6.82499,13.70000,1.36868,5.04648,1.37919,6.96007,14.02000,1.37118,0.00000,0.00000,0.00000,0.00000,0.00000,0.00000,0.00000,0.00000,0.00000,0.00000,13.78506,2.73986
49-1,1783318110.774430,2026-07-06T13:08:30.774430,5.07444,1.44243,7.31950,14.71000,2.10151,5.05073,1.46196,7.38396,14.86000,2.11046,0.00000,0.00000,0.00000,0.00000,0.00000,0.00000,0.00000,0.00000,0.00000,0.00000,14.70346,4.21196
49-1,1783318110.874549,2026-07-06T13:08:30.874549,5.11744,1.02078,5.22379,10.41000,2.62451,5.04673,1.46196,7.37811,14.86000,2.84915,0.00000,0.00000,0.00000,0.00000,0.00000,0.00000,0.00000,0.00000,0.00000,0.00000,12.60190,5.47366
49-1,1783318110.974666,2026-07-06T13:08:30.974666,5.10944,1.02078,5.21563,10.41000,3.14669,5.05013,1.38701,7.00455,14.10000,3.55042,0.00000,0.00000,0.00000,0.00000,0.00000,0.00000,0.00000,0.00000,0.00000,0.00000,12.22018,6.69711
49-1,1783318111.074785,2026-07-06T13:08:31.074785,5.08892,1.25028,6.36258,12.75000,3.78370,5.04999,1.38993,7.01916,14.13000,4.25317,0.00000,0.00000,0.00000,0.00000,0.00000,0.00000,0.00000,0.00000,0.00000,0.00000,13.38174,8.03686
49-1,1783318111.174902,2026-07-06T13:08:31.174902,5.08404,1.33964,6.81079,13.66000,4.46557,5.05475,1.37333,6.94185,13.96000,4.94817,0.00000,0.00000,0.00000,0.00000,0.00000,0.00000,0.00000,0.00000,0.00000,0.00000,13.75264,9.41374
49-1,1783318111.275020,2026-07-06T13:08:31.275020,5.08202,1.37675,6.99667,14.04000,5.16607,5.05475,1.37333,6.94185,13.96000,5.64317,0.00000,0.00000,0.00000,0.00000,0.00000,0.00000,0.00000,0.00000,0.00000,0.00000,13.93852,10.80924
49-1,1783318111.375138,2026-07-06T13:08:31.375138,5.08202,1.37675,6.99667,14.04000,5.86656,5.04967,1.39702,7.05447,14.20000,6.34945,0.00000,0.00000,0.00000,0.00000,0.00000,0.00000,0.00000,0.00000,0.00000,0.00000,14.05114,12.21602
49-1,1783318111.475257,2026-07-06T13:08:31.475257,5.07535,1.35234,6.86358,13.79000,6.55374,5.05075,1.37333,6.93636,13.96000,7.04392,0.00000,0.00000,0.00000,0.00000,0.00000,0.00000,0.00000,0.00000,0.00000,0.00000,13.79994,13.59765
50-1,1783318111.575396,2026-07-06T13:08:31.575396,5.07638,1.26005,6.39649,12.85000,0.64054,5.05755,1.31132,6.63207,13.33000,0.66413,0.00000,0.00000,0.00000,0.00000,0.00000,0.00000,0.00000,0.00000,0.00000,0.00000,13.02856,1.30466
50-1,1783318111.675513,2026-07-06T13:08:31.675513,5.07183,1.34355,6.81424,13.70000,1.32275,5.05355,1.31132,6.62682,13.33000,1.32758,0.00000,0.00000,0.00000,0.00000,0.00000,0.00000,0.00000,0.00000,0.00000,0.00000,13.44106,2.65033
50-1,1783318111.775631,2026-07-06T13:08:31.775631,5.10620,1.15336,5.88927,11.76000,1.91238,5.04288,1.37040,6.91078,13.93000,2.01948,0.00000,0.00000,0.00000,0.00000,0.00000,0.00000,0.00000,0.00000,0.00000,0.00000,12.80005,3.93186
50-1,1783318111.875750,2026-07-06T13:08:31.875750,5.09420,1.15336,5.87543,11.76000,2.50062,5.04270,1.37431,6.93023,13.97000,2.71332,0.00000,0.00000,0.00000,0.00000,0.00000,0.00000,0.00000,0.00000,0.00000,0.00000,12.80566,5.21394
50-1,1783318111.975864,2026-07-06T13:08:31.975864,5.07935,1.35234,6.86899,13.79000,3.18831,5.04714,1.36454,6.88705,13.87000,3.40282,0.00000,0.00000,0.00000,0.00000,0.00000,0.00000,0.00000,0.00000,0.00000,0.00000,13.75604,6.59112
50-1,1783318112.075983,2026-07-06T13:08:32.075983,5.07999,1.34062,6.81032,13.67000,3.87014,5.05514,1.36454,6.89796,13.87000,4.09343,0.00000,0.00000,0.00000,0.00000,0.00000,0.00000,0.00000,0.00000,0.00000,0.00000,13.70828,7.96357
50-1,1783318112.176100,2026-07-06T13:08:32.176100,5.08650,1.36796,6.95813,13.95000,4.56677,5.05035,1.38212,6.98020,14.05000,4.79227,0.00000,0.00000,0.00000,0.00000,0.00000,0.00000,0.00000,0.00000,0.00000,0.00000,13.93833,9.35904
50-1,1783318112.276220,2026-07-06T13:08:32.276220,5.08250,1.36796,6.95266,13.95000,5.26287,5.05092,1.36943,6.91687,13.92000,5.48478,0.00000,0.00000,0.00000,0.00000,0.00000,0.00000,0.00000,0.00000,0.00000,0.00000,13.86953,10.74765
50-1,1783318112.376337,2026-07-06T13:08:32.376337,5.08351,1.34941,6.85972,13.76000,5.94965,5.04981,1.39409,7.03986,14.17000,6.18960,0.00000,0.00000,0.00000,0.00000,0.00000,0.00000,0.00000,0.00000,0.00000,0.00000,13.89958,12.13925
50-1,1783318112.476456,2026-07-06T13:08:32.476456,5.08372,1.34550,6.84015,13.72000,6.63448,5.04981,1.39409,7.03986,14.17000,6.89442,0.00000,0.00000,0.00000,0.00000,0.00000,0.00000,0.00000,0.00000,0.00000,0.00000,13.88001,13.52890
50-1,1783318112.576574,2026-07-06T13:08:32.576574,5.08196,1.37773,7.00156,14.05000,7.33546,5.05475,1.37333,6.94185,13.96000,7.58942,0.00000,0.00000,0.00000,0.00000,0.00000,0.00000,0.00000,0.00000,0.00000,0.00000,13.94341,14.92488
50-1,1783318112.676691,2026-07-06T13:08:32.676691,5.08196,1.37773,7.00156,14.05000,8.03644,5.05363,1.39799,7.06493,14.21000,8.29674,0.00000,0.00000,0.00000,0.00000,0.00000,0.00000,0.00000,0.00000,0.00000,0.00000,14.06649,16.33318
50-1,1783318112.776810,2026-07-06T13:08:32.776810,5.08351,1.34941,6.85972,13.76000,8.72322,5.05475,1.37333,6.94185,13.96000,8.99175,0.00000,0.00000,0.00000,0.00000,0.00000,0.00000,0.00000,0.00000,0.00000,0.00000,13.80157,17.71497
50-1,1783318112.876930,2026-07-06T13:08:32.876930,5.08362,1.34745,6.84994,13.74000,9.40903,5.05075,1.37333,6.93636,13.96000,9.68622,0.00000,0.00000,0.00000,0.00000,0.00000,0.00000,0.00000,0.00000,0.00000,0.00000,13.78630,19.09525
50-1,1783318112.977048,2026-07-06T13:08:32.977048,5.08618,1.37382,6.98750,14.01000,10.10861,5.05479,1.37236,6.93697,13.95000,10.38074,0.00000,0.00000,0.00000,0.00000,0.00000,0.00000,0.00000,0.00000,0.00000,0.00000,13.92447,20.48935
50-1,1783318113.077165,2026-07-06T13:08:33.077165,5.08292,1.36015,6.91353,13.87000,10.80077,5.05435,1.38212,6.98573,14.05000,11.08013,0.00000,0.00000,0.00000,0.00000,0.00000,0.00000,0.00000,0.00000,0.00000,0.00000,13.89926,21.88090
50-1,1783318113.177284,2026-07-06T13:08:33.177284,5.08292,1.36015,6.91353,13.87000,11.49295,5.04652,1.37822,6.95520,14.01000,11.77647,0.00000,0.00000,0.00000,0.00000,0.00000,0.00000,0.00000,0.00000,0.00000,0.00000,13.86873,23.26942
50-1,1783318113.277401,2026-07-06T13:08:33.277401,5.07951,1.34941,6.85432,13.76000,12.17918,5.05452,1.37822,6.96623,14.01000,12.47391,0.00000,0.00000,0.00000,0.00000,0.00000,0.00000,0.00000,0.00000,0.00000,0.00000,13.82055,24.65310
50-1,1783318113.377518,2026-07-06T13:08:33.377518,5.07962,1.34745,6.84455,13.74000,12.86444,5.05386,1.39286,7.03935,14.16000,13.17868,0.00000,0.00000,0.00000,0.00000,0.00000,0.00000,0.00000,0.00000,0.00000,0.00000,13.88390,26.04312
50-1,1783318113.477636,2026-07-06T13:08:33.477636,5.08607,1.37577,6.99729,14.03000,13.56499,5.05457,1.37724,6.96135,14.00000,13.87563,0.00000,0.00000,0.00000,0.00000,0.00000,0.00000,0.00000,0.00000,0.00000,0.00000,13.95864,27.44062
50-1,1783318113.577752,2026-07-06T13:08:33.577752,5.08607,1.37577,6.99729,14.03000,14.26554,5.05466,1.37529,6.95160,13.98000,14.57160,0.00000,0.00000,0.00000,0.00000,0.00000,0.00000,0.00000,0.00000,0.00000,0.00000,13.94889,28.83714
50-1,1783318113.677870,2026-07-06T13:08:33.677870,5.08554,1.38554,7.04622,14.13000,14.97099,5.05066,1.37529,6.94610,13.98000,15.26702,0.00000,0.00000,0.00000,0.00000,0.00000,0.00000,0.00000,0.00000,0.00000,0.00000,13.99232,30.23801
50-1,1783318113.777989,2026-07-06T13:08:33.777989,5.08719,1.35527,6.89450,13.82000,15.66126,5.04617,1.38603,6.99414,14.09000,15.96727,0.00000,0.00000,0.00000,0.00000,0.00000,0.00000,0.00000,0.00000,0.00000,0.00000,13.88864,31.62853
50-1,1783318113.878105,2026-07-06T13:08:33.878105,5.07924,1.35429,6.87877,13.81000,16.34994,5.04541,1.40287,7.07808,14.26000,16.67590,0.00000,0.00000,0.00000,0.00000,0.00000,0.00000,0.00000,0.00000,0.00000,0.00000,13.95685,33.02584
50-1,1783318113.978224,2026-07-06T13:08:33.978224,5.07524,1.35429,6.87335,13.81000,17.03809,5.05057,1.37724,6.95584,14.00000,17.37231,0.00000,0.00000,0.00000,0.00000,0.00000,0.00000,0.00000,0.00000,0.00000,0.00000,13.82919,34.41040
50-1,1783318114.078343,2026-07-06T13:08:34.078343,5.08356,1.34843,6.85483,13.75000,17.72438,5.05057,1.37724,6.95584,14.00000,18.06872,0.00000,0.00000,0.00000,0.00000,0.00000,0.00000,0.00000,0.00000,0.00000,0.00000,13.81067,35.79311
50-1,1783318114.178463,2026-07-06T13:08:34.178463,5.08239,1.36991,6.96244,13.97000,18.42146,5.05461,1.37626,6.95648,13.99000,18.76520,0.00000,0.00000,0.00000,0.00000,0.00000,0.00000,0.00000,0.00000,0.00000,0.00000,13.91892,37.18667
50-1,1783318114.278579,2026-07-06T13:08:34.278579,5.08196,1.37773,7.00156,14.05000,19.12244,5.05381,1.39409,7.04544,14.17000,19.47057,0.00000,0.00000,0.00000,0.00000,0.00000,0.00000,0.00000,0.00000,0.00000,0.00000,14.04700,38.59301
50-1,1783318114.378696,2026-07-06T13:08:34.378696,5.08570,1.38261,7.03154,14.05000,19.82641,5.04928,1.40580,7.09829,14.29000,20.18123,0.00000,0.00000,0.00000,0.00000,0.00000,0.00000,0.00000,0.00000,0.00000,0.00000,14.12983,40.00764
50-1,1783318114.478816,2026-07-06T13:08:34.478816,5.08570,1.38261,7.03154,14.10000,20.53041,5.05328,1.40580,7.10392,14.29000,20.89247,0.00000,0.00000,0.00000,0.00000,0.00000,0.00000,0.00000,0.00000,0.00000,0.00000,14.13546,41.42288
50-1,1783318114.578934,2026-07-06T13:08:34.578934,5.08575,1.38163,7.02665,14.09000,21.23390,5.05435,1.38212,6.98573,14.05000,21.59187,0.00000,0.00000,0.00000,0.00000,0.00000,0.00000,0.00000,0.00000,0.00000,0.00000,14.01238,42.82577
50-1,1783318114.679053,2026-07-06T13:08:34.679053,5.08537,1.38871,7.06212,14.16000,21.94095,5.05457,1.37724,6.96135,14.00000,22.28883,0.00000,0.00000,0.00000,0.00000,0.00000,0.00000,0.00000,0.00000,0.00000,0.00000,14.02347,44.22978
50-1,1783318114.779171,2026-07-06T13:08:34.779171,5.08591,1.37870,7.01197,14.06000,22.64298,5.05039,1.38115,6.97533,14.04000,22.98719,0.00000,0.00000,0.00000,0.00000,0.00000,0.00000,0.00000,0.00000,0.00000,0.00000,13.98730,45.63017
50-1,1783318114.879288,2026-07-06T13:08:34.879288,5.08191,1.37870,7.00645,14.06000,23.34445,5.05039,1.38115,6.97533,14.04000,23.68554,0.00000,0.00000,0.00000,0.00000,0.00000,0.00000,0.00000,0.00000,0.00000,0.00000,13.98178,47.02999
50-1,1783318114.979406,2026-07-06T13:08:34.979406,5.08628,1.37187,6.97771,13.99000,24.04304,5.04697,1.36845,6.90652,13.91000,24.37701,0.00000,0.00000,0.00000,0.00000,0.00000,0.00000,0.00000,0.00000,0.00000,0.00000,13.88423,48.42004
50-1,1783318115.079525,2026-07-06T13:08:35.079525,5.08634,1.37089,6.97282,13.98000,24.74115,5.04586,1.39286,7.02820,14.16000,25.08066,0.00000,0.00000,0.00000,0.00000,0.00000,0.00000,0.00000,0.00000,0.00000,0.00000,14.00102,49.82181
50-1,1783318115.179644,2026-07-06T13:08:35.179644,5.07839,1.36991,6.95696,13.97000,25.43768,5.05350,1.40092,7.07955,14.24000,25.78946,0.00000,0.00000,0.00000,0.00000,0.00000,0.00000,0.00000,0.00000,0.00000,0.00000,14.03651,51.22714
50-1,1783318115.279763,2026-07-06T13:08:35.279763,5.08239,1.36991,6.96244,13.97000,26.13474,5.05350,1.40092,7.07955,14.24000,26.49825,0.00000,0.00000,0.00000,0.00000,0.00000,0.00000,0.00000,0.00000,0.00000,0.00000,14.04199,52.63300
50-1,1783318115.379880,2026-07-06T13:08:35.379880,5.08623,1.37284,6.98261,14.00000,26.83382,5.05754,1.39995,7.08028,14.23000,27.20711,0.00000,0.00000,0.00000,0.00000,0.00000,0.00000,0.00000,0.00000,0.00000,0.00000,14.06289,54.04093
50-1,1783318115.479950,2026-07-06T13:08:35.479950,5.08549,1.38652,7.05111,14.14000,27.53943,5.05741,1.40287,7.09491,14.26000,27.91710,0.00000,0.00000,0.00000,0.00000,0.00000,0.00000,0.00000,0.00000,0.00000,0.00000,14.14602,55.45652
50-1,1783318115.580068,2026-07-06T13:08:35.580068,5.08921,1.39164,7.08236,14.19000,28.24850,5.06136,1.40385,7.10540,14.27000,28.62848,0.00000,0.00000,0.00000,0.00000,0.00000,0.00000,0.00000,0.00000,0.00000,0.00000,14.18776,56.87698
50-1,1783318115.680187,2026-07-06T13:08:35.680187,5.08921,1.39164,7.08236,14.19000,28.95758,5.04536,1.40385,7.08294,14.27000,29.33762,0.00000,0.00000,0.00000,0.00000,0.00000,0.00000,0.00000,0.00000,0.00000,0.00000,14.16530,58.29519
50-1,1783318115.780305,2026-07-06T13:08:35.780305,5.06149,1.38652,7.01784,14.14000,29.66019,5.04923,1.40678,7.10316,14.30000,30.04877,0.00000,0.00000,0.00000,0.00000,0.00000,0.00000,0.00000,0.00000,0.00000,0.00000,14.12100,59.70896
50-1,1783318115.880423,2026-07-06T13:08:35.880423,5.09391,1.37870,7.02300,14.06000,30.36332,5.04941,1.40287,7.08369,14.26000,30.75798,0.00000,0.00000,0.00000,0.00000,0.00000,0.00000,0.00000,0.00000,0.00000,0.00000,14.10669,61.12130
50-1,1783318115.980543,2026-07-06T13:08:35.980543,5.09375,1.38163,7.03770,14.09000,31.06793,5.04519,1.40776,7.10240,14.31000,31.46907,0.00000,0.00000,0.00000,0.00000,0.00000,0.00000,0.00000,0.00000,0.00000,0.00000,14.14010,62.53700
50-1,1783318116.080660,2026-07-06T13:08:36.080660,5.08959,1.38456,7.04686,14.12000,31.77344,5.05319,1.40776,7.11366,14.31000,32.18126,0.00000,0.00000,0.00000,0.00000,0.00000,0.00000,0.00000,0.00000,0.00000,0.00000,14.16052,63.95470
50-1,1783318116.180778,2026-07-06T13:08:36.180778,5.06559,1.38456,7.01364,14.12000,32.47564,5.05314,1.40873,7.11854,14.32000,32.89396,0.00000,0.00000,0.00000,0.00000,0.00000,0.00000,0.00000,0.00000,0.00000,0.00000,14.13218,65.36959
50-1,1783318116.280893,2026-07-06T13:08:36.280893,5.08287,1.36113,6.91842,13.88000,33.16827,5.05336,1.40385,7.09417,14.27000,33.60419,0.00000,0.00000,0.00000,0.00000,0.00000,0.00000,0.00000,0.00000,0.00000,0.00000,14.01259,66.77246
50-1,1783318116.381012,2026-07-06T13:08:36.381012,5.08308,1.35722,6.89886,13.84000,33.85898,5.05336,1.40385,7.09417,14.27000,34.31445,0.00000,0.00000,0.00000,0.00000,0.00000,0.00000,0.00000,0.00000,0.00000,0.00000,13.99303,68.17343
50-1,1783318116.481129,2026-07-06T13:08:36.481129,5.07871,1.36406,6.92764,13.91000,34.55256,5.05328,1.40580,7.10392,14.29000,35.02568,0.00000,0.00000,0.00000,0.00000,0.00000,0.00000,0.00000,0.00000,0.00000,0.00000,14.03156,69.57823
51-1,1783318116.581274,2026-07-06T13:08:36.581274,5.08271,1.36406,6.93310,13.91000,0.69432,5.05728,1.40580,7.10954,14.29000,0.71199,0.00000,0.00000,0.00000,0.00000,0.00000,0.00000,0.00000,0.00000,0.00000,0.00000,14.04264,1.40630
51-1,1783318116.681395,2026-07-06T13:08:36.681395,5.08897,1.24931,6.35768,12.74000,1.33085,5.05604,1.34477,6.79920,13.67000,1.39273,0.00000,0.00000,0.00000,0.00000,0.00000,0.00000,0.00000,0.00000,0.00000,0.00000,13.15688,2.72358
51-1,1783318116.781514,2026-07-06T13:08:36.781514,5.08378,1.34452,6.83526,13.71000,2.01519,5.05421,1.38505,7.00035,14.08000,2.09360,0.00000,0.00000,0.00000,0.00000,0.00000,0.00000,0.00000,0.00000,0.00000,0.00000,13.83561,4.10879
51-1,1783318116.881633,2026-07-06T13:08:36.881633,5.08599,1.15726,5.88582,11.80000,2.60447,5.06474,0.97586,4.94248,9.92000,2.58843,0.00000,0.00000,0.00000,0.00000,0.00000,0.00000,0.00000,0.00000,0.00000,0.00000,10.82830,5.19291
51-1,1783318116.981751,2026-07-06T13:08:36.981751,5.06999,1.15726,5.86731,11.80000,3.19190,5.04874,0.97586,4.92687,9.92000,3.08170,0.00000,0.00000,0.00000,0.00000,0.00000,0.00000,0.00000,0.00000,0.00000,0.00000,10.79418,6.27360
51-1,1783318117.081869,2026-07-06T13:08:37.081869,5.07733,1.31596,6.68156,13.42000,3.86084,5.04911,1.32109,6.67031,13.43000,3.74952,0.00000,0.00000,0.00000,0.00000,0.00000,0.00000,0.00000,0.00000,0.00000,0.00000,13.35187,7.61036
51-1,1783318117.181986,2026-07-06T13:08:37.181986,5.07946,1.35038,6.85921,13.77000,4.54757,5.04714,1.36454,6.88705,13.87000,4.43903,0.00000,0.00000,0.00000,0.00000,0.00000,0.00000,0.00000,0.00000,0.00000,0.00000,13.74626,8.98660
51-1,1783318117.282104,2026-07-06T13:08:37.282104,5.07818,1.37382,6.97651,14.01000,5.24604,5.05479,1.37236,6.93697,13.95000,5.13355,0.00000,0.00000,0.00000,0.00000,0.00000,0.00000,0.00000,0.00000,0.00000,0.00000,13.91348,10.37959
51-1,1783318117.382223,2026-07-06T13:08:37.382223,5.08340,1.35136,6.86951,13.78000,5.93381,5.04679,1.37236,6.92599,13.95000,5.82697,0.00000,0.00000,0.00000,0.00000,0.00000,0.00000,0.00000,0.00000,0.00000,0.00000,13.79550,11.76078
51-1,1783318117.482341,2026-07-06T13:08:37.482341,5.07940,1.35136,6.86410,13.78000,6.62103,5.05479,1.37236,6.93697,13.95000,6.52148,0.00000,0.00000,0.00000,0.00000,0.00000,0.00000,0.00000,0.00000,0.00000,0.00000,13.80107,13.14251
51-1,1783318117.582460,2026-07-06T13:08:37.582460,5.08746,1.35038,6.87001,13.77000,7.30885,5.05350,1.40092,7.07955,14.24000,7.23028,0.00000,0.00000,0.00000,0.00000,0.00000,0.00000,0.00000,0.00000,0.00000,0.00000,13.94956,14.53912
51-1,1783318117.682578,2026-07-06T13:08:37.682578,5.08612,1.37480,6.99239,14.02000,8.00891,5.05470,1.37431,6.94672,13.97000,7.92577,0.00000,0.00000,0.00000,0.00000,0.00000,0.00000,0.00000,0.00000,0.00000,0.00000,13.93911,15.93468
51-1,1783318117.782697,2026-07-06T13:08:37.782697,5.08298,1.35917,6.90864,13.86000,8.70060,5.05470,1.37431,6.94672,13.97000,8.62127,0.00000,0.00000,0.00000,0.00000,0.00000,0.00000,0.00000,0.00000,0.00000,0.00000,13.85536,17.32187
51-1,1783318117.882815,2026-07-06T13:08:37.882815,5.07898,1.35917,6.90321,13.86000,9.39173,5.05395,1.39091,7.02960,14.14000,9.32506,0.00000,0.00000,0.00000,0.00000,0.00000,0.00000,0.00000,0.00000,0.00000,0.00000,13.93281,18.71679
51-1,1783318117.982933,2026-07-06T13:08:37.982933,5.07924,1.35429,6.87877,13.81000,10.08042,5.05461,1.37626,6.95648,13.99000,10.02153,0.00000,0.00000,0.00000,0.00000,0.00000,0.00000,0.00000,0.00000,0.00000,0.00000,13.83525,20.10195
51-1,1783318118.083051,2026-07-06T13:08:38.083051,5.07946,1.35038,6.85921,13.77000,10.76715,5.05070,1.37431,6.94123,13.97000,10.71647,0.00000,0.00000,0.00000,0.00000,0.00000,0.00000,0.00000,0.00000,0.00000,0.00000,13.80044,21.48362
51-1,1783318118.183168,2026-07-06T13:08:38.183168,5.08186,1.37968,7.01134,14.07000,11.46910,5.05470,1.37431,6.94672,13.97000,11.41195,0.00000,0.00000,0.00000,0.00000,0.00000,0.00000,0.00000,0.00000,0.00000,0.00000,13.95806,22.88106
51-1,1783318118.283287,2026-07-06T13:08:38.283287,5.08586,1.37968,7.01686,14.07000,12.17162,5.04954,1.39995,7.06908,14.23000,12.11970,0.00000,0.00000,0.00000,0.00000,0.00000,0.00000,0.00000,0.00000,0.00000,0.00000,14.08594,24.29133
51-1,1783318118.383404,2026-07-06T13:08:38.383404,5.07876,1.36308,6.92276,13.90000,12.86472,5.05057,1.37724,6.95584,14.00000,12.81611,0.00000,0.00000,0.00000,0.00000,0.00000,0.00000,0.00000,0.00000,0.00000,0.00000,13.87860,25.68082
51-1,1783318118.483523,2026-07-06T13:08:38.483523,5.07924,1.35429,6.87877,13.81000,13.55341,5.05461,1.37626,6.95648,13.99000,13.51258,0.00000,0.00000,0.00000,0.00000,0.00000,0.00000,0.00000,0.00000,0.00000,0.00000,13.83525,27.06599
51-1,1783318118.583642,2026-07-06T13:08:38.583642,5.07930,1.35331,6.87388,13.80000,14.24162,5.05461,1.37626,6.95648,13.99000,14.20906,0.00000,0.00000,0.00000,0.00000,0.00000,0.00000,0.00000,0.00000,0.00000,0.00000,13.83036,28.45067
51-1,1783318118.683760,2026-07-06T13:08:38.683760,5.08255,1.36699,6.94777,13.94000,14.93721,5.05376,1.39506,7.05031,14.18000,14.91492,0.00000,0.00000,0.00000,0.00000,0.00000,0.00000,0.00000,0.00000,0.00000,0.00000,13.99808,29.85213
52-1,1783318118.783903,2026-07-06T13:08:38.783903,5.08255,1.36699,6.94777,13.94000,0.69577,5.05661,1.33207,6.73577,13.54000,0.67454,0.00000,0.00000,0.00000,0.00000,0.00000,0.00000,0.00000,0.00000,0.00000,0.00000,13.68354,1.37031
52-1,1783318118.884019,2026-07-06T13:08:38.884019,5.09418,1.37382,6.99849,14.01000,1.39643,5.04928,1.40580,7.09829,14.29000,1.38520,0.00000,0.00000,0.00000,0.00000,0.00000,0.00000,0.00000,0.00000,0.00000,0.00000,14.09678,2.78163
52-1,1783318118.984138,2026-07-06T13:08:38.984138,5.10610,1.15531,5.89912,11.78000,1.98705,5.03728,1.40580,7.08142,14.29000,2.09418,0.00000,0.00000,0.00000,0.00000,0.00000,0.00000,0.00000,0.00000,0.00000,0.00000,12.98054,4.08123
52-1,1783318119.084256,2026-07-06T13:08:39.084256,5.07946,1.35038,6.85921,13.77000,2.67378,5.05501,1.36747,6.91259,13.90000,2.78626,0.00000,0.00000,0.00000,0.00000,0.00000,0.00000,0.00000,0.00000,0.00000,0.00000,13.77180,5.46003
52-1,1783318119.184375,2026-07-06T13:08:39.184375,5.07946,1.35038,6.85921,13.77000,3.36051,5.05381,1.39409,7.04544,14.17000,3.49163,0.00000,0.00000,0.00000,0.00000,0.00000,0.00000,0.00000,0.00000,0.00000,0.00000,13.90465,6.85215
52-1,1783318119.284494,2026-07-06T13:08:39.284494,5.08372,1.34550,6.84015,13.72000,4.04534,5.05892,1.36943,6.92782,13.92000,4.18524,0.00000,0.00000,0.00000,0.00000,0.00000,0.00000,0.00000,0.00000,0.00000,0.00000,13.76797,8.23058
52-1,1783318119.384613,2026-07-06T13:08:39.384613,5.08212,1.37480,6.98689,14.02000,4.74486,5.05092,1.36943,6.91687,13.92000,4.87775,0.00000,0.00000,0.00000,0.00000,0.00000,0.00000,0.00000,0.00000,0.00000,0.00000,13.90376,9.62261
53-1,1783318119.484750,2026-07-06T13:08:39.484750,5.08806,1.26591,6.44102,12.91000,0.64499,5.04981,1.39409,7.03986,14.17000,0.70495,0.00000,0.00000,0.00000,0.00000,0.00000,0.00000,0.00000,0.00000,0.00000,0.00000,13.48088,1.34994
53-1,1783318119.584868,2026-07-06T13:08:39.584868,5.08406,1.26591,6.43596,12.91000,1.28934,5.05030,1.38310,6.98507,14.06000,1.40428,0.00000,0.00000,0.00000,0.00000,0.00000,0.00000,0.00000,0.00000,0.00000,0.00000,13.42103,2.69363
53-1,1783318119.684987,2026-07-06T13:08:39.684987,5.09428,1.37187,6.98869,13.99000,1.98904,5.06014,1.16581,5.89915,11.85000,1.99490,0.00000,0.00000,0.00000,0.00000,0.00000,0.00000,0.00000,0.00000,0.00000,0.00000,12.88784,3.98394
53-1,1783318119.785106,2026-07-06T13:08:39.785106,5.10996,1.08451,5.54178,11.06000,2.54388,5.04814,1.16581,5.88516,11.85000,2.58412,0.00000,0.00000,0.00000,0.00000,0.00000,0.00000,0.00000,0.00000,0.00000,0.00000,11.42694,5.12800
53-1,1783318119.885225,2026-07-06T13:08:39.885225,5.08308,1.35722,6.89886,13.84000,3.23458,5.05532,1.36064,6.87846,13.83000,3.27278,0.00000,0.00000,0.00000,0.00000,0.00000,0.00000,0.00000,0.00000,0.00000,0.00000,13.77732,6.50736
53-1,1783318119.985345,2026-07-06T13:08:39.985345,5.08346,1.35038,6.86461,13.84000,3.92187,5.05483,1.37138,6.93210,13.94000,3.96682,0.00000,0.00000,0.00000,0.00000,0.00000,0.00000,0.00000,0.00000,0.00000,0.00000,13.79671,7.88870
53-1,1783318120.085463,2026-07-06T13:08:40.085463,5.07946,1.35038,6.85921,13.77000,4.60860,5.05114,1.36454,6.89251,13.87000,4.65689,0.00000,0.00000,0.00000,0.00000,0.00000,0.00000,0.00000,0.00000,0.00000,0.00000,13.75172,9.26549
53-1,1783318120.185582,2026-07-06T13:08:40.185582,5.08356,1.34843,6.85483,13.75000,5.29490,5.05114,1.36454,6.89251,13.87000,5.34696,0.00000,0.00000,0.00000,0.00000,0.00000,0.00000,0.00000,0.00000,0.00000,0.00000,13.74734,10.64186
53-1,1783318120.285700,2026-07-06T13:08:40.285700,5.08218,1.37382,6.98200,14.01000,5.99393,5.05075,1.37333,6.93636,13.96000,6.04142,0.00000,0.00000,0.00000,0.00000,0.00000,0.00000,0.00000,0.00000,0.00000,0.00000,13.91836,12.03534
53-1,1783318120.385819,2026-07-06T13:08:40.385819,5.08367,1.34648,6.84504,13.73000,6.67924,5.05101,1.36747,6.90712,13.90000,6.73295,0.00000,0.00000,0.00000,0.00000,0.00000,0.00000,0.00000,0.00000,0.00000,0.00000,13.75216,13.41219
53-1,1783318120.485939,2026-07-06T13:08:40.485939,5.07967,1.34648,6.83966,13.73000,7.36403,5.05345,1.40190,7.08443,14.25000,7.44224,0.00000,0.00000,0.00000,0.00000,0.00000,0.00000,0.00000,0.00000,0.00000,0.00000,13.92409,14.80626
53-1,1783318120.586056,2026-07-06T13:08:40.586056,5.07546,1.35038,6.85381,13.77000,8.05022,5.04545,1.40190,7.07321,14.25000,8.15039,0.00000,0.00000,0.00000,0.00000,0.00000,0.00000,0.00000,0.00000,0.00000,0.00000,13.92702,16.20061
53-1,1783318120.686173,2026-07-06T13:08:40.686173,5.07407,1.37577,6.98078,14.03000,8.74911,5.05466,1.37529,6.95160,13.98000,8.84636,0.00000,0.00000,0.00000,0.00000,0.00000,0.00000,0.00000,0.00000,0.00000,0.00000,13.93238,17.59547
53-1,1783318120.786291,2026-07-06T13:08:40.786291,5.08319,1.35527,6.88907,13.82000,9.43883,5.05372,1.39604,7.05519,14.19000,9.55272,0.00000,0.00000,0.00000,0.00000,0.00000,0.00000,0.00000,0.00000,0.00000,0.00000,13.94426,18.99155
53-1,1783318120.886408,2026-07-06T13:08:40.886408,5.07919,1.35527,6.88365,13.82000,10.12800,5.05466,1.37529,6.95160,13.98000,10.24869,0.00000,0.00000,0.00000,0.00000,0.00000,0.00000,0.00000,0.00000,0.00000,0.00000,13.83525,20.37669
53-1,1783318120.986526,2026-07-06T13:08:40.986526,5.07930,1.35331,6.87388,13.80000,10.81620,5.05066,1.37529,6.94610,13.98000,10.94412,0.00000,0.00000,0.00000,0.00000,0.00000,0.00000,0.00000,0.00000,0.00000,0.00000,13.81998,21.76031
53-1,1783318121.086644,2026-07-06T13:08:41.086644,5.07924,1.35429,6.87877,13.81000,11.50489,5.05497,1.36845,6.91747,13.91000,11.63668,0.00000,0.00000,0.00000,0.00000,0.00000,0.00000,0.00000,0.00000,0.00000,0.00000,13.79624,23.14157
53-1,1783318121.186762,2026-07-06T13:08:41.186762,5.08186,1.37968,7.01134,14.07000,12.20685,5.05372,1.39604,7.05519,14.19000,12.34303,0.00000,0.00000,0.00000,0.00000,0.00000,0.00000,0.00000,0.00000,0.00000,0.00000,14.06653,24.54988
53-1,1783318121.286880,2026-07-06T13:08:41.286880,5.08186,1.37968,7.01134,14.07000,12.90881,5.05061,1.37626,6.95097,13.99000,13.03895,0.00000,0.00000,0.00000,0.00000,0.00000,0.00000,0.00000,0.00000,0.00000,0.00000,13.96231,25.94776
53-1,1783318121.386998,2026-07-06T13:08:41.386998,5.07514,1.35624,6.88312,13.83000,13.59793,5.04661,1.37626,6.94547,13.99000,13.73432,0.00000,0.00000,0.00000,0.00000,0.00000,0.00000,0.00000,0.00000,0.00000,0.00000,13.82859,27.33225
53-1,1783318121.487116,2026-07-06T13:08:41.487116,5.07919,1.35527,6.88365,13.82000,14.28711,5.05483,1.37138,6.93210,13.94000,14.42835,0.00000,0.00000,0.00000,0.00000,0.00000,0.00000,0.00000,0.00000,0.00000,0.00000,13.81575,28.71546
53-1,1783318121.587234,2026-07-06T13:08:41.587234,5.07956,1.34843,6.84943,13.75000,14.97286,5.05363,1.39799,7.06493,14.21000,15.13567,0.00000,0.00000,0.00000,0.00000,0.00000,0.00000,0.00000,0.00000,0.00000,0.00000,13.91436,30.10853
53-1,1783318121.687352,2026-07-06T13:08:41.687352,5.08223,1.37284,6.97711,14.00000,15.67140,5.05421,1.38505,7.00035,14.08000,15.83653,0.00000,0.00000,0.00000,0.00000,0.00000,0.00000,0.00000,0.00000,0.00000,0.00000,13.97746,31.50793
53-1,1783318121.787469,2026-07-06T13:08:41.787469,5.08623,1.37284,6.98261,14.00000,16.37047,5.05021,1.38505,6.99481,14.08000,16.53683,0.00000,0.00000,0.00000,0.00000,0.00000,0.00000,0.00000,0.00000,0.00000,0.00000,13.97742,32.90730
53-1,1783318121.887586,2026-07-06T13:08:41.887586,5.08559,1.38456,7.04133,14.12000,17.07543,5.05448,1.37919,6.97110,14.02000,17.23476,0.00000,0.00000,0.00000,0.00000,0.00000,0.00000,0.00000,0.00000,0.00000,0.00000,14.01243,34.31019
53-1,1783318121.987704,2026-07-06T13:08:41.987704,5.08586,1.37968,7.01686,14.07000,17.77795,5.05457,1.37724,6.96135,14.00000,17.93171,0.00000,0.00000,0.00000,0.00000,0.00000,0.00000,0.00000,0.00000,0.00000,0.00000,13.97821,35.70966
53-1,1783318122.087822,2026-07-06T13:08:42.087822,5.07919,1.35527,6.88365,13.82000,18.46712,5.05354,1.39995,7.07468,14.23000,18.64001,0.00000,0.00000,0.00000,0.00000,0.00000,0.00000,0.00000,0.00000,0.00000,0.00000,13.95833,37.10713
53-1,1783318122.187940,2026-07-06T13:08:42.187940,5.08319,1.35527,6.88907,13.82000,19.15684,5.05354,1.39995,7.07468,14.23000,19.34832,0.00000,0.00000,0.00000,0.00000,0.00000,0.00000,0.00000,0.00000,0.00000,0.00000,13.96375,38.50515
53-1,1783318122.288057,2026-07-06T13:08:42.288057,5.08335,1.35234,6.87440,13.79000,19.84509,5.05395,1.39091,7.02960,14.14000,20.05210,0.00000,0.00000,0.00000,0.00000,0.00000,0.00000,0.00000,0.00000,0.00000,0.00000,13.90400,39.89719
53-1,1783318122.388176,2026-07-06T13:08:42.388176,5.08303,1.35820,6.90375,13.85000,20.53628,5.05448,1.37919,6.97110,14.02000,20.75004,0.00000,0.00000,0.00000,0.00000,0.00000,0.00000,0.00000,0.00000,0.00000,0.00000,13.87485,41.28632
53-1,1783318122.488295,2026-07-06T13:08:42.488295,5.07919,1.35527,6.88365,13.82000,21.22546,5.05452,1.37822,6.96623,14.01000,21.44749,0.00000,0.00000,0.00000,0.00000,0.00000,0.00000,0.00000,0.00000,0.00000,0.00000,13.84988,42.67295
53-1,1783318122.588413,2026-07-06T13:08:42.588413,5.07919,1.35527,6.88365,13.82000,21.91464,5.04652,1.37822,6.95520,14.01000,22.14383,0.00000,0.00000,0.00000,0.00000,0.00000,0.00000,0.00000,0.00000,0.00000,0.00000,13.83885,44.05847
53-1,1783318122.688529,2026-07-06T13:08:42.688529,5.08378,1.34452,6.83526,13.71000,22.59896,5.05052,1.37822,6.96071,14.01000,22.84071,0.00000,0.00000,0.00000,0.00000,0.00000,0.00000,0.00000,0.00000,0.00000,0.00000,13.79597,45.43967
53-1,1783318122.788647,2026-07-06T13:08:42.788647,5.08314,1.35624,6.89397,13.83000,23.28917,5.04950,1.40092,7.07395,14.24000,23.54894,0.00000,0.00000,0.00000,0.00000,0.00000,0.00000,0.00000,0.00000,0.00000,0.00000,13.96792,46.83811
53-1,1783318122.888765,2026-07-06T13:08:42.888765,5.08292,1.36015,6.91353,13.87000,23.98134,5.05772,1.39604,7.06077,14.19000,24.25585,0.00000,0.00000,0.00000,0.00000,0.00000,0.00000,0.00000,0.00000,0.00000,0.00000,13.97430,48.23719
53-1,1783318122.988870,2026-07-06T13:08:42.988870,5.08660,1.36601,6.94834,13.93000,24.67690,5.05372,1.39604,7.05519,14.19000,24.96211,0.00000,0.00000,0.00000,0.00000,0.00000,0.00000,0.00000,0.00000,0.00000,0.00000,14.00353,49.63901
53-1,1783318123.088988,2026-07-06T13:08:43.088988,5.08260,1.36601,6.94288,13.93000,25.37201,5.04514,1.40873,7.10727,14.32000,25.67368,0.00000,0.00000,0.00000,0.00000,0.00000,0.00000,0.00000,0.00000,0.00000,0.00000,14.05015,51.04569
53-1,1783318123.189106,2026-07-06T13:08:43.189106,5.07871,1.36406,6.92764,13.91000,26.06560,5.04567,1.39702,7.04888,14.20000,26.37940,0.00000,0.00000,0.00000,0.00000,0.00000,0.00000,0.00000,0.00000,0.00000,0.00000,13.97652,52.44500
53-1,1783318123.289177,2026-07-06T13:08:43.289177,5.07898,1.35917,6.90321,13.86000,26.75641,5.05021,1.38505,6.99481,14.08000,27.07937,0.00000,0.00000,0.00000,0.00000,0.00000,0.00000,0.00000,0.00000,0.00000,0.00000,13.89802,53.83578
53-1,1783318123.389295,2026-07-06T13:08:43.389295,5.08756,1.34843,6.86022,13.75000,27.44324,5.05821,1.38505,7.00589,14.08000,27.78079,0.00000,0.00000,0.00000,0.00000,0.00000,0.00000,0.00000,0.00000,0.00000,0.00000,13.86611,55.22403
53-1,1783318123.489413,2026-07-06T13:08:43.489413,5.08756,1.34843,6.86022,13.75000,28.13006,5.05039,1.38115,6.97533,14.04000,28.47914,0.00000,0.00000,0.00000,0.00000,0.00000,0.00000,0.00000,0.00000,0.00000,0.00000,13.83555,56.60921
53-1,1783318123.589530,2026-07-06T13:08:43.589530,5.08719,1.35527,6.89450,13.82000,28.82033,5.05035,1.38212,6.98020,14.05000,29.17798,0.00000,0.00000,0.00000,0.00000,0.00000,0.00000,0.00000,0.00000,0.00000,0.00000,13.87470,57.99831
53-1,1783318123.689648,2026-07-06T13:08:43.689648,5.08708,1.35722,6.90429,13.84000,29.51157,5.05844,1.38017,6.98150,14.03000,29.87696,0.00000,0.00000,0.00000,0.00000,0.00000,0.00000,0.00000,0.00000,0.00000,0.00000,13.88579,59.38853
53-1,1783318123.789767,2026-07-06T13:08:43.789767,5.07482,1.36210,6.91242,13.89000,30.20363,5.05444,1.38017,6.97598,14.03000,30.57539,0.00000,0.00000,0.00000,0.00000,0.00000,0.00000,0.00000,0.00000,0.00000,0.00000,13.88840,60.77902
53-1,1783318123.889886,2026-07-06T13:08:43.889886,5.06282,1.36210,6.89607,13.89000,30.89406,5.04639,1.38115,6.96980,14.04000,31.27320,0.00000,0.00000,0.00000,0.00000,0.00000,0.00000,0.00000,0.00000,0.00000,0.00000,13.86587,62.16726
53-1,1783318123.990006,2026-07-06T13:08:43.990006,5.07908,1.35722,6.89343,13.84000,31.58423,5.04644,1.38017,6.96493,14.03000,31.97052,0.00000,0.00000,0.00000,0.00000,0.00000,0.00000,0.00000,0.00000,0.00000,0.00000,13.85836,63.55475
53-1,1783318124.090125,2026-07-06T13:08:44.090125,5.07765,1.38359,7.02536,14.11000,32.28760,5.04648,1.37919,6.96007,14.02000,32.66735,0.00000,0.00000,0.00000,0.00000,0.00000,0.00000,0.00000,0.00000,0.00000,0.00000,13.98543,64.95495
53-1,1783318124.190243,2026-07-06T13:08:44.190243,5.07765,1.38359,7.02536,14.11000,32.99096,5.05017,1.38603,6.99968,14.09000,33.36815,0.00000,0.00000,0.00000,0.00000,0.00000,0.00000,0.00000,0.00000,0.00000,0.00000,14.02504,66.35911
53-1,1783318124.290359,2026-07-06T13:08:44.290359,5.08549,1.38652,7.05111,14.14000,33.69690,5.04617,1.38603,6.99414,14.09000,34.06838,0.00000,0.00000,0.00000,0.00000,0.00000,0.00000,0.00000,0.00000,0.00000,0.00000,14.04525,67.76527
53-1,1783318124.390477,2026-07-06T13:08:44.390477,5.08549,1.38652,7.05111,14.14000,34.40284,5.05332,1.40483,7.09904,14.28000,34.77912,0.00000,0.00000,0.00000,0.00000,0.00000,0.00000,0.00000,0.00000,0.00000,0.00000,14.15015,69.18196
53-1,1783318124.490594,2026-07-06T13:08:44.490594,5.08181,1.38066,7.01623,14.08000,35.10528,5.05314,1.40873,7.11854,14.32000,35.49181,0.00000,0.00000,0.00000,0.00000,0.00000,0.00000,0.00000,0.00000,0.00000,0.00000,14.13477,70.59709
53-1,1783318124.590713,2026-07-06T13:08:44.590713,5.08330,1.35331,6.87929,13.80000,35.79403,5.05341,1.40287,7.08930,14.26000,36.20158,0.00000,0.00000,0.00000,0.00000,0.00000,0.00000,0.00000,0.00000,0.00000,0.00000,13.96859,71.99561
53-1,1783318124.690831,2026-07-06T13:08:44.690831,5.08255,1.36699,6.94777,13.94000,36.48963,5.04941,1.40287,7.08369,14.26000,36.91079,0.00000,0.00000,0.00000,0.00000,0.00000,0.00000,0.00000,0.00000,0.00000,0.00000,14.03146,73.40042
53-1,1783318124.790949,2026-07-06T13:08:44.790949,5.08255,1.36699,6.94777,13.94000,37.18522,5.05332,1.40483,7.09904,14.28000,37.62152,0.00000,0.00000,0.00000,0.00000,0.00000,0.00000,0.00000,0.00000,0.00000,0.00000,14.04681,74.80674
53-1,1783318124.891068,2026-07-06T13:08:44.891068,5.08531,1.38969,7.06701,14.17000,37.89277,5.05336,1.40385,7.09417,14.27000,38.33179,0.00000,0.00000,0.00000,0.00000,0.00000,0.00000,0.00000,0.00000,0.00000,0.00000,14.16118,76.22456
53-1,1783318124.991187,2026-07-06T13:08:44.991187,5.08549,1.38652,7.05111,14.14000,38.59872,5.05426,1.38408,6.99548,14.07000,39.03217,0.00000,0.00000,0.00000,0.00000,0.00000,0.00000,0.00000,0.00000,0.00000,0.00000,14.04659,77.63088
53-1,1783318125.091304,2026-07-06T13:08:45.091304,5.08223,1.37284,6.97711,14.00000,39.29725,5.04626,1.38408,6.98440,14.07000,39.73143,0.00000,0.00000,0.00000,0.00000,0.00000,0.00000,0.00000,0.00000,0.00000,0.00000,13.96151,79.02867
53-1,1783318125.191422,2026-07-06T13:08:45.191422,5.08223,1.37284,6.97711,14.00000,39.99578,5.05048,1.37919,6.96558,14.02000,40.42881,0.00000,0.00000,0.00000,0.00000,0.00000,0.00000,0.00000,0.00000,0.00000,0.00000,13.94269,80.42459
53-1,1783318125.291542,2026-07-06T13:08:45.291542,5.07876,1.36308,6.92276,13.90000,40.68889,5.05026,1.38408,6.98994,14.07000,41.12864,0.00000,0.00000,0.00000,0.00000,0.00000,0.00000,0.00000,0.00000,0.00000,0.00000,13.91270,81.81752
53-1,1783318125.391660,2026-07-06T13:08:45.391660,5.07737,1.38871,7.05101,14.16000,41.39482,5.04910,1.40971,7.11777,14.33000,41.84126,0.00000,0.00000,0.00000,0.00000,0.00000,0.00000,0.00000,0.00000,0.00000,0.00000,14.16878,83.23608
53-1,1783318125.491778,2026-07-06T13:08:45.491778,5.08570,1.38261,7.03154,14.10000,42.09880,5.04910,1.40971,7.11777,14.33000,42.55387,0.00000,0.00000,0.00000,0.00000,0.00000,0.00000,0.00000,0.00000,0.00000,0.00000,14.14931,84.65267
53-1,1783318125.591895,2026-07-06T13:08:45.591895,5.08324,1.35429,6.88418,14.10000,42.78802,5.05323,1.40678,7.10879,14.30000,43.26558,0.00000,0.00000,0.00000,0.00000,0.00000,0.00000,0.00000,0.00000,0.00000,0.00000,13.99297,86.05360
53-1,1783318125.692015,2026-07-06T13:08:45.692015,5.08324,1.35429,6.88418,13.81000,43.47727,5.05381,1.39409,7.04544,14.17000,43.97097,0.00000,0.00000,0.00000,0.00000,0.00000,0.00000,0.00000,0.00000,0.00000,0.00000,13.92962,87.44824
53-1,1783318125.792133,2026-07-06T13:08:45.792133,5.08531,1.38969,7.06701,14.17000,44.18481,5.05030,1.38310,6.98507,14.06000,44.67030,0.00000,0.00000,0.00000,0.00000,0.00000,0.00000,0.00000,0.00000,0.00000,0.00000,14.05208,88.85511
53-1,1783318125.892252,2026-07-06T13:08:45.892252,5.08549,1.38652,7.05111,14.14000,44.89075,5.05030,1.38310,6.98507,14.06000,45.36964,0.00000,0.00000,0.00000,0.00000,0.00000,0.00000,0.00000,0.00000,0.00000,0.00000,14.03618,90.26039
53-1,1783318125.992370,2026-07-06T13:08:45.992370,5.08698,1.35917,6.91408,13.86000,45.58298,5.05305,1.41069,7.12828,14.34000,46.08331,0.00000,0.00000,0.00000,0.00000,0.00000,0.00000,0.00000,0.00000,0.00000,0.00000,14.04236,91.66629
53-1,1783318126.092489,2026-07-06T13:08:46.092489,5.08298,1.35917,6.90864,13.86000,46.27467,5.05336,1.40385,7.09417,14.27000,46.79357,0.00000,0.00000,0.00000,0.00000,0.00000,0.00000,0.00000,0.00000,0.00000,0.00000,14.00281,93.06824
53-1,1783318126.192607,2026-07-06T13:08:46.192607,5.08531,1.38969,7.06701,14.17000,46.98220,5.05013,1.38701,7.00455,14.10000,47.49485,0.00000,0.00000,0.00000,0.00000,0.00000,0.00000,0.00000,0.00000,0.00000,0.00000,14.07156,94.47705
53-1,1783318126.292724,2026-07-06T13:08:46.292724,5.08559,1.38456,7.04133,14.12000,47.68715,5.05413,1.38701,7.01010,14.10000,48.19668,0.00000,0.00000,0.00000,0.00000,0.00000,0.00000,0.00000,0.00000,0.00000,0.00000,14.05143,95.88383
54-1,1783318126.392870,2026-07-06T13:08:46.392870,5.08207,1.37577,6.99178,14.03000,0.70020,5.05386,1.39286,7.03935,14.16000,0.70496,0.00000,0.00000,0.00000,0.00000,0.00000,0.00000,0.00000,0.00000,0.00000,0.00000,14.03113,1.40516
54-1,1783318126.492991,2026-07-06T13:08:46.492991,5.08607,1.37577,6.99729,14.03000,1.40078,5.05376,1.39506,7.05031,14.18000,1.41085,0.00000,0.00000,0.00000,0.00000,0.00000,0.00000,0.00000,0.00000,0.00000,0.00000,14.04760,2.81162
54-1,1783318126.593110,2026-07-06T13:08:46.593110,5.09460,1.36601,6.95927,13.93000,2.09753,5.05796,1.21390,6.13988,12.34000,2.02557,0.00000,0.00000,0.00000,0.00000,0.00000,0.00000,0.00000,0.00000,0.00000,0.00000,13.09915,4.12310
54-1,1783318126.693228,2026-07-06T13:08:46.693228,5.10509,1.17386,5.99268,11.97000,2.69751,5.04596,1.21390,6.12532,12.34000,2.63882,0.00000,0.00000,0.00000,0.00000,0.00000,0.00000,0.00000,0.00000,0.00000,0.00000,12.11800,5.33633
54-1,1783318126.793347,2026-07-06T13:08:46.793347,5.08730,1.35331,6.88470,13.80000,3.38679,5.04692,1.36943,6.91139,13.92000,3.33078,0.00000,0.00000,0.00000,0.00000,0.00000,0.00000,0.00000,0.00000,0.00000,0.00000,13.79609,6.71758
54-1,1783318126.893466,2026-07-06T13:08:46.893466,5.07530,1.35331,6.86846,13.80000,4.07446,5.04710,1.36552,6.89192,13.88000,4.02080,0.00000,0.00000,0.00000,0.00000,0.00000,0.00000,0.00000,0.00000,0.00000,0.00000,13.76038,8.09526
54-1,1783318126.993587,2026-07-06T13:08:46.993587,5.08794,1.34159,6.82594,13.68000,4.75788,5.05483,1.37138,6.93210,13.94000,4.71485,0.00000,0.00000,0.00000,0.00000,0.00000,0.00000,0.00000,0.00000,0.00000,0.00000,13.75804,9.47273
54-1,1783318127.093707,2026-07-06T13:08:47.093707,5.07812,1.37480,6.98139,14.02000,5.45686,5.05083,1.37138,6.92661,13.94000,5.40834,0.00000,0.00000,0.00000,0.00000,0.00000,0.00000,0.00000,0.00000,0.00000,0.00000,13.90800,10.86519
54-1,1783318127.193825,2026-07-06T13:08:47.193825,5.07951,1.34941,6.85432,13.76000,6.14310,5.05114,1.36454,6.89251,13.87000,6.09840,0.00000,0.00000,0.00000,0.00000,0.00000,0.00000,0.00000,0.00000,0.00000,0.00000,13.74683,12.24150
54-1,1783318127.293944,2026-07-06T13:08:47.293944,5.08314,1.35624,6.89397,13.83000,6.83331,5.05066,1.37529,6.94610,13.98000,6.79384,0.00000,0.00000,0.00000,0.00000,0.00000,0.00000,0.00000,0.00000,0.00000,0.00000,13.84007,13.62715
54-1,1783318127.394063,2026-07-06T13:08:47.394063,5.08314,1.35624,6.89397,13.83000,7.52353,5.05083,1.37138,6.92661,13.94000,7.48732,0.00000,0.00000,0.00000,0.00000,0.00000,0.00000,0.00000,0.00000,0.00000,0.00000,13.82058,15.01085
54-1,1783318127.494180,2026-07-06T13:08:47.494180,5.07860,1.36601,6.93742,13.93000,8.21808,5.05083,1.37138,6.92661,13.94000,8.18079,0.00000,0.00000,0.00000,0.00000,0.00000,0.00000,0.00000,0.00000,0.00000,0.00000,13.86403,16.39888
54-1,1783318127.594299,2026-07-06T13:08:47.594299,5.07956,1.34843,6.84943,13.75000,8.90384,5.04972,1.39604,7.04960,14.19000,8.88659,0.00000,0.00000,0.00000,0.00000,0.00000,0.00000,0.00000,0.00000,0.00000,0.00000,13.89903,17.79044
54-1,1783318127.694417,2026-07-06T13:08:47.694417,5.08303,1.35820,6.90375,13.85000,9.59503,5.05070,1.37431,6.94123,13.97000,9.58153,0.00000,0.00000,0.00000,0.00000,0.00000,0.00000,0.00000,0.00000,0.00000,0.00000,13.84498,19.17656
54-1,1783318127.794535,2026-07-06T13:08:47.794535,5.08303,1.35820,6.90375,13.85000,10.28622,5.04981,1.39409,7.03986,14.17000,10.28635,0.00000,0.00000,0.00000,0.00000,0.00000,0.00000,0.00000,0.00000,0.00000,0.00000,13.94361,20.57257
54-1,1783318127.894605,2026-07-06T13:08:47.894605,5.08186,1.37968,7.01134,14.07000,10.98785,5.05781,1.39409,7.05101,14.17000,10.99194,0.00000,0.00000,0.00000,0.00000,0.00000,0.00000,0.00000,0.00000,0.00000,0.00000,14.06235,21.97979
54-1,1783318127.994724,2026-07-06T13:08:47.994724,5.08335,1.35234,6.87440,13.79000,11.67610,5.04670,1.37431,6.93573,13.97000,11.68634,0.00000,0.00000,0.00000,0.00000,0.00000,0.00000,0.00000,0.00000,0.00000,0.00000,13.81013,23.36245
54-1,1783318128.094842,2026-07-06T13:08:48.094842,5.07935,1.35234,6.86899,13.79000,12.36382,5.04675,1.37333,6.93086,13.96000,12.38025,0.00000,0.00000,0.00000,0.00000,0.00000,0.00000,0.00000,0.00000,0.00000,0.00000,13.79985,24.74407
54-1,1783318128.194961,2026-07-06T13:08:48.194961,5.08335,1.35234,6.87440,13.79000,13.05207,5.04932,1.40483,7.09343,14.28000,13.09043,0.00000,0.00000,0.00000,0.00000,0.00000,0.00000,0.00000,0.00000,0.00000,0.00000,13.96783,26.14251
54-1,1783318128.295080,2026-07-06T13:08:48.295080,5.08202,1.37675,6.99667,14.04000,13.75257,5.05332,1.40483,7.09904,14.28000,13.80118,0.00000,0.00000,0.00000,0.00000,0.00000,0.00000,0.00000,0.00000,0.00000,0.00000,14.09571,27.55375
54-1,1783318128.395196,2026-07-06T13:08:48.395196,5.08181,1.38066,7.01623,14.08000,14.45501,5.04679,1.37236,6.92599,13.95000,14.49459,0.00000,0.00000,0.00000,0.00000,0.00000,0.00000,0.00000,0.00000,0.00000,0.00000,13.94222,28.94960
54-1,1783318128.495316,2026-07-06T13:08:48.495316,5.08308,1.35722,6.89886,13.84000,15.14572,5.04670,1.37431,6.93573,13.97000,15.18899,0.00000,0.00000,0.00000,0.00000,0.00000,0.00000,0.00000,0.00000,0.00000,0.00000,13.83459,30.33472
54-1,1783318128.595435,2026-07-06T13:08:48.595435,5.07930,1.35331,6.87388,13.80000,15.83393,5.05363,1.39799,7.06493,14.21000,15.89632,0.00000,0.00000,0.00000,0.00000,0.00000,0.00000,0.00000,0.00000,0.00000,0.00000,13.93881,31.73025
54-1,1783318128.695581,2026-07-06T13:08:48.695581,5.08330,1.35331,6.87929,13.80000,16.52286,5.05363,1.39799,7.06493,14.21000,16.60385,0.00000,0.00000,0.00000,0.00000,0.00000,0.00000,0.00000,0.00000,0.00000,0.00000,13.94422,33.12671
54-1,1783318128.795700,2026-07-06T13:08:48.795700,5.08762,1.34745,6.85533,13.74000,17.20921,5.04648,1.37919,6.96007,14.02000,17.30068,0.00000,0.00000,0.00000,0.00000,0.00000,0.00000,0.00000,0.00000,0.00000,0.00000,13.81540,34.50989
54-1,1783318128.895819,2026-07-06T13:08:48.895819,5.08581,1.38066,7.02175,14.08000,17.91222,5.04652,1.37822,6.95520,14.01000,17.99703,0.00000,0.00000,0.00000,0.00000,0.00000,0.00000,0.00000,0.00000,0.00000,0.00000,13.97695,35.90926
54-1,1783318128.995938,2026-07-06T13:08:48.995938,5.08186,1.37968,7.01134,14.07000,18.61419,5.04675,1.37333,6.93086,13.96000,18.69094,0.00000,0.00000,0.00000,0.00000,0.00000,0.00000,0.00000,0.00000,0.00000,0.00000,13.94220,37.30513
54-1,1783318129.096056,2026-07-06T13:08:49.096056,5.08186,1.37968,7.01134,14.07000,19.31615,5.05475,1.37333,6.94185,13.96000,19.38595,0.00000,0.00000,0.00000,0.00000,0.00000,0.00000,0.00000,0.00000,0.00000,0.00000,13.95319,38.70210
54-1,1783318129.196175,2026-07-06T13:08:49.196175,5.08531,1.38969,7.06701,14.17000,20.02370,5.04945,1.40190,7.07882,14.25000,20.09467,0.00000,0.00000,0.00000,0.00000,0.00000,0.00000,0.00000,0.00000,0.00000,0.00000,14.14583,40.11837
54-1,1783318129.296293,2026-07-06T13:08:49.296293,5.08671,1.36406,6.93855,13.91000,20.71837,5.04999,1.38993,7.01916,14.13000,20.79741,0.00000,0.00000,0.00000,0.00000,0.00000,0.00000,0.00000,0.00000,0.00000,0.00000,13.95771,41.51578
54-1,1783318129.396411,2026-07-06T13:08:49.396411,5.07882,1.36210,6.91787,13.89000,21.41097,5.05035,1.38212,6.98020,14.05000,21.49626,0.00000,0.00000,0.00000,0.00000,0.00000,0.00000,0.00000,0.00000,0.00000,0.00000,13.89807,42.90724
54-1,1783318129.496530,2026-07-06T13:08:49.496530,5.07882,1.36210,6.91787,13.89000,22.10358,5.05035,1.38212,6.98020,14.05000,22.19511,0.00000,0.00000,0.00000,0.00000,0.00000,0.00000,0.00000,0.00000,0.00000,0.00000,13.89807,44.29869
54-1,1783318129.596648,2026-07-06T13:08:49.596648,5.08319,1.35527,6.88907,13.82000,22.79330,5.05066,1.37529,6.94610,13.98000,22.89054,0.00000,0.00000,0.00000,0.00000,0.00000,0.00000,0.00000,0.00000,0.00000,0.00000,13.83517,45.68384
54-1,1783318129.696766,2026-07-06T13:08:49.696766,5.08308,1.35722,6.89886,13.84000,23.48400,5.05070,1.37431,6.94123,13.97000,23.58548,0.00000,0.00000,0.00000,0.00000,0.00000,0.00000,0.00000,0.00000,0.00000,0.00000,13.84009,47.06949
54-1,1783318129.796882,2026-07-06T13:08:49.796882,5.07887,1.36113,6.91298,13.88000,24.17610,5.05745,1.40190,7.09003,14.25000,24.29531,0.00000,0.00000,0.00000,0.00000,0.00000,0.00000,0.00000,0.00000,0.00000,0.00000,14.00301,48.47141
54-1,1783318129.897000,2026-07-06T13:08:49.897000,5.07914,1.35624,6.88854,13.83000,24.86577,5.05745,1.40190,7.09003,14.25000,25.00515,0.00000,0.00000,0.00000,0.00000,0.00000,0.00000,0.00000,0.00000,0.00000,0.00000,13.97857,49.87091
54-1,1783318129.997121,2026-07-06T13:08:49.997121,5.08714,1.35624,6.89939,13.83000,25.55654,5.05332,1.40483,7.09904,14.28000,25.71591,0.00000,0.00000,0.00000,0.00000,0.00000,0.00000,0.00000,0.00000,0.00000,0.00000,13.99843,51.27245
54-1,1783318130.097237,2026-07-06T13:08:50.097237,5.08324,1.35429,6.88418,13.81000,26.24576,5.05314,1.40873,7.11854,14.32000,26.42859,0.00000,0.00000,0.00000,0.00000,0.00000,0.00000,0.00000,0.00000,0.00000,0.00000,14.00272,52.67435
54-1,1783318130.197291,2026-07-06T13:08:50.197291,5.08308,1.35722,6.89886,13.84000,26.93602,5.04954,1.39995,7.06908,14.23000,27.13588,0.00000,0.00000,0.00000,0.00000,0.00000,0.00000,0.00000,0.00000,0.00000,0.00000,13.96794,54.07190
54-1,1783318130.297346,2026-07-06T13:08:50.297346,5.08308,1.35722,6.89886,13.84000,27.62628,5.04554,1.39995,7.06348,14.23000,27.84261,0.00000,0.00000,0.00000,0.00000,0.00000,0.00000,0.00000,0.00000,0.00000,0.00000,13.96234,55.46890
54-1,1783318130.397401,2026-07-06T13:08:50.397401,5.08308,1.35722,6.89886,13.84000,28.31655,5.05404,1.38896,7.01985,14.12000,28.54499,0.00000,0.00000,0.00000,0.00000,0.00000,0.00000,0.00000,0.00000,0.00000,0.00000,13.91871,56.86154
54-1,1783318130.497456,2026-07-06T13:08:50.497456,5.08287,1.36113,6.91842,13.88000,29.00877,5.05430,1.38310,6.99060,14.06000,29.24443,0.00000,0.00000,0.00000,0.00000,0.00000,0.00000,0.00000,0.00000,0.00000,0.00000,13.90902,58.25321
54-1,1783318130.597511,2026-07-06T13:08:50.597511,5.08282,1.36210,6.92332,13.89000,29.70148,5.04644,1.38017,6.96493,14.03000,29.94131,0.00000,0.00000,0.00000,0.00000,0.00000,0.00000,0.00000,0.00000,0.00000,0.00000,13.88825,59.64279
54-1,1783318130.697566,2026-07-06T13:08:50.697566,5.09092,1.36015,6.92441,13.87000,30.39431,5.04244,1.38017,6.95941,14.03000,30.63763,0.00000,0.00000,0.00000,0.00000,0.00000,0.00000,0.00000,0.00000,0.00000,0.00000,13.88382,61.03194
54-1,1783318130.797621,2026-07-06T13:08:50.797621,5.08692,1.36015,6.91897,13.87000,31.08658,5.04239,1.38115,6.96428,14.04000,31.33445,0.00000,0.00000,0.00000,0.00000,0.00000,0.00000,0.00000,0.00000,0.00000,0.00000,13.88325,62.42103
54-1,1783318130.897679,2026-07-06T13:08:50.897679,5.09002,1.37675,7.00769,14.04000,31.78776,5.04252,1.37822,6.94969,14.01000,32.02982,0.00000,0.00000,0.00000,0.00000,0.00000,0.00000,0.00000,0.00000,0.00000,0.00000,13.95738,63.81758
54-1,1783318130.997734,2026-07-06T13:08:50.997734,5.08943,1.38749,7.06155,14.15000,32.49430,5.05026,1.38408,6.98994,14.07000,32.72919,0.00000,0.00000,0.00000,0.00000,0.00000,0.00000,0.00000,0.00000,0.00000,0.00000,14.05149,65.22350
54-1,1783318131.097790,2026-07-06T13:08:51.097790,5.07375,1.38163,7.01007,14.09000,33.19570,5.05026,1.38408,6.98994,14.07000,33.42858,0.00000,0.00000,0.00000,0.00000,0.00000,0.00000,0.00000,0.00000,0.00000,0.00000,14.00001,66.62428
54-1,1783318131.197844,2026-07-06T13:08:51.197844,5.07375,1.38163,7.01007,14.09000,33.89709,5.05404,1.38896,7.01985,14.12000,34.13095,0.00000,0.00000,0.00000,0.00000,0.00000,0.00000,0.00000,0.00000,0.00000,0.00000,14.02992,68.02803
54-1,1783318131.297899,2026-07-06T13:08:51.297899,5.07365,1.38359,7.01983,14.11000,34.59946,5.05332,1.40483,7.09904,14.28000,34.84124,0.00000,0.00000,0.00000,0.00000,0.00000,0.00000,0.00000,0.00000,0.00000,0.00000,14.11887,69.44069
54-1,1783318131.397954,2026-07-06T13:08:51.397954,5.08266,1.36503,6.93799,13.92000,35.29364,5.05310,1.40971,7.12341,14.33000,35.55397,0.00000,0.00000,0.00000,0.00000,0.00000,0.00000,0.00000,0.00000,0.00000,0.00000,14.06140,70.84761
54-1,1783318131.498008,2026-07-06T13:08:51.498008,5.08292,1.36015,6.91353,13.87000,35.98536,5.04910,1.40971,7.11777,14.33000,36.26613,0.00000,0.00000,0.00000,0.00000,0.00000,0.00000,0.00000,0.00000,0.00000,0.00000,14.03130,72.25150
54-1,1783318131.598064,2026-07-06T13:08:51.598064,5.07850,1.36796,6.94719,13.95000,36.68047,5.04932,1.40483,7.09343,14.28000,36.97587,0.00000,0.00000,0.00000,0.00000,0.00000,0.00000,0.00000,0.00000,0.00000,0.00000,14.04062,73.65634
54-1,1783318131.698118,2026-07-06T13:08:51.698118,5.08250,1.36796,6.95266,13.95000,37.37611,5.04932,1.40483,7.09343,14.28000,37.68560,0.00000,0.00000,0.00000,0.00000,0.00000,0.00000,0.00000,0.00000,0.00000,0.00000,14.04609,75.06171
54-1,1783318131.798173,2026-07-06T13:08:51.798173,5.08531,1.38969,7.06701,14.17000,38.08321,5.05728,1.40580,7.10954,14.29000,38.39695,0.00000,0.00000,0.00000,0.00000,0.00000,0.00000,0.00000,0.00000,0.00000,0.00000,14.17655,76.48015
54-1,1783318131.898229,2026-07-06T13:08:51.898229,5.08549,1.38652,7.05111,14.14000,38.78871,5.05328,1.40580,7.10392,14.29000,39.10773,0.00000,0.00000,0.00000,0.00000,0.00000,0.00000,0.00000,0.00000,0.00000,0.00000,14.15503,77.89644
54-1,1783318131.998284,2026-07-06T13:08:51.998284,5.08666,1.36503,6.94345,13.92000,39.48343,5.04995,1.39091,7.02403,14.14000,39.81052,0.00000,0.00000,0.00000,0.00000,0.00000,0.00000,0.00000,0.00000,0.00000,0.00000,13.96748,79.29395
54-1,1783318132.098339,2026-07-06T13:08:52.098339,5.08266,1.36503,6.93799,13.92000,40.17761,5.04661,1.37626,6.94547,13.99000,40.50545,0.00000,0.00000,0.00000,0.00000,0.00000,0.00000,0.00000,0.00000,0.00000,0.00000,13.88346,80.68306
54-1,1783318132.198394,2026-07-06T13:08:52.198394,5.07876,1.36308,6.92276,13.90000,40.87027,5.04621,1.38505,6.98927,14.08000,41.20476,0.00000,0.00000,0.00000,0.00000,0.00000,0.00000,0.00000,0.00000,0.00000,0.00000,13.91203,82.07503
54-1,1783318132.298448,2026-07-06T13:08:52.298448,5.07802,1.37675,6.99117,14.04000,41.56977,5.04914,1.40873,7.11290,14.32000,41.91644,0.00000,0.00000,0.00000,0.00000,0.00000,0.00000,0.00000,0.00000,0.00000,0.00000,14.10407,83.48621
54-1,1783318132.398503,2026-07-06T13:08:52.398503,5.08543,1.38749,7.05600,14.15000,42.27575,5.04914,1.40873,7.11290,14.32000,42.62812,0.00000,0.00000,0.00000,0.00000,0.00000,0.00000,0.00000,0.00000,0.00000,0.00000,14.16890,84.90387
54-1,1783318132.498558,2026-07-06T13:08:52.498558,5.07743,1.38749,7.04490,14.15000,42.98063,5.04936,1.40385,7.08856,14.27000,43.33736,0.00000,0.00000,0.00000,0.00000,0.00000,0.00000,0.00000,0.00000,0.00000,0.00000,14.13346,86.31799
54-1,1783318132.598613,2026-07-06T13:08:52.598613,5.07519,1.35527,6.87823,13.82000,43.66883,5.04928,1.40580,7.09829,14.29000,44.04758,0.00000,0.00000,0.00000,0.00000,0.00000,0.00000,0.00000,0.00000,0.00000,0.00000,13.97652,87.71641
54-1,1783318132.698668,2026-07-06T13:08:52.698668,5.08110,1.39360,7.08101,14.21000,44.37732,5.05039,1.38115,6.97533,14.04000,44.74550,0.00000,0.00000,0.00000,0.00000,0.00000,0.00000,0.00000,0.00000,0.00000,0.00000,14.05634,89.12282
54-1,1783318132.798723,2026-07-06T13:08:52.798723,5.08143,1.38749,7.05045,14.15000,45.08276,5.05039,1.38115,6.97533,14.04000,45.44342,0.00000,0.00000,0.00000,0.00000,0.00000,0.00000,0.00000,0.00000,0.00000,0.00000,14.02578,90.52617
54-1,1783318132.898780,2026-07-06T13:08:52.898780,5.08724,1.35429,6.88960,13.81000,45.77211,5.04995,1.39091,7.02403,14.14000,46.14622,0.00000,0.00000,0.00000,0.00000,0.00000,0.00000,0.00000,0.00000,0.00000,0.00000,13.91363,91.91833
54-1,1783318132.998836,2026-07-06T13:08:52.998836,5.08724,1.35429,6.88960,13.81000,46.46146,5.04936,1.40385,7.08856,14.27000,46.85547,0.00000,0.00000,0.00000,0.00000,0.00000,0.00000,0.00000,0.00000,0.00000,0.00000,13.97816,93.31693
54-1,1783318133.098892,2026-07-06T13:08:53.098892,5.08537,1.38871,7.06212,14.16000,47.16806,5.05328,1.40580,7.10392,14.29000,47.56626,0.00000,0.00000,0.00000,0.00000,0.00000,0.00000,0.00000,0.00000,0.00000,0.00000,14.16604,94.73432
54-1,1783318133.198946,2026-07-06T13:08:53.198946,5.08559,1.38456,7.04133,14.12000,47.87258,5.05328,1.40580,7.10392,14.29000,48.27704,0.00000,0.00000,0.00000,0.00000,0.00000,0.00000,0.00000,0.00000,0.00000,0.00000,14.14525,96.14962
55-1,1783318133.299017,2026-07-06T13:08:53.299017,5.08817,1.26395,6.43122,12.89000,0.64358,5.05044,1.38017,6.97046,14.03000,0.69754,0.00000,0.00000,0.00000,0.00000,0.00000,0.00000,0.00000,0.00000,0.00000,0.00000,13.40168,1.34112
55-1,1783318133.399072,2026-07-06T13:08:53.399072,5.08817,1.26395,6.43122,12.89000,1.28705,5.04958,1.39897,7.06421,14.22000,1.40435,0.00000,0.00000,0.00000,0.00000,0.00000,0.00000,0.00000,0.00000,0.00000,0.00000,13.49543,2.69140
55-1,1783318133.499126,2026-07-06T13:08:53.499126,5.06435,1.40727,7.12691,14.35000,2.00013,5.06805,1.25614,6.36619,12.77000,2.04131,0.00000,0.00000,0.00000,0.00000,0.00000,0.00000,0.00000,0.00000,0.00000,0.00000,13.49310,4.04144
55-1,1783318133.599181,2026-07-06T13:08:53.599181,5.06746,1.35038,6.84301,13.77000,2.68481,5.05205,1.25614,6.34609,12.77000,2.67627,0.00000,0.00000,0.00000,0.00000,0.00000,0.00000,0.00000,0.00000,0.00000,0.00000,13.18910,5.36108
55-1,1783318133.699236,2026-07-06T13:08:53.699236,5.07540,1.35136,6.85870,13.78000,3.37105,5.05479,1.37236,6.93697,13.95000,3.37035,0.00000,0.00000,0.00000,0.00000,0.00000,0.00000,0.00000,0.00000,0.00000,0.00000,13.79567,6.74140
55-1,1783318133.799291,2026-07-06T13:08:53.799291,5.08340,1.35136,6.86951,13.78000,4.05838,5.05426,1.38408,6.99548,14.07000,4.07028,0.00000,0.00000,0.00000,0.00000,0.00000,0.00000,0.00000,0.00000,0.00000,0.00000,13.86499,8.12866
55-1,1783318133.899346,2026-07-06T13:08:53.899346,5.08618,1.37382,6.98750,14.01000,4.75751,5.05070,1.37431,6.94123,13.97000,4.76478,0.00000,0.00000,0.00000,0.00000,0.00000,0.00000,0.00000,0.00000,0.00000,0.00000,13.92873,9.52230
55-1,1783318133.999400,2026-07-06T13:08:53.999400,5.08740,1.35136,6.87491,13.78000,5.44538,5.05470,1.37431,6.94672,13.97000,5.45983,0.00000,0.00000,0.00000,0.00000,0.00000,0.00000,0.00000,0.00000,0.00000,0.00000,13.82163,10.90521
55-1,1783318134.099456,2026-07-06T13:08:54.099456,5.08415,1.33769,6.80100,13.64000,6.12586,5.05386,1.39286,7.03935,14.16000,6.16416,0.00000,0.00000,0.00000,0.00000,0.00000,0.00000,0.00000,0.00000,0.00000,0.00000,13.84035,12.29002
55-1,1783318134.199511,2026-07-06T13:08:54.199511,5.08196,1.37773,7.00156,14.05000,6.82640,5.05475,1.37333,6.94185,13.96000,6.85873,0.00000,0.00000,0.00000,0.00000,0.00000,0.00000,0.00000,0.00000,0.00000,0.00000,13.94341,13.68513
55-1,1783318134.299566,2026-07-06T13:08:54.299566,5.08196,1.37773,7.00156,14.05000,7.52694,5.05372,1.39604,7.05519,14.19000,7.56463,0.00000,0.00000,0.00000,0.00000,0.00000,0.00000,0.00000,0.00000,0.00000,0.00000,14.05675,15.09157
55-1,1783318134.399621,2026-07-06T13:08:54.399621,5.07514,1.35624,6.88312,13.83000,8.21563,5.05372,1.39604,7.05519,14.19000,8.27054,0.00000,0.00000,0.00000,0.00000,0.00000,0.00000,0.00000,0.00000,0.00000,0.00000,13.93831,16.48617
55-1,1783318134.499675,2026-07-06T13:08:54.499675,5.07556,1.34843,6.84404,13.75000,8.90040,5.05466,1.37529,6.95160,13.98000,8.96608,0.00000,0.00000,0.00000,0.00000,0.00000,0.00000,0.00000,0.00000,0.00000,0.00000,13.79564,17.86648
55-1,1783318134.599730,2026-07-06T13:08:54.599730,5.08165,1.38359,7.03090,14.11000,9.60388,5.05408,1.38798,7.01497,14.11000,9.66796,0.00000,0.00000,0.00000,0.00000,0.00000,0.00000,0.00000,0.00000,0.00000,0.00000,14.04587,19.27184
55-1,1783318134.699785,2026-07-06T13:08:54.699785,5.08565,1.38359,7.03643,14.11000,10.30791,5.05466,1.37529,6.95160,13.98000,10.36350,0.00000,0.00000,0.00000,0.00000,0.00000,0.00000,0.00000,0.00000,0.00000,0.00000,13.98803,20.67141
55-1,1783318134.799841,2026-07-06T13:08:54.799841,5.07919,1.35527,6.88365,13.82000,10.99666,5.05066,1.37529,6.94610,13.98000,11.05850,0.00000,0.00000,0.00000,0.00000,0.00000,0.00000,0.00000,0.00000,0.00000,0.00000,13.82975,22.05516
55-1,1783318134.899896,2026-07-06T13:08:54.899896,5.07972,1.34550,6.83477,13.72000,11.68052,5.05492,1.36943,6.92234,13.92000,11.75112,0.00000,0.00000,0.00000,0.00000,0.00000,0.00000,0.00000,0.00000,0.00000,0.00000,13.75711,23.43163
55-1,1783318134.999952,2026-07-06T13:08:54.999952,5.08234,1.37089,6.96733,13.98000,12.37763,5.05345,1.40190,7.08443,14.25000,12.45995,0.00000,0.00000,0.00000,0.00000,0.00000,0.00000,0.00000,0.00000,0.00000,0.00000,14.05176,24.83759
55-1,1783318135.100007,2026-07-06T13:08:55.100007,5.08234,1.37089,6.96733,13.98000,13.07475,5.05452,1.37822,6.96623,14.01000,13.15696,0.00000,0.00000,0.00000,0.00000,0.00000,0.00000,0.00000,0.00000,0.00000,0.00000,13.93356,26.23171
55-1,1783318135.200061,2026-07-06T13:08:55.200061,5.07871,1.36406,6.92764,13.91000,13.76789,5.05052,1.37822,6.96071,14.01000,13.85341,0.00000,0.00000,0.00000,0.00000,0.00000,0.00000,0.00000,0.00000,0.00000,0.00000,13.88835,27.62130
55-1,1783318135.300115,2026-07-06T13:08:55.300115,5.07898,1.35917,6.90321,13.86000,14.45859,5.05101,1.36747,6.90712,13.90000,14.54449,0.00000,0.00000,0.00000,0.00000,0.00000,0.00000,0.00000,0.00000,0.00000,0.00000,13.81033,29.00308
55-1,1783318135.400169,2026-07-06T13:08:55.400169,5.08362,1.34745,6.84994,13.74000,15.14395,5.04945,1.40190,7.07882,14.25000,15.25276,0.00000,0.00000,0.00000,0.00000,0.00000,0.00000,0.00000,0.00000,0.00000,0.00000,13.92876,30.39671
55-1,1783318135.500226,2026-07-06T13:08:55.500226,5.09162,1.34745,6.86072,13.74000,15.83041,5.05452,1.37822,6.96623,14.01000,15.94978,0.00000,0.00000,0.00000,0.00000,0.00000,0.00000,0.00000,0.00000,0.00000,0.00000,13.82695,31.78019
55-1,1783318135.600280,2026-07-06T13:08:55.600280,5.08591,1.37870,7.01197,14.06000,16.53199,5.05052,1.37822,6.96071,14.01000,16.64622,0.00000,0.00000,0.00000,0.00000,0.00000,0.00000,0.00000,0.00000,0.00000,0.00000,13.97268,33.17821
55-1,1783318135.700334,2026-07-06T13:08:55.700334,5.08159,1.38456,7.03579,14.12000,17.23595,5.05461,1.37626,6.95648,13.99000,17.34225,0.00000,0.00000,0.00000,0.00000,0.00000,0.00000,0.00000,0.00000,0.00000,0.00000,13.99227,34.57820
55-1,1783318135.800389,2026-07-06T13:08:55.800389,5.08170,1.38261,7.02601,14.10000,17.93894,5.05363,1.39799,7.06493,14.21000,18.04913,0.00000,0.00000,0.00000,0.00000,0.00000,0.00000,0.00000,0.00000,0.00000,0.00000,14.09094,35.98807
55-1,1783318135.900444,2026-07-06T13:08:55.900444,5.08287,1.36113,6.91842,13.88000,18.63115,5.04954,1.39995,7.06908,14.23000,18.75642,0.00000,0.00000,0.00000,0.00000,0.00000,0.00000,0.00000,0.00000,0.00000,0.00000,13.98750,37.38758
55-1,1783318136.000499,2026-07-06T13:08:56.000499,5.08287,1.36113,6.91842,13.88000,19.32338,5.04954,1.39995,7.06908,14.23000,19.46373,0.00000,0.00000,0.00000,0.00000,0.00000,0.00000,0.00000,0.00000,0.00000,0.00000,13.98750,38.78711
55-1,1783318136.100553,2026-07-06T13:08:56.100553,5.08292,1.36015,6.91353,13.87000,20.01511,5.05057,1.37724,6.95584,14.00000,20.15968,0.00000,0.00000,0.00000,0.00000,0.00000,0.00000,0.00000,0.00000,0.00000,0.00000,13.86937,40.17479
55-1,1783318136.200608,2026-07-06T13:08:56.200608,5.08314,1.35624,6.89397,13.83000,20.70488,5.05061,1.37626,6.95097,13.99000,20.85516,0.00000,0.00000,0.00000,0.00000,0.00000,0.00000,0.00000,0.00000,0.00000,0.00000,13.84494,41.56004
55-1,1783318136.300663,2026-07-06T13:08:56.300663,5.07946,1.35038,6.85921,13.77000,21.39118,5.05848,1.37919,6.97662,14.02000,21.55321,0.00000,0.00000,0.00000,0.00000,0.00000,0.00000,0.00000,0.00000,0.00000,0.00000,13.83583,42.94439
55-1,1783318136.400717,2026-07-06T13:08:56.400717,5.07946,1.35038,6.85921,13.77000,22.07747,5.05448,1.37919,6.97110,14.02000,22.25070,0.00000,0.00000,0.00000,0.00000,0.00000,0.00000,0.00000,0.00000,0.00000,0.00000,13.83031,44.32817
55-1,1783318136.500773,2026-07-06T13:08:56.500773,5.08698,1.35917,6.91408,13.86000,22.76927,5.04541,1.40287,7.07808,14.26000,22.95890,0.00000,0.00000,0.00000,0.00000,0.00000,0.00000,0.00000,0.00000,0.00000,0.00000,13.99216,45.72816
55-1,1783318136.600827,2026-07-06T13:08:56.600827,5.08623,1.37284,6.98261,14.00000,23.46790,5.04545,1.40190,7.07321,14.25000,23.66660,0.00000,0.00000,0.00000,0.00000,0.00000,0.00000,0.00000,0.00000,0.00000,0.00000,14.05582,47.13451
55-1,1783318136.700881,2026-07-06T13:08:56.700881,5.08570,1.38261,7.03154,14.10000,24.17144,5.04981,1.39409,7.03986,14.17000,24.37096,0.00000,0.00000,0.00000,0.00000,0.00000,0.00000,0.00000,0.00000,0.00000,0.00000,14.07140,48.54240
55-1,1783318136.800937,2026-07-06T13:08:56.800937,5.08570,1.38261,7.03154,14.10000,24.87499,5.05781,1.39409,7.05101,14.17000,25.07646,0.00000,0.00000,0.00000,0.00000,0.00000,0.00000,0.00000,0.00000,0.00000,0.00000,14.08255,49.95145
55-1,1783318136.900992,2026-07-06T13:08:56.900992,5.08581,1.38066,7.02175,14.08000,25.57755,5.04644,1.38017,6.96493,14.03000,25.77334,0.00000,0.00000,0.00000,0.00000,0.00000,0.00000,0.00000,0.00000,0.00000,0.00000,13.98668,51.35089
55-1,1783318137.001049,2026-07-06T13:08:57.001049,5.08149,1.38652,7.04557,14.14000,26.28250,5.04635,1.38212,6.97467,14.05000,26.47120,0.00000,0.00000,0.00000,0.00000,0.00000,0.00000,0.00000,0.00000,0.00000,0.00000,14.02024,52.75370
55-1,1783318137.101103,2026-07-06T13:08:57.101103,5.08165,1.38359,7.03090,14.11000,26.98597,5.04652,1.37822,6.95520,14.01000,27.16710,0.00000,0.00000,0.00000,0.00000,0.00000,0.00000,0.00000,0.00000,0.00000,0.00000,13.98610,54.15307
55-1,1783318137.201157,2026-07-06T13:08:57.201157,5.08334,1.42582,7.24795,14.54000,27.71116,5.05452,1.37822,6.96623,14.01000,27.86410,0.00000,0.00000,0.00000,0.00000,0.00000,0.00000,0.00000,0.00000,0.00000,0.00000,14.21418,55.57526
55-1,1783318137.301212,2026-07-06T13:08:57.301212,5.08334,1.42582,7.24795,14.54000,28.43636,5.04248,1.37919,6.95455,14.02000,28.55994,0.00000,0.00000,0.00000,0.00000,0.00000,0.00000,0.00000,0.00000,0.00000,0.00000,14.20250,56.99629
55-1,1783318137.401266,2026-07-06T13:08:57.401266,5.06803,1.41313,7.16179,14.41000,29.15292,5.04279,1.37236,6.92050,13.95000,29.25236,0.00000,0.00000,0.00000,0.00000,0.00000,0.00000,0.00000,0.00000,0.00000,0.00000,14.08229,58.40529
55-1,1783318137.501321,2026-07-06T13:08:57.501321,5.06862,1.40239,7.10816,14.30000,29.86413,5.05070,1.37431,6.94123,13.97000,29.94686,0.00000,0.00000,0.00000,0.00000,0.00000,0.00000,0.00000,0.00000,0.00000,0.00000,14.04939,59.81099
55-1,1783318137.601375,2026-07-06T13:08:57.601375,5.08543,1.38749,7.05600,14.15000,30.57011,5.05470,1.37431,6.94672,13.97000,30.64191,0.00000,0.00000,0.00000,0.00000,0.00000,0.00000,0.00000,0.00000,0.00000,0.00000,14.00272,61.21203
55-1,1783318137.701429,2026-07-06T13:08:57.701429,5.08543,1.38749,7.05600,14.15000,31.27609,5.05457,1.37724,6.96135,14.00000,31.33843,0.00000,0.00000,0.00000,0.00000,0.00000,0.00000,0.00000,0.00000,0.00000,0.00000,14.01735,62.61452
55-1,1783318137.801486,2026-07-06T13:08:57.801486,5.08841,1.40629,7.15579,14.34000,31.99208,5.05475,1.37333,6.94185,13.96000,32.03300,0.00000,0.00000,0.00000,0.00000,0.00000,0.00000,0.00000,0.00000,0.00000,0.00000,14.09764,64.02508
55-1,1783318137.901540,2026-07-06T13:08:57.901540,5.08830,1.40825,7.16558,14.36000,32.70902,5.05457,1.37724,6.96135,14.00000,32.72951,0.00000,0.00000,0.00000,0.00000,0.00000,0.00000,0.00000,0.00000,0.00000,0.00000,14.12693,65.43854
55-1,1783318138.001596,2026-07-06T13:08:58.001596,5.08350,1.42289,7.23329,14.51000,33.43276,5.05057,1.37724,6.95584,14.00000,33.42549,0.00000,0.00000,0.00000,0.00000,0.00000,0.00000,0.00000,0.00000,0.00000,0.00000,14.18913,66.85825
55-1,1783318138.101651,2026-07-06T13:08:58.101651,5.07950,1.42289,7.22760,14.51000,34.15592,5.04648,1.37919,6.96007,14.02000,34.12188,0.00000,0.00000,0.00000,0.00000,0.00000,0.00000,0.00000,0.00000,0.00000,0.00000,14.18767,68.27779
55-1,1783318138.201706,2026-07-06T13:08:58.201706,5.08313,1.42973,7.26751,14.58000,34.88306,5.04644,1.38017,6.96493,14.03000,34.81875,0.00000,0.00000,0.00000,0.00000,0.00000,0.00000,0.00000,0.00000,0.00000,0.00000,14.23244,69.70181
55-1,1783318138.301760,2026-07-06T13:08:58.301760,5.08313,1.42973,7.26751,14.58000,35.61021,5.04639,1.38115,6.96980,14.04000,35.51611,0.00000,0.00000,0.00000,0.00000,0.00000,0.00000,0.00000,0.00000,0.00000,0.00000,14.23731,71.12632
55-1,1783318138.401815,2026-07-06T13:08:58.401815,5.07913,1.42973,7.26179,14.58000,36.33679,5.05439,1.38115,6.98085,14.04000,36.21458,0.00000,0.00000,0.00000,0.00000,0.00000,0.00000,0.00000,0.00000,0.00000,0.00000,14.24264,72.55137
55-1,1783318138.501872,2026-07-06T13:08:58.501872,5.08089,1.39750,7.10056,14.25000,37.04725,5.05448,1.37919,6.97110,14.02000,36.91209,0.00000,0.00000,0.00000,0.00000,0.00000,0.00000,0.00000,0.00000,0.00000,0.00000,14.07166,73.95934
55-1,1783318138.601927,2026-07-06T13:08:58.601927,5.08089,1.39750,7.10056,14.25000,37.75769,5.05386,1.39286,7.03935,14.16000,37.61641,0.00000,0.00000,0.00000,0.00000,0.00000,0.00000,0.00000,0.00000,0.00000,0.00000,14.13991,75.37410
55-1,1783318138.701982,2026-07-06T13:08:58.701982,5.08041,1.40629,7.14454,14.34000,38.47254,5.05310,1.40971,7.12341,14.33000,38.32914,0.00000,0.00000,0.00000,0.00000,0.00000,0.00000,0.00000,0.00000,0.00000,0.00000,14.26795,76.80168
55-1,1783318138.802036,2026-07-06T13:08:58.802036,5.07886,1.43461,7.28621,14.63000,39.20156,5.04910,1.40971,7.11777,14.33000,39.04130,0.00000,0.00000,0.00000,0.00000,0.00000,0.00000,0.00000,0.00000,0.00000,0.00000,14.40398,78.24286
55-1,1783318138.902093,2026-07-06T13:08:58.902093,5.07977,1.41801,7.20317,14.46000,39.92228,5.06132,1.40483,7.11028,14.28000,39.75274,0.00000,0.00000,0.00000,0.00000,0.00000,0.00000,0.00000,0.00000,0.00000,0.00000,14.31345,79.67502
55-1,1783318139.002148,2026-07-06T13:08:59.002148,5.07977,1.41801,7.20317,14.46000,40.64300,5.06150,1.40092,7.09076,14.24000,40.46220,0.00000,0.00000,0.00000,0.00000,0.00000,0.00000,0.00000,0.00000,0.00000,0.00000,14.29393,81.10520
55-1,1783318139.102203,2026-07-06T13:08:59.102203,5.08019,1.41020,7.16409,14.38000,41.35980,5.05408,1.38798,7.01497,14.11000,41.16409,0.00000,0.00000,0.00000,0.00000,0.00000,0.00000,0.00000,0.00000,0.00000,0.00000,14.17906,82.52389
55-1,1783318139.202259,2026-07-06T13:08:59.202259,5.08046,1.40532,7.13965,14.33000,42.07416,5.05008,1.38798,7.00942,14.11000,41.86542,0.00000,0.00000,0.00000,0.00000,0.00000,0.00000,0.00000,0.00000,0.00000,0.00000,14.14907,83.93958
55-1,1783318139.302314,2026-07-06T13:08:59.302314,5.08318,1.42875,7.26262,14.57000,42.80083,5.05030,1.38310,6.98507,14.06000,42.56431,0.00000,0.00000,0.00000,0.00000,0.00000,0.00000,0.00000,0.00000,0.00000,0.00000,14.24769,85.36514
55-1,1783318139.402369,2026-07-06T13:08:59.402369,5.08318,1.42875,7.26262,14.57000,43.52748,5.04995,1.39091,7.02403,14.14000,43.26710,0.00000,0.00000,0.00000,0.00000,0.00000,0.00000,0.00000,0.00000,0.00000,0.00000,14.28665,86.79458
55-1,1783318139.502424,2026-07-06T13:08:59.502424,5.07923,1.42778,7.25202,14.56000,44.25309,5.05310,1.40971,7.12341,14.33000,43.97983,0.00000,0.00000,0.00000,0.00000,0.00000,0.00000,0.00000,0.00000,0.00000,0.00000,14.37543,88.23292
55-1,1783318139.602478,2026-07-06T13:08:59.602478,5.08089,1.39750,7.10056,14.25000,44.96353,5.05310,1.40971,7.12341,14.33000,44.69256,0.00000,0.00000,0.00000,0.00000,0.00000,0.00000,0.00000,0.00000,0.00000,0.00000,14.22397,89.65609
55-1,1783318139.702533,2026-07-06T13:08:59.702533,5.07886,1.43461,7.28621,14.63000,45.69255,5.05723,1.40678,7.11442,14.30000,45.40439,0.00000,0.00000,0.00000,0.00000,0.00000,0.00000,0.00000,0.00000,0.00000,0.00000,14.40063,91.09694
55-1,1783318139.802588,2026-07-06T13:08:59.802588,5.08686,1.43461,7.29768,14.63000,46.42272,5.05826,1.38408,7.00101,14.07000,46.10488,0.00000,0.00000,0.00000,0.00000,0.00000,0.00000,0.00000,0.00000,0.00000,0.00000,14.29869,92.52760
55-1,1783318139.902643,2026-07-06T13:08:59.902643,5.07913,1.42973,7.26179,14.58000,47.14930,5.05026,1.38408,6.98994,14.07000,46.80426,0.00000,0.00000,0.00000,0.00000,0.00000,0.00000,0.00000,0.00000,0.00000,0.00000,14.25173,93.95356
55-1,1783318140.002700,2026-07-06T13:09:00.002700,5.08441,1.40629,7.15017,14.34000,47.86472,5.05426,1.38408,6.99548,14.07000,47.50420,0.00000,0.00000,0.00000,0.00000,0.00000,0.00000,0.00000,0.00000,0.00000,0.00000,14.14565,95.36892
56-1,1783318140.102770,2026-07-06T13:09:00.102770,5.08329,1.42680,7.25284,14.55000,0.72579,5.05323,1.40678,7.10879,14.30000,0.71138,0.00000,0.00000,0.00000,0.00000,0.00000,0.00000,0.00000,0.00000,0.00000,0.00000,14.36163,1.43717
56-1,1783318140.202893,2026-07-06T13:09:00.202893,5.08115,1.39262,7.07612,14.20000,1.43427,5.05679,1.32817,6.71626,13.50000,1.38383,0.00000,0.00000,0.00000,0.00000,0.00000,0.00000,0.00000,0.00000,0.00000,0.00000,13.79238,2.81810
56-1,1783318140.303011,2026-07-06T13:09:00.303011,5.08115,1.39262,7.07612,14.20000,2.14273,5.04727,1.45000,7.31852,14.74000,2.11655,0.00000,0.00000,0.00000,0.00000,0.00000,0.00000,0.00000,0.00000,0.00000,0.00000,14.39464,4.25927
56-1,1783318140.403129,2026-07-06T13:09:00.403129,5.06288,1.28764,6.51915,13.13000,2.79541,5.06327,1.45000,7.34172,14.74000,2.85159,0.00000,0.00000,0.00000,0.00000,0.00000,0.00000,0.00000,0.00000,0.00000,0.00000,13.86087,5.64700
56-1,1783318140.503198,2026-07-06T13:09:00.503198,5.05754,1.38554,7.00742,14.13000,3.49663,5.05404,1.30058,6.57317,13.22000,3.50936,0.00000,0.00000,0.00000,0.00000,0.00000,0.00000,0.00000,0.00000,0.00000,0.00000,13.58059,7.00599
56-1,1783318140.603317,2026-07-06T13:09:00.603317,5.08062,1.40239,7.12499,14.30000,4.20998,5.04976,1.39506,7.04473,14.18000,4.21466,0.00000,0.00000,0.00000,0.00000,0.00000,0.00000,0.00000,0.00000,0.00000,0.00000,14.16972,8.42464
56-1,1783318140.703437,2026-07-06T13:09:00.703437,5.08862,1.40239,7.13621,14.30000,4.92445,5.05088,1.37040,6.92174,13.93000,4.90767,0.00000,0.00000,0.00000,0.00000,0.00000,0.00000,0.00000,0.00000,0.00000,0.00000,14.05795,9.83212
56-1,1783318140.803555,2026-07-06T13:09:00.803555,5.08121,1.39164,7.07123,14.19000,5.63242,5.04991,1.39189,7.02890,13.93000,5.61140,0.00000,0.00000,0.00000,0.00000,0.00000,0.00000,0.00000,0.00000,0.00000,0.00000,14.10013,11.24381
56-1,1783318140.903675,2026-07-06T13:09:00.903675,5.08121,1.39164,7.07123,14.19000,6.34038,5.04991,1.39189,7.02890,14.15000,6.31512,0.00000,0.00000,0.00000,0.00000,0.00000,0.00000,0.00000,0.00000,0.00000,0.00000,14.10013,12.65551
56-1,1783318141.003795,2026-07-06T13:09:01.003795,5.08377,1.41801,7.20884,14.46000,7.06214,5.05475,1.37333,6.94185,13.96000,7.01014,0.00000,0.00000,0.00000,0.00000,0.00000,0.00000,0.00000,0.00000,0.00000,0.00000,14.15069,14.07228
56-1,1783318141.103914,2026-07-06T13:09:01.103914,5.07977,1.41801,7.20317,14.46000,7.78331,5.05457,1.37724,6.96135,14.00000,7.70710,0.00000,0.00000,0.00000,0.00000,0.00000,0.00000,0.00000,0.00000,0.00000,0.00000,14.16452,15.49041
56-1,1783318141.204031,2026-07-06T13:09:01.204031,5.08126,1.39067,7.06634,14.18000,8.49077,5.05066,1.37529,6.94610,13.98000,8.40253,0.00000,0.00000,0.00000,0.00000,0.00000,0.00000,0.00000,0.00000,0.00000,0.00000,14.01244,16.89329
56-1,1783318141.304149,2026-07-06T13:09:01.304149,5.08126,1.39067,7.06634,14.18000,9.19824,5.04266,1.37529,6.93510,13.98000,9.09686,0.00000,0.00000,0.00000,0.00000,0.00000,0.00000,0.00000,0.00000,0.00000,0.00000,14.00144,18.29510
56-1,1783318141.404267,2026-07-06T13:09:01.404267,5.07966,1.41997,7.21294,14.48000,9.92038,5.05097,1.36845,6.91200,13.91000,9.78887,0.00000,0.00000,0.00000,0.00000,0.00000,0.00000,0.00000,0.00000,0.00000,0.00000,14.12494,19.70926
56-1,1783318141.504387,2026-07-06T13:09:01.504387,5.08105,1.39457,7.08589,14.22000,10.62982,5.04963,1.39799,7.05934,14.21000,10.49566,0.00000,0.00000,0.00000,0.00000,0.00000,0.00000,0.00000,0.00000,0.00000,0.00000,14.14523,21.12548
56-1,1783318141.604503,2026-07-06T13:09:01.604503,5.07705,1.39457,7.08032,14.22000,11.33868,5.05883,1.37138,6.93758,13.94000,11.19022,0.00000,0.00000,0.00000,0.00000,0.00000,0.00000,0.00000,0.00000,0.00000,0.00000,14.01790,22.52890
56-1,1783318141.704622,2026-07-06T13:09:01.704622,5.07726,1.39067,7.06078,14.18000,12.04559,5.05483,1.37138,6.93210,13.94000,11.88425,0.00000,0.00000,0.00000,0.00000,0.00000,0.00000,0.00000,0.00000,0.00000,0.00000,13.99288,23.92984
56-1,1783318141.804737,2026-07-06T13:09:01.804737,5.07743,1.38749,7.04490,14.15000,12.75089,5.05461,1.37626,6.95648,13.99000,12.58070,0.00000,0.00000,0.00000,0.00000,0.00000,0.00000,0.00000,0.00000,0.00000,0.00000,14.00138,25.33159
56-1,1783318141.904856,2026-07-06T13:09:01.904856,5.08350,1.42289,7.23329,14.51000,13.47508,5.05363,1.39799,7.06493,14.21000,13.28803,0.00000,0.00000,0.00000,0.00000,0.00000,0.00000,0.00000,0.00000,0.00000,0.00000,14.29822,26.76311
56-1,1783318142.004972,2026-07-06T13:09:02.004972,5.08350,1.42289,7.23329,14.51000,14.19925,5.05070,1.37431,6.94123,13.97000,13.98296,0.00000,0.00000,0.00000,0.00000,0.00000,0.00000,0.00000,0.00000,0.00000,0.00000,14.17452,28.18221
56-1,1783318142.105092,2026-07-06T13:09:02.105092,5.08019,1.41020,7.16409,14.38000,14.91652,5.04670,1.37431,6.93573,13.97000,14.67736,0.00000,0.00000,0.00000,0.00000,0.00000,0.00000,0.00000,0.00000,0.00000,0.00000,14.09982,29.59388
56-1,1783318142.205156,2026-07-06T13:09:02.205156,5.08073,1.40043,7.11522,14.28000,15.62850,5.05479,1.37236,6.93697,13.95000,15.37151,0.00000,0.00000,0.00000,0.00000,0.00000,0.00000,0.00000,0.00000,0.00000,0.00000,14.05219,31.00000
56-1,1783318142.305275,2026-07-06T13:09:02.305275,5.07731,1.38969,7.05589,14.17000,16.33493,5.05363,1.39799,7.06493,14.21000,16.07885,0.00000,0.00000,0.00000,0.00000,0.00000,0.00000,0.00000,0.00000,0.00000,0.00000,14.12082,32.41378
56-1,1783318142.405395,2026-07-06T13:09:02.405395,5.07731,1.38969,7.05589,14.17000,17.04136,5.05466,1.37529,6.95160,13.98000,16.77484,0.00000,0.00000,0.00000,0.00000,0.00000,0.00000,0.00000,0.00000,0.00000,0.00000,14.00749,33.81620
56-1,1783318142.505514,2026-07-06T13:09:02.505514,5.08510,1.39360,7.08658,14.21000,17.75087,5.05066,1.37529,6.94610,13.98000,17.47027,0.00000,0.00000,0.00000,0.00000,0.00000,0.00000,0.00000,0.00000,0.00000,0.00000,14.03268,35.22114
56-1,1783318142.605633,2026-07-06T13:09:02.605633,5.07971,1.41899,7.20806,14.47000,18.47253,5.05057,1.37724,6.95584,14.00000,18.16669,0.00000,0.00000,0.00000,0.00000,0.00000,0.00000,0.00000,0.00000,0.00000,0.00000,14.16390,36.63922
56-1,1783318142.705751,2026-07-06T13:09:02.705751,5.07939,1.42485,7.23737,14.53000,19.19712,5.05013,1.38701,7.00455,14.10000,18.86797,0.00000,0.00000,0.00000,0.00000,0.00000,0.00000,0.00000,0.00000,0.00000,0.00000,14.24192,38.06509
56-1,1783318142.805866,2026-07-06T13:09:02.805866,5.07950,1.42289,7.22760,14.51000,19.92071,5.05732,1.40483,7.10466,14.28000,19.57925,0.00000,0.00000,0.00000,0.00000,0.00000,0.00000,0.00000,0.00000,0.00000,0.00000,14.33226,39.49996
56-1,1783318142.905984,2026-07-06T13:09:02.905984,5.08350,1.42289,7.23329,14.51000,20.64490,5.05332,1.40483,7.09904,14.28000,20.28999,0.00000,0.00000,0.00000,0.00000,0.00000,0.00000,0.00000,0.00000,0.00000,0.00000,14.33233,40.93489
56-1,1783318143.006104,2026-07-06T13:09:03.006104,5.08067,1.40141,7.12011,14.29000,21.35775,5.05035,1.38212,6.98020,14.05000,20.98885,0.00000,0.00000,0.00000,0.00000,0.00000,0.00000,0.00000,0.00000,0.00000,0.00000,14.10031,42.34660
56-1,1783318143.106222,2026-07-06T13:09:03.106222,5.08078,1.39946,7.11033,14.27000,22.06963,5.05052,1.37822,6.96071,14.01000,21.68574,0.00000,0.00000,0.00000,0.00000,0.00000,0.00000,0.00000,0.00000,0.00000,0.00000,14.07104,43.75537
56-1,1783318143.206340,2026-07-06T13:09:03.206340,5.07689,1.39750,7.09497,14.25000,22.77996,5.04661,1.37626,6.94547,13.99000,22.38111,0.00000,0.00000,0.00000,0.00000,0.00000,0.00000,0.00000,0.00000,0.00000,0.00000,14.04044,45.16107
56-1,1783318143.306459,2026-07-06T13:09:03.306459,5.07689,1.39750,7.09497,14.25000,23.49030,5.05061,1.37626,6.95097,13.99000,23.07703,0.00000,0.00000,0.00000,0.00000,0.00000,0.00000,0.00000,0.00000,0.00000,0.00000,14.04594,46.56733
56-1,1783318143.406579,2026-07-06T13:09:03.406579,5.07683,1.39848,7.09985,14.26000,24.20114,5.05883,1.37138,6.93758,13.94000,23.77162,0.00000,0.00000,0.00000,0.00000,0.00000,0.00000,0.00000,0.00000,0.00000,0.00000,14.03743,47.97276
56-1,1783318143.506696,2026-07-06T13:09:03.506696,5.07673,1.40043,7.10962,14.28000,24.91294,5.05763,1.39799,7.07052,14.21000,24.47950,0.00000,0.00000,0.00000,0.00000,0.00000,0.00000,0.00000,0.00000,0.00000,0.00000,14.18014,49.39244
56-1,1783318143.606813,2026-07-06T13:09:03.606813,5.08089,1.39750,7.10056,14.25000,25.62382,5.05354,1.39995,7.07468,14.23000,25.18780,0.00000,0.00000,0.00000,0.00000,0.00000,0.00000,0.00000,0.00000,0.00000,0.00000,14.17524,50.81162
56-1,1783318143.706932,2026-07-06T13:09:03.706932,5.08089,1.39750,7.10056,14.25000,26.33472,5.05354,1.39995,7.07468,14.23000,25.89611,0.00000,0.00000,0.00000,0.00000,0.00000,0.00000,0.00000,0.00000,0.00000,0.00000,14.17524,52.23083
56-1,1783318143.807050,2026-07-06T13:09:03.807050,5.08078,1.39946,7.11033,14.27000,27.04659,5.05732,1.40483,7.10466,14.28000,26.60741,0.00000,0.00000,0.00000,0.00000,0.00000,0.00000,0.00000,0.00000,0.00000,0.00000,14.21499,53.65400
56-1,1783318143.907167,2026-07-06T13:09:03.907167,5.08073,1.40043,7.11522,14.28000,27.75895,5.05728,1.40580,7.10954,14.29000,27.31920,0.00000,0.00000,0.00000,0.00000,0.00000,0.00000,0.00000,0.00000,0.00000,0.00000,14.22476,55.07815
56-1,1783318144.007286,2026-07-06T13:09:04.007286,5.08867,1.40141,7.13132,14.29000,28.47293,5.05736,1.40385,7.09979,14.27000,28.03002,0.00000,0.00000,0.00000,0.00000,0.00000,0.00000,0.00000,0.00000,0.00000,0.00000,14.23111,56.50296
56-1,1783318144.107404,2026-07-06T13:09:04.107404,5.08057,1.40336,7.12988,14.31000,29.18676,5.04936,1.40385,7.08856,14.27000,28.73972,0.00000,0.00000,0.00000,0.00000,0.00000,0.00000,0.00000,0.00000,0.00000,0.00000,14.21844,57.92648
56-1,1783318144.207523,2026-07-06T13:09:04.207523,5.08857,1.40336,7.14111,14.31000,29.90172,5.05367,1.39702,7.06006,14.20000,29.44656,0.00000,0.00000,0.00000,0.00000,0.00000,0.00000,0.00000,0.00000,0.00000,0.00000,14.20117,59.34829
56-1,1783318144.307642,2026-07-06T13:09:04.307642,5.06841,1.40629,7.12766,14.34000,30.61533,5.05395,1.39091,7.02960,14.14000,30.15035,0.00000,0.00000,0.00000,0.00000,0.00000,0.00000,0.00000,0.00000,0.00000,0.00000,14.15726,60.76569
56-1,1783318144.407761,2026-07-06T13:09:04.407761,5.06697,1.43266,7.25925,14.61000,31.34212,5.05376,1.39506,7.05031,14.18000,30.85623,0.00000,0.00000,0.00000,0.00000,0.00000,0.00000,0.00000,0.00000,0.00000,0.00000,14.30956,62.19835
56-1,1783318144.507883,2026-07-06T13:09:04.507883,5.07929,1.42680,7.24713,14.55000,32.06772,5.04976,1.39506,7.04473,14.18000,31.56156,0.00000,0.00000,0.00000,0.00000,0.00000,0.00000,0.00000,0.00000,0.00000,0.00000,14.29186,63.62928
56-1,1783318144.607975,2026-07-06T13:09:04.607975,5.09129,1.42680,7.26426,14.55000,32.79482,5.04967,1.39702,7.05447,14.20000,32.26766,0.00000,0.00000,0.00000,0.00000,0.00000,0.00000,0.00000,0.00000,0.00000,0.00000,14.31873,65.06247
56-1,1783318144.708046,2026-07-06T13:09:04.708046,5.07961,1.42094,7.21783,14.49000,33.51711,5.04919,1.40776,7.10803,14.31000,32.97897,0.00000,0.00000,0.00000,0.00000,0.00000,0.00000,0.00000,0.00000,0.00000,0.00000,14.32586,66.49608
56-1,1783318144.808117,2026-07-06T13:09:04.808117,5.07918,1.42875,7.25690,14.57000,34.24332,5.05319,1.40776,7.11366,14.31000,33.69084,0.00000,0.00000,0.00000,0.00000,0.00000,0.00000,0.00000,0.00000,0.00000,0.00000,14.37056,67.93416
56-1,1783318144.908190,2026-07-06T13:09:04.908190,5.08393,1.41508,7.19418,14.43000,34.96326,5.05319,1.40776,7.11366,14.31000,34.40272,0.00000,0.00000,0.00000,0.00000,0.00000,0.00000,0.00000,0.00000,0.00000,0.00000,14.30784,69.36597
56-1,1783318145.008263,2026-07-06T13:09:05.008263,5.07993,1.41508,7.18851,14.43000,35.68263,5.04919,1.40776,7.10803,14.31000,35.11404,0.00000,0.00000,0.00000,0.00000,0.00000,0.00000,0.00000,0.00000,0.00000,0.00000,14.29654,70.79667
56-1,1783318145.108335,2026-07-06T13:09:05.108335,5.08889,1.39750,7.11174,14.25000,36.39432,5.04950,1.40092,7.07395,14.24000,35.82195,0.00000,0.00000,0.00000,0.00000,0.00000,0.00000,0.00000,0.00000,0.00000,0.00000,14.18569,72.21627
56-1,1783318145.208407,2026-07-06T13:09:05.208407,5.08846,1.40532,7.15090,14.33000,37.10993,5.04941,1.40287,7.08369,14.26000,36.53083,0.00000,0.00000,0.00000,0.00000,0.00000,0.00000,0.00000,0.00000,0.00000,0.00000,14.23459,73.64076
56-1,1783318145.308478,2026-07-06T13:09:05.308478,5.07481,1.43559,7.28535,14.64000,37.83898,5.05341,1.40287,7.08930,14.26000,37.24026,0.00000,0.00000,0.00000,0.00000,0.00000,0.00000,0.00000,0.00000,0.00000,0.00000,14.37465,75.07924
56-1,1783318145.408550,2026-07-06T13:09:05.408550,5.08681,1.43559,7.30257,14.64000,38.56976,5.05336,1.40385,7.09417,14.27000,37.95019,0.00000,0.00000,0.00000,0.00000,0.00000,0.00000,0.00000,0.00000,0.00000,0.00000,14.39674,76.51995
56-1,1783318145.508621,2026-07-06T13:09:05.508621,5.07923,1.42778,7.25202,14.56000,39.29548,5.05354,1.39995,7.07468,14.23000,38.65816,0.00000,0.00000,0.00000,0.00000,0.00000,0.00000,0.00000,0.00000,0.00000,0.00000,14.32670,77.95364
56-1,1783318145.608695,2026-07-06T13:09:05.608695,5.07939,1.42485,7.23737,14.53000,40.01975,5.05061,1.37626,6.95097,13.99000,39.35376,0.00000,0.00000,0.00000,0.00000,0.00000,0.00000,0.00000,0.00000,0.00000,0.00000,14.18834,79.37351
56-1,1783318145.708767,2026-07-06T13:09:05.708767,5.08105,1.39457,7.08589,14.22000,40.72885,5.05061,1.37626,6.95097,13.99000,40.04936,0.00000,0.00000,0.00000,0.00000,0.00000,0.00000,0.00000,0.00000,0.00000,0.00000,14.03686,80.77821
56-1,1783318145.808840,2026-07-06T13:09:05.808840,5.08350,1.42289,7.23329,14.51000,41.45271,5.04626,1.38408,6.98440,14.07000,40.74832,0.00000,0.00000,0.00000,0.00000,0.00000,0.00000,0.00000,0.00000,0.00000,0.00000,14.21769,82.20103
56-1,1783318145.908913,2026-07-06T13:09:05.908913,5.07950,1.42289,7.22760,14.51000,42.17599,5.04581,1.39409,7.03428,14.17000,41.45225,0.00000,0.00000,0.00000,0.00000,0.00000,0.00000,0.00000,0.00000,0.00000,0.00000,14.26188,83.62825
56-1,1783318146.008984,2026-07-06T13:09:06.008984,5.08339,1.42485,7.24307,14.53000,42.90082,5.04932,1.40483,7.09343,14.28000,42.16210,0.00000,0.00000,0.00000,0.00000,0.00000,0.00000,0.00000,0.00000,0.00000,0.00000,14.33650,85.06292
56-1,1783318146.109055,2026-07-06T13:09:06.109055,5.08329,1.42680,7.25284,14.55000,43.62662,5.04932,1.40483,7.09343,14.28000,42.87195,0.00000,0.00000,0.00000,0.00000,0.00000,0.00000,0.00000,0.00000,0.00000,0.00000,14.34627,86.49857
56-1,1783318146.209128,2026-07-06T13:09:06.209128,5.08451,1.40434,7.14038,14.32000,44.34118,5.05323,1.40678,7.10879,14.30000,43.58335,0.00000,0.00000,0.00000,0.00000,0.00000,0.00000,0.00000,0.00000,0.00000,0.00000,14.24917,87.92452
56-1,1783318146.309200,2026-07-06T13:09:06.309200,5.08051,1.40434,7.13477,14.32000,45.05516,5.05363,1.39799,7.06493,14.21000,44.29035,0.00000,0.00000,0.00000,0.00000,0.00000,0.00000,0.00000,0.00000,0.00000,0.00000,14.19970,89.34551
57-1,1783318146.409344,2026-07-06T13:09:06.409344,5.07897,1.43266,7.27644,14.61000,0.72869,5.05283,1.32719,6.70607,13.49000,0.67158,0.00000,0.00000,0.00000,0.00000,0.00000,0.00000,0.00000,0.00000,0.00000,0.00000,13.98251,1.40027
57-1,1783318146.509462,2026-07-06T13:09:06.509462,5.07998,1.41411,7.18363,14.42000,1.44790,5.04883,1.32719,6.70076,13.49000,1.34244,0.00000,0.00000,0.00000,0.00000,0.00000,0.00000,0.00000,0.00000,0.00000,0.00000,13.88439,2.79034
57-1,1783318146.609581,2026-07-06T13:09:06.609581,5.10641,1.22294,6.24482,12.47000,2.07313,5.04004,1.34477,6.77768,13.67000,2.02102,0.00000,0.00000,0.00000,0.00000,0.00000,0.00000,0.00000,0.00000,0.00000,0.00000,13.02250,4.09415
57-1,1783318146.709700,2026-07-06T13:09:06.709700,5.09041,1.22294,6.22525,12.47000,2.69640,5.03914,1.36454,6.87613,13.87000,2.70945,0.00000,0.00000,0.00000,0.00000,0.00000,0.00000,0.00000,0.00000,0.00000,0.00000,13.10138,5.40585
57-1,1783318146.809818,2026-07-06T13:09:06.809818,5.07721,1.39164,7.06566,14.19000,3.40379,5.05488,1.37040,6.92722,13.93000,3.40298,0.00000,0.00000,0.00000,0.00000,0.00000,0.00000,0.00000,0.00000,0.00000,0.00000,13.99288,6.80678
57-1,1783318146.909934,2026-07-06T13:09:06.909934,5.08591,1.37870,7.01197,14.06000,4.10580,5.05088,1.37040,6.92174,13.93000,4.09596,0.00000,0.00000,0.00000,0.00000,0.00000,0.00000,0.00000,0.00000,0.00000,0.00000,13.93371,8.20176
57-1,1783318147.010053,2026-07-06T13:09:07.010053,5.08419,1.41020,7.16973,14.38000,4.82363,5.05866,1.37529,6.95710,13.98000,4.79250,0.00000,0.00000,0.00000,0.00000,0.00000,0.00000,0.00000,0.00000,0.00000,0.00000,14.12683,9.61613
57-1,1783318147.110172,2026-07-06T13:09:07.110172,5.08154,1.38554,7.04068,14.13000,5.52853,5.05888,1.37040,6.93270,13.93000,5.48659,0.00000,0.00000,0.00000,0.00000,0.00000,0.00000,0.00000,0.00000,0.00000,0.00000,13.97338,11.01513
57-1,1783318147.210290,2026-07-06T13:09:07.210290,5.08554,1.38554,7.04622,14.13000,6.23399,5.04710,1.36552,6.89192,13.88000,6.17660,0.00000,0.00000,0.00000,0.00000,0.00000,0.00000,0.00000,0.00000,0.00000,0.00000,13.93814,12.41060
57-1,1783318147.310410,2026-07-06T13:09:07.310410,5.08494,1.39653,7.10126,14.24000,6.94496,5.04710,1.36552,6.89192,13.88000,6.86662,0.00000,0.00000,0.00000,0.00000,0.00000,0.00000,0.00000,0.00000,0.00000,0.00000,13.99318,13.81158
57-1,1783318147.410527,2026-07-06T13:09:07.410527,5.08473,1.40043,7.12082,14.28000,7.65788,5.05075,1.37333,6.93636,13.96000,7.56106,0.00000,0.00000,0.00000,0.00000,0.00000,0.00000,0.00000,0.00000,0.00000,0.00000,14.05718,15.21894
57-1,1783318147.510645,2026-07-06T13:09:07.510645,5.07749,1.38652,7.04002,14.14000,8.36271,5.05092,1.36943,6.91687,13.92000,8.25357,0.00000,0.00000,0.00000,0.00000,0.00000,0.00000,0.00000,0.00000,0.00000,0.00000,13.95689,16.61628
57-1,1783318147.610764,2026-07-06T13:09:07.610764,5.08149,1.38652,7.04557,14.14000,9.06811,5.05341,1.40287,7.08930,14.26000,8.96334,0.00000,0.00000,0.00000,0.00000,0.00000,0.00000,0.00000,0.00000,0.00000,0.00000,14.13487,18.03146
57-1,1783318147.710882,2026-07-06T13:09:07.710882,5.08526,1.39067,7.07190,14.18000,9.77614,5.05341,1.40287,7.08930,14.26000,9.67311,0.00000,0.00000,0.00000,0.00000,0.00000,0.00000,0.00000,0.00000,0.00000,0.00000,14.16120,19.44925
57-1,1783318147.811001,2026-07-06T13:09:07.811001,5.08350,1.42289,7.23329,14.51000,10.50032,5.05488,1.37040,6.92722,13.93000,10.36666,0.00000,0.00000,0.00000,0.00000,0.00000,0.00000,0.00000,0.00000,0.00000,0.00000,14.16051,20.86698
57-1,1783318147.911118,2026-07-06T13:09:07.911118,5.08115,1.39262,7.07612,14.20000,11.20876,5.05452,1.37822,6.96623,14.01000,11.06409,0.00000,0.00000,0.00000,0.00000,0.00000,0.00000,0.00000,0.00000,0.00000,0.00000,14.04235,22.27285
57-1,1783318148.011235,2026-07-06T13:09:08.011235,5.08115,1.39262,7.07612,14.20000,11.91720,5.05439,1.38115,6.98085,14.04000,11.76299,0.00000,0.00000,0.00000,0.00000,0.00000,0.00000,0.00000,0.00000,0.00000,0.00000,14.05697,23.68020
57-1,1783318148.111351,2026-07-06T13:09:08.111351,5.08094,1.39653,7.09567,14.24000,12.62760,5.04639,1.38115,6.96980,14.04000,12.46079,0.00000,0.00000,0.00000,0.00000,0.00000,0.00000,0.00000,0.00000,0.00000,0.00000,14.06547,25.08838
57-1,1783318148.211469,2026-07-06T13:09:08.211469,5.08030,1.40825,7.15431,14.36000,13.34387,5.05470,1.37431,6.94672,13.97000,13.15628,0.00000,0.00000,0.00000,0.00000,0.00000,0.00000,0.00000,0.00000,0.00000,0.00000,14.10103,26.50015
57-1,1783318148.311584,2026-07-06T13:09:08.311584,5.07939,1.42485,7.23737,14.53000,14.06844,5.05376,1.39506,7.05031,14.18000,13.86212,0.00000,0.00000,0.00000,0.00000,0.00000,0.00000,0.00000,0.00000,0.00000,0.00000,14.28768,27.93056
57-1,1783318148.411701,2026-07-06T13:09:08.411701,5.08099,1.39555,7.09078,14.23000,14.77835,5.05417,1.38603,7.00523,14.09000,14.56346,0.00000,0.00000,0.00000,0.00000,0.00000,0.00000,0.00000,0.00000,0.00000,0.00000,14.09601,29.34182
57-1,1783318148.511818,2026-07-06T13:09:08.511818,5.08499,1.39555,7.09636,14.23000,15.48881,5.04617,1.38603,6.99414,14.09000,15.26369,0.00000,0.00000,0.00000,0.00000,0.00000,0.00000,0.00000,0.00000,0.00000,0.00000,14.09050,30.75251
57-1,1783318148.611886,2026-07-06T13:09:08.611886,5.08494,1.39653,7.10126,14.24000,16.19942,5.05061,1.37626,6.95097,13.99000,15.95926,0.00000,0.00000,0.00000,0.00000,0.00000,0.00000,0.00000,0.00000,0.00000,0.00000,14.05223,32.15868
57-1,1783318148.711954,2026-07-06T13:09:08.711954,5.08531,1.38969,7.06701,14.17000,16.90660,5.05070,1.37431,6.94123,13.97000,16.65386,0.00000,0.00000,0.00000,0.00000,0.00000,0.00000,0.00000,0.00000,0.00000,0.00000,14.00824,33.56046
57-1,1783318148.812072,2026-07-06T13:09:08.812072,5.08057,1.40336,7.12988,14.31000,17.62044,5.05367,1.39702,7.06006,14.20000,17.36070,0.00000,0.00000,0.00000,0.00000,0.00000,0.00000,0.00000,0.00000,0.00000,0.00000,14.18994,34.98114
57-1,1783318148.912191,2026-07-06T13:09:08.912191,5.08057,1.40336,7.12988,14.31000,18.33427,5.05367,1.39702,7.06006,14.20000,18.06754,0.00000,0.00000,0.00000,0.00000,0.00000,0.00000,0.00000,0.00000,0.00000,0.00000,14.18994,36.40181
57-1,1783318149.012246,2026-07-06T13:09:09.012246,5.08371,1.41899,7.21373,14.47000,19.05604,5.05048,1.37919,6.96558,14.02000,18.76448,0.00000,0.00000,0.00000,0.00000,0.00000,0.00000,0.00000,0.00000,0.00000,0.00000,14.17931,37.82052
57-1,1783318149.112301,2026-07-06T13:09:09.112301,5.08334,1.42582,7.24795,14.54000,19.78124,5.04648,1.37919,6.96007,14.02000,19.46088,0.00000,0.00000,0.00000,0.00000,0.00000,0.00000,0.00000,0.00000,0.00000,0.00000,14.20802,39.24211
57-1,1783318149.212356,2026-07-06T13:09:09.212356,5.08771,1.41899,7.21941,14.47000,20.50357,5.04683,1.37138,6.92113,13.94000,20.15337,0.00000,0.00000,0.00000,0.00000,0.00000,0.00000,0.00000,0.00000,0.00000,0.00000,14.14054,40.65694
57-1,1783318149.312410,2026-07-06T13:09:09.312410,5.07971,1.41899,7.20806,14.47000,21.22477,5.04958,1.39897,7.06421,14.22000,20.86017,0.00000,0.00000,0.00000,0.00000,0.00000,0.00000,0.00000,0.00000,0.00000,0.00000,14.27227,42.08494
57-1,1783318149.412465,2026-07-06T13:09:09.412465,5.07667,1.40141,7.11450,14.29000,21.93661,5.05358,1.39897,7.06981,14.22000,21.56754,0.00000,0.00000,0.00000,0.00000,0.00000,0.00000,0.00000,0.00000,0.00000,0.00000,14.18431,43.50415
57-1,1783318149.512520,2026-07-06T13:09:09.512520,5.07694,1.39653,7.09008,14.24000,22.64600,5.04932,1.40483,7.09343,14.28000,22.27727,0.00000,0.00000,0.00000,0.00000,0.00000,0.00000,0.00000,0.00000,0.00000,0.00000,14.18351,44.92327
57-1,1783318149.612575,2026-07-06T13:09:09.612575,5.08499,1.39555,7.09636,14.23000,23.35603,5.05035,1.38212,6.98020,14.05000,22.97567,0.00000,0.00000,0.00000,0.00000,0.00000,0.00000,0.00000,0.00000,0.00000,0.00000,14.07656,46.33170
57-1,1783318149.712629,2026-07-06T13:09:09.712629,5.08099,1.39555,7.09078,14.23000,24.06550,5.05044,1.38017,6.97046,14.03000,23.67310,0.00000,0.00000,0.00000,0.00000,0.00000,0.00000,0.00000,0.00000,0.00000,0.00000,14.06124,47.73860
57-1,1783318149.812685,2026-07-06T13:09:09.812685,5.08457,1.40336,7.13549,14.31000,24.77944,5.04644,1.38017,6.96493,14.03000,24.36998,0.00000,0.00000,0.00000,0.00000,0.00000,0.00000,0.00000,0.00000,0.00000,0.00000,14.10042,49.14942
57-1,1783318149.912739,2026-07-06T13:09:09.912739,5.07299,1.39555,7.07962,14.23000,25.48779,5.05066,1.37529,6.94610,13.98000,25.06497,0.00000,0.00000,0.00000,0.00000,0.00000,0.00000,0.00000,0.00000,0.00000,0.00000,14.02572,50.55276
57-1,1783318150.012794,2026-07-06T13:09:10.012794,5.07267,1.40141,7.10889,14.29000,26.19907,5.05048,1.37919,6.96558,14.02000,25.76191,0.00000,0.00000,0.00000,0.00000,0.00000,0.00000,0.00000,0.00000,0.00000,0.00000,14.07447,51.96098
57-1,1783318150.112849,2026-07-06T13:09:10.112849,5.08078,1.39946,7.11033,14.27000,26.91049,5.04675,1.37333,6.93086,13.96000,26.45538,0.00000,0.00000,0.00000,0.00000,0.00000,0.00000,0.00000,0.00000,0.00000,0.00000,14.04119,53.36587
57-1,1783318150.212903,2026-07-06T13:09:10.212903,5.07678,1.39946,7.10473,14.27000,27.62135,5.04675,1.37333,6.93086,13.96000,27.14884,0.00000,0.00000,0.00000,0.00000,0.00000,0.00000,0.00000,0.00000,0.00000,0.00000,14.03559,54.77019
57-1,1783318150.312958,2026-07-06T13:09:10.312958,5.07694,1.39653,7.09008,14.24000,28.33075,5.05804,1.38896,7.02540,14.12000,27.85176,0.00000,0.00000,0.00000,0.00000,0.00000,0.00000,0.00000,0.00000,0.00000,0.00000,14.11548,56.18251
57-1,1783318150.413013,2026-07-06T13:09:10.413013,5.07657,1.40336,7.12427,14.31000,29.04356,5.05741,1.40287,7.09491,14.26000,28.56164,0.00000,0.00000,0.00000,0.00000,0.00000,0.00000,0.00000,0.00000,0.00000,0.00000,14.21918,57.60520
57-1,1783318150.513067,2026-07-06T13:09:10.513067,5.08467,1.40141,7.12571,14.29000,29.75652,5.04136,1.40385,7.07733,14.27000,29.26976,0.00000,0.00000,0.00000,0.00000,0.00000,0.00000,0.00000,0.00000,0.00000,0.00000,14.20304,59.02629
57-1,1783318150.613122,2026-07-06T13:09:10.613122,5.08867,1.40141,7.13132,14.29000,30.47004,5.05736,1.40385,7.09979,14.27000,29.98013,0.00000,0.00000,0.00000,0.00000,0.00000,0.00000,0.00000,0.00000,0.00000,0.00000,14.23111,60.45017
57-1,1783318150.713176,2026-07-06T13:09:10.713176,5.08835,1.40727,7.16068,14.35000,31.18650,5.06141,1.40287,7.10052,14.26000,30.69056,0.00000,0.00000,0.00000,0.00000,0.00000,0.00000,0.00000,0.00000,0.00000,0.00000,14.26120,61.87706
57-1,1783318150.813231,2026-07-06T13:09:10.813231,5.08713,1.42973,7.27323,14.58000,31.91422,5.06145,1.40190,7.09564,14.25000,31.40052,0.00000,0.00000,0.00000,0.00000,0.00000,0.00000,0.00000,0.00000,0.00000,0.00000,14.36887,63.31474
57-1,1783318150.913288,2026-07-06T13:09:10.913288,5.07523,1.42778,7.24631,14.56000,32.63926,5.05750,1.40092,7.08516,14.24000,32.10944,0.00000,0.00000,0.00000,0.00000,0.00000,0.00000,0.00000,0.00000,0.00000,0.00000,14.33147,64.74870
57-1,1783318151.013343,2026-07-06T13:09:11.013343,5.07923,1.42778,7.25202,14.56000,33.36487,5.05350,1.40092,7.07955,14.24000,32.81779,0.00000,0.00000,0.00000,0.00000,0.00000,0.00000,0.00000,0.00000,0.00000,0.00000,14.33157,66.18265
57-1,1783318151.113399,2026-07-06T13:09:11.113399,5.08339,1.42485,7.24307,14.53000,34.08958,5.05345,1.40190,7.08443,14.25000,33.52662,0.00000,0.00000,0.00000,0.00000,0.00000,0.00000,0.00000,0.00000,0.00000,0.00000,14.32750,67.61620
58-1,1783318151.213470,2026-07-06T13:09:11.213470,5.08334,1.42582,7.24795,14.54000,0.72531,5.05657,1.33305,6.74065,13.55000,0.67454,0.00000,0.00000,0.00000,0.00000,0.00000,0.00000,0.00000,0.00000,0.00000,0.00000,13.98860,1.39985
58-1,1783318151.313526,2026-07-06T13:09:11.313526,5.08554,1.38554,7.04622,14.13000,1.43033,5.04652,1.37822,6.95520,14.01000,1.37045,0.00000,0.00000,0.00000,0.00000,0.00000,0.00000,0.00000,0.00000,0.00000,0.00000,14.00142,2.80078
58-1,1783318151.413580,2026-07-06T13:09:11.413580,5.10719,0.98856,5.04875,10.08000,1.93548,5.06252,1.37822,6.97725,14.01000,2.06856,0.00000,0.00000,0.00000,0.00000,0.00000,0.00000,0.00000,0.00000,0.00000,0.00000,12.02600,4.00403
58-1,1783318151.513635,2026-07-06T13:09:11.513635,5.09519,0.98856,5.03688,10.08000,2.43944,5.06018,1.25321,6.34148,12.74000,2.70305,0.00000,0.00000,0.00000,0.00000,0.00000,0.00000,0.00000,0.00000,0.00000,0.00000,11.37836,5.14250
58-1,1783318151.613689,2026-07-06T13:09:11.613689,5.08446,1.40532,7.14527,14.33000,3.15435,5.05488,1.37040,6.92722,13.93000,3.39615,0.00000,0.00000,0.00000,0.00000,0.00000,0.00000,0.00000,0.00000,0.00000,0.00000,14.07249,6.55050
58-1,1783318151.713744,2026-07-06T13:09:11.713744,5.08526,1.39067,7.07190,14.18000,3.86193,5.05754,1.39995,7.08028,14.23000,4.10456,0.00000,0.00000,0.00000,0.00000,0.00000,0.00000,0.00000,0.00000,0.00000,0.00000,14.15218,7.96649
58-1,1783318151.813799,2026-07-06T13:09:11.813799,5.08819,1.41020,7.17537,14.38000,4.57986,5.04954,1.39995,7.06908,14.23000,4.81186,0.00000,0.00000,0.00000,0.00000,0.00000,0.00000,0.00000,0.00000,0.00000,0.00000,14.24445,9.39173
58-1,1783318151.913853,2026-07-06T13:09:11.913853,5.08019,1.41020,7.16409,14.38000,5.29666,5.05483,1.37138,6.93210,13.94000,5.50545,0.00000,0.00000,0.00000,0.00000,0.00000,0.00000,0.00000,0.00000,0.00000,0.00000,14.09619,10.80211
58-1,1783318152.013908,2026-07-06T13:09:12.013908,5.08126,1.39067,7.06634,14.18000,6.00368,5.05363,1.39799,7.06493,14.21000,6.21233,0.00000,0.00000,0.00000,0.00000,0.00000,0.00000,0.00000,0.00000,0.00000,0.00000,14.13127,12.21601
58-1,1783318152.113963,2026-07-06T13:09:12.113963,5.08149,1.38652,7.04557,14.14000,6.70863,5.05470,1.37431,6.94672,13.97000,6.90738,0.00000,0.00000,0.00000,0.00000,0.00000,0.00000,0.00000,0.00000,0.00000,0.00000,13.99229,13.61601
58-1,1783318152.214017,2026-07-06T13:09:12.214017,5.08777,1.41801,7.21452,14.46000,7.43047,5.05470,1.37431,6.94672,13.97000,7.60243,0.00000,0.00000,0.00000,0.00000,0.00000,0.00000,0.00000,0.00000,0.00000,0.00000,14.16124,15.03289
58-1,1783318152.314071,2026-07-06T13:09:12.314071,5.07977,1.41801,7.20317,14.46000,8.15117,5.05026,1.38408,6.98994,14.07000,8.30180,0.00000,0.00000,0.00000,0.00000,0.00000,0.00000,0.00000,0.00000,0.00000,0.00000,14.19311,16.45297
58-1,1783318152.414126,2026-07-06T13:09:12.414126,5.08521,1.39164,7.07680,14.19000,8.85924,5.05088,1.37040,6.92174,13.93000,8.99435,0.00000,0.00000,0.00000,0.00000,0.00000,0.00000,0.00000,0.00000,0.00000,0.00000,13.99854,17.85360
58-1,1783318152.514181,2026-07-06T13:09:12.514181,5.08505,1.39457,7.09147,14.22000,9.56878,5.05088,1.37040,6.92174,13.93000,9.68691,0.00000,0.00000,0.00000,0.00000,0.00000,0.00000,0.00000,0.00000,0.00000,0.00000,14.01321,19.25569
58-1,1783318152.614236,2026-07-06T13:09:12.614236,5.08425,1.40922,7.16484,14.37000,10.28566,5.05088,1.37040,6.92174,13.93000,10.37947,0.00000,0.00000,0.00000,0.00000,0.00000,0.00000,0.00000,0.00000,0.00000,0.00000,14.08658,20.66513
58-1,1783318152.714291,2026-07-06T13:09:12.714291,5.07966,1.41997,7.21294,14.48000,11.00735,5.04954,1.39995,7.06908,14.23000,11.08676,0.00000,0.00000,0.00000,0.00000,0.00000,0.00000,0.00000,0.00000,0.00000,0.00000,14.28202,22.09411
58-1,1783318152.814345,2026-07-06T13:09:12.814345,5.08366,1.41997,7.21862,14.48000,11.72960,5.05066,1.37529,6.94610,13.98000,11.78175,0.00000,0.00000,0.00000,0.00000,0.00000,0.00000,0.00000,0.00000,0.00000,0.00000,14.16472,23.51135
58-1,1783318152.914402,2026-07-06T13:09:12.914402,5.08099,1.39555,7.09078,14.23000,12.43908,5.05083,1.37138,6.92661,13.94000,12.47480,0.00000,0.00000,0.00000,0.00000,0.00000,0.00000,0.00000,0.00000,0.00000,0.00000,14.01739,24.91388
58-1,1783318153.014456,2026-07-06T13:09:13.014456,5.08131,1.38969,7.06145,14.17000,13.14561,5.05483,1.37138,6.93210,13.94000,13.16839,0.00000,0.00000,0.00000,0.00000,0.00000,0.00000,0.00000,0.00000,0.00000,0.00000,13.99355,26.31399
58-1,1783318153.114510,2026-07-06T13:09:13.114510,5.08387,1.41606,7.19906,14.44000,13.86590,5.05741,1.40287,7.09491,14.26000,13.87826,0.00000,0.00000,0.00000,0.00000,0.00000,0.00000,0.00000,0.00000,0.00000,0.00000,14.29397,27.74417
58-1,1783318153.214564,2026-07-06T13:09:13.214564,5.08787,1.41606,7.20473,14.44000,14.58677,5.05861,1.37626,6.96198,13.99000,14.57484,0.00000,0.00000,0.00000,0.00000,0.00000,0.00000,0.00000,0.00000,0.00000,0.00000,14.16671,29.16160
58-1,1783318153.314619,2026-07-06T13:09:13.314619,5.08345,1.42387,7.23818,14.52000,15.31098,5.05092,1.36943,6.91687,13.92000,15.26690,0.00000,0.00000,0.00000,0.00000,0.00000,0.00000,0.00000,0.00000,0.00000,0.00000,14.15505,30.57788
58-1,1783318153.414674,2026-07-06T13:09:13.414674,5.08462,1.40239,7.13060,14.30000,16.02443,5.05492,1.36943,6.92234,13.92000,15.95952,0.00000,0.00000,0.00000,0.00000,0.00000,0.00000,0.00000,0.00000,0.00000,0.00000,14.05294,31.98395
58-1,1783318153.514729,2026-07-06T13:09:13.514729,5.07715,1.39262,7.07055,14.20000,16.73188,5.05350,1.40092,7.07955,14.24000,16.66786,0.00000,0.00000,0.00000,0.00000,0.00000,0.00000,0.00000,0.00000,0.00000,0.00000,14.15010,33.39974
58-1,1783318153.614784,2026-07-06T13:09:13.614784,5.08515,1.39262,7.08169,14.20000,17.44043,5.05435,1.38212,6.98573,14.05000,17.36682,0.00000,0.00000,0.00000,0.00000,0.00000,0.00000,0.00000,0.00000,0.00000,0.00000,14.06742,34.80725
58-1,1783318153.714839,2026-07-06T13:09:13.714839,5.08105,1.39457,7.08589,14.22000,18.14941,5.04666,1.37529,6.94060,13.98000,18.06126,0.00000,0.00000,0.00000,0.00000,0.00000,0.00000,0.00000,0.00000,0.00000,0.00000,14.02649,36.21067
58-1,1783318153.814893,2026-07-06T13:09:13.814893,5.08131,1.38969,7.06145,14.17000,18.85594,5.05066,1.37529,6.94610,13.98000,18.75625,0.00000,0.00000,0.00000,0.00000,0.00000,0.00000,0.00000,0.00000,0.00000,0.00000,14.00755,37.61219
58-1,1783318153.914948,2026-07-06T13:09:13.914948,5.08446,1.40532,7.14527,14.33000,19.57086,5.05483,1.37138,6.93210,13.94000,19.44984,0.00000,0.00000,0.00000,0.00000,0.00000,0.00000,0.00000,0.00000,0.00000,0.00000,14.07737,39.02070
58-1,1783318154.015002,2026-07-06T13:09:14.015002,5.08046,1.40532,7.13965,14.33000,20.28521,5.05350,1.40092,7.07955,14.24000,20.15818,0.00000,0.00000,0.00000,0.00000,0.00000,0.00000,0.00000,0.00000,0.00000,0.00000,14.21920,40.44339
58-1,1783318154.115057,2026-07-06T13:09:14.115057,5.08371,1.41899,7.21373,14.47000,21.00698,5.04936,1.40385,7.08856,14.27000,20.86742,0.00000,0.00000,0.00000,0.00000,0.00000,0.00000,0.00000,0.00000,0.00000,0.00000,14.30229,41.87440
58-1,1783318154.215111,2026-07-06T13:09:14.215111,5.08355,1.42192,7.22840,14.50000,21.73021,5.05336,1.40385,7.09417,14.27000,21.57722,0.00000,0.00000,0.00000,0.00000,0.00000,0.00000,0.00000,0.00000,0.00000,0.00000,14.32257,43.30743
58-1,1783318154.315165,2026-07-06T13:09:14.315165,5.08345,1.42387,7.23818,14.52000,22.45442,5.05044,1.38017,6.97046,14.03000,22.27464,0.00000,0.00000,0.00000,0.00000,0.00000,0.00000,0.00000,0.00000,0.00000,0.00000,14.20864,44.72907
58-1,1783318154.415220,2026-07-06T13:09:14.415220,5.08739,1.42485,7.24876,14.53000,23.17969,5.05052,1.37822,6.96071,14.01000,22.97109,0.00000,0.00000,0.00000,0.00000,0.00000,0.00000,0.00000,0.00000,0.00000,0.00000,14.20947,46.15079
58-1,1783318154.515274,2026-07-06T13:09:14.515274,5.08339,1.42485,7.24307,14.53000,23.90439,5.05457,1.37724,6.96135,14.00000,23.66761,0.00000,0.00000,0.00000,0.00000,0.00000,0.00000,0.00000,0.00000,0.00000,0.00000,14.20442,47.57200
58-1,1783318154.615329,2026-07-06T13:09:14.615329,5.08302,1.43168,7.27728,14.60000,24.63252,5.04657,1.37724,6.95033,14.00000,24.36302,0.00000,0.00000,0.00000,0.00000,0.00000,0.00000,0.00000,0.00000,0.00000,0.00000,14.22761,48.99554
58-1,1783318154.715383,2026-07-06T13:09:14.715383,5.08318,1.42875,7.26262,14.57000,25.35918,5.05479,1.37236,6.93697,13.95000,25.05710,0.00000,0.00000,0.00000,0.00000,0.00000,0.00000,0.00000,0.00000,0.00000,0.00000,14.19959,50.41628
58-1,1783318154.815438,2026-07-06T13:09:14.815438,5.08723,1.42778,7.26344,14.56000,26.08592,5.05413,1.38701,7.01010,14.10000,25.75849,0.00000,0.00000,0.00000,0.00000,0.00000,0.00000,0.00000,0.00000,0.00000,0.00000,14.27354,51.84441
58-1,1783318154.915495,2026-07-06T13:09:14.915495,5.08323,1.42778,7.25773,14.56000,26.81211,5.05363,1.39799,7.06493,14.21000,26.46539,0.00000,0.00000,0.00000,0.00000,0.00000,0.00000,0.00000,0.00000,0.00000,0.00000,14.32266,53.27750
58-1,1783318155.015550,2026-07-06T13:09:15.015550,5.08750,1.42289,7.23898,14.51000,27.53640,5.04563,1.39799,7.05375,14.21000,27.17115,0.00000,0.00000,0.00000,0.00000,0.00000,0.00000,0.00000,0.00000,0.00000,0.00000,14.29273,54.70755
58-1,1783318155.115604,2026-07-06T13:09:15.115604,5.08745,1.42387,7.24387,14.52000,28.26118,5.04545,1.40190,7.07321,14.25000,27.87886,0.00000,0.00000,0.00000,0.00000,0.00000,0.00000,0.00000,0.00000,0.00000,0.00000,14.31708,56.14004
58-1,1783318155.215658,2026-07-06T13:09:15.215658,5.08750,1.42289,7.23898,14.51000,28.98547,5.04532,1.40483,7.08781,14.28000,28.58802,0.00000,0.00000,0.00000,0.00000,0.00000,0.00000,0.00000,0.00000,0.00000,0.00000,14.32679,57.57349
58-1,1783318155.315714,2026-07-06T13:09:15.315714,5.09150,1.42289,7.24467,14.51000,29.71034,5.04936,1.40385,7.08856,14.27000,29.29727,0.00000,0.00000,0.00000,0.00000,0.00000,0.00000,0.00000,0.00000,0.00000,0.00000,14.33323,59.00761
58-1,1783318155.415767,2026-07-06T13:09:15.415767,5.08734,1.42582,7.25366,14.54000,30.43609,5.04136,1.40385,7.07733,14.27000,30.00538,0.00000,0.00000,0.00000,0.00000,0.00000,0.00000,0.00000,0.00000,0.00000,0.00000,14.33099,60.44147
58-1,1783318155.515822,2026-07-06T13:09:15.515822,5.08750,1.42289,7.23898,14.51000,31.16039,5.04950,1.40092,7.07395,14.24000,30.71316,0.00000,0.00000,0.00000,0.00000,0.00000,0.00000,0.00000,0.00000,0.00000,0.00000,14.31293,61.87356
58-1,1783318155.615877,2026-07-06T13:09:15.615877,5.08723,1.42778,7.26344,14.56000,31.88713,5.04932,1.40483,7.09343,14.28000,31.42289,0.00000,0.00000,0.00000,0.00000,0.00000,0.00000,0.00000,0.00000,0.00000,0.00000,14.35687,63.31002
58-1,1783318155.715932,2026-07-06T13:09:15.715932,5.08867,1.40141,7.13132,14.29000,32.60066,5.05336,1.40385,7.09417,14.27000,32.13270,0.00000,0.00000,0.00000,0.00000,0.00000,0.00000,0.00000,0.00000,0.00000,0.00000,14.22549,64.73336
58-1,1783318155.815988,2026-07-06T13:09:15.815988,5.08467,1.40141,7.12571,14.29000,33.31363,5.05336,1.40385,7.09417,14.27000,32.84251,0.00000,0.00000,0.00000,0.00000,0.00000,0.00000,0.00000,0.00000,0.00000,0.00000,14.21988,66.15614
58-1,1783318155.916042,2026-07-06T13:09:15.916042,5.08094,1.39653,7.09567,14.24000,34.02358,5.05336,1.40385,7.09417,14.27000,33.55232,0.00000,0.00000,0.00000,0.00000,0.00000,0.00000,0.00000,0.00000,0.00000,0.00000,14.18984,67.57589
58-1,1783318156.016096,2026-07-06T13:09:16.016096,5.08078,1.39946,7.11033,14.27000,34.73500,5.05336,1.40385,7.09417,14.27000,34.26212,0.00000,0.00000,0.00000,0.00000,0.00000,0.00000,0.00000,0.00000,0.00000,0.00000,14.20450,68.99711
58-1,1783318156.116151,2026-07-06T13:09:16.116151,5.07929,1.42680,7.24713,14.55000,35.46010,5.05754,1.39995,7.08028,14.23000,34.97053,0.00000,0.00000,0.00000,0.00000,0.00000,0.00000,0.00000,0.00000,0.00000,0.00000,14.32741,70.43063
58-1,1783318156.216204,2026-07-06T13:09:16.216204,5.08329,1.42680,7.25284,14.55000,36.18578,5.05754,1.39995,7.08028,14.23000,35.67894,0.00000,0.00000,0.00000,0.00000,0.00000,0.00000,0.00000,0.00000,0.00000,0.00000,14.33312,71.86472
58-1,1783318156.316259,2026-07-06T13:09:16.316259,5.08771,1.41899,7.21941,14.47000,36.90811,5.04976,1.39506,7.04473,14.18000,36.38380,0.00000,0.00000,0.00000,0.00000,0.00000,0.00000,0.00000,0.00000,0.00000,0.00000,14.26414,73.29191
58-1,1783318156.416314,2026-07-06T13:09:16.416314,5.08718,1.42875,7.26833,14.57000,37.63535,5.05061,1.37626,6.95097,13.99000,37.07928,0.00000,0.00000,0.00000,0.00000,0.00000,0.00000,0.00000,0.00000,0.00000,0.00000,14.21930,74.71462
58-1,1783318156.516369,2026-07-06T13:09:16.516369,5.08489,1.39750,7.10615,14.25000,38.34635,5.05044,1.38017,6.97046,14.03000,37.77670,0.00000,0.00000,0.00000,0.00000,0.00000,0.00000,0.00000,0.00000,0.00000,0.00000,14.07661,76.12305
58-1,1783318156.616423,2026-07-06T13:09:16.616423,5.08089,1.39750,7.10056,14.25000,39.05679,5.05044,1.38017,6.97046,14.03000,38.47413,0.00000,0.00000,0.00000,0.00000,0.00000,0.00000,0.00000,0.00000,0.00000,0.00000,14.07102,77.53092
58-1,1783318156.716478,2026-07-06T13:09:16.716478,5.08057,1.40336,7.12988,14.31000,39.77017,5.05035,1.38212,6.98020,14.05000,39.17253,0.00000,0.00000,0.00000,0.00000,0.00000,0.00000,0.00000,0.00000,0.00000,0.00000,14.11008,78.94270
58-1,1783318156.816533,2026-07-06T13:09:16.816533,5.07918,1.42875,7.25690,14.57000,40.49626,5.04932,1.40483,7.09343,14.28000,39.88227,0.00000,0.00000,0.00000,0.00000,0.00000,0.00000,0.00000,0.00000,0.00000,0.00000,14.35033,80.37853
58-1,1783318156.916591,2026-07-06T13:09:16.916591,5.08334,1.42582,7.24795,14.54000,41.22148,5.05323,1.40678,7.10879,14.30000,40.59356,0.00000,0.00000,0.00000,0.00000,0.00000,0.00000,0.00000,0.00000,0.00000,0.00000,14.35674,81.81503
58-1,1783318157.016646,2026-07-06T13:09:17.016646,5.07641,1.40629,7.13891,14.34000,41.93576,5.05323,1.40678,7.10879,14.30000,41.30483,0.00000,0.00000,0.00000,0.00000,0.00000,0.00000,0.00000,0.00000,0.00000,0.00000,14.24770,83.24059
58-1,1783318157.116702,2026-07-06T13:09:17.116702,5.08041,1.40629,7.14454,14.34000,42.65061,5.05323,1.40678,7.10879,14.30000,42.01610,0.00000,0.00000,0.00000,0.00000,0.00000,0.00000,0.00000,0.00000,0.00000,0.00000,14.25333,84.66671
58-1,1783318157.216757,2026-07-06T13:09:17.216757,5.08441,1.40629,7.15017,14.34000,43.36602,5.05341,1.40287,7.08930,14.26000,42.72542,0.00000,0.00000,0.00000,0.00000,0.00000,0.00000,0.00000,0.00000,0.00000,0.00000,14.23947,86.09144
58-1,1783318157.316811,2026-07-06T13:09:17.316811,5.08329,1.42680,7.25284,14.55000,44.09170,5.04635,1.38212,6.97467,14.05000,43.42327,0.00000,0.00000,0.00000,0.00000,0.00000,0.00000,0.00000,0.00000,0.00000,0.00000,14.22751,87.51497
58-1,1783318157.416866,2026-07-06T13:09:17.416866,5.08713,1.42973,7.27323,14.58000,44.81942,5.05435,1.38212,6.98573,14.05000,44.12222,0.00000,0.00000,0.00000,0.00000,0.00000,0.00000,0.00000,0.00000,0.00000,0.00000,14.25896,88.94165
59-1,1783318157.516937,2026-07-06T13:09:17.516937,5.08313,1.42973,7.26751,14.58000,0.72727,5.04999,1.38993,7.01916,14.13000,0.70242,0.00000,0.00000,0.00000,0.00000,0.00000,0.00000,0.00000,0.00000,0.00000,0.00000,14.28667,1.42969
59-1,1783318157.616994,2026-07-06T13:09:17.616994,5.08197,1.30424,6.62811,13.30000,1.39046,5.05275,1.32914,6.71582,13.51000,1.37438,0.00000,0.00000,0.00000,0.00000,0.00000,0.00000,0.00000,0.00000,0.00000,0.00000,13.34393,2.76483
59-1,1783318157.717049,2026-07-06T13:09:17.717049,5.07240,1.47978,7.50604,15.09000,2.14147,5.04678,1.46098,7.37325,14.85000,2.11211,0.00000,0.00000,0.00000,0.00000,0.00000,0.00000,0.00000,0.00000,0.00000,0.00000,14.87929,4.25358
59-1,1783318157.817104,2026-07-06T13:09:17.817104,5.09321,1.39164,7.08793,14.19000,2.85065,5.04278,1.46098,7.36741,14.85000,2.84925,0.00000,0.00000,0.00000,0.00000,0.00000,0.00000,0.00000,0.00000,0.00000,0.00000,14.45534,5.69991
59-1,1783318157.917160,2026-07-06T13:09:17.917160,5.08521,1.39164,7.07680,14.19000,3.55873,5.05142,1.35844,6.86205,13.81000,3.53585,0.00000,0.00000,0.00000,0.00000,0.00000,0.00000,0.00000,0.00000,0.00000,0.00000,13.93885,7.09458
59-1,1783318158.017216,2026-07-06T13:09:18.017216,5.08137,1.38871,7.05656,14.16000,4.26479,5.05483,1.37138,6.93210,13.94000,4.22945,0.00000,0.00000,0.00000,0.00000,0.00000,0.00000,0.00000,0.00000,0.00000,0.00000,13.98866,8.49423
59-1,1783318158.117273,2026-07-06T13:09:18.117273,5.08159,1.38456,7.03579,14.12000,4.96877,5.05514,1.36454,6.89796,13.87000,4.91963,0.00000,0.00000,0.00000,0.00000,0.00000,0.00000,0.00000,0.00000,0.00000,0.00000,13.93375,9.88840
59-1,1783318158.217328,2026-07-06T13:09:18.217328,5.08366,1.41997,7.21862,14.48000,5.69102,5.05470,1.37431,6.94672,13.87000,5.61469,0.00000,0.00000,0.00000,0.00000,0.00000,0.00000,0.00000,0.00000,0.00000,0.00000,14.16534,11.30571
59-1,1783318158.317382,2026-07-06T13:09:18.317382,5.08366,1.41997,7.21862,14.48000,6.41328,5.04670,1.37431,6.93573,13.97000,6.30864,0.00000,0.00000,0.00000,0.00000,0.00000,0.00000,0.00000,0.00000,0.00000,0.00000,14.15435,12.72191
59-1,1783318158.417437,2026-07-06T13:09:18.417437,5.08121,1.39164,7.07123,14.19000,7.12079,5.05497,1.36845,6.91747,13.91000,7.00076,0.00000,0.00000,0.00000,0.00000,0.00000,0.00000,0.00000,0.00000,0.00000,0.00000,13.98870,14.12155
59-1,1783318158.517493,2026-07-06T13:09:18.517493,5.08549,1.38652,7.05111,14.14000,7.82629,5.05457,1.37724,6.96135,14.00000,7.69728,0.00000,0.00000,0.00000,0.00000,0.00000,0.00000,0.00000,0.00000,0.00000,0.00000,14.01246,15.52357
59-1,1783318158.617548,2026-07-06T13:09:18.617548,5.08339,1.42485,7.24307,14.53000,8.55099,5.04666,1.37529,6.94060,13.98000,8.39172,0.00000,0.00000,0.00000,0.00000,0.00000,0.00000,0.00000,0.00000,0.00000,0.00000,14.18367,16.94272
59-1,1783318158.717602,2026-07-06T13:09:18.717602,5.08526,1.39067,7.07190,14.18000,9.25857,5.05066,1.37529,6.94610,13.98000,9.08671,0.00000,0.00000,0.00000,0.00000,0.00000,0.00000,0.00000,0.00000,0.00000,0.00000,14.01800,18.34528
59-1,1783318158.817656,2026-07-06T13:09:18.817656,5.07726,1.39067,7.06078,14.18000,9.96503,5.04932,1.40483,7.09343,14.28000,9.79644,0.00000,0.00000,0.00000,0.00000,0.00000,0.00000,0.00000,0.00000,0.00000,0.00000,14.15421,19.76147
59-1,1783318158.917713,2026-07-06T13:09:18.917713,5.08170,1.38261,7.02601,14.10000,10.66803,5.05057,1.37724,6.95584,14.00000,10.49242,0.00000,0.00000,0.00000,0.00000,0.00000,0.00000,0.00000,0.00000,0.00000,0.00000,13.98185,21.16045
59-1,1783318159.017769,2026-07-06T13:09:19.017769,5.07977,1.41801,7.20317,14.46000,11.38875,5.05439,1.38115,6.98085,14.04000,11.19089,0.00000,0.00000,0.00000,0.00000,0.00000,0.00000,0.00000,0.00000,0.00000,0.00000,14.18402,22.57964
59-1,1783318159.117824,2026-07-06T13:09:19.117824,5.08899,1.39555,7.10195,14.23000,12.09933,5.05039,1.38115,6.97533,14.04000,11.88881,0.00000,0.00000,0.00000,0.00000,0.00000,0.00000,0.00000,0.00000,0.00000,0.00000,14.07728,23.98814
59-1,1783318159.217879,2026-07-06T13:09:19.217879,5.08499,1.39555,7.09636,14.23000,12.80936,5.04635,1.38212,6.97467,14.05000,12.58666,0.00000,0.00000,0.00000,0.00000,0.00000,0.00000,0.00000,0.00000,0.00000,0.00000,14.07103,25.39603
59-1,1783318159.317935,2026-07-06T13:09:19.317935,5.08099,1.39555,7.09078,14.23000,13.51884,5.04661,1.37626,6.94547,13.99000,13.28160,0.00000,0.00000,0.00000,0.00000,0.00000,0.00000,0.00000,0.00000,0.00000,0.00000,14.03625,26.80044
59-1,1783318159.417990,2026-07-06T13:09:19.417990,5.08099,1.39555,7.09078,14.23000,14.22831,5.05367,1.39702,7.06006,14.20000,13.98799,0.00000,0.00000,0.00000,0.00000,0.00000,0.00000,0.00000,0.00000,0.00000,0.00000,14.15084,28.21630
59-1,1783318159.518045,2026-07-06T13:09:19.518045,5.08355,1.42192,7.22840,14.50000,14.95154,5.05767,1.39702,7.06565,14.20000,14.69495,0.00000,0.00000,0.00000,0.00000,0.00000,0.00000,0.00000,0.00000,0.00000,0.00000,14.29405,29.64649
59-1,1783318159.618100,2026-07-06T13:09:19.618100,5.08355,1.42192,7.22840,14.50000,15.67478,5.05052,1.37822,6.96071,14.01000,15.39140,0.00000,0.00000,0.00000,0.00000,0.00000,0.00000,0.00000,0.00000,0.00000,0.00000,14.18911,31.06618
59-1,1783318159.718155,2026-07-06T13:09:19.718155,5.08414,1.41118,7.17462,14.39000,16.39264,5.05048,1.37919,6.96558,14.02000,16.08834,0.00000,0.00000,0.00000,0.00000,0.00000,0.00000,0.00000,0.00000,0.00000,0.00000,14.14020,32.48098
59-1,1783318159.818211,2026-07-06T13:09:19.818211,5.08105,1.39457,7.08589,14.22000,17.10162,5.05435,1.38212,6.98573,14.05000,16.78730,0.00000,0.00000,0.00000,0.00000,0.00000,0.00000,0.00000,0.00000,0.00000,0.00000,14.07162,33.88892
59-1,1783318159.918266,2026-07-06T13:09:19.918266,5.08094,1.39653,7.09567,14.24000,17.81158,5.05435,1.38212,6.98573,14.05000,17.48626,0.00000,0.00000,0.00000,0.00000,0.00000,0.00000,0.00000,0.00000,0.00000,0.00000,14.08140,35.29784
59-1,1783318160.018321,2026-07-06T13:09:20.018321,5.08126,1.39067,7.06634,14.18000,18.51860,5.04936,1.40385,7.08856,14.27000,18.19551,0.00000,0.00000,0.00000,0.00000,0.00000,0.00000,0.00000,0.00000,0.00000,0.00000,14.15490,36.71410
59-1,1783318160.118375,2026-07-06T13:09:20.118375,5.08926,1.39067,7.07747,14.18000,19.22673,5.05039,1.38115,6.97533,14.04000,18.89342,0.00000,0.00000,0.00000,0.00000,0.00000,0.00000,0.00000,0.00000,0.00000,0.00000,14.05280,38.12015
59-1,1783318160.218430,2026-07-06T13:09:20.218430,5.08366,1.41997,7.21862,14.48000,19.94899,5.05052,1.37822,6.96071,14.01000,19.58987,0.00000,0.00000,0.00000,0.00000,0.00000,0.00000,0.00000,0.00000,0.00000,0.00000,14.17933,39.53886
59-1,1783318160.318485,2026-07-06T13:09:20.318485,5.08387,1.41606,7.19906,14.44000,20.66929,5.05052,1.37822,6.96071,14.01000,20.28632,0.00000,0.00000,0.00000,0.00000,0.00000,0.00000,0.00000,0.00000,0.00000,0.00000,14.15977,40.95562
59-1,1783318160.418539,2026-07-06T13:09:20.418539,5.08729,1.42680,7.25855,14.55000,21.39554,5.05839,1.38115,6.98638,14.04000,20.98534,0.00000,0.00000,0.00000,0.00000,0.00000,0.00000,0.00000,0.00000,0.00000,0.00000,14.24493,42.38088
59-1,1783318160.518595,2026-07-06T13:09:20.518595,5.08329,1.42680,7.25284,14.55000,22.12123,5.05754,1.39995,7.08028,14.23000,21.69376,0.00000,0.00000,0.00000,0.00000,0.00000,0.00000,0.00000,0.00000,0.00000,0.00000,14.33312,43.81499
59-1,1783318160.618649,2026-07-06T13:09:20.618649,5.08345,1.42387,7.23818,14.52000,22.84544,5.05723,1.40678,7.11442,14.30000,22.40560,0.00000,0.00000,0.00000,0.00000,0.00000,0.00000,0.00000,0.00000,0.00000,0.00000,14.35260,45.25104
59-1,1783318160.718704,2026-07-06T13:09:20.718704,5.08398,1.41411,7.18929,14.42000,23.56476,5.05723,1.40678,7.11442,14.30000,23.11743,0.00000,0.00000,0.00000,0.00000,0.00000,0.00000,0.00000,0.00000,0.00000,0.00000,14.30371,46.68219
59-1,1783318160.818758,2026-07-06T13:09:20.818758,5.08473,1.40043,7.12082,14.28000,24.27723,5.04639,1.38115,6.96980,14.04000,23.81478,0.00000,0.00000,0.00000,0.00000,0.00000,0.00000,0.00000,0.00000,0.00000,0.00000,14.09062,48.09201
59-1,1783318160.918813,2026-07-06T13:09:20.918813,5.08073,1.40043,7.11522,14.28000,24.98915,5.04639,1.38115,6.96980,14.04000,24.51215,0.00000,0.00000,0.00000,0.00000,0.00000,0.00000,0.00000,0.00000,0.00000,0.00000,14.08502,49.50129
59-1,1783318161.018869,2026-07-06T13:09:21.018869,5.07667,1.40141,7.11450,14.29000,25.70099,5.04635,1.38212,6.97467,14.05000,25.21000,0.00000,0.00000,0.00000,0.00000,0.00000,0.00000,0.00000,0.00000,0.00000,0.00000,14.08917,50.91100
59-1,1783318161.118924,2026-07-06T13:09:21.118924,5.07667,1.40141,7.11450,14.29000,26.41284,5.04635,1.38212,6.97467,14.05000,25.90786,0.00000,0.00000,0.00000,0.00000,0.00000,0.00000,0.00000,0.00000,0.00000,0.00000,14.08917,52.32069
60-1,1783318161.218990,2026-07-06T13:09:21.218990,5.08862,1.40239,7.13621,14.30000,0.71409,5.05470,1.37431,6.94672,13.97000,0.69513,0.00000,0.00000,0.00000,0.00000,0.00000,0.00000,0.00000,0.00000,0.00000,0.00000,14.08293,1.40922
60-1,1783318161.319046,2026-07-06T13:09:21.319046,5.08165,1.38359,7.03090,14.11000,1.41758,5.05795,1.30253,6.58813,13.24000,1.35431,0.00000,0.00000,0.00000,0.00000,0.00000,0.00000,0.00000,0.00000,0.00000,0.00000,13.61903,2.77189
60-1,1783318161.419101,2026-07-06T13:09:21.419101,5.08165,1.38359,7.03090,14.11000,2.12105,5.05466,1.37529,6.95160,13.98000,2.04985,0.00000,0.00000,0.00000,0.00000,0.00000,0.00000,0.00000,0.00000,0.00000,0.00000,13.98250,4.17090
60-1,1783318161.519156,2026-07-06T13:09:21.519156,5.09934,1.42582,7.27077,14.54000,2.84852,5.04666,1.37529,6.94060,13.98000,2.74429,0.00000,0.00000,0.00000,0.00000,0.00000,0.00000,0.00000,0.00000,0.00000,0.00000,14.21137,5.59282
60-1,1783318161.619210,2026-07-06T13:09:21.619210,5.12475,0.95999,4.91971,9.79000,3.34077,5.04971,1.04276,5.26562,10.60000,3.27114,0.00000,0.00000,0.00000,0.00000,0.00000,0.00000,0.00000,0.00000,0.00000,0.00000,10.18533,6.61191
60-1,1783318161.719265,2026-07-06T13:09:21.719265,5.07781,1.38066,7.01071,14.08000,4.04222,5.03483,1.37138,6.90467,13.94000,3.96199,0.00000,0.00000,0.00000,0.00000,0.00000,0.00000,0.00000,0.00000,0.00000,0.00000,13.91538,8.00420
60-1,1783318161.819320,2026-07-06T13:09:21.819320,5.08581,1.38066,7.02175,14.08000,4.74478,5.05097,1.36845,6.91200,13.91000,4.65357,0.00000,0.00000,0.00000,0.00000,0.00000,0.00000,0.00000,0.00000,0.00000,0.00000,13.93375,9.39835
60-1,1783318161.919375,2026-07-06T13:09:21.919375,5.08350,1.42289,7.23329,14.51000,5.46850,5.05497,1.36845,6.91747,13.91000,5.34569,0.00000,0.00000,0.00000,0.00000,0.00000,0.00000,0.00000,0.00000,0.00000,0.00000,14.15076,10.81420
60-1,1783318162.019429,2026-07-06T13:09:22.019429,5.08521,1.39164,7.07680,14.19000,6.17657,5.05061,1.37626,6.95097,13.99000,6.04117,0.00000,0.00000,0.00000,0.00000,0.00000,0.00000,0.00000,0.00000,0.00000,0.00000,14.02777,12.21773
60-1,1783318162.119483,2026-07-06T13:09:22.119483,5.08170,1.38261,7.02601,14.10000,6.87955,5.05079,1.37236,6.93148,13.95000,6.73469,0.00000,0.00000,0.00000,0.00000,0.00000,0.00000,0.00000,0.00000,0.00000,0.00000,13.95749,13.61424
60-1,1783318162.219538,2026-07-06T13:09:22.219538,5.08570,1.38261,7.03154,14.10000,7.58309,5.05745,1.40190,7.09003,14.25000,7.44408,0.00000,0.00000,0.00000,0.00000,0.00000,0.00000,0.00000,0.00000,0.00000,0.00000,14.12157,15.02718
60-1,1783318162.319593,2026-07-06T13:09:22.319593,5.08761,1.42094,7.22919,14.49000,8.30641,5.05345,1.40190,7.08443,14.25000,8.15291,0.00000,0.00000,0.00000,0.00000,0.00000,0.00000,0.00000,0.00000,0.00000,0.00000,14.31362,16.45932
60-1,1783318162.419647,2026-07-06T13:09:22.419647,5.08921,1.39164,7.08236,14.19000,9.01503,5.05479,1.37236,6.93697,13.95000,8.84699,0.00000,0.00000,0.00000,0.00000,0.00000,0.00000,0.00000,0.00000,0.00000,0.00000,14.01933,17.86201
61-1,1783318162.519716,2026-07-06T13:09:22.519716,5.08139,1.31498,6.68193,13.41000,0.66865,5.05630,1.33891,6.76993,13.61000,0.67746,0.00000,0.00000,0.00000,0.00000,0.00000,0.00000,0.00000,0.00000,0.00000,0.00000,13.45186,1.34611
61-1,1783318162.619771,2026-07-06T13:09:22.619771,5.08939,1.31498,6.69245,13.41000,1.33826,5.04500,1.50029,7.56896,15.25000,1.43477,0.00000,0.00000,0.00000,0.00000,0.00000,0.00000,0.00000,0.00000,0.00000,0.00000,14.26141,2.77303
61-1,1783318162.719826,2026-07-06T13:09:22.719826,5.06483,1.39848,7.08307,14.26000,2.04696,5.05300,1.50029,7.58096,15.25000,2.19328,0.00000,0.00000,0.00000,0.00000,0.00000,0.00000,0.00000,0.00000,0.00000,0.00000,14.66403,4.24024
61-1,1783318162.819883,2026-07-06T13:09:22.819883,5.08483,1.39848,7.11104,14.26000,2.75847,5.05088,1.37040,6.92174,13.93000,2.88585,0.00000,0.00000,0.00000,0.00000,0.00000,0.00000,0.00000,0.00000,0.00000,0.00000,14.03278,5.64433
61-1,1783318162.919940,2026-07-06T13:09:22.919940,5.08526,1.39067,7.07190,14.18000,3.46606,5.05004,1.38896,7.01429,14.12000,3.58768,0.00000,0.00000,0.00000,0.00000,0.00000,0.00000,0.00000,0.00000,0.00000,0.00000,14.08619,7.05375
61-1,1783318163.019996,2026-07-06T13:09:23.019996,5.08793,1.41508,7.19984,14.43000,4.18645,5.05088,1.37040,6.92174,13.93000,4.28024,0.00000,0.00000,0.00000,0.00000,0.00000,0.00000,0.00000,0.00000,0.00000,0.00000,14.12158,8.46669
61-1,1783318163.120050,2026-07-06T13:09:23.120050,5.08393,1.41508,7.19418,14.43000,4.90626,5.05488,1.37040,6.92722,13.93000,4.97334,0.00000,0.00000,0.00000,0.00000,0.00000,0.00000,0.00000,0.00000,0.00000,0.00000,14.12140,9.87960
61-1,1783318163.220104,2026-07-06T13:09:23.220104,5.08121,1.39164,7.07123,14.19000,5.61376,5.04991,1.39189,7.02890,14.15000,5.67661,0.00000,0.00000,0.00000,0.00000,0.00000,0.00000,0.00000,0.00000,0.00000,0.00000,14.10013,11.29037
61-1,1783318163.320159,2026-07-06T13:09:23.320159,5.08170,1.38261,7.02601,14.10000,6.31675,5.05079,1.37236,6.93148,13.95000,6.37014,0.00000,0.00000,0.00000,0.00000,0.00000,0.00000,0.00000,0.00000,0.00000,0.00000,13.95749,12.68689
61-1,1783318163.420213,2026-07-06T13:09:23.420213,5.08393,1.41508,7.19418,14.43000,7.03656,5.05376,1.39506,7.05031,14.18000,7.07555,0.00000,0.00000,0.00000,0.00000,0.00000,0.00000,0.00000,0.00000,0.00000,0.00000,14.24449,14.11211
61-1,1783318163.520268,2026-07-06T13:09:23.520268,5.08393,1.41508,7.19418,14.43000,7.75637,5.05376,1.39506,7.05031,14.18000,7.78097,0.00000,0.00000,0.00000,0.00000,0.00000,0.00000,0.00000,0.00000,0.00000,0.00000,14.24449,15.53734
61-1,1783318163.620323,2026-07-06T13:09:23.620323,5.08137,1.38871,7.05656,14.16000,8.46241,5.05488,1.37040,6.92722,13.93000,8.47407,0.00000,0.00000,0.00000,0.00000,0.00000,0.00000,0.00000,0.00000,0.00000,0.00000,13.98378,16.93648
61-1,1783318163.720378,2026-07-06T13:09:23.720378,5.08175,1.38163,7.02112,14.09000,9.16491,5.05497,1.36845,6.91747,13.91000,9.16620,0.00000,0.00000,0.00000,0.00000,0.00000,0.00000,0.00000,0.00000,0.00000,0.00000,13.93859,18.33111
61-1,1783318163.820433,2026-07-06T13:09:23.820433,5.08414,1.41118,7.17462,14.39000,9.88277,5.05444,1.38017,6.97598,14.03000,9.86418,0.00000,0.00000,0.00000,0.00000,0.00000,0.00000,0.00000,0.00000,0.00000,0.00000,14.15060,19.74694
61-1,1783318163.920488,2026-07-06T13:09:23.920488,5.08814,1.41118,7.18026,14.39000,10.60119,5.05044,1.38017,6.97046,14.03000,10.56161,0.00000,0.00000,0.00000,0.00000,0.00000,0.00000,0.00000,0.00000,0.00000,0.00000,14.15072,21.16279
61-1,1783318164.020542,2026-07-06T13:09:24.020542,5.08446,1.40532,7.14527,14.33000,11.31610,5.05875,1.37333,6.94734,13.96000,11.25672,0.00000,0.00000,0.00000,0.00000,0.00000,0.00000,0.00000,0.00000,0.00000,0.00000,14.09261,22.57282
61-1,1783318164.120596,2026-07-06T13:09:24.120596,5.08131,1.38969,7.06145,14.17000,12.02263,5.05791,1.39189,7.04004,14.15000,11.96110,0.00000,0.00000,0.00000,0.00000,0.00000,0.00000,0.00000,0.00000,0.00000,0.00000,14.10149,23.98373
61-1,1783318164.220651,2026-07-06T13:09:24.220651,5.08159,1.38456,7.03579,14.12000,12.72659,5.05461,1.37626,6.95648,13.99000,12.65713,0.00000,0.00000,0.00000,0.00000,0.00000,0.00000,0.00000,0.00000,0.00000,0.00000,13.99227,25.38372
61-1,1783318164.320706,2026-07-06T13:09:24.320706,5.07993,1.41508,7.18851,14.43000,13.44584,5.05061,1.37626,6.95097,13.99000,13.35261,0.00000,0.00000,0.00000,0.00000,0.00000,0.00000,0.00000,0.00000,0.00000,0.00000,14.13948,26.79845
61-1,1783318164.420760,2026-07-06T13:09:24.420760,5.08393,1.41508,7.19418,14.43000,14.16565,5.05057,1.37724,6.95584,14.00000,14.04857,0.00000,0.00000,0.00000,0.00000,0.00000,0.00000,0.00000,0.00000,0.00000,0.00000,14.15002,28.21423
61-1,1783318164.520815,2026-07-06T13:09:24.520815,5.08377,1.41801,7.20884,14.46000,14.88693,5.04967,1.39702,7.05447,14.20000,14.75441,0.00000,0.00000,0.00000,0.00000,0.00000,0.00000,0.00000,0.00000,0.00000,0.00000,14.26331,29.64134
62-1,1783318164.720997,2026-07-06T13:09:24.720997,5.08046,1.40532,7.13965,14.33000,0.71488,5.05021,1.38505,6.99481,14.08000,0.70037,0.00000,0.00000,0.00000,0.00000,0.00000,0.00000,0.00000,0.00000,0.00000,0.00000,14.13446,1.41525
62-1,1783318164.821115,2026-07-06T13:09:24.821115,5.08046,1.40532,7.13965,14.33000,1.42968,5.05376,1.39506,7.05031,14.18000,1.40624,0.00000,0.00000,0.00000,0.00000,0.00000,0.00000,0.00000,0.00000,0.00000,0.00000,14.18996,2.83592
62-1,1783318164.921232,2026-07-06T13:09:24.921232,5.07635,1.11405,5.65529,11.36000,1.99588,5.06713,1.09989,5.57327,11.18000,1.96422,0.00000,0.00000,0.00000,0.00000,0.00000,0.00000,0.00000,0.00000,0.00000,0.00000,11.22856,3.96009
62-1,1783318165.021349,2026-07-06T13:09:25.021349,5.06154,1.38554,7.01297,14.13000,2.69799,5.05097,1.36845,6.91200,13.91000,2.65623,0.00000,0.00000,0.00000,0.00000,0.00000,0.00000,0.00000,0.00000,0.00000,0.00000,13.92497,5.35422
62-1,1783318165.121468,2026-07-06T13:09:25.121468,5.08537,1.38871,7.06212,14.16000,3.40505,5.05497,1.36845,6.91747,13.91000,3.34880,0.00000,0.00000,0.00000,0.00000,0.00000,0.00000,0.00000,0.00000,0.00000,0.00000,13.97959,6.75384
62-1,1783318165.221584,2026-07-06T13:09:25.221584,5.08137,1.38871,7.05656,14.16000,4.11152,5.05026,1.38408,6.98994,14.07000,4.04860,0.00000,0.00000,0.00000,0.00000,0.00000,0.00000,0.00000,0.00000,0.00000,0.00000,14.04650,8.16012
62-1,1783318165.321699,2026-07-06T13:09:25.321699,5.08137,1.38871,7.05656,14.16000,4.81799,5.05079,1.37236,6.93148,13.95000,4.74255,0.00000,0.00000,0.00000,0.00000,0.00000,0.00000,0.00000,0.00000,0.00000,0.00000,13.98804,9.56054
62-1,1783318165.421818,2026-07-06T13:09:25.421818,5.08126,1.39067,7.06634,14.18000,5.52546,5.05404,1.38896,7.01985,14.12000,5.44536,0.00000,0.00000,0.00000,0.00000,0.00000,0.00000,0.00000,0.00000,0.00000,0.00000,14.08619,10.97082
62-1,1783318165.521935,2026-07-06T13:09:25.521935,5.08393,1.41508,7.19418,14.43000,6.24572,5.05404,1.38896,7.01985,14.12000,6.14817,0.00000,0.00000,0.00000,0.00000,0.00000,0.00000,0.00000,0.00000,0.00000,0.00000,14.21403,12.39389
62-1,1783318165.622053,2026-07-06T13:09:25.622053,5.08515,1.39262,7.08169,14.20000,6.95473,5.05479,1.37236,6.93697,13.95000,6.84269,0.00000,0.00000,0.00000,0.00000,0.00000,0.00000,0.00000,0.00000,0.00000,0.00000,14.01866,13.79742
62-1,1783318165.722172,2026-07-06T13:09:25.722172,5.07715,1.39262,7.07055,14.20000,7.66262,5.05336,1.40385,7.09417,14.27000,7.55294,0.00000,0.00000,0.00000,0.00000,0.00000,0.00000,0.00000,0.00000,0.00000,0.00000,14.16472,15.21556
62-1,1783318165.822288,2026-07-06T13:09:25.822288,5.08559,1.38456,7.04133,14.12000,8.36757,5.05088,1.37040,6.92174,13.93000,8.24593,0.00000,0.00000,0.00000,0.00000,0.00000,0.00000,0.00000,0.00000,0.00000,0.00000,13.96307,16.61350
62-1,1783318165.922406,2026-07-06T13:09:25.922406,5.08387,1.41606,7.19906,14.44000,9.08833,5.05488,1.37040,6.92722,13.93000,8.93946,0.00000,0.00000,0.00000,0.00000,0.00000,0.00000,0.00000,0.00000,0.00000,0.00000,14.12628,18.02779
62-1,1783318166.022525,2026-07-06T13:09:26.022525,5.08510,1.39360,7.08658,14.21000,9.79783,5.05413,1.38701,7.01010,14.10000,9.64131,0.00000,0.00000,0.00000,0.00000,0.00000,0.00000,0.00000,0.00000,0.00000,0.00000,14.09668,19.43913
62-1,1783318166.122643,2026-07-06T13:09:26.122643,5.08110,1.39360,7.08101,14.21000,10.50676,5.05475,1.37333,6.94185,13.96000,10.33631,0.00000,0.00000,0.00000,0.00000,0.00000,0.00000,0.00000,0.00000,0.00000,0.00000,14.02286,20.84308
62-1,1783318166.222761,2026-07-06T13:09:26.222761,5.08505,1.39457,7.09147,14.22000,11.21675,5.05057,1.37724,6.95584,14.00000,11.03272,0.00000,0.00000,0.00000,0.00000,0.00000,0.00000,0.00000,0.00000,0.00000,0.00000,14.04731,22.24946
62-1,1783318166.322880,2026-07-06T13:09:26.322880,5.08462,1.40239,7.13060,14.30000,11.93065,5.05057,1.37724,6.95584,14.00000,11.72913,0.00000,0.00000,0.00000,0.00000,0.00000,0.00000,0.00000,0.00000,0.00000,0.00000,14.08644,23.65978
62-1,1783318166.422998,2026-07-06T13:09:26.422998,5.07945,1.42387,7.23248,14.52000,12.65476,5.05336,1.40385,7.09417,14.27000,12.43938,0.00000,0.00000,0.00000,0.00000,0.00000,0.00000,0.00000,0.00000,0.00000,0.00000,14.32665,25.09414
62-1,1783318166.523116,2026-07-06T13:09:26.523116,5.08345,1.42387,7.23818,14.52000,13.37943,5.05461,1.37626,6.95648,13.99000,13.13585,0.00000,0.00000,0.00000,0.00000,0.00000,0.00000,0.00000,0.00000,0.00000,0.00000,14.19466,26.51529
62-1,1783318166.623234,2026-07-06T13:09:26.623234,5.08083,1.39848,7.10544,14.26000,14.09081,5.04692,1.36943,6.91139,13.92000,13.82780,0.00000,0.00000,0.00000,0.00000,0.00000,0.00000,0.00000,0.00000,0.00000,0.00000,14.01683,27.91862
62-1,1783318166.723353,2026-07-06T13:09:26.723353,5.08083,1.39848,7.10544,14.26000,14.80220,5.05492,1.36943,6.92234,13.92000,14.52086,0.00000,0.00000,0.00000,0.00000,0.00000,0.00000,0.00000,0.00000,0.00000,0.00000,14.02778,29.32307
62-1,1783318166.823472,2026-07-06T13:09:26.823472,5.07683,1.39848,7.09985,14.26000,15.51303,5.05328,1.40580,7.10392,14.29000,15.23210,0.00000,0.00000,0.00000,0.00000,0.00000,0.00000,0.00000,0.00000,0.00000,0.00000,14.20377,30.74513
62-1,1783318166.923591,2026-07-06T13:09:26.923591,5.08393,1.41508,7.19418,14.26000,16.23331,5.04670,1.37431,6.93573,13.97000,15.92650,0.00000,0.00000,0.00000,0.00000,0.00000,0.00000,0.00000,0.00000,0.00000,0.00000,14.12991,32.15981
62-1,1783318167.023710,2026-07-06T13:09:27.023710,5.08393,1.41508,7.19418,14.43000,16.95358,5.04666,1.37529,6.94060,13.98000,16.62138,0.00000,0.00000,0.00000,0.00000,0.00000,0.00000,0.00000,0.00000,0.00000,0.00000,14.13478,33.57496
62-1,1783318167.123828,2026-07-06T13:09:27.123828,5.07950,1.42289,7.22760,14.51000,17.67719,5.05776,1.39506,7.05589,14.18000,17.32780,0.00000,0.00000,0.00000,0.00000,0.00000,0.00000,0.00000,0.00000,0.00000,0.00000,14.28349,35.00500
62-1,1783318167.223943,2026-07-06T13:09:27.223943,5.08057,1.40336,7.12988,14.31000,18.39100,5.05376,1.39506,7.05031,14.18000,18.03365,0.00000,0.00000,0.00000,0.00000,0.00000,0.00000,0.00000,0.00000,0.00000,0.00000,14.18019,36.42465
62-1,1783318167.324061,2026-07-06T13:09:27.324061,5.08083,1.39848,7.10544,14.26000,19.10238,5.05336,1.40385,7.09417,14.27000,18.74390,0.00000,0.00000,0.00000,0.00000,0.00000,0.00000,0.00000,0.00000,0.00000,0.00000,14.19961,37.84629
62-1,1783318167.424181,2026-07-06T13:09:27.424181,5.08083,1.39848,7.10544,14.26000,19.81378,5.05439,1.38115,6.98085,14.04000,19.44282,0.00000,0.00000,0.00000,0.00000,0.00000,0.00000,0.00000,0.00000,0.00000,0.00000,14.08629,39.25660
62-1,1783318167.524299,2026-07-06T13:09:27.524299,5.08089,1.39750,7.10056,14.25000,20.52467,5.05039,1.38115,6.97533,14.04000,20.14118,0.00000,0.00000,0.00000,0.00000,0.00000,0.00000,0.00000,0.00000,0.00000,0.00000,14.07589,40.66585
62-1,1783318167.624417,2026-07-06T13:09:27.624417,5.08078,1.39946,7.11033,14.27000,21.23654,5.05039,1.38115,6.97533,14.04000,20.83953,0.00000,0.00000,0.00000,0.00000,0.00000,0.00000,0.00000,0.00000,0.00000,0.00000,14.08566,42.07608
62-1,1783318167.724533,2026-07-06T13:09:27.724533,5.08126,1.39067,7.06634,14.18000,21.94400,5.05466,1.37529,6.95160,13.98000,21.53550,0.00000,0.00000,0.00000,0.00000,0.00000,0.00000,0.00000,0.00000,0.00000,0.00000,14.01794,43.47951
62-1,1783318167.824653,2026-07-06T13:09:27.824653,5.08526,1.39067,7.07190,14.18000,22.65204,5.05341,1.40287,7.08930,14.26000,22.24529,0.00000,0.00000,0.00000,0.00000,0.00000,0.00000,0.00000,0.00000,0.00000,0.00000,14.16120,44.89733
62-1,1783318167.924771,2026-07-06T13:09:27.924771,5.08414,1.41118,7.17462,14.39000,23.37035,5.04923,1.40678,7.10316,14.30000,22.95644,0.00000,0.00000,0.00000,0.00000,0.00000,0.00000,0.00000,0.00000,0.00000,0.00000,14.27778,46.32679
62-1,1783318168.024890,2026-07-06T13:09:28.024890,5.08350,1.42289,7.23329,14.51000,24.09453,5.04923,1.40678,7.10316,14.30000,23.66760,0.00000,0.00000,0.00000,0.00000,0.00000,0.00000,0.00000,0.00000,0.00000,0.00000,14.33645,47.76213
62-1,1783318168.125007,2026-07-06T13:09:28.125007,5.08355,1.42192,7.22840,14.50000,24.81823,5.04995,1.39091,7.02403,14.14000,24.37083,0.00000,0.00000,0.00000,0.00000,0.00000,0.00000,0.00000,0.00000,0.00000,0.00000,14.25243,49.18905
62-1,1783318168.225126,2026-07-06T13:09:28.225126,5.08355,1.42192,7.22840,14.50000,25.54192,5.05039,1.38115,6.97533,14.04000,25.06919,0.00000,0.00000,0.00000,0.00000,0.00000,0.00000,0.00000,0.00000,0.00000,0.00000,14.20373,50.61110
62-1,1783318168.325244,2026-07-06T13:09:28.325244,5.08350,1.42289,7.23329,14.51000,26.26611,5.05048,1.37919,6.96558,14.02000,25.76657,0.00000,0.00000,0.00000,0.00000,0.00000,0.00000,0.00000,0.00000,0.00000,0.00000,14.19887,52.03268
62-1,1783318168.425361,2026-07-06T13:09:28.425361,5.08355,1.42192,7.22840,14.50000,26.98979,5.05048,1.37919,6.96558,14.02000,26.46394,0.00000,0.00000,0.00000,0.00000,0.00000,0.00000,0.00000,0.00000,0.00000,0.00000,14.19398,53.45374
62-1,1783318168.525480,2026-07-06T13:09:28.525480,5.08393,1.41508,7.19418,14.43000,27.71007,5.05461,1.37626,6.95648,13.99000,27.16042,0.00000,0.00000,0.00000,0.00000,0.00000,0.00000,0.00000,0.00000,0.00000,0.00000,14.15066,54.87049
62-1,1783318168.625599,2026-07-06T13:09:28.625599,5.09182,1.41704,7.21529,14.45000,28.43245,5.05444,1.38017,6.97598,14.03000,27.85884,0.00000,0.00000,0.00000,0.00000,0.00000,0.00000,0.00000,0.00000,0.00000,0.00000,14.19127,56.29130
62-1,1783318168.725717,2026-07-06T13:09:28.725717,5.07582,1.41704,7.19262,14.45000,29.15256,5.03844,1.38017,6.95389,14.03000,28.55506,0.00000,0.00000,0.00000,0.00000,0.00000,0.00000,0.00000,0.00000,0.00000,0.00000,14.14651,57.70762
62-1,1783318168.825835,2026-07-06T13:09:28.825835,5.09246,1.40532,7.15652,14.33000,29.86906,5.05844,1.38017,6.98150,14.03000,29.25403,0.00000,0.00000,0.00000,0.00000,0.00000,0.00000,0.00000,0.00000,0.00000,0.00000,14.13802,59.12309
62-1,1783318168.925952,2026-07-06T13:09:28.925952,5.09343,1.38749,7.06710,14.15000,30.57660,5.05466,1.37529,6.95160,13.98000,29.95000,0.00000,0.00000,0.00000,0.00000,0.00000,0.00000,0.00000,0.00000,0.00000,0.00000,14.01870,60.52660
62-1,1783318169.026070,2026-07-06T13:09:29.026070,5.09299,1.39555,7.10753,14.23000,31.28819,5.05457,1.37724,6.96135,14.00000,30.64696,0.00000,0.00000,0.00000,0.00000,0.00000,0.00000,0.00000,0.00000,0.00000,0.00000,14.06888,61.93515
62-1,1783318169.126188,2026-07-06T13:09:29.126188,5.08099,1.39555,7.09078,14.23000,31.99810,5.05866,1.37529,6.95710,13.98000,31.34349,0.00000,0.00000,0.00000,0.00000,0.00000,0.00000,0.00000,0.00000,0.00000,0.00000,14.04788,63.34159
62-1,1783318169.226305,2026-07-06T13:09:29.226305,5.08067,1.40141,7.12011,14.29000,32.71095,5.05066,1.37529,6.94610,13.98000,32.03891,0.00000,0.00000,0.00000,0.00000,0.00000,0.00000,0.00000,0.00000,0.00000,0.00000,14.06621,64.74986
62-1,1783318169.326422,2026-07-06T13:09:29.326422,5.08051,1.40434,7.13477,14.32000,33.42526,5.05057,1.37724,6.95584,14.00000,32.73531,0.00000,0.00000,0.00000,0.00000,0.00000,0.00000,0.00000,0.00000,0.00000,0.00000,14.09061,66.16057
62-1,1783318169.426539,2026-07-06T13:09:29.426539,5.07907,1.43071,7.26667,14.59000,34.15278,5.05044,1.38017,6.97046,14.03000,33.43317,0.00000,0.00000,0.00000,0.00000,0.00000,0.00000,0.00000,0.00000,0.00000,0.00000,14.23713,67.58595
62-1,1783318169.526657,2026-07-06T13:09:29.526657,5.08707,1.43071,7.27812,14.59000,34.88145,5.05444,1.38017,6.97598,14.03000,34.13159,0.00000,0.00000,0.00000,0.00000,0.00000,0.00000,0.00000,0.00000,0.00000,0.00000,14.25410,69.01304
62-1,1783318169.626776,2026-07-06T13:09:29.626776,5.08345,1.42387,7.23818,14.52000,35.60612,5.05044,1.38017,6.97046,14.03000,34.82946,0.00000,0.00000,0.00000,0.00000,0.00000,0.00000,0.00000,0.00000,0.00000,0.00000,14.20864,70.43559
62-1,1783318169.726895,2026-07-06T13:09:29.726895,5.08739,1.42485,7.24876,14.53000,36.33186,5.05030,1.38310,6.98507,14.06000,35.52880,0.00000,0.00000,0.00000,0.00000,0.00000,0.00000,0.00000,0.00000,0.00000,0.00000,14.23383,71.86067
62-1,1783318169.827013,2026-07-06T13:09:29.827013,5.08830,1.40825,7.16558,14.36000,37.04927,5.05035,1.38212,6.98020,14.05000,36.22765,0.00000,0.00000,0.00000,0.00000,0.00000,0.00000,0.00000,0.00000,0.00000,0.00000,14.14578,73.27692
62-1,1783318169.927132,2026-07-06T13:09:29.927132,5.08467,1.40141,7.12571,14.29000,37.76269,5.04514,1.40873,7.10727,14.32000,36.93923,0.00000,0.00000,0.00000,0.00000,0.00000,0.00000,0.00000,0.00000,0.00000,0.00000,14.23298,74.70192
62-1,1783318170.027251,2026-07-06T13:09:30.027251,5.08067,1.40141,7.12011,14.29000,38.47555,5.05314,1.40873,7.11854,14.32000,37.65193,0.00000,0.00000,0.00000,0.00000,0.00000,0.00000,0.00000,0.00000,0.00000,0.00000,14.23865,76.12747
62-1,1783318170.127369,2026-07-06T13:09:30.127369,5.08345,1.42387,7.23818,14.52000,39.20022,5.05723,1.40678,7.11442,14.30000,38.36420,0.00000,0.00000,0.00000,0.00000,0.00000,0.00000,0.00000,0.00000,0.00000,0.00000,14.35260,77.56442
63-1,1783318170.227513,2026-07-06T13:09:30.227513,5.08831,1.33476,6.79166,13.61000,0.68014,5.06030,1.33891,6.77528,13.61000,0.67850,0.00000,0.00000,0.00000,0.00000,0.00000,0.00000,0.00000,0.00000,0.00000,0.00000,13.56694,1.35864
63-1,1783318170.327630,2026-07-06T13:09:30.327630,5.08181,1.38066,7.01623,14.08000,1.38259,5.04652,1.37822,6.95520,14.01000,1.37483,0.00000,0.00000,0.00000,0.00000,0.00000,0.00000,0.00000,0.00000,0.00000,0.00000,13.97143,2.75742
63-1,1783318170.427748,2026-07-06T13:09:30.427748,5.08581,1.38066,7.02175,14.08000,2.08559,5.04652,1.37822,6.95520,14.01000,2.07118,0.00000,0.00000,0.00000,0.00000,0.00000,0.00000,0.00000,0.00000,0.00000,0.00000,13.97695,4.15677
63-1,1783318170.527867,2026-07-06T13:09:30.527867,5.08133,1.02274,5.19686,10.43000,2.60590,5.05389,1.03885,5.25023,10.56000,2.59683,0.00000,0.00000,0.00000,0.00000,0.00000,0.00000,0.00000,0.00000,0.00000,0.00000,10.44709,5.20272
63-1,1783318170.627986,2026-07-06T13:09:30.627986,5.06186,1.37968,6.98375,14.07000,3.30510,5.03786,1.39286,7.01706,14.16000,3.29937,0.00000,0.00000,0.00000,0.00000,0.00000,0.00000,0.00000,0.00000,0.00000,0.00000,14.00081,6.60447
63-1,1783318170.728104,2026-07-06T13:09:30.728104,5.08467,1.40141,7.12571,14.29000,4.01851,5.05479,1.37236,6.93697,13.95000,3.99388,0.00000,0.00000,0.00000,0.00000,0.00000,0.00000,0.00000,0.00000,0.00000,0.00000,14.06268,8.01240
63-1,1783318170.828223,2026-07-06T13:09:30.828223,5.07667,1.40141,7.11450,14.29000,4.73081,5.05079,1.37236,6.93148,13.95000,4.68785,0.00000,0.00000,0.00000,0.00000,0.00000,0.00000,0.00000,0.00000,0.00000,0.00000,14.04598,9.41866
63-1,1783318170.928340,2026-07-06T13:09:30.928340,5.08537,1.38871,7.06212,14.16000,5.43785,5.05363,1.39799,7.06493,14.21000,5.39517,0.00000,0.00000,0.00000,0.00000,0.00000,0.00000,0.00000,0.00000,0.00000,0.00000,14.12705,10.83302
63-1,1783318171.028458,2026-07-06T13:09:31.028458,5.08435,1.40727,7.15506,14.35000,6.15420,5.05483,1.37138,6.93210,13.94000,6.08920,0.00000,0.00000,0.00000,0.00000,0.00000,0.00000,0.00000,0.00000,0.00000,0.00000,14.08716,12.24340
63-1,1783318171.128576,2026-07-06T13:09:31.128576,5.08526,1.39067,7.07190,14.18000,6.86223,5.05435,1.38212,6.98573,14.05000,6.78860,0.00000,0.00000,0.00000,0.00000,0.00000,0.00000,0.00000,0.00000,0.00000,0.00000,14.05763,13.65083
63-1,1783318171.228693,2026-07-06T13:09:31.228693,5.08110,1.39360,7.08101,14.21000,7.57115,5.05835,1.38212,6.99125,14.05000,7.48854,0.00000,0.00000,0.00000,0.00000,0.00000,0.00000,0.00000,0.00000,0.00000,0.00000,14.07226,15.05970
63-1,1783318171.328811,2026-07-06T13:09:31.328811,5.08510,1.39360,7.08658,14.21000,8.28065,5.05061,1.37626,6.95097,13.99000,8.18446,0.00000,0.00000,0.00000,0.00000,0.00000,0.00000,0.00000,0.00000,0.00000,0.00000,14.03755,16.46511
63-1,1783318171.428929,2026-07-06T13:09:31.428929,5.08062,1.40239,7.12499,14.30000,8.99399,5.05101,1.36747,6.90712,13.90000,8.87599,0.00000,0.00000,0.00000,0.00000,0.00000,0.00000,0.00000,0.00000,0.00000,0.00000,14.03211,17.86998
63-1,1783318171.529047,2026-07-06T13:09:31.529047,5.07971,1.41899,7.20806,14.47000,9.71565,5.04536,1.40385,7.08294,14.27000,9.58512,0.00000,0.00000,0.00000,0.00000,0.00000,0.00000,0.00000,0.00000,0.00000,0.00000,14.29100,19.30076
63-1,1783318171.629166,2026-07-06T13:09:31.629166,5.08510,1.39360,7.08658,14.21000,10.42514,5.05336,1.40385,7.09417,14.27000,10.29538,0.00000,0.00000,0.00000,0.00000,0.00000,0.00000,0.00000,0.00000,0.00000,0.00000,14.18075,20.72052
63-1,1783318171.729284,2026-07-06T13:09:31.729284,5.08510,1.39360,7.08658,14.21000,11.13464,5.05052,1.37822,6.96071,14.01000,10.99227,0.00000,0.00000,0.00000,0.00000,0.00000,0.00000,0.00000,0.00000,0.00000,0.00000,14.04729,22.12691
63-1,1783318171.829400,2026-07-06T13:09:31.829400,5.08543,1.38749,7.05600,14.15000,11.84106,5.05052,1.37822,6.96071,14.01000,11.68915,0.00000,0.00000,0.00000,0.00000,0.00000,0.00000,0.00000,0.00000,0.00000,0.00000,14.01671,23.53021
63-1,1783318171.929518,2026-07-06T13:09:31.929518,5.08382,1.41704,7.20395,14.45000,12.56230,5.04991,1.39189,7.02890,14.15000,12.39287,0.00000,0.00000,0.00000,0.00000,0.00000,0.00000,0.00000,0.00000,0.00000,0.00000,14.23285,24.95517
63-1,1783318172.029636,2026-07-06T13:09:32.029636,5.07977,1.41801,7.20317,14.46000,13.28347,5.04991,1.39189,7.02890,14.15000,13.09659,0.00000,0.00000,0.00000,0.00000,0.00000,0.00000,0.00000,0.00000,0.00000,0.00000,14.23207,26.38006
63-1,1783318172.129754,2026-07-06T13:09:32.129754,5.08377,1.41801,7.20884,14.46000,14.00520,5.05075,1.37333,6.93636,13.96000,13.79104,0.00000,0.00000,0.00000,0.00000,0.00000,0.00000,0.00000,0.00000,0.00000,0.00000,14.14520,27.79625
63-1,1783318172.229872,2026-07-06T13:09:32.229872,5.08505,1.39457,7.09147,14.22000,14.71519,5.05052,1.37822,6.96071,14.01000,14.48794,0.00000,0.00000,0.00000,0.00000,0.00000,0.00000,0.00000,0.00000,0.00000,0.00000,14.05218,29.20313
63-1,1783318172.329990,2026-07-06T13:09:32.329990,5.08505,1.39457,7.09147,14.22000,15.42517,5.04928,1.40580,7.09829,14.29000,15.19860,0.00000,0.00000,0.00000,0.00000,0.00000,0.00000,0.00000,0.00000,0.00000,0.00000,14.18976,30.62378
63-1,1783318172.430108,2026-07-06T13:09:32.430108,5.08137,1.38871,7.05656,14.16000,16.13166,5.04928,1.40580,7.09829,14.29000,15.90927,0.00000,0.00000,0.00000,0.00000,0.00000,0.00000,0.00000,0.00000,0.00000,0.00000,14.15485,32.04093
63-1,1783318172.530226,2026-07-06T13:09:32.530226,5.08382,1.41704,7.20395,14.16000,16.85291,5.04675,1.37333,6.93086,13.96000,16.60317,0.00000,0.00000,0.00000,0.00000,0.00000,0.00000,0.00000,0.00000,0.00000,0.00000,14.13481,33.45608
63-1,1783318172.630345,2026-07-06T13:09:32.630345,5.08382,1.41704,7.20395,14.45000,17.57416,5.04657,1.37724,6.95033,14.00000,17.29903,0.00000,0.00000,0.00000,0.00000,0.00000,0.00000,0.00000,0.00000,0.00000,0.00000,14.15428,34.87318
63-1,1783318172.730463,2026-07-06T13:09:32.730463,5.08387,1.41606,7.19906,14.44000,18.29491,5.05035,1.38212,6.98020,14.05000,17.99787,0.00000,0.00000,0.00000,0.00000,0.00000,0.00000,0.00000,0.00000,0.00000,0.00000,14.17926,36.29279
63-1,1783318172.830579,2026-07-06T13:09:32.830579,5.08323,1.42778,7.25773,14.56000,19.02153,5.05435,1.38212,6.98573,14.05000,18.69726,0.00000,0.00000,0.00000,0.00000,0.00000,0.00000,0.00000,0.00000,0.00000,0.00000,14.24346,37.71879
63-1,1783318172.930696,2026-07-06T13:09:32.930696,5.08393,1.41508,7.19418,14.43000,19.74179,5.04936,1.40385,7.08856,14.27000,19.40694,0.00000,0.00000,0.00000,0.00000,0.00000,0.00000,0.00000,0.00000,0.00000,0.00000,14.28274,39.14873
63-1,1783318173.030813,2026-07-06T13:09:33.030813,5.07593,1.41508,7.18285,14.43000,20.46091,5.05017,1.38603,6.99968,14.09000,20.10773,0.00000,0.00000,0.00000,0.00000,0.00000,0.00000,0.00000,0.00000,0.00000,0.00000,14.18253,40.56864
63-1,1783318173.130929,2026-07-06T13:09:33.130929,5.08094,1.39653,7.09567,14.24000,21.17130,5.05052,1.37822,6.96071,14.01000,20.80461,0.00000,0.00000,0.00000,0.00000,0.00000,0.00000,0.00000,0.00000,0.00000,0.00000,14.05638,41.97591
63-1,1783318173.231047,2026-07-06T13:09:33.231047,5.08073,1.40043,7.11522,14.28000,21.88366,5.04252,1.37822,6.94969,14.01000,21.50040,0.00000,0.00000,0.00000,0.00000,0.00000,0.00000,0.00000,0.00000,0.00000,0.00000,14.06491,43.38406
63-1,1783318173.331164,2026-07-06T13:09:33.331164,5.07694,1.39653,7.09008,14.24000,22.59350,5.05048,1.37919,6.96558,14.02000,22.19777,0.00000,0.00000,0.00000,0.00000,0.00000,0.00000,0.00000,0.00000,0.00000,0.00000,14.05566,44.79128
63-1,1783318173.431283,2026-07-06T13:09:33.431283,5.08094,1.39653,7.09567,14.24000,23.30391,5.05061,1.37626,6.95097,13.99000,22.89369,0.00000,0.00000,0.00000,0.00000,0.00000,0.00000,0.00000,0.00000,0.00000,0.00000,14.04664,46.19760
63-1,1783318173.531399,2026-07-06T13:09:33.531399,5.08494,1.39653,7.10126,14.24000,24.01487,5.05354,1.39995,7.07468,14.23000,23.60199,0.00000,0.00000,0.00000,0.00000,0.00000,0.00000,0.00000,0.00000,0.00000,0.00000,14.17594,47.61685
63-1,1783318173.631517,2026-07-06T13:09:33.631517,5.08483,1.39848,7.11104,14.26000,24.72681,5.05354,1.39995,7.07468,14.23000,24.31029,0.00000,0.00000,0.00000,0.00000,0.00000,0.00000,0.00000,0.00000,0.00000,0.00000,14.18572,49.03710
63-1,1783318173.731634,2026-07-06T13:09:33.731634,5.07689,1.39750,7.09497,14.25000,25.43713,5.05336,1.40385,7.09417,14.27000,25.02053,0.00000,0.00000,0.00000,0.00000,0.00000,0.00000,0.00000,0.00000,0.00000,0.00000,14.18914,50.45767
63-1,1783318173.831753,2026-07-06T13:09:33.831753,5.08089,1.39750,7.10056,14.25000,26.14803,5.05319,1.40776,7.11366,14.31000,25.73275,0.00000,0.00000,0.00000,0.00000,0.00000,0.00000,0.00000,0.00000,0.00000,0.00000,14.21422,51.88078
63-1,1783318173.931870,2026-07-06T13:09:33.931870,5.08078,1.39946,7.11033,14.27000,26.85990,5.05358,1.39897,7.06981,14.22000,26.44056,0.00000,0.00000,0.00000,0.00000,0.00000,0.00000,0.00000,0.00000,0.00000,0.00000,14.18014,53.30046
63-1,1783318174.031988,2026-07-06T13:09:34.031988,5.07667,1.40141,7.11450,14.29000,27.57219,5.04158,1.39897,7.05302,14.22000,27.14669,0.00000,0.00000,0.00000,0.00000,0.00000,0.00000,0.00000,0.00000,0.00000,0.00000,14.16752,54.71888
63-1,1783318174.132106,2026-07-06T13:09:34.132106,5.07683,1.39848,7.09985,14.26000,28.28301,5.04910,1.40971,7.11777,14.33000,27.85931,0.00000,0.00000,0.00000,0.00000,0.00000,0.00000,0.00000,0.00000,0.00000,0.00000,14.21762,56.14232
63-1,1783318174.232224,2026-07-06T13:09:34.232224,5.08462,1.40239,7.13060,14.30000,28.99691,5.04954,1.39995,7.06908,14.23000,28.56705,0.00000,0.00000,0.00000,0.00000,0.00000,0.00000,0.00000,0.00000,0.00000,0.00000,14.19968,57.56396
63-1,1783318174.332341,2026-07-06T13:09:34.332341,5.07262,1.40239,7.11377,14.30000,29.70912,5.05363,1.39799,7.06493,14.21000,29.27437,0.00000,0.00000,0.00000,0.00000,0.00000,0.00000,0.00000,0.00000,0.00000,0.00000,14.17870,58.98349
64-1,1783318174.432485,2026-07-06T13:09:34.432485,5.07987,1.41606,7.19340,14.44000,0.72037,5.06563,1.39799,7.08171,14.21000,0.70919,0.00000,0.00000,0.00000,0.00000,0.00000,0.00000,0.00000,0.00000,0.00000,0.00000,14.27511,1.42956
64-1,1783318174.532600,2026-07-06T13:09:34.532600,5.08105,1.39457,7.08589,14.22000,1.42978,5.05021,1.38505,6.99481,14.08000,1.40948,0.00000,0.00000,0.00000,0.00000,0.00000,0.00000,0.00000,0.00000,0.00000,0.00000,14.08070,2.83926
64-1,1783318174.632718,2026-07-06T13:09:34.632718,5.09043,1.14920,5.84995,11.72000,2.01546,5.06038,1.51396,7.66122,15.39000,2.17650,0.00000,0.00000,0.00000,0.00000,0.00000,0.00000,0.00000,0.00000,0.00000,0.00000,13.51117,4.19197
64-1,1783318174.732836,2026-07-06T13:09:34.732836,5.07443,1.14920,5.83156,11.72000,2.59931,5.06826,1.33988,6.79088,13.62000,2.85639,0.00000,0.00000,0.00000,0.00000,0.00000,0.00000,0.00000,0.00000,0.00000,0.00000,12.62244,5.45569
64-1,1783318174.832954,2026-07-06T13:09:34.832954,5.08543,1.38749,7.05600,14.15000,3.30574,5.04675,1.37333,6.93086,13.96000,3.55029,0.00000,0.00000,0.00000,0.00000,0.00000,0.00000,0.00000,0.00000,0.00000,0.00000,13.98686,6.85603
64-1,1783318174.933072,2026-07-06T13:09:34.933072,5.08393,1.41508,7.19418,14.43000,4.02601,5.05075,1.37333,6.93636,13.96000,4.24475,0.00000,0.00000,0.00000,0.00000,0.00000,0.00000,0.00000,0.00000,0.00000,0.00000,14.13054,8.27075
64-1,1783318175.033191,2026-07-06T13:09:35.033191,5.08515,1.39262,7.08169,14.20000,4.73502,5.05488,1.37040,6.92722,13.93000,4.93829,0.00000,0.00000,0.00000,0.00000,0.00000,0.00000,0.00000,0.00000,0.00000,0.00000,14.00891,9.67331
64-1,1783318175.133309,2026-07-06T13:09:35.133309,5.08515,1.39262,7.08169,14.20000,5.44403,5.05457,1.37724,6.96135,14.00000,5.63525,0.00000,0.00000,0.00000,0.00000,0.00000,0.00000,0.00000,0.00000,0.00000,0.00000,14.04304,11.07928
64-1,1783318175.233427,2026-07-06T13:09:35.233427,5.08991,1.37870,7.01748,14.06000,6.14660,5.05070,1.37431,6.94123,13.97000,6.33019,0.00000,0.00000,0.00000,0.00000,0.00000,0.00000,0.00000,0.00000,0.00000,0.00000,13.95871,12.47679
64-1,1783318175.333545,2026-07-06T13:09:35.333545,5.08409,1.41215,7.17951,14.40000,6.86540,5.05470,1.37431,6.94672,13.97000,7.02568,0.00000,0.00000,0.00000,0.00000,0.00000,0.00000,0.00000,0.00000,0.00000,0.00000,14.12623,13.89108
64-1,1783318175.433664,2026-07-06T13:09:35.433664,5.08554,1.38554,7.04622,14.13000,7.57086,5.04581,1.39409,7.03428,14.17000,7.72995,0.00000,0.00000,0.00000,0.00000,0.00000,0.00000,0.00000,0.00000,0.00000,0.00000,14.08050,15.30080
64-1,1783318175.533781,2026-07-06T13:09:35.533781,5.08159,1.38456,7.03579,14.12000,8.27526,5.04670,1.37431,6.93573,13.97000,8.42433,0.00000,0.00000,0.00000,0.00000,0.00000,0.00000,0.00000,0.00000,0.00000,0.00000,13.97152,16.69960
64-1,1783318175.633899,2026-07-06T13:09:35.633899,5.08559,1.38456,7.04133,14.12000,8.98022,5.05376,1.39506,7.05031,14.18000,9.13020,0.00000,0.00000,0.00000,0.00000,0.00000,0.00000,0.00000,0.00000,0.00000,0.00000,14.09164,18.11042
64-1,1783318175.734017,2026-07-06T13:09:35.734017,5.07934,1.42582,7.24225,14.54000,9.70530,5.04576,1.39506,7.03915,14.18000,9.83494,0.00000,0.00000,0.00000,0.00000,0.00000,0.00000,0.00000,0.00000,0.00000,0.00000,14.28140,19.54024
64-1,1783318175.834136,2026-07-06T13:09:35.834136,5.08115,1.39262,7.07612,14.20000,10.41376,5.05066,1.37529,6.94610,13.98000,10.53038,0.00000,0.00000,0.00000,0.00000,0.00000,0.00000,0.00000,0.00000,0.00000,0.00000,14.02222,20.94415
64-1,1783318175.934255,2026-07-06T13:09:35.934255,5.08526,1.39067,7.07190,14.18000,11.12179,5.05088,1.37040,6.92174,13.93000,11.22338,0.00000,0.00000,0.00000,0.00000,0.00000,0.00000,0.00000,0.00000,0.00000,0.00000,13.99364,22.34517
64-1,1783318176.034374,2026-07-06T13:09:36.034374,5.08526,1.39067,7.07190,14.18000,11.82982,5.05345,1.40190,7.08443,14.25000,11.93266,0.00000,0.00000,0.00000,0.00000,0.00000,0.00000,0.00000,0.00000,0.00000,0.00000,14.15633,23.76249
64-1,1783318176.134492,2026-07-06T13:09:36.134492,5.08009,1.41215,7.17386,14.40000,12.54806,5.05345,1.40190,7.08443,14.25000,12.64194,0.00000,0.00000,0.00000,0.00000,0.00000,0.00000,0.00000,0.00000,0.00000,0.00000,14.25829,25.19000
64-1,1783318176.234612,2026-07-06T13:09:36.234612,5.07950,1.42289,7.22760,14.51000,13.27168,5.04661,1.37626,6.94547,13.99000,13.33732,0.00000,0.00000,0.00000,0.00000,0.00000,0.00000,0.00000,0.00000,0.00000,0.00000,14.17307,26.60900
64-1,1783318176.334731,2026-07-06T13:09:36.334731,5.08489,1.39750,7.10615,14.25000,13.98314,5.04666,1.37529,6.94060,13.98000,14.03221,0.00000,0.00000,0.00000,0.00000,0.00000,0.00000,0.00000,0.00000,0.00000,0.00000,14.04675,28.01536
64-1,1783318176.434850,2026-07-06T13:09:36.434850,5.08489,1.39750,7.10615,14.25000,14.69460,5.04958,1.39897,7.06421,14.22000,14.73947,0.00000,0.00000,0.00000,0.00000,0.00000,0.00000,0.00000,0.00000,0.00000,0.00000,14.17036,29.43407
64-1,1783318176.534968,2026-07-06T13:09:36.534968,5.08105,1.39457,7.08589,14.22000,15.40403,5.05358,1.39897,7.06981,14.22000,15.44729,0.00000,0.00000,0.00000,0.00000,0.00000,0.00000,0.00000,0.00000,0.00000,0.00000,14.15570,30.85132
64-1,1783318176.635086,2026-07-06T13:09:36.635086,5.08154,1.38554,7.04068,14.13000,16.10893,5.05052,1.37822,6.96071,14.01000,16.14418,0.00000,0.00000,0.00000,0.00000,0.00000,0.00000,0.00000,0.00000,0.00000,0.00000,14.00139,32.25311
64-1,1783318176.735205,2026-07-06T13:09:36.735205,5.08430,1.40825,7.15995,14.36000,16.82578,5.05070,1.37431,6.94123,13.97000,16.83913,0.00000,0.00000,0.00000,0.00000,0.00000,0.00000,0.00000,0.00000,0.00000,0.00000,14.10118,33.66490
64-1,1783318176.835323,2026-07-06T13:09:36.835323,5.07966,1.41997,7.21294,14.48000,17.54792,5.05088,1.37040,6.92174,13.93000,17.53212,0.00000,0.00000,0.00000,0.00000,0.00000,0.00000,0.00000,0.00000,0.00000,0.00000,14.13468,35.08004
64-1,1783318176.935441,2026-07-06T13:09:36.935441,5.08366,1.41997,7.21862,14.48000,18.27063,5.05488,1.37040,6.92722,13.93000,18.22565,0.00000,0.00000,0.00000,0.00000,0.00000,0.00000,0.00000,0.00000,0.00000,0.00000,14.14584,36.49628
64-1,1783318177.035559,2026-07-06T13:09:37.035559,5.08329,1.42680,7.25284,14.55000,18.99678,5.05350,1.40092,7.07955,14.24000,18.93445,0.00000,0.00000,0.00000,0.00000,0.00000,0.00000,0.00000,0.00000,0.00000,0.00000,14.33239,37.93123
64-1,1783318177.135678,2026-07-06T13:09:37.135678,5.08398,1.41411,7.18929,14.42000,19.71656,5.05386,1.39286,7.03935,14.16000,19.63922,0.00000,0.00000,0.00000,0.00000,0.00000,0.00000,0.00000,0.00000,0.00000,0.00000,14.22864,39.35578
64-1,1783318177.235796,2026-07-06T13:09:37.235796,5.08478,1.39946,7.11593,14.27000,20.42899,5.05044,1.38017,6.97046,14.03000,20.33709,0.00000,0.00000,0.00000,0.00000,0.00000,0.00000,0.00000,0.00000,0.00000,0.00000,14.08639,40.76608
64-1,1783318177.335915,2026-07-06T13:09:37.335915,5.08078,1.39946,7.11033,14.27000,21.14087,5.05444,1.38017,6.97598,14.03000,21.03552,0.00000,0.00000,0.00000,0.00000,0.00000,0.00000,0.00000,0.00000,0.00000,0.00000,14.08631,42.17639
64-1,1783318177.436033,2026-07-06T13:09:37.436033,5.08078,1.39946,7.11033,14.27000,21.85274,5.05044,1.38017,6.97046,14.03000,21.73339,0.00000,0.00000,0.00000,0.00000,0.00000,0.00000,0.00000,0.00000,0.00000,0.00000,14.08079,43.58613
64-1,1783318177.536152,2026-07-06T13:09:37.536152,5.08078,1.39946,7.11033,14.27000,22.56462,5.05061,1.37626,6.95097,13.99000,22.42931,0.00000,0.00000,0.00000,0.00000,0.00000,0.00000,0.00000,0.00000,0.00000,0.00000,14.06130,44.99393
64-1,1783318177.636271,2026-07-06T13:09:37.636271,5.08057,1.40336,7.12988,14.31000,23.27845,5.05336,1.40385,7.09417,14.27000,23.13957,0.00000,0.00000,0.00000,0.00000,0.00000,0.00000,0.00000,0.00000,0.00000,0.00000,14.22405,46.41802
64-1,1783318177.736389,2026-07-06T13:09:37.736389,5.08057,1.40336,7.12988,14.31000,23.99229,5.05336,1.40385,7.09417,14.27000,23.84982,0.00000,0.00000,0.00000,0.00000,0.00000,0.00000,0.00000,0.00000,0.00000,0.00000,14.22405,47.84211
64-1,1783318177.836508,2026-07-06T13:09:37.836508,5.08499,1.39555,7.09636,14.23000,24.70276,5.05328,1.40580,7.10392,14.29000,24.56106,0.00000,0.00000,0.00000,0.00000,0.00000,0.00000,0.00000,0.00000,0.00000,0.00000,14.20028,49.26382
64-1,1783318177.936626,2026-07-06T13:09:37.936626,5.08521,1.39164,7.07680,14.19000,25.41128,5.05323,1.40678,7.10879,14.30000,25.27278,0.00000,0.00000,0.00000,0.00000,0.00000,0.00000,0.00000,0.00000,0.00000,0.00000,14.18559,50.68407
64-1,1783318178.036746,2026-07-06T13:09:38.036746,5.08089,1.39750,7.10056,14.25000,26.12219,5.05754,1.39995,7.08028,14.23000,25.98165,0.00000,0.00000,0.00000,0.00000,0.00000,0.00000,0.00000,0.00000,0.00000,0.00000,14.18084,52.10384
64-1,1783318178.136864,2026-07-06T13:09:38.136864,5.07673,1.40043,7.10962,14.25000,26.83399,5.05354,1.39995,7.07468,14.23000,26.68996,0.00000,0.00000,0.00000,0.00000,0.00000,0.00000,0.00000,0.00000,0.00000,0.00000,14.18430,53.52395
64-1,1783318178.236983,2026-07-06T13:09:38.236983,5.07273,1.40043,7.10402,14.28000,27.54524,5.04613,1.38701,6.99900,14.10000,27.39069,0.00000,0.00000,0.00000,0.00000,0.00000,0.00000,0.00000,0.00000,0.00000,0.00000,14.10302,54.93593
64-1,1783318178.337103,2026-07-06T13:09:38.337103,5.07273,1.40043,7.10402,14.28000,28.25649,5.04644,1.38017,6.96493,14.03000,28.08802,0.00000,0.00000,0.00000,0.00000,0.00000,0.00000,0.00000,0.00000,0.00000,0.00000,14.06895,56.34451
64-1,1783318178.437220,2026-07-06T13:09:38.437220,5.07283,1.39848,7.09426,14.26000,28.96675,5.04248,1.37919,6.95455,14.02000,28.78429,0.00000,0.00000,0.00000,0.00000,0.00000,0.00000,0.00000,0.00000,0.00000,0.00000,14.04881,57.75104
64-1,1783318178.537339,2026-07-06T13:09:38.537339,5.08089,1.39750,7.10056,14.25000,29.67765,5.05048,1.37919,6.96558,14.02000,29.48168,0.00000,0.00000,0.00000,0.00000,0.00000,0.00000,0.00000,0.00000,0.00000,0.00000,14.06614,59.15933
64-1,1783318178.637458,2026-07-06T13:09:38.637458,5.09289,1.39750,7.11733,14.25000,30.39023,5.04630,1.38310,6.97954,14.06000,30.18046,0.00000,0.00000,0.00000,0.00000,0.00000,0.00000,0.00000,0.00000,0.00000,0.00000,14.09687,60.57069
64-1,1783318178.737578,2026-07-06T13:09:38.737578,5.08819,1.41020,7.17537,14.38000,31.10863,5.04630,1.38310,6.97954,14.06000,30.87925,0.00000,0.00000,0.00000,0.00000,0.00000,0.00000,0.00000,0.00000,0.00000,0.00000,14.15491,61.98788
64-1,1783318178.837697,2026-07-06T13:09:38.837697,5.08697,1.43266,7.28790,14.61000,31.83828,5.05439,1.38115,6.98085,14.04000,31.57817,0.00000,0.00000,0.00000,0.00000,0.00000,0.00000,0.00000,0.00000,0.00000,0.00000,14.26875,63.41645
64-1,1783318178.937815,2026-07-06T13:09:38.937815,5.07534,1.42582,7.23655,14.54000,32.56279,5.04639,1.38115,6.96980,14.04000,32.27597,0.00000,0.00000,0.00000,0.00000,0.00000,0.00000,0.00000,0.00000,0.00000,0.00000,14.20635,64.83877
65-1,1783318179.037958,2026-07-06T13:09:39.037958,5.08334,1.42582,7.24795,14.54000,0.72583,5.04688,1.37040,6.91626,13.93000,0.69262,0.00000,0.00000,0.00000,0.00000,0.00000,0.00000,0.00000,0.00000,0.00000,0.00000,14.16421,1.41845
65-1,1783318179.138076,2026-07-06T13:09:39.138076,5.07770,1.38261,7.02048,14.10000,1.42871,5.04670,1.37431,6.93573,13.97000,1.38701,0.00000,0.00000,0.00000,0.00000,0.00000,0.00000,0.00000,0.00000,0.00000,0.00000,13.95621,2.81571
65-1,1783318179.238197,2026-07-06T13:09:39.238197,5.07715,1.39262,7.07055,14.20000,2.13662,5.04304,1.54350,7.78395,15.69000,2.16634,0.00000,0.00000,0.00000,0.00000,0.00000,0.00000,0.00000,0.00000,0.00000,0.00000,14.85450,4.30296
65-1,1783318179.338315,2026-07-06T13:09:39.338315,5.12524,0.87771,4.49849,8.95000,2.58700,5.05904,1.54350,7.80865,15.69000,2.94813,0.00000,0.00000,0.00000,0.00000,0.00000,0.00000,0.00000,0.00000,0.00000,0.00000,12.30714,5.53513
65-1,1783318179.438434,2026-07-06T13:09:39.438434,5.09724,0.87771,4.47391,8.95000,3.03492,5.04911,1.23270,6.22406,12.53000,3.57128,0.00000,0.00000,0.00000,0.00000,0.00000,0.00000,0.00000,0.00000,0.00000,0.00000,10.69797,6.60620
65-1,1783318179.538552,2026-07-06T13:09:39.538552,5.08489,1.39750,7.10615,14.25000,3.74637,5.04176,1.39506,7.03357,14.18000,4.27546,0.00000,0.00000,0.00000,0.00000,0.00000,0.00000,0.00000,0.00000,0.00000,0.00000,14.13972,8.02183
65-1,1783318179.638670,2026-07-06T13:09:39.638670,5.08444,1.55229,7.89255,15.83000,4.53656,5.05770,1.21976,6.16920,12.40000,4.89311,0.00000,0.00000,0.00000,0.00000,0.00000,0.00000,0.00000,0.00000,0.00000,0.00000,14.06175,9.42967
65-1,1783318179.738788,2026-07-06T13:09:39.738788,5.10365,1.20023,6.12556,12.24000,5.14984,5.04170,1.21976,6.14968,12.40000,5.50881,0.00000,0.00000,0.00000,0.00000,0.00000,0.00000,0.00000,0.00000,0.00000,0.00000,12.27524,10.65865
65-1,1783318179.838907,2026-07-06T13:09:39.838907,5.09630,1.40825,7.17684,14.36000,5.86838,5.04492,1.41362,7.13159,14.37000,6.22282,0.00000,0.00000,0.00000,0.00000,0.00000,0.00000,0.00000,0.00000,0.00000,0.00000,14.30843,12.09120
65-1,1783318179.939027,2026-07-06T13:09:39.939027,5.08030,1.40825,7.15431,14.36000,6.58467,5.04554,1.39995,7.06348,14.23000,6.93001,0.00000,0.00000,0.00000,0.00000,0.00000,0.00000,0.00000,0.00000,0.00000,0.00000,14.21779,13.51468
65-1,1783318180.039146,2026-07-06T13:09:40.039146,5.07945,1.42387,7.23248,14.52000,7.30878,5.05079,1.37236,6.93148,13.95000,7.62398,0.00000,0.00000,0.00000,0.00000,0.00000,0.00000,0.00000,0.00000,0.00000,0.00000,14.16396,14.93276
65-1,1783318180.139264,2026-07-06T13:09:40.139264,5.08094,1.39653,7.09567,14.24000,8.01918,5.05079,1.37236,6.93148,13.95000,8.31794,0.00000,0.00000,0.00000,0.00000,0.00000,0.00000,0.00000,0.00000,0.00000,0.00000,14.02715,16.33712
65-1,1783318180.239382,2026-07-06T13:09:40.239382,5.08515,1.39262,7.08169,14.20000,8.72819,5.05466,1.37529,6.95160,13.98000,9.01393,0.00000,0.00000,0.00000,0.00000,0.00000,0.00000,0.00000,0.00000,0.00000,0.00000,14.03329,17.74211
65-1,1783318180.339499,2026-07-06T13:09:40.339499,5.08515,1.39262,7.08169,14.20000,9.43719,5.05350,1.40092,7.07955,14.24000,9.72271,0.00000,0.00000,0.00000,0.00000,0.00000,0.00000,0.00000,0.00000,0.00000,0.00000,14.16124,19.15990
65-1,1783318180.439618,2026-07-06T13:09:40.439618,5.08110,1.39360,7.08101,14.21000,10.14613,5.05448,1.37919,6.97110,14.02000,10.42065,0.00000,0.00000,0.00000,0.00000,0.00000,0.00000,0.00000,0.00000,0.00000,0.00000,14.05211,20.56678
65-1,1783318180.539736,2026-07-06T13:09:40.539736,5.07977,1.41801,7.20317,14.46000,10.86730,5.05048,1.37919,6.96558,14.02000,11.11803,0.00000,0.00000,0.00000,0.00000,0.00000,0.00000,0.00000,0.00000,0.00000,0.00000,14.16875,21.98533
65-1,1783318180.639854,2026-07-06T13:09:40.639854,5.07939,1.42485,7.23737,14.53000,11.59188,5.05448,1.37919,6.97110,14.02000,11.81596,0.00000,0.00000,0.00000,0.00000,0.00000,0.00000,0.00000,0.00000,0.00000,0.00000,14.20847,23.40784
65-1,1783318180.739973,2026-07-06T13:09:40.739973,5.08739,1.42485,7.24876,14.53000,12.31762,5.05399,1.38993,7.02472,14.13000,12.51927,0.00000,0.00000,0.00000,0.00000,0.00000,0.00000,0.00000,0.00000,0.00000,0.00000,14.27348,24.83689
65-1,1783318180.840091,2026-07-06T13:09:40.840091,5.08089,1.39750,7.10056,14.25000,13.02852,5.04928,1.40580,7.09829,14.29000,13.22994,0.00000,0.00000,0.00000,0.00000,0.00000,0.00000,0.00000,0.00000,0.00000,0.00000,14.19885,26.25846
65-1,1783318180.940209,2026-07-06T13:09:40.940209,5.08478,1.39946,7.11593,14.27000,13.74095,5.04928,1.40580,7.09829,14.29000,13.94061,0.00000,0.00000,0.00000,0.00000,0.00000,0.00000,0.00000,0.00000,0.00000,0.00000,14.21422,27.68156
65-1,1783318181.040327,2026-07-06T13:09:41.040327,5.08489,1.39750,7.10615,14.25000,14.45240,5.04639,1.38115,6.96980,14.04000,14.63840,0.00000,0.00000,0.00000,0.00000,0.00000,0.00000,0.00000,0.00000,0.00000,0.00000,14.07595,29.09081
65-1,1783318181.140445,2026-07-06T13:09:41.140445,5.07731,1.38969,7.05589,14.17000,15.15883,5.04657,1.37724,6.95033,14.00000,15.33426,0.00000,0.00000,0.00000,0.00000,0.00000,0.00000,0.00000,0.00000,0.00000,0.00000,14.00622,30.49309
65-1,1783318181.240562,2026-07-06T13:09:41.240562,5.08131,1.38969,7.06145,14.17000,15.86580,5.05039,1.38115,6.97533,14.04000,16.03261,0.00000,0.00000,0.00000,0.00000,0.00000,0.00000,0.00000,0.00000,0.00000,0.00000,14.03678,31.89840
65-1,1783318181.340680,2026-07-06T13:09:41.340680,5.08025,1.40922,7.15920,14.37000,16.58256,5.05039,1.38115,6.97533,14.04000,16.73097,0.00000,0.00000,0.00000,0.00000,0.00000,0.00000,0.00000,0.00000,0.00000,0.00000,14.13453,33.31353
65-1,1783318181.440799,2026-07-06T13:09:41.440799,5.07961,1.42094,7.21783,14.49000,17.30520,5.04950,1.40092,7.07395,14.24000,17.43920,0.00000,0.00000,0.00000,0.00000,0.00000,0.00000,0.00000,0.00000,0.00000,0.00000,14.29178,34.74440
65-1,1783318181.540917,2026-07-06T13:09:41.540917,5.08361,1.42094,7.22351,14.49000,18.02841,5.04919,1.40776,7.10803,14.31000,18.15084,0.00000,0.00000,0.00000,0.00000,0.00000,0.00000,0.00000,0.00000,0.00000,0.00000,14.33154,36.17925
65-1,1783318181.641035,2026-07-06T13:09:41.641035,5.08361,1.42094,7.22351,14.49000,18.75161,5.05004,1.38896,7.01429,14.12000,18.85310,0.00000,0.00000,0.00000,0.00000,0.00000,0.00000,0.00000,0.00000,0.00000,0.00000,14.23780,37.60471
65-1,1783318181.741153,2026-07-06T13:09:41.741153,5.08345,1.42387,7.23818,14.52000,19.47628,5.05004,1.38896,7.01429,14.12000,19.55536,0.00000,0.00000,0.00000,0.00000,0.00000,0.00000,0.00000,0.00000,0.00000,0.00000,14.25247,39.03164
65-1,1783318181.841272,2026-07-06T13:09:41.841272,5.08371,1.41899,7.21373,14.47000,20.19851,5.04639,1.38115,6.96980,14.04000,20.25317,0.00000,0.00000,0.00000,0.00000,0.00000,0.00000,0.00000,0.00000,0.00000,0.00000,14.18353,40.45168
65-1,1783318181.941390,2026-07-06T13:09:41.941390,5.09155,1.42192,7.23977,14.50000,20.92335,5.04635,1.38212,6.97467,14.05000,20.95146,0.00000,0.00000,0.00000,0.00000,0.00000,0.00000,0.00000,0.00000,0.00000,0.00000,14.21444,41.87480
65-1,1783318182.041510,2026-07-06T13:09:42.041510,5.08355,1.42192,7.22840,14.50000,21.64705,5.04244,1.38017,6.95941,14.03000,21.64823,0.00000,0.00000,0.00000,0.00000,0.00000,0.00000,0.00000,0.00000,0.00000,0.00000,14.18781,43.29528
65-1,1783318182.141629,2026-07-06T13:09:42.141629,5.08345,1.42387,7.23818,14.52000,22.37173,5.04644,1.38017,6.96493,14.03000,22.34555,0.00000,0.00000,0.00000,0.00000,0.00000,0.00000,0.00000,0.00000,0.00000,0.00000,14.20311,44.71728
65-1,1783318182.241747,2026-07-06T13:09:42.241747,5.08371,1.41899,7.21373,14.47000,23.09396,5.05448,1.37919,6.97110,14.02000,23.04349,0.00000,0.00000,0.00000,0.00000,0.00000,0.00000,0.00000,0.00000,0.00000,0.00000,14.18483,46.13745
65-1,1783318182.341866,2026-07-06T13:09:42.341866,5.08350,1.42289,7.23329,14.51000,23.81815,5.04270,1.37431,6.93023,13.97000,23.73733,0.00000,0.00000,0.00000,0.00000,0.00000,0.00000,0.00000,0.00000,0.00000,0.00000,14.16352,47.55548
65-1,1783318182.441985,2026-07-06T13:09:42.441985,5.08729,1.42680,7.25855,14.55000,24.54486,5.04221,1.38505,6.98373,14.08000,24.43654,0.00000,0.00000,0.00000,0.00000,0.00000,0.00000,0.00000,0.00000,0.00000,0.00000,14.24228,48.98140
65-1,1783318182.542103,2026-07-06T13:09:42.542103,5.08329,1.42680,7.25284,14.55000,25.27101,5.05399,1.38993,7.02472,14.13000,25.13984,0.00000,0.00000,0.00000,0.00000,0.00000,0.00000,0.00000,0.00000,0.00000,0.00000,14.27756,50.41085
65-1,1783318182.642222,2026-07-06T13:09:42.642222,5.07982,1.41704,7.19829,14.45000,25.99169,5.04199,1.38993,7.00804,14.13000,25.84148,0.00000,0.00000,0.00000,0.00000,0.00000,0.00000,0.00000,0.00000,0.00000,0.00000,14.20633,51.83317
65-1,1783318182.742341,2026-07-06T13:09:42.742341,5.08099,1.39555,7.09078,14.23000,26.70161,5.05386,1.39286,7.03935,14.16000,26.54625,0.00000,0.00000,0.00000,0.00000,0.00000,0.00000,0.00000,0.00000,0.00000,0.00000,14.13013,53.24786
65-1,1783318182.842460,2026-07-06T13:09:42.842460,5.08062,1.40239,7.12499,14.30000,27.41496,5.05372,1.39604,7.05519,14.19000,27.25261,0.00000,0.00000,0.00000,0.00000,0.00000,0.00000,0.00000,0.00000,0.00000,0.00000,14.18018,54.66757
65-1,1783318182.942579,2026-07-06T13:09:42.942579,5.08062,1.40239,7.12499,14.30000,28.12831,5.04981,1.39409,7.03986,14.17000,27.95743,0.00000,0.00000,0.00000,0.00000,0.00000,0.00000,0.00000,0.00000,0.00000,0.00000,14.16485,56.08574
65-1,1783318183.042697,2026-07-06T13:09:43.042697,5.08467,1.40141,7.12571,14.29000,28.84172,5.04581,1.39409,7.03428,14.17000,28.66169,0.00000,0.00000,0.00000,0.00000,0.00000,0.00000,0.00000,0.00000,0.00000,0.00000,14.15999,57.50341
65-1,1783318183.142816,2026-07-06T13:09:43.142816,5.08457,1.40336,7.13549,14.31000,29.55612,5.05021,1.38505,6.99481,14.08000,29.36200,0.00000,0.00000,0.00000,0.00000,0.00000,0.00000,0.00000,0.00000,0.00000,0.00000,14.13030,58.91812
65-1,1783318183.242934,2026-07-06T13:09:43.242934,5.07918,1.42875,7.25690,14.57000,30.28266,5.05070,1.37431,6.94123,13.97000,30.05695,0.00000,0.00000,0.00000,0.00000,0.00000,0.00000,0.00000,0.00000,0.00000,0.00000,14.19813,60.33961
65-1,1783318183.343053,2026-07-06T13:09:43.343053,5.08318,1.42875,7.26262,14.57000,31.00979,5.05044,1.38017,6.97046,14.03000,30.75482,0.00000,0.00000,0.00000,0.00000,0.00000,0.00000,0.00000,0.00000,0.00000,0.00000,14.23308,61.76460
65-1,1783318183.443171,2026-07-06T13:09:43.443171,5.08745,1.42387,7.24387,14.52000,31.73503,5.05044,1.38017,6.97046,14.03000,31.45269,0.00000,0.00000,0.00000,0.00000,0.00000,0.00000,0.00000,0.00000,0.00000,0.00000,14.21433,63.18772
65-1,1783318183.543290,2026-07-06T13:09:43.543290,5.08745,1.42387,7.24387,14.52000,32.46028,5.05039,1.38115,6.97533,14.04000,32.15106,0.00000,0.00000,0.00000,0.00000,0.00000,0.00000,0.00000,0.00000,0.00000,0.00000,14.21920,64.61134
65-1,1783318183.643408,2026-07-06T13:09:43.643408,5.08515,1.39262,7.08169,14.20000,33.16929,5.05035,1.38212,6.98020,14.05000,32.84990,0.00000,0.00000,0.00000,0.00000,0.00000,0.00000,0.00000,0.00000,0.00000,0.00000,14.06189,66.01919
65-1,1783318183.743525,2026-07-06T13:09:43.743525,5.08051,1.40434,7.13477,14.20000,33.88360,5.04936,1.40385,7.08856,14.27000,33.55958,0.00000,0.00000,0.00000,0.00000,0.00000,0.00000,0.00000,0.00000,0.00000,0.00000,14.22333,67.44318
65-1,1783318183.843643,2026-07-06T13:09:43.843643,5.08051,1.40434,7.13477,14.32000,34.59791,5.04936,1.40385,7.08856,14.27000,34.26927,0.00000,0.00000,0.00000,0.00000,0.00000,0.00000,0.00000,0.00000,0.00000,0.00000,14.22333,68.86719
65-1,1783318183.943761,2026-07-06T13:09:43.943761,5.08302,1.43168,7.27728,14.60000,35.32650,5.05314,1.40873,7.11854,14.32000,34.98197,0.00000,0.00000,0.00000,0.00000,0.00000,0.00000,0.00000,0.00000,0.00000,0.00000,14.39582,70.30846
65-1,1783318184.043880,2026-07-06T13:09:44.043880,5.08323,1.42778,7.25773,14.56000,36.05314,5.05323,1.40678,7.10879,14.30000,35.69369,0.00000,0.00000,0.00000,0.00000,0.00000,0.00000,0.00000,0.00000,0.00000,0.00000,14.36652,71.74683
65-1,1783318184.144000,2026-07-06T13:09:44.144000,5.08030,1.40825,7.15431,14.36000,36.76942,5.05723,1.40678,7.11442,14.30000,36.40599,0.00000,0.00000,0.00000,0.00000,0.00000,0.00000,0.00000,0.00000,0.00000,0.00000,14.26873,73.17541
65-1,1783318184.244119,2026-07-06T13:09:44.244119,5.08430,1.40825,7.15995,14.36000,37.48627,5.04923,1.40678,7.10316,14.30000,37.11715,0.00000,0.00000,0.00000,0.00000,0.00000,0.00000,0.00000,0.00000,0.00000,0.00000,14.26311,74.60342
65-1,1783318184.344238,2026-07-06T13:09:44.344238,5.08046,1.40532,7.13965,14.33000,38.20109,5.05048,1.37919,6.96558,14.02000,37.81453,0.00000,0.00000,0.00000,0.00000,0.00000,0.00000,0.00000,0.00000,0.00000,0.00000,14.10523,76.01562
65-1,1783318184.444355,2026-07-06T13:09:44.444355,5.07929,1.42680,7.24713,14.55000,38.92665,5.05026,1.38408,6.98994,14.07000,38.51435,0.00000,0.00000,0.00000,0.00000,0.00000,0.00000,0.00000,0.00000,0.00000,0.00000,14.23707,77.44100
65-1,1783318184.544472,2026-07-06T13:09:44.544472,5.08339,1.42485,7.24307,14.53000,39.65180,5.04905,1.41069,7.12264,14.34000,39.22744,0.00000,0.00000,0.00000,0.00000,0.00000,0.00000,0.00000,0.00000,0.00000,0.00000,14.36571,78.87925
65-1,1783318184.644590,2026-07-06T13:09:44.644590,5.07939,1.42485,7.23737,14.53000,40.37640,5.05305,1.41069,7.12828,14.34000,39.94112,0.00000,0.00000,0.00000,0.00000,0.00000,0.00000,0.00000,0.00000,0.00000,0.00000,14.36565,80.31752
65-1,1783318184.744709,2026-07-06T13:09:44.744709,5.08067,1.40141,7.12011,14.29000,41.08926,5.04936,1.40385,7.08856,14.27000,40.65082,0.00000,0.00000,0.00000,0.00000,0.00000,0.00000,0.00000,0.00000,0.00000,0.00000,14.20867,81.74008
65-1,1783318184.844828,2026-07-06T13:09:44.844828,5.07929,1.42680,7.24713,14.55000,41.81483,5.04991,1.39189,7.02890,14.15000,41.35454,0.00000,0.00000,0.00000,0.00000,0.00000,0.00000,0.00000,0.00000,0.00000,0.00000,14.27603,83.16937
65-1,1783318184.944947,2026-07-06T13:09:44.944947,5.08334,1.42582,7.24795,14.54000,42.54049,5.05026,1.38408,6.98994,14.07000,42.05437,0.00000,0.00000,0.00000,0.00000,0.00000,0.00000,0.00000,0.00000,0.00000,0.00000,14.23789,84.59485
65-1,1783318185.045065,2026-07-06T13:09:45.045065,5.07934,1.42582,7.24225,14.54000,43.26557,5.05026,1.38408,6.98994,14.07000,42.75419,0.00000,0.00000,0.00000,0.00000,0.00000,0.00000,0.00000,0.00000,0.00000,0.00000,14.23219,86.01976
65-1,1783318185.145185,2026-07-06T13:09:45.145185,5.08014,1.41118,7.16897,14.39000,43.98333,5.04910,1.40971,7.11777,14.33000,43.46682,0.00000,0.00000,0.00000,0.00000,0.00000,0.00000,0.00000,0.00000,0.00000,0.00000,14.28674,87.45014
65-1,1783318185.245303,2026-07-06T13:09:45.245303,5.08323,1.42778,7.25773,14.56000,44.70996,5.04928,1.40580,7.09829,14.29000,44.17749,0.00000,0.00000,0.00000,0.00000,0.00000,0.00000,0.00000,0.00000,0.00000,0.00000,14.35602,88.88744
65-1,1783318185.345423,2026-07-06T13:09:45.345423,5.08462,1.40239,7.13060,14.30000,45.42387,5.05039,1.38115,6.97533,14.04000,44.87586,0.00000,0.00000,0.00000,0.00000,0.00000,0.00000,0.00000,0.00000,0.00000,0.00000,14.10593,90.29973
65-1,1783318185.445540,2026-07-06T13:09:45.445540,5.08302,1.43168,7.27728,14.60000,46.15245,5.04639,1.38115,6.96980,14.04000,45.57365,0.00000,0.00000,0.00000,0.00000,0.00000,0.00000,0.00000,0.00000,0.00000,0.00000,14.24708,91.72610
65-1,1783318185.545660,2026-07-06T13:09:45.545660,5.08302,1.43168,7.27728,14.60000,46.88105,5.04897,1.41264,7.13237,14.36000,46.28774,0.00000,0.00000,0.00000,0.00000,0.00000,0.00000,0.00000,0.00000,0.00000,0.00000,14.40965,93.16879
65-1,1783318185.645777,2026-07-06T13:09:45.645777,5.08323,1.42778,7.25773,14.56000,47.60767,5.04928,1.40580,7.09829,14.29000,46.99840,0.00000,0.00000,0.00000,0.00000,0.00000,0.00000,0.00000,0.00000,0.00000,0.00000,14.35602,94.60607
65-1,1783318185.745894,2026-07-06T13:09:45.745894,5.08345,1.42387,7.23818,14.52000,48.33234,5.05039,1.38115,6.97533,14.04000,47.69675,0.00000,0.00000,0.00000,0.00000,0.00000,0.00000,0.00000,0.00000,0.00000,0.00000,14.21351,96.02909
65-1,1783318185.845964,2026-07-06T13:09:45.845964,5.07913,1.42973,7.26179,14.58000,49.05902,5.04239,1.38115,6.96428,14.04000,48.39366,0.00000,0.00000,0.00000,0.00000,0.00000,0.00000,0.00000,0.00000,0.00000,0.00000,14.22607,97.45269
65-1,1783318185.946082,2026-07-06T13:09:45.946082,5.08713,1.42973,7.27323,14.58000,49.78721,5.04914,1.40873,7.11290,14.32000,49.10580,0.00000,0.00000,0.00000,0.00000,0.00000,0.00000,0.00000,0.00000,0.00000,0.00000,14.38613,98.89300
65-1,1783318186.046200,2026-07-06T13:09:46.046200,5.07619,1.41020,7.15844,14.38000,50.50390,5.04919,1.40776,7.10803,14.31000,49.81744,0.00000,0.00000,0.00000,0.00000,0.00000,0.00000,0.00000,0.00000,0.00000,0.00000,14.26647,100.32134
65-1,1783318186.146318,2026-07-06T13:09:46.146318,5.07539,1.42485,7.23167,14.53000,51.22792,5.05363,1.39799,7.06493,14.21000,50.52477,0.00000,0.00000,0.00000,0.00000,0.00000,0.00000,0.00000,0.00000,0.00000,0.00000,14.29660,101.75268
65-1,1783318186.246437,2026-07-06T13:09:46.246437,5.08035,1.40727,7.14943,14.35000,51.94371,5.05363,1.39799,7.06493,14.21000,51.23210,0.00000,0.00000,0.00000,0.00000,0.00000,0.00000,0.00000,0.00000,0.00000,0.00000,14.21436,103.17581
65-1,1783318186.346556,2026-07-06T13:09:46.346556,5.08035,1.40727,7.14943,14.35000,52.65950,5.04505,1.41069,7.11700,14.34000,51.94465,0.00000,0.00000,0.00000,0.00000,0.00000,0.00000,0.00000,0.00000,0.00000,0.00000,14.26643,104.60415
65-1,1783318186.446622,2026-07-06T13:09:46.446622,5.07497,1.43266,7.27071,14.61000,53.38706,5.04639,1.38115,6.96980,14.04000,52.64209,0.00000,0.00000,0.00000,0.00000,0.00000,0.00000,0.00000,0.00000,0.00000,0.00000,14.24051,106.02914
65-1,1783318186.546689,2026-07-06T13:09:46.546689,5.08041,1.40629,7.14454,14.34000,54.10198,5.05314,1.40873,7.11854,14.32000,53.35441,0.00000,0.00000,0.00000,0.00000,0.00000,0.00000,0.00000,0.00000,0.00000,0.00000,14.26308,107.45640
65-1,1783318186.646806,2026-07-06T13:09:46.646806,5.07929,1.42680,7.24713,14.55000,54.82755,5.05314,1.40873,7.11854,14.32000,54.06711,0.00000,0.00000,0.00000,0.00000,0.00000,0.00000,0.00000,0.00000,0.00000,0.00000,14.36567,108.89466
66-1,1783318186.746897,2026-07-06T13:09:46.746897,5.08943,1.38749,7.06155,14.15000,0.70679,5.04813,1.34281,6.77870,13.65000,0.67848,0.00000,0.00000,0.00000,0.00000,0.00000,0.00000,0.00000,0.00000,0.00000,0.00000,13.84025,1.38528
66-1,1783318186.847015,2026-07-06T13:09:46.847015,5.08543,1.38749,7.05600,14.15000,1.41322,5.04617,1.38603,6.99414,14.09000,1.37872,0.00000,0.00000,0.00000,0.00000,0.00000,0.00000,0.00000,0.00000,0.00000,0.00000,14.05014,2.79195
66-1,1783318186.947130,2026-07-06T13:09:46.947130,5.08487,1.54448,7.85348,15.75000,2.19948,5.06140,1.04959,5.31241,10.67000,1.91058,0.00000,0.00000,0.00000,0.00000,0.00000,0.00000,0.00000,0.00000,0.00000,0.00000,13.16589,4.11006
66-1,1783318187.047248,2026-07-06T13:09:47.047248,5.09428,1.37187,6.98869,13.99000,2.89917,5.05340,1.04959,5.30402,10.67000,2.44160,0.00000,0.00000,0.00000,0.00000,0.00000,0.00000,0.00000,0.00000,0.00000,0.00000,12.29271,5.34078
66-1,1783318187.147364,2026-07-06T13:09:47.147364,5.08441,1.40629,7.15017,14.34000,3.61502,5.05083,1.37138,6.92661,13.94000,3.13506,0.00000,0.00000,0.00000,0.00000,0.00000,0.00000,0.00000,0.00000,0.00000,0.00000,14.07678,6.75008
66-1,1783318187.247482,2026-07-06T13:09:47.247482,5.08041,1.40629,7.14454,14.34000,4.33032,5.05083,1.37138,6.92661,13.94000,3.82855,0.00000,0.00000,0.00000,0.00000,0.00000,0.00000,0.00000,0.00000,0.00000,0.00000,14.07115,8.15886
66-1,1783318187.347600,2026-07-06T13:09:47.347600,5.08121,1.39164,7.07123,14.19000,5.03828,5.05070,1.37431,6.94123,13.97000,4.52349,0.00000,0.00000,0.00000,0.00000,0.00000,0.00000,0.00000,0.00000,0.00000,0.00000,14.01246,9.56177
66-1,1783318187.447719,2026-07-06T13:09:47.447719,5.08019,1.41020,7.16409,14.38000,5.75554,5.04670,1.37431,6.93573,13.97000,5.21789,0.00000,0.00000,0.00000,0.00000,0.00000,0.00000,0.00000,0.00000,0.00000,0.00000,14.09982,10.97342
66-1,1783318187.547836,2026-07-06T13:09:47.547836,5.08526,1.39067,7.07190,14.18000,6.46355,5.05483,1.37138,6.93210,13.94000,5.91191,0.00000,0.00000,0.00000,0.00000,0.00000,0.00000,0.00000,0.00000,0.00000,0.00000,14.00400,12.37546
66-1,1783318187.647954,2026-07-06T13:09:47.647954,5.07726,1.39067,7.06078,14.18000,7.17046,5.05399,1.38993,7.02472,14.13000,6.61520,0.00000,0.00000,0.00000,0.00000,0.00000,0.00000,0.00000,0.00000,0.00000,0.00000,14.08550,13.78566
66-1,1783318187.748070,2026-07-06T13:09:47.748070,5.08121,1.39164,7.07123,14.19000,7.87841,5.04661,1.37626,6.94547,13.99000,7.31056,0.00000,0.00000,0.00000,0.00000,0.00000,0.00000,0.00000,0.00000,0.00000,0.00000,14.01670,15.18897
66-1,1783318187.848187,2026-07-06T13:09:47.848187,5.07982,1.41704,7.19829,14.45000,8.59908,5.05461,1.37626,6.95648,13.99000,8.00702,0.00000,0.00000,0.00000,0.00000,0.00000,0.00000,0.00000,0.00000,0.00000,0.00000,14.15477,16.60610
66-1,1783318187.948305,2026-07-06T13:09:47.948305,5.08499,1.39555,7.09636,14.23000,9.30955,5.05354,1.39995,7.07468,14.23000,8.71532,0.00000,0.00000,0.00000,0.00000,0.00000,0.00000,0.00000,0.00000,0.00000,0.00000,14.17104,18.02487
66-1,1783318188.048423,2026-07-06T13:09:48.048423,5.08137,1.38871,7.05656,14.16000,10.01604,5.05466,1.37529,6.95160,13.98000,9.41130,0.00000,0.00000,0.00000,0.00000,0.00000,0.00000,0.00000,0.00000,0.00000,0.00000,14.00816,19.42734
66-1,1783318188.148542,2026-07-06T13:09:48.148542,5.08537,1.38871,7.06212,14.16000,10.72309,5.05079,1.37236,6.93148,13.95000,10.10528,0.00000,0.00000,0.00000,0.00000,0.00000,0.00000,0.00000,0.00000,0.00000,0.00000,13.99360,20.82837
66-1,1783318188.248661,2026-07-06T13:09:48.248661,5.08451,1.40434,7.14038,14.32000,11.43798,5.05079,1.37236,6.93148,13.95000,10.79925,0.00000,0.00000,0.00000,0.00000,0.00000,0.00000,0.00000,0.00000,0.00000,0.00000,14.07186,22.23722
66-1,1783318188.348778,2026-07-06T13:09:48.348778,5.08329,1.42680,7.25284,14.55000,12.16411,5.04976,1.39506,7.04473,14.18000,11.50455,0.00000,0.00000,0.00000,0.00000,0.00000,0.00000,0.00000,0.00000,0.00000,0.00000,14.29757,23.66866
66-1,1783318188.448897,2026-07-06T13:09:48.448897,5.08094,1.39653,7.09567,14.24000,12.87452,5.05048,1.37919,6.96558,14.02000,12.20193,0.00000,0.00000,0.00000,0.00000,0.00000,0.00000,0.00000,0.00000,0.00000,0.00000,14.06125,25.07646
66-1,1783318188.549014,2026-07-06T13:09:48.549014,5.08094,1.39653,7.09567,14.24000,13.58492,5.04999,1.38993,7.01916,14.13000,12.90467,0.00000,0.00000,0.00000,0.00000,0.00000,0.00000,0.00000,0.00000,0.00000,0.00000,14.11483,26.48960
66-1,1783318188.649132,2026-07-06T13:09:48.649132,5.08115,1.39262,7.07612,14.20000,14.29337,5.05399,1.38993,7.02472,14.13000,13.60797,0.00000,0.00000,0.00000,0.00000,0.00000,0.00000,0.00000,0.00000,0.00000,0.00000,14.10084,27.90134
66-1,1783318188.749250,2026-07-06T13:09:48.749250,5.08083,1.39848,7.10544,14.26000,15.00475,5.04591,1.39189,7.02334,14.15000,14.31114,0.00000,0.00000,0.00000,0.00000,0.00000,0.00000,0.00000,0.00000,0.00000,0.00000,14.12878,29.31589
66-1,1783318188.849368,2026-07-06T13:09:48.849368,5.07971,1.41899,7.20806,14.47000,15.72641,5.04661,1.37626,6.94547,13.99000,15.00650,0.00000,0.00000,0.00000,0.00000,0.00000,0.00000,0.00000,0.00000,0.00000,0.00000,14.15353,30.73291
66-1,1783318188.949486,2026-07-06T13:09:48.949486,5.08371,1.41899,7.21373,14.47000,16.44863,5.04652,1.37822,6.95520,14.01000,15.70284,0.00000,0.00000,0.00000,0.00000,0.00000,0.00000,0.00000,0.00000,0.00000,0.00000,14.16893,32.15147
66-1,1783318189.049603,2026-07-06T13:09:49.049603,5.08382,1.41704,7.20395,14.45000,17.16987,5.05052,1.37822,6.96071,14.01000,16.39973,0.00000,0.00000,0.00000,0.00000,0.00000,0.00000,0.00000,0.00000,0.00000,0.00000,14.16466,33.56960
66-1,1783318189.149721,2026-07-06T13:09:49.149721,5.08499,1.39555,7.09636,14.23000,17.88034,5.04936,1.40385,7.08856,14.27000,17.10942,0.00000,0.00000,0.00000,0.00000,0.00000,0.00000,0.00000,0.00000,0.00000,0.00000,14.18492,34.98976
66-1,1783318189.249839,2026-07-06T13:09:49.249839,5.08099,1.39555,7.09078,14.23000,18.59026,5.05052,1.37822,6.96071,14.01000,17.80632,0.00000,0.00000,0.00000,0.00000,0.00000,0.00000,0.00000,0.00000,0.00000,0.00000,14.05149,36.39657
66-1,1783318189.349957,2026-07-06T13:09:49.349957,5.08510,1.39360,7.08658,14.23000,19.29975,5.05057,1.37724,6.95584,14.00000,18.50272,0.00000,0.00000,0.00000,0.00000,0.00000,0.00000,0.00000,0.00000,0.00000,0.00000,14.04242,37.80248
66-1,1783318189.450075,2026-07-06T13:09:49.450075,5.08510,1.39360,7.08658,14.21000,20.00924,5.05457,1.37724,6.96135,14.00000,19.19967,0.00000,0.00000,0.00000,0.00000,0.00000,0.00000,0.00000,0.00000,0.00000,0.00000,14.04793,39.20892
66-1,1783318189.550193,2026-07-06T13:09:49.550193,5.08937,1.38871,7.06767,14.16000,20.71685,5.05497,1.36845,6.91747,13.91000,19.89224,0.00000,0.00000,0.00000,0.00000,0.00000,0.00000,0.00000,0.00000,0.00000,0.00000,13.98514,40.60909
66-1,1783318189.650309,2026-07-06T13:09:49.650309,5.08835,1.40727,7.16068,14.35000,21.43374,5.05350,1.40092,7.07955,14.24000,20.60101,0.00000,0.00000,0.00000,0.00000,0.00000,0.00000,0.00000,0.00000,0.00000,0.00000,14.24023,42.03475
66-1,1783318189.750427,2026-07-06T13:09:49.750427,5.09171,1.41899,7.22508,14.47000,22.15710,5.04923,1.40678,7.10316,14.30000,21.31217,0.00000,0.00000,0.00000,0.00000,0.00000,0.00000,0.00000,0.00000,0.00000,0.00000,14.32824,43.46927
66-1,1783318189.850545,2026-07-06T13:09:49.850545,5.08371,1.41899,7.21373,14.47000,22.87933,5.04923,1.40678,7.10316,14.30000,22.02333,0.00000,0.00000,0.00000,0.00000,0.00000,0.00000,0.00000,0.00000,0.00000,0.00000,14.31689,44.90266
66-1,1783318189.950664,2026-07-06T13:09:49.950664,5.08766,1.41997,7.22430,14.48000,23.60262,5.04581,1.39409,7.03428,14.17000,22.72759,0.00000,0.00000,0.00000,0.00000,0.00000,0.00000,0.00000,0.00000,0.00000,0.00000,14.25858,46.33021
66-1,1783318190.050782,2026-07-06T13:09:50.050782,5.08750,1.42289,7.23898,14.51000,24.32737,5.04648,1.37919,6.96007,14.02000,23.42442,0.00000,0.00000,0.00000,0.00000,0.00000,0.00000,0.00000,0.00000,0.00000,0.00000,14.19905,47.75179
66-1,1783318190.150898,2026-07-06T13:09:50.150898,5.08361,1.42094,7.22351,14.49000,25.05056,5.05035,1.38212,6.98020,14.05000,24.12325,0.00000,0.00000,0.00000,0.00000,0.00000,0.00000,0.00000,0.00000,0.00000,0.00000,14.20371,49.17381
66-1,1783318190.251016,2026-07-06T13:09:50.251016,5.08361,1.42094,7.22351,14.49000,25.77377,5.05044,1.38017,6.97046,14.05000,24.82111,0.00000,0.00000,0.00000,0.00000,0.00000,0.00000,0.00000,0.00000,0.00000,0.00000,14.19397,50.59488
66-1,1783318190.351134,2026-07-06T13:09:50.351134,5.07955,1.42192,7.22271,14.50000,26.49689,5.05044,1.38017,6.97046,14.03000,25.51898,0.00000,0.00000,0.00000,0.00000,0.00000,0.00000,0.00000,0.00000,0.00000,0.00000,14.19317,52.01587
66-1,1783318190.451252,2026-07-06T13:09:50.451252,5.07945,1.42387,7.23248,14.52000,27.22099,5.04657,1.37724,6.95033,14.00000,26.21484,0.00000,0.00000,0.00000,0.00000,0.00000,0.00000,0.00000,0.00000,0.00000,0.00000,14.18281,53.43582
66-1,1783318190.551370,2026-07-06T13:09:50.551370,5.08755,1.42192,7.23409,14.50000,27.94525,5.04652,1.37822,6.95520,14.01000,26.91118,0.00000,0.00000,0.00000,0.00000,0.00000,0.00000,0.00000,0.00000,0.00000,0.00000,14.18929,54.85643
66-1,1783318190.651488,2026-07-06T13:09:50.651488,5.08755,1.42192,7.23409,14.50000,28.66952,5.04617,1.38603,6.99414,14.09000,27.61142,0.00000,0.00000,0.00000,0.00000,0.00000,0.00000,0.00000,0.00000,0.00000,0.00000,14.22823,56.28093
66-1,1783318190.751605,2026-07-06T13:09:50.751605,5.08377,1.41801,7.20884,14.46000,29.39124,5.05017,1.38603,6.99968,14.09000,28.31220,0.00000,0.00000,0.00000,0.00000,0.00000,0.00000,0.00000,0.00000,0.00000,0.00000,14.20852,57.70345
66-1,1783318190.851724,2026-07-06T13:09:50.851724,5.08793,1.41508,7.19984,14.43000,30.11208,5.04999,1.38993,7.01916,14.13000,29.01495,0.00000,0.00000,0.00000,0.00000,0.00000,0.00000,0.00000,0.00000,0.00000,0.00000,14.21900,59.12704
66-1,1783318190.951842,2026-07-06T13:09:50.951842,5.08894,1.39653,7.10684,14.24000,30.82361,5.04981,1.39409,7.03986,14.17000,29.71977,0.00000,0.00000,0.00000,0.00000,0.00000,0.00000,0.00000,0.00000,0.00000,0.00000,14.14670,60.54338
66-1,1783318191.051961,2026-07-06T13:09:51.051961,5.08899,1.39555,7.10195,14.23000,31.53464,5.04958,1.39897,7.06421,14.22000,30.42703,0.00000,0.00000,0.00000,0.00000,0.00000,0.00000,0.00000,0.00000,0.00000,0.00000,14.16616,61.96168
66-1,1783318191.152089,2026-07-06T13:09:51.152089,5.06899,1.39555,7.07403,14.23000,32.24295,5.04958,1.39897,7.06421,14.22000,31.13436,0.00000,0.00000,0.00000,0.00000,0.00000,0.00000,0.00000,0.00000,0.00000,0.00000,14.13824,63.37731
66-1,1783318191.252206,2026-07-06T13:09:51.252206,5.08857,1.40336,7.14111,14.31000,32.95790,5.05754,1.39995,7.08028,14.23000,31.84321,0.00000,0.00000,0.00000,0.00000,0.00000,0.00000,0.00000,0.00000,0.00000,0.00000,14.22139,64.80111
66-1,1783318191.352324,2026-07-06T13:09:51.352324,5.08867,1.40141,7.13132,14.29000,33.67187,5.05781,1.39409,7.05101,14.17000,32.54915,0.00000,0.00000,0.00000,0.00000,0.00000,0.00000,0.00000,0.00000,0.00000,0.00000,14.18233,66.22102
66-1,1783318191.452391,2026-07-06T13:09:51.452391,5.08323,1.42778,7.25773,14.56000,34.39814,5.05030,1.38310,6.98507,14.06000,33.24812,0.00000,0.00000,0.00000,0.00000,0.00000,0.00000,0.00000,0.00000,0.00000,0.00000,14.24280,67.64626
66-1,1783318191.552510,2026-07-06T13:09:51.552510,5.08723,1.42778,7.26344,14.56000,35.12534,5.05030,1.38310,6.98507,14.06000,33.94746,0.00000,0.00000,0.00000,0.00000,0.00000,0.00000,0.00000,0.00000,0.00000,0.00000,14.24851,69.07280
66-1,1783318191.652627,2026-07-06T13:09:51.652627,5.08755,1.42192,7.23409,14.50000,35.84960,5.05461,1.37626,6.95648,13.99000,34.64392,0.00000,0.00000,0.00000,0.00000,0.00000,0.00000,0.00000,0.00000,0.00000,0.00000,14.19057,70.49352
66-1,1783318191.752746,2026-07-06T13:09:51.752746,5.08761,1.42094,7.22919,14.49000,36.57337,5.05452,1.37822,6.96623,14.01000,35.34137,0.00000,0.00000,0.00000,0.00000,0.00000,0.00000,0.00000,0.00000,0.00000,0.00000,14.19542,71.91475
66-1,1783318191.852865,2026-07-06T13:09:51.852865,5.08446,1.40532,7.14527,14.33000,37.28875,5.04644,1.38017,6.96493,14.03000,36.03870,0.00000,0.00000,0.00000,0.00000,0.00000,0.00000,0.00000,0.00000,0.00000,0.00000,14.11020,73.32745
66-1,1783318191.952984,2026-07-06T13:09:51.952984,5.08046,1.40532,7.13965,14.33000,38.00357,5.05444,1.38017,6.97598,14.03000,36.73712,0.00000,0.00000,0.00000,0.00000,0.00000,0.00000,0.00000,0.00000,0.00000,0.00000,14.11563,74.74069
66-1,1783318192.053102,2026-07-06T13:09:52.053102,5.08462,1.40239,7.13060,14.30000,38.71747,5.05008,1.38798,7.00942,14.11000,37.43889,0.00000,0.00000,0.00000,0.00000,0.00000,0.00000,0.00000,0.00000,0.00000,0.00000,14.14002,76.15636
66-1,1783318192.153220,2026-07-06T13:09:52.153220,5.08302,1.43168,7.27728,14.60000,39.44606,5.04941,1.40287,7.08369,14.26000,38.14810,0.00000,0.00000,0.00000,0.00000,0.00000,0.00000,0.00000,0.00000,0.00000,0.00000,14.36097,77.59416
66-1,1783318192.253339,2026-07-06T13:09:52.253339,5.08323,1.42778,7.25773,14.56000,40.17269,5.05328,1.40580,7.10392,14.29000,38.85933,0.00000,0.00000,0.00000,0.00000,0.00000,0.00000,0.00000,0.00000,0.00000,0.00000,14.36165,79.03202
66-1,1783318192.353457,2026-07-06T13:09:52.353457,5.08777,1.41801,7.21452,14.46000,40.89500,5.05328,1.40580,7.10392,14.29000,39.57057,0.00000,0.00000,0.00000,0.00000,0.00000,0.00000,0.00000,0.00000,0.00000,0.00000,14.31844,80.46556
66-1,1783318192.453575,2026-07-06T13:09:52.453575,5.07977,1.41801,7.20317,14.46000,41.61617,5.05336,1.40385,7.09417,14.27000,40.28082,0.00000,0.00000,0.00000,0.00000,0.00000,0.00000,0.00000,0.00000,0.00000,0.00000,14.29734,81.89699
66-1,1783318192.553693,2026-07-06T13:09:52.553693,5.08457,1.40336,7.13549,14.31000,42.33056,5.05444,1.38017,6.97598,14.03000,40.97924,0.00000,0.00000,0.00000,0.00000,0.00000,0.00000,0.00000,0.00000,0.00000,0.00000,14.11147,83.30980
66-1,1783318192.653811,2026-07-06T13:09:52.653811,5.08323,1.42778,7.25773,14.56000,43.05718,5.05048,1.37919,6.96558,14.02000,41.67662,0.00000,0.00000,0.00000,0.00000,0.00000,0.00000,0.00000,0.00000,0.00000,0.00000,14.22331,84.73381
66-1,1783318192.753929,2026-07-06T13:09:52.753929,5.08339,1.42485,7.24307,14.53000,43.78234,5.05448,1.37919,6.97110,14.02000,42.37455,0.00000,0.00000,0.00000,0.00000,0.00000,0.00000,0.00000,0.00000,0.00000,0.00000,14.21417,86.15689
66-1,1783318192.854045,2026-07-06T13:09:52.854045,5.08739,1.42485,7.24876,14.53000,44.50806,5.05301,1.41166,7.13315,14.35000,43.08870,0.00000,0.00000,0.00000,0.00000,0.00000,0.00000,0.00000,0.00000,0.00000,0.00000,14.38191,87.59676
66-1,1783318192.954165,2026-07-06T13:09:52.954165,5.08089,1.39750,7.10056,14.25000,45.21897,5.05336,1.40385,7.09417,14.27000,43.79896,0.00000,0.00000,0.00000,0.00000,0.00000,0.00000,0.00000,0.00000,0.00000,0.00000,14.19473,89.01793
66-1,1783318193.054284,2026-07-06T13:09:53.054284,5.07881,1.43559,7.29109,14.64000,45.94894,5.05732,1.40483,7.10466,14.28000,44.51027,0.00000,0.00000,0.00000,0.00000,0.00000,0.00000,0.00000,0.00000,0.00000,0.00000,14.39575,90.45922
66-1,1783318193.154402,2026-07-06T13:09:53.154402,5.08329,1.42680,7.25284,14.55000,46.67508,5.04932,1.40483,7.09343,14.28000,45.22045,0.00000,0.00000,0.00000,0.00000,0.00000,0.00000,0.00000,0.00000,0.00000,0.00000,14.34627,91.89554
66-1,1783318193.254520,2026-07-06T13:09:53.254520,5.07929,1.42680,7.24713,14.55000,47.40065,5.05048,1.37919,6.96558,14.02000,45.91783,0.00000,0.00000,0.00000,0.00000,0.00000,0.00000,0.00000,0.00000,0.00000,0.00000,14.21271,93.31849
66-1,1783318193.354638,2026-07-06T13:09:53.354638,5.08473,1.40043,7.12082,14.28000,48.11358,5.04901,1.41166,7.12751,14.35000,46.63143,0.00000,0.00000,0.00000,0.00000,0.00000,0.00000,0.00000,0.00000,0.00000,0.00000,14.24833,94.74500
66-1,1783318193.454753,2026-07-06T13:09:53.454753,5.08329,1.42680,7.25284,14.55000,48.83969,5.05323,1.40678,7.10879,14.30000,47.34312,0.00000,0.00000,0.00000,0.00000,0.00000,0.00000,0.00000,0.00000,0.00000,0.00000,14.36163,96.18282
66-1,1783318193.554871,2026-07-06T13:09:53.554871,5.07945,1.42387,7.23248,14.52000,49.56379,5.04923,1.40678,7.10316,14.30000,48.05428,0.00000,0.00000,0.00000,0.00000,0.00000,0.00000,0.00000,0.00000,0.00000,0.00000,14.33564,97.61807
67-1,1783318193.655017,2026-07-06T13:09:53.655017,5.08976,1.30815,6.65815,13.34000,0.66679,5.05039,1.38115,6.97533,14.04000,0.69855,0.00000,0.00000,0.00000,0.00000,0.00000,0.00000,0.00000,0.00000,0.00000,0.00000,13.63348,1.36534
67-1,1783318193.755136,2026-07-06T13:09:53.755136,5.08576,1.30815,6.65291,13.34000,1.33288,5.04991,1.39189,7.02890,14.15000,1.40228,0.00000,0.00000,0.00000,0.00000,0.00000,0.00000,0.00000,0.00000,0.00000,0.00000,13.68181,2.73516
67-1,1783318193.855253,2026-07-06T13:09:53.855253,5.09362,1.45732,7.42304,14.86000,2.07604,5.05405,1.21195,6.12526,12.32000,2.01552,0.00000,0.00000,0.00000,0.00000,0.00000,0.00000,0.00000,0.00000,0.00000,0.00000,13.54830,4.09157
67-1,1783318193.955372,2026-07-06T13:09:53.955372,5.09914,1.35624,6.91567,13.83000,2.76843,5.04605,1.21195,6.11557,12.32000,2.62781,0.00000,0.00000,0.00000,0.00000,0.00000,0.00000,0.00000,0.00000,0.00000,0.00000,13.03124,5.39624
67-1,1783318194.055519,2026-07-06T13:09:54.055519,5.08382,1.41704,7.20395,14.45000,3.48989,5.05488,1.37040,6.92722,13.93000,3.32155,0.00000,0.00000,0.00000,0.00000,0.00000,0.00000,0.00000,0.00000,0.00000,0.00000,14.13117,6.81144
67-1,1783318194.155636,2026-07-06T13:09:54.155636,5.08382,1.41704,7.20395,14.45000,4.21112,5.05523,1.36259,6.88821,13.85000,4.01117,0.00000,0.00000,0.00000,0.00000,0.00000,0.00000,0.00000,0.00000,0.00000,0.00000,14.09216,8.22230
67-1,1783318194.255753,2026-07-06T13:09:54.255753,5.08143,1.38749,7.05045,14.15000,4.91700,5.05035,1.38212,6.98020,14.05000,4.71001,0.00000,0.00000,0.00000,0.00000,0.00000,0.00000,0.00000,0.00000,0.00000,0.00000,14.03065,9.62701
67-1,1783318194.355870,2026-07-06T13:09:54.355870,5.08159,1.38456,7.03579,14.12000,5.62140,5.05035,1.38212,6.98020,14.05000,5.40885,0.00000,0.00000,0.00000,0.00000,0.00000,0.00000,0.00000,0.00000,0.00000,0.00000,14.01599,11.03025
68-1,1783318194.456008,2026-07-06T13:09:54.456008,5.08875,1.32670,6.75125,13.53000,0.67605,5.04688,1.37040,6.91626,13.93000,0.69258,0.00000,0.00000,0.00000,0.00000,0.00000,0.00000,0.00000,0.00000,0.00000,0.00000,13.66751,1.36863
68-1,1783318194.556124,2026-07-06T13:09:54.556124,5.08475,1.32670,6.74594,13.53000,1.35143,5.04661,1.37626,6.94547,13.99000,1.38793,0.00000,0.00000,0.00000,0.00000,0.00000,0.00000,0.00000,0.00000,0.00000,0.00000,13.69141,2.73937
68-1,1783318194.656243,2026-07-06T13:09:54.656243,5.07447,1.51518,7.68875,15.45000,2.12122,5.06793,1.08206,5.48383,11.00000,1.93697,0.00000,0.00000,0.00000,0.00000,0.00000,0.00000,0.00000,0.00000,0.00000,0.00000,13.17258,4.05819
68-1,1783318194.756361,2026-07-06T13:09:54.756361,5.08137,1.38871,7.05656,14.16000,2.82771,5.06393,1.08206,5.47950,11.00000,2.48557,0.00000,0.00000,0.00000,0.00000,0.00000,0.00000,0.00000,0.00000,0.00000,0.00000,12.53606,5.31328
68-1,1783318194.856479,2026-07-06T13:09:54.856479,5.08175,1.38163,7.02112,14.09000,3.53065,5.05483,1.37138,6.93210,13.94000,3.17960,0.00000,0.00000,0.00000,0.00000,0.00000,0.00000,0.00000,0.00000,0.00000,0.00000,13.95322,6.71025
68-1,1783318194.956598,2026-07-06T13:09:54.956598,5.08846,1.40532,7.15090,14.09000,4.24659,5.05358,1.39897,7.06981,14.22000,3.88741,0.00000,0.00000,0.00000,0.00000,0.00000,0.00000,0.00000,0.00000,0.00000,0.00000,14.22071,8.13400
68-1,1783318195.056714,2026-07-06T13:09:55.056714,5.08046,1.40532,7.13965,14.33000,4.96139,5.05866,1.37529,6.95710,13.98000,4.58393,0.00000,0.00000,0.00000,0.00000,0.00000,0.00000,0.00000,0.00000,0.00000,0.00000,14.09675,9.54532
68-1,1783318195.156832,2026-07-06T13:09:55.156832,5.08137,1.38871,7.05656,14.16000,5.66787,5.05866,1.37529,6.95710,13.98000,5.28046,0.00000,0.00000,0.00000,0.00000,0.00000,0.00000,0.00000,0.00000,0.00000,0.00000,14.01366,10.94833
68-1,1783318195.256950,2026-07-06T13:09:55.256950,5.08062,1.40239,7.12499,14.30000,6.38122,5.05786,1.39286,7.04492,14.16000,5.98579,0.00000,0.00000,0.00000,0.00000,0.00000,0.00000,0.00000,0.00000,0.00000,0.00000,14.16991,12.36701
68-1,1783318195.357068,2026-07-06T13:09:55.357068,5.08899,1.39555,7.10195,14.23000,7.09225,5.05875,1.37333,6.94734,13.96000,6.68134,0.00000,0.00000,0.00000,0.00000,0.00000,0.00000,0.00000,0.00000,0.00000,0.00000,14.04929,13.77359
68-1,1783318195.457186,2026-07-06T13:09:55.457186,5.08099,1.39555,7.09078,14.23000,7.80216,5.04648,1.37919,6.96007,14.02000,7.37817,0.00000,0.00000,0.00000,0.00000,0.00000,0.00000,0.00000,0.00000,0.00000,0.00000,14.05085,15.18033
68-1,1783318195.557305,2026-07-06T13:09:55.557305,5.07743,1.38749,7.04490,14.15000,8.50749,5.05048,1.37919,6.96558,14.02000,8.07556,0.00000,0.00000,0.00000,0.00000,0.00000,0.00000,0.00000,0.00000,0.00000,0.00000,14.01048,16.58305
68-1,1783318195.657424,2026-07-06T13:09:55.657424,5.07657,1.40336,7.12427,14.31000,9.22076,5.04679,1.37236,6.92599,13.95000,8.76898,0.00000,0.00000,0.00000,0.00000,0.00000,0.00000,0.00000,0.00000,0.00000,0.00000,14.05026,17.98974
68-1,1783318195.757542,2026-07-06T13:09:55.757542,5.08003,1.41313,7.17874,14.41000,9.93949,5.04679,1.37236,6.92599,13.95000,9.46240,0.00000,0.00000,0.00000,0.00000,0.00000,0.00000,0.00000,0.00000,0.00000,0.00000,14.10473,19.40188
68-1,1783318195.857659,2026-07-06T13:09:55.857659,5.08003,1.41313,7.17874,14.41000,10.65820,5.05332,1.40483,7.09904,14.28000,10.17313,0.00000,0.00000,0.00000,0.00000,0.00000,0.00000,0.00000,0.00000,0.00000,0.00000,14.27778,20.83133
68-1,1783318195.957777,2026-07-06T13:09:55.957777,5.08105,1.39457,7.08589,14.22000,11.36762,5.05332,1.40483,7.09904,14.28000,10.88387,0.00000,0.00000,0.00000,0.00000,0.00000,0.00000,0.00000,0.00000,0.00000,0.00000,14.18493,22.25149
68-1,1783318196.057894,2026-07-06T13:09:56.057894,5.08154,1.38554,7.04068,14.13000,12.07252,5.05466,1.37529,6.95160,13.98000,11.57985,0.00000,0.00000,0.00000,0.00000,0.00000,0.00000,0.00000,0.00000,0.00000,0.00000,13.99228,23.65237
68-1,1783318196.158013,2026-07-06T13:09:56.158013,5.08393,1.41508,7.19418,14.43000,12.79279,5.05452,1.37822,6.96623,14.01000,12.27730,0.00000,0.00000,0.00000,0.00000,0.00000,0.00000,0.00000,0.00000,0.00000,0.00000,14.16041,25.07009
68-1,1783318196.258132,2026-07-06T13:09:56.258132,5.07993,1.41508,7.18851,14.43000,13.51250,5.04981,1.39409,7.03986,14.17000,12.98212,0.00000,0.00000,0.00000,0.00000,0.00000,0.00000,0.00000,0.00000,0.00000,0.00000,14.22837,26.49461
68-1,1783318196.358249,2026-07-06T13:09:56.358249,5.08046,1.40532,7.13965,14.33000,14.22730,5.04981,1.39409,7.03986,14.17000,13.68693,0.00000,0.00000,0.00000,0.00000,0.00000,0.00000,0.00000,0.00000,0.00000,0.00000,14.17951,27.91423
68-1,1783318196.458368,2026-07-06T13:09:56.458368,5.07715,1.39262,7.07055,14.20000,14.93519,5.05066,1.37529,6.94610,13.98000,14.38236,0.00000,0.00000,0.00000,0.00000,0.00000,0.00000,0.00000,0.00000,0.00000,0.00000,14.01665,29.31756
68-1,1783318196.558486,2026-07-06T13:09:56.558486,5.07721,1.39164,7.06566,14.19000,15.64260,5.05057,1.37724,6.95584,14.00000,15.07877,0.00000,0.00000,0.00000,0.00000,0.00000,0.00000,0.00000,0.00000,0.00000,0.00000,14.02150,30.72137
68-1,1783318196.658603,2026-07-06T13:09:56.658603,5.08435,1.40727,7.15506,14.35000,16.35894,5.04928,1.40580,7.09829,14.29000,15.78943,0.00000,0.00000,0.00000,0.00000,0.00000,0.00000,0.00000,0.00000,0.00000,0.00000,14.25335,32.14837
68-1,1783318196.758721,2026-07-06T13:09:56.758721,5.08035,1.40727,7.14943,14.35000,17.07473,5.05328,1.40580,7.10392,14.29000,16.50066,0.00000,0.00000,0.00000,0.00000,0.00000,0.00000,0.00000,0.00000,0.00000,0.00000,14.25335,33.57539
68-1,1783318196.858839,2026-07-06T13:09:56.858839,5.07977,1.41801,7.20317,14.46000,17.79589,5.05052,1.37822,6.96071,14.01000,17.19756,0.00000,0.00000,0.00000,0.00000,0.00000,0.00000,0.00000,0.00000,0.00000,0.00000,14.16388,34.99345
68-1,1783318196.958958,2026-07-06T13:09:56.958958,5.07939,1.42485,7.23737,14.53000,18.52049,5.05052,1.37822,6.96071,14.01000,17.89445,0.00000,0.00000,0.00000,0.00000,0.00000,0.00000,0.00000,0.00000,0.00000,0.00000,14.19808,36.41494
68-1,1783318197.059076,2026-07-06T13:09:57.059076,5.08457,1.40336,7.13549,14.31000,19.23488,5.05404,1.38896,7.01985,14.12000,18.59727,0.00000,0.00000,0.00000,0.00000,0.00000,0.00000,0.00000,0.00000,0.00000,0.00000,14.15534,37.83215
68-1,1783318197.159194,2026-07-06T13:09:57.159194,5.07657,1.40336,7.12427,14.31000,19.94815,5.05004,1.38896,7.01429,14.12000,19.29953,0.00000,0.00000,0.00000,0.00000,0.00000,0.00000,0.00000,0.00000,0.00000,0.00000,14.13856,39.24768
68-1,1783318197.259312,2026-07-06T13:09:57.259312,5.07689,1.39750,7.09497,14.25000,20.65848,5.05719,1.40776,7.11929,14.31000,20.01229,0.00000,0.00000,0.00000,0.00000,0.00000,0.00000,0.00000,0.00000,0.00000,0.00000,14.21426,40.67077
68-1,1783318197.359430,2026-07-06T13:09:57.359430,5.07683,1.39848,7.09985,14.26000,21.36930,5.05826,1.38408,7.00101,14.07000,20.71322,0.00000,0.00000,0.00000,0.00000,0.00000,0.00000,0.00000,0.00000,0.00000,0.00000,14.10086,42.08252
68-1,1783318197.459548,2026-07-06T13:09:57.459548,5.08137,1.38871,7.05656,14.16000,22.07580,5.05057,1.37724,6.95584,14.00000,21.40963,0.00000,0.00000,0.00000,0.00000,0.00000,0.00000,0.00000,0.00000,0.00000,0.00000,14.01240,43.48542
68-1,1783318197.559668,2026-07-06T13:09:57.559668,5.08137,1.38871,7.05656,14.16000,22.78230,5.05057,1.37724,6.95584,14.00000,22.10604,0.00000,0.00000,0.00000,0.00000,0.00000,0.00000,0.00000,0.00000,0.00000,0.00000,14.01240,44.88834
68-1,1783318197.659785,2026-07-06T13:09:57.659785,5.07754,1.38554,7.03513,14.13000,23.48663,5.05061,1.37626,6.95097,13.99000,22.80195,0.00000,0.00000,0.00000,0.00000,0.00000,0.00000,0.00000,0.00000,0.00000,0.00000,13.98610,46.28858
68-1,1783318197.759905,2026-07-06T13:09:57.759905,5.08159,1.38456,7.03579,14.12000,24.19105,5.05044,1.38017,6.97046,14.03000,23.49983,0.00000,0.00000,0.00000,0.00000,0.00000,0.00000,0.00000,0.00000,0.00000,0.00000,14.00625,47.69089
68-1,1783318197.860022,2026-07-06T13:09:57.860022,5.08089,1.39750,7.10056,14.25000,24.90194,5.05332,1.40483,7.09904,14.28000,24.21057,0.00000,0.00000,0.00000,0.00000,0.00000,0.00000,0.00000,0.00000,0.00000,0.00000,14.19960,49.11251
68-1,1783318197.960140,2026-07-06T13:09:57.960140,5.08051,1.40434,7.13477,14.32000,25.61626,5.05332,1.40483,7.09904,14.28000,24.92132,0.00000,0.00000,0.00000,0.00000,0.00000,0.00000,0.00000,0.00000,0.00000,0.00000,14.23381,50.53758
68-1,1783318198.060259,2026-07-06T13:09:58.060259,5.08051,1.40434,7.13477,14.32000,26.33059,5.04536,1.40385,7.08294,14.27000,25.63045,0.00000,0.00000,0.00000,0.00000,0.00000,0.00000,0.00000,0.00000,0.00000,0.00000,14.21771,51.96104
68-1,1783318198.160378,2026-07-06T13:09:58.160378,5.08019,1.41020,7.16409,14.38000,27.04785,5.05314,1.40873,7.11854,14.32000,26.34315,0.00000,0.00000,0.00000,0.00000,0.00000,0.00000,0.00000,0.00000,0.00000,0.00000,14.28263,53.39101
68-1,1783318198.260496,2026-07-06T13:09:58.260496,5.08067,1.40141,7.12011,14.29000,27.76070,5.05332,1.40483,7.09904,14.28000,27.05389,0.00000,0.00000,0.00000,0.00000,0.00000,0.00000,0.00000,0.00000,0.00000,0.00000,14.21915,54.81460
68-1,1783318198.360615,2026-07-06T13:09:58.360615,5.08878,1.39946,7.12153,14.27000,28.47370,5.05791,1.39189,7.04004,14.15000,27.75874,0.00000,0.00000,0.00000,0.00000,0.00000,0.00000,0.00000,0.00000,0.00000,0.00000,14.16157,56.23244
68-1,1783318198.460734,2026-07-06T13:09:58.460734,5.08078,1.39946,7.11033,14.27000,29.18558,5.04991,1.39189,7.02890,14.15000,28.46246,0.00000,0.00000,0.00000,0.00000,0.00000,0.00000,0.00000,0.00000,0.00000,0.00000,14.13923,57.64804
68-1,1783318198.560852,2026-07-06T13:09:58.560852,5.08543,1.38749,7.05600,14.15000,29.89201,5.05021,1.38505,6.99481,14.08000,29.16277,0.00000,0.00000,0.00000,0.00000,0.00000,0.00000,0.00000,0.00000,0.00000,0.00000,14.05081,59.05478
68-1,1783318198.660971,2026-07-06T13:09:58.660971,5.08510,1.39360,7.08658,14.21000,30.60151,5.05030,1.38310,6.98507,14.06000,29.86210,0.00000,0.00000,0.00000,0.00000,0.00000,0.00000,0.00000,0.00000,0.00000,0.00000,14.07165,60.46361
68-1,1783318198.761087,2026-07-06T13:09:58.761087,5.09683,1.39848,7.12782,14.26000,31.31512,5.05026,1.38408,6.98994,14.07000,30.56191,0.00000,0.00000,0.00000,0.00000,0.00000,0.00000,0.00000,0.00000,0.00000,0.00000,14.11776,61.87703
68-1,1783318198.861206,2026-07-06T13:09:58.861206,5.08483,1.39848,7.11104,14.26000,32.02707,5.04626,1.38408,6.98440,14.07000,31.26118,0.00000,0.00000,0.00000,0.00000,0.00000,0.00000,0.00000,0.00000,0.00000,0.00000,14.09544,63.28825
68-1,1783318198.961324,2026-07-06T13:09:58.961324,5.08083,1.39848,7.10544,14.26000,32.73846,5.05413,1.38701,7.01010,14.10000,31.96302,0.00000,0.00000,0.00000,0.00000,0.00000,0.00000,0.00000,0.00000,0.00000,0.00000,14.11554,64.70148
68-1,1783318199.061445,2026-07-06T13:09:59.061445,5.08003,1.41313,7.17874,14.41000,33.45719,5.05395,1.39091,7.02960,14.14000,32.66682,0.00000,0.00000,0.00000,0.00000,0.00000,0.00000,0.00000,0.00000,0.00000,0.00000,14.20834,66.12402
68-1,1783318199.161563,2026-07-06T13:09:59.161563,5.07929,1.42680,7.24713,14.55000,34.18277,5.04958,1.39897,7.06421,14.22000,33.37408,0.00000,0.00000,0.00000,0.00000,0.00000,0.00000,0.00000,0.00000,0.00000,0.00000,14.31134,67.55685
68-1,1783318199.261681,2026-07-06T13:09:59.261681,5.08755,1.42192,7.23409,14.50000,34.90703,5.05358,1.39897,7.06981,14.22000,34.08190,0.00000,0.00000,0.00000,0.00000,0.00000,0.00000,0.00000,0.00000,0.00000,0.00000,14.30390,68.98893
68-1,1783318199.361799,2026-07-06T13:09:59.361799,5.08355,1.42192,7.22840,14.50000,35.63072,5.04905,1.41069,7.12264,14.34000,34.79500,0.00000,0.00000,0.00000,0.00000,0.00000,0.00000,0.00000,0.00000,0.00000,0.00000,14.35104,70.42573
68-1,1783318199.461917,2026-07-06T13:09:59.461917,5.07955,1.42192,7.22271,14.50000,36.35384,5.04919,1.40776,7.10803,14.31000,35.50664,0.00000,0.00000,0.00000,0.00000,0.00000,0.00000,0.00000,0.00000,0.00000,0.00000,14.33074,71.86048
68-1,1783318199.562034,2026-07-06T13:09:59.562034,5.08126,1.39067,7.06634,14.18000,37.06131,5.05332,1.40483,7.09904,14.28000,36.21738,0.00000,0.00000,0.00000,0.00000,0.00000,0.00000,0.00000,0.00000,0.00000,0.00000,14.16538,73.27869
68-1,1783318199.662153,2026-07-06T13:09:59.662153,5.08073,1.40043,7.11522,14.28000,37.77367,5.05332,1.40483,7.09904,14.28000,36.92813,0.00000,0.00000,0.00000,0.00000,0.00000,0.00000,0.00000,0.00000,0.00000,0.00000,14.21426,74.70180
68-1,1783318199.762271,2026-07-06T13:09:59.762271,5.08073,1.40043,7.11522,14.28000,38.48604,5.04928,1.40580,7.09829,14.29000,37.63880,0.00000,0.00000,0.00000,0.00000,0.00000,0.00000,0.00000,0.00000,0.00000,0.00000,14.21351,76.12483
68-1,1783318199.862390,2026-07-06T13:09:59.862390,5.08718,1.42875,7.26833,14.57000,39.21373,5.04923,1.40678,7.10316,14.30000,38.34995,0.00000,0.00000,0.00000,0.00000,0.00000,0.00000,0.00000,0.00000,0.00000,0.00000,14.37149,77.56369
68-1,1783318199.962509,2026-07-06T13:09:59.962509,5.08761,1.42094,7.22919,14.49000,39.93751,5.05070,1.37431,6.94123,13.97000,39.04490,0.00000,0.00000,0.00000,0.00000,0.00000,0.00000,0.00000,0.00000,0.00000,0.00000,14.17042,78.98242
68-1,1783318200.062627,2026-07-06T13:10:00.062627,5.08766,1.41997,7.22430,14.48000,40.66080,5.05070,1.37431,6.94123,13.97000,39.73985,0.00000,0.00000,0.00000,0.00000,0.00000,0.00000,0.00000,0.00000,0.00000,0.00000,14.16553,80.40065
68-1,1783318200.162746,2026-07-06T13:10:00.162746,5.07966,1.41997,7.21294,14.48000,41.38295,5.05030,1.38310,6.98507,14.06000,40.43918,0.00000,0.00000,0.00000,0.00000,0.00000,0.00000,0.00000,0.00000,0.00000,0.00000,14.19801,81.82213
68-1,1783318200.262865,2026-07-06T13:10:00.262865,5.08083,1.39848,7.10544,14.26000,42.09433,5.04981,1.39409,7.03986,14.17000,41.14401,0.00000,0.00000,0.00000,0.00000,0.00000,0.00000,0.00000,0.00000,0.00000,0.00000,14.14530,83.23834
68-1,1783318200.362989,2026-07-06T13:10:00.362989,5.07907,1.43071,7.26667,14.59000,42.82190,5.04950,1.40092,7.07395,14.24000,41.85228,0.00000,0.00000,0.00000,0.00000,0.00000,0.00000,0.00000,0.00000,0.00000,0.00000,14.34062,84.67419
68-1,1783318200.463109,2026-07-06T13:10:00.463109,5.08729,1.42680,7.25855,14.55000,43.54863,5.05350,1.40092,7.07955,14.24000,42.56108,0.00000,0.00000,0.00000,0.00000,0.00000,0.00000,0.00000,0.00000,0.00000,0.00000,14.33810,86.10971
68-1,1783318200.563227,2026-07-06T13:10:00.563227,5.08489,1.39750,7.10615,14.55000,44.26008,5.05328,1.40580,7.10392,14.29000,43.27232,0.00000,0.00000,0.00000,0.00000,0.00000,0.00000,0.00000,0.00000,0.00000,0.00000,14.21007,87.53240
68-1,1783318200.663346,2026-07-06T13:10:00.663346,5.08089,1.39750,7.10056,14.25000,44.97098,5.05395,1.39091,7.02960,14.14000,43.97611,0.00000,0.00000,0.00000,0.00000,0.00000,0.00000,0.00000,0.00000,0.00000,0.00000,14.13016,88.94709
68-1,1783318200.763465,2026-07-06T13:10:00.763465,5.08355,1.42192,7.22840,14.50000,45.69468,5.05017,1.38603,6.99968,14.09000,44.67691,0.00000,0.00000,0.00000,0.00000,0.00000,0.00000,0.00000,0.00000,0.00000,0.00000,14.22808,90.37159
68-1,1783318200.863582,2026-07-06T13:10:00.863582,5.08339,1.42485,7.24307,14.53000,46.41984,5.05017,1.38603,6.99968,14.09000,45.37770,0.00000,0.00000,0.00000,0.00000,0.00000,0.00000,0.00000,0.00000,0.00000,0.00000,14.24275,91.79755
68-1,1783318200.963701,2026-07-06T13:10:00.963701,5.08451,1.40434,7.14038,14.32000,47.13473,5.05301,1.41166,7.13315,14.35000,46.09187,0.00000,0.00000,0.00000,0.00000,0.00000,0.00000,0.00000,0.00000,0.00000,0.00000,14.27353,93.22660
68-1,1783318201.063819,2026-07-06T13:10:01.063819,5.08451,1.40434,7.14038,14.32000,47.84961,5.05336,1.40385,7.09417,14.27000,46.80212,0.00000,0.00000,0.00000,0.00000,0.00000,0.00000,0.00000,0.00000,0.00000,0.00000,14.23455,94.65173
68-1,1783318201.163938,2026-07-06T13:10:01.163938,5.08297,1.43266,7.28217,14.61000,48.57869,5.05399,1.38993,7.02472,14.13000,47.50542,0.00000,0.00000,0.00000,0.00000,0.00000,0.00000,0.00000,0.00000,0.00000,0.00000,14.30689,96.08412
68-1,1783318201.264055,2026-07-06T13:10:01.264055,5.08350,1.42289,7.23329,14.51000,49.30287,5.04999,1.38993,7.01916,14.13000,48.20817,0.00000,0.00000,0.00000,0.00000,0.00000,0.00000,0.00000,0.00000,0.00000,0.00000,14.25245,97.51104
69-1,1783318201.364210,2026-07-06T13:10:01.364210,5.09072,1.29057,6.56991,13.16000,0.65801,5.04604,1.38896,7.00874,14.12000,0.70196,0.00000,0.00000,0.00000,0.00000,0.00000,0.00000,0.00000,0.00000,0.00000,0.00000,13.57865,1.35996
69-1,1783318201.464327,2026-07-06T13:10:01.464327,5.09072,1.29057,6.56991,13.16000,1.31576,5.04697,1.36845,6.90652,13.91000,1.39342,0.00000,0.00000,0.00000,0.00000,0.00000,0.00000,0.00000,0.00000,0.00000,0.00000,13.47643,2.70918
69-1,1783318201.564445,2026-07-06T13:10:01.564445,5.09018,1.37382,6.99299,14.01000,2.01589,5.04403,1.43339,7.23007,14.57000,2.11728,0.00000,0.00000,0.00000,0.00000,0.00000,0.00000,0.00000,0.00000,0.00000,0.00000,14.22306,4.13317
69-1,1783318201.664566,2026-07-06T13:10:01.664566,5.11639,0.89334,4.57066,9.11000,2.47351,5.04803,1.43339,7.23581,14.57000,2.84173,0.00000,0.00000,0.00000,0.00000,0.00000,0.00000,0.00000,0.00000,0.00000,0.00000,11.80647,5.31524
69-1,1783318201.764686,2026-07-06T13:10:01.764686,5.06451,1.40434,7.11230,14.32000,3.18559,5.04981,1.39409,7.03986,14.17000,3.54656,0.00000,0.00000,0.00000,0.00000,0.00000,0.00000,0.00000,0.00000,0.00000,0.00000,14.15216,6.73215
69-1,1783318201.864804,2026-07-06T13:10:01.864804,5.08051,1.40434,7.13477,14.32000,3.89991,5.05075,1.37333,6.93636,13.96000,4.24102,0.00000,0.00000,0.00000,0.00000,0.00000,0.00000,0.00000,0.00000,0.00000,0.00000,14.07113,8.14093
69-1,1783318201.964922,2026-07-06T13:10:01.964922,5.08165,1.38359,7.03090,14.11000,4.60383,5.05399,1.38993,7.02472,14.13000,4.94432,0.00000,0.00000,0.00000,0.00000,0.00000,0.00000,0.00000,0.00000,0.00000,0.00000,14.05562,9.54815
69-1,1783318202.065041,2026-07-06T13:10:02.065041,5.08510,1.39360,7.08658,14.21000,5.31333,5.05399,1.38993,7.02472,14.13000,5.64762,0.00000,0.00000,0.00000,0.00000,0.00000,0.00000,0.00000,0.00000,0.00000,0.00000,14.11130,10.96095
69-1,1783318202.165159,2026-07-06T13:10:02.165159,5.08483,1.39848,7.11104,14.26000,6.02527,5.05075,1.37333,6.93636,13.96000,6.34208,0.00000,0.00000,0.00000,0.00000,0.00000,0.00000,0.00000,0.00000,0.00000,0.00000,14.04740,12.36735
69-1,1783318202.265277,2026-07-06T13:10:02.265277,5.08149,1.38652,7.04557,14.14000,6.73066,5.05097,1.36845,6.91200,13.91000,7.03410,0.00000,0.00000,0.00000,0.00000,0.00000,0.00000,0.00000,0.00000,0.00000,0.00000,13.95757,13.76476
69-1,1783318202.365395,2026-07-06T13:10:02.365395,5.08549,1.38652,7.05111,14.14000,7.43661,5.05061,1.37626,6.95097,13.99000,7.73001,0.00000,0.00000,0.00000,0.00000,0.00000,0.00000,0.00000,0.00000,0.00000,0.00000,14.00208,15.16662
69-1,1783318202.465514,2026-07-06T13:10:02.465514,5.08489,1.39750,7.10615,14.25000,8.14807,5.05061,1.37626,6.95097,13.99000,8.42594,0.00000,0.00000,0.00000,0.00000,0.00000,0.00000,0.00000,0.00000,0.00000,0.00000,14.05712,16.57400
69-1,1783318202.565634,2026-07-06T13:10:02.565634,5.08414,1.41118,7.17462,14.39000,8.86639,5.05470,1.37431,6.94672,13.97000,9.12144,0.00000,0.00000,0.00000,0.00000,0.00000,0.00000,0.00000,0.00000,0.00000,0.00000,14.12134,17.98783
69-1,1783318202.665751,2026-07-06T13:10:02.665751,5.08531,1.38969,7.06701,14.17000,9.57392,5.05350,1.40092,7.07955,14.24000,9.83023,0.00000,0.00000,0.00000,0.00000,0.00000,0.00000,0.00000,0.00000,0.00000,0.00000,14.14656,19.40415
69-1,1783318202.765870,2026-07-06T13:10:02.765870,5.08131,1.38969,7.06145,14.17000,10.28090,5.05461,1.37626,6.95648,13.99000,10.52670,0.00000,0.00000,0.00000,0.00000,0.00000,0.00000,0.00000,0.00000,0.00000,0.00000,14.01793,20.80761
69-1,1783318202.865988,2026-07-06T13:10:02.865988,5.08581,1.38066,7.02175,14.08000,10.98391,5.04661,1.37626,6.94547,13.99000,11.22207,0.00000,0.00000,0.00000,0.00000,0.00000,0.00000,0.00000,0.00000,0.00000,0.00000,13.96722,22.20598
70-1,1783318202.966125,2026-07-06T13:10:02.966125,5.08409,1.41215,7.17951,14.40000,0.71894,5.05088,1.37040,6.92174,13.93000,0.69312,0.00000,0.00000,0.00000,0.00000,0.00000,0.00000,0.00000,0.00000,0.00000,0.00000,14.10125,1.41206
70-1,1783318203.066243,2026-07-06T13:10:03.066243,5.08126,1.39067,7.06634,14.18000,1.42640,5.05021,1.38505,6.99481,14.08000,1.39343,0.00000,0.00000,0.00000,0.00000,0.00000,0.00000,0.00000,0.00000,0.00000,0.00000,14.06115,2.81983
70-1,1783318203.166361,2026-07-06T13:10:03.166361,5.08126,1.39067,7.06634,14.18000,2.13387,5.04745,1.44609,7.29906,14.70000,2.12419,0.00000,0.00000,0.00000,0.00000,0.00000,0.00000,0.00000,0.00000,0.00000,0.00000,14.36540,4.25806
70-1,1783318203.266479,2026-07-06T13:10:03.266479,5.07046,1.22196,6.19591,12.46000,2.75419,5.04345,1.44609,7.29328,14.70000,2.85438,0.00000,0.00000,0.00000,0.00000,0.00000,0.00000,0.00000,0.00000,0.00000,0.00000,13.48919,5.60857
70-1,1783318203.366597,2026-07-06T13:10:03.366597,5.07775,1.38163,7.01559,14.09000,3.45658,5.05483,1.37138,6.93210,13.94000,3.54841,0.00000,0.00000,0.00000,0.00000,0.00000,0.00000,0.00000,0.00000,0.00000,0.00000,13.94769,7.00499
70-1,1783318203.466716,2026-07-06T13:10:03.466716,5.07781,1.38066,7.01071,14.08000,4.15848,5.05381,1.39409,7.04544,14.17000,4.25379,0.00000,0.00000,0.00000,0.00000,0.00000,0.00000,0.00000,0.00000,0.00000,0.00000,14.05615,8.41227
70-1,1783318203.566833,2026-07-06T13:10:03.566833,5.08435,1.40727,7.15506,14.35000,4.87483,5.05466,1.37529,6.95160,13.98000,4.94977,0.00000,0.00000,0.00000,0.00000,0.00000,0.00000,0.00000,0.00000,0.00000,0.00000,14.10666,9.82460
71-1,1783318203.666969,2026-07-06T13:10:03.666969,5.08835,1.40727,7.16068,14.35000,0.71704,5.05466,1.37529,6.95160,13.98000,0.69610,0.00000,0.00000,0.00000,0.00000,0.00000,0.00000,0.00000,0.00000,0.00000,0.00000,14.11228,1.41313
71-1,1783318203.767086,2026-07-06T13:10:03.767086,5.08186,1.37968,7.01134,14.07000,1.41899,5.05057,1.37724,6.95584,14.00000,1.39250,0.00000,0.00000,0.00000,0.00000,0.00000,0.00000,0.00000,0.00000,0.00000,0.00000,13.96718,2.81149
71-1,1783318203.867204,2026-07-06T13:10:03.867204,5.10218,1.00711,5.13846,10.27000,1.93345,5.05974,1.17460,5.94316,11.94000,1.98752,0.00000,0.00000,0.00000,0.00000,0.00000,0.00000,0.00000,0.00000,0.00000,0.00000,11.08162,3.92096
71-1,1783318203.967322,2026-07-06T13:10:03.967322,5.06981,1.38066,6.99966,14.08000,2.63424,5.03883,1.37138,6.91015,13.94000,2.67935,0.00000,0.00000,0.00000,0.00000,0.00000,0.00000,0.00000,0.00000,0.00000,0.00000,13.90981,5.31359
71-1,1783318204.067442,2026-07-06T13:10:04.067442,5.08581,1.38066,7.02175,14.08000,3.33725,5.04683,1.37138,6.92113,13.94000,3.37229,0.00000,0.00000,0.00000,0.00000,0.00000,0.00000,0.00000,0.00000,0.00000,0.00000,13.94288,6.70954
71-1,1783318204.167560,2026-07-06T13:10:04.167560,5.08003,1.41313,7.17874,14.41000,4.05597,5.05497,1.36845,6.91747,13.91000,4.06485,0.00000,0.00000,0.00000,0.00000,0.00000,0.00000,0.00000,0.00000,0.00000,0.00000,14.09621,8.12082
71-1,1783318204.267679,2026-07-06T13:10:04.267679,5.08149,1.38652,7.04557,14.14000,4.76137,5.05475,1.37333,6.94185,13.96000,4.75987,0.00000,0.00000,0.00000,0.00000,0.00000,0.00000,0.00000,0.00000,0.00000,0.00000,13.98742,9.52124
71-1,1783318204.367797,2026-07-06T13:10:04.367797,5.08586,1.37968,7.01686,14.07000,5.46389,5.05101,1.36747,6.90712,13.90000,5.45139,0.00000,0.00000,0.00000,0.00000,0.00000,0.00000,0.00000,0.00000,0.00000,0.00000,13.92398,10.91528
71-1,1783318204.467915,2026-07-06T13:10:04.467915,5.08186,1.37968,7.01134,14.07000,6.16585,5.05101,1.36747,6.90712,13.90000,6.14292,0.00000,0.00000,0.00000,0.00000,0.00000,0.00000,0.00000,0.00000,0.00000,0.00000,13.91846,12.30877
71-1,1783318204.568034,2026-07-06T13:10:04.568034,5.08462,1.40239,7.13060,14.30000,6.87976,5.05048,1.37919,6.96558,14.02000,6.84031,0.00000,0.00000,0.00000,0.00000,0.00000,0.00000,0.00000,0.00000,0.00000,0.00000,14.09618,13.72007
71-1,1783318204.668153,2026-07-06T13:10:04.668153,5.08554,1.38554,7.04622,14.13000,7.58521,5.05083,1.37138,6.92661,13.94000,7.53379,0.00000,0.00000,0.00000,0.00000,0.00000,0.00000,0.00000,0.00000,0.00000,0.00000,13.97283,15.11900
71-1,1783318204.768270,2026-07-06T13:10:04.768270,5.08515,1.39262,7.08169,14.20000,8.29421,5.05341,1.40287,7.08930,14.26000,8.24355,0.00000,0.00000,0.00000,0.00000,0.00000,0.00000,0.00000,0.00000,0.00000,0.00000,14.17099,16.53776
71-1,1783318204.868389,2026-07-06T13:10:04.868389,5.08409,1.41215,7.17951,14.40000,9.01302,5.05341,1.40287,7.08930,14.26000,8.95332,0.00000,0.00000,0.00000,0.00000,0.00000,0.00000,0.00000,0.00000,0.00000,0.00000,14.26881,17.96634
71-1,1783318204.968505,2026-07-06T13:10:04.968505,5.08409,1.41215,7.17951,14.40000,9.73180,5.05079,1.37236,6.93148,13.95000,9.64727,0.00000,0.00000,0.00000,0.00000,0.00000,0.00000,0.00000,0.00000,0.00000,0.00000,14.11099,19.37907
71-1,1783318205.068621,2026-07-06T13:10:05.068621,5.08131,1.38969,7.06145,14.17000,10.43877,5.05030,1.38310,6.98507,14.06000,10.34660,0.00000,0.00000,0.00000,0.00000,0.00000,0.00000,0.00000,0.00000,0.00000,0.00000,14.04652,20.78537
71-1,1783318205.168738,2026-07-06T13:10:05.168738,5.08186,1.37968,7.01134,14.07000,11.14072,5.05048,1.37919,6.96558,14.02000,11.04397,0.00000,0.00000,0.00000,0.00000,0.00000,0.00000,0.00000,0.00000,0.00000,0.00000,13.97692,22.18469
71-1,1783318205.268857,2026-07-06T13:10:05.268857,5.08403,1.41313,7.18440,14.41000,11.86002,5.05048,1.37919,6.96558,14.02000,11.74135,0.00000,0.00000,0.00000,0.00000,0.00000,0.00000,0.00000,0.00000,0.00000,0.00000,14.14998,23.60137
71-1,1783318205.368976,2026-07-06T13:10:05.368976,5.08003,1.41313,7.17874,14.41000,12.57875,5.05461,1.37626,6.95648,13.99000,12.43783,0.00000,0.00000,0.00000,0.00000,0.00000,0.00000,0.00000,0.00000,0.00000,0.00000,14.13522,25.01658
71-1,1783318205.469094,2026-07-06T13:10:05.469094,5.08110,1.39360,7.08101,14.21000,13.28768,5.05350,1.40092,7.07955,14.24000,13.14662,0.00000,0.00000,0.00000,0.00000,0.00000,0.00000,0.00000,0.00000,0.00000,0.00000,14.16056,26.43430
71-1,1783318205.569213,2026-07-06T13:10:05.569213,5.08115,1.39262,7.07612,14.20000,13.99614,5.05444,1.38017,6.97598,14.03000,13.84505,0.00000,0.00000,0.00000,0.00000,0.00000,0.00000,0.00000,0.00000,0.00000,0.00000,14.05210,27.84118
71-1,1783318205.669333,2026-07-06T13:10:05.669333,5.08965,1.38359,7.04197,14.11000,14.70118,5.04644,1.38017,6.96493,14.03000,14.54238,0.00000,0.00000,0.00000,0.00000,0.00000,0.00000,0.00000,0.00000,0.00000,0.00000,14.00690,29.24356
71-1,1783318205.769451,2026-07-06T13:10:05.769451,5.08165,1.38359,7.03090,14.11000,15.40510,5.05066,1.37529,6.94610,13.98000,15.23781,0.00000,0.00000,0.00000,0.00000,0.00000,0.00000,0.00000,0.00000,0.00000,0.00000,13.97700,30.64290
71-1,1783318205.869570,2026-07-06T13:10:05.869570,5.08414,1.41118,7.17462,14.39000,16.12341,5.04954,1.39995,7.06908,14.23000,15.94555,0.00000,0.00000,0.00000,0.00000,0.00000,0.00000,0.00000,0.00000,0.00000,0.00000,14.24370,32.06896
71-1,1783318205.969688,2026-07-06T13:10:05.969688,5.08377,1.41801,7.20884,14.46000,16.84514,5.04981,1.39409,7.03986,14.17000,16.65037,0.00000,0.00000,0.00000,0.00000,0.00000,0.00000,0.00000,0.00000,0.00000,0.00000,14.24870,33.49551
71-1,1783318206.069806,2026-07-06T13:10:06.069806,5.08457,1.40336,7.13549,14.31000,17.55954,5.05048,1.37919,6.96558,14.02000,17.34775,0.00000,0.00000,0.00000,0.00000,0.00000,0.00000,0.00000,0.00000,0.00000,0.00000,14.10107,34.90729
71-1,1783318206.169923,2026-07-06T13:10:06.169923,5.08543,1.38749,7.05600,14.31000,18.26596,5.05048,1.37919,6.96558,14.02000,18.04513,0.00000,0.00000,0.00000,0.00000,0.00000,0.00000,0.00000,0.00000,0.00000,0.00000,14.02158,36.31109
71-1,1783318206.270041,2026-07-06T13:10:06.270041,5.08143,1.38749,7.05045,14.15000,18.97184,5.05061,1.37626,6.95097,13.99000,18.74104,0.00000,0.00000,0.00000,0.00000,0.00000,0.00000,0.00000,0.00000,0.00000,0.00000,14.00142,37.71289
71-1,1783318206.370158,2026-07-06T13:10:06.370158,5.08099,1.39555,7.09078,14.23000,19.68175,5.04950,1.40092,7.07395,14.24000,19.44927,0.00000,0.00000,0.00000,0.00000,0.00000,0.00000,0.00000,0.00000,0.00000,0.00000,14.16473,39.13102
71-1,1783318206.470278,2026-07-06T13:10:06.470278,5.08131,1.38969,7.06145,14.17000,20.38874,5.05319,1.40776,7.11366,14.31000,20.16149,0.00000,0.00000,0.00000,0.00000,0.00000,0.00000,0.00000,0.00000,0.00000,0.00000,14.17511,40.55023
71-1,1783318206.570398,2026-07-06T13:10:06.570398,5.08165,1.38359,7.03090,14.11000,21.09267,5.05319,1.40776,7.11366,14.31000,20.87370,0.00000,0.00000,0.00000,0.00000,0.00000,0.00000,0.00000,0.00000,0.00000,0.00000,14.14456,41.96638
71-1,1783318206.670517,2026-07-06T13:10:06.670517,5.08565,1.38359,7.03643,14.11000,21.79715,5.05048,1.37919,6.96558,14.02000,21.57109,0.00000,0.00000,0.00000,0.00000,0.00000,0.00000,0.00000,0.00000,0.00000,0.00000,14.00201,43.36824
71-1,1783318206.770635,2026-07-06T13:10:06.770635,5.08878,1.39946,7.12153,14.27000,22.51015,5.05048,1.37919,6.96558,14.02000,22.26847,0.00000,0.00000,0.00000,0.00000,0.00000,0.00000,0.00000,0.00000,0.00000,0.00000,14.08711,44.77862
71-1,1783318206.870756,2026-07-06T13:10:06.870756,5.08803,1.41313,7.19005,14.41000,23.23002,5.05048,1.37919,6.96558,14.02000,22.96587,0.00000,0.00000,0.00000,0.00000,0.00000,0.00000,0.00000,0.00000,0.00000,0.00000,14.15563,46.19589
71-1,1783318206.970874,2026-07-06T13:10:06.970874,5.07993,1.41508,7.18851,14.43000,23.94972,5.05048,1.37919,6.96558,14.02000,23.66325,0.00000,0.00000,0.00000,0.00000,0.00000,0.00000,0.00000,0.00000,0.00000,0.00000,14.15409,47.61297
71-1,1783318207.070991,2026-07-06T13:10:07.070991,5.08393,1.41508,7.19418,14.43000,24.66998,5.05457,1.37724,6.96135,14.00000,24.36020,0.00000,0.00000,0.00000,0.00000,0.00000,0.00000,0.00000,0.00000,0.00000,0.00000,14.15553,49.03018
71-1,1783318207.171109,2026-07-06T13:10:07.171109,5.08798,1.41411,7.19494,14.42000,25.39032,5.05341,1.40287,7.08930,14.26000,25.06997,0.00000,0.00000,0.00000,0.00000,0.00000,0.00000,0.00000,0.00000,0.00000,0.00000,14.28424,50.46029
71-1,1783318207.271227,2026-07-06T13:10:07.271227,5.08777,1.41801,7.21452,14.46000,26.11262,5.05341,1.40287,7.08930,14.26000,25.77973,0.00000,0.00000,0.00000,0.00000,0.00000,0.00000,0.00000,0.00000,0.00000,0.00000,14.30382,51.89236
71-1,1783318207.371346,2026-07-06T13:10:07.371346,5.08387,1.41606,7.19906,14.44000,26.83339,5.05341,1.40287,7.08930,14.26000,26.48951,0.00000,0.00000,0.00000,0.00000,0.00000,0.00000,0.00000,0.00000,0.00000,0.00000,14.28836,53.32291
71-1,1783318207.471465,2026-07-06T13:10:07.471465,5.09187,1.41606,7.21039,14.44000,27.55528,5.05741,1.40287,7.09491,14.26000,27.19984,0.00000,0.00000,0.00000,0.00000,0.00000,0.00000,0.00000,0.00000,0.00000,0.00000,14.30530,54.75513
71-1,1783318207.571583,2026-07-06T13:10:07.571583,5.07977,1.41801,7.20317,14.46000,28.27645,5.05719,1.40776,7.11929,14.31000,27.91261,0.00000,0.00000,0.00000,0.00000,0.00000,0.00000,0.00000,0.00000,0.00000,0.00000,14.32246,56.18907
71-1,1783318207.671701,2026-07-06T13:10:07.671701,5.08787,1.41606,7.20473,14.44000,28.99778,5.05728,1.40580,7.10954,14.29000,28.62441,0.00000,0.00000,0.00000,0.00000,0.00000,0.00000,0.00000,0.00000,0.00000,0.00000,14.31427,57.62219
71-1,1783318207.771820,2026-07-06T13:10:07.771820,5.08883,1.39848,7.11663,14.26000,29.71029,5.05728,1.40580,7.10954,14.29000,29.33620,0.00000,0.00000,0.00000,0.00000,0.00000,0.00000,0.00000,0.00000,0.00000,0.00000,14.22617,59.04649
71-1,1783318207.871939,2026-07-06T13:10:07.871939,5.08126,1.39067,7.06634,14.18000,30.41776,5.04514,1.40873,7.10727,14.32000,30.04778,0.00000,0.00000,0.00000,0.00000,0.00000,0.00000,0.00000,0.00000,0.00000,0.00000,14.17361,60.46554
71-1,1783318207.972057,2026-07-06T13:10:07.972057,5.08126,1.39067,7.06634,14.18000,31.12523,5.04510,1.40971,7.11213,14.33000,30.75983,0.00000,0.00000,0.00000,0.00000,0.00000,0.00000,0.00000,0.00000,0.00000,0.00000,14.17847,61.88506
71-1,1783318208.072174,2026-07-06T13:10:08.072174,5.08105,1.39457,7.08589,14.22000,31.83465,5.05336,1.40385,7.09417,14.27000,31.47008,0.00000,0.00000,0.00000,0.00000,0.00000,0.00000,0.00000,0.00000,0.00000,0.00000,14.18006,63.30473
71-1,1783318208.172293,2026-07-06T13:10:08.172293,5.08115,1.39262,7.07612,14.20000,32.54310,5.04936,1.40385,7.08856,14.27000,32.17978,0.00000,0.00000,0.00000,0.00000,0.00000,0.00000,0.00000,0.00000,0.00000,0.00000,14.16468,64.72288
71-1,1783318208.272412,2026-07-06T13:10:08.272412,5.07614,1.41118,7.16333,14.39000,33.26028,5.04905,1.41069,7.12264,14.34000,32.89289,0.00000,0.00000,0.00000,0.00000,0.00000,0.00000,0.00000,0.00000,0.00000,0.00000,14.28597,66.15317
71-1,1783318208.372529,2026-07-06T13:10:08.372529,5.08814,1.41118,7.18026,14.39000,33.97916,5.04932,1.40483,7.09343,14.28000,33.60306,0.00000,0.00000,0.00000,0.00000,0.00000,0.00000,0.00000,0.00000,0.00000,0.00000,14.27369,67.58222
71-1,1783318208.472647,2026-07-06T13:10:08.472647,5.08729,1.42680,7.25855,14.55000,34.70586,5.05328,1.40580,7.10392,14.29000,34.31429,0.00000,0.00000,0.00000,0.00000,0.00000,0.00000,0.00000,0.00000,0.00000,0.00000,14.36247,69.02015
71-1,1783318208.572766,2026-07-06T13:10:08.572766,5.08766,1.41997,7.22430,14.48000,35.42916,5.04928,1.40580,7.09829,14.29000,35.02497,0.00000,0.00000,0.00000,0.00000,0.00000,0.00000,0.00000,0.00000,0.00000,0.00000,14.32259,70.45412
71-1,1783318208.672883,2026-07-06T13:10:08.672883,5.08361,1.42094,7.22351,14.49000,36.15235,5.05728,1.40580,7.10954,14.29000,35.73675,0.00000,0.00000,0.00000,0.00000,0.00000,0.00000,0.00000,0.00000,0.00000,0.00000,14.33305,71.88911
72-1,1783318208.773026,2026-07-06T13:10:08.773026,5.08361,1.42094,7.22351,14.49000,0.72338,5.06039,1.33695,6.76552,13.59000,0.67752,0.00000,0.00000,0.00000,0.00000,0.00000,0.00000,0.00000,0.00000,0.00000,0.00000,13.98903,1.40090
72-1,1783318208.873142,2026-07-06T13:10:08.873142,5.08773,1.27201,6.47165,12.97000,1.37130,5.04683,1.37138,6.92113,13.94000,1.37044,0.00000,0.00000,0.00000,0.00000,0.00000,0.00000,0.00000,0.00000,0.00000,0.00000,13.39278,2.74174
72-1,1783318208.973262,2026-07-06T13:10:08.973262,5.09299,1.39555,7.10753,14.23000,2.08290,5.04683,1.37138,6.92113,13.94000,2.06337,0.00000,0.00000,0.00000,0.00000,0.00000,0.00000,0.00000,0.00000,0.00000,0.00000,14.02866,4.14627
72-1,1783318209.073380,2026-07-06T13:10:09.073380,5.11081,1.06888,5.46285,10.90000,2.62983,5.04771,1.08695,5.48660,11.05000,2.61268,0.00000,0.00000,0.00000,0.00000,0.00000,0.00000,0.00000,0.00000,0.00000,0.00000,10.94945,5.24251
72-1,1783318209.173497,2026-07-06T13:10:09.173497,5.08570,1.38261,7.03154,14.10000,3.33381,5.03475,1.37333,6.91438,13.96000,3.30493,0.00000,0.00000,0.00000,0.00000,0.00000,0.00000,0.00000,0.00000,0.00000,0.00000,13.94592,6.63874
72-1,1783318209.273616,2026-07-06T13:10:09.273616,5.08570,1.38261,7.03154,14.10000,4.03780,5.05079,1.37236,6.93148,13.95000,3.99890,0.00000,0.00000,0.00000,0.00000,0.00000,0.00000,0.00000,0.00000,0.00000,0.00000,13.96302,8.03670
73-1,1783318209.373753,2026-07-06T13:10:09.373753,5.08165,1.31010,6.65747,13.36000,0.66666,5.04679,1.37236,6.92599,13.95000,0.69355,0.00000,0.00000,0.00000,0.00000,0.00000,0.00000,0.00000,0.00000,0.00000,0.00000,13.58346,1.36022
73-1,1783318209.473869,2026-07-06T13:10:09.473869,5.07770,1.38261,7.02048,14.10000,1.36953,5.04621,1.38505,6.98927,14.08000,1.39329,0.00000,0.00000,0.00000,0.00000,0.00000,0.00000,0.00000,0.00000,0.00000,0.00000,14.00975,2.76282
73-1,1783318209.573988,2026-07-06T13:10:09.573988,5.10704,0.91800,4.68825,9.36000,1.83891,5.04875,1.32914,6.71050,13.51000,2.06514,0.00000,0.00000,0.00000,0.00000,0.00000,0.00000,0.00000,0.00000,0.00000,0.00000,11.39875,3.90404
73-1,1783318209.674106,2026-07-06T13:10:09.674106,5.09504,0.91800,4.67723,9.36000,2.30718,5.03821,1.38505,6.97819,14.08000,2.76378,0.00000,0.00000,0.00000,0.00000,0.00000,0.00000,0.00000,0.00000,0.00000,0.00000,11.65542,5.07096
73-1,1783318209.774222,2026-07-06T13:10:09.774222,5.08181,1.38066,7.01623,14.08000,3.00962,5.05021,1.38505,6.99481,14.08000,3.46407,0.00000,0.00000,0.00000,0.00000,0.00000,0.00000,0.00000,0.00000,0.00000,0.00000,14.01104,6.47369
73-1,1783318209.874340,2026-07-06T13:10:09.874340,5.08207,1.37577,6.99178,14.03000,3.70962,5.05479,1.37236,6.93697,13.95000,4.15859,0.00000,0.00000,0.00000,0.00000,0.00000,0.00000,0.00000,0.00000,0.00000,0.00000,13.92875,7.86821
73-1,1783318209.974460,2026-07-06T13:10:09.974460,5.08078,1.39946,7.11033,14.27000,4.42151,5.05381,1.39409,7.04544,14.17000,4.86398,0.00000,0.00000,0.00000,0.00000,0.00000,0.00000,0.00000,0.00000,0.00000,0.00000,14.15577,9.28549
73-1,1783318210.074579,2026-07-06T13:10:10.074579,5.08078,1.39946,7.11033,14.27000,5.13339,5.05079,1.37236,6.93148,13.95000,5.55795,0.00000,0.00000,0.00000,0.00000,0.00000,0.00000,0.00000,0.00000,0.00000,0.00000,14.04181,10.69133
73-1,1783318210.174696,2026-07-06T13:10:10.174696,5.08165,1.38359,7.03090,14.11000,5.83730,5.05079,1.37236,6.93148,13.95000,6.25191,0.00000,0.00000,0.00000,0.00000,0.00000,0.00000,0.00000,0.00000,0.00000,0.00000,13.96238,12.08921
73-1,1783318210.274813,2026-07-06T13:10:10.274813,5.08062,1.40239,7.12499,14.30000,6.55063,5.05345,1.40190,7.08443,14.25000,6.96118,0.00000,0.00000,0.00000,0.00000,0.00000,0.00000,0.00000,0.00000,0.00000,0.00000,14.20942,13.51181
73-1,1783318210.374932,2026-07-06T13:10:10.374932,5.08105,1.39457,7.08589,14.22000,7.26007,5.05475,1.37333,6.94185,13.96000,7.65619,0.00000,0.00000,0.00000,0.00000,0.00000,0.00000,0.00000,0.00000,0.00000,0.00000,14.02774,14.91626
73-1,1783318210.475050,2026-07-06T13:10:10.475050,5.08143,1.38749,7.05045,14.15000,7.96595,5.04991,1.39189,7.02890,14.15000,8.35991,0.00000,0.00000,0.00000,0.00000,0.00000,0.00000,0.00000,0.00000,0.00000,0.00000,14.07935,16.32586
73-1,1783318210.575169,2026-07-06T13:10:10.575169,5.08543,1.38749,7.05600,14.15000,8.67238,5.05391,1.39189,7.03447,14.15000,9.06419,0.00000,0.00000,0.00000,0.00000,0.00000,0.00000,0.00000,0.00000,0.00000,0.00000,14.09047,17.73657
73-1,1783318210.675287,2026-07-06T13:10:10.675287,5.08910,1.39360,7.09215,14.21000,9.38243,5.05475,1.37333,6.94185,13.96000,9.75920,0.00000,0.00000,0.00000,0.00000,0.00000,0.00000,0.00000,0.00000,0.00000,0.00000,14.03400,19.14163
73-1,1783318210.775406,2026-07-06T13:10:10.775406,5.08755,1.42192,7.23409,14.50000,10.10671,5.05479,1.37236,6.93697,13.95000,10.45372,0.00000,0.00000,0.00000,0.00000,0.00000,0.00000,0.00000,0.00000,0.00000,0.00000,14.17106,20.56043
73-1,1783318210.875524,2026-07-06T13:10:10.875524,5.08131,1.38969,7.06145,14.17000,10.81368,5.05341,1.40287,7.08930,14.26000,11.16349,0.00000,0.00000,0.00000,0.00000,0.00000,0.00000,0.00000,0.00000,0.00000,0.00000,14.15075,21.97717
73-1,1783318210.975643,2026-07-06T13:10:10.975643,5.08131,1.38969,7.06145,14.17000,11.52067,5.05341,1.40287,7.08930,14.26000,11.87326,0.00000,0.00000,0.00000,0.00000,0.00000,0.00000,0.00000,0.00000,0.00000,0.00000,14.15075,23.39393
73-1,1783318211.075763,2026-07-06T13:10:11.075763,5.08131,1.38969,7.06145,14.17000,12.22766,5.04652,1.37822,6.95520,14.01000,12.56962,0.00000,0.00000,0.00000,0.00000,0.00000,0.00000,0.00000,0.00000,0.00000,0.00000,14.01665,24.79728
73-1,1783318211.175882,2026-07-06T13:10:11.175882,5.08051,1.40434,7.13477,14.32000,12.94198,5.04692,1.36943,6.91139,13.92000,13.26158,0.00000,0.00000,0.00000,0.00000,0.00000,0.00000,0.00000,0.00000,0.00000,0.00000,14.04616,26.20356
73-1,1783318211.276000,2026-07-06T13:10:11.276000,5.07971,1.41899,7.20806,14.47000,13.66365,5.05728,1.40580,7.10954,14.29000,13.97337,0.00000,0.00000,0.00000,0.00000,0.00000,0.00000,0.00000,0.00000,0.00000,0.00000,14.31760,27.63702
73-1,1783318211.376119,2026-07-06T13:10:11.376119,5.08371,1.41899,7.21373,14.47000,14.38587,5.05328,1.40580,7.10392,14.29000,14.68461,0.00000,0.00000,0.00000,0.00000,0.00000,0.00000,0.00000,0.00000,0.00000,0.00000,14.31765,29.07048
73-1,1783318211.476236,2026-07-06T13:10:11.476236,5.08099,1.39555,7.09078,14.23000,15.09578,5.05052,1.37822,6.96071,14.01000,15.38150,0.00000,0.00000,0.00000,0.00000,0.00000,0.00000,0.00000,0.00000,0.00000,0.00000,14.05149,30.47728
73-1,1783318211.576355,2026-07-06T13:10:11.576355,5.08126,1.39067,7.06634,14.18000,15.80326,5.05061,1.37626,6.95097,13.99000,16.07742,0.00000,0.00000,0.00000,0.00000,0.00000,0.00000,0.00000,0.00000,0.00000,0.00000,14.01731,31.88068
73-1,1783318211.676475,2026-07-06T13:10:11.676475,5.08110,1.39360,7.08101,14.21000,16.51220,5.05354,1.39995,7.07468,14.23000,16.78573,0.00000,0.00000,0.00000,0.00000,0.00000,0.00000,0.00000,0.00000,0.00000,0.00000,14.15569,33.29794
73-1,1783318211.776592,2026-07-06T13:10:11.776592,5.08175,1.38163,7.02112,14.21000,17.21514,5.05354,1.39995,7.07468,14.23000,17.49403,0.00000,0.00000,0.00000,0.00000,0.00000,0.00000,0.00000,0.00000,0.00000,0.00000,14.09580,34.70918
73-1,1783318211.876712,2026-07-06T13:10:11.876712,5.08575,1.38163,7.02665,14.09000,17.91865,5.04945,1.40190,7.07882,14.25000,18.20276,0.00000,0.00000,0.00000,0.00000,0.00000,0.00000,0.00000,0.00000,0.00000,0.00000,14.10547,36.12141
73-1,1783318211.976830,2026-07-06T13:10:11.976830,5.08409,1.41215,7.17951,14.40000,18.63745,5.05048,1.37919,6.96558,14.02000,18.90014,0.00000,0.00000,0.00000,0.00000,0.00000,0.00000,0.00000,0.00000,0.00000,0.00000,14.14509,37.53759
73-1,1783318212.076951,2026-07-06T13:10:12.076951,5.08403,1.41313,7.18440,14.41000,19.35676,5.05444,1.38017,6.97598,14.03000,19.59858,0.00000,0.00000,0.00000,0.00000,0.00000,0.00000,0.00000,0.00000,0.00000,0.00000,14.16038,38.95534
73-1,1783318212.177069,2026-07-06T13:10:12.177069,5.07977,1.41801,7.20317,14.46000,20.07792,5.04644,1.38017,6.96493,14.03000,20.29590,0.00000,0.00000,0.00000,0.00000,0.00000,0.00000,0.00000,0.00000,0.00000,0.00000,14.16810,40.37382
73-1,1783318212.277188,2026-07-06T13:10:12.277188,5.08777,1.41801,7.21452,14.46000,20.80023,5.05483,1.37138,6.93210,13.94000,20.98993,0.00000,0.00000,0.00000,0.00000,0.00000,0.00000,0.00000,0.00000,0.00000,0.00000,14.14662,41.79016
73-1,1783318212.377307,2026-07-06T13:10:12.377307,5.08361,1.42094,7.22351,14.49000,21.52345,5.05358,1.39897,7.06981,14.22000,21.69776,0.00000,0.00000,0.00000,0.00000,0.00000,0.00000,0.00000,0.00000,0.00000,0.00000,14.29332,43.22120
73-1,1783318212.477425,2026-07-06T13:10:12.477425,5.08339,1.42485,7.24307,14.53000,22.24861,5.05328,1.40580,7.10392,14.29000,22.40899,0.00000,0.00000,0.00000,0.00000,0.00000,0.00000,0.00000,0.00000,0.00000,0.00000,14.34699,44.65760
73-1,1783318212.577544,2026-07-06T13:10:12.577544,5.08387,1.41606,7.19906,14.44000,22.96937,5.04928,1.40580,7.09829,14.29000,23.11966,0.00000,0.00000,0.00000,0.00000,0.00000,0.00000,0.00000,0.00000,0.00000,0.00000,14.29735,46.08903
73-1,1783318212.677661,2026-07-06T13:10:12.677661,5.08787,1.41606,7.20473,14.44000,23.69069,5.04954,1.39995,7.06908,14.23000,23.82740,0.00000,0.00000,0.00000,0.00000,0.00000,0.00000,0.00000,0.00000,0.00000,0.00000,14.27381,47.51808
73-1,1783318212.777779,2026-07-06T13:10:12.777779,5.08830,1.40825,7.16558,14.36000,24.40809,5.05039,1.38115,6.97533,14.04000,24.52575,0.00000,0.00000,0.00000,0.00000,0.00000,0.00000,0.00000,0.00000,0.00000,0.00000,14.14091,48.93384
73-1,1783318212.877898,2026-07-06T13:10:12.877898,5.08787,1.41606,7.20473,14.44000,25.12942,5.04235,1.38212,6.96914,14.05000,25.22349,0.00000,0.00000,0.00000,0.00000,0.00000,0.00000,0.00000,0.00000,0.00000,0.00000,14.17387,50.35291
73-1,1783318212.978015,2026-07-06T13:10:12.978015,5.08787,1.41606,7.20473,14.44000,25.85074,5.04635,1.38212,6.97467,14.05000,25.92178,0.00000,0.00000,0.00000,0.00000,0.00000,0.00000,0.00000,0.00000,0.00000,0.00000,14.17940,51.77252
73-1,1783318213.078135,2026-07-06T13:10:13.078135,5.07987,1.41606,7.19340,14.44000,26.57094,5.05035,1.38212,6.98020,14.05000,26.62064,0.00000,0.00000,0.00000,0.00000,0.00000,0.00000,0.00000,0.00000,0.00000,0.00000,14.17360,53.19158
73-1,1783318213.178252,2026-07-06T13:10:13.178252,5.08361,1.42094,7.22351,14.49000,27.29413,5.05021,1.38505,6.99481,14.08000,27.32093,0.00000,0.00000,0.00000,0.00000,0.00000,0.00000,0.00000,0.00000,0.00000,0.00000,14.21832,54.61506
73-1,1783318213.278369,2026-07-06T13:10:13.278369,5.09129,1.42680,7.26426,14.55000,28.02141,5.04652,1.37822,6.95520,14.01000,28.01727,0.00000,0.00000,0.00000,0.00000,0.00000,0.00000,0.00000,0.00000,0.00000,0.00000,14.21946,56.03867
73-1,1783318213.378486,2026-07-06T13:10:13.378486,5.09161,1.42094,7.23488,14.49000,28.74574,5.05452,1.37822,6.96623,14.01000,28.71471,0.00000,0.00000,0.00000,0.00000,0.00000,0.00000,0.00000,0.00000,0.00000,0.00000,14.20111,57.46045
73-1,1783318213.478604,2026-07-06T13:10:13.478604,5.07566,1.41997,7.20726,14.48000,29.46732,5.04270,1.37431,6.93023,13.97000,29.40855,0.00000,0.00000,0.00000,0.00000,0.00000,0.00000,0.00000,0.00000,0.00000,0.00000,14.13749,58.87587
73-1,1783318213.578723,2026-07-06T13:10:13.578723,5.07966,1.41997,7.21294,14.48000,30.18947,5.05066,1.37529,6.94610,13.98000,30.10398,0.00000,0.00000,0.00000,0.00000,0.00000,0.00000,0.00000,0.00000,0.00000,0.00000,14.15904,60.29346
73-1,1783318213.678842,2026-07-06T13:10:13.678842,5.09177,1.41801,7.22019,14.46000,30.91235,5.05066,1.37529,6.94610,13.98000,30.79942,0.00000,0.00000,0.00000,0.00000,0.00000,0.00000,0.00000,0.00000,0.00000,0.00000,14.16629,61.71177
73-1,1783318213.778960,2026-07-06T13:10:13.778960,5.09166,1.41997,7.22998,14.48000,31.63620,5.04657,1.37724,6.95033,13.98000,31.49527,0.00000,0.00000,0.00000,0.00000,0.00000,0.00000,0.00000,0.00000,0.00000,0.00000,14.18031,63.13147
73-1,1783318213.879077,2026-07-06T13:10:13.879077,5.08046,1.40532,7.13965,14.33000,32.35101,5.05457,1.37724,6.96135,14.00000,32.19223,0.00000,0.00000,0.00000,0.00000,0.00000,0.00000,0.00000,0.00000,0.00000,0.00000,14.10100,64.54323
73-1,1783318213.979197,2026-07-06T13:10:13.979197,5.07246,1.40532,7.12841,14.33000,33.06470,5.05052,1.37822,6.96071,14.01000,32.88913,0.00000,0.00000,0.00000,0.00000,0.00000,0.00000,0.00000,0.00000,0.00000,0.00000,14.08912,65.95383
73-1,1783318214.079313,2026-07-06T13:10:14.079313,5.07749,1.38652,7.04002,14.14000,33.76952,5.05061,1.37626,6.95097,13.99000,33.58503,0.00000,0.00000,0.00000,0.00000,0.00000,0.00000,0.00000,0.00000,0.00000,0.00000,13.99099,67.35455
73-1,1783318214.179432,2026-07-06T13:10:14.179432,5.07689,1.39750,7.09497,14.25000,34.47986,5.05030,1.38310,6.98507,14.06000,34.28437,0.00000,0.00000,0.00000,0.00000,0.00000,0.00000,0.00000,0.00000,0.00000,0.00000,14.08004,68.76423
73-1,1783318214.279565,2026-07-06T13:10:14.279565,5.07955,1.42192,7.22271,14.50000,35.20309,5.05030,1.38310,6.98507,14.06000,34.98381,0.00000,0.00000,0.00000,0.00000,0.00000,0.00000,0.00000,0.00000,0.00000,0.00000,14.20778,70.18690
73-1,1783318214.379684,2026-07-06T13:10:14.379684,5.08355,1.42192,7.22840,14.50000,35.92679,5.05039,1.38115,6.97533,14.04000,35.68217,0.00000,0.00000,0.00000,0.00000,0.00000,0.00000,0.00000,0.00000,0.00000,0.00000,14.20373,71.60896
73-1,1783318214.479803,2026-07-06T13:10:14.479803,5.08393,1.41508,7.19418,14.43000,36.64707,5.04967,1.39702,7.05447,14.20000,36.38846,0.00000,0.00000,0.00000,0.00000,0.00000,0.00000,0.00000,0.00000,0.00000,0.00000,14.24865,73.03553
73-1,1783318214.579923,2026-07-06T13:10:14.579923,5.08361,1.42094,7.22351,14.49000,37.37028,5.04905,1.41069,7.12264,14.34000,37.10157,0.00000,0.00000,0.00000,0.00000,0.00000,0.00000,0.00000,0.00000,0.00000,0.00000,14.34615,74.47186
73-1,1783318214.680042,2026-07-06T13:10:14.680042,5.08521,1.39164,7.07680,14.19000,38.07880,5.05305,1.41069,7.12828,14.34000,37.81525,0.00000,0.00000,0.00000,0.00000,0.00000,0.00000,0.00000,0.00000,0.00000,0.00000,14.20508,75.89405
73-1,1783318214.780160,2026-07-06T13:10:14.780160,5.08078,1.39946,7.11033,14.27000,38.79068,5.05332,1.40483,7.09904,14.28000,38.52599,0.00000,0.00000,0.00000,0.00000,0.00000,0.00000,0.00000,0.00000,0.00000,0.00000,14.20937,77.31667
73-1,1783318214.880279,2026-07-06T13:10:14.880279,5.08478,1.39946,7.11593,14.27000,39.50312,5.05341,1.40287,7.08930,14.26000,39.23577,0.00000,0.00000,0.00000,0.00000,0.00000,0.00000,0.00000,0.00000,0.00000,0.00000,14.20523,78.73888
73-1,1783318214.980397,2026-07-06T13:10:14.980397,5.08355,1.42192,7.22840,14.50000,40.22681,5.05372,1.39604,7.05519,14.19000,39.94212,0.00000,0.00000,0.00000,0.00000,0.00000,0.00000,0.00000,0.00000,0.00000,0.00000,14.28359,80.16893
73-1,1783318215.080516,2026-07-06T13:10:15.080516,5.08366,1.41997,7.21862,14.48000,40.94953,5.04972,1.39604,7.04960,14.19000,40.64792,0.00000,0.00000,0.00000,0.00000,0.00000,0.00000,0.00000,0.00000,0.00000,0.00000,14.26822,81.59745
73-1,1783318215.180634,2026-07-06T13:10:15.180634,5.08526,1.39067,7.07190,14.18000,41.65755,5.05444,1.38017,6.97598,14.03000,41.34634,0.00000,0.00000,0.00000,0.00000,0.00000,0.00000,0.00000,0.00000,0.00000,0.00000,14.04788,83.00389
73-1,1783318215.280753,2026-07-06T13:10:15.280753,5.08126,1.39067,7.06634,14.18000,42.36503,5.05421,1.38505,7.00035,14.08000,42.04721,0.00000,0.00000,0.00000,0.00000,0.00000,0.00000,0.00000,0.00000,0.00000,0.00000,14.06669,84.41223
73-1,1783318215.380871,2026-07-06T13:10:15.380871,5.08019,1.41020,7.16409,14.38000,43.08228,5.04914,1.40873,7.11290,14.32000,42.75934,0.00000,0.00000,0.00000,0.00000,0.00000,0.00000,0.00000,0.00000,0.00000,0.00000,14.27699,85.84162
73-1,1783318215.480989,2026-07-06T13:10:15.480989,5.07966,1.41997,7.21294,14.48000,43.80443,5.05714,1.40873,7.12417,14.32000,43.47260,0.00000,0.00000,0.00000,0.00000,0.00000,0.00000,0.00000,0.00000,0.00000,0.00000,14.33711,87.27703
73-1,1783318215.581108,2026-07-06T13:10:15.581108,5.08809,1.41215,7.18515,14.40000,44.52380,5.04923,1.40678,7.10316,14.30000,44.18375,0.00000,0.00000,0.00000,0.00000,0.00000,0.00000,0.00000,0.00000,0.00000,0.00000,14.28831,88.70755
73-1,1783318215.681226,2026-07-06T13:10:15.681226,5.08009,1.41215,7.17386,14.40000,45.24204,5.04991,1.39189,7.02890,14.15000,44.88748,0.00000,0.00000,0.00000,0.00000,0.00000,0.00000,0.00000,0.00000,0.00000,0.00000,14.20276,90.12951
73-1,1783318215.781348,2026-07-06T13:10:15.781348,5.08041,1.40629,7.14454,14.34000,45.95736,5.05044,1.38017,6.97046,14.03000,45.58537,0.00000,0.00000,0.00000,0.00000,0.00000,0.00000,0.00000,0.00000,0.00000,0.00000,14.11500,91.54272
73-1,1783318215.881468,2026-07-06T13:10:15.881468,5.07945,1.42387,7.23248,14.52000,46.68147,5.04644,1.38017,6.96493,14.03000,46.28270,0.00000,0.00000,0.00000,0.00000,0.00000,0.00000,0.00000,0.00000,0.00000,0.00000,14.19741,92.96417
73-1,1783318215.981586,2026-07-06T13:10:15.981586,5.08441,1.40629,7.15017,14.34000,47.39733,5.05305,1.41069,7.12828,14.34000,46.99637,0.00000,0.00000,0.00000,0.00000,0.00000,0.00000,0.00000,0.00000,0.00000,0.00000,14.27845,94.39370
73-1,1783318216.081704,2026-07-06T13:10:16.081704,5.08318,1.42875,7.26262,14.57000,48.12445,5.05319,1.40776,7.11366,14.31000,47.70857,0.00000,0.00000,0.00000,0.00000,0.00000,0.00000,0.00000,0.00000,0.00000,0.00000,14.37628,95.83303
73-1,1783318216.181823,2026-07-06T13:10:16.181823,5.07918,1.42875,7.25690,14.57000,48.85100,5.05039,1.38115,6.97533,14.04000,48.40693,0.00000,0.00000,0.00000,0.00000,0.00000,0.00000,0.00000,0.00000,0.00000,0.00000,14.23223,97.25794
74-1,1783318216.281961,2026-07-06T13:10:16.281961,5.08339,1.42485,7.24307,14.53000,0.72531,5.05039,1.38115,6.97533,14.04000,0.69850,0.00000,0.00000,0.00000,0.00000,0.00000,0.00000,0.00000,0.00000,0.00000,0.00000,14.21840,1.42380
74-1,1783318216.382091,2026-07-06T13:10:16.382091,5.08581,1.38066,7.02175,14.08000,1.42840,5.05351,1.31230,6.63170,13.34000,1.36253,0.00000,0.00000,0.00000,0.00000,0.00000,0.00000,0.00000,0.00000,0.00000,0.00000,13.65345,2.79093
74-1,1783318216.482208,2026-07-06T13:10:16.482208,5.08743,1.20414,6.12597,12.28000,2.04171,5.04741,1.44707,7.30393,14.71000,2.09378,0.00000,0.00000,0.00000,0.00000,0.00000,0.00000,0.00000,0.00000,0.00000,0.00000,13.42990,4.13549
74-1,1783318216.582325,2026-07-06T13:10:16.582325,5.07543,1.20414,6.11152,12.28000,2.65358,5.04701,1.36747,6.90165,13.90000,2.78475,0.00000,0.00000,0.00000,0.00000,0.00000,0.00000,0.00000,0.00000,0.00000,0.00000,13.01317,5.43833
74-1,1783318216.682441,2026-07-06T13:10:16.682441,5.08921,1.39164,7.08236,14.19000,3.36264,5.04701,1.36747,6.90165,13.90000,3.47572,0.00000,0.00000,0.00000,0.00000,0.00000,0.00000,0.00000,0.00000,0.00000,0.00000,13.98401,6.83836
74-1,1783318216.782561,2026-07-06T13:10:16.782561,5.08970,1.38261,7.03707,14.10000,4.06719,5.05066,1.37529,6.94610,13.98000,4.17116,0.00000,0.00000,0.00000,0.00000,0.00000,0.00000,0.00000,0.00000,0.00000,0.00000,13.98317,8.23835
74-1,1783318216.882679,2026-07-06T13:10:16.882679,5.08196,1.37773,7.00156,14.05000,4.76817,5.05092,1.36943,6.91687,13.92000,4.86366,0.00000,0.00000,0.00000,0.00000,0.00000,0.00000,0.00000,0.00000,0.00000,0.00000,13.91843,9.63183
74-1,1783318216.982796,2026-07-06T13:10:16.982796,5.08196,1.37773,7.00156,14.05000,5.46914,5.04657,1.37724,6.95033,14.00000,5.55951,0.00000,0.00000,0.00000,0.00000,0.00000,0.00000,0.00000,0.00000,0.00000,0.00000,13.95189,11.02865
74-1,1783318217.082914,2026-07-06T13:10:17.082914,5.08403,1.41313,7.18440,14.41000,6.18844,5.05057,1.37724,6.95584,14.00000,6.25592,0.00000,0.00000,0.00000,0.00000,0.00000,0.00000,0.00000,0.00000,0.00000,0.00000,14.14024,12.44435
74-1,1783318217.183033,2026-07-06T13:10:17.183033,5.08554,1.38554,7.04622,14.13000,6.89389,5.05088,1.37040,6.92174,13.93000,6.94891,0.00000,0.00000,0.00000,0.00000,0.00000,0.00000,0.00000,0.00000,0.00000,0.00000,13.96796,13.84281
74-1,1783318217.283151,2026-07-06T13:10:17.283151,5.08537,1.38871,7.06212,14.16000,7.60094,5.05021,1.38505,6.99481,14.08000,7.64922,0.00000,0.00000,0.00000,0.00000,0.00000,0.00000,0.00000,0.00000,0.00000,0.00000,14.05693,15.25016
74-1,1783318217.383271,2026-07-06T13:10:17.383271,5.08430,1.40825,7.15995,14.16000,8.31779,5.05066,1.37529,6.94610,13.98000,8.34466,0.00000,0.00000,0.00000,0.00000,0.00000,0.00000,0.00000,0.00000,0.00000,0.00000,14.10605,16.66245
74-1,1783318217.483389,2026-07-06T13:10:17.483389,5.08430,1.40825,7.15995,14.36000,9.03463,5.04666,1.37529,6.94060,13.98000,9.03954,0.00000,0.00000,0.00000,0.00000,0.00000,0.00000,0.00000,0.00000,0.00000,0.00000,14.10055,18.07417
74-1,1783318217.583506,2026-07-06T13:10:17.583506,5.08131,1.38969,7.06145,14.17000,9.74160,5.05750,1.40092,7.08516,14.24000,9.74888,0.00000,0.00000,0.00000,0.00000,0.00000,0.00000,0.00000,0.00000,0.00000,0.00000,14.14661,19.49049
74-1,1783318217.683623,2026-07-06T13:10:17.683623,5.08207,1.37577,6.99178,14.03000,10.44160,5.05875,1.37333,6.94734,13.96000,10.44443,0.00000,0.00000,0.00000,0.00000,0.00000,0.00000,0.00000,0.00000,0.00000,0.00000,13.93912,20.88603
74-1,1783318217.783741,2026-07-06T13:10:17.783741,5.08003,1.41313,7.17874,14.41000,11.16032,5.04697,1.36845,6.90652,13.91000,11.13590,0.00000,0.00000,0.00000,0.00000,0.00000,0.00000,0.00000,0.00000,0.00000,0.00000,14.08526,22.29621
74-1,1783318217.883860,2026-07-06T13:10:17.883860,5.08403,1.41313,7.18440,14.41000,11.87961,5.05497,1.36845,6.91747,13.91000,11.82847,0.00000,0.00000,0.00000,0.00000,0.00000,0.00000,0.00000,0.00000,0.00000,0.00000,14.10187,23.70808
74-1,1783318217.983978,2026-07-06T13:10:17.983978,5.08531,1.38969,7.06701,14.17000,12.58715,5.05358,1.39897,7.06981,14.22000,12.53629,0.00000,0.00000,0.00000,0.00000,0.00000,0.00000,0.00000,0.00000,0.00000,0.00000,14.13682,25.12344
74-1,1783318218.084096,2026-07-06T13:10:18.084096,5.08526,1.39067,7.07190,14.18000,13.29518,5.05452,1.37822,6.96623,14.01000,13.23373,0.00000,0.00000,0.00000,0.00000,0.00000,0.00000,0.00000,0.00000,0.00000,0.00000,14.03813,26.52891
74-1,1783318218.184215,2026-07-06T13:10:18.184215,5.08143,1.38749,7.05045,14.15000,14.00106,5.05044,1.38017,6.97046,14.03000,13.93161,0.00000,0.00000,0.00000,0.00000,0.00000,0.00000,0.00000,0.00000,0.00000,0.00000,14.02091,27.93267
74-1,1783318218.284333,2026-07-06T13:10:18.284333,5.08543,1.38749,7.05600,14.15000,14.70750,5.05044,1.38017,6.97046,14.03000,14.62948,0.00000,0.00000,0.00000,0.00000,0.00000,0.00000,0.00000,0.00000,0.00000,0.00000,14.02646,29.33697
74-1,1783318218.384453,2026-07-06T13:10:18.384453,5.08003,1.41313,7.17874,14.41000,15.42622,5.05350,1.40092,7.07955,14.24000,15.33828,0.00000,0.00000,0.00000,0.00000,0.00000,0.00000,0.00000,0.00000,0.00000,0.00000,14.25829,30.76450
74-1,1783318218.484571,2026-07-06T13:10:18.484571,5.07998,1.41411,7.18363,14.42000,16.14544,5.05461,1.37626,6.95648,13.99000,16.03475,0.00000,0.00000,0.00000,0.00000,0.00000,0.00000,0.00000,0.00000,0.00000,0.00000,14.14011,32.18018
74-1,1783318218.584690,2026-07-06T13:10:18.584690,5.08115,1.39262,7.07612,14.20000,16.85389,5.05066,1.37529,6.94610,13.98000,16.73018,0.00000,0.00000,0.00000,0.00000,0.00000,0.00000,0.00000,0.00000,0.00000,0.00000,14.02222,33.58407
74-1,1783318218.684807,2026-07-06T13:10:18.684807,5.08115,1.39262,7.07612,14.20000,17.56233,5.05066,1.37529,6.94610,13.98000,17.42561,0.00000,0.00000,0.00000,0.00000,0.00000,0.00000,0.00000,0.00000,0.00000,0.00000,14.02222,34.98794
74-1,1783318218.784925,2026-07-06T13:10:18.784925,5.08115,1.39262,7.07612,14.20000,18.27078,5.05354,1.39995,7.07468,14.23000,18.13391,0.00000,0.00000,0.00000,0.00000,0.00000,0.00000,0.00000,0.00000,0.00000,0.00000,14.15080,36.40468
74-1,1783318218.885043,2026-07-06T13:10:18.885043,5.08543,1.38749,7.05600,14.15000,18.97721,5.05381,1.39409,7.04544,14.17000,18.83929,0.00000,0.00000,0.00000,0.00000,0.00000,0.00000,0.00000,0.00000,0.00000,0.00000,14.10144,37.81650
74-1,1783318218.985162,2026-07-06T13:10:18.985162,5.08494,1.39653,7.10126,14.24000,19.68818,5.05039,1.38115,6.97533,14.04000,19.53764,0.00000,0.00000,0.00000,0.00000,0.00000,0.00000,0.00000,0.00000,0.00000,0.00000,14.07659,39.22582
74-1,1783318219.085278,2026-07-06T13:10:19.085278,5.07993,1.41508,7.18851,14.43000,20.40787,5.05039,1.38115,6.97533,14.04000,20.23599,0.00000,0.00000,0.00000,0.00000,0.00000,0.00000,0.00000,0.00000,0.00000,0.00000,14.16384,40.64386
74-1,1783318219.185398,2026-07-06T13:10:19.185398,5.08793,1.41508,7.19984,14.43000,21.12872,5.05061,1.37626,6.95097,13.99000,20.93192,0.00000,0.00000,0.00000,0.00000,0.00000,0.00000,0.00000,0.00000,0.00000,0.00000,14.15081,42.06064
74-1,1783318219.285516,2026-07-06T13:10:19.285516,5.08377,1.41801,7.20884,14.46000,21.85045,5.05017,1.38603,6.99968,14.09000,21.63272,0.00000,0.00000,0.00000,0.00000,0.00000,0.00000,0.00000,0.00000,0.00000,0.00000,14.20852,43.48317
74-1,1783318219.385635,2026-07-06T13:10:19.385635,5.08382,1.41704,7.20395,14.45000,22.57170,5.04945,1.40190,7.07882,14.25000,22.34144,0.00000,0.00000,0.00000,0.00000,0.00000,0.00000,0.00000,0.00000,0.00000,0.00000,14.28277,44.91314
74-1,1783318219.485754,2026-07-06T13:10:19.485754,5.08350,1.42289,7.23329,14.51000,23.29589,5.04945,1.40190,7.07882,14.25000,23.05016,0.00000,0.00000,0.00000,0.00000,0.00000,0.00000,0.00000,0.00000,0.00000,0.00000,14.31211,46.34605
74-1,1783318219.585872,2026-07-06T13:10:19.585872,5.08350,1.42289,7.23329,14.51000,24.02008,5.05310,1.40971,7.12341,14.33000,23.76335,0.00000,0.00000,0.00000,0.00000,0.00000,0.00000,0.00000,0.00000,0.00000,0.00000,14.35670,47.78342
74-1,1783318219.685990,2026-07-06T13:10:19.685990,5.08345,1.42387,7.23818,14.52000,24.74475,5.05404,1.38896,7.01985,14.12000,24.46616,0.00000,0.00000,0.00000,0.00000,0.00000,0.00000,0.00000,0.00000,0.00000,0.00000,14.25803,49.21091
74-1,1783318219.786109,2026-07-06T13:10:19.786109,5.08334,1.42582,7.24795,14.54000,25.47040,5.05057,1.37724,6.95584,14.00000,25.16257,0.00000,0.00000,0.00000,0.00000,0.00000,0.00000,0.00000,0.00000,0.00000,0.00000,14.20379,50.63297
74-1,1783318219.886226,2026-07-06T13:10:19.886226,5.07939,1.42485,7.23737,14.53000,26.19499,5.04257,1.37724,6.94482,14.00000,25.85787,0.00000,0.00000,0.00000,0.00000,0.00000,0.00000,0.00000,0.00000,0.00000,0.00000,14.18219,52.05286
74-1,1783318219.986345,2026-07-06T13:10:19.986345,5.08739,1.42485,7.24876,14.53000,26.92073,5.05435,1.38212,6.98573,14.05000,26.55727,0.00000,0.00000,0.00000,0.00000,0.00000,0.00000,0.00000,0.00000,0.00000,0.00000,14.23449,53.47800
74-1,1783318220.086463,2026-07-06T13:10:20.086463,5.08339,1.42485,7.24307,14.53000,27.64589,5.05439,1.38115,6.98085,14.04000,27.25618,0.00000,0.00000,0.00000,0.00000,0.00000,0.00000,0.00000,0.00000,0.00000,0.00000,14.22392,54.90207
74-1,1783318220.186582,2026-07-06T13:10:20.186582,5.07945,1.42387,7.23248,14.52000,28.37000,5.05461,1.37626,6.95648,13.99000,27.95266,0.00000,0.00000,0.00000,0.00000,0.00000,0.00000,0.00000,0.00000,0.00000,0.00000,14.18896,56.32266
74-1,1783318220.286700,2026-07-06T13:10:20.286700,5.07955,1.42192,7.22271,14.50000,29.09312,5.05461,1.37626,6.95648,13.99000,28.64912,0.00000,0.00000,0.00000,0.00000,0.00000,0.00000,0.00000,0.00000,0.00000,0.00000,14.17919,57.74225
74-1,1783318220.386820,2026-07-06T13:10:20.386820,5.08339,1.42485,7.24307,14.53000,29.81830,5.03875,1.37333,6.91988,13.96000,29.34194,0.00000,0.00000,0.00000,0.00000,0.00000,0.00000,0.00000,0.00000,0.00000,0.00000,14.16295,59.16024
74-1,1783318220.486937,2026-07-06T13:10:20.486937,5.09139,1.42485,7.25446,14.53000,30.54459,5.03821,1.38505,6.97819,14.08000,30.04058,0.00000,0.00000,0.00000,0.00000,0.00000,0.00000,0.00000,0.00000,0.00000,0.00000,14.23265,60.58517
74-1,1783318220.587055,2026-07-06T13:10:20.587055,5.10003,1.41313,7.20701,14.41000,31.26615,5.04208,1.38798,6.99832,14.11000,30.74124,0.00000,0.00000,0.00000,0.00000,0.00000,0.00000,0.00000,0.00000,0.00000,0.00000,14.20533,62.00738
74-1,1783318220.687172,2026-07-06T13:10:20.687172,5.09977,1.41801,7.23153,14.46000,31.99014,5.05408,1.38798,7.01497,14.11000,31.44355,0.00000,0.00000,0.00000,0.00000,0.00000,0.00000,0.00000,0.00000,0.00000,0.00000,14.24650,63.43370
74-1,1783318220.787290,2026-07-06T13:10:20.787290,5.08761,1.42094,7.22919,14.49000,32.71391,5.05421,1.38505,7.00035,14.08000,32.14441,0.00000,0.00000,0.00000,0.00000,0.00000,0.00000,0.00000,0.00000,0.00000,0.00000,14.22954,64.85833
74-1,1783318220.887408,2026-07-06T13:10:20.887408,5.08361,1.42094,7.22351,14.49000,33.43712,5.05421,1.38505,7.00035,14.08000,32.84528,0.00000,0.00000,0.00000,0.00000,0.00000,0.00000,0.00000,0.00000,0.00000,0.00000,14.22386,66.28240
74-1,1783318220.987527,2026-07-06T13:10:20.987527,5.08537,1.38871,7.06212,14.16000,34.14417,5.05048,1.37919,6.96558,14.02000,33.54266,0.00000,0.00000,0.00000,0.00000,0.00000,0.00000,0.00000,0.00000,0.00000,0.00000,14.02770,67.68683
74-1,1783318221.087644,2026-07-06T13:10:21.087644,5.08483,1.39848,7.11104,14.26000,34.85610,5.05448,1.37919,6.97110,14.02000,34.24058,0.00000,0.00000,0.00000,0.00000,0.00000,0.00000,0.00000,0.00000,0.00000,0.00000,14.08214,69.09669
74-1,1783318221.187762,2026-07-06T13:10:21.187762,5.08494,1.39653,7.10126,14.24000,35.56707,5.05075,1.37333,6.93636,13.96000,34.93504,0.00000,0.00000,0.00000,0.00000,0.00000,0.00000,0.00000,0.00000,0.00000,0.00000,14.03762,70.50212
74-1,1783318221.287881,2026-07-06T13:10:21.287881,5.08494,1.39653,7.10126,14.24000,36.27804,5.05039,1.38115,6.97533,14.04000,35.63340,0.00000,0.00000,0.00000,0.00000,0.00000,0.00000,0.00000,0.00000,0.00000,0.00000,14.07659,71.91144
74-1,1783318221.387999,2026-07-06T13:10:21.387999,5.08718,1.42875,7.26833,14.57000,37.00573,5.05035,1.38212,6.98020,14.05000,36.33225,0.00000,0.00000,0.00000,0.00000,0.00000,0.00000,0.00000,0.00000,0.00000,0.00000,14.24853,73.33798
74-1,1783318221.488117,2026-07-06T13:10:21.488117,5.08766,1.41997,7.22430,14.48000,37.72902,5.05035,1.38212,6.98020,14.05000,37.03109,0.00000,0.00000,0.00000,0.00000,0.00000,0.00000,0.00000,0.00000,0.00000,0.00000,14.20450,74.76011
74-1,1783318221.588236,2026-07-06T13:10:21.588236,5.08366,1.41997,7.21862,14.48000,38.45173,5.05035,1.38212,6.98020,14.05000,37.72994,0.00000,0.00000,0.00000,0.00000,0.00000,0.00000,0.00000,0.00000,0.00000,0.00000,14.19882,76.18168
74-1,1783318221.688354,2026-07-06T13:10:21.688354,5.08515,1.39262,7.08169,14.20000,39.16074,5.05354,1.39995,7.07468,14.23000,38.43824,0.00000,0.00000,0.00000,0.00000,0.00000,0.00000,0.00000,0.00000,0.00000,0.00000,14.15637,77.59898
74-1,1783318221.788473,2026-07-06T13:10:21.788473,5.08515,1.39262,7.08169,14.20000,39.86975,5.05301,1.41166,7.13315,14.35000,39.15241,0.00000,0.00000,0.00000,0.00000,0.00000,0.00000,0.00000,0.00000,0.00000,0.00000,14.21484,79.02216
74-1,1783318221.888591,2026-07-06T13:10:21.888591,5.08062,1.40239,7.12499,14.30000,40.58309,5.04928,1.40580,7.09829,14.29000,39.86307,0.00000,0.00000,0.00000,0.00000,0.00000,0.00000,0.00000,0.00000,0.00000,0.00000,14.22328,80.44616
74-1,1783318221.988709,2026-07-06T13:10:21.988709,5.07939,1.42485,7.23737,14.53000,41.30768,5.04928,1.40580,7.09829,14.29000,40.57374,0.00000,0.00000,0.00000,0.00000,0.00000,0.00000,0.00000,0.00000,0.00000,0.00000,14.33566,81.88142
74-1,1783318222.088827,2026-07-06T13:10:22.088827,5.08323,1.42778,7.25773,14.56000,42.03431,5.05319,1.40776,7.11366,14.31000,41.28595,0.00000,0.00000,0.00000,0.00000,0.00000,0.00000,0.00000,0.00000,0.00000,0.00000,14.37139,83.32026
74-1,1783318222.188945,2026-07-06T13:10:22.188945,5.07923,1.42778,7.25202,14.56000,42.76037,5.05426,1.38408,6.99548,14.07000,41.98632,0.00000,0.00000,0.00000,0.00000,0.00000,0.00000,0.00000,0.00000,0.00000,0.00000,14.24750,84.74669
74-1,1783318222.289064,2026-07-06T13:10:22.289064,5.08543,1.38749,7.05600,14.15000,43.46681,5.05430,1.38310,6.99060,14.06000,42.68621,0.00000,0.00000,0.00000,0.00000,0.00000,0.00000,0.00000,0.00000,0.00000,0.00000,14.04660,86.15302
74-1,1783318222.389182,2026-07-06T13:10:22.389182,5.08345,1.42387,7.23818,14.52000,44.19148,5.04630,1.38310,6.97954,14.06000,43.38499,0.00000,0.00000,0.00000,0.00000,0.00000,0.00000,0.00000,0.00000,0.00000,0.00000,14.21772,87.57647
74-1,1783318222.489300,2026-07-06T13:10:22.489300,5.08382,1.41704,7.20395,14.45000,44.91273,5.05314,1.40873,7.11854,14.32000,44.09768,0.00000,0.00000,0.00000,0.00000,0.00000,0.00000,0.00000,0.00000,0.00000,0.00000,14.32249,89.01041
74-1,1783318222.589417,2026-07-06T13:10:22.589417,5.08382,1.41704,7.20395,14.45000,45.63396,5.05323,1.40678,7.10879,14.30000,44.80939,0.00000,0.00000,0.00000,0.00000,0.00000,0.00000,0.00000,0.00000,0.00000,0.00000,14.31274,90.44336
74-1,1783318222.689535,2026-07-06T13:10:22.689535,5.08851,1.40434,7.14600,14.32000,46.34941,5.05723,1.40678,7.11442,14.30000,45.52168,0.00000,0.00000,0.00000,0.00000,0.00000,0.00000,0.00000,0.00000,0.00000,0.00000,14.26042,91.87109
74-1,1783318222.789654,2026-07-06T13:10:22.789654,5.08787,1.41606,7.20473,14.44000,47.07073,5.04923,1.40678,7.10316,14.30000,46.23283,0.00000,0.00000,0.00000,0.00000,0.00000,0.00000,0.00000,0.00000,0.00000,0.00000,14.30789,93.30357
74-1,1783318222.889772,2026-07-06T13:10:22.889772,5.08345,1.42387,7.23818,14.52000,47.79541,5.05030,1.38310,6.98507,14.06000,46.93217,0.00000,0.00000,0.00000,0.00000,0.00000,0.00000,0.00000,0.00000,0.00000,0.00000,14.22325,94.72758
74-1,1783318222.989891,2026-07-06T13:10:22.989891,5.08883,1.39848,7.11663,14.52000,48.50792,5.04928,1.40580,7.09829,14.29000,47.64284,0.00000,0.00000,0.00000,0.00000,0.00000,0.00000,0.00000,0.00000,0.00000,0.00000,14.21492,96.15076
74-1,1783318223.090009,2026-07-06T13:10:23.090009,5.08483,1.39848,7.11104,14.26000,49.21987,5.05314,1.40873,7.11854,14.32000,48.35554,0.00000,0.00000,0.00000,0.00000,0.00000,0.00000,0.00000,0.00000,0.00000,0.00000,14.22958,97.57541
75-1,1783318223.190153,2026-07-06T13:10:23.190153,5.08702,1.43168,7.28301,14.60000,0.72935,5.05314,1.40873,7.11854,14.32000,0.71288,0.00000,0.00000,0.00000,0.00000,0.00000,0.00000,0.00000,0.00000,0.00000,0.00000,14.40155,1.44222
75-1,1783318223.290272,2026-07-06T13:10:23.290272,5.08943,1.38749,7.06155,14.15000,1.43634,5.05289,1.32597,6.69997,13.48000,1.38367,0.00000,0.00000,0.00000,0.00000,0.00000,0.00000,0.00000,0.00000,0.00000,0.00000,13.76152,2.82002
75-1,1783318223.390391,2026-07-06T13:10:23.390391,5.08565,1.31010,6.66271,13.36000,2.10341,5.04425,1.51689,7.65158,15.42000,2.14974,0.00000,0.00000,0.00000,0.00000,0.00000,0.00000,0.00000,0.00000,0.00000,0.00000,14.31429,4.25315
75-1,1783318223.490509,2026-07-06T13:10:23.490509,5.06165,1.31010,6.63127,13.36000,2.76731,5.06239,1.38115,6.99190,14.04000,2.84975,0.00000,0.00000,0.00000,0.00000,0.00000,0.00000,0.00000,0.00000,0.00000,0.00000,13.62317,5.61706
75-1,1783318223.590626,2026-07-06T13:10:23.590626,5.08191,1.37870,7.00645,14.06000,3.46878,5.05439,1.38115,6.98085,14.04000,3.54866,0.00000,0.00000,0.00000,0.00000,0.00000,0.00000,0.00000,0.00000,0.00000,0.00000,13.98730,7.01744
75-1,1783318223.690745,2026-07-06T13:10:23.690745,5.08181,1.38066,7.01623,14.08000,4.17124,5.05475,1.37333,6.94185,13.96000,4.24367,0.00000,0.00000,0.00000,0.00000,0.00000,0.00000,0.00000,0.00000,0.00000,0.00000,13.95808,8.41490
75-1,1783318223.790863,2026-07-06T13:10:23.790863,5.08798,1.41411,7.19494,14.42000,4.89158,5.05404,1.38896,7.01985,14.12000,4.94648,0.00000,0.00000,0.00000,0.00000,0.00000,0.00000,0.00000,0.00000,0.00000,0.00000,14.21479,9.83806
75-1,1783318223.890981,2026-07-06T13:10:23.890981,5.07998,1.41411,7.18363,14.42000,5.61079,5.04675,1.37333,6.93086,13.96000,5.64038,0.00000,0.00000,0.00000,0.00000,0.00000,0.00000,0.00000,0.00000,0.00000,0.00000,14.11449,11.25117
75-1,1783318223.991100,2026-07-06T13:10:23.991100,5.08170,1.38261,7.02601,14.10000,6.31423,5.05075,1.37333,6.93636,13.96000,6.33484,0.00000,0.00000,0.00000,0.00000,0.00000,0.00000,0.00000,0.00000,0.00000,0.00000,13.96237,12.64907
75-1,1783318224.091218,2026-07-06T13:10:24.091218,5.08228,1.37187,6.97222,13.99000,7.01228,5.04967,1.39702,7.05447,14.20000,7.04113,0.00000,0.00000,0.00000,0.00000,0.00000,0.00000,0.00000,0.00000,0.00000,0.00000,14.02669,14.05340
75-1,1783318224.191337,2026-07-06T13:10:24.191337,5.08771,1.41899,7.21941,14.47000,7.73507,5.05066,1.37529,6.94610,13.98000,7.73656,0.00000,0.00000,0.00000,0.00000,0.00000,0.00000,0.00000,0.00000,0.00000,0.00000,14.16551,15.47163
75-1,1783318224.291453,2026-07-06T13:10:24.291453,5.08371,1.41899,7.21373,14.47000,8.45729,5.04981,1.39409,7.03986,14.17000,8.44137,0.00000,0.00000,0.00000,0.00000,0.00000,0.00000,0.00000,0.00000,0.00000,0.00000,14.25359,16.89865
75-1,1783318224.391572,2026-07-06T13:10:24.391572,5.07749,1.38652,7.04002,14.14000,9.16212,5.05381,1.39409,7.04544,14.17000,9.14675,0.00000,0.00000,0.00000,0.00000,0.00000,0.00000,0.00000,0.00000,0.00000,0.00000,14.08546,18.30887
75-1,1783318224.491690,2026-07-06T13:10:24.491690,5.08570,1.38261,7.03154,14.10000,9.86611,5.04261,1.37626,6.93996,13.99000,9.84156,0.00000,0.00000,0.00000,0.00000,0.00000,0.00000,0.00000,0.00000,0.00000,0.00000,13.97150,19.70767
75-1,1783318224.591810,2026-07-06T13:10:24.591810,5.08435,1.40727,7.15506,14.35000,10.58247,5.04310,1.36552,6.88645,13.88000,10.53103,0.00000,0.00000,0.00000,0.00000,0.00000,0.00000,0.00000,0.00000,0.00000,0.00000,14.04151,21.11350
75-1,1783318224.691929,2026-07-06T13:10:24.691929,5.08915,1.39262,7.08726,14.20000,11.29204,5.05345,1.40190,7.08443,14.25000,11.24032,0.00000,0.00000,0.00000,0.00000,0.00000,0.00000,0.00000,0.00000,0.00000,0.00000,14.17169,22.53236
75-1,1783318224.792048,2026-07-06T13:10:24.792048,5.08115,1.39262,7.07612,14.20000,12.00049,5.05345,1.40190,7.08443,14.25000,11.94960,0.00000,0.00000,0.00000,0.00000,0.00000,0.00000,0.00000,0.00000,0.00000,0.00000,14.16055,23.95010
75-1,1783318224.892166,2026-07-06T13:10:24.892166,5.08531,1.38969,7.06701,14.17000,12.70803,5.04666,1.37529,6.94060,13.98000,12.64449,0.00000,0.00000,0.00000,0.00000,0.00000,0.00000,0.00000,0.00000,0.00000,0.00000,14.00761,25.35252
75-1,1783318224.992284,2026-07-06T13:10:24.992284,5.08586,1.37968,7.01686,14.07000,13.41054,5.04688,1.37040,6.91626,13.93000,13.33693,0.00000,0.00000,0.00000,0.00000,0.00000,0.00000,0.00000,0.00000,0.00000,0.00000,13.93312,26.74747
75-1,1783318225.092353,2026-07-06T13:10:25.092353,5.08777,1.41801,7.21452,14.46000,14.13249,5.04914,1.40873,7.11290,14.32000,14.04870,0.00000,0.00000,0.00000,0.00000,0.00000,0.00000,0.00000,0.00000,0.00000,0.00000,14.32742,28.18119
75-1,1783318225.192420,2026-07-06T13:10:25.192420,5.08777,1.41801,7.21452,14.46000,14.85443,5.04514,1.40873,7.10727,14.32000,14.75991,0.00000,0.00000,0.00000,0.00000,0.00000,0.00000,0.00000,0.00000,0.00000,0.00000,14.32179,29.61433
76-1,1783318225.292507,2026-07-06T13:10:25.292507,5.08035,1.40727,7.14943,14.35000,0.71557,5.04799,1.34574,6.79331,13.68000,0.67992,0.00000,0.00000,0.00000,0.00000,0.00000,0.00000,0.00000,0.00000,0.00000,0.00000,13.94274,1.39549
76-1,1783318225.392573,2026-07-06T13:10:25.392573,5.08105,1.39457,7.08589,14.22000,1.42463,5.04608,1.38798,7.00387,14.11000,1.38078,0.00000,0.00000,0.00000,0.00000,0.00000,0.00000,0.00000,0.00000,0.00000,0.00000,14.08976,2.80540
76-1,1783318225.492692,2026-07-06T13:10:25.492692,5.10224,0.93265,4.75859,9.51000,1.90105,5.07096,1.01517,5.14788,10.32000,1.89617,0.00000,0.00000,0.00000,0.00000,0.00000,0.00000,0.00000,0.00000,0.00000,0.00000,9.90647,3.79722
76-1,1783318225.592758,2026-07-06T13:10:25.592758,5.09024,0.93265,4.74739,9.51000,2.37610,5.06296,1.01517,5.13976,10.32000,2.41049,0.00000,0.00000,0.00000,0.00000,0.00000,0.00000,0.00000,0.00000,0.00000,0.00000,9.88715,4.78659
76-1,1783318225.692876,2026-07-06T13:10:25.692876,5.08570,1.38261,7.03154,14.10000,3.08009,5.04608,1.38798,7.00387,14.11000,3.11170,0.00000,0.00000,0.00000,0.00000,0.00000,0.00000,0.00000,0.00000,0.00000,0.00000,14.03541,6.19179
76-1,1783318225.792942,2026-07-06T13:10:25.792942,5.09225,1.40922,7.17611,14.37000,3.79817,5.04683,1.37138,6.92113,13.94000,3.80427,0.00000,0.00000,0.00000,0.00000,0.00000,0.00000,0.00000,0.00000,0.00000,0.00000,14.09724,7.60244
76-1,1783318225.893059,2026-07-06T13:10:25.893059,5.09365,1.38359,7.04750,14.11000,4.50374,5.05101,1.36747,6.90712,13.90000,4.49579,0.00000,0.00000,0.00000,0.00000,0.00000,0.00000,0.00000,0.00000,0.00000,0.00000,13.95462,8.99954
76-1,1783318225.993178,2026-07-06T13:10:25.993178,5.08549,1.38652,7.05111,14.14000,5.20970,5.04701,1.36747,6.90165,13.90000,5.18678,0.00000,0.00000,0.00000,0.00000,0.00000,0.00000,0.00000,0.00000,0.00000,0.00000,13.95276,10.39648
76-1,1783318226.093296,2026-07-06T13:10:26.093296,5.08149,1.38652,7.04557,14.14000,5.91508,5.04599,1.38993,7.01360,14.13000,5.88897,0.00000,0.00000,0.00000,0.00000,0.00000,0.00000,0.00000,0.00000,0.00000,0.00000,14.05917,11.80405
76-1,1783318226.193414,2026-07-06T13:10:26.193414,5.08565,1.38359,7.03643,14.11000,6.61956,5.04670,1.37431,6.93573,13.97000,6.58336,0.00000,0.00000,0.00000,0.00000,0.00000,0.00000,0.00000,0.00000,0.00000,0.00000,13.97216,13.20292
76-1,1783318226.293480,2026-07-06T13:10:26.293480,5.08419,1.41020,7.16973,14.38000,7.33700,5.04950,1.40092,7.07395,14.24000,7.29122,0.00000,0.00000,0.00000,0.00000,0.00000,0.00000,0.00000,0.00000,0.00000,0.00000,14.24368,14.62823
76-1,1783318226.393546,2026-07-06T13:10:26.393546,5.08937,1.38871,7.06767,14.16000,8.04423,5.05350,1.40092,7.07955,14.24000,7.99964,0.00000,0.00000,0.00000,0.00000,0.00000,0.00000,0.00000,0.00000,0.00000,0.00000,14.14722,16.04388
76-1,1783318226.493665,2026-07-06T13:10:26.493665,5.08537,1.38871,7.06212,14.16000,8.75129,5.05061,1.37626,6.95097,13.99000,8.69556,0.00000,0.00000,0.00000,0.00000,0.00000,0.00000,0.00000,0.00000,0.00000,0.00000,14.01309,17.44685
76-1,1783318226.593783,2026-07-06T13:10:26.593783,5.08149,1.38652,7.04557,14.14000,9.45668,5.05017,1.38603,6.99968,14.09000,9.39636,0.00000,0.00000,0.00000,0.00000,0.00000,0.00000,0.00000,0.00000,0.00000,0.00000,14.04525,18.85304
76-1,1783318226.693902,2026-07-06T13:10:26.693902,5.08041,1.40629,7.14454,14.34000,10.17198,5.05466,1.37529,6.95160,13.98000,10.09235,0.00000,0.00000,0.00000,0.00000,0.00000,0.00000,0.00000,0.00000,0.00000,0.00000,14.09614,20.26433
77-1,1783318226.794045,2026-07-06T13:10:26.794045,5.09381,1.30717,6.65847,13.33000,0.66680,5.05066,1.37529,6.94610,13.98000,0.69560,0.00000,0.00000,0.00000,0.00000,0.00000,0.00000,0.00000,0.00000,0.00000,0.00000,13.60457,1.36240
77-1,1783318226.894162,2026-07-06T13:10:26.894162,5.08581,1.30717,6.64802,13.33000,1.33238,5.05008,1.38798,7.00942,14.11000,1.39736,0.00000,0.00000,0.00000,0.00000,0.00000,0.00000,0.00000,0.00000,0.00000,0.00000,13.65744,2.72974
77-1,1783318226.994280,2026-07-06T13:10:26.994280,5.09240,1.47978,7.53564,15.09000,2.08683,5.05213,1.34281,6.78407,13.65000,2.07657,0.00000,0.00000,0.00000,0.00000,0.00000,0.00000,0.00000,0.00000,0.00000,0.00000,14.31971,4.16340
77-1,1783318227.094398,2026-07-06T13:10:27.094398,5.09999,1.34062,6.83713,13.67000,2.77135,5.03888,1.37040,6.90529,13.93000,2.76792,0.00000,0.00000,0.00000,0.00000,0.00000,0.00000,0.00000,0.00000,0.00000,0.00000,13.74242,5.53927
77-1,1783318227.194515,2026-07-06T13:10:27.194515,5.08009,1.41215,7.17386,14.40000,3.48957,5.05488,1.37040,6.92722,13.93000,3.46145,0.00000,0.00000,0.00000,0.00000,0.00000,0.00000,0.00000,0.00000,0.00000,0.00000,14.10108,6.95102
77-1,1783318227.294632,2026-07-06T13:10:27.294632,5.08165,1.38359,7.03090,14.11000,4.19349,5.05092,1.36943,6.91687,13.92000,4.15395,0.00000,0.00000,0.00000,0.00000,0.00000,0.00000,0.00000,0.00000,0.00000,0.00000,13.94777,8.34744
77-1,1783318227.394747,2026-07-06T13:10:27.394747,5.08165,1.38359,7.03090,14.11000,4.89739,5.05079,1.37236,6.93148,13.95000,4.84789,0.00000,0.00000,0.00000,0.00000,0.00000,0.00000,0.00000,0.00000,0.00000,0.00000,13.96238,9.74528
77-1,1783318227.494866,2026-07-06T13:10:27.494866,5.08575,1.38163,7.02665,14.09000,5.60089,5.05101,1.36747,6.90712,13.90000,5.53942,0.00000,0.00000,0.00000,0.00000,0.00000,0.00000,0.00000,0.00000,0.00000,0.00000,13.93377,11.14031
77-1,1783318227.594984,2026-07-06T13:10:27.594984,5.08494,1.39653,7.10126,14.24000,6.31185,5.05501,1.36747,6.91259,13.90000,6.23149,0.00000,0.00000,0.00000,0.00000,0.00000,0.00000,0.00000,0.00000,0.00000,0.00000,14.01385,12.54334
77-1,1783318227.695102,2026-07-06T13:10:27.695102,5.08537,1.38871,7.06212,14.16000,7.01890,5.05083,1.37138,6.92661,13.94000,6.92498,0.00000,0.00000,0.00000,0.00000,0.00000,0.00000,0.00000,0.00000,0.00000,0.00000,13.98873,13.94388
77-1,1783318227.795225,2026-07-06T13:10:27.795225,5.08537,1.38871,7.06212,14.16000,7.72598,5.05092,1.36943,6.91687,13.92000,7.61751,0.00000,0.00000,0.00000,0.00000,0.00000,0.00000,0.00000,0.00000,0.00000,0.00000,13.97899,15.34349
77-1,1783318227.895345,2026-07-06T13:10:27.895345,5.08867,1.40141,7.13132,14.29000,8.43997,5.05413,1.38701,7.01010,14.10000,8.31936,0.00000,0.00000,0.00000,0.00000,0.00000,0.00000,0.00000,0.00000,0.00000,0.00000,14.14142,16.75933
77-1,1783318227.995464,2026-07-06T13:10:27.995464,5.08867,1.40141,7.13132,14.29000,9.15395,5.04613,1.38701,6.99900,14.10000,9.02010,0.00000,0.00000,0.00000,0.00000,0.00000,0.00000,0.00000,0.00000,0.00000,0.00000,14.13032,18.17404
77-1,1783318228.095581,2026-07-06T13:10:28.095581,5.08131,1.38969,7.06145,14.17000,9.86092,5.05466,1.37529,6.95160,13.98000,9.71607,0.00000,0.00000,0.00000,0.00000,0.00000,0.00000,0.00000,0.00000,0.00000,0.00000,14.01305,19.57699
77-1,1783318228.195649,2026-07-06T13:10:28.195649,5.08131,1.38969,7.06145,14.17000,10.56754,5.05358,1.39897,7.06981,14.22000,10.42353,0.00000,0.00000,0.00000,0.00000,0.00000,0.00000,0.00000,0.00000,0.00000,0.00000,14.13126,20.99107
77-1,1783318228.295766,2026-07-06T13:10:28.295766,5.08570,1.38261,7.03154,14.10000,11.27152,5.05052,1.37822,6.96071,14.01000,11.12042,0.00000,0.00000,0.00000,0.00000,0.00000,0.00000,0.00000,0.00000,0.00000,0.00000,13.99225,22.39194
77-1,1783318228.395833,2026-07-06T13:10:28.395833,5.08382,1.41704,7.20395,14.45000,11.99240,5.05052,1.37822,6.96071,14.01000,11.81696,0.00000,0.00000,0.00000,0.00000,0.00000,0.00000,0.00000,0.00000,0.00000,0.00000,14.16466,23.80936
77-1,1783318228.495901,2026-07-06T13:10:28.495901,5.08521,1.39164,7.07680,14.19000,12.70056,5.05483,1.37138,6.93210,13.94000,12.51063,0.00000,0.00000,0.00000,0.00000,0.00000,0.00000,0.00000,0.00000,0.00000,0.00000,14.00890,25.21119
77-1,1783318228.595968,2026-07-06T13:10:28.595968,5.07721,1.39164,7.06566,14.19000,13.40759,5.05341,1.40287,7.08930,14.26000,13.22004,0.00000,0.00000,0.00000,0.00000,0.00000,0.00000,0.00000,0.00000,0.00000,0.00000,14.15496,26.62763
77-1,1783318228.696034,2026-07-06T13:10:28.696034,5.08126,1.39067,7.06634,14.18000,14.11470,5.05483,1.37138,6.93210,13.94000,13.91371,0.00000,0.00000,0.00000,0.00000,0.00000,0.00000,0.00000,0.00000,0.00000,0.00000,13.99844,28.02841
77-1,1783318228.796101,2026-07-06T13:10:28.796101,5.08986,1.37968,7.02238,14.07000,14.81741,5.04683,1.37138,6.92113,13.94000,14.60629,0.00000,0.00000,0.00000,0.00000,0.00000,0.00000,0.00000,0.00000,0.00000,0.00000,13.94351,29.42369
77-1,1783318228.896168,2026-07-06T13:10:28.896168,5.08793,1.41508,7.19984,14.43000,15.53787,5.05070,1.37431,6.94123,13.97000,15.30088,0.00000,0.00000,0.00000,0.00000,0.00000,0.00000,0.00000,0.00000,0.00000,0.00000,14.14107,30.83875
77-1,1783318228.996285,2026-07-06T13:10:28.996285,5.08339,1.42485,7.24307,14.53000,16.26303,5.04954,1.39995,7.06908,14.23000,16.00861,0.00000,0.00000,0.00000,0.00000,0.00000,0.00000,0.00000,0.00000,0.00000,0.00000,14.31215,32.27164
77-1,1783318229.096402,2026-07-06T13:10:29.096402,5.08339,1.42485,7.24307,14.53000,16.98818,5.05439,1.38115,6.98085,14.04000,16.70751,0.00000,0.00000,0.00000,0.00000,0.00000,0.00000,0.00000,0.00000,0.00000,0.00000,14.22392,33.69569
77-1,1783318229.196520,2026-07-06T13:10:29.196520,5.08115,1.39262,7.07612,14.20000,17.69663,5.04639,1.38115,6.96980,14.04000,17.40531,0.00000,0.00000,0.00000,0.00000,0.00000,0.00000,0.00000,0.00000,0.00000,0.00000,14.04592,35.10194
77-1,1783318229.296637,2026-07-06T13:10:29.296637,5.08121,1.39164,7.07123,14.19000,18.40458,5.05052,1.37822,6.96071,14.01000,18.10220,0.00000,0.00000,0.00000,0.00000,0.00000,0.00000,0.00000,0.00000,0.00000,0.00000,14.03194,36.50678
77-1,1783318229.396756,2026-07-06T13:10:29.396756,5.08510,1.39360,7.08658,14.21000,19.11408,5.04679,1.37236,6.92599,13.95000,18.79562,0.00000,0.00000,0.00000,0.00000,0.00000,0.00000,0.00000,0.00000,0.00000,0.00000,14.01257,37.90971
77-1,1783318229.496875,2026-07-06T13:10:29.496875,5.08510,1.39360,7.08658,14.21000,19.82358,5.04550,1.40092,7.06835,14.24000,19.50330,0.00000,0.00000,0.00000,0.00000,0.00000,0.00000,0.00000,0.00000,0.00000,0.00000,14.15493,39.32688
77-1,1783318229.596941,2026-07-06T13:10:29.596941,5.08581,1.38066,7.02175,14.08000,20.52622,5.05345,1.40190,7.08443,14.24000,20.21221,0.00000,0.00000,0.00000,0.00000,0.00000,0.00000,0.00000,0.00000,0.00000,0.00000,14.10618,40.73843
77-1,1783318229.697059,2026-07-06T13:10:29.697059,5.08462,1.40239,7.13060,14.30000,21.24012,5.04945,1.40190,7.07882,14.25000,20.92093,0.00000,0.00000,0.00000,0.00000,0.00000,0.00000,0.00000,0.00000,0.00000,0.00000,14.20942,42.16105
77-1,1783318229.797178,2026-07-06T13:10:29.797178,5.08793,1.41508,7.19984,14.43000,21.96096,5.04639,1.38115,6.96980,14.04000,21.61873,0.00000,0.00000,0.00000,0.00000,0.00000,0.00000,0.00000,0.00000,0.00000,0.00000,14.16964,43.57969
77-1,1783318229.897296,2026-07-06T13:10:29.897296,5.08393,1.41508,7.19418,14.43000,22.68123,5.04648,1.37919,6.96007,14.02000,22.31556,0.00000,0.00000,0.00000,0.00000,0.00000,0.00000,0.00000,0.00000,0.00000,0.00000,14.15425,44.99679
77-1,1783318229.997413,2026-07-06T13:10:29.997413,5.08787,1.41606,7.20473,14.44000,23.40255,5.04675,1.37333,6.93086,13.96000,23.00946,0.00000,0.00000,0.00000,0.00000,0.00000,0.00000,0.00000,0.00000,0.00000,0.00000,14.13559,46.41201
77-1,1783318230.097531,2026-07-06T13:10:30.097531,5.08777,1.41801,7.21452,14.46000,24.12485,5.05075,1.37333,6.93636,13.96000,23.70392,0.00000,0.00000,0.00000,0.00000,0.00000,0.00000,0.00000,0.00000,0.00000,0.00000,14.15088,47.82877
77-1,1783318230.197650,2026-07-06T13:10:30.197650,5.08970,1.38261,7.03707,14.10000,24.82939,5.05022,1.29667,6.54847,13.18000,24.35954,0.00000,0.00000,0.00000,0.00000,0.00000,0.00000,0.00000,0.00000,0.00000,0.00000,13.58554,49.18894
77-1,1783318230.297768,2026-07-06T13:10:30.297768,5.08515,1.39262,7.08169,14.20000,25.53840,5.04630,1.38310,6.97954,14.06000,25.05832,0.00000,0.00000,0.00000,0.00000,0.00000,0.00000,0.00000,0.00000,0.00000,0.00000,14.06123,50.59672
77-1,1783318230.397888,2026-07-06T13:10:30.397888,5.08515,1.39262,7.08169,14.20000,26.24741,5.04630,1.38310,6.97954,14.06000,25.75711,0.00000,0.00000,0.00000,0.00000,0.00000,0.00000,0.00000,0.00000,0.00000,0.00000,14.06123,52.00452
77-1,1783318230.498004,2026-07-06T13:10:30.498004,5.08910,1.39360,7.09215,14.21000,26.95745,5.04630,1.38310,6.97954,14.06000,26.45587,0.00000,0.00000,0.00000,0.00000,0.00000,0.00000,0.00000,0.00000,0.00000,0.00000,14.07169,53.41332
77-1,1783318230.598122,2026-07-06T13:10:30.598122,5.08931,1.38969,7.07257,14.17000,27.66554,5.05470,1.37431,6.94672,13.97000,27.15137,0.00000,0.00000,0.00000,0.00000,0.00000,0.00000,0.00000,0.00000,0.00000,0.00000,14.01929,54.81691
77-1,1783318230.698240,2026-07-06T13:10:30.698240,5.08499,1.39555,7.09636,14.23000,28.37602,5.05413,1.38701,7.01010,14.10000,27.85321,0.00000,0.00000,0.00000,0.00000,0.00000,0.00000,0.00000,0.00000,0.00000,0.00000,14.10646,56.22923
77-1,1783318230.798359,2026-07-06T13:10:30.798359,5.07299,1.39555,7.07962,14.23000,29.08482,5.04972,1.39604,7.04960,14.19000,28.55900,0.00000,0.00000,0.00000,0.00000,0.00000,0.00000,0.00000,0.00000,0.00000,0.00000,14.12922,57.64383
77-1,1783318230.898477,2026-07-06T13:10:30.898477,5.08889,1.39750,7.11174,14.25000,29.79683,5.05372,1.39604,7.05519,14.19000,29.26535,0.00000,0.00000,0.00000,0.00000,0.00000,0.00000,0.00000,0.00000,0.00000,0.00000,14.16693,59.06218
77-1,1783318230.998594,2026-07-06T13:10:30.998594,5.08905,1.39457,7.09705,14.22000,30.50737,5.04945,1.40190,7.07882,14.25000,29.97406,0.00000,0.00000,0.00000,0.00000,0.00000,0.00000,0.00000,0.00000,0.00000,0.00000,14.17587,60.48143
77-1,1783318231.098712,2026-07-06T13:10:31.098712,5.08489,1.39750,7.10615,14.25000,31.21883,5.04936,1.40385,7.08856,14.27000,30.68376,0.00000,0.00000,0.00000,0.00000,0.00000,0.00000,0.00000,0.00000,0.00000,0.00000,14.19471,61.90258
77-1,1783318231.198831,2026-07-06T13:10:31.198831,5.06889,1.39750,7.08379,14.25000,31.92804,5.04545,1.40190,7.07321,14.25000,31.39192,0.00000,0.00000,0.00000,0.00000,0.00000,0.00000,0.00000,0.00000,0.00000,0.00000,14.15700,63.31996
77-1,1783318231.298899,2026-07-06T13:10:31.298899,5.08761,1.42094,7.22919,14.49000,32.65146,5.05345,1.40190,7.08443,14.25000,32.10084,0.00000,0.00000,0.00000,0.00000,0.00000,0.00000,0.00000,0.00000,0.00000,0.00000,14.31362,64.75230
77-1,1783318231.398966,2026-07-06T13:10:31.398966,5.07945,1.42387,7.23248,14.52000,33.37519,5.05345,1.40190,7.08443,14.25000,32.80976,0.00000,0.00000,0.00000,0.00000,0.00000,0.00000,0.00000,0.00000,0.00000,0.00000,14.31691,66.18495
77-1,1783318231.499033,2026-07-06T13:10:31.499033,5.07977,1.41801,7.20317,14.46000,34.09599,5.05372,1.39604,7.05519,14.19000,33.51575,0.00000,0.00000,0.00000,0.00000,0.00000,0.00000,0.00000,0.00000,0.00000,0.00000,14.25836,67.61174
77-1,1783318231.599100,2026-07-06T13:10:31.599100,5.08750,1.42289,7.23898,14.51000,34.82037,5.05008,1.38798,7.00942,14.11000,34.21716,0.00000,0.00000,0.00000,0.00000,0.00000,0.00000,0.00000,0.00000,0.00000,0.00000,14.24840,69.03754
77-1,1783318231.699166,2026-07-06T13:10:31.699166,5.07950,1.42289,7.22760,14.51000,35.54361,5.05008,1.38798,7.00942,14.11000,34.91857,0.00000,0.00000,0.00000,0.00000,0.00000,0.00000,0.00000,0.00000,0.00000,0.00000,14.23702,70.46218
77-1,1783318231.799283,2026-07-06T13:10:31.799283,5.08057,1.40336,7.12988,14.31000,36.25743,5.05048,1.37919,6.96558,14.02000,35.61594,0.00000,0.00000,0.00000,0.00000,0.00000,0.00000,0.00000,0.00000,0.00000,0.00000,14.09546,71.87337
77-1,1783318231.899401,2026-07-06T13:10:31.899401,5.08083,1.39848,7.10544,14.26000,36.96882,5.05039,1.38115,6.97533,14.04000,36.31430,0.00000,0.00000,0.00000,0.00000,0.00000,0.00000,0.00000,0.00000,0.00000,0.00000,14.08077,73.28312
77-1,1783318231.999521,2026-07-06T13:10:31.999521,5.08035,1.40727,7.14943,14.35000,37.68462,5.05017,1.38603,6.99968,14.09000,37.01511,0.00000,0.00000,0.00000,0.00000,0.00000,0.00000,0.00000,0.00000,0.00000,0.00000,14.14911,74.69973
77-1,1783318232.099588,2026-07-06T13:10:32.099588,5.08435,1.40727,7.15506,14.35000,38.40060,5.05417,1.38603,7.00523,14.09000,37.71610,0.00000,0.00000,0.00000,0.00000,0.00000,0.00000,0.00000,0.00000,0.00000,0.00000,14.16029,76.11670
77-1,1783318232.199706,2026-07-06T13:10:32.199706,5.08750,1.42289,7.23898,14.51000,39.12535,5.04621,1.38505,6.98927,14.08000,38.41585,0.00000,0.00000,0.00000,0.00000,0.00000,0.00000,0.00000,0.00000,0.00000,0.00000,14.22825,77.54120
77-1,1783318232.299825,2026-07-06T13:10:32.299825,5.08755,1.42192,7.23409,14.50000,39.84962,5.04519,1.40776,7.10240,14.31000,39.12693,0.00000,0.00000,0.00000,0.00000,0.00000,0.00000,0.00000,0.00000,0.00000,0.00000,14.33649,78.97655
77-1,1783318232.399943,2026-07-06T13:10:32.399943,5.08478,1.39946,7.11593,14.27000,40.56206,5.05310,1.40971,7.12341,14.33000,39.84012,0.00000,0.00000,0.00000,0.00000,0.00000,0.00000,0.00000,0.00000,0.00000,0.00000,14.23934,80.40217
78-1,1783318232.500032,2026-07-06T13:10:32.500032,5.08478,1.39946,7.11593,14.27000,0.71223,5.04910,1.40971,7.11777,14.33000,0.71241,0.00000,0.00000,0.00000,0.00000,0.00000,0.00000,0.00000,0.00000,0.00000,0.00000,14.23370,1.42464
78-1,1783318232.600150,2026-07-06T13:10:32.600150,5.08067,1.40141,7.12011,14.29000,1.42508,5.04581,1.39409,7.03428,14.17000,1.41667,0.00000,0.00000,0.00000,0.00000,0.00000,0.00000,0.00000,0.00000,0.00000,0.00000,14.15439,2.84175
78-1,1783318232.700269,2026-07-06T13:10:32.700269,5.09571,1.12577,5.73658,11.48000,1.99942,5.06095,1.05960,5.36260,10.77000,1.95357,0.00000,0.00000,0.00000,0.00000,0.00000,0.00000,0.00000,0.00000,0.00000,0.00000,11.09918,3.95299
78-1,1783318232.800387,2026-07-06T13:10:32.800387,5.06559,1.38456,7.01364,14.12000,2.70161,5.05075,1.37333,6.93636,13.96000,2.64802,0.00000,0.00000,0.00000,0.00000,0.00000,0.00000,0.00000,0.00000,0.00000,0.00000,13.95000,5.34964
78-1,1783318232.900506,2026-07-06T13:10:32.900506,5.08559,1.38456,7.04133,14.12000,3.40658,5.04275,1.37333,6.92537,13.96000,3.34138,0.00000,0.00000,0.00000,0.00000,0.00000,0.00000,0.00000,0.00000,0.00000,0.00000,13.96670,6.74796
78-1,1783318233.000625,2026-07-06T13:10:33.000625,5.08159,1.38456,7.03579,14.12000,4.11100,5.05106,1.36650,6.90225,13.89000,4.03243,0.00000,0.00000,0.00000,0.00000,0.00000,0.00000,0.00000,0.00000,0.00000,0.00000,13.93804,8.14343
78-1,1783318233.100744,2026-07-06T13:10:33.100744,5.08126,1.39067,7.06634,14.18000,4.81847,5.05070,1.37431,6.94123,13.97000,4.72738,0.00000,0.00000,0.00000,0.00000,0.00000,0.00000,0.00000,0.00000,0.00000,0.00000,14.00757,9.54585
78-1,1783318233.200863,2026-07-06T13:10:33.200863,5.08159,1.38456,7.03579,14.12000,5.52289,5.04697,1.36845,6.90652,13.91000,5.41885,0.00000,0.00000,0.00000,0.00000,0.00000,0.00000,0.00000,0.00000,0.00000,0.00000,13.94231,10.94174
78-1,1783318233.300979,2026-07-06T13:10:33.300979,5.08451,1.40434,7.14038,14.32000,6.23776,5.04697,1.36845,6.90652,13.91000,6.11031,0.00000,0.00000,0.00000,0.00000,0.00000,0.00000,0.00000,0.00000,0.00000,0.00000,14.04690,12.34807
78-1,1783318233.401098,2026-07-06T13:10:33.401098,5.08051,1.40434,7.13477,14.32000,6.95208,5.05404,1.38896,7.01985,14.12000,6.81312,0.00000,0.00000,0.00000,0.00000,0.00000,0.00000,0.00000,0.00000,0.00000,0.00000,14.15462,13.76520
78-1,1783318233.501216,2026-07-06T13:10:33.501216,5.08149,1.38652,7.04557,14.14000,7.65747,5.05475,1.37333,6.94185,13.96000,7.50813,0.00000,0.00000,0.00000,0.00000,0.00000,0.00000,0.00000,0.00000,0.00000,0.00000,13.98742,15.16560
78-1,1783318233.601334,2026-07-06T13:10:33.601334,5.08170,1.38261,7.02601,14.10000,8.36090,5.05372,1.39604,7.05519,14.19000,8.21448,0.00000,0.00000,0.00000,0.00000,0.00000,0.00000,0.00000,0.00000,0.00000,0.00000,14.08120,16.57539
78-1,1783318233.701451,2026-07-06T13:10:33.701451,5.08067,1.40141,7.12011,14.29000,9.07374,5.05372,1.39604,7.05519,14.19000,8.92083,0.00000,0.00000,0.00000,0.00000,0.00000,0.00000,0.00000,0.00000,0.00000,0.00000,14.17530,17.99457
78-1,1783318233.801570,2026-07-06T13:10:33.801570,5.08467,1.40141,7.12571,14.29000,9.78716,5.04261,1.37626,6.93996,13.99000,9.61565,0.00000,0.00000,0.00000,0.00000,0.00000,0.00000,0.00000,0.00000,0.00000,0.00000,14.06567,19.40281
78-1,1783318233.901687,2026-07-06T13:10:33.901687,5.08846,1.40532,7.15090,14.33000,10.50309,5.04306,1.36650,6.89132,13.89000,10.30559,0.00000,0.00000,0.00000,0.00000,0.00000,0.00000,0.00000,0.00000,0.00000,0.00000,14.04222,20.80868
78-1,1783318234.001806,2026-07-06T13:10:34.001806,5.08931,1.38969,7.07257,14.17000,11.21119,5.04999,1.38993,7.01916,14.13000,11.00834,0.00000,0.00000,0.00000,0.00000,0.00000,0.00000,0.00000,0.00000,0.00000,0.00000,14.09173,22.21952
78-1,1783318234.101925,2026-07-06T13:10:34.101925,5.08196,1.37773,7.00156,14.05000,11.91217,5.04999,1.38993,7.01916,14.13000,11.71109,0.00000,0.00000,0.00000,0.00000,0.00000,0.00000,0.00000,0.00000,0.00000,0.00000,14.02072,23.62326
78-1,1783318234.202044,2026-07-06T13:10:34.202044,5.08596,1.37773,7.00707,14.05000,12.61371,5.04683,1.37138,6.92113,13.94000,12.40402,0.00000,0.00000,0.00000,0.00000,0.00000,0.00000,0.00000,0.00000,0.00000,0.00000,13.92820,25.01774
78-1,1783318234.302162,2026-07-06T13:10:34.302162,5.08814,1.41118,7.18026,14.39000,13.33259,5.04626,1.38408,6.98440,14.07000,13.10329,0.00000,0.00000,0.00000,0.00000,0.00000,0.00000,0.00000,0.00000,0.00000,0.00000,14.16466,26.43589
78-1,1783318234.402230,2026-07-06T13:10:34.402230,5.08409,1.41215,7.17951,14.40000,14.05103,5.04991,1.39189,7.02890,14.15000,13.80666,0.00000,0.00000,0.00000,0.00000,0.00000,0.00000,0.00000,0.00000,0.00000,0.00000,14.20841,27.85769
78-1,1783318234.502297,2026-07-06T13:10:34.502297,5.08537,1.38871,7.06212,14.16000,14.75772,5.04991,1.39189,7.02890,14.15000,14.51002,0.00000,0.00000,0.00000,0.00000,0.00000,0.00000,0.00000,0.00000,0.00000,0.00000,14.09102,29.26774
78-1,1783318234.602365,2026-07-06T13:10:34.602365,5.08131,1.38969,7.06145,14.17000,15.46434,5.04661,1.37626,6.94547,13.99000,15.20504,0.00000,0.00000,0.00000,0.00000,0.00000,0.00000,0.00000,0.00000,0.00000,0.00000,14.00692,30.66938
78-1,1783318234.702430,2026-07-06T13:10:34.702430,5.08531,1.38969,7.06701,14.17000,16.17150,5.04683,1.37138,6.92113,13.94000,15.89760,0.00000,0.00000,0.00000,0.00000,0.00000,0.00000,0.00000,0.00000,0.00000,0.00000,13.98814,32.06910
78-1,1783318234.802549,2026-07-06T13:10:34.802549,5.08543,1.38749,7.05600,14.15000,16.87794,5.04958,1.39897,7.06421,14.22000,16.60486,0.00000,0.00000,0.00000,0.00000,0.00000,0.00000,0.00000,0.00000,0.00000,0.00000,14.12021,33.48280
78-1,1783318234.902668,2026-07-06T13:10:34.902668,5.08403,1.41313,7.18440,14.41000,17.59723,5.04958,1.39897,7.06421,14.22000,17.31212,0.00000,0.00000,0.00000,0.00000,0.00000,0.00000,0.00000,0.00000,0.00000,0.00000,14.24861,34.90935
78-1,1783318235.002787,2026-07-06T13:10:35.002787,5.08371,1.41899,7.21373,14.47000,18.31946,5.05039,1.38115,6.97533,14.04000,18.01048,0.00000,0.00000,0.00000,0.00000,0.00000,0.00000,0.00000,0.00000,0.00000,0.00000,14.18906,36.32995
78-1,1783318235.102905,2026-07-06T13:10:35.102905,5.08371,1.41899,7.21373,14.47000,19.04169,5.05057,1.37724,6.95584,14.00000,18.70689,0.00000,0.00000,0.00000,0.00000,0.00000,0.00000,0.00000,0.00000,0.00000,0.00000,14.16957,37.74858
78-1,1783318235.203024,2026-07-06T13:10:35.203024,5.08393,1.41508,7.19418,14.43000,19.76196,5.05061,1.37626,6.95097,13.99000,19.40281,0.00000,0.00000,0.00000,0.00000,0.00000,0.00000,0.00000,0.00000,0.00000,0.00000,14.14515,39.16478
78-1,1783318235.303142,2026-07-06T13:10:35.303142,5.08510,1.39360,7.08658,14.21000,20.47146,5.05061,1.37626,6.95097,13.99000,20.09873,0.00000,0.00000,0.00000,0.00000,0.00000,0.00000,0.00000,0.00000,0.00000,0.00000,14.03755,40.57019
78-1,1783318235.403208,2026-07-06T13:10:35.403208,5.08531,1.38969,7.06701,14.17000,21.17863,5.04936,1.40385,7.08856,14.27000,20.80806,0.00000,0.00000,0.00000,0.00000,0.00000,0.00000,0.00000,0.00000,0.00000,0.00000,14.15557,41.98668
78-1,1783318235.503325,2026-07-06T13:10:35.503325,5.08531,1.38969,7.06701,14.17000,21.88615,5.04932,1.40483,7.09343,14.28000,21.51823,0.00000,0.00000,0.00000,0.00000,0.00000,0.00000,0.00000,0.00000,0.00000,0.00000,14.16044,43.40438
78-1,1783318235.603443,2026-07-06T13:10:35.603443,5.07699,1.39555,7.08520,14.23000,22.59551,5.05044,1.38017,6.97046,14.03000,22.21610,0.00000,0.00000,0.00000,0.00000,0.00000,0.00000,0.00000,0.00000,0.00000,0.00000,14.05566,44.81161
78-1,1783318235.703562,2026-07-06T13:10:35.703562,5.08515,1.39262,7.08169,14.20000,23.30452,5.04644,1.38017,6.96493,14.03000,22.91342,0.00000,0.00000,0.00000,0.00000,0.00000,0.00000,0.00000,0.00000,0.00000,0.00000,14.04662,46.21794
78-1,1783318235.803681,2026-07-06T13:10:35.803681,5.08531,1.38969,7.06701,14.17000,24.01207,5.04648,1.37919,6.96007,14.02000,23.61026,0.00000,0.00000,0.00000,0.00000,0.00000,0.00000,0.00000,0.00000,0.00000,0.00000,14.02708,47.62232
78-1,1783318235.903800,2026-07-06T13:10:35.903800,5.08143,1.38749,7.05045,14.15000,24.71795,5.04661,1.37626,6.94547,13.99000,24.30563,0.00000,0.00000,0.00000,0.00000,0.00000,0.00000,0.00000,0.00000,0.00000,0.00000,13.99592,49.02357
79-1,1783318236.003938,2026-07-06T13:10:36.003938,5.08143,1.38749,7.05045,14.15000,0.70602,5.04938,1.31523,6.64107,13.37000,0.66503,0.00000,0.00000,0.00000,0.00000,0.00000,0.00000,0.00000,0.00000,0.00000,0.00000,13.69152,1.37105
79-1,1783318236.104053,2026-07-06T13:10:36.104053,5.08559,1.38456,7.04133,14.12000,1.41096,5.04938,1.31523,6.64107,13.37000,1.32990,0.00000,0.00000,0.00000,0.00000,0.00000,0.00000,0.00000,0.00000,0.00000,0.00000,13.68240,2.74086
79-1,1783318236.204167,2026-07-06T13:10:36.204167,5.07729,1.53667,7.80212,15.67000,2.19207,5.05817,1.38603,7.01077,14.09000,2.03177,0.00000,0.00000,0.00000,0.00000,0.00000,0.00000,0.00000,0.00000,0.00000,0.00000,14.81289,4.22384
79-1,1783318236.304283,2026-07-06T13:10:36.304283,5.08975,1.38163,7.03217,14.09000,2.89610,5.07158,1.08988,5.52740,11.08000,2.58515,0.00000,0.00000,0.00000,0.00000,0.00000,0.00000,0.00000,0.00000,0.00000,0.00000,12.55957,5.48125
79-1,1783318236.404398,2026-07-06T13:10:36.404398,5.08575,1.38163,7.02665,14.09000,3.59957,5.04683,1.37138,6.92113,13.94000,3.27806,0.00000,0.00000,0.00000,0.00000,0.00000,0.00000,0.00000,0.00000,0.00000,0.00000,13.94778,6.87764
79-1,1783318236.504514,2026-07-06T13:10:36.504514,5.08549,1.38652,7.05111,14.14000,4.30550,5.05083,1.37138,6.92661,13.94000,3.97153,0.00000,0.00000,0.00000,0.00000,0.00000,0.00000,0.00000,0.00000,0.00000,0.00000,13.97772,8.27703
79-1,1783318236.604632,2026-07-06T13:10:36.604632,5.08570,1.38261,7.03154,14.10000,5.00949,5.04958,1.39897,7.06421,14.22000,4.67878,0.00000,0.00000,0.00000,0.00000,0.00000,0.00000,0.00000,0.00000,0.00000,0.00000,14.09575,9.68827
79-1,1783318236.704750,2026-07-06T13:10:36.704750,5.08014,1.41118,7.16897,14.39000,5.72723,5.05075,1.37333,6.93636,13.96000,5.37324,0.00000,0.00000,0.00000,0.00000,0.00000,0.00000,0.00000,0.00000,0.00000,0.00000,14.10533,11.10047
79-1,1783318236.804868,2026-07-06T13:10:36.804868,5.08014,1.41118,7.16897,14.39000,6.44497,5.05391,1.39189,7.03447,14.15000,6.07751,0.00000,0.00000,0.00000,0.00000,0.00000,0.00000,0.00000,0.00000,0.00000,0.00000,14.20344,12.52248
79-1,1783318236.904985,2026-07-06T13:10:36.904985,5.07765,1.38359,7.02536,14.11000,7.14833,5.05391,1.39189,7.03447,14.15000,6.78179,0.00000,0.00000,0.00000,0.00000,0.00000,0.00000,0.00000,0.00000,0.00000,0.00000,14.05983,13.93012
79-1,1783318237.005102,2026-07-06T13:10:37.005102,5.07791,1.37870,7.00094,14.06000,7.84924,5.05070,1.37431,6.94123,13.97000,7.47672,0.00000,0.00000,0.00000,0.00000,0.00000,0.00000,0.00000,0.00000,0.00000,0.00000,13.94217,15.32596
79-1,1783318237.105220,2026-07-06T13:10:37.105220,5.08051,1.40434,7.13477,14.32000,8.56356,5.05110,1.36552,6.89738,13.88000,8.16727,0.00000,0.00000,0.00000,0.00000,0.00000,0.00000,0.00000,0.00000,0.00000,0.00000,14.03215,16.73083
79-1,1783318237.205336,2026-07-06T13:10:37.205336,5.08154,1.38554,7.04068,14.13000,9.26844,5.04999,1.38993,7.01916,14.13000,8.87000,0.00000,0.00000,0.00000,0.00000,0.00000,0.00000,0.00000,0.00000,0.00000,0.00000,14.05984,18.13844
79-1,1783318237.305454,2026-07-06T13:10:37.305454,5.08154,1.38554,7.04068,14.13000,9.97334,5.04999,1.38993,7.01916,14.13000,9.57274,0.00000,0.00000,0.00000,0.00000,0.00000,0.00000,0.00000,0.00000,0.00000,0.00000,14.05984,19.54608
79-1,1783318237.405571,2026-07-06T13:10:37.405571,5.08559,1.38456,7.04133,14.12000,10.67830,5.05079,1.37236,6.93148,13.95000,10.26671,0.00000,0.00000,0.00000,0.00000,0.00000,0.00000,0.00000,0.00000,0.00000,0.00000,13.97281,20.94501
79-1,1783318237.505691,2026-07-06T13:10:37.505691,5.08581,1.38066,7.02175,14.08000,11.38132,5.04999,1.38993,7.01916,14.13000,10.96947,0.00000,0.00000,0.00000,0.00000,0.00000,0.00000,0.00000,0.00000,0.00000,0.00000,14.04091,22.35079
79-1,1783318237.605809,2026-07-06T13:10:37.605809,5.08403,1.41313,7.18440,14.41000,12.10061,5.05044,1.38017,6.97046,14.03000,11.66733,0.00000,0.00000,0.00000,0.00000,0.00000,0.00000,0.00000,0.00000,0.00000,0.00000,14.15486,23.76794
79-1,1783318237.705927,2026-07-06T13:10:37.705927,5.08803,1.41313,7.19005,14.41000,12.82046,5.05061,1.37626,6.95097,13.99000,12.36325,0.00000,0.00000,0.00000,0.00000,0.00000,0.00000,0.00000,0.00000,0.00000,0.00000,14.14102,25.18371
79-1,1783318237.806046,2026-07-06T13:10:37.806046,5.08499,1.39555,7.09636,14.23000,13.53094,5.05061,1.37626,6.95097,13.99000,13.05917,0.00000,0.00000,0.00000,0.00000,0.00000,0.00000,0.00000,0.00000,0.00000,0.00000,14.04733,26.59011
79-1,1783318237.906164,2026-07-06T13:10:37.906164,5.08521,1.39164,7.07680,14.19000,14.23945,5.04576,1.39506,7.03915,14.18000,13.76392,0.00000,0.00000,0.00000,0.00000,0.00000,0.00000,0.00000,0.00000,0.00000,0.00000,14.11595,28.00337
79-1,1783318238.006282,2026-07-06T13:10:38.006282,5.08549,1.38652,7.05111,14.14000,14.94539,5.04604,1.38896,7.00874,14.12000,14.46562,0.00000,0.00000,0.00000,0.00000,0.00000,0.00000,0.00000,0.00000,0.00000,0.00000,14.05985,29.41101
79-1,1783318238.106400,2026-07-06T13:10:38.106400,5.08949,1.38652,7.05666,14.14000,15.65190,5.04657,1.37724,6.95033,14.00000,15.16147,0.00000,0.00000,0.00000,0.00000,0.00000,0.00000,0.00000,0.00000,0.00000,0.00000,14.00699,30.81337
79-1,1783318238.206518,2026-07-06T13:10:38.206518,5.08419,1.41020,7.16973,14.38000,16.36972,5.04657,1.37724,6.95033,14.00000,15.85733,0.00000,0.00000,0.00000,0.00000,0.00000,0.00000,0.00000,0.00000,0.00000,0.00000,14.12006,32.22704
79-1,1783318238.306637,2026-07-06T13:10:38.306637,5.08387,1.41606,7.19906,14.44000,17.09047,5.05466,1.37529,6.95160,13.98000,16.55331,0.00000,0.00000,0.00000,0.00000,0.00000,0.00000,0.00000,0.00000,0.00000,0.00000,14.15066,33.64379
79-1,1783318238.406754,2026-07-06T13:10:38.406754,5.08014,1.41118,7.16897,14.39000,17.80822,5.05354,1.39995,7.07468,14.23000,17.26161,0.00000,0.00000,0.00000,0.00000,0.00000,0.00000,0.00000,0.00000,0.00000,0.00000,14.24365,35.06983
79-1,1783318238.506872,2026-07-06T13:10:38.506872,5.08083,1.39848,7.10544,14.26000,18.51960,5.05035,1.38212,6.98020,14.05000,17.96045,0.00000,0.00000,0.00000,0.00000,0.00000,0.00000,0.00000,0.00000,0.00000,0.00000,14.08564,36.48005
79-1,1783318238.606990,2026-07-06T13:10:38.606990,5.08083,1.39848,7.10544,14.26000,19.23098,5.04635,1.38212,6.97467,14.05000,18.65875,0.00000,0.00000,0.00000,0.00000,0.00000,0.00000,0.00000,0.00000,0.00000,0.00000,14.08011,37.88973
79-1,1783318238.707108,2026-07-06T13:10:38.707108,5.08110,1.39360,7.08101,14.21000,19.93991,5.05048,1.37919,6.96558,14.02000,19.35612,0.00000,0.00000,0.00000,0.00000,0.00000,0.00000,0.00000,0.00000,0.00000,0.00000,14.04659,39.29604
79-1,1783318238.807224,2026-07-06T13:10:38.807224,5.08121,1.39164,7.07123,14.19000,20.64786,5.05079,1.37236,6.93148,13.95000,20.05007,0.00000,0.00000,0.00000,0.00000,0.00000,0.00000,0.00000,0.00000,0.00000,0.00000,14.00271,40.69793
79-1,1783318238.907344,2026-07-06T13:10:38.907344,5.08159,1.38456,7.03579,14.12000,21.35228,5.04963,1.39799,7.05934,14.21000,20.75686,0.00000,0.00000,0.00000,0.00000,0.00000,0.00000,0.00000,0.00000,0.00000,0.00000,14.09513,42.10914
80-1,1783318239.007483,2026-07-06T13:10:39.007483,5.08159,1.38456,7.03579,14.12000,0.70456,5.05363,1.39799,7.06493,14.21000,0.70748,0.00000,0.00000,0.00000,0.00000,0.00000,0.00000,0.00000,0.00000,0.00000,0.00000,14.10072,1.41204
80-1,1783318239.107598,2026-07-06T13:10:39.107598,5.09051,1.29447,6.58952,13.20000,1.36427,5.05635,1.33793,6.76505,13.60000,1.38476,0.00000,0.00000,0.00000,0.00000,0.00000,0.00000,0.00000,0.00000,0.00000,0.00000,13.35457,2.74903
80-1,1783318239.207715,2026-07-06T13:10:39.207715,5.07825,1.51909,7.71432,15.49000,2.13660,5.05220,1.42949,7.22206,14.53000,2.10781,0.00000,0.00000,0.00000,0.00000,0.00000,0.00000,0.00000,0.00000,0.00000,0.00000,14.93638,4.24440
80-1,1783318239.307831,2026-07-06T13:10:39.307831,5.08196,1.37773,7.00156,14.05000,2.83757,5.04176,1.39506,7.03357,14.18000,2.81198,0.00000,0.00000,0.00000,0.00000,0.00000,0.00000,0.00000,0.00000,0.00000,0.00000,14.03513,5.64954
80-1,1783318239.407948,2026-07-06T13:10:39.407948,5.08996,1.37773,7.01259,14.05000,3.53965,5.05376,1.39506,7.05031,14.18000,3.51784,0.00000,0.00000,0.00000,0.00000,0.00000,0.00000,0.00000,0.00000,0.00000,0.00000,14.06290,7.05749
80-1,1783318239.508064,2026-07-06T13:10:39.508064,5.08883,1.39848,7.11663,14.26000,4.25214,5.05083,1.37138,6.92661,13.94000,4.21130,0.00000,0.00000,0.00000,0.00000,0.00000,0.00000,0.00000,0.00000,0.00000,0.00000,14.04324,8.46344
80-1,1783318239.608182,2026-07-06T13:10:39.608182,5.08970,1.38261,7.03707,14.10000,4.95668,5.04972,1.39604,7.04960,14.19000,4.91710,0.00000,0.00000,0.00000,0.00000,0.00000,0.00000,0.00000,0.00000,0.00000,0.00000,14.08667,9.87377
80-1,1783318239.708301,2026-07-06T13:10:39.708301,5.07823,1.37284,6.97162,14.00000,5.65467,5.05106,1.36650,6.90225,13.89000,5.60814,0.00000,0.00000,0.00000,0.00000,0.00000,0.00000,0.00000,0.00000,0.00000,0.00000,13.87387,11.26281
80-1,1783318239.808417,2026-07-06T13:10:39.808417,5.08623,1.37284,6.98261,14.00000,6.35374,5.05506,1.36650,6.90772,13.89000,6.29972,0.00000,0.00000,0.00000,0.00000,0.00000,0.00000,0.00000,0.00000,0.00000,0.00000,13.89033,12.65345
80-1,1783318239.908533,2026-07-06T13:10:39.908533,5.07614,1.41118,7.16333,14.39000,7.07090,5.05372,1.39604,7.05519,14.19000,7.00605,0.00000,0.00000,0.00000,0.00000,0.00000,0.00000,0.00000,0.00000,0.00000,0.00000,14.21852,14.07695
80-1,1783318240.008651,2026-07-06T13:10:40.008651,5.07754,1.38554,7.03513,14.13000,7.77525,5.05475,1.37333,6.94185,13.96000,7.70106,0.00000,0.00000,0.00000,0.00000,0.00000,0.00000,0.00000,0.00000,0.00000,0.00000,13.97698,15.47630
80-1,1783318240.108769,2026-07-06T13:10:40.108769,5.07781,1.38066,7.01071,14.08000,8.47714,5.05444,1.38017,6.97598,14.03000,8.39948,0.00000,0.00000,0.00000,0.00000,0.00000,0.00000,0.00000,0.00000,0.00000,0.00000,13.98669,16.87662
80-1,1783318240.208888,2026-07-06T13:10:40.208888,5.08046,1.40532,7.13965,14.33000,9.19195,5.05044,1.38017,6.97046,14.03000,9.09735,0.00000,0.00000,0.00000,0.00000,0.00000,0.00000,0.00000,0.00000,0.00000,0.00000,14.11011,18.28930
80-1,1783318240.308955,2026-07-06T13:10:40.308955,5.08046,1.40532,7.13965,14.33000,9.90640,5.04692,1.36943,6.91139,13.92000,9.78895,0.00000,0.00000,0.00000,0.00000,0.00000,0.00000,0.00000,0.00000,0.00000,0.00000,14.05104,19.69535
80-1,1783318240.409020,2026-07-06T13:10:40.409020,5.08131,1.38969,7.06145,14.17000,10.61301,5.04670,1.37431,6.93573,13.97000,10.48298,0.00000,0.00000,0.00000,0.00000,0.00000,0.00000,0.00000,0.00000,0.00000,0.00000,13.99718,21.09599
80-1,1783318240.509139,2026-07-06T13:10:40.509139,5.08126,1.39067,7.06634,14.18000,11.32048,5.05336,1.40385,7.09417,14.27000,11.19324,0.00000,0.00000,0.00000,0.00000,0.00000,0.00000,0.00000,0.00000,0.00000,0.00000,14.16051,22.51372
80-1,1783318240.609258,2026-07-06T13:10:40.609258,5.08462,1.40239,7.13060,14.30000,12.03438,5.05336,1.40385,7.09417,14.27000,11.90350,0.00000,0.00000,0.00000,0.00000,0.00000,0.00000,0.00000,0.00000,0.00000,0.00000,14.22477,23.93788
80-1,1783318240.709376,2026-07-06T13:10:40.709376,5.08862,1.40239,7.13621,14.30000,12.74885,5.04652,1.37822,6.95520,14.01000,12.59984,0.00000,0.00000,0.00000,0.00000,0.00000,0.00000,0.00000,0.00000,0.00000,0.00000,14.09141,25.34869
80-1,1783318240.809494,2026-07-06T13:10:40.809494,5.08371,1.41899,7.21373,14.47000,13.47108,5.04648,1.37919,6.96007,14.02000,13.29667,0.00000,0.00000,0.00000,0.00000,0.00000,0.00000,0.00000,0.00000,0.00000,0.00000,14.17380,26.76775
80-1,1783318240.909611,2026-07-06T13:10:40.909611,5.08537,1.38871,7.06212,14.16000,14.17811,5.04981,1.39409,7.03986,14.17000,14.00148,0.00000,0.00000,0.00000,0.00000,0.00000,0.00000,0.00000,0.00000,0.00000,0.00000,14.10198,28.17959
80-1,1783318241.009730,2026-07-06T13:10:41.009730,5.08549,1.38652,7.05111,14.14000,14.88406,5.04981,1.39409,7.03986,14.17000,14.70630,0.00000,0.00000,0.00000,0.00000,0.00000,0.00000,0.00000,0.00000,0.00000,0.00000,14.09097,29.59036
80-1,1783318241.109796,2026-07-06T13:10:41.109796,5.08549,1.38652,7.05111,14.14000,15.58964,5.05057,1.37724,6.95584,14.00000,15.40235,0.00000,0.00000,0.00000,0.00000,0.00000,0.00000,0.00000,0.00000,0.00000,0.00000,14.00695,30.99199
80-1,1783318241.209862,2026-07-06T13:10:41.209862,5.08073,1.40043,7.11522,14.28000,16.30163,5.05092,1.36943,6.91687,13.92000,16.09449,0.00000,0.00000,0.00000,0.00000,0.00000,0.00000,0.00000,0.00000,0.00000,0.00000,14.03209,32.39613
80-1,1783318241.309980,2026-07-06T13:10:41.309980,5.08387,1.41606,7.19906,14.44000,17.02239,5.04928,1.40580,7.09829,14.29000,16.80516,0.00000,0.00000,0.00000,0.00000,0.00000,0.00000,0.00000,0.00000,0.00000,0.00000,14.29735,33.82755
80-1,1783318241.410099,2026-07-06T13:10:41.410099,5.08403,1.41313,7.18440,14.41000,17.74168,5.05328,1.40580,7.10392,14.29000,17.51639,0.00000,0.00000,0.00000,0.00000,0.00000,0.00000,0.00000,0.00000,0.00000,0.00000,14.28832,35.25807
80-1,1783318241.510217,2026-07-06T13:10:41.510217,5.08126,1.39067,7.06634,14.18000,18.44915,5.05061,1.37626,6.95097,13.99000,18.21231,0.00000,0.00000,0.00000,0.00000,0.00000,0.00000,0.00000,0.00000,0.00000,0.00000,14.01731,36.66146
81-1,1783318241.610305,2026-07-06T13:10:41.610305,5.07726,1.39067,7.06078,14.18000,0.70670,5.05275,1.32914,6.71582,13.51000,0.67217,0.00000,0.00000,0.00000,0.00000,0.00000,0.00000,0.00000,0.00000,0.00000,0.00000,13.77660,1.37886
81-1,1783318241.710421,2026-07-06T13:10:41.710421,5.08094,1.39653,7.09567,14.24000,1.41709,5.04811,1.43144,7.22607,14.55000,1.39562,0.00000,0.00000,0.00000,0.00000,0.00000,0.00000,0.00000,0.00000,0.00000,0.00000,14.32174,2.81271
81-1,1783318241.810540,2026-07-06T13:10:41.810540,5.09715,1.09940,5.60380,11.21000,1.97813,5.06411,1.43144,7.24898,14.55000,2.12138,0.00000,0.00000,0.00000,0.00000,0.00000,0.00000,0.00000,0.00000,0.00000,0.00000,12.85278,4.09951
81-1,1783318241.910655,2026-07-06T13:10:41.910655,5.06430,1.40825,7.13178,14.36000,2.69214,5.04751,1.26811,6.40077,12.89000,2.76219,0.00000,0.00000,0.00000,0.00000,0.00000,0.00000,0.00000,0.00000,0.00000,0.00000,13.53255,5.45433
81-1,1783318242.010774,2026-07-06T13:10:42.010774,5.08430,1.40825,7.15995,14.36000,3.40898,5.04310,1.36552,6.88645,13.88000,3.45165,0.00000,0.00000,0.00000,0.00000,0.00000,0.00000,0.00000,0.00000,0.00000,0.00000,14.04640,6.86063
81-1,1783318242.110892,2026-07-06T13:10:42.110892,5.08559,1.38456,7.04133,14.12000,4.11395,5.05070,1.37431,6.94123,13.97000,4.14660,0.00000,0.00000,0.00000,0.00000,0.00000,0.00000,0.00000,0.00000,0.00000,0.00000,13.98256,8.26055
81-1,1783318242.211011,2026-07-06T13:10:42.211011,5.08499,1.39555,7.09636,14.23000,4.82443,5.05070,1.37431,6.94123,13.97000,4.84155,0.00000,0.00000,0.00000,0.00000,0.00000,0.00000,0.00000,0.00000,0.00000,0.00000,14.03759,9.66597
81-1,1783318242.311131,2026-07-06T13:10:42.311131,5.08543,1.38749,7.05600,14.15000,5.53087,5.05514,1.36454,6.89796,13.87000,5.53217,0.00000,0.00000,0.00000,0.00000,0.00000,0.00000,0.00000,0.00000,0.00000,0.00000,13.95396,11.06304
81-1,1783318242.411248,2026-07-06T13:10:42.411248,5.08143,1.38749,7.05045,14.15000,6.23674,5.05466,1.37529,6.95160,13.98000,6.22814,0.00000,0.00000,0.00000,0.00000,0.00000,0.00000,0.00000,0.00000,0.00000,0.00000,14.00205,12.46488
81-1,1783318242.511366,2026-07-06T13:10:42.511366,5.08565,1.38359,7.03643,14.11000,6.94121,5.04679,1.37236,6.92599,13.95000,6.92156,0.00000,0.00000,0.00000,0.00000,0.00000,0.00000,0.00000,0.00000,0.00000,0.00000,13.96242,13.86277
81-1,1783318242.611484,2026-07-06T13:10:42.611484,5.08435,1.40727,7.15506,14.35000,7.65756,5.05479,1.37236,6.93697,13.95000,7.61607,0.00000,0.00000,0.00000,0.00000,0.00000,0.00000,0.00000,0.00000,0.00000,0.00000,14.09203,15.27364
81-1,1783318242.711602,2026-07-06T13:10:42.711602,5.08137,1.38871,7.05656,14.16000,8.36406,5.04954,1.39995,7.06908,14.23000,8.32382,0.00000,0.00000,0.00000,0.00000,0.00000,0.00000,0.00000,0.00000,0.00000,0.00000,14.12564,16.68788
81-1,1783318242.811718,2026-07-06T13:10:42.811718,5.07737,1.38871,7.05101,14.16000,9.06997,5.05066,1.37529,6.94610,13.98000,9.01923,0.00000,0.00000,0.00000,0.00000,0.00000,0.00000,0.00000,0.00000,0.00000,0.00000,13.99711,18.08920
81-1,1783318242.911836,2026-07-06T13:10:42.911836,5.08937,1.38871,7.06767,14.16000,9.77757,5.04999,1.38993,7.01916,14.13000,9.72198,0.00000,0.00000,0.00000,0.00000,0.00000,0.00000,0.00000,0.00000,0.00000,0.00000,14.08683,19.49955
81-1,1783318243.011954,2026-07-06T13:10:43.011954,5.08467,1.40141,7.12571,14.29000,10.49098,5.04599,1.38993,7.01360,14.13000,10.42416,0.00000,0.00000,0.00000,0.00000,0.00000,0.00000,0.00000,0.00000,0.00000,0.00000,14.13931,20.91515
81-1,1783318243.112092,2026-07-06T13:10:43.112092,5.08398,1.41411,7.18929,14.42000,11.21091,5.04661,1.37626,6.94547,13.99000,11.11967,0.00000,0.00000,0.00000,0.00000,0.00000,0.00000,0.00000,0.00000,0.00000,0.00000,14.13476,22.33058
81-1,1783318243.212189,2026-07-06T13:10:43.212189,5.07759,1.38456,7.03025,14.12000,11.91462,5.04679,1.37236,6.92599,13.95000,11.81294,0.00000,0.00000,0.00000,0.00000,0.00000,0.00000,0.00000,0.00000,0.00000,0.00000,13.95624,23.72756
81-1,1783318243.312307,2026-07-06T13:10:43.312307,5.07759,1.38456,7.03025,14.12000,12.61847,5.05358,1.39897,7.06981,14.22000,12.52076,0.00000,0.00000,0.00000,0.00000,0.00000,0.00000,0.00000,0.00000,0.00000,0.00000,14.10006,25.13923
81-1,1783318243.412427,2026-07-06T13:10:43.412427,5.08559,1.38456,7.04133,14.12000,13.32345,5.04558,1.39897,7.05861,14.22000,13.22746,0.00000,0.00000,0.00000,0.00000,0.00000,0.00000,0.00000,0.00000,0.00000,0.00000,14.09994,26.55091
81-1,1783318243.512546,2026-07-06T13:10:43.512546,5.08435,1.40727,7.15506,14.35000,14.03980,5.05066,1.37529,6.94610,13.98000,13.92290,0.00000,0.00000,0.00000,0.00000,0.00000,0.00000,0.00000,0.00000,0.00000,0.00000,14.10116,27.96271
81-1,1783318243.612665,2026-07-06T13:10:43.612665,5.08761,1.42094,7.22919,14.49000,14.76358,5.05070,1.37431,6.94123,13.97000,14.61785,0.00000,0.00000,0.00000,0.00000,0.00000,0.00000,0.00000,0.00000,0.00000,0.00000,14.17042,29.38143
81-1,1783318243.712784,2026-07-06T13:10:43.712784,5.07961,1.42094,7.21783,14.49000,15.48622,5.04963,1.39799,7.05934,14.21000,15.32462,0.00000,0.00000,0.00000,0.00000,0.00000,0.00000,0.00000,0.00000,0.00000,0.00000,14.27717,30.81084
81-1,1783318243.812902,2026-07-06T13:10:43.812902,5.08105,1.39457,7.08589,14.22000,16.19565,5.04963,1.39799,7.05934,14.21000,16.03139,0.00000,0.00000,0.00000,0.00000,0.00000,0.00000,0.00000,0.00000,0.00000,0.00000,14.14523,32.22704
81-1,1783318243.913019,2026-07-06T13:10:43.913019,5.08143,1.38749,7.05045,14.15000,16.90152,5.05021,1.38505,6.99481,14.08000,16.73169,0.00000,0.00000,0.00000,0.00000,0.00000,0.00000,0.00000,0.00000,0.00000,0.00000,14.04526,33.63321
81-1,1783318244.013138,2026-07-06T13:10:44.013138,5.08126,1.39067,7.06634,14.18000,17.60899,5.05061,1.37626,6.95097,13.99000,17.42761,0.00000,0.00000,0.00000,0.00000,0.00000,0.00000,0.00000,0.00000,0.00000,0.00000,14.01731,35.03660
81-1,1783318244.113255,2026-07-06T13:10:44.113255,5.08170,1.38261,7.02601,14.10000,18.31242,5.04679,1.37236,6.92599,13.95000,18.12103,0.00000,0.00000,0.00000,0.00000,0.00000,0.00000,0.00000,0.00000,0.00000,0.00000,13.95200,36.43345
81-1,1783318244.213374,2026-07-06T13:10:44.213374,5.08570,1.38261,7.03154,14.10000,19.01641,5.05479,1.37236,6.93697,13.95000,18.81554,0.00000,0.00000,0.00000,0.00000,0.00000,0.00000,0.00000,0.00000,0.00000,0.00000,13.96851,37.83195
81-1,1783318244.313493,2026-07-06T13:10:44.313493,5.08467,1.40141,7.12571,14.29000,19.72983,5.04554,1.39995,7.06348,14.23000,19.52274,0.00000,0.00000,0.00000,0.00000,0.00000,0.00000,0.00000,0.00000,0.00000,0.00000,14.18919,39.25257
81-1,1783318244.413610,2026-07-06T13:10:44.413610,5.08355,1.42192,7.22840,14.50000,20.45351,5.04523,1.40678,7.09754,14.30000,20.23332,0.00000,0.00000,0.00000,0.00000,0.00000,0.00000,0.00000,0.00000,0.00000,0.00000,14.32594,40.68683
81-1,1783318244.513726,2026-07-06T13:10:44.513726,5.08377,1.41801,7.20884,14.46000,21.17523,5.05444,1.38017,6.97598,14.03000,20.93173,0.00000,0.00000,0.00000,0.00000,0.00000,0.00000,0.00000,0.00000,0.00000,0.00000,14.18482,42.10696
81-1,1783318244.613845,2026-07-06T13:10:44.613845,5.08377,1.41801,7.20884,14.46000,21.89697,5.04644,1.38017,6.96493,14.03000,21.62905,0.00000,0.00000,0.00000,0.00000,0.00000,0.00000,0.00000,0.00000,0.00000,0.00000,14.17377,43.52602
81-1,1783318244.713961,2026-07-06T13:10:44.713961,5.07982,1.41704,7.19829,14.45000,22.61764,5.04639,1.38115,6.96980,14.04000,22.32684,0.00000,0.00000,0.00000,0.00000,0.00000,0.00000,0.00000,0.00000,0.00000,0.00000,14.16809,44.94448
81-1,1783318244.814080,2026-07-06T13:10:44.814080,5.07966,1.41997,7.21294,14.48000,23.33979,5.04666,1.37529,6.94060,13.98000,23.02172,0.00000,0.00000,0.00000,0.00000,0.00000,0.00000,0.00000,0.00000,0.00000,0.00000,14.15354,46.36151
81-1,1783318244.914198,2026-07-06T13:10:44.914198,5.08334,1.42582,7.24795,14.54000,24.06544,5.04644,1.38017,6.96493,14.03000,23.71904,0.00000,0.00000,0.00000,0.00000,0.00000,0.00000,0.00000,0.00000,0.00000,0.00000,14.21288,47.78448
81-1,1783318245.014316,2026-07-06T13:10:45.014316,5.07934,1.42582,7.24225,14.54000,24.79052,5.05044,1.38017,6.97046,14.03000,24.41691,0.00000,0.00000,0.00000,0.00000,0.00000,0.00000,0.00000,0.00000,0.00000,0.00000,14.21271,49.20743
81-1,1783318245.114434,2026-07-06T13:10:45.114434,5.08350,1.42289,7.23329,14.51000,25.51471,5.05354,1.39995,7.07468,14.23000,25.12521,0.00000,0.00000,0.00000,0.00000,0.00000,0.00000,0.00000,0.00000,0.00000,0.00000,14.30797,50.63992
81-1,1783318245.214551,2026-07-06T13:10:45.214551,5.08339,1.42485,7.24307,14.53000,26.23986,5.04950,1.40092,7.07395,14.24000,25.83343,0.00000,0.00000,0.00000,0.00000,0.00000,0.00000,0.00000,0.00000,0.00000,0.00000,14.31702,52.07330
81-1,1783318245.314668,2026-07-06T13:10:45.314668,5.08318,1.42875,7.26262,14.57000,26.96697,5.04923,1.40678,7.10316,14.30000,26.54458,0.00000,0.00000,0.00000,0.00000,0.00000,0.00000,0.00000,0.00000,0.00000,0.00000,14.36578,53.51155
81-1,1783318245.414787,2026-07-06T13:10:45.414787,5.07918,1.42875,7.25690,14.57000,27.69352,5.05732,1.40483,7.10466,14.30000,27.25589,0.00000,0.00000,0.00000,0.00000,0.00000,0.00000,0.00000,0.00000,0.00000,0.00000,14.36156,54.94941
81-1,1783318245.514904,2026-07-06T13:10:45.514904,5.07966,1.41997,7.21294,14.48000,28.41566,5.05332,1.40483,7.09904,14.28000,27.96662,0.00000,0.00000,0.00000,0.00000,0.00000,0.00000,0.00000,0.00000,0.00000,0.00000,14.31198,56.38228
81-1,1783318245.615021,2026-07-06T13:10:45.615021,5.09566,1.41997,7.23566,14.48000,29.14008,5.04897,1.41264,7.13237,14.36000,28.68070,0.00000,0.00000,0.00000,0.00000,0.00000,0.00000,0.00000,0.00000,0.00000,0.00000,14.36803,57.82078
81-1,1783318245.715139,2026-07-06T13:10:45.715139,5.09566,1.41997,7.23566,14.48000,29.86449,5.04910,1.40971,7.11777,14.33000,29.39331,0.00000,0.00000,0.00000,0.00000,0.00000,0.00000,0.00000,0.00000,0.00000,0.00000,14.35343,59.25781
81-1,1783318245.815260,2026-07-06T13:10:45.815260,5.09182,1.41704,7.21529,14.45000,30.58690,5.05319,1.40776,7.11366,14.31000,30.10554,0.00000,0.00000,0.00000,0.00000,0.00000,0.00000,0.00000,0.00000,0.00000,0.00000,14.32895,60.69244
81-1,1783318245.915378,2026-07-06T13:10:45.915378,5.08782,1.41704,7.20962,14.45000,31.30871,5.05319,1.40776,7.11366,14.31000,30.81775,0.00000,0.00000,0.00000,0.00000,0.00000,0.00000,0.00000,0.00000,0.00000,0.00000,14.32328,62.12646
81-1,1783318246.015474,2026-07-06T13:10:46.015474,5.08355,1.42192,7.22840,14.50000,32.03224,5.05728,1.40580,7.10954,14.29000,31.52938,0.00000,0.00000,0.00000,0.00000,0.00000,0.00000,0.00000,0.00000,0.00000,0.00000,14.33794,63.56163
81-1,1783318246.115592,2026-07-06T13:10:46.115592,5.08451,1.40434,7.14038,14.32000,32.74712,5.05710,1.40971,7.12905,14.33000,32.24312,0.00000,0.00000,0.00000,0.00000,0.00000,0.00000,0.00000,0.00000,0.00000,0.00000,14.26943,64.99024
81-1,1783318246.215710,2026-07-06T13:10:46.215710,5.07310,1.39360,7.06986,14.21000,33.45495,5.04505,1.41069,7.11700,14.34000,32.95567,0.00000,0.00000,0.00000,0.00000,0.00000,0.00000,0.00000,0.00000,0.00000,0.00000,14.18686,66.41062
81-1,1783318246.315829,2026-07-06T13:10:46.315829,5.07710,1.39360,7.07543,14.21000,34.16333,5.04505,1.41069,7.11700,14.34000,33.66821,0.00000,0.00000,0.00000,0.00000,0.00000,0.00000,0.00000,0.00000,0.00000,0.00000,14.19243,67.83154
81-1,1783318246.415946,2026-07-06T13:10:46.415946,5.07710,1.39360,7.07543,14.21000,34.87170,5.05332,1.40483,7.09904,14.28000,34.37895,0.00000,0.00000,0.00000,0.00000,0.00000,0.00000,0.00000,0.00000,0.00000,0.00000,14.17447,69.25066
81-1,1783318246.516065,2026-07-06T13:10:46.516065,5.07593,1.41508,7.18285,14.43000,35.59084,5.05332,1.40483,7.09904,14.28000,35.08970,0.00000,0.00000,0.00000,0.00000,0.00000,0.00000,0.00000,0.00000,0.00000,0.00000,14.28189,70.68054
81-1,1783318246.616183,2026-07-06T13:10:46.616183,5.08377,1.41801,7.20884,14.46000,36.31258,5.05336,1.40385,7.09417,14.27000,35.79995,0.00000,0.00000,0.00000,0.00000,0.00000,0.00000,0.00000,0.00000,0.00000,0.00000,14.30301,72.11253
81-1,1783318246.716303,2026-07-06T13:10:46.716303,5.08377,1.41801,7.20884,14.46000,37.03432,5.05336,1.40385,7.09417,14.27000,36.51022,0.00000,0.00000,0.00000,0.00000,0.00000,0.00000,0.00000,0.00000,0.00000,0.00000,14.30301,73.54454
81-1,1783318246.816419,2026-07-06T13:10:46.816419,5.07961,1.42094,7.21783,14.49000,37.75695,5.04932,1.40483,7.09343,14.28000,37.22039,0.00000,0.00000,0.00000,0.00000,0.00000,0.00000,0.00000,0.00000,0.00000,0.00000,14.31126,74.97733
81-1,1783318246.916538,2026-07-06T13:10:46.916538,5.08115,1.39262,7.07612,14.20000,38.46540,5.05035,1.38212,6.98020,14.05000,37.91924,0.00000,0.00000,0.00000,0.00000,0.00000,0.00000,0.00000,0.00000,0.00000,0.00000,14.05632,76.38463
81-1,1783318247.016657,2026-07-06T13:10:47.016657,5.08089,1.39750,7.10056,14.25000,39.17630,5.04639,1.38115,6.96980,14.04000,38.61704,0.00000,0.00000,0.00000,0.00000,0.00000,0.00000,0.00000,0.00000,0.00000,0.00000,14.07036,77.79334
81-1,1783318247.116773,2026-07-06T13:10:47.116773,5.07918,1.42875,7.25690,14.57000,39.90283,5.04639,1.38115,6.96980,14.04000,39.31484,0.00000,0.00000,0.00000,0.00000,0.00000,0.00000,0.00000,0.00000,0.00000,0.00000,14.22670,79.21767
81-1,1783318247.216891,2026-07-06T13:10:47.216891,5.07918,1.42875,7.25690,14.57000,40.62938,5.04621,1.38505,6.98927,14.08000,40.01459,0.00000,0.00000,0.00000,0.00000,0.00000,0.00000,0.00000,0.00000,0.00000,0.00000,14.24617,80.64397
81-1,1783318247.317009,2026-07-06T13:10:47.317009,5.08361,1.42094,7.22351,14.49000,41.35258,5.04541,1.40287,7.07808,14.26000,40.72323,0.00000,0.00000,0.00000,0.00000,0.00000,0.00000,0.00000,0.00000,0.00000,0.00000,14.30159,82.07582
81-1,1783318247.417127,2026-07-06T13:10:47.417127,5.08419,1.41020,7.16973,14.38000,42.07040,5.05328,1.40580,7.10392,14.29000,41.43446,0.00000,0.00000,0.00000,0.00000,0.00000,0.00000,0.00000,0.00000,0.00000,0.00000,14.27365,83.50486
81-1,1783318247.517246,2026-07-06T13:10:47.517246,5.08489,1.39750,7.10615,14.25000,42.78186,5.04928,1.40580,7.09829,14.29000,42.14513,0.00000,0.00000,0.00000,0.00000,0.00000,0.00000,0.00000,0.00000,0.00000,0.00000,14.20444,84.92699
81-1,1783318247.617364,2026-07-06T13:10:47.617364,5.08089,1.39750,7.10056,14.25000,43.49275,5.04941,1.40287,7.08369,14.26000,42.85434,0.00000,0.00000,0.00000,0.00000,0.00000,0.00000,0.00000,0.00000,0.00000,0.00000,14.18425,86.34709
81-1,1783318247.717483,2026-07-06T13:10:47.717483,5.08350,1.42289,7.23329,14.51000,44.21694,5.05013,1.38701,7.00455,14.10000,43.55562,0.00000,0.00000,0.00000,0.00000,0.00000,0.00000,0.00000,0.00000,0.00000,0.00000,14.23784,87.77256
81-1,1783318247.817600,2026-07-06T13:10:47.817600,5.08345,1.42387,7.23818,14.52000,44.94161,5.05017,1.38603,6.99968,14.09000,44.25641,0.00000,0.00000,0.00000,0.00000,0.00000,0.00000,0.00000,0.00000,0.00000,0.00000,14.23786,89.19802
81-1,1783318247.917718,2026-07-06T13:10:47.917718,5.08099,1.39555,7.09078,14.23000,45.65152,5.04617,1.38603,6.99414,14.09000,44.95665,0.00000,0.00000,0.00000,0.00000,0.00000,0.00000,0.00000,0.00000,0.00000,0.00000,14.08492,90.60818
81-1,1783318248.017836,2026-07-06T13:10:48.017836,5.08499,1.39555,7.09636,14.23000,46.36200,5.05310,1.40971,7.12341,14.33000,45.66983,0.00000,0.00000,0.00000,0.00000,0.00000,0.00000,0.00000,0.00000,0.00000,0.00000,14.21977,92.03183
81-1,1783318248.117952,2026-07-06T13:10:48.117952,5.08739,1.42485,7.24876,14.53000,47.08772,5.05323,1.40678,7.10879,14.30000,46.38154,0.00000,0.00000,0.00000,0.00000,0.00000,0.00000,0.00000,0.00000,0.00000,0.00000,14.35755,93.46926
81-1,1783318248.218071,2026-07-06T13:10:48.218071,5.08771,1.41899,7.21941,14.47000,47.81051,5.05021,1.38505,6.99481,14.08000,47.08185,0.00000,0.00000,0.00000,0.00000,0.00000,0.00000,0.00000,0.00000,0.00000,0.00000,14.21422,94.89237
81-1,1783318248.318190,2026-07-06T13:10:48.318190,5.08446,1.40532,7.14527,14.33000,48.52589,5.04621,1.38505,6.98927,14.08000,47.78161,0.00000,0.00000,0.00000,0.00000,0.00000,0.00000,0.00000,0.00000,0.00000,0.00000,14.13454,96.30750
81-1,1783318248.418308,2026-07-06T13:10:48.418308,5.07945,1.42387,7.23248,14.52000,49.24999,5.04991,1.39189,7.02890,14.15000,48.48533,0.00000,0.00000,0.00000,0.00000,0.00000,0.00000,0.00000,0.00000,0.00000,0.00000,14.26138,97.73532
82-1,1783318248.518449,2026-07-06T13:10:48.518449,5.08345,1.42387,7.23818,14.52000,0.72484,5.05283,1.32719,6.70607,13.49000,0.67156,0.00000,0.00000,0.00000,0.00000,0.00000,0.00000,0.00000,0.00000,0.00000,0.00000,13.94425,1.39640
82-1,1783318248.618564,2026-07-06T13:10:48.618564,5.08186,1.37968,7.01134,14.07000,1.42678,5.04657,1.37724,6.95033,14.00000,1.36739,0.00000,0.00000,0.00000,0.00000,0.00000,0.00000,0.00000,0.00000,0.00000,0.00000,13.96167,2.79418
82-1,1783318248.718683,2026-07-06T13:10:48.718683,5.08170,1.38261,7.02601,14.10000,2.13022,5.05057,1.37724,6.95584,14.00000,2.06380,0.00000,0.00000,0.00000,0.00000,0.00000,0.00000,0.00000,0.00000,0.00000,0.00000,13.98185,4.19402
82-1,1783318248.818802,2026-07-06T13:10:48.818802,5.11740,0.87478,4.47661,8.92000,2.57841,5.04607,1.47661,7.45106,15.01000,2.80979,0.00000,0.00000,0.00000,0.00000,0.00000,0.00000,0.00000,0.00000,0.00000,0.00000,11.92767,5.38820
82-1,1783318248.918889,2026-07-06T13:10:48.918889,5.09740,0.87478,4.45912,8.92000,3.02471,5.05114,1.36454,6.89251,13.87000,3.49964,0.00000,0.00000,0.00000,0.00000,0.00000,0.00000,0.00000,0.00000,0.00000,0.00000,11.35163,6.52435
82-1,1783318249.019006,2026-07-06T13:10:49.019006,5.08223,1.37284,6.97711,14.00000,3.72324,5.05075,1.37333,6.93636,13.96000,4.19409,0.00000,0.00000,0.00000,0.00000,0.00000,0.00000,0.00000,0.00000,0.00000,0.00000,13.91347,7.91732
82-1,1783318249.119122,2026-07-06T13:10:49.119122,5.08025,1.40922,7.15920,14.37000,4.43999,5.05075,1.37333,6.93636,13.96000,4.88853,0.00000,0.00000,0.00000,0.00000,0.00000,0.00000,0.00000,0.00000,0.00000,0.00000,14.09556,9.32853
82-1,1783318249.219241,2026-07-06T13:10:49.219241,5.07749,1.38652,7.04002,14.14000,5.14483,5.04945,1.40190,7.07882,14.25000,5.59725,0.00000,0.00000,0.00000,0.00000,0.00000,0.00000,0.00000,0.00000,0.00000,0.00000,14.11884,10.74208
82-1,1783318249.319307,2026-07-06T13:10:49.319307,5.08549,1.38652,7.05111,14.14000,5.85041,5.05066,1.37529,6.94610,13.98000,6.29233,0.00000,0.00000,0.00000,0.00000,0.00000,0.00000,0.00000,0.00000,0.00000,0.00000,13.99721,12.14274
82-1,1783318249.419373,2026-07-06T13:10:49.419373,5.08121,1.39164,7.07123,14.19000,6.55799,5.04963,1.39799,7.05934,14.21000,6.99872,0.00000,0.00000,0.00000,0.00000,0.00000,0.00000,0.00000,0.00000,0.00000,0.00000,14.13057,13.55671
82-1,1783318249.519490,2026-07-06T13:10:49.519490,5.08041,1.40629,7.14454,14.34000,7.27329,5.04963,1.39799,7.05934,14.21000,7.70549,0.00000,0.00000,0.00000,0.00000,0.00000,0.00000,0.00000,0.00000,0.00000,0.00000,14.20388,14.97878
82-1,1783318249.619609,2026-07-06T13:10:49.619609,5.08143,1.38749,7.05045,14.15000,7.97917,5.04661,1.37626,6.94547,13.99000,8.40086,0.00000,0.00000,0.00000,0.00000,0.00000,0.00000,0.00000,0.00000,0.00000,0.00000,13.99592,16.38003
82-1,1783318249.719726,2026-07-06T13:10:49.719726,5.08170,1.38261,7.02601,14.10000,8.68259,5.04692,1.36943,6.91139,13.92000,9.09280,0.00000,0.00000,0.00000,0.00000,0.00000,0.00000,0.00000,0.00000,0.00000,0.00000,13.93740,17.77539
82-1,1783318249.819844,2026-07-06T13:10:49.819844,5.08170,1.38261,7.02601,14.10000,9.38602,5.04981,1.39409,7.03986,14.17000,9.79762,0.00000,0.00000,0.00000,0.00000,0.00000,0.00000,0.00000,0.00000,0.00000,0.00000,14.06587,19.18365
82-1,1783318249.919912,2026-07-06T13:10:49.919912,5.07987,1.41606,7.19340,14.44000,10.10585,5.04981,1.39409,7.03986,14.17000,10.50209,0.00000,0.00000,0.00000,0.00000,0.00000,0.00000,0.00000,0.00000,0.00000,0.00000,14.23326,20.60794
82-1,1783318250.020030,2026-07-06T13:10:50.020030,5.08110,1.39360,7.08101,14.21000,10.81479,5.04661,1.37626,6.94547,13.99000,11.19745,0.00000,0.00000,0.00000,0.00000,0.00000,0.00000,0.00000,0.00000,0.00000,0.00000,14.02648,22.01225
82-1,1783318250.120148,2026-07-06T13:10:50.120148,5.08126,1.39067,7.06634,14.18000,11.52226,5.04630,1.38310,6.97954,14.06000,11.89623,0.00000,0.00000,0.00000,0.00000,0.00000,0.00000,0.00000,0.00000,0.00000,0.00000,14.04588,23.41849
82-1,1783318250.220266,2026-07-06T13:10:50.220266,5.08126,1.39067,7.06634,14.18000,12.22973,5.04981,1.39409,7.03986,14.17000,12.60105,0.00000,0.00000,0.00000,0.00000,0.00000,0.00000,0.00000,0.00000,0.00000,0.00000,14.10620,24.83078
82-1,1783318250.320384,2026-07-06T13:10:50.320384,5.08970,1.38261,7.03707,14.10000,12.93426,5.05381,1.39409,7.04544,14.17000,13.30642,0.00000,0.00000,0.00000,0.00000,0.00000,0.00000,0.00000,0.00000,0.00000,0.00000,14.08251,26.24068
82-1,1783318250.420502,2026-07-06T13:10:50.420502,5.08809,1.41215,7.18515,14.40000,13.65363,5.04652,1.37822,6.95520,14.01000,14.00276,0.00000,0.00000,0.00000,0.00000,0.00000,0.00000,0.00000,0.00000,0.00000,0.00000,14.14035,27.65639
82-1,1783318250.520620,2026-07-06T13:10:50.520620,5.08393,1.41508,7.19418,14.43000,14.37389,5.04626,1.38408,6.98440,14.07000,14.70203,0.00000,0.00000,0.00000,0.00000,0.00000,0.00000,0.00000,0.00000,0.00000,0.00000,14.17858,29.07592
82-1,1783318250.620738,2026-07-06T13:10:50.620738,5.07993,1.41508,7.18851,14.43000,15.09359,5.05314,1.40873,7.11854,14.32000,15.41472,0.00000,0.00000,0.00000,0.00000,0.00000,0.00000,0.00000,0.00000,0.00000,0.00000,14.30705,30.50831
82-1,1783318250.720853,2026-07-06T13:10:50.720853,5.08121,1.39164,7.07123,14.19000,15.80153,5.05314,1.40873,7.11854,14.32000,16.12740,0.00000,0.00000,0.00000,0.00000,0.00000,0.00000,0.00000,0.00000,0.00000,0.00000,14.18977,31.92893
82-1,1783318250.820971,2026-07-06T13:10:50.820971,5.08094,1.39653,7.09567,14.24000,16.51193,5.04657,1.37724,6.95033,14.00000,16.82325,0.00000,0.00000,0.00000,0.00000,0.00000,0.00000,0.00000,0.00000,0.00000,0.00000,14.04600,33.33518
82-1,1783318250.921088,2026-07-06T13:10:50.921088,5.08549,1.38652,7.05111,14.14000,17.21786,5.04670,1.37431,6.93573,13.97000,17.51763,0.00000,0.00000,0.00000,0.00000,0.00000,0.00000,0.00000,0.00000,0.00000,0.00000,13.98684,34.73549
82-1,1783318251.021205,2026-07-06T13:10:51.021205,5.08149,1.38652,7.04557,14.14000,17.92325,5.05404,1.38896,7.01985,14.12000,18.22044,0.00000,0.00000,0.00000,0.00000,0.00000,0.00000,0.00000,0.00000,0.00000,0.00000,14.06542,36.14369
82-1,1783318251.121325,2026-07-06T13:10:51.121325,5.08505,1.39457,7.09147,14.22000,18.63324,5.05404,1.38896,7.01985,14.12000,18.92326,0.00000,0.00000,0.00000,0.00000,0.00000,0.00000,0.00000,0.00000,0.00000,0.00000,14.11132,37.55651
82-1,1783318251.221442,2026-07-06T13:10:51.221442,5.08409,1.41215,7.17951,14.40000,19.35204,5.05341,1.40287,7.08930,14.26000,19.63303,0.00000,0.00000,0.00000,0.00000,0.00000,0.00000,0.00000,0.00000,0.00000,0.00000,14.26881,38.98507
82-1,1783318251.321559,2026-07-06T13:10:51.321559,5.08371,1.41899,7.21373,14.47000,20.07425,5.05363,1.39799,7.06493,14.21000,20.34034,0.00000,0.00000,0.00000,0.00000,0.00000,0.00000,0.00000,0.00000,0.00000,0.00000,14.27866,40.41460
82-1,1783318251.421677,2026-07-06T13:10:51.421677,5.07971,1.41899,7.20806,14.47000,20.79591,5.05035,1.38212,6.98020,14.05000,21.03919,0.00000,0.00000,0.00000,0.00000,0.00000,0.00000,0.00000,0.00000,0.00000,0.00000,14.18826,41.83510
82-1,1783318251.521795,2026-07-06T13:10:51.521795,5.08371,1.41899,7.21373,14.47000,21.51814,5.04635,1.38212,6.97467,14.05000,21.73748,0.00000,0.00000,0.00000,0.00000,0.00000,0.00000,0.00000,0.00000,0.00000,0.00000,14.18840,43.25562
82-1,1783318251.621913,2026-07-06T13:10:51.621913,5.08371,1.41899,7.21373,14.47000,22.24036,5.04644,1.38017,6.96493,14.03000,22.43480,0.00000,0.00000,0.00000,0.00000,0.00000,0.00000,0.00000,0.00000,0.00000,0.00000,14.17866,44.67516
82-1,1783318251.722032,2026-07-06T13:10:51.722032,5.08366,1.41997,7.21862,14.48000,22.96308,5.04666,1.37529,6.94060,13.98000,23.12968,0.00000,0.00000,0.00000,0.00000,0.00000,0.00000,0.00000,0.00000,0.00000,0.00000,14.15922,46.09275
82-1,1783318251.822152,2026-07-06T13:10:51.822152,5.08355,1.42192,7.22840,14.50000,23.68679,5.05413,1.38701,7.01010,14.10000,23.83153,0.00000,0.00000,0.00000,0.00000,0.00000,0.00000,0.00000,0.00000,0.00000,0.00000,14.23850,47.51832
82-1,1783318251.922271,2026-07-06T13:10:51.922271,5.09155,1.42192,7.23977,14.50000,24.41163,5.05413,1.38701,7.01010,14.10000,24.53338,0.00000,0.00000,0.00000,0.00000,0.00000,0.00000,0.00000,0.00000,0.00000,0.00000,14.24987,48.94501
82-1,1783318252.022389,2026-07-06T13:10:52.022389,5.08750,1.42289,7.23898,14.51000,25.13638,5.04536,1.40385,7.08294,14.27000,25.24251,0.00000,0.00000,0.00000,0.00000,0.00000,0.00000,0.00000,0.00000,0.00000,0.00000,14.32192,50.37889
82-1,1783318252.122509,2026-07-06T13:10:52.122509,5.08745,1.42387,7.24387,14.52000,25.86163,5.04532,1.40483,7.08781,14.28000,25.95213,0.00000,0.00000,0.00000,0.00000,0.00000,0.00000,0.00000,0.00000,0.00000,0.00000,14.33168,51.81376
82-1,1783318252.222625,2026-07-06T13:10:52.222625,5.07987,1.41606,7.19340,14.44000,26.58181,5.04950,1.40092,7.07395,14.24000,26.66035,0.00000,0.00000,0.00000,0.00000,0.00000,0.00000,0.00000,0.00000,0.00000,0.00000,14.26735,53.24216
82-1,1783318252.322744,2026-07-06T13:10:52.322744,5.08387,1.41606,7.19906,14.44000,27.30257,5.04950,1.40092,7.07395,14.24000,27.36859,0.00000,0.00000,0.00000,0.00000,0.00000,0.00000,0.00000,0.00000,0.00000,0.00000,14.27301,54.67116
82-1,1783318252.422862,2026-07-06T13:10:52.422862,5.08787,1.41606,7.20473,14.44000,28.02390,5.04923,1.40678,7.10316,14.30000,28.07974,0.00000,0.00000,0.00000,0.00000,0.00000,0.00000,0.00000,0.00000,0.00000,0.00000,14.30789,56.10364
82-1,1783318252.522979,2026-07-06T13:10:52.522979,5.07198,1.41411,7.17232,14.42000,28.74197,5.04950,1.40092,7.07395,14.24000,28.78796,0.00000,0.00000,0.00000,0.00000,0.00000,0.00000,0.00000,0.00000,0.00000,0.00000,14.24627,57.52993
82-1,1783318252.623098,2026-07-06T13:10:52.623098,5.07182,1.41704,7.18695,14.45000,29.46152,5.04914,1.40873,7.11290,14.32000,29.50010,0.00000,0.00000,0.00000,0.00000,0.00000,0.00000,0.00000,0.00000,0.00000,0.00000,14.29985,58.96162
82-1,1783318252.723216,2026-07-06T13:10:52.723216,5.08062,1.40239,7.12499,14.30000,30.17485,5.05714,1.40873,7.12417,14.32000,30.21336,0.00000,0.00000,0.00000,0.00000,0.00000,0.00000,0.00000,0.00000,0.00000,0.00000,14.24916,60.38821
82-1,1783318252.823334,2026-07-06T13:10:52.823334,5.09262,1.40239,7.14182,14.30000,30.88988,5.04928,1.40580,7.09829,14.29000,30.92403,0.00000,0.00000,0.00000,0.00000,0.00000,0.00000,0.00000,0.00000,0.00000,0.00000,14.24011,61.81391
82-1,1783318252.923451,2026-07-06T13:10:52.923451,5.07715,1.39262,7.07055,14.20000,31.59776,5.04923,1.40678,7.10316,14.30000,31.63517,0.00000,0.00000,0.00000,0.00000,0.00000,0.00000,0.00000,0.00000,0.00000,0.00000,14.17371,63.23294
82-1,1783318253.023570,2026-07-06T13:10:53.023570,5.07673,1.40043,7.10962,14.28000,32.30957,5.04936,1.40385,7.08856,14.27000,32.34487,0.00000,0.00000,0.00000,0.00000,0.00000,0.00000,0.00000,0.00000,0.00000,0.00000,14.19818,64.65444
82-1,1783318253.123688,2026-07-06T13:10:53.123688,5.08025,1.40922,7.15920,14.37000,33.02634,5.04936,1.40385,7.08856,14.27000,33.05456,0.00000,0.00000,0.00000,0.00000,0.00000,0.00000,0.00000,0.00000,0.00000,0.00000,14.24776,66.08090
82-1,1783318253.223806,2026-07-06T13:10:53.223806,5.08425,1.40922,7.16484,14.37000,33.74367,5.04928,1.40580,7.09829,14.29000,33.76523,0.00000,0.00000,0.00000,0.00000,0.00000,0.00000,0.00000,0.00000,0.00000,0.00000,14.26313,67.50890
82-1,1783318253.323925,2026-07-06T13:10:53.323925,5.08734,1.42582,7.25366,14.54000,34.46989,5.05328,1.40580,7.10392,14.29000,34.47647,0.00000,0.00000,0.00000,0.00000,0.00000,0.00000,0.00000,0.00000,0.00000,0.00000,14.35758,68.94636
82-1,1783318253.424040,2026-07-06T13:10:53.424040,5.08739,1.42485,7.24876,14.53000,35.19561,5.05341,1.40287,7.08930,14.26000,35.18621,0.00000,0.00000,0.00000,0.00000,0.00000,0.00000,0.00000,0.00000,0.00000,0.00000,14.33806,70.38182
82-1,1783318253.524155,2026-07-06T13:10:53.524155,5.08339,1.42485,7.24307,14.53000,35.92075,5.05435,1.38212,6.98573,14.05000,35.88559,0.00000,0.00000,0.00000,0.00000,0.00000,0.00000,0.00000,0.00000,0.00000,0.00000,14.22880,71.80634
82-1,1783318253.624270,2026-07-06T13:10:53.624270,5.07939,1.42485,7.23737,14.53000,36.64531,5.05035,1.38212,6.98020,14.05000,36.58441,0.00000,0.00000,0.00000,0.00000,0.00000,0.00000,0.00000,0.00000,0.00000,0.00000,14.21757,73.22973
82-1,1783318253.724386,2026-07-06T13:10:53.724386,5.08099,1.39555,7.09078,14.23000,37.35521,5.05052,1.37822,6.96071,14.01000,37.28129,0.00000,0.00000,0.00000,0.00000,0.00000,0.00000,0.00000,0.00000,0.00000,0.00000,14.05149,74.63650
82-1,1783318253.824501,2026-07-06T13:10:53.824501,5.08009,1.41215,7.17386,14.40000,38.07342,5.05017,1.38603,6.99968,14.09000,37.98206,0.00000,0.00000,0.00000,0.00000,0.00000,0.00000,0.00000,0.00000,0.00000,0.00000,14.17354,76.05549
82-1,1783318253.924616,2026-07-06T13:10:53.924616,5.07934,1.42582,7.24225,14.54000,38.79849,5.04532,1.40483,7.08781,14.28000,38.69166,0.00000,0.00000,0.00000,0.00000,0.00000,0.00000,0.00000,0.00000,0.00000,0.00000,14.33006,77.49015
82-1,1783318254.024732,2026-07-06T13:10:54.024732,5.08339,1.42485,7.24307,14.53000,39.52363,5.04532,1.40483,7.08781,14.28000,39.40126,0.00000,0.00000,0.00000,0.00000,0.00000,0.00000,0.00000,0.00000,0.00000,0.00000,14.33088,78.92490
82-1,1783318254.124848,2026-07-06T13:10:54.124848,5.08339,1.42485,7.24307,14.53000,40.24878,5.04919,1.40776,7.10803,14.31000,40.11289,0.00000,0.00000,0.00000,0.00000,0.00000,0.00000,0.00000,0.00000,0.00000,0.00000,14.35110,80.36167
82-1,1783318254.224966,2026-07-06T13:10:54.224966,5.08089,1.39750,7.10056,14.25000,40.95967,5.04919,1.40776,7.10803,14.31000,40.82453,0.00000,0.00000,0.00000,0.00000,0.00000,0.00000,0.00000,0.00000,0.00000,0.00000,14.20859,81.78421
82-1,1783318254.325084,2026-07-06T13:10:54.325084,5.07923,1.42778,7.25202,14.56000,41.68573,5.04967,1.39702,7.05447,14.20000,41.53081,0.00000,0.00000,0.00000,0.00000,0.00000,0.00000,0.00000,0.00000,0.00000,0.00000,14.30649,83.21654
82-1,1783318254.425201,2026-07-06T13:10:54.425201,5.07934,1.42582,7.24225,14.54000,42.41080,5.04967,1.39702,7.05447,14.20000,42.23708,0.00000,0.00000,0.00000,0.00000,0.00000,0.00000,0.00000,0.00000,0.00000,0.00000,14.29672,84.64789
82-1,1783318254.525319,2026-07-06T13:10:54.525319,5.08334,1.42582,7.24795,14.54000,43.13645,5.05021,1.38505,6.99481,14.08000,42.93739,0.00000,0.00000,0.00000,0.00000,0.00000,0.00000,0.00000,0.00000,0.00000,0.00000,14.24276,86.07384
82-1,1783318254.625437,2026-07-06T13:10:54.625437,5.07987,1.41606,7.19340,14.44000,43.85664,5.04936,1.40385,7.08856,14.27000,43.64709,0.00000,0.00000,0.00000,0.00000,0.00000,0.00000,0.00000,0.00000,0.00000,0.00000,14.28196,87.50373
82-1,1783318254.725555,2026-07-06T13:10:54.725555,5.08014,1.41118,7.16897,14.39000,44.57438,5.04910,1.40971,7.11777,14.33000,44.35970,0.00000,0.00000,0.00000,0.00000,0.00000,0.00000,0.00000,0.00000,0.00000,0.00000,14.28674,88.93408
82-1,1783318254.825622,2026-07-06T13:10:54.825622,5.08339,1.42485,7.24307,14.53000,45.29917,5.04910,1.40971,7.11777,14.33000,45.07195,0.00000,0.00000,0.00000,0.00000,0.00000,0.00000,0.00000,0.00000,0.00000,0.00000,14.36084,90.37113
82-1,1783318254.925740,2026-07-06T13:10:54.925740,5.07939,1.42485,7.23737,14.53000,46.02377,5.04919,1.40776,7.10803,14.31000,45.78360,0.00000,0.00000,0.00000,0.00000,0.00000,0.00000,0.00000,0.00000,0.00000,0.00000,14.34540,91.80736
82-1,1783318255.025859,2026-07-06T13:10:55.025859,5.08003,1.41313,7.17874,14.41000,46.74249,5.05044,1.38017,6.97046,14.03000,46.48147,0.00000,0.00000,0.00000,0.00000,0.00000,0.00000,0.00000,0.00000,0.00000,0.00000,14.14920,93.22397
82-1,1783318255.125976,2026-07-06T13:10:55.125976,5.07902,1.43168,7.27156,14.60000,47.47050,5.05305,1.41069,7.12828,14.34000,47.19513,0.00000,0.00000,0.00000,0.00000,0.00000,0.00000,0.00000,0.00000,0.00000,0.00000,14.39984,94.66563
82-1,1783318255.226094,2026-07-06T13:10:55.226094,5.08339,1.42485,7.24307,14.53000,48.19566,5.04905,1.41069,7.12264,14.34000,47.90823,0.00000,0.00000,0.00000,0.00000,0.00000,0.00000,0.00000,0.00000,0.00000,0.00000,14.36571,96.10390
82-1,1783318255.326210,2026-07-06T13:10:55.326210,5.08062,1.40239,7.12499,14.30000,48.90899,5.05314,1.40873,7.11854,14.32000,48.62092,0.00000,0.00000,0.00000,0.00000,0.00000,0.00000,0.00000,0.00000,0.00000,0.00000,14.24353,97.52991
82-1,1783318255.426276,2026-07-06T13:10:55.426276,5.07662,1.40239,7.11938,14.30000,49.62140,5.05430,1.38310,6.99060,14.06000,49.32044,0.00000,0.00000,0.00000,0.00000,0.00000,0.00000,0.00000,0.00000,0.00000,0.00000,14.10998,98.94184
82-1,1783318255.526394,2026-07-06T13:10:55.526394,5.08339,1.42485,7.24307,14.53000,50.34656,5.04510,1.40971,7.11213,14.33000,50.03249,0.00000,0.00000,0.00000,0.00000,0.00000,0.00000,0.00000,0.00000,0.00000,0.00000,14.35520,100.37905
83-1,1783318255.626528,2026-07-06T13:10:55.626528,5.08393,1.41508,7.19418,14.43000,0.72038,5.04910,1.40971,7.11777,14.33000,0.71273,0.00000,0.00000,0.00000,0.00000,0.00000,0.00000,0.00000,0.00000,0.00000,0.00000,14.31195,1.43311
83-1,1783318255.726645,2026-07-06T13:10:55.726645,5.07781,1.38066,7.01071,14.08000,1.42228,5.05302,1.32304,6.68534,13.45000,1.38205,0.00000,0.00000,0.00000,0.00000,0.00000,0.00000,0.00000,0.00000,0.00000,0.00000,13.69605,2.80433
83-1,1783318255.826762,2026-07-06T13:10:55.826762,5.08581,1.38066,7.02175,14.08000,2.12527,5.04545,1.49028,7.51913,15.15000,2.13484,0.00000,0.00000,0.00000,0.00000,0.00000,0.00000,0.00000,0.00000,0.00000,0.00000,14.54088,4.26011
83-1,1783318255.926879,2026-07-06T13:10:55.926879,5.09178,0.97781,4.97881,9.97000,2.62374,5.05888,1.37040,6.93270,13.93000,2.82893,0.00000,0.00000,0.00000,0.00000,0.00000,0.00000,0.00000,0.00000,0.00000,0.00000,11.91151,5.45266
83-1,1783318256.026996,2026-07-06T13:10:56.026996,5.07018,1.37382,6.96552,14.01000,3.32110,5.04688,1.37040,6.91626,13.93000,3.52136,0.00000,0.00000,0.00000,0.00000,0.00000,0.00000,0.00000,0.00000,0.00000,0.00000,13.88178,6.84246
83-1,1783318256.127114,2026-07-06T13:10:56.127114,5.08115,1.39262,7.07612,14.20000,4.02955,5.05519,1.36357,6.89309,13.86000,4.21148,0.00000,0.00000,0.00000,0.00000,0.00000,0.00000,0.00000,0.00000,0.00000,0.00000,13.96921,8.24103
83-1,1783318256.227232,2026-07-06T13:10:56.227232,5.08515,1.39262,7.08169,14.20000,4.73855,5.05470,1.37431,6.94672,13.97000,4.90697,0.00000,0.00000,0.00000,0.00000,0.00000,0.00000,0.00000,0.00000,0.00000,0.00000,14.02841,9.64552
83-1,1783318256.327349,2026-07-06T13:10:56.327349,5.08559,1.38456,7.04133,14.12000,5.44351,5.04310,1.36552,6.88645,13.88000,5.59643,0.00000,0.00000,0.00000,0.00000,0.00000,0.00000,0.00000,0.00000,0.00000,0.00000,13.92778,11.03994
83-1,1783318256.427466,2026-07-06T13:10:56.427466,5.08441,1.40629,7.15017,14.34000,6.15936,5.05110,1.36552,6.89738,13.88000,6.28697,0.00000,0.00000,0.00000,0.00000,0.00000,0.00000,0.00000,0.00000,0.00000,0.00000,14.04755,12.44633
83-1,1783318256.527585,2026-07-06T13:10:56.527585,5.08565,1.38359,7.03643,14.11000,6.86384,5.04679,1.37236,6.92599,13.95000,6.98039,0.00000,0.00000,0.00000,0.00000,0.00000,0.00000,0.00000,0.00000,0.00000,0.00000,13.96242,13.84424
83-1,1783318256.627701,2026-07-06T13:10:56.627701,5.08165,1.38359,7.03090,14.11000,7.56775,5.04706,1.36650,6.89678,13.89000,7.67087,0.00000,0.00000,0.00000,0.00000,0.00000,0.00000,0.00000,0.00000,0.00000,0.00000,13.92768,15.23862
83-1,1783318256.727819,2026-07-06T13:10:56.727819,5.08170,1.38261,7.02601,14.10000,8.27118,5.04941,1.40287,7.08369,14.26000,8.38007,0.00000,0.00000,0.00000,0.00000,0.00000,0.00000,0.00000,0.00000,0.00000,0.00000,14.10970,16.65125
83-1,1783318256.827936,2026-07-06T13:10:56.827936,5.08035,1.40727,7.14943,14.35000,8.98696,5.04941,1.40287,7.08369,14.26000,9.08927,0.00000,0.00000,0.00000,0.00000,0.00000,0.00000,0.00000,0.00000,0.00000,0.00000,14.23312,18.07623
83-1,1783318256.928054,2026-07-06T13:10:56.928054,5.08094,1.39653,7.09567,14.24000,9.69736,5.05075,1.37333,6.93636,13.96000,9.78372,0.00000,0.00000,0.00000,0.00000,0.00000,0.00000,0.00000,0.00000,0.00000,0.00000,14.03203,19.48108
83-1,1783318257.028171,2026-07-06T13:10:57.028171,5.07737,1.38871,7.05101,14.16000,10.40329,5.05030,1.38310,6.98507,14.06000,10.48305,0.00000,0.00000,0.00000,0.00000,0.00000,0.00000,0.00000,0.00000,0.00000,0.00000,14.03608,20.88634
83-1,1783318257.128289,2026-07-06T13:10:57.128289,5.08137,1.38871,7.05656,14.16000,11.10978,5.04657,1.37724,6.95033,14.00000,11.17890,0.00000,0.00000,0.00000,0.00000,0.00000,0.00000,0.00000,0.00000,0.00000,0.00000,14.00689,22.28868
83-1,1783318257.228406,2026-07-06T13:10:57.228406,5.08970,1.38261,7.03707,14.10000,11.81431,5.04657,1.37724,6.95033,14.00000,11.87475,0.00000,0.00000,0.00000,0.00000,0.00000,0.00000,0.00000,0.00000,0.00000,0.00000,13.98740,23.68906
83-1,1783318257.328524,2026-07-06T13:10:57.328524,5.08814,1.41118,7.18026,14.39000,12.53318,5.05466,1.37529,6.95160,13.98000,12.57073,0.00000,0.00000,0.00000,0.00000,0.00000,0.00000,0.00000,0.00000,0.00000,0.00000,14.13186,25.10392
83-1,1783318257.428642,2026-07-06T13:10:57.428642,5.08121,1.39164,7.07123,14.19000,13.24114,5.05354,1.39995,7.07468,14.23000,13.27903,0.00000,0.00000,0.00000,0.00000,0.00000,0.00000,0.00000,0.00000,0.00000,0.00000,14.14591,26.52017
83-1,1783318257.528760,2026-07-06T13:10:57.528760,5.08521,1.39164,7.07680,14.19000,13.94966,5.05048,1.37919,6.96558,14.02000,13.97642,0.00000,0.00000,0.00000,0.00000,0.00000,0.00000,0.00000,0.00000,0.00000,0.00000,14.04238,27.92607
83-1,1783318257.628879,2026-07-06T13:10:57.628879,5.08126,1.39067,7.06634,14.18000,14.65713,5.04648,1.37919,6.96007,14.02000,14.67325,0.00000,0.00000,0.00000,0.00000,0.00000,0.00000,0.00000,0.00000,0.00000,0.00000,14.02641,29.33037
83-1,1783318257.728945,2026-07-06T13:10:57.728945,5.08207,1.37577,6.99178,14.03000,15.35677,5.04679,1.37236,6.92599,13.95000,15.36631,0.00000,0.00000,0.00000,0.00000,0.00000,0.00000,0.00000,0.00000,0.00000,0.00000,13.91777,30.72308
83-1,1783318257.829067,2026-07-06T13:10:57.829067,5.08825,1.40922,7.17047,14.37000,16.07469,5.04567,1.39702,7.04888,14.20000,16.07205,0.00000,0.00000,0.00000,0.00000,0.00000,0.00000,0.00000,0.00000,0.00000,0.00000,14.21935,32.14674
83-1,1783318257.929184,2026-07-06T13:10:57.929184,5.08425,1.40922,7.16484,14.37000,16.79202,5.04954,1.39995,7.06908,14.23000,16.77979,0.00000,0.00000,0.00000,0.00000,0.00000,0.00000,0.00000,0.00000,0.00000,0.00000,14.23392,33.57181
83-1,1783318258.029301,2026-07-06T13:10:58.029301,5.08377,1.41801,7.20884,14.46000,17.51374,5.05354,1.39995,7.07468,14.23000,17.48808,0.00000,0.00000,0.00000,0.00000,0.00000,0.00000,0.00000,0.00000,0.00000,0.00000,14.28352,35.00182
83-1,1783318258.129419,2026-07-06T13:10:58.129419,5.08425,1.40922,7.16484,14.37000,18.23107,5.05075,1.37333,6.93636,13.96000,18.18254,0.00000,0.00000,0.00000,0.00000,0.00000,0.00000,0.00000,0.00000,0.00000,0.00000,14.10120,36.41360
83-1,1783318258.229537,2026-07-06T13:10:58.229537,5.08531,1.38969,7.06701,14.17000,18.93860,5.05075,1.37333,6.93636,13.96000,18.87699,0.00000,0.00000,0.00000,0.00000,0.00000,0.00000,0.00000,0.00000,0.00000,0.00000,14.00337,37.81559
83-1,1783318258.329654,2026-07-06T13:10:58.329654,5.07721,1.39164,7.06566,14.19000,19.64599,5.04599,1.38993,7.01360,14.13000,19.57917,0.00000,0.00000,0.00000,0.00000,0.00000,0.00000,0.00000,0.00000,0.00000,0.00000,14.07926,39.22516
83-1,1783318258.429772,2026-07-06T13:10:58.429772,5.07721,1.39164,7.06566,14.19000,20.35340,5.04999,1.38993,7.01916,14.13000,20.28192,0.00000,0.00000,0.00000,0.00000,0.00000,0.00000,0.00000,0.00000,0.00000,0.00000,14.08482,40.63532
83-1,1783318258.529889,2026-07-06T13:10:58.529889,5.08094,1.39653,7.09567,14.24000,21.06379,5.04923,1.40678,7.10316,14.30000,20.99306,0.00000,0.00000,0.00000,0.00000,0.00000,0.00000,0.00000,0.00000,0.00000,0.00000,14.19883,42.05686
83-1,1783318258.630003,2026-07-06T13:10:58.630003,5.08159,1.38456,7.03579,14.12000,21.76818,5.05008,1.38798,7.00942,14.11000,21.69481,0.00000,0.00000,0.00000,0.00000,0.00000,0.00000,0.00000,0.00000,0.00000,0.00000,14.04521,43.46299
83-1,1783318258.730122,2026-07-06T13:10:58.730122,5.08170,1.38261,7.02601,14.10000,22.47161,5.04661,1.37626,6.94547,13.99000,22.39018,0.00000,0.00000,0.00000,0.00000,0.00000,0.00000,0.00000,0.00000,0.00000,0.00000,13.97148,44.86179
83-1,1783318258.830241,2026-07-06T13:10:58.830241,5.07770,1.38261,7.02048,14.10000,23.17450,5.05061,1.37626,6.95097,13.99000,23.08611,0.00000,0.00000,0.00000,0.00000,0.00000,0.00000,0.00000,0.00000,0.00000,0.00000,13.97145,46.26060
83-1,1783318258.930359,2026-07-06T13:10:58.930359,5.08126,1.39067,7.06634,14.18000,23.88196,5.05039,1.38115,6.97533,14.04000,23.78446,0.00000,0.00000,0.00000,0.00000,0.00000,0.00000,0.00000,0.00000,0.00000,0.00000,14.04167,47.66642
83-1,1783318259.030476,2026-07-06T13:10:59.030476,5.08057,1.40336,7.12988,14.31000,24.59578,5.05083,1.37138,6.92661,13.94000,24.47793,0.00000,0.00000,0.00000,0.00000,0.00000,0.00000,0.00000,0.00000,0.00000,0.00000,14.05649,49.07371
83-1,1783318259.130592,2026-07-06T13:10:59.130592,5.08478,1.39946,7.11593,14.27000,25.30820,5.05417,1.38603,7.00523,14.09000,25.17927,0.00000,0.00000,0.00000,0.00000,0.00000,0.00000,0.00000,0.00000,0.00000,0.00000,14.12116,50.48747
83-1,1783318259.230708,2026-07-06T13:10:59.230708,5.08478,1.39946,7.11593,14.27000,26.02062,5.05417,1.38603,7.00523,14.09000,25.88060,0.00000,0.00000,0.00000,0.00000,0.00000,0.00000,0.00000,0.00000,0.00000,0.00000,14.12116,51.90123
83-1,1783318259.330827,2026-07-06T13:10:59.330827,5.08857,1.40336,7.14111,14.31000,26.73558,5.05345,1.40190,7.08443,14.25000,26.58989,0.00000,0.00000,0.00000,0.00000,0.00000,0.00000,0.00000,0.00000,0.00000,0.00000,14.22554,53.32547
83-1,1783318259.430945,2026-07-06T13:10:59.430945,5.08867,1.40141,7.13132,14.29000,27.44956,5.05341,1.40287,7.08930,14.26000,27.29966,0.00000,0.00000,0.00000,0.00000,0.00000,0.00000,0.00000,0.00000,0.00000,0.00000,14.22062,54.74922
83-1,1783318259.531063,2026-07-06T13:10:59.531063,5.08099,1.39555,7.09078,14.23000,28.15947,5.05336,1.40385,7.09417,14.27000,28.00991,0.00000,0.00000,0.00000,0.00000,0.00000,0.00000,0.00000,0.00000,0.00000,0.00000,14.18495,56.16938
83-1,1783318259.631183,2026-07-06T13:10:59.631183,5.07710,1.39360,7.07543,14.21000,28.86786,5.04536,1.40385,7.08294,14.27000,28.71905,0.00000,0.00000,0.00000,0.00000,0.00000,0.00000,0.00000,0.00000,0.00000,0.00000,14.15837,57.58691
83-1,1783318259.731301,2026-07-06T13:10:59.731301,5.08510,1.39360,7.08658,14.21000,29.57736,5.05728,1.40580,7.10954,14.29000,29.43085,0.00000,0.00000,0.00000,0.00000,0.00000,0.00000,0.00000,0.00000,0.00000,0.00000,14.19612,59.00820
83-1,1783318259.831419,2026-07-06T13:10:59.831419,5.07749,1.38652,7.04002,14.14000,30.28219,5.05763,1.39799,7.07052,14.21000,30.13873,0.00000,0.00000,0.00000,0.00000,0.00000,0.00000,0.00000,0.00000,0.00000,0.00000,14.11054,60.42092
83-1,1783318259.931537,2026-07-06T13:10:59.931537,5.07667,1.40141,7.11450,14.29000,30.99448,5.05701,1.41166,7.13880,14.35000,30.85345,0.00000,0.00000,0.00000,0.00000,0.00000,0.00000,0.00000,0.00000,0.00000,0.00000,14.25330,61.84793
83-1,1783318260.031655,2026-07-06T13:11:00.031655,5.07283,1.39848,7.09426,14.26000,31.70474,5.04901,1.41166,7.12751,14.35000,31.56705,0.00000,0.00000,0.00000,0.00000,0.00000,0.00000,0.00000,0.00000,0.00000,0.00000,14.22177,63.27179
83-1,1783318260.131774,2026-07-06T13:11:00.131774,5.08083,1.39848,7.10544,14.26000,32.41613,5.04914,1.40873,7.11290,14.32000,32.27918,0.00000,0.00000,0.00000,0.00000,0.00000,0.00000,0.00000,0.00000,0.00000,0.00000,14.21834,64.69531
83-1,1783318260.231891,2026-07-06T13:11:00.231891,5.08441,1.40629,7.15017,14.34000,33.13198,5.04919,1.40776,7.10803,14.31000,32.99081,0.00000,0.00000,0.00000,0.00000,0.00000,0.00000,0.00000,0.00000,0.00000,0.00000,14.25820,66.12280
83-1,1783318260.332007,2026-07-06T13:11:00.332007,5.08323,1.42778,7.25773,14.56000,33.85860,5.05332,1.40483,7.09904,14.28000,33.70154,0.00000,0.00000,0.00000,0.00000,0.00000,0.00000,0.00000,0.00000,0.00000,0.00000,14.35677,67.56014
83-1,1783318260.432127,2026-07-06T13:11:00.432127,5.08361,1.42094,7.22351,14.49000,34.58182,5.05332,1.40483,7.09904,14.28000,34.41230,0.00000,0.00000,0.00000,0.00000,0.00000,0.00000,0.00000,0.00000,0.00000,0.00000,14.32255,68.99411
83-1,1783318260.532243,2026-07-06T13:11:00.532243,5.08761,1.42094,7.22919,14.49000,35.30558,5.04954,1.39995,7.06908,14.23000,35.12003,0.00000,0.00000,0.00000,0.00000,0.00000,0.00000,0.00000,0.00000,0.00000,0.00000,14.29827,70.42560
83-1,1783318260.632361,2026-07-06T13:11:00.632361,5.08355,1.42192,7.22840,14.50000,36.02927,5.04932,1.40483,7.09343,14.28000,35.83021,0.00000,0.00000,0.00000,0.00000,0.00000,0.00000,0.00000,0.00000,0.00000,0.00000,14.32183,71.85948
83-1,1783318260.732480,2026-07-06T13:11:00.732480,5.08451,1.40434,7.14038,14.32000,36.74416,5.05332,1.40483,7.09904,14.28000,36.54096,0.00000,0.00000,0.00000,0.00000,0.00000,0.00000,0.00000,0.00000,0.00000,0.00000,14.23942,73.28512
83-1,1783318260.832597,2026-07-06T13:11:00.832597,5.08110,1.39360,7.08101,14.21000,37.45309,5.05332,1.40483,7.09904,14.28000,37.25169,0.00000,0.00000,0.00000,0.00000,0.00000,0.00000,0.00000,0.00000,0.00000,0.00000,14.18005,74.70478
83-1,1783318260.932715,2026-07-06T13:11:00.932715,5.08334,1.42582,7.24795,14.54000,38.17874,5.05008,1.38798,7.00942,14.11000,37.95346,0.00000,0.00000,0.00000,0.00000,0.00000,0.00000,0.00000,0.00000,0.00000,0.00000,14.25737,76.13220
83-1,1783318261.032833,2026-07-06T13:11:01.032833,5.08734,1.42582,7.25366,14.54000,38.90496,5.05061,1.37626,6.95097,13.99000,38.64938,0.00000,0.00000,0.00000,0.00000,0.00000,0.00000,0.00000,0.00000,0.00000,0.00000,14.20463,77.55434
83-1,1783318261.132951,2026-07-06T13:11:01.132951,5.08366,1.41997,7.21862,14.48000,39.62767,5.05035,1.38212,6.98020,14.05000,39.34822,0.00000,0.00000,0.00000,0.00000,0.00000,0.00000,0.00000,0.00000,0.00000,0.00000,14.19882,78.97589
83-1,1783318261.233070,2026-07-06T13:11:01.233070,5.08382,1.41704,7.20395,14.45000,40.34892,5.04554,1.39995,7.06348,14.05000,40.05541,0.00000,0.00000,0.00000,0.00000,0.00000,0.00000,0.00000,0.00000,0.00000,0.00000,14.26743,80.40433
83-1,1783318261.333188,2026-07-06T13:11:01.333188,5.08115,1.39262,7.07612,14.20000,41.05737,5.04954,1.39995,7.06908,14.23000,40.76315,0.00000,0.00000,0.00000,0.00000,0.00000,0.00000,0.00000,0.00000,0.00000,0.00000,14.14520,81.82053
83-1,1783318261.433305,2026-07-06T13:11:01.433305,5.08115,1.39262,7.07612,14.20000,41.76581,5.05319,1.40776,7.11366,14.31000,41.47535,0.00000,0.00000,0.00000,0.00000,0.00000,0.00000,0.00000,0.00000,0.00000,0.00000,14.18978,83.24116
83-1,1783318261.533423,2026-07-06T13:11:01.533423,5.08334,1.42582,7.24795,14.54000,42.49147,5.05323,1.40678,7.10879,14.30000,42.18707,0.00000,0.00000,0.00000,0.00000,0.00000,0.00000,0.00000,0.00000,0.00000,0.00000,14.35674,84.67854
83-1,1783318261.633538,2026-07-06T13:11:01.633538,5.08355,1.42192,7.22840,14.50000,43.21514,5.05354,1.39995,7.07468,14.23000,42.89535,0.00000,0.00000,0.00000,0.00000,0.00000,0.00000,0.00000,0.00000,0.00000,0.00000,14.30308,86.11049
83-1,1783318261.733657,2026-07-06T13:11:01.733657,5.08025,1.40922,7.15920,14.37000,43.93191,5.04954,1.39995,7.06908,14.23000,43.60310,0.00000,0.00000,0.00000,0.00000,0.00000,0.00000,0.00000,0.00000,0.00000,0.00000,14.22828,87.53501
83-1,1783318261.833776,2026-07-06T13:11:01.833776,5.08025,1.40922,7.15920,14.37000,44.64868,5.05030,1.38310,6.98507,14.06000,44.30244,0.00000,0.00000,0.00000,0.00000,0.00000,0.00000,0.00000,0.00000,0.00000,0.00000,14.14427,88.95112
83-1,1783318261.933894,2026-07-06T13:11:01.933894,5.08462,1.40239,7.13060,14.30000,45.36258,5.04932,1.40483,7.09343,14.28000,45.01262,0.00000,0.00000,0.00000,0.00000,0.00000,0.00000,0.00000,0.00000,0.00000,0.00000,14.22403,90.37520
83-1,1783318262.034013,2026-07-06T13:11:02.034013,5.08371,1.41899,7.21373,14.47000,46.08481,5.05323,1.40678,7.10879,14.30000,45.72434,0.00000,0.00000,0.00000,0.00000,0.00000,0.00000,0.00000,0.00000,0.00000,0.00000,14.32252,91.80915
83-1,1783318262.134129,2026-07-06T13:11:02.134129,5.08867,1.40141,7.13132,14.29000,46.79877,5.05323,1.40678,7.10879,14.30000,46.43605,0.00000,0.00000,0.00000,0.00000,0.00000,0.00000,0.00000,0.00000,0.00000,0.00000,14.24011,93.23482
83-1,1783318262.234247,2026-07-06T13:11:02.234247,5.07667,1.40141,7.11450,14.29000,47.51106,5.04528,1.40580,7.09267,14.29000,47.14615,0.00000,0.00000,0.00000,0.00000,0.00000,0.00000,0.00000,0.00000,0.00000,0.00000,14.20717,94.65722
83-1,1783318262.334363,2026-07-06T13:11:02.334363,5.07929,1.42680,7.24713,14.55000,48.23661,5.04630,1.38310,6.97954,14.06000,47.84491,0.00000,0.00000,0.00000,0.00000,0.00000,0.00000,0.00000,0.00000,0.00000,0.00000,14.22667,96.08152
83-1,1783318262.434481,2026-07-06T13:11:02.434481,5.08355,1.42192,7.22840,14.50000,48.96031,5.04892,1.41362,7.13724,14.37000,48.55948,0.00000,0.00000,0.00000,0.00000,0.00000,0.00000,0.00000,0.00000,0.00000,0.00000,14.36564,97.51979
84-1,1783318262.534611,2026-07-06T13:11:02.534611,5.08521,1.39164,7.07680,14.19000,0.70860,5.05292,1.41362,7.14290,14.37000,0.71522,0.00000,0.00000,0.00000,0.00000,0.00000,0.00000,0.00000,0.00000,0.00000,0.00000,14.21970,1.42382
84-1,1783318262.634728,2026-07-06T13:11:02.634728,5.08149,1.38652,7.04557,14.14000,1.41398,5.05253,1.33403,6.74020,13.56000,1.39003,0.00000,0.00000,0.00000,0.00000,0.00000,0.00000,0.00000,0.00000,0.00000,0.00000,13.78577,2.80401
84-1,1783318262.734846,2026-07-06T13:11:02.734846,5.08149,1.38652,7.04557,14.14000,2.11937,5.05030,1.38310,6.98507,14.06000,2.08936,0.00000,0.00000,0.00000,0.00000,0.00000,0.00000,0.00000,0.00000,0.00000,0.00000,14.03064,4.20872
84-1,1783318262.834961,2026-07-06T13:11:02.834961,5.09897,1.43266,7.30509,14.61000,2.85072,5.05267,1.24247,6.27779,12.63000,2.71786,0.00000,0.00000,0.00000,0.00000,0.00000,0.00000,0.00000,0.00000,0.00000,0.00000,13.58288,5.56858
84-1,1783318262.935078,2026-07-06T13:11:02.935078,5.12319,0.98856,5.06456,10.08000,3.35777,5.04067,1.24247,6.26288,12.63000,3.34488,0.00000,0.00000,0.00000,0.00000,0.00000,0.00000,0.00000,0.00000,0.00000,0.00000,11.32744,6.70265
84-1,1783318263.035196,2026-07-06T13:11:03.035196,5.07365,1.38359,7.01983,14.11000,4.06058,5.05052,1.37822,6.96071,14.01000,4.04177,0.00000,0.00000,0.00000,0.00000,0.00000,0.00000,0.00000,0.00000,0.00000,0.00000,13.98054,8.10235
84-1,1783318263.135315,2026-07-06T13:11:03.135315,5.08165,1.38359,7.03090,14.11000,4.76450,5.04967,1.39702,7.05447,14.20000,4.74806,0.00000,0.00000,0.00000,0.00000,0.00000,0.00000,0.00000,0.00000,0.00000,0.00000,14.08537,9.51256
84-1,1783318263.235435,2026-07-06T13:11:03.235435,5.08473,1.40043,7.12082,14.28000,5.47744,5.05075,1.37333,6.93636,13.96000,5.44252,0.00000,0.00000,0.00000,0.00000,0.00000,0.00000,0.00000,0.00000,0.00000,0.00000,14.05718,10.91996
84-1,1783318263.335471,2026-07-06T13:11:03.335471,5.08549,1.38652,7.05111,14.14000,6.18281,5.05075,1.37333,6.93636,13.96000,6.13641,0.00000,0.00000,0.00000,0.00000,0.00000,0.00000,0.00000,0.00000,0.00000,0.00000,13.98747,12.31922
84-1,1783318263.435591,2026-07-06T13:11:03.435591,5.08505,1.39457,7.09147,14.22000,6.89280,5.05035,1.38212,6.98020,14.05000,6.83527,0.00000,0.00000,0.00000,0.00000,0.00000,0.00000,0.00000,0.00000,0.00000,0.00000,14.07167,13.72807
84-1,1783318263.535659,2026-07-06T13:11:03.535659,5.08505,1.39457,7.09147,14.22000,7.60243,5.05088,1.37040,6.92174,13.93000,7.52791,0.00000,0.00000,0.00000,0.00000,0.00000,0.00000,0.00000,0.00000,0.00000,0.00000,14.01321,15.13034
84-1,1783318263.635778,2026-07-06T13:11:03.635778,5.08403,1.41313,7.18440,14.41000,8.32173,5.05083,1.37138,6.92661,13.94000,8.22140,0.00000,0.00000,0.00000,0.00000,0.00000,0.00000,0.00000,0.00000,0.00000,0.00000,14.11101,16.54313
84-1,1783318263.735844,2026-07-06T13:11:03.735844,5.07337,1.38871,7.04546,14.16000,9.02674,5.05483,1.37138,6.93210,13.94000,8.91507,0.00000,0.00000,0.00000,0.00000,0.00000,0.00000,0.00000,0.00000,0.00000,0.00000,13.97756,17.94181
84-1,1783318263.835965,2026-07-06T13:11:03.835965,5.07391,1.37870,6.99542,14.06000,9.72713,5.04936,1.40385,7.08856,14.27000,9.62478,0.00000,0.00000,0.00000,0.00000,0.00000,0.00000,0.00000,0.00000,0.00000,0.00000,14.08398,19.35190
84-1,1783318263.936085,2026-07-06T13:11:03.936085,5.08819,1.41020,7.17537,14.38000,10.44553,5.05070,1.37431,6.94123,13.97000,10.31974,0.00000,0.00000,0.00000,0.00000,0.00000,0.00000,0.00000,0.00000,0.00000,0.00000,14.11660,20.76527
84-1,1783318264.036203,2026-07-06T13:11:04.036203,5.08419,1.41020,7.16973,14.38000,11.16335,5.04670,1.37431,6.93573,13.97000,11.01413,0.00000,0.00000,0.00000,0.00000,0.00000,0.00000,0.00000,0.00000,0.00000,0.00000,14.10546,22.17747
84-1,1783318264.136321,2026-07-06T13:11:04.136321,5.07689,1.39750,7.09497,14.25000,11.87368,5.05070,1.37431,6.94123,13.97000,11.70907,0.00000,0.00000,0.00000,0.00000,0.00000,0.00000,0.00000,0.00000,0.00000,0.00000,14.03620,23.58275
84-1,1783318264.236439,2026-07-06T13:11:04.236439,5.07749,1.38652,7.04002,14.14000,12.57851,5.05354,1.39995,7.07468,14.23000,12.41738,0.00000,0.00000,0.00000,0.00000,0.00000,0.00000,0.00000,0.00000,0.00000,0.00000,14.11470,24.99589
84-1,1783318264.336558,2026-07-06T13:11:04.336558,5.07770,1.38261,7.02048,14.10000,13.28139,5.05457,1.37724,6.96135,14.00000,13.11433,0.00000,0.00000,0.00000,0.00000,0.00000,0.00000,0.00000,0.00000,0.00000,0.00000,13.98183,26.39573
84-1,1783318264.436673,2026-07-06T13:11:04.436673,5.08570,1.38261,7.03154,14.10000,13.98536,5.04688,1.37040,6.91626,13.93000,13.80676,0.00000,0.00000,0.00000,0.00000,0.00000,0.00000,0.00000,0.00000,0.00000,0.00000,13.94780,27.79211
84-1,1783318264.536791,2026-07-06T13:11:04.536791,5.08425,1.40922,7.16484,14.37000,14.70269,5.05088,1.37040,6.92174,13.93000,14.49975,0.00000,0.00000,0.00000,0.00000,0.00000,0.00000,0.00000,0.00000,0.00000,0.00000,14.08658,29.20244
84-1,1783318264.636909,2026-07-06T13:11:04.636909,5.08377,1.41801,7.20884,14.46000,15.42442,5.04936,1.40385,7.08856,14.27000,15.20944,0.00000,0.00000,0.00000,0.00000,0.00000,0.00000,0.00000,0.00000,0.00000,0.00000,14.29740,30.63387
84-1,1783318264.737027,2026-07-06T13:11:04.737027,5.08441,1.40629,7.15017,14.34000,16.14028,5.05039,1.38115,6.97533,14.04000,15.90780,0.00000,0.00000,0.00000,0.00000,0.00000,0.00000,0.00000,0.00000,0.00000,0.00000,14.12550,32.04808
84-1,1783318264.837147,2026-07-06T13:11:04.837147,5.07641,1.40629,7.13891,14.34000,16.85503,5.05052,1.37822,6.96071,14.01000,16.60470,0.00000,0.00000,0.00000,0.00000,0.00000,0.00000,0.00000,0.00000,0.00000,0.00000,14.09962,33.45974
84-1,1783318264.937263,2026-07-06T13:11:04.937263,5.08137,1.38871,7.05656,14.16000,17.56150,5.04652,1.37822,6.95520,14.01000,17.30103,0.00000,0.00000,0.00000,0.00000,0.00000,0.00000,0.00000,0.00000,0.00000,0.00000,14.01176,34.86253
84-1,1783318265.037381,2026-07-06T13:11:05.037381,5.08131,1.38969,7.06145,14.17000,18.26848,5.05452,1.37822,6.96623,14.01000,17.99848,0.00000,0.00000,0.00000,0.00000,0.00000,0.00000,0.00000,0.00000,0.00000,0.00000,14.02768,36.26696
84-1,1783318265.137497,2026-07-06T13:11:05.137497,5.08131,1.38969,7.06145,14.17000,18.97545,5.05341,1.40287,7.08930,14.26000,18.70823,0.00000,0.00000,0.00000,0.00000,0.00000,0.00000,0.00000,0.00000,0.00000,0.00000,14.15075,37.68368
84-1,1783318265.237615,2026-07-06T13:11:05.237615,5.08554,1.38554,7.04622,14.13000,19.68090,5.04972,1.39604,7.04960,14.19000,19.41402,0.00000,0.00000,0.00000,0.00000,0.00000,0.00000,0.00000,0.00000,0.00000,0.00000,14.09582,39.09491
84-1,1783318265.337730,2026-07-06T13:11:05.337730,5.08154,1.38554,7.04068,14.13000,20.38578,5.04972,1.39604,7.04960,14.19000,20.11979,0.00000,0.00000,0.00000,0.00000,0.00000,0.00000,0.00000,0.00000,0.00000,0.00000,14.09028,40.50557
84-1,1783318265.437849,2026-07-06T13:11:05.437849,5.08489,1.39750,7.10615,14.25000,21.09724,5.04657,1.37724,6.95033,14.00000,20.81565,0.00000,0.00000,0.00000,0.00000,0.00000,0.00000,0.00000,0.00000,0.00000,0.00000,14.05648,41.91289
84-1,1783318265.537964,2026-07-06T13:11:05.537964,5.08419,1.41020,7.16973,14.38000,21.81504,5.04648,1.37919,6.96007,14.02000,21.51246,0.00000,0.00000,0.00000,0.00000,0.00000,0.00000,0.00000,0.00000,0.00000,0.00000,14.12980,43.32750
84-1,1783318265.638083,2026-07-06T13:11:05.638083,5.08377,1.41801,7.20884,14.46000,22.53677,5.05061,1.37626,6.95097,13.99000,22.20838,0.00000,0.00000,0.00000,0.00000,0.00000,0.00000,0.00000,0.00000,0.00000,0.00000,14.15981,44.74515
84-1,1783318265.738202,2026-07-06T13:11:05.738202,5.07977,1.41801,7.20317,14.46000,23.25795,5.05461,1.37626,6.95648,13.99000,22.90486,0.00000,0.00000,0.00000,0.00000,0.00000,0.00000,0.00000,0.00000,0.00000,0.00000,14.15965,46.16281
84-1,1783318265.838319,2026-07-06T13:11:05.838319,5.07982,1.41704,7.19829,14.45000,23.97862,5.05391,1.39189,7.03447,14.15000,23.60912,0.00000,0.00000,0.00000,0.00000,0.00000,0.00000,0.00000,0.00000,0.00000,0.00000,14.23276,47.58774
84-1,1783318265.938437,2026-07-06T13:11:05.938437,5.07977,1.41801,7.20317,14.46000,24.69979,5.05336,1.40385,7.09417,14.27000,24.31938,0.00000,0.00000,0.00000,0.00000,0.00000,0.00000,0.00000,0.00000,0.00000,0.00000,14.29734,49.01917
84-1,1783318266.038552,2026-07-06T13:11:06.038552,5.08393,1.41508,7.19418,14.43000,25.42004,5.05350,1.40092,7.07955,14.24000,25.02815,0.00000,0.00000,0.00000,0.00000,0.00000,0.00000,0.00000,0.00000,0.00000,0.00000,14.27373,50.44819
84-1,1783318266.138671,2026-07-06T13:11:06.138671,5.08393,1.41508,7.19418,14.43000,26.14031,5.05350,1.40092,7.07955,14.24000,25.73695,0.00000,0.00000,0.00000,0.00000,0.00000,0.00000,0.00000,0.00000,0.00000,0.00000,14.27373,51.87725
84-1,1783318266.238791,2026-07-06T13:11:06.238791,5.07166,1.41997,7.20158,14.48000,26.86133,5.03719,1.40776,7.09114,14.31000,26.44691,0.00000,0.00000,0.00000,0.00000,0.00000,0.00000,0.00000,0.00000,0.00000,0.00000,14.29272,53.30824
84-1,1783318266.338909,2026-07-06T13:11:06.338909,5.07193,1.41508,7.17719,14.43000,27.57990,5.03710,1.40971,7.10085,14.33000,27.15784,0.00000,0.00000,0.00000,0.00000,0.00000,0.00000,0.00000,0.00000,0.00000,0.00000,14.27804,54.73774
84-1,1783318266.439027,2026-07-06T13:11:06.439027,5.08409,1.41215,7.17951,14.40000,28.29870,5.05705,1.41069,7.13392,14.34000,27.87207,0.00000,0.00000,0.00000,0.00000,0.00000,0.00000,0.00000,0.00000,0.00000,0.00000,14.31343,56.17076
84-1,1783318266.539093,2026-07-06T13:11:06.539093,5.09651,1.40434,7.15724,14.40000,29.01489,5.05305,1.41069,7.12828,14.34000,28.58537,0.00000,0.00000,0.00000,0.00000,0.00000,0.00000,0.00000,0.00000,0.00000,0.00000,14.28552,57.60026
84-1,1783318266.639160,2026-07-06T13:11:06.639160,5.08051,1.40434,7.13477,14.32000,29.72885,5.05705,1.41069,7.13392,14.34000,29.29924,0.00000,0.00000,0.00000,0.00000,0.00000,0.00000,0.00000,0.00000,0.00000,0.00000,14.26869,59.02808
84-1,1783318266.739278,2026-07-06T13:11:06.739278,5.07754,1.38554,7.03513,14.13000,30.43319,5.05719,1.40776,7.11929,14.31000,30.01200,0.00000,0.00000,0.00000,0.00000,0.00000,0.00000,0.00000,0.00000,0.00000,0.00000,14.15442,60.44519
84-1,1783318266.839396,2026-07-06T13:11:06.839396,5.07731,1.38969,7.05589,14.17000,31.13961,5.05305,1.41069,7.12828,14.34000,30.72568,0.00000,0.00000,0.00000,0.00000,0.00000,0.00000,0.00000,0.00000,0.00000,0.00000,14.18417,61.86529
84-1,1783318266.939514,2026-07-06T13:11:06.939514,5.08110,1.39360,7.08101,14.21000,31.84855,5.04905,1.41069,7.12264,14.34000,31.43878,0.00000,0.00000,0.00000,0.00000,0.00000,0.00000,0.00000,0.00000,0.00000,0.00000,14.20365,63.28733
84-1,1783318267.039580,2026-07-06T13:11:07.039580,5.07710,1.39360,7.07543,14.21000,32.55656,5.05301,1.41166,7.13315,14.35000,32.15257,0.00000,0.00000,0.00000,0.00000,0.00000,0.00000,0.00000,0.00000,0.00000,0.00000,14.20858,64.70913
84-1,1783318267.139698,2026-07-06T13:11:07.139698,5.08014,1.41118,7.16897,14.39000,33.27430,5.05314,1.40873,7.11854,14.32000,32.86526,0.00000,0.00000,0.00000,0.00000,0.00000,0.00000,0.00000,0.00000,0.00000,0.00000,14.28751,66.13957
84-1,1783318267.239816,2026-07-06T13:11:07.239816,5.07934,1.42582,7.24225,14.54000,33.99938,5.05323,1.40678,7.10879,14.30000,33.57698,0.00000,0.00000,0.00000,0.00000,0.00000,0.00000,0.00000,0.00000,0.00000,0.00000,14.35104,67.57636
84-1,1783318267.339934,2026-07-06T13:11:07.339934,5.07561,1.42094,7.21214,14.49000,34.72144,5.04923,1.40678,7.10316,14.30000,34.28813,0.00000,0.00000,0.00000,0.00000,0.00000,0.00000,0.00000,0.00000,0.00000,0.00000,14.31530,69.00957
84-1,1783318267.440050,2026-07-06T13:11:07.440050,5.07961,1.42094,7.21783,14.49000,35.44407,5.04950,1.40092,7.07395,14.24000,34.99635,0.00000,0.00000,0.00000,0.00000,0.00000,0.00000,0.00000,0.00000,0.00000,0.00000,14.29178,70.44042
84-1,1783318267.540169,2026-07-06T13:11:07.540169,5.07961,1.42094,7.21783,14.49000,36.16671,5.04923,1.40678,7.10316,14.30000,35.70751,0.00000,0.00000,0.00000,0.00000,0.00000,0.00000,0.00000,0.00000,0.00000,0.00000,14.32099,71.87422
84-1,1783318267.640284,2026-07-06T13:11:07.640284,5.08115,1.39262,7.07612,14.20000,36.87513,5.05328,1.40580,7.10392,14.29000,36.41872,0.00000,0.00000,0.00000,0.00000,0.00000,0.00000,0.00000,0.00000,0.00000,0.00000,14.18004,73.29385
84-1,1783318267.740401,2026-07-06T13:11:07.740401,5.08499,1.39555,7.09636,14.23000,37.58560,5.05328,1.40580,7.10392,14.29000,37.12994,0.00000,0.00000,0.00000,0.00000,0.00000,0.00000,0.00000,0.00000,0.00000,0.00000,14.20028,74.71554
84-1,1783318267.840516,2026-07-06T13:11:07.840516,5.08499,1.39555,7.09636,14.23000,38.29605,5.04630,1.38310,6.97954,14.06000,37.82870,0.00000,0.00000,0.00000,0.00000,0.00000,0.00000,0.00000,0.00000,0.00000,0.00000,14.07590,76.12475
84-1,1783318267.940634,2026-07-06T13:11:07.940634,5.08739,1.42485,7.24876,14.53000,39.02178,5.04635,1.38212,6.97467,14.05000,38.52699,0.00000,0.00000,0.00000,0.00000,0.00000,0.00000,0.00000,0.00000,0.00000,0.00000,14.22343,77.54877
84-1,1783318268.040752,2026-07-06T13:11:08.040752,5.07961,1.42094,7.21783,14.49000,39.74442,5.05026,1.38408,6.98994,14.07000,39.22681,0.00000,0.00000,0.00000,0.00000,0.00000,0.00000,0.00000,0.00000,0.00000,0.00000,14.20777,78.97123
84-1,1783318268.140870,2026-07-06T13:11:08.140870,5.08067,1.40141,7.12011,14.29000,40.45727,5.05026,1.38408,6.98994,14.07000,39.92662,0.00000,0.00000,0.00000,0.00000,0.00000,0.00000,0.00000,0.00000,0.00000,0.00000,14.11005,80.38389
85-1,1783318268.240998,2026-07-06T13:11:08.240998,5.08515,1.39262,7.08169,14.20000,0.70907,5.05297,1.41264,7.13803,14.36000,0.71472,0.00000,0.00000,0.00000,0.00000,0.00000,0.00000,0.00000,0.00000,0.00000,0.00000,14.21972,1.42379
85-1,1783318268.341118,2026-07-06T13:11:08.341118,5.07715,1.39262,7.07055,14.20000,1.41698,5.05666,1.33110,6.73089,13.53000,1.38861,0.00000,0.00000,0.00000,0.00000,0.00000,0.00000,0.00000,0.00000,0.00000,0.00000,13.80144,2.80559
85-1,1783318268.441236,2026-07-06T13:11:08.441236,5.09315,1.39262,7.09283,14.20000,2.12710,5.04220,1.47368,7.43058,14.98000,2.13255,0.00000,0.00000,0.00000,0.00000,0.00000,0.00000,0.00000,0.00000,0.00000,0.00000,14.52341,4.25965
85-1,1783318268.541353,2026-07-06T13:11:08.541353,5.10626,1.15238,5.88434,11.75000,2.71622,5.04220,1.47368,7.43058,14.98000,2.87647,0.00000,0.00000,0.00000,0.00000,0.00000,0.00000,0.00000,0.00000,0.00000,0.00000,13.31492,5.59270
85-1,1783318268.641469,2026-07-06T13:11:08.641469,5.08009,1.41215,7.17386,14.40000,3.43444,5.05519,1.36357,6.89309,13.86000,3.56659,0.00000,0.00000,0.00000,0.00000,0.00000,0.00000,0.00000,0.00000,0.00000,0.00000,14.06695,7.00103
85-1,1783318268.741587,2026-07-06T13:11:08.741587,5.08409,1.41215,7.17951,14.40000,4.15324,5.05466,1.37529,6.95160,13.98000,4.26257,0.00000,0.00000,0.00000,0.00000,0.00000,0.00000,0.00000,0.00000,0.00000,0.00000,14.13111,8.41581
85-1,1783318268.841704,2026-07-06T13:11:08.841704,5.08559,1.38456,7.04133,14.12000,4.85820,5.04292,1.36943,6.90591,13.92000,4.95397,0.00000,0.00000,0.00000,0.00000,0.00000,0.00000,0.00000,0.00000,0.00000,0.00000,13.94724,9.81217
85-1,1783318268.941821,2026-07-06T13:11:08.941821,5.08575,1.38163,7.02665,14.09000,5.56169,5.05092,1.36943,6.91687,13.92000,5.64646,0.00000,0.00000,0.00000,0.00000,0.00000,0.00000,0.00000,0.00000,0.00000,0.00000,13.94352,11.20815
85-1,1783318269.041937,2026-07-06T13:11:09.041937,5.08110,1.39360,7.08101,14.21000,6.27060,5.04661,1.37626,6.94547,13.99000,6.34181,0.00000,0.00000,0.00000,0.00000,0.00000,0.00000,0.00000,0.00000,0.00000,0.00000,14.02648,12.61242
85-1,1783318269.142054,2026-07-06T13:11:09.142054,5.07710,1.39360,7.07543,14.21000,6.97898,5.05088,1.37040,6.92174,13.93000,7.03480,0.00000,0.00000,0.00000,0.00000,0.00000,0.00000,0.00000,0.00000,0.00000,0.00000,13.99717,14.01377
85-1,1783318269.242172,2026-07-06T13:11:09.242172,5.08165,1.38359,7.03090,14.11000,7.68290,5.04981,1.39409,7.03986,14.17000,7.73961,0.00000,0.00000,0.00000,0.00000,0.00000,0.00000,0.00000,0.00000,0.00000,0.00000,14.07076,15.42251
85-1,1783318269.342290,2026-07-06T13:11:09.342290,5.08478,1.39946,7.11593,14.27000,8.39533,5.05070,1.37431,6.94123,13.97000,8.43456,0.00000,0.00000,0.00000,0.00000,0.00000,0.00000,0.00000,0.00000,0.00000,0.00000,14.05716,16.82988
85-1,1783318269.442356,2026-07-06T13:11:09.442356,5.08473,1.40043,7.12082,14.28000,9.10788,5.05470,1.37431,6.94672,13.97000,9.12969,0.00000,0.00000,0.00000,0.00000,0.00000,0.00000,0.00000,0.00000,0.00000,0.00000,14.06754,18.23757
85-1,1783318269.542423,2026-07-06T13:11:09.542423,5.08159,1.38456,7.03579,14.12000,9.81193,5.04945,1.40190,7.07882,14.25000,9.83804,0.00000,0.00000,0.00000,0.00000,0.00000,0.00000,0.00000,0.00000,0.00000,0.00000,14.11461,19.64997
85-1,1783318269.642540,2026-07-06T13:11:09.642540,5.07759,1.38456,7.03025,14.12000,10.51578,5.05061,1.37626,6.95097,13.99000,10.53395,0.00000,0.00000,0.00000,0.00000,0.00000,0.00000,0.00000,0.00000,0.00000,0.00000,13.98122,21.04973
85-1,1783318269.742658,2026-07-06T13:11:09.742658,5.08521,1.39164,7.07680,14.19000,11.22429,5.04679,1.37236,6.92599,13.95000,11.22737,0.00000,0.00000,0.00000,0.00000,0.00000,0.00000,0.00000,0.00000,0.00000,0.00000,14.00279,22.45166
85-1,1783318269.842780,2026-07-06T13:11:09.842780,5.08355,1.42192,7.22840,14.50000,11.94801,5.05079,1.37236,6.93148,13.95000,11.92136,0.00000,0.00000,0.00000,0.00000,0.00000,0.00000,0.00000,0.00000,0.00000,0.00000,14.15988,23.86938
85-1,1783318269.942899,2026-07-06T13:11:09.942899,5.08121,1.39164,7.07123,14.19000,12.65598,5.04986,1.39286,7.03377,14.16000,12.62557,0.00000,0.00000,0.00000,0.00000,0.00000,0.00000,0.00000,0.00000,0.00000,0.00000,14.10500,25.28155
85-1,1783318270.043017,2026-07-06T13:11:10.043017,5.08121,1.39164,7.07123,14.19000,13.36394,5.05048,1.37919,6.96558,14.02000,13.32296,0.00000,0.00000,0.00000,0.00000,0.00000,0.00000,0.00000,0.00000,0.00000,0.00000,14.03681,26.68690
85-1,1783318270.143135,2026-07-06T13:11:10.143135,5.08537,1.38871,7.06212,14.16000,14.07098,5.05404,1.38896,7.01985,14.12000,14.02577,0.00000,0.00000,0.00000,0.00000,0.00000,0.00000,0.00000,0.00000,0.00000,0.00000,14.08197,28.09676
85-1,1783318270.243254,2026-07-06T13:11:10.243254,5.08446,1.40532,7.14527,14.33000,14.78636,5.05004,1.38896,7.01429,14.12000,14.72803,0.00000,0.00000,0.00000,0.00000,0.00000,0.00000,0.00000,0.00000,0.00000,0.00000,14.15956,29.51439
85-1,1783318270.343373,2026-07-06T13:11:10.343373,5.08366,1.41997,7.21862,14.48000,15.50908,5.04999,1.38993,7.01916,14.13000,15.43078,0.00000,0.00000,0.00000,0.00000,0.00000,0.00000,0.00000,0.00000,0.00000,0.00000,14.23778,30.93986
85-1,1783318270.443491,2026-07-06T13:11:10.443491,5.08366,1.41997,7.21862,14.48000,16.23179,5.05039,1.38115,6.97533,14.04000,16.12914,0.00000,0.00000,0.00000,0.00000,0.00000,0.00000,0.00000,0.00000,0.00000,0.00000,14.19395,32.36093
85-1,1783318270.543610,2026-07-06T13:11:10.543610,5.08099,1.39555,7.09078,14.23000,16.94172,5.05066,1.37529,6.94610,13.98000,16.82458,0.00000,0.00000,0.00000,0.00000,0.00000,0.00000,0.00000,0.00000,0.00000,0.00000,14.03688,33.76629
85-1,1783318270.643728,2026-07-06T13:11:10.643728,5.08137,1.38871,7.05656,14.16000,17.64820,5.05466,1.37529,6.95160,13.98000,17.52055,0.00000,0.00000,0.00000,0.00000,0.00000,0.00000,0.00000,0.00000,0.00000,0.00000,14.00816,35.16876
85-1,1783318270.743844,2026-07-06T13:11:10.743844,5.08110,1.39360,7.08101,14.21000,18.35713,5.04928,1.40580,7.09829,14.29000,18.23121,0.00000,0.00000,0.00000,0.00000,0.00000,0.00000,0.00000,0.00000,0.00000,0.00000,14.17930,36.58834
85-1,1783318270.843964,2026-07-06T13:11:10.843964,5.08510,1.39360,7.08658,14.21000,19.06663,5.05044,1.38017,6.97046,14.03000,18.92909,0.00000,0.00000,0.00000,0.00000,0.00000,0.00000,0.00000,0.00000,0.00000,0.00000,14.05704,37.99572
85-1,1783318270.944079,2026-07-06T13:11:10.944079,5.08510,1.39360,7.08658,14.21000,19.77611,5.04648,1.37919,6.96007,14.02000,19.62590,0.00000,0.00000,0.00000,0.00000,0.00000,0.00000,0.00000,0.00000,0.00000,0.00000,14.04665,39.40201
85-1,1783318271.044194,2026-07-06T13:11:11.044194,5.08403,1.41313,7.18440,14.41000,20.49538,5.04648,1.37919,6.96007,14.02000,20.32271,0.00000,0.00000,0.00000,0.00000,0.00000,0.00000,0.00000,0.00000,0.00000,0.00000,14.14447,40.81809
85-1,1783318271.144313,2026-07-06T13:11:11.144313,5.08393,1.41508,7.19418,14.43000,21.21565,5.05066,1.37529,6.94610,13.98000,21.01814,0.00000,0.00000,0.00000,0.00000,0.00000,0.00000,0.00000,0.00000,0.00000,0.00000,14.14028,42.23379
85-1,1783318271.244432,2026-07-06T13:11:11.244432,5.08003,1.41313,7.17874,14.41000,21.93438,5.04958,1.39897,7.06421,14.22000,21.72540,0.00000,0.00000,0.00000,0.00000,0.00000,0.00000,0.00000,0.00000,0.00000,0.00000,14.24295,43.65978
85-1,1783318271.344548,2026-07-06T13:11:11.344548,5.08403,1.41313,7.18440,14.41000,22.65365,5.05310,1.40971,7.12341,14.33000,22.43858,0.00000,0.00000,0.00000,0.00000,0.00000,0.00000,0.00000,0.00000,0.00000,0.00000,14.30781,45.09223
85-1,1783318271.444667,2026-07-06T13:11:11.444667,5.08377,1.41801,7.20884,14.46000,23.37539,5.04510,1.40971,7.11213,14.33000,23.15063,0.00000,0.00000,0.00000,0.00000,0.00000,0.00000,0.00000,0.00000,0.00000,0.00000,14.32097,46.52602
85-1,1783318271.544785,2026-07-06T13:11:11.544785,5.08345,1.42387,7.23818,14.52000,24.10006,5.04981,1.39409,7.03986,14.17000,23.85545,0.00000,0.00000,0.00000,0.00000,0.00000,0.00000,0.00000,0.00000,0.00000,0.00000,14.27804,47.95551
85-1,1783318271.644903,2026-07-06T13:11:11.644903,5.07939,1.42485,7.23737,14.53000,24.82466,5.05052,1.37822,6.96071,14.01000,24.55234,0.00000,0.00000,0.00000,0.00000,0.00000,0.00000,0.00000,0.00000,0.00000,0.00000,14.19808,49.37700
85-1,1783318271.745023,2026-07-06T13:11:11.745023,5.07939,1.42485,7.23737,14.53000,25.54926,5.04639,1.38115,6.96980,14.04000,25.25016,0.00000,0.00000,0.00000,0.00000,0.00000,0.00000,0.00000,0.00000,0.00000,0.00000,14.20717,50.79942
85-1,1783318271.845138,2026-07-06T13:11:11.845138,5.08361,1.42094,7.22351,14.49000,26.27244,5.05039,1.38115,6.97533,14.04000,25.94849,0.00000,0.00000,0.00000,0.00000,0.00000,0.00000,0.00000,0.00000,0.00000,0.00000,14.19884,52.22094
85-1,1783318271.945257,2026-07-06T13:11:11.945257,5.08366,1.41997,7.21862,14.48000,26.99516,5.04630,1.38310,6.97954,14.06000,26.64728,0.00000,0.00000,0.00000,0.00000,0.00000,0.00000,0.00000,0.00000,0.00000,0.00000,14.19816,53.64244
85-1,1783318272.045373,2026-07-06T13:11:12.045373,5.08393,1.41508,7.19418,14.43000,27.71542,5.04657,1.37724,6.95033,14.00000,27.34312,0.00000,0.00000,0.00000,0.00000,0.00000,0.00000,0.00000,0.00000,0.00000,0.00000,14.14451,55.05853
85-1,1783318272.145492,2026-07-06T13:11:12.145492,5.08355,1.42192,7.22840,14.43000,28.43912,5.05399,1.38993,7.02472,14.13000,28.04643,0.00000,0.00000,0.00000,0.00000,0.00000,0.00000,0.00000,0.00000,0.00000,0.00000,14.25312,56.48554
85-1,1783318272.245611,2026-07-06T13:11:12.245611,5.08355,1.42192,7.22840,14.50000,29.16281,5.04999,1.38993,7.01916,14.13000,28.74917,0.00000,0.00000,0.00000,0.00000,0.00000,0.00000,0.00000,0.00000,0.00000,0.00000,14.24756,57.91199
85-1,1783318272.345731,2026-07-06T13:11:12.345731,5.09161,1.42094,7.23488,14.49000,29.88717,5.04567,1.39702,7.04888,14.20000,29.45491,0.00000,0.00000,0.00000,0.00000,0.00000,0.00000,0.00000,0.00000,0.00000,0.00000,14.28376,59.34208
85-1,1783318272.445849,2026-07-06T13:11:12.445849,5.09118,1.42875,7.27405,14.57000,30.61544,5.04532,1.40483,7.08781,14.28000,30.16453,0.00000,0.00000,0.00000,0.00000,0.00000,0.00000,0.00000,0.00000,0.00000,0.00000,14.36186,60.77997
85-1,1783318272.545966,2026-07-06T13:11:12.545966,5.07977,1.41801,7.20317,14.46000,31.33660,5.05741,1.40287,7.09491,14.26000,30.87485,0.00000,0.00000,0.00000,0.00000,0.00000,0.00000,0.00000,0.00000,0.00000,0.00000,14.29808,62.21145
85-1,1783318272.646085,2026-07-06T13:11:12.646085,5.09177,1.41801,7.22019,14.46000,32.05947,5.05341,1.40287,7.08930,14.26000,31.58462,0.00000,0.00000,0.00000,0.00000,0.00000,0.00000,0.00000,0.00000,0.00000,0.00000,14.30949,63.64410
85-1,1783318272.746204,2026-07-06T13:11:12.746204,5.08393,1.41508,7.19418,14.43000,32.77975,5.05358,1.39897,7.06981,14.22000,32.29244,0.00000,0.00000,0.00000,0.00000,0.00000,0.00000,0.00000,0.00000,0.00000,0.00000,14.26399,65.07219
85-1,1783318272.846270,2026-07-06T13:11:12.846270,5.08350,1.42289,7.23329,14.51000,33.50356,5.05310,1.40971,7.12341,14.33000,33.00526,0.00000,0.00000,0.00000,0.00000,0.00000,0.00000,0.00000,0.00000,0.00000,0.00000,14.35670,66.50882
85-1,1783318272.946387,2026-07-06T13:11:12.946387,5.08867,1.40141,7.13132,14.29000,34.21752,5.05341,1.40287,7.08930,14.26000,33.71501,0.00000,0.00000,0.00000,0.00000,0.00000,0.00000,0.00000,0.00000,0.00000,0.00000,14.22062,67.93253
85-1,1783318273.046505,2026-07-06T13:11:13.046505,5.08467,1.40141,7.12571,14.29000,34.93094,5.05341,1.40287,7.08930,14.26000,34.42478,0.00000,0.00000,0.00000,0.00000,0.00000,0.00000,0.00000,0.00000,0.00000,0.00000,14.21501,69.35572
85-1,1783318273.146624,2026-07-06T13:11:13.146624,5.08115,1.39262,7.07612,14.20000,35.63939,5.04945,1.40190,7.07882,14.25000,35.13350,0.00000,0.00000,0.00000,0.00000,0.00000,0.00000,0.00000,0.00000,0.00000,0.00000,14.15494,70.77289
85-1,1783318273.246739,2026-07-06T13:11:13.246739,5.08089,1.39750,7.10056,14.25000,36.35026,5.04991,1.39189,7.02890,14.15000,35.83721,0.00000,0.00000,0.00000,0.00000,0.00000,0.00000,0.00000,0.00000,0.00000,0.00000,14.12946,72.18747
85-1,1783318273.346858,2026-07-06T13:11:13.346858,5.08345,1.42387,7.23818,14.52000,37.07494,5.05048,1.37919,6.96558,14.02000,36.53459,0.00000,0.00000,0.00000,0.00000,0.00000,0.00000,0.00000,0.00000,0.00000,0.00000,14.20376,73.60952
85-1,1783318273.446976,2026-07-06T13:11:13.446976,5.08345,1.42387,7.23818,14.52000,37.79961,5.05048,1.37919,6.96558,14.02000,37.23197,0.00000,0.00000,0.00000,0.00000,0.00000,0.00000,0.00000,0.00000,0.00000,0.00000,14.20376,75.03158
85-1,1783318273.547094,2026-07-06T13:11:13.547094,5.09161,1.42094,7.23488,14.49000,38.52395,5.04630,1.38310,6.97954,14.06000,37.93075,0.00000,0.00000,0.00000,0.00000,0.00000,0.00000,0.00000,0.00000,0.00000,0.00000,14.21442,76.45470
85-1,1783318273.647212,2026-07-06T13:11:13.647212,5.07966,1.41997,7.21294,14.48000,39.24610,5.04621,1.38505,6.98927,14.08000,38.63050,0.00000,0.00000,0.00000,0.00000,0.00000,0.00000,0.00000,0.00000,0.00000,0.00000,14.20221,77.87660
85-1,1783318273.747331,2026-07-06T13:11:13.747331,5.08089,1.39750,7.10056,14.25000,39.95700,5.05026,1.38408,6.98994,14.07000,39.33033,0.00000,0.00000,0.00000,0.00000,0.00000,0.00000,0.00000,0.00000,0.00000,0.00000,14.09050,79.28733
85-1,1783318273.847450,2026-07-06T13:11:13.847450,5.08083,1.39848,7.10544,14.26000,40.66839,5.05026,1.38408,6.98994,14.07000,40.03015,0.00000,0.00000,0.00000,0.00000,0.00000,0.00000,0.00000,0.00000,0.00000,0.00000,14.09538,80.69854
85-1,1783318273.947568,2026-07-06T13:11:13.947568,5.08083,1.39848,7.10544,14.26000,41.37977,5.04897,1.41264,7.13237,14.36000,40.74423,0.00000,0.00000,0.00000,0.00000,0.00000,0.00000,0.00000,0.00000,0.00000,0.00000,14.23781,82.12401
85-1,1783318274.047688,2026-07-06T13:11:14.047688,5.08329,1.42680,7.25284,14.55000,42.10593,5.04928,1.40580,7.09829,14.29000,41.45491,0.00000,0.00000,0.00000,0.00000,0.00000,0.00000,0.00000,0.00000,0.00000,0.00000,14.35113,83.56084
85-1,1783318274.147804,2026-07-06T13:11:14.147804,5.08355,1.42192,7.22840,14.50000,42.82960,5.05323,1.40678,7.10879,14.30000,42.16661,0.00000,0.00000,0.00000,0.00000,0.00000,0.00000,0.00000,0.00000,0.00000,0.00000,14.33719,84.99621
85-1,1783318274.247921,2026-07-06T13:11:14.247921,5.08499,1.39555,7.09636,14.23000,43.54007,5.05323,1.40678,7.10879,14.30000,42.87833,0.00000,0.00000,0.00000,0.00000,0.00000,0.00000,0.00000,0.00000,0.00000,0.00000,14.20515,86.41840
85-1,1783318274.348038,2026-07-06T13:11:14.348038,5.08099,1.39555,7.09078,14.23000,44.24998,5.05004,1.38896,7.01429,14.12000,43.58058,0.00000,0.00000,0.00000,0.00000,0.00000,0.00000,0.00000,0.00000,0.00000,0.00000,14.10507,87.83056
85-1,1783318274.448154,2026-07-06T13:11:14.448154,5.08419,1.41020,7.16973,14.38000,44.96778,5.05026,1.38408,6.98994,14.07000,44.28038,0.00000,0.00000,0.00000,0.00000,0.00000,0.00000,0.00000,0.00000,0.00000,0.00000,14.15967,89.24816
85-1,1783318274.548269,2026-07-06T13:11:14.548269,5.08382,1.41704,7.20395,14.45000,45.68901,5.04505,1.41069,7.11700,14.34000,44.99290,0.00000,0.00000,0.00000,0.00000,0.00000,0.00000,0.00000,0.00000,0.00000,0.00000,14.32095,90.68191
85-1,1783318274.648387,2026-07-06T13:11:14.648387,5.08387,1.41606,7.19906,14.44000,46.40976,5.04905,1.41069,7.12264,14.34000,45.70600,0.00000,0.00000,0.00000,0.00000,0.00000,0.00000,0.00000,0.00000,0.00000,0.00000,14.32170,92.11576
85-1,1783318274.748503,2026-07-06T13:11:14.748503,5.07987,1.41606,7.19340,14.44000,47.12993,5.04914,1.40873,7.11290,14.32000,46.41812,0.00000,0.00000,0.00000,0.00000,0.00000,0.00000,0.00000,0.00000,0.00000,0.00000,14.30630,93.54805
85-1,1783318274.848622,2026-07-06T13:11:14.848622,5.08441,1.40629,7.15017,14.34000,47.84580,5.04923,1.40678,7.10316,14.30000,47.12928,0.00000,0.00000,0.00000,0.00000,0.00000,0.00000,0.00000,0.00000,0.00000,0.00000,14.25333,94.97508
85-1,1783318274.948747,2026-07-06T13:11:14.948747,5.08350,1.42289,7.23329,14.51000,48.57004,5.05021,1.38505,6.99481,14.08000,47.82963,0.00000,0.00000,0.00000,0.00000,0.00000,0.00000,0.00000,0.00000,0.00000,0.00000,14.22810,96.39967
85-1,1783318275.048865,2026-07-06T13:11:15.048865,5.08414,1.41118,7.17462,14.39000,49.28835,5.05021,1.38505,6.99481,14.08000,48.52994,0.00000,0.00000,0.00000,0.00000,0.00000,0.00000,0.00000,0.00000,0.00000,0.00000,14.16943,97.81829
86-1,1783318275.148951,2026-07-06T13:11:15.148951,5.08496,1.32279,6.72636,13.49000,0.67321,5.05692,1.41362,7.14855,14.37000,0.71547,0.00000,0.00000,0.00000,0.00000,0.00000,0.00000,0.00000,0.00000,0.00000,0.00000,13.87491,1.38868
86-1,1783318275.249068,2026-07-06T13:11:15.249068,5.07696,1.32279,6.71578,13.49000,1.34558,5.05844,1.38017,6.98150,14.03000,1.41443,0.00000,0.00000,0.00000,0.00000,0.00000,0.00000,0.00000,0.00000,0.00000,0.00000,13.69728,2.76001
86-1,1783318275.349187,2026-07-06T13:11:15.349187,5.08154,1.38554,7.04068,14.13000,2.05048,5.04999,1.38993,7.01916,14.13000,2.11719,0.00000,0.00000,0.00000,0.00000,0.00000,0.00000,0.00000,0.00000,0.00000,0.00000,14.05984,4.16767
86-1,1783318275.449253,2026-07-06T13:11:15.449253,5.09133,1.20609,6.14061,12.30000,2.66495,5.06199,1.38993,7.03584,14.13000,2.82123,0.00000,0.00000,0.00000,0.00000,0.00000,0.00000,0.00000,0.00000,0.00000,0.00000,13.17645,5.48618
86-1,1783318275.549370,2026-07-06T13:11:15.549370,5.05625,1.40922,7.12538,14.37000,3.37832,5.06145,1.04862,5.30752,10.66000,3.35261,0.00000,0.00000,0.00000,0.00000,0.00000,0.00000,0.00000,0.00000,0.00000,0.00000,12.43290,6.73093
86-1,1783318275.649488,2026-07-06T13:11:15.649488,5.08025,1.40922,7.15920,14.37000,4.09509,5.04688,1.37040,6.91626,13.93000,4.04505,0.00000,0.00000,0.00000,0.00000,0.00000,0.00000,0.00000,0.00000,0.00000,0.00000,14.07546,8.14014
86-1,1783318275.749607,2026-07-06T13:11:15.749607,5.08181,1.38066,7.01623,14.08000,4.79755,5.05119,1.36357,6.88763,13.86000,4.73464,0.00000,0.00000,0.00000,0.00000,0.00000,0.00000,0.00000,0.00000,0.00000,0.00000,13.90386,9.53218
86-1,1783318275.849678,2026-07-06T13:11:15.849678,5.08207,1.37577,6.99178,14.03000,5.49722,5.05119,1.36357,6.88763,13.86000,5.42389,0.00000,0.00000,0.00000,0.00000,0.00000,0.00000,0.00000,0.00000,0.00000,0.00000,13.87941,10.92110
86-1,1783318275.949744,2026-07-06T13:11:15.949744,5.08787,1.41606,7.20473,14.44000,6.21817,5.05039,1.38115,6.97533,14.04000,6.12188,0.00000,0.00000,0.00000,0.00000,0.00000,0.00000,0.00000,0.00000,0.00000,0.00000,14.18006,12.34005
86-1,1783318276.049862,2026-07-06T13:11:16.049862,5.08387,1.41606,7.19906,14.44000,6.93893,5.05079,1.37236,6.93148,13.95000,6.81585,0.00000,0.00000,0.00000,0.00000,0.00000,0.00000,0.00000,0.00000,0.00000,0.00000,14.13054,13.75477
86-1,1783318276.149981,2026-07-06T13:11:16.149981,5.08159,1.38456,7.03579,14.12000,7.64334,5.05336,1.40385,7.09417,14.27000,7.52610,0.00000,0.00000,0.00000,0.00000,0.00000,0.00000,0.00000,0.00000,0.00000,0.00000,14.12996,15.16944
86-1,1783318276.250098,2026-07-06T13:11:16.250098,5.08186,1.37968,7.01134,14.07000,8.34529,5.04936,1.40385,7.08856,14.27000,8.23579,0.00000,0.00000,0.00000,0.00000,0.00000,0.00000,0.00000,0.00000,0.00000,0.00000,14.09990,16.58108
86-1,1783318276.350215,2026-07-06T13:11:16.350215,5.07971,1.41899,7.20806,14.47000,9.06695,5.05066,1.37529,6.94610,13.98000,8.93122,0.00000,0.00000,0.00000,0.00000,0.00000,0.00000,0.00000,0.00000,0.00000,0.00000,14.15416,17.99816
86-1,1783318276.450334,2026-07-06T13:11:16.450334,5.08121,1.39164,7.07123,14.19000,9.77490,5.04986,1.39286,7.03377,14.16000,9.63542,0.00000,0.00000,0.00000,0.00000,0.00000,0.00000,0.00000,0.00000,0.00000,0.00000,14.10500,19.41033
86-1,1783318276.550452,2026-07-06T13:11:16.550452,5.08121,1.39164,7.07123,14.19000,10.48286,5.05061,1.37626,6.95097,13.99000,10.33134,0.00000,0.00000,0.00000,0.00000,0.00000,0.00000,0.00000,0.00000,0.00000,0.00000,14.02220,20.81421
86-1,1783318276.650567,2026-07-06T13:11:16.650567,5.08565,1.38359,7.03643,14.11000,11.18731,5.05061,1.37626,6.95097,13.99000,11.02724,0.00000,0.00000,0.00000,0.00000,0.00000,0.00000,0.00000,0.00000,0.00000,0.00000,13.98740,22.21455
86-1,1783318276.750685,2026-07-06T13:11:16.750685,5.08430,1.40825,7.15995,14.36000,11.90416,5.05083,1.37138,6.92661,13.94000,11.72072,0.00000,0.00000,0.00000,0.00000,0.00000,0.00000,0.00000,0.00000,0.00000,0.00000,14.08656,23.62488
86-1,1783318276.850804,2026-07-06T13:11:16.850804,5.07950,1.42289,7.22760,14.51000,12.62778,5.05354,1.39995,7.07468,14.23000,12.42903,0.00000,0.00000,0.00000,0.00000,0.00000,0.00000,0.00000,0.00000,0.00000,0.00000,14.30228,25.05681
86-1,1783318276.950923,2026-07-06T13:11:16.950923,5.07950,1.42289,7.22760,14.51000,13.35140,5.05475,1.37333,6.94185,13.96000,13.12404,0.00000,0.00000,0.00000,0.00000,0.00000,0.00000,0.00000,0.00000,0.00000,0.00000,14.16945,26.47544
86-1,1783318277.051042,2026-07-06T13:11:17.051042,5.07731,1.38969,7.05589,14.17000,14.05782,5.05066,1.37529,6.94610,13.96000,13.81947,0.00000,0.00000,0.00000,0.00000,0.00000,0.00000,0.00000,0.00000,0.00000,0.00000,14.00199,27.87730
86-1,1783318277.151160,2026-07-06T13:11:17.151160,5.07715,1.39262,7.07055,14.20000,14.76571,5.05066,1.37529,6.94610,13.98000,14.51490,0.00000,0.00000,0.00000,0.00000,0.00000,0.00000,0.00000,0.00000,0.00000,0.00000,14.01665,29.28062
86-1,1783318277.251278,2026-07-06T13:11:17.251278,5.08170,1.38261,7.02601,14.10000,15.46914,5.04954,1.39995,7.06908,14.23000,15.22265,0.00000,0.00000,0.00000,0.00000,0.00000,0.00000,0.00000,0.00000,0.00000,0.00000,14.09509,30.69179
86-1,1783318277.351396,2026-07-06T13:11:17.351396,5.08970,1.38261,7.03707,14.10000,16.17368,5.04991,1.39189,7.02890,14.15000,15.92637,0.00000,0.00000,0.00000,0.00000,0.00000,0.00000,0.00000,0.00000,0.00000,0.00000,14.06597,32.10005
86-1,1783318277.451514,2026-07-06T13:11:17.451514,5.08003,1.41313,7.17874,14.41000,16.89241,5.05044,1.38017,6.97046,14.03000,16.62424,0.00000,0.00000,0.00000,0.00000,0.00000,0.00000,0.00000,0.00000,0.00000,0.00000,14.14920,33.51665
86-1,1783318277.551633,2026-07-06T13:11:17.551633,5.07977,1.41801,7.20317,14.46000,17.61358,5.04644,1.38017,6.96493,14.03000,17.32156,0.00000,0.00000,0.00000,0.00000,0.00000,0.00000,0.00000,0.00000,0.00000,0.00000,14.16810,34.93514
86-1,1783318277.651750,2026-07-06T13:11:17.651750,5.08419,1.41020,7.16973,14.38000,18.33139,5.05470,1.37431,6.94672,13.97000,18.01704,0.00000,0.00000,0.00000,0.00000,0.00000,0.00000,0.00000,0.00000,0.00000,0.00000,14.11645,36.34843
86-1,1783318277.751866,2026-07-06T13:11:17.751866,5.08419,1.41020,7.16973,14.38000,19.04920,5.05332,1.40483,7.09904,14.28000,18.72777,0.00000,0.00000,0.00000,0.00000,0.00000,0.00000,0.00000,0.00000,0.00000,0.00000,14.26877,37.77697
86-1,1783318277.851982,2026-07-06T13:11:17.851982,5.08105,1.39457,7.08589,14.22000,19.75860,5.04972,1.39604,7.04960,14.19000,19.43355,0.00000,0.00000,0.00000,0.00000,0.00000,0.00000,0.00000,0.00000,0.00000,0.00000,14.13549,39.19215
86-1,1783318277.952101,2026-07-06T13:11:17.952101,5.08121,1.39164,7.07123,14.19000,20.46657,5.04572,1.39604,7.04402,14.19000,20.13879,0.00000,0.00000,0.00000,0.00000,0.00000,0.00000,0.00000,0.00000,0.00000,0.00000,14.11525,40.60537
86-1,1783318278.052136,2026-07-06T13:11:18.052136,5.08110,1.39360,7.08101,14.21000,21.17492,5.05048,1.37919,6.96558,14.02000,20.83559,0.00000,0.00000,0.00000,0.00000,0.00000,0.00000,0.00000,0.00000,0.00000,0.00000,14.04659,42.01051
86-1,1783318278.152254,2026-07-06T13:11:18.152254,5.08537,1.38871,7.06212,14.16000,21.88196,5.05044,1.38017,6.97046,14.03000,21.53346,0.00000,0.00000,0.00000,0.00000,0.00000,0.00000,0.00000,0.00000,0.00000,0.00000,14.03258,43.41542
86-1,1783318278.252321,2026-07-06T13:11:18.252321,5.08137,1.38871,7.05656,14.16000,22.58809,5.05066,1.37529,6.94610,13.98000,22.22853,0.00000,0.00000,0.00000,0.00000,0.00000,0.00000,0.00000,0.00000,0.00000,0.00000,14.00266,44.81662
86-1,1783318278.352439,2026-07-06T13:11:18.352439,5.08137,1.38871,7.05656,14.16000,23.29458,5.04666,1.37529,6.94060,13.98000,22.92341,0.00000,0.00000,0.00000,0.00000,0.00000,0.00000,0.00000,0.00000,0.00000,0.00000,13.99716,46.21799
86-1,1783318278.452557,2026-07-06T13:11:18.452557,5.08143,1.38749,7.05045,14.15000,24.00046,5.05391,1.39189,7.03447,14.15000,23.62769,0.00000,0.00000,0.00000,0.00000,0.00000,0.00000,0.00000,0.00000,0.00000,0.00000,14.08492,47.62815
86-1,1783318278.552674,2026-07-06T13:11:18.552674,5.08143,1.38749,7.05045,14.15000,24.70633,5.05336,1.40385,7.09417,14.27000,24.33794,0.00000,0.00000,0.00000,0.00000,0.00000,0.00000,0.00000,0.00000,0.00000,0.00000,14.14462,49.04427
86-1,1783318278.652793,2026-07-06T13:11:18.652793,5.08143,1.38749,7.05045,14.15000,25.41221,5.05323,1.40678,7.10879,14.30000,25.04966,0.00000,0.00000,0.00000,0.00000,0.00000,0.00000,0.00000,0.00000,0.00000,0.00000,14.15924,50.46187
86-1,1783318278.752910,2026-07-06T13:11:18.752910,5.08121,1.39164,7.07123,14.19000,26.12017,5.04923,1.40678,7.10316,14.30000,25.76081,0.00000,0.00000,0.00000,0.00000,0.00000,0.00000,0.00000,0.00000,0.00000,0.00000,14.17439,51.88098
86-1,1783318278.852976,2026-07-06T13:11:18.852976,5.08131,1.38969,7.06145,14.17000,26.82678,5.05323,1.40678,7.10879,14.30000,26.47216,0.00000,0.00000,0.00000,0.00000,0.00000,0.00000,0.00000,0.00000,0.00000,0.00000,14.17024,53.29894
86-1,1783318278.953095,2026-07-06T13:11:18.953095,5.07337,1.38871,7.04546,14.16000,27.53216,5.05310,1.40971,7.12341,14.33000,27.18535,0.00000,0.00000,0.00000,0.00000,0.00000,0.00000,0.00000,0.00000,0.00000,0.00000,14.16887,54.71750
86-1,1783318279.053213,2026-07-06T13:11:19.053213,5.07737,1.38871,7.05101,14.16000,28.23809,5.04976,1.39506,7.04473,14.18000,27.89065,0.00000,0.00000,0.00000,0.00000,0.00000,0.00000,0.00000,0.00000,0.00000,0.00000,14.09574,56.12875
86-1,1783318279.153332,2026-07-06T13:11:19.153332,5.07337,1.38871,7.04546,14.16000,28.94347,5.04176,1.39506,7.03357,14.18000,28.59484,0.00000,0.00000,0.00000,0.00000,0.00000,0.00000,0.00000,0.00000,0.00000,0.00000,14.07903,57.53832
86-1,1783318279.253450,2026-07-06T13:11:19.253450,5.09331,1.38969,7.07813,14.17000,29.65212,5.04599,1.38993,7.01360,14.13000,29.29703,0.00000,0.00000,0.00000,0.00000,0.00000,0.00000,0.00000,0.00000,0.00000,0.00000,14.09173,58.94916
86-1,1783318279.353569,2026-07-06T13:11:19.353569,5.09315,1.39262,7.09283,14.20000,30.36225,5.04595,1.39091,7.01847,14.14000,29.99972,0.00000,0.00000,0.00000,0.00000,0.00000,0.00000,0.00000,0.00000,0.00000,0.00000,14.11130,60.36197
86-1,1783318279.453687,2026-07-06T13:11:19.453687,5.07305,1.39457,7.07474,14.22000,31.07056,5.04991,1.39189,7.02890,14.15000,30.70344,0.00000,0.00000,0.00000,0.00000,0.00000,0.00000,0.00000,0.00000,0.00000,0.00000,14.10364,61.77400
86-1,1783318279.553806,2026-07-06T13:11:19.553806,5.08505,1.39457,7.09147,14.22000,31.78055,5.04591,1.39189,7.02334,14.15000,31.40660,0.00000,0.00000,0.00000,0.00000,0.00000,0.00000,0.00000,0.00000,0.00000,0.00000,14.11481,63.18715
86-1,1783318279.653924,2026-07-06T13:11:19.653924,5.07550,1.42289,7.22191,14.51000,32.50359,5.04954,1.39995,7.06908,14.23000,32.11435,0.00000,0.00000,0.00000,0.00000,0.00000,0.00000,0.00000,0.00000,0.00000,0.00000,14.29099,64.61794
86-1,1783318279.754043,2026-07-06T13:11:19.754043,5.07566,1.41997,7.20726,14.48000,33.22517,5.04928,1.40580,7.09829,14.29000,32.82502,0.00000,0.00000,0.00000,0.00000,0.00000,0.00000,0.00000,0.00000,0.00000,0.00000,14.30555,66.05019
86-1,1783318279.854161,2026-07-06T13:11:19.854161,5.08387,1.41606,7.19906,14.44000,33.94593,5.05328,1.40580,7.10392,14.29000,33.53625,0.00000,0.00000,0.00000,0.00000,0.00000,0.00000,0.00000,0.00000,0.00000,0.00000,14.30298,67.48218
86-1,1783318279.954280,2026-07-06T13:11:19.954280,5.08787,1.41606,7.20473,14.44000,34.66726,5.04928,1.40580,7.09829,14.29000,34.24692,0.00000,0.00000,0.00000,0.00000,0.00000,0.00000,0.00000,0.00000,0.00000,0.00000,14.30302,68.91418
86-1,1783318280.054398,2026-07-06T13:11:20.054398,5.07966,1.41997,7.21294,14.48000,35.38941,5.05314,1.40873,7.11854,14.32000,34.95961,0.00000,0.00000,0.00000,0.00000,0.00000,0.00000,0.00000,0.00000,0.00000,0.00000,14.33148,70.34902
86-1,1783318280.154516,2026-07-06T13:11:20.154516,5.08131,1.38969,7.06145,14.17000,36.09639,5.05328,1.40580,7.10392,14.29000,35.67085,0.00000,0.00000,0.00000,0.00000,0.00000,0.00000,0.00000,0.00000,0.00000,0.00000,14.16537,71.76724
86-1,1783318280.254634,2026-07-06T13:11:20.254634,5.07683,1.39848,7.09985,14.26000,36.80721,5.04932,1.40483,7.09343,14.28000,36.38103,0.00000,0.00000,0.00000,0.00000,0.00000,0.00000,0.00000,0.00000,0.00000,0.00000,14.19328,73.18824
86-1,1783318280.354751,2026-07-06T13:11:20.354751,5.08483,1.39848,7.11104,14.26000,37.51915,5.04932,1.40483,7.09343,14.28000,37.09120,0.00000,0.00000,0.00000,0.00000,0.00000,0.00000,0.00000,0.00000,0.00000,0.00000,14.20447,74.61035
86-1,1783318280.454870,2026-07-06T13:11:20.454870,5.08318,1.42875,7.26262,14.57000,38.24627,5.04932,1.40483,7.09343,14.28000,37.80138,0.00000,0.00000,0.00000,0.00000,0.00000,0.00000,0.00000,0.00000,0.00000,0.00000,14.35605,76.04765
86-1,1783318280.554991,2026-07-06T13:11:20.554991,5.08371,1.41899,7.21373,14.47000,38.96852,5.05057,1.37724,6.95584,14.00000,38.49782,0.00000,0.00000,0.00000,0.00000,0.00000,0.00000,0.00000,0.00000,0.00000,0.00000,14.16957,77.46633
86-1,1783318280.655107,2026-07-06T13:11:20.655107,5.08366,1.41997,7.21862,14.48000,39.69121,5.05026,1.38408,6.98994,14.07000,39.19762,0.00000,0.00000,0.00000,0.00000,0.00000,0.00000,0.00000,0.00000,0.00000,0.00000,14.20856,78.88883
86-1,1783318280.755222,2026-07-06T13:11:20.755222,5.08089,1.39750,7.10056,14.25000,40.40209,5.05026,1.38408,6.98994,14.07000,39.89742,0.00000,0.00000,0.00000,0.00000,0.00000,0.00000,0.00000,0.00000,0.00000,0.00000,14.09050,80.29951
86-1,1783318280.855337,2026-07-06T13:11:20.855337,5.08889,1.39750,7.11174,14.25000,41.11408,5.04613,1.38701,6.99900,14.10000,40.59812,0.00000,0.00000,0.00000,0.00000,0.00000,0.00000,0.00000,0.00000,0.00000,0.00000,14.11074,81.71220
86-1,1783318280.955457,2026-07-06T13:11:20.955457,5.08345,1.42387,7.23818,14.52000,41.83877,5.04501,1.41166,7.12186,14.35000,41.31116,0.00000,0.00000,0.00000,0.00000,0.00000,0.00000,0.00000,0.00000,0.00000,0.00000,14.36004,83.14994
86-1,1783318281.055525,2026-07-06T13:11:21.055525,5.08361,1.42094,7.22351,14.49000,42.56161,5.05319,1.40776,7.11366,14.31000,42.02301,0.00000,0.00000,0.00000,0.00000,0.00000,0.00000,0.00000,0.00000,0.00000,0.00000,14.33717,84.58462
86-1,1783318281.155592,2026-07-06T13:11:21.155592,5.08446,1.40532,7.14527,14.33000,43.27662,5.04919,1.40776,7.10803,14.31000,42.73429,0.00000,0.00000,0.00000,0.00000,0.00000,0.00000,0.00000,0.00000,0.00000,0.00000,14.25330,86.01091
86-1,1783318281.255659,2026-07-06T13:11:21.255659,5.08046,1.40532,7.13965,14.33000,43.99106,5.04536,1.40385,7.08294,14.27000,43.44306,0.00000,0.00000,0.00000,0.00000,0.00000,0.00000,0.00000,0.00000,0.00000,0.00000,14.22259,87.43412
86-1,1783318281.355725,2026-07-06T13:11:21.355725,5.08019,1.41020,7.16409,14.38000,44.70794,5.04644,1.38017,6.96493,14.03000,44.14001,0.00000,0.00000,0.00000,0.00000,0.00000,0.00000,0.00000,0.00000,0.00000,0.00000,14.12902,88.84795
86-1,1783318281.455792,2026-07-06T13:11:21.455792,5.07945,1.42387,7.23248,14.52000,45.43167,5.04545,1.40190,7.07321,14.25000,44.84780,0.00000,0.00000,0.00000,0.00000,0.00000,0.00000,0.00000,0.00000,0.00000,0.00000,14.30569,90.27948
86-1,1783318281.555858,2026-07-06T13:11:21.555858,5.08825,1.40922,7.17047,14.37000,46.14920,5.05345,1.40190,7.08443,14.25000,45.55672,0.00000,0.00000,0.00000,0.00000,0.00000,0.00000,0.00000,0.00000,0.00000,0.00000,14.25490,91.70592
86-1,1783318281.655977,2026-07-06T13:11:21.655977,5.08425,1.40922,7.16484,14.37000,46.86653,5.04523,1.40678,7.09754,14.30000,46.26731,0.00000,0.00000,0.00000,0.00000,0.00000,0.00000,0.00000,0.00000,0.00000,0.00000,14.26238,93.13384
86-1,1783318281.756095,2026-07-06T13:11:21.756095,5.08766,1.41997,7.22430,14.48000,47.58981,5.04523,1.40678,7.09754,14.30000,46.97791,0.00000,0.00000,0.00000,0.00000,0.00000,0.00000,0.00000,0.00000,0.00000,0.00000,14.32184,94.56772
86-1,1783318281.856164,2026-07-06T13:11:21.856164,5.08745,1.42387,7.24387,14.52000,48.31470,5.05430,1.38310,6.99060,14.06000,47.67745,0.00000,0.00000,0.00000,0.00000,0.00000,0.00000,0.00000,0.00000,0.00000,0.00000,14.23447,95.99216
86-1,1783318281.956231,2026-07-06T13:11:21.956231,5.08143,1.38749,7.05045,14.15000,49.02022,5.05030,1.38310,6.98507,14.06000,48.37642,0.00000,0.00000,0.00000,0.00000,0.00000,0.00000,0.00000,0.00000,0.00000,0.00000,14.03552,97.39664
86-1,1783318282.056350,2026-07-06T13:11:22.056350,5.08339,1.42485,7.24307,14.53000,49.74538,5.04901,1.41166,7.12751,14.35000,49.09002,0.00000,0.00000,0.00000,0.00000,0.00000,0.00000,0.00000,0.00000,0.00000,0.00000,14.37058,98.83541
87-1,1783318282.156435,2026-07-06T13:11:22.156435,5.08339,1.42485,7.24307,14.53000,0.72492,5.04919,1.40776,7.10803,14.31000,0.71141,0.00000,0.00000,0.00000,0.00000,0.00000,0.00000,0.00000,0.00000,0.00000,0.00000,14.35110,1.43633
87-1,1783318282.256553,2026-07-06T13:11:22.256553,5.08410,1.33866,6.80590,13.65000,1.40632,5.05421,1.38505,7.00035,14.08000,1.41227,0.00000,0.00000,0.00000,0.00000,0.00000,0.00000,0.00000,0.00000,0.00000,0.00000,13.80625,2.81858
87-1,1783318282.356670,2026-07-06T13:11:22.356670,5.08110,1.39360,7.08101,14.21000,2.11524,5.05021,1.38505,6.99481,14.08000,2.11257,0.00000,0.00000,0.00000,0.00000,0.00000,0.00000,0.00000,0.00000,0.00000,0.00000,14.07582,4.22781
87-1,1783318282.456786,2026-07-06T13:11:22.456786,5.11733,1.02274,5.23368,10.43000,2.63922,5.04638,1.46977,7.41702,14.94000,2.85513,0.00000,0.00000,0.00000,0.00000,0.00000,0.00000,0.00000,0.00000,0.00000,0.00000,12.65070,5.49436
87-1,1783318282.556901,2026-07-06T13:11:22.556901,5.10133,1.02274,5.21732,10.43000,3.16155,5.05088,1.37040,6.92174,13.93000,3.54810,0.00000,0.00000,0.00000,0.00000,0.00000,0.00000,0.00000,0.00000,0.00000,0.00000,12.13906,6.70966
87-1,1783318282.657020,2026-07-06T13:11:22.657020,5.08186,1.37968,7.01134,14.07000,3.86352,5.05101,1.36747,6.90712,13.90000,4.23963,0.00000,0.00000,0.00000,0.00000,0.00000,0.00000,0.00000,0.00000,0.00000,0.00000,13.91846,8.10315
87-1,1783318282.757138,2026-07-06T13:11:22.757138,5.08186,1.37968,7.01134,14.07000,4.56548,5.05101,1.36747,6.90712,13.90000,4.93116,0.00000,0.00000,0.00000,0.00000,0.00000,0.00000,0.00000,0.00000,0.00000,0.00000,13.91846,9.49664
87-1,1783318282.857255,2026-07-06T13:11:22.857255,5.08387,1.41606,7.19906,14.44000,5.28623,5.04275,1.37333,6.92537,13.96000,5.62451,0.00000,0.00000,0.00000,0.00000,0.00000,0.00000,0.00000,0.00000,0.00000,0.00000,14.12443,10.91074
87-1,1783318282.957373,2026-07-06T13:11:22.957373,5.07987,1.41606,7.19340,14.44000,6.00642,5.04292,1.36943,6.90591,13.92000,6.31592,0.00000,0.00000,0.00000,0.00000,0.00000,0.00000,0.00000,0.00000,0.00000,0.00000,14.09931,12.32233
87-1,1783318283.057492,2026-07-06T13:11:23.057492,5.08137,1.38871,7.05656,14.16000,6.71292,5.05413,1.38701,7.01010,14.10000,7.01776,0.00000,0.00000,0.00000,0.00000,0.00000,0.00000,0.00000,0.00000,0.00000,0.00000,14.06666,13.73068
87-1,1783318283.157609,2026-07-06T13:11:23.157609,5.08266,1.36503,6.93799,13.92000,7.40753,5.05013,1.38701,7.00455,14.10000,7.71903,0.00000,0.00000,0.00000,0.00000,0.00000,0.00000,0.00000,0.00000,0.00000,0.00000,13.94254,15.12656
87-1,1783318283.257726,2026-07-06T13:11:23.257726,5.08430,1.40825,7.15995,14.36000,8.12436,5.05483,1.37138,6.93210,13.94000,8.41306,0.00000,0.00000,0.00000,0.00000,0.00000,0.00000,0.00000,0.00000,0.00000,0.00000,14.09205,16.53741
87-1,1783318283.357844,2026-07-06T13:11:23.357844,5.08030,1.40825,7.15431,14.36000,8.84063,5.05386,1.39286,7.03935,14.16000,9.11782,0.00000,0.00000,0.00000,0.00000,0.00000,0.00000,0.00000,0.00000,0.00000,0.00000,14.19366,17.95845
87-1,1783318283.457961,2026-07-06T13:11:23.457961,5.08543,1.38749,7.05600,14.15000,9.54706,5.05479,1.37236,6.93697,13.95000,9.81233,0.00000,0.00000,0.00000,0.00000,0.00000,0.00000,0.00000,0.00000,0.00000,0.00000,13.99297,19.35939
87-1,1783318283.558079,2026-07-06T13:11:23.558079,5.08537,1.38871,7.06212,14.16000,10.25411,5.04679,1.37236,6.92599,13.95000,10.50575,0.00000,0.00000,0.00000,0.00000,0.00000,0.00000,0.00000,0.00000,0.00000,0.00000,13.98811,20.75985
87-1,1783318283.658197,2026-07-06T13:11:23.658197,5.08441,1.40629,7.15017,14.34000,10.96997,5.05483,1.37138,6.93210,13.94000,11.19978,0.00000,0.00000,0.00000,0.00000,0.00000,0.00000,0.00000,0.00000,0.00000,0.00000,14.08227,22.16974
87-1,1783318283.758314,2026-07-06T13:11:23.758314,5.08382,1.41704,7.20395,14.45000,11.69120,5.05350,1.40092,7.07955,14.24000,11.90856,0.00000,0.00000,0.00000,0.00000,0.00000,0.00000,0.00000,0.00000,0.00000,0.00000,14.28350,23.59976
87-1,1783318283.858431,2026-07-06T13:11:23.858431,5.08382,1.41704,7.20395,14.45000,12.41244,5.05457,1.37724,6.96135,14.00000,12.60551,0.00000,0.00000,0.00000,0.00000,0.00000,0.00000,0.00000,0.00000,0.00000,0.00000,14.16530,25.01795
87-1,1783318283.958549,2026-07-06T13:11:23.958549,5.08537,1.38871,7.06212,14.16000,13.11949,5.05057,1.37724,6.95584,14.00000,13.30191,0.00000,0.00000,0.00000,0.00000,0.00000,0.00000,0.00000,0.00000,0.00000,0.00000,14.01796,26.42140
87-1,1783318284.058666,2026-07-06T13:11:24.058666,5.08531,1.38969,7.06701,14.17000,13.82701,5.05488,1.37040,6.92722,13.93000,13.99544,0.00000,0.00000,0.00000,0.00000,0.00000,0.00000,0.00000,0.00000,0.00000,0.00000,13.99423,27.82246
87-1,1783318284.158786,2026-07-06T13:11:24.158786,5.08559,1.38456,7.04133,14.12000,14.53199,5.05363,1.39799,7.06493,14.21000,14.70278,0.00000,0.00000,0.00000,0.00000,0.00000,0.00000,0.00000,0.00000,0.00000,0.00000,14.10626,29.23477
87-1,1783318284.258905,2026-07-06T13:11:24.258905,5.08159,1.38456,7.03579,14.12000,15.23641,5.05066,1.37529,6.94610,13.98000,15.39822,0.00000,0.00000,0.00000,0.00000,0.00000,0.00000,0.00000,0.00000,0.00000,0.00000,13.98189,30.63463
87-1,1783318284.359022,2026-07-06T13:11:24.359022,5.08009,1.41215,7.17386,14.40000,15.95464,5.05466,1.37529,6.95160,13.98000,16.09420,0.00000,0.00000,0.00000,0.00000,0.00000,0.00000,0.00000,0.00000,0.00000,0.00000,14.12546,32.04883
87-1,1783318284.459142,2026-07-06T13:11:24.459142,5.07961,1.42094,7.21783,14.49000,16.67728,5.05452,1.37822,6.96623,14.01000,16.79165,0.00000,0.00000,0.00000,0.00000,0.00000,0.00000,0.00000,0.00000,0.00000,0.00000,14.18406,33.46894
87-1,1783318284.559259,2026-07-06T13:11:24.559259,5.08073,1.40043,7.11522,14.28000,17.38964,5.05430,1.38310,6.99060,14.06000,17.49153,0.00000,0.00000,0.00000,0.00000,0.00000,0.00000,0.00000,0.00000,0.00000,0.00000,14.10582,34.88117
87-1,1783318284.659379,2026-07-06T13:11:24.659379,5.08073,1.40043,7.11522,14.28000,18.10201,5.04950,1.40092,7.07395,14.24000,18.19978,0.00000,0.00000,0.00000,0.00000,0.00000,0.00000,0.00000,0.00000,0.00000,0.00000,14.18917,36.30179
87-1,1783318284.759496,2026-07-06T13:11:24.759496,5.08143,1.38749,7.05045,14.15000,18.80788,5.05750,1.40092,7.08516,14.24000,18.90912,0.00000,0.00000,0.00000,0.00000,0.00000,0.00000,0.00000,0.00000,0.00000,0.00000,14.13561,37.71700
87-1,1783318284.859613,2026-07-06T13:11:24.859613,5.08126,1.39067,7.06634,14.18000,19.51534,5.04617,1.38603,6.99414,14.09000,19.60935,0.00000,0.00000,0.00000,0.00000,0.00000,0.00000,0.00000,0.00000,0.00000,0.00000,14.06048,39.12470
87-1,1783318284.959732,2026-07-06T13:11:24.959732,5.08121,1.39164,7.07123,14.19000,20.22331,5.04644,1.38017,6.96493,14.03000,20.30668,0.00000,0.00000,0.00000,0.00000,0.00000,0.00000,0.00000,0.00000,0.00000,0.00000,14.03616,40.52998
87-1,1783318285.059849,2026-07-06T13:11:25.059849,5.08159,1.38456,7.03579,14.12000,20.92771,5.04683,1.37138,6.92113,13.94000,20.99960,0.00000,0.00000,0.00000,0.00000,0.00000,0.00000,0.00000,0.00000,0.00000,0.00000,13.95692,41.92731
87-1,1783318285.159967,2026-07-06T13:11:25.159967,5.08159,1.38456,7.03579,14.12000,21.63212,5.04995,1.39091,7.02403,13.94000,21.70283,0.00000,0.00000,0.00000,0.00000,0.00000,0.00000,0.00000,0.00000,0.00000,0.00000,14.05982,43.33495
87-1,1783318285.260084,2026-07-06T13:11:25.260084,5.08115,1.39262,7.07612,14.20000,22.34056,5.04995,1.39091,7.02403,14.14000,22.40606,0.00000,0.00000,0.00000,0.00000,0.00000,0.00000,0.00000,0.00000,0.00000,0.00000,14.10015,44.74662
87-1,1783318285.360201,2026-07-06T13:11:25.360201,5.08035,1.40727,7.14943,14.35000,23.05634,5.05345,1.40190,7.08443,14.25000,23.11533,0.00000,0.00000,0.00000,0.00000,0.00000,0.00000,0.00000,0.00000,0.00000,0.00000,14.23386,46.17167
87-1,1783318285.460320,2026-07-06T13:11:25.460320,5.08393,1.41508,7.19418,14.43000,23.77661,5.05310,1.40971,7.12341,14.33000,23.82851,0.00000,0.00000,0.00000,0.00000,0.00000,0.00000,0.00000,0.00000,0.00000,0.00000,14.31759,47.60513
87-1,1783318285.560437,2026-07-06T13:11:25.560437,5.07593,1.41508,7.18285,14.43000,24.49574,5.04999,1.38993,7.01916,14.13000,24.53125,0.00000,0.00000,0.00000,0.00000,0.00000,0.00000,0.00000,0.00000,0.00000,0.00000,14.20201,49.02699
87-1,1783318285.660554,2026-07-06T13:11:25.660554,5.08771,1.41899,7.21941,14.47000,25.21852,5.04599,1.38993,7.01360,14.13000,25.23343,0.00000,0.00000,0.00000,0.00000,0.00000,0.00000,0.00000,0.00000,0.00000,0.00000,14.23301,50.45196
87-1,1783318285.760671,2026-07-06T13:11:25.760671,5.08798,1.41411,7.19494,14.42000,25.93886,5.04644,1.38017,6.96493,14.03000,25.93074,0.00000,0.00000,0.00000,0.00000,0.00000,0.00000,0.00000,0.00000,0.00000,0.00000,14.15987,51.86960
87-1,1783318285.860790,2026-07-06T13:11:25.860790,5.08809,1.41215,7.18515,14.40000,26.65823,5.04661,1.37626,6.94547,13.99000,26.62612,0.00000,0.00000,0.00000,0.00000,0.00000,0.00000,0.00000,0.00000,0.00000,0.00000,14.13062,53.28435
87-1,1783318285.960909,2026-07-06T13:11:25.960909,5.08409,1.41215,7.17951,14.40000,27.37703,5.04648,1.37919,6.96007,14.02000,27.32295,0.00000,0.00000,0.00000,0.00000,0.00000,0.00000,0.00000,0.00000,0.00000,0.00000,14.13958,54.69998
87-1,1783318286.061025,2026-07-06T13:11:26.061025,5.07587,1.41606,7.18774,14.44000,28.09665,5.05048,1.37919,6.96558,14.02000,28.02032,0.00000,0.00000,0.00000,0.00000,0.00000,0.00000,0.00000,0.00000,0.00000,0.00000,14.15332,56.11696
87-1,1783318286.161142,2026-07-06T13:11:26.161142,5.07646,1.40532,7.13403,14.33000,28.81088,5.05048,1.37919,6.96558,14.02000,28.71769,0.00000,0.00000,0.00000,0.00000,0.00000,0.00000,0.00000,0.00000,0.00000,0.00000,14.09961,57.52857
87-1,1783318286.261260,2026-07-06T13:11:26.261260,5.09337,1.38871,7.07323,14.16000,29.51904,5.05061,1.37626,6.95097,13.99000,29.41361,0.00000,0.00000,0.00000,0.00000,0.00000,0.00000,0.00000,0.00000,0.00000,0.00000,14.02420,58.93265
87-1,1783318286.361378,2026-07-06T13:11:26.361378,5.07754,1.38554,7.03513,14.13000,30.22338,5.05466,1.37529,6.95160,13.98000,30.10959,0.00000,0.00000,0.00000,0.00000,0.00000,0.00000,0.00000,0.00000,0.00000,0.00000,13.98673,60.33297
87-1,1783318286.461498,2026-07-06T13:11:26.461498,5.09754,1.38554,7.06285,14.13000,30.93051,5.05066,1.37529,6.94610,13.98000,30.80503,0.00000,0.00000,0.00000,0.00000,0.00000,0.00000,0.00000,0.00000,0.00000,0.00000,14.00895,61.73554
87-1,1783318286.561615,2026-07-06T13:11:26.561615,5.08510,1.39360,7.08658,14.21000,31.64000,5.04648,1.37919,6.96007,14.02000,31.50185,0.00000,0.00000,0.00000,0.00000,0.00000,0.00000,0.00000,0.00000,0.00000,0.00000,14.04665,63.14185
87-1,1783318286.661732,2026-07-06T13:11:26.661732,5.08505,1.39457,7.09147,14.22000,32.34998,5.04644,1.38017,6.96493,14.03000,32.19916,0.00000,0.00000,0.00000,0.00000,0.00000,0.00000,0.00000,0.00000,0.00000,0.00000,14.05640,64.54914
87-1,1783318286.761850,2026-07-06T13:11:26.761850,5.08366,1.41997,7.21862,14.48000,33.07269,5.04652,1.37822,6.95520,14.01000,32.89550,0.00000,0.00000,0.00000,0.00000,0.00000,0.00000,0.00000,0.00000,0.00000,0.00000,14.17382,65.96819
87-1,1783318286.861966,2026-07-06T13:11:26.861966,5.07166,1.41997,7.20158,14.48000,33.79368,5.05052,1.37822,6.96071,14.01000,33.59238,0.00000,0.00000,0.00000,0.00000,0.00000,0.00000,0.00000,0.00000,0.00000,0.00000,14.16229,67.38606
87-1,1783318286.962085,2026-07-06T13:11:26.962085,5.08361,1.42094,7.22351,14.49000,34.51690,5.04244,1.38017,6.95941,14.03000,34.28915,0.00000,0.00000,0.00000,0.00000,0.00000,0.00000,0.00000,0.00000,0.00000,0.00000,14.18292,68.80604
87-1,1783318287.062204,2026-07-06T13:11:27.062204,5.08355,1.42192,7.22840,14.50000,35.24059,5.04244,1.38017,6.95941,14.03000,34.98591,0.00000,0.00000,0.00000,0.00000,0.00000,0.00000,0.00000,0.00000,0.00000,0.00000,14.18781,70.22651
87-1,1783318287.162323,2026-07-06T13:11:27.162323,5.08787,1.41606,7.20473,14.44000,35.96193,5.04995,1.39091,7.02403,14.14000,35.68916,0.00000,0.00000,0.00000,0.00000,0.00000,0.00000,0.00000,0.00000,0.00000,0.00000,14.22876,71.65108
87-1,1783318287.262441,2026-07-06T13:11:27.262441,5.08387,1.41606,7.19906,14.44000,36.68268,5.04595,1.39091,7.01847,14.14000,36.39183,0.00000,0.00000,0.00000,0.00000,0.00000,0.00000,0.00000,0.00000,0.00000,0.00000,14.21753,73.07451
87-1,1783318287.362559,2026-07-06T13:11:27.362559,5.07715,1.39262,7.07055,14.20000,37.39057,5.05301,1.41166,7.13315,14.35000,37.10599,0.00000,0.00000,0.00000,0.00000,0.00000,0.00000,0.00000,0.00000,0.00000,0.00000,14.20370,74.49656
87-1,1783318287.462679,2026-07-06T13:11:27.462679,5.07667,1.40141,7.11450,14.29000,38.10288,5.05323,1.40678,7.10879,14.30000,37.81772,0.00000,0.00000,0.00000,0.00000,0.00000,0.00000,0.00000,0.00000,0.00000,0.00000,14.22329,75.92060
87-1,1783318287.562796,2026-07-06T13:11:27.562796,5.07950,1.42289,7.22760,14.51000,38.82648,5.05728,1.40580,7.10954,14.29000,38.52950,0.00000,0.00000,0.00000,0.00000,0.00000,0.00000,0.00000,0.00000,0.00000,0.00000,14.33714,77.35598
87-1,1783318287.662915,2026-07-06T13:11:27.662915,5.08771,1.41899,7.21941,14.47000,39.54928,5.05328,1.40580,7.10392,14.29000,39.24074,0.00000,0.00000,0.00000,0.00000,0.00000,0.00000,0.00000,0.00000,0.00000,0.00000,14.32333,78.79002
87-1,1783318287.763031,2026-07-06T13:11:27.763031,5.07971,1.41899,7.20806,14.47000,40.27093,5.05328,1.40580,7.10392,14.29000,39.95196,0.00000,0.00000,0.00000,0.00000,0.00000,0.00000,0.00000,0.00000,0.00000,0.00000,14.31198,80.22289
87-1,1783318287.863152,2026-07-06T13:11:27.863152,5.08089,1.39750,7.10056,14.25000,40.98184,5.05466,1.37529,6.95160,13.98000,40.64796,0.00000,0.00000,0.00000,0.00000,0.00000,0.00000,0.00000,0.00000,0.00000,0.00000,14.05216,81.62979
87-1,1783318287.963269,2026-07-06T13:11:27.963269,5.08035,1.40727,7.14943,14.35000,41.69762,5.04617,1.38603,6.99414,14.09000,41.34819,0.00000,0.00000,0.00000,0.00000,0.00000,0.00000,0.00000,0.00000,0.00000,0.00000,14.14357,83.04581
88-1,1783318288.063410,2026-07-06T13:11:28.063410,5.08852,1.33085,6.77207,13.57000,0.67817,5.05417,1.38603,7.00523,14.09000,0.70151,0.00000,0.00000,0.00000,0.00000,0.00000,0.00000,0.00000,0.00000,0.00000,0.00000,13.77730,1.37968
88-1,1783318288.163528,2026-07-06T13:11:28.163528,5.08852,1.33085,6.77207,13.57000,1.35617,5.04999,1.38993,7.01916,14.13000,1.40426,0.00000,0.00000,0.00000,0.00000,0.00000,0.00000,0.00000,0.00000,0.00000,0.00000,13.79123,2.76043
88-1,1783318288.263646,2026-07-06T13:11:28.263646,5.09289,1.39750,7.11733,14.25000,2.06874,5.04411,1.51982,7.66615,15.45000,2.17178,0.00000,0.00000,0.00000,0.00000,0.00000,0.00000,0.00000,0.00000,0.00000,0.00000,14.78348,4.24052
88-1,1783318288.363764,2026-07-06T13:11:28.363764,5.10920,1.09842,5.61206,11.20000,2.63061,5.06270,1.37431,6.95772,13.97000,2.86837,0.00000,0.00000,0.00000,0.00000,0.00000,0.00000,0.00000,0.00000,0.00000,0.00000,12.56978,5.49898
88-1,1783318288.463882,2026-07-06T13:11:28.463882,5.07807,1.37577,6.98628,14.03000,3.33006,5.05070,1.37431,6.94123,13.97000,3.56331,0.00000,0.00000,0.00000,0.00000,0.00000,0.00000,0.00000,0.00000,0.00000,0.00000,13.92751,6.89337
88-1,1783318288.564000,2026-07-06T13:11:28.564000,5.08207,1.37577,6.99178,14.03000,4.03007,5.05070,1.37431,6.94123,13.97000,4.25826,0.00000,0.00000,0.00000,0.00000,0.00000,0.00000,0.00000,0.00000,0.00000,0.00000,13.93301,8.28832
88-1,1783318288.664120,2026-07-06T13:11:28.664120,5.08419,1.41020,7.16973,14.38000,4.74790,5.05039,1.38115,6.97533,14.04000,4.95663,0.00000,0.00000,0.00000,0.00000,0.00000,0.00000,0.00000,0.00000,0.00000,0.00000,14.14506,9.70453
88-1,1783318288.764238,2026-07-06T13:11:28.764238,5.08559,1.38456,7.04133,14.12000,5.45287,5.05461,1.37626,6.95648,13.99000,5.65309,0.00000,0.00000,0.00000,0.00000,0.00000,0.00000,0.00000,0.00000,0.00000,0.00000,13.99781,11.10596
88-1,1783318288.864357,2026-07-06T13:11:28.864357,5.08462,1.40239,7.13060,14.30000,6.16677,5.05061,1.37626,6.95097,13.99000,6.34901,0.00000,0.00000,0.00000,0.00000,0.00000,0.00000,0.00000,0.00000,0.00000,0.00000,14.08157,12.51578
88-1,1783318288.964475,2026-07-06T13:11:28.964475,5.08462,1.40239,7.13060,14.30000,6.88067,5.05057,1.37724,6.95584,14.00000,7.04542,0.00000,0.00000,0.00000,0.00000,0.00000,0.00000,0.00000,0.00000,0.00000,0.00000,14.08644,13.92609
88-1,1783318289.064591,2026-07-06T13:11:29.064591,5.08154,1.38554,7.04068,14.13000,7.58556,5.05066,1.37529,6.94610,13.98000,7.74084,0.00000,0.00000,0.00000,0.00000,0.00000,0.00000,0.00000,0.00000,0.00000,0.00000,13.98678,15.32639
88-1,1783318289.164708,2026-07-06T13:11:29.164708,5.08137,1.38871,7.05656,14.16000,8.29204,5.04710,1.36552,6.89192,13.88000,8.43084,0.00000,0.00000,0.00000,0.00000,0.00000,0.00000,0.00000,0.00000,0.00000,0.00000,13.94848,16.72288
88-1,1783318289.264825,2026-07-06T13:11:29.264825,5.08094,1.39653,7.09567,14.24000,9.00244,5.05510,1.36552,6.90284,13.88000,9.12193,0.00000,0.00000,0.00000,0.00000,0.00000,0.00000,0.00000,0.00000,0.00000,0.00000,13.99851,18.12436
88-1,1783318289.364944,2026-07-06T13:11:29.364944,5.08377,1.41801,7.20884,14.46000,9.72418,5.04958,1.39897,7.06421,14.22000,9.82919,0.00000,0.00000,0.00000,0.00000,0.00000,0.00000,0.00000,0.00000,0.00000,0.00000,14.27305,19.55337
88-1,1783318289.465061,2026-07-06T13:11:29.465061,5.08377,1.41801,7.20884,14.46000,10.44590,5.05057,1.37724,6.95584,14.00000,10.52558,0.00000,0.00000,0.00000,0.00000,0.00000,0.00000,0.00000,0.00000,0.00000,0.00000,14.16468,20.97149
88-1,1783318289.565179,2026-07-06T13:11:29.565179,5.08121,1.39164,7.07123,14.19000,11.15386,5.05426,1.38408,6.99548,14.07000,11.22596,0.00000,0.00000,0.00000,0.00000,0.00000,0.00000,0.00000,0.00000,0.00000,0.00000,14.06671,22.37983
88-1,1783318289.665297,2026-07-06T13:11:29.665297,5.08154,1.38554,7.04068,14.13000,11.85876,5.05026,1.38408,6.98994,14.07000,11.92578,0.00000,0.00000,0.00000,0.00000,0.00000,0.00000,0.00000,0.00000,0.00000,0.00000,14.03062,23.78455
89-1,1783318289.765434,2026-07-06T13:11:29.765434,5.08740,1.35136,6.87491,13.78000,0.68843,5.05030,1.38310,6.98507,14.06000,0.69946,0.00000,0.00000,0.00000,0.00000,0.00000,0.00000,0.00000,0.00000,0.00000,0.00000,13.85998,1.38789
89-1,1783318289.865550,2026-07-06T13:11:29.865550,5.08740,1.35136,6.87491,13.78000,1.37672,5.04763,1.44218,7.27960,14.66000,1.42827,0.00000,0.00000,0.00000,0.00000,0.00000,0.00000,0.00000,0.00000,0.00000,0.00000,14.15451,2.80499
89-1,1783318289.965669,2026-07-06T13:11:29.965669,5.09182,1.12381,5.72225,11.46000,1.94963,5.04688,1.37040,6.91626,13.93000,2.12072,0.00000,0.00000,0.00000,0.00000,0.00000,0.00000,0.00000,0.00000,0.00000,0.00000,12.63851,4.07034
89-1,1783318290.065787,2026-07-06T13:11:30.065787,5.07731,1.38969,7.05589,14.17000,2.65605,5.04688,1.37040,6.91626,13.93000,2.81316,0.00000,0.00000,0.00000,0.00000,0.00000,0.00000,0.00000,0.00000,0.00000,0.00000,13.97215,5.46921
89-1,1783318290.165906,2026-07-06T13:11:30.165906,5.08981,1.38066,7.02728,14.08000,3.35961,5.05514,1.36454,6.89796,13.87000,3.50377,0.00000,0.00000,0.00000,0.00000,0.00000,0.00000,0.00000,0.00000,0.00000,0.00000,13.92524,6.86338
89-1,1783318290.266024,2026-07-06T13:11:30.266024,5.08581,1.38066,7.02175,14.08000,4.06261,5.05475,1.37333,6.94185,13.96000,4.19878,0.00000,0.00000,0.00000,0.00000,0.00000,0.00000,0.00000,0.00000,0.00000,0.00000,13.96360,8.26139
89-1,1783318290.366142,2026-07-06T13:11:30.366142,5.08586,1.37968,7.01686,14.07000,4.76513,5.05101,1.36747,6.90712,13.90000,4.89031,0.00000,0.00000,0.00000,0.00000,0.00000,0.00000,0.00000,0.00000,0.00000,0.00000,13.92398,9.65544
89-1,1783318290.466208,2026-07-06T13:11:30.466208,5.08798,1.41411,7.19494,14.42000,5.48510,5.05101,1.36747,6.90712,13.90000,5.58148,0.00000,0.00000,0.00000,0.00000,0.00000,0.00000,0.00000,0.00000,0.00000,0.00000,14.10206,11.06658
89-1,1783318290.566325,2026-07-06T13:11:30.566325,5.08965,1.38359,7.04197,14.11000,6.19012,5.05066,1.37529,6.94610,13.98000,6.27690,0.00000,0.00000,0.00000,0.00000,0.00000,0.00000,0.00000,0.00000,0.00000,0.00000,13.98807,12.46702
89-1,1783318290.666391,2026-07-06T13:11:30.666391,5.08602,1.37675,7.00218,14.04000,6.89080,5.05110,1.36552,6.89738,13.88000,6.96709,0.00000,0.00000,0.00000,0.00000,0.00000,0.00000,0.00000,0.00000,0.00000,0.00000,13.89956,13.85789
89-1,1783318290.766510,2026-07-06T13:11:30.766510,5.09002,1.37675,7.00769,14.04000,7.59240,5.05035,1.38212,6.98020,14.05000,7.66594,0.00000,0.00000,0.00000,0.00000,0.00000,0.00000,0.00000,0.00000,0.00000,0.00000,13.98789,15.25835
89-1,1783318290.866630,2026-07-06T13:11:30.866630,5.08393,1.41508,7.19418,14.43000,8.31269,5.05035,1.38212,6.98020,14.05000,8.36480,0.00000,0.00000,0.00000,0.00000,0.00000,0.00000,0.00000,0.00000,0.00000,0.00000,14.17438,16.67749
89-1,1783318290.966747,2026-07-06T13:11:30.966747,5.08537,1.38871,7.06212,14.16000,9.01972,5.05066,1.37529,6.94610,13.98000,9.06022,0.00000,0.00000,0.00000,0.00000,0.00000,0.00000,0.00000,0.00000,0.00000,0.00000,14.00822,18.07994
89-1,1783318291.066864,2026-07-06T13:11:31.066864,5.08196,1.37773,7.00156,14.05000,9.72070,5.04950,1.40092,7.07395,14.24000,9.76845,0.00000,0.00000,0.00000,0.00000,0.00000,0.00000,0.00000,0.00000,0.00000,0.00000,14.07551,19.48915
89-1,1783318291.166983,2026-07-06T13:11:31.166983,5.08596,1.37773,7.00707,14.05000,10.42224,5.05057,1.37724,6.95584,14.00000,10.46486,0.00000,0.00000,0.00000,0.00000,0.00000,0.00000,0.00000,0.00000,0.00000,0.00000,13.96291,20.88709
89-1,1783318291.267102,2026-07-06T13:11:31.267102,5.08377,1.41801,7.20884,14.46000,11.14398,5.05057,1.37724,6.95584,14.00000,11.16127,0.00000,0.00000,0.00000,0.00000,0.00000,0.00000,0.00000,0.00000,0.00000,0.00000,14.16468,22.30524
89-1,1783318291.367220,2026-07-06T13:11:31.367220,5.08537,1.38871,7.06212,14.16000,11.85103,5.04666,1.37529,6.94060,13.98000,11.85615,0.00000,0.00000,0.00000,0.00000,0.00000,0.00000,0.00000,0.00000,0.00000,0.00000,14.00272,23.70717
89-1,1783318291.467339,2026-07-06T13:11:31.467339,5.08121,1.39164,7.07123,14.19000,12.55899,5.04604,1.38896,7.00874,14.12000,12.55785,0.00000,0.00000,0.00000,0.00000,0.00000,0.00000,0.00000,0.00000,0.00000,0.00000,14.07997,25.11684
89-1,1783318291.567456,2026-07-06T13:11:31.567456,5.08521,1.39164,7.07680,14.19000,13.26750,5.05444,1.38017,6.97598,14.03000,13.25627,0.00000,0.00000,0.00000,0.00000,0.00000,0.00000,0.00000,0.00000,0.00000,0.00000,14.05278,26.52377
89-1,1783318291.667573,2026-07-06T13:11:31.667573,5.08078,1.39946,7.11033,14.27000,13.97936,5.05444,1.38017,6.97598,14.03000,13.95468,0.00000,0.00000,0.00000,0.00000,0.00000,0.00000,0.00000,0.00000,0.00000,0.00000,14.08631,27.93404
89-1,1783318291.767691,2026-07-06T13:11:31.767691,5.07971,1.41899,7.20806,14.47000,14.70102,5.05395,1.39091,7.02960,14.14000,14.65847,0.00000,0.00000,0.00000,0.00000,0.00000,0.00000,0.00000,0.00000,0.00000,0.00000,14.23766,29.35950
89-1,1783318291.867809,2026-07-06T13:11:31.867809,5.08489,1.39750,7.10615,14.25000,15.41247,5.05386,1.39286,7.03935,14.16000,15.36324,0.00000,0.00000,0.00000,0.00000,0.00000,0.00000,0.00000,0.00000,0.00000,0.00000,14.14550,30.77571
89-1,1783318291.967927,2026-07-06T13:11:31.967927,5.08131,1.38969,7.06145,14.17000,16.11945,5.05457,1.37724,6.96135,14.00000,16.06019,0.00000,0.00000,0.00000,0.00000,0.00000,0.00000,0.00000,0.00000,0.00000,0.00000,14.02280,32.17964
89-1,1783318292.068043,2026-07-06T13:11:32.068043,5.08131,1.38969,7.06145,14.17000,16.82642,5.04657,1.37724,6.95033,14.00000,16.75604,0.00000,0.00000,0.00000,0.00000,0.00000,0.00000,0.00000,0.00000,0.00000,0.00000,14.01178,33.58245
89-1,1783318292.168162,2026-07-06T13:11:32.168162,5.08570,1.38261,7.03154,14.10000,17.53040,5.05492,1.36943,6.92234,13.92000,17.44909,0.00000,0.00000,0.00000,0.00000,0.00000,0.00000,0.00000,0.00000,0.00000,0.00000,13.95388,34.97949
89-1,1783318292.268279,2026-07-06T13:11:32.268279,5.08499,1.39555,7.09636,14.23000,18.24087,5.05345,1.40190,7.08443,14.25000,18.15836,0.00000,0.00000,0.00000,0.00000,0.00000,0.00000,0.00000,0.00000,0.00000,0.00000,14.18079,36.39923
89-1,1783318292.368396,2026-07-06T13:11:32.368396,5.08787,1.41606,7.20473,14.44000,18.96218,5.05435,1.38212,6.98573,14.05000,18.85775,0.00000,0.00000,0.00000,0.00000,0.00000,0.00000,0.00000,0.00000,0.00000,0.00000,14.19046,37.81993
89-1,1783318292.468512,2026-07-06T13:11:32.468512,5.08387,1.41606,7.19906,14.44000,19.68293,5.05035,1.38212,6.98020,14.05000,19.55658,0.00000,0.00000,0.00000,0.00000,0.00000,0.00000,0.00000,0.00000,0.00000,0.00000,14.17926,39.23952
89-1,1783318292.568630,2026-07-06T13:11:32.568630,5.08766,1.41997,7.22430,14.48000,20.40621,5.05044,1.38017,6.97046,14.03000,20.25445,0.00000,0.00000,0.00000,0.00000,0.00000,0.00000,0.00000,0.00000,0.00000,0.00000,14.19476,40.66066
89-1,1783318292.668749,2026-07-06T13:11:32.668749,5.08750,1.42289,7.23898,14.51000,21.13097,5.05092,1.36943,6.91687,13.92000,20.94696,0.00000,0.00000,0.00000,0.00000,0.00000,0.00000,0.00000,0.00000,0.00000,0.00000,14.15585,42.07793
89-1,1783318292.768867,2026-07-06T13:11:32.768867,5.08457,1.40336,7.13549,14.31000,21.84536,5.05345,1.40190,7.08443,14.25000,21.65624,0.00000,0.00000,0.00000,0.00000,0.00000,0.00000,0.00000,0.00000,0.00000,0.00000,14.21992,43.50160
89-1,1783318292.868985,2026-07-06T13:11:32.868985,5.07657,1.40336,7.12427,14.31000,22.55863,5.05345,1.40190,7.08443,14.25000,22.36552,0.00000,0.00000,0.00000,0.00000,0.00000,0.00000,0.00000,0.00000,0.00000,0.00000,14.20870,44.92415
89-1,1783318292.969103,2026-07-06T13:11:32.969103,5.07705,1.39457,7.08032,14.22000,23.26750,5.04923,1.40678,7.10316,14.30000,23.07667,0.00000,0.00000,0.00000,0.00000,0.00000,0.00000,0.00000,0.00000,0.00000,0.00000,14.18348,46.34417
89-1,1783318293.069222,2026-07-06T13:11:33.069222,5.07731,1.38969,7.05589,14.17000,23.97393,5.04595,1.39091,7.01847,14.14000,23.77936,0.00000,0.00000,0.00000,0.00000,0.00000,0.00000,0.00000,0.00000,0.00000,0.00000,14.07436,47.75328
89-1,1783318293.169340,2026-07-06T13:11:33.169340,5.07731,1.38969,7.05589,14.17000,24.68035,5.04657,1.37724,6.95033,14.00000,24.47521,0.00000,0.00000,0.00000,0.00000,0.00000,0.00000,0.00000,0.00000,0.00000,0.00000,14.00622,49.15556
89-1,1783318293.269456,2026-07-06T13:11:33.269456,5.08105,1.39457,7.08589,14.22000,25.38976,5.05444,1.38017,6.97598,14.03000,25.17362,0.00000,0.00000,0.00000,0.00000,0.00000,0.00000,0.00000,0.00000,0.00000,0.00000,14.06187,50.56338
89-1,1783318293.369573,2026-07-06T13:11:33.369573,5.07705,1.39457,7.08032,14.22000,26.09862,5.05044,1.38017,6.97046,14.03000,25.87148,0.00000,0.00000,0.00000,0.00000,0.00000,0.00000,0.00000,0.00000,0.00000,0.00000,14.05078,51.97009
89-1,1783318293.469692,2026-07-06T13:11:33.469692,5.08510,1.39360,7.08658,14.21000,26.80812,5.03848,1.37919,6.94903,14.02000,26.56721,0.00000,0.00000,0.00000,0.00000,0.00000,0.00000,0.00000,0.00000,0.00000,0.00000,14.03561,53.37532
89-1,1783318293.569811,2026-07-06T13:11:33.569811,5.08489,1.39750,7.10615,14.25000,27.51958,5.03848,1.37919,6.94903,14.02000,27.26294,0.00000,0.00000,0.00000,0.00000,0.00000,0.00000,0.00000,0.00000,0.00000,0.00000,14.05518,54.78252
89-1,1783318293.669928,2026-07-06T13:11:33.669928,5.07699,1.39555,7.08520,14.23000,28.22893,5.05075,1.37333,6.93636,13.96000,27.95739,0.00000,0.00000,0.00000,0.00000,0.00000,0.00000,0.00000,0.00000,0.00000,0.00000,14.02156,56.18632
89-1,1783318293.770001,2026-07-06T13:11:33.770001,5.08099,1.39555,7.09078,14.23000,28.93853,5.05475,1.37333,6.94185,13.96000,28.65208,0.00000,0.00000,0.00000,0.00000,0.00000,0.00000,0.00000,0.00000,0.00000,0.00000,14.03263,57.59061
89-1,1783318293.870068,2026-07-06T13:11:33.870068,5.07678,1.39946,7.10473,14.27000,29.64947,5.05421,1.38505,7.00035,14.08000,29.35258,0.00000,0.00000,0.00000,0.00000,0.00000,0.00000,0.00000,0.00000,0.00000,0.00000,14.10508,59.00205
89-1,1783318293.970186,2026-07-06T13:11:33.970186,5.07603,1.41313,7.17309,14.41000,30.36763,5.05391,1.39189,7.03447,14.15000,30.05686,0.00000,0.00000,0.00000,0.00000,0.00000,0.00000,0.00000,0.00000,0.00000,0.00000,14.20756,60.42449
89-1,1783318294.070305,2026-07-06T13:11:34.070305,5.07923,1.42778,7.25202,14.56000,31.09370,5.04550,1.40092,7.06835,14.24000,30.76453,0.00000,0.00000,0.00000,0.00000,0.00000,0.00000,0.00000,0.00000,0.00000,0.00000,14.32037,61.85823
89-1,1783318294.170424,2026-07-06T13:11:34.170424,5.08723,1.42778,7.26344,14.56000,31.82090,5.04950,1.40092,7.07395,14.24000,31.47277,0.00000,0.00000,0.00000,0.00000,0.00000,0.00000,0.00000,0.00000,0.00000,0.00000,14.33739,63.29368
89-1,1783318294.270541,2026-07-06T13:11:34.270541,5.06382,1.41704,7.17561,14.45000,32.53931,5.04963,1.39799,7.05934,14.21000,32.17953,0.00000,0.00000,0.00000,0.00000,0.00000,0.00000,0.00000,0.00000,0.00000,0.00000,14.23495,64.71884
89-1,1783318294.370661,2026-07-06T13:11:34.370661,5.06361,1.42094,7.19509,14.49000,33.25967,5.05021,1.38505,6.99481,14.08000,32.87985,0.00000,0.00000,0.00000,0.00000,0.00000,0.00000,0.00000,0.00000,0.00000,0.00000,14.18990,66.13952
89-1,1783318294.470779,2026-07-06T13:11:34.470779,5.09166,1.41997,7.22998,14.48000,33.98353,5.05039,1.38115,6.97533,14.04000,33.57821,0.00000,0.00000,0.00000,0.00000,0.00000,0.00000,0.00000,0.00000,0.00000,0.00000,14.20531,67.56174
89-1,1783318294.570898,2026-07-06T13:11:34.570898,5.08366,1.41997,7.21862,14.48000,34.70625,5.04639,1.38115,6.96980,14.04000,34.27602,0.00000,0.00000,0.00000,0.00000,0.00000,0.00000,0.00000,0.00000,0.00000,0.00000,14.18842,68.98227
89-1,1783318294.671017,2026-07-06T13:11:34.671017,5.08499,1.39555,7.09636,14.23000,35.41673,5.05061,1.37626,6.95097,13.99000,34.97194,0.00000,0.00000,0.00000,0.00000,0.00000,0.00000,0.00000,0.00000,0.00000,0.00000,14.04733,70.38866
89-1,1783318294.771136,2026-07-06T13:11:34.771136,5.07705,1.39457,7.08032,14.22000,36.12561,5.05039,1.38115,6.97533,14.04000,35.67031,0.00000,0.00000,0.00000,0.00000,0.00000,0.00000,0.00000,0.00000,0.00000,0.00000,14.05565,71.79591
89-1,1783318294.871253,2026-07-06T13:11:34.871253,5.07635,1.40727,7.14380,14.35000,36.84082,5.05035,1.38212,6.98020,14.05000,36.36914,0.00000,0.00000,0.00000,0.00000,0.00000,0.00000,0.00000,0.00000,0.00000,0.00000,14.12400,73.20997
89-1,1783318294.971370,2026-07-06T13:11:34.971370,5.08345,1.42387,7.23818,14.52000,37.56549,5.05435,1.38212,6.98573,14.05000,37.06853,0.00000,0.00000,0.00000,0.00000,0.00000,0.00000,0.00000,0.00000,0.00000,0.00000,14.22391,74.63402
89-1,1783318295.071488,2026-07-06T13:11:35.071488,5.08745,1.42387,7.24387,14.52000,38.29072,5.04621,1.38505,6.98927,14.08000,37.76828,0.00000,0.00000,0.00000,0.00000,0.00000,0.00000,0.00000,0.00000,0.00000,0.00000,14.23314,76.05901
89-1,1783318295.171607,2026-07-06T13:11:35.171607,5.08350,1.42289,7.23329,14.51000,39.01491,5.04545,1.40190,7.07321,14.25000,38.47644,0.00000,0.00000,0.00000,0.00000,0.00000,0.00000,0.00000,0.00000,0.00000,0.00000,14.30650,77.49135
89-1,1783318295.271724,2026-07-06T13:11:35.271724,5.08414,1.41118,7.17462,14.39000,39.73321,5.04901,1.41166,7.12751,14.35000,39.19003,0.00000,0.00000,0.00000,0.00000,0.00000,0.00000,0.00000,0.00000,0.00000,0.00000,14.30213,78.92324
89-1,1783318295.371841,2026-07-06T13:11:35.371841,5.08489,1.39750,7.10615,14.25000,40.44466,5.04901,1.41166,7.12751,14.35000,39.90361,0.00000,0.00000,0.00000,0.00000,0.00000,0.00000,0.00000,0.00000,0.00000,0.00000,14.23366,80.34827
89-1,1783318295.471959,2026-07-06T13:11:35.471959,5.08489,1.39750,7.10615,14.25000,41.15612,5.05328,1.40580,7.10392,14.29000,40.61484,0.00000,0.00000,0.00000,0.00000,0.00000,0.00000,0.00000,0.00000,0.00000,0.00000,14.21007,81.77096
89-1,1783318295.572086,2026-07-06T13:11:35.572086,5.08313,1.42973,7.26751,14.58000,41.88379,5.05314,1.40873,7.11854,14.32000,41.32761,0.00000,0.00000,0.00000,0.00000,0.00000,0.00000,0.00000,0.00000,0.00000,0.00000,14.38605,83.21140
89-1,1783318295.672205,2026-07-06T13:11:35.672205,5.08355,1.42192,7.22840,14.50000,42.60749,5.05035,1.38212,6.98020,14.05000,42.02645,0.00000,0.00000,0.00000,0.00000,0.00000,0.00000,0.00000,0.00000,0.00000,0.00000,14.20860,84.63394
89-1,1783318295.772324,2026-07-06T13:11:35.772324,5.08462,1.40239,7.13060,14.30000,43.32140,5.05035,1.38212,6.98020,14.05000,42.72530,0.00000,0.00000,0.00000,0.00000,0.00000,0.00000,0.00000,0.00000,0.00000,0.00000,14.11080,86.04670
89-1,1783318295.872443,2026-07-06T13:11:35.872443,5.08462,1.40239,7.13060,14.30000,44.03531,5.04621,1.38505,6.98927,14.08000,43.42506,0.00000,0.00000,0.00000,0.00000,0.00000,0.00000,0.00000,0.00000,0.00000,0.00000,14.11987,87.46037
89-1,1783318295.972562,2026-07-06T13:11:35.972562,5.08057,1.40336,7.12988,14.31000,44.74914,5.04492,1.41362,7.13159,14.37000,44.13907,0.00000,0.00000,0.00000,0.00000,0.00000,0.00000,0.00000,0.00000,0.00000,0.00000,14.26147,88.88821
89-1,1783318296.072631,2026-07-06T13:11:36.072631,5.08345,1.42387,7.23818,14.52000,45.47346,5.04923,1.40678,7.10316,14.30000,44.84988,0.00000,0.00000,0.00000,0.00000,0.00000,0.00000,0.00000,0.00000,0.00000,0.00000,14.34134,90.32334
89-1,1783318296.172748,2026-07-06T13:11:36.172748,5.08350,1.42289,7.23329,14.51000,46.19764,5.04923,1.40678,7.10316,14.30000,45.56103,0.00000,0.00000,0.00000,0.00000,0.00000,0.00000,0.00000,0.00000,0.00000,0.00000,14.33645,91.75866
89-1,1783318296.272867,2026-07-06T13:11:36.272867,5.08489,1.39750,7.10615,14.25000,46.90910,5.04919,1.40776,7.10803,14.31000,46.27268,0.00000,0.00000,0.00000,0.00000,0.00000,0.00000,0.00000,0.00000,0.00000,0.00000,14.21418,93.18178
89-1,1783318296.372986,2026-07-06T13:11:36.372986,5.08089,1.39750,7.10056,14.25000,47.62000,5.05021,1.38505,6.99481,14.08000,46.97299,0.00000,0.00000,0.00000,0.00000,0.00000,0.00000,0.00000,0.00000,0.00000,0.00000,14.09537,94.59298
89-1,1783318296.473105,2026-07-06T13:11:36.473105,5.08361,1.42094,7.22351,14.49000,48.34321,5.04510,1.40971,7.11213,14.33000,47.68505,0.00000,0.00000,0.00000,0.00000,0.00000,0.00000,0.00000,0.00000,0.00000,0.00000,14.33564,96.02826
90-1,1783318296.573243,2026-07-06T13:11:36.573243,5.08923,1.31791,6.70715,13.44000,0.67164,5.04910,1.40971,7.11777,14.33000,0.71276,0.00000,0.00000,0.00000,0.00000,0.00000,0.00000,0.00000,0.00000,0.00000,0.00000,13.82492,1.38439
90-1,1783318296.673361,2026-07-06T13:11:36.673361,5.07425,1.51909,7.70824,15.49000,1.44337,5.04972,1.39604,7.04960,14.19000,1.41855,0.00000,0.00000,0.00000,0.00000,0.00000,0.00000,0.00000,0.00000,0.00000,0.00000,14.75784,2.86192
90-1,1783318296.773476,2026-07-06T13:11:36.773476,5.07425,1.51909,7.70824,15.49000,2.21508,5.06482,1.06253,5.38153,10.80000,1.95732,0.00000,0.00000,0.00000,0.00000,0.00000,0.00000,0.00000,0.00000,0.00000,0.00000,13.08977,4.17240
90-1,1783318296.873594,2026-07-06T13:11:36.873594,5.08570,1.38261,7.03154,14.10000,2.91907,5.04688,1.37040,6.91626,13.93000,2.64976,0.00000,0.00000,0.00000,0.00000,0.00000,0.00000,0.00000,0.00000,0.00000,0.00000,13.94780,5.56883
90-1,1783318296.973662,2026-07-06T13:11:36.973662,5.08467,1.40141,7.12571,14.29000,3.63212,5.05088,1.37040,6.92174,13.93000,3.34241,0.00000,0.00000,0.00000,0.00000,0.00000,0.00000,0.00000,0.00000,0.00000,0.00000,14.04745,6.97453
91-1,1783318297.073738,2026-07-06T13:11:37.073738,5.08981,1.30717,6.65325,13.33000,0.66583,5.05435,1.38212,6.98573,14.05000,0.69911,0.00000,0.00000,0.00000,0.00000,0.00000,0.00000,0.00000,0.00000,0.00000,0.00000,13.63898,1.36494
91-1,1783318297.173853,2026-07-06T13:11:37.173853,5.08581,1.30717,6.64802,13.33000,1.33139,5.05430,1.38310,6.99060,14.06000,1.39896,0.00000,0.00000,0.00000,0.00000,0.00000,0.00000,0.00000,0.00000,0.00000,0.00000,13.63862,2.73036
91-1,1783318297.273968,2026-07-06T13:11:37.273968,5.08521,1.39164,7.07680,14.19000,2.03989,5.04714,1.45293,7.33312,14.77000,2.13312,0.00000,0.00000,0.00000,0.00000,0.00000,0.00000,0.00000,0.00000,0.00000,0.00000,14.40992,4.17302
91-1,1783318297.374083,2026-07-06T13:11:37.374083,5.11244,0.89236,4.56214,9.10000,2.49663,5.04314,1.45293,7.32731,14.77000,2.86670,0.00000,0.00000,0.00000,0.00000,0.00000,0.00000,0.00000,0.00000,0.00000,0.00000,11.88945,5.36333
91-1,1783318297.474198,2026-07-06T13:11:37.474198,5.06575,1.38163,6.99901,14.09000,3.19734,5.05083,1.37138,6.92661,13.94000,3.56016,0.00000,0.00000,0.00000,0.00000,0.00000,0.00000,0.00000,0.00000,0.00000,0.00000,13.92562,6.75749
91-1,1783318297.574315,2026-07-06T13:11:37.574315,5.08196,1.37773,7.00156,14.05000,3.89831,5.05128,1.36161,6.87789,13.84000,4.24875,0.00000,0.00000,0.00000,0.00000,0.00000,0.00000,0.00000,0.00000,0.00000,0.00000,13.87945,8.14706
91-1,1783318297.674433,2026-07-06T13:11:37.674433,5.08996,1.37773,7.01259,14.05000,4.60040,5.05470,1.37431,6.94672,13.97000,4.94424,0.00000,0.00000,0.00000,0.00000,0.00000,0.00000,0.00000,0.00000,0.00000,0.00000,13.95931,9.54463
91-1,1783318297.774550,2026-07-06T13:11:37.774550,5.08457,1.40336,7.13549,14.31000,5.31478,5.05070,1.37431,6.94123,13.97000,5.63917,0.00000,0.00000,0.00000,0.00000,0.00000,0.00000,0.00000,0.00000,0.00000,0.00000,14.07672,10.95395
91-1,1783318297.874668,2026-07-06T13:11:37.874668,5.08549,1.38652,7.05111,14.14000,6.02072,5.04701,1.36747,6.90165,13.90000,6.33015,0.00000,0.00000,0.00000,0.00000,0.00000,0.00000,0.00000,0.00000,0.00000,0.00000,13.95276,12.35088
91-1,1783318297.974785,2026-07-06T13:11:37.974785,5.07694,1.39653,7.09008,14.24000,6.73056,5.04648,1.37919,6.96007,14.02000,7.02697,0.00000,0.00000,0.00000,0.00000,0.00000,0.00000,0.00000,0.00000,0.00000,0.00000,14.05015,13.75753
91-1,1783318298.074902,2026-07-06T13:11:38.074902,5.08494,1.39653,7.10126,14.24000,7.44152,5.05079,1.37236,6.93148,13.95000,7.72093,0.00000,0.00000,0.00000,0.00000,0.00000,0.00000,0.00000,0.00000,0.00000,0.00000,14.03274,15.16245
91-1,1783318298.175019,2026-07-06T13:11:38.175019,5.08067,1.40141,7.12011,14.29000,8.15436,5.05079,1.37236,6.93148,13.95000,8.41489,0.00000,0.00000,0.00000,0.00000,0.00000,0.00000,0.00000,0.00000,0.00000,0.00000,14.05159,16.56925
91-1,1783318298.275087,2026-07-06T13:11:38.275087,5.08149,1.38652,7.04557,14.14000,8.85940,5.05341,1.40287,7.08930,14.26000,9.12430,0.00000,0.00000,0.00000,0.00000,0.00000,0.00000,0.00000,0.00000,0.00000,0.00000,14.13487,17.98370
91-1,1783318298.375204,2026-07-06T13:11:38.375204,5.08143,1.38749,7.05045,14.15000,9.56527,5.05452,1.37822,6.96623,14.01000,9.82174,0.00000,0.00000,0.00000,0.00000,0.00000,0.00000,0.00000,0.00000,0.00000,0.00000,14.01668,19.38701
91-1,1783318298.475322,2026-07-06T13:11:38.475322,5.08543,1.38749,7.05600,14.15000,10.27170,5.05048,1.37919,6.96558,14.02000,10.51912,0.00000,0.00000,0.00000,0.00000,0.00000,0.00000,0.00000,0.00000,0.00000,0.00000,14.02158,20.79082
91-1,1783318298.575441,2026-07-06T13:11:38.575441,5.07966,1.41997,7.21294,14.48000,10.99385,5.05048,1.37919,6.96558,14.02000,11.21651,0.00000,0.00000,0.00000,0.00000,0.00000,0.00000,0.00000,0.00000,0.00000,0.00000,14.17852,22.21036
91-1,1783318298.675559,2026-07-06T13:11:38.675559,5.08131,1.38969,7.06145,14.17000,11.70083,5.04635,1.38212,6.97467,14.05000,11.91480,0.00000,0.00000,0.00000,0.00000,0.00000,0.00000,0.00000,0.00000,0.00000,0.00000,14.03612,23.61563
91-1,1783318298.775678,2026-07-06T13:11:38.775678,5.08959,1.38456,7.04686,14.12000,12.40636,5.04670,1.37431,6.93573,13.97000,12.60920,0.00000,0.00000,0.00000,0.00000,0.00000,0.00000,0.00000,0.00000,0.00000,0.00000,13.98259,25.01555
91-1,1783318298.875795,2026-07-06T13:11:38.875795,5.08931,1.38969,7.07257,14.17000,13.11444,5.04991,1.39189,7.02890,14.15000,13.31291,0.00000,0.00000,0.00000,0.00000,0.00000,0.00000,0.00000,0.00000,0.00000,0.00000,14.10147,26.42735
91-1,1783318298.975913,2026-07-06T13:11:38.975913,5.08531,1.38969,7.06701,14.17000,13.82197,5.05391,1.39189,7.03447,14.15000,14.01719,0.00000,0.00000,0.00000,0.00000,0.00000,0.00000,0.00000,0.00000,0.00000,0.00000,14.10148,27.83916
91-1,1783318299.076031,2026-07-06T13:11:39.076031,5.08398,1.41411,7.18929,14.42000,14.54175,5.04608,1.38798,7.00387,14.11000,14.71840,0.00000,0.00000,0.00000,0.00000,0.00000,0.00000,0.00000,0.00000,0.00000,0.00000,14.19316,29.26016
91-1,1783318299.176150,2026-07-06T13:11:39.176150,5.08414,1.41118,7.17462,14.39000,15.26007,5.04661,1.37626,6.94547,13.99000,15.41378,0.00000,0.00000,0.00000,0.00000,0.00000,0.00000,0.00000,0.00000,0.00000,0.00000,14.12009,30.67384
91-1,1783318299.276268,2026-07-06T13:11:39.276268,5.08121,1.39164,7.07123,14.19000,15.96803,5.04270,1.37431,6.93023,13.97000,16.10762,0.00000,0.00000,0.00000,0.00000,0.00000,0.00000,0.00000,0.00000,0.00000,0.00000,14.00146,32.07564
91-1,1783318299.376387,2026-07-06T13:11:39.376387,5.08521,1.39164,7.07680,14.19000,16.67655,5.05470,1.37431,6.94672,13.97000,16.80311,0.00000,0.00000,0.00000,0.00000,0.00000,0.00000,0.00000,0.00000,0.00000,0.00000,14.02352,33.47966
91-1,1783318299.476505,2026-07-06T13:11:39.476505,5.08115,1.39262,7.07612,14.20000,17.38500,5.05328,1.40580,7.10392,14.29000,17.51434,0.00000,0.00000,0.00000,0.00000,0.00000,0.00000,0.00000,0.00000,0.00000,0.00000,14.18004,34.89934
91-1,1783318299.576623,2026-07-06T13:11:39.576623,5.08149,1.38652,7.04557,14.14000,18.09038,5.05435,1.38212,6.98573,14.05000,18.21374,0.00000,0.00000,0.00000,0.00000,0.00000,0.00000,0.00000,0.00000,0.00000,0.00000,14.03130,36.30413
91-1,1783318299.676742,2026-07-06T13:11:39.676742,5.08793,1.41508,7.19984,14.43000,18.81122,5.05035,1.38212,6.98020,14.05000,18.91259,0.00000,0.00000,0.00000,0.00000,0.00000,0.00000,0.00000,0.00000,0.00000,0.00000,14.18004,37.72381
91-1,1783318299.776861,2026-07-06T13:11:39.776861,5.08393,1.41508,7.19418,14.43000,19.53150,5.04635,1.38212,6.97467,14.05000,19.61089,0.00000,0.00000,0.00000,0.00000,0.00000,0.00000,0.00000,0.00000,0.00000,0.00000,14.16885,39.14239
91-1,1783318299.876978,2026-07-06T13:11:39.876978,5.07971,1.41899,7.20806,14.47000,20.25315,5.05435,1.38212,6.98573,14.05000,20.31028,0.00000,0.00000,0.00000,0.00000,0.00000,0.00000,0.00000,0.00000,0.00000,0.00000,14.19379,40.56343
92-1,1783318299.977111,2026-07-06T13:11:39.977111,5.08624,1.29936,6.60884,13.25000,0.66176,5.05683,1.32719,6.71138,13.49000,0.67203,0.00000,0.00000,0.00000,0.00000,0.00000,0.00000,0.00000,0.00000,0.00000,0.00000,13.32022,1.33379
92-1,1783318300.077229,2026-07-06T13:11:40.077229,5.07791,1.37870,7.00094,14.06000,1.36268,5.04688,1.37040,6.91626,13.93000,1.36447,0.00000,0.00000,0.00000,0.00000,0.00000,0.00000,0.00000,0.00000,0.00000,0.00000,13.91720,2.72715
92-1,1783318300.177346,2026-07-06T13:11:40.177346,5.08191,1.37870,7.00645,14.06000,2.06414,5.05088,1.37040,6.92174,13.93000,2.05745,0.00000,0.00000,0.00000,0.00000,0.00000,0.00000,0.00000,0.00000,0.00000,0.00000,13.92819,4.12160
92-1,1783318300.277464,2026-07-06T13:11:40.277464,5.07025,1.51909,7.70217,15.49000,2.83528,5.04563,1.48637,7.49969,15.11000,2.80831,0.00000,0.00000,0.00000,0.00000,0.00000,0.00000,0.00000,0.00000,0.00000,0.00000,15.20186,5.64359
92-1,1783318300.377582,2026-07-06T13:11:40.377582,5.08533,1.31596,6.69209,13.42000,3.50527,5.05226,1.33988,6.76945,13.62000,3.48606,0.00000,0.00000,0.00000,0.00000,0.00000,0.00000,0.00000,0.00000,0.00000,0.00000,13.46154,6.99133
92-1,1783318300.477701,2026-07-06T13:11:40.477701,5.08154,1.38554,7.04068,14.13000,4.21018,5.04657,1.37724,6.95033,14.00000,4.18192,0.00000,0.00000,0.00000,0.00000,0.00000,0.00000,0.00000,0.00000,0.00000,0.00000,13.99101,8.39210
92-1,1783318300.577820,2026-07-06T13:11:40.577820,5.08430,1.40825,7.15995,14.36000,4.92703,5.05057,1.37724,6.95584,14.00000,4.87833,0.00000,0.00000,0.00000,0.00000,0.00000,0.00000,0.00000,0.00000,0.00000,0.00000,14.11579,9.80535
93-1,1783318300.677951,2026-07-06T13:11:40.677951,5.08430,1.40825,7.15995,14.36000,0.71693,5.04657,1.37724,6.95033,14.00000,0.69594,0.00000,0.00000,0.00000,0.00000,0.00000,0.00000,0.00000,0.00000,0.00000,0.00000,14.11028,1.41287
93-1,1783318300.778069,2026-07-06T13:11:40.778069,5.08447,1.33183,6.77164,13.58000,1.39489,5.05266,1.33110,6.72557,13.53000,1.36929,0.00000,0.00000,0.00000,0.00000,0.00000,0.00000,0.00000,0.00000,0.00000,0.00000,13.49721,2.76418
93-1,1783318300.878187,2026-07-06T13:11:40.878187,5.07752,1.45927,7.40948,14.88000,2.13672,5.05217,1.34184,6.77919,13.64000,2.04802,0.00000,0.00000,0.00000,0.00000,0.00000,0.00000,0.00000,0.00000,0.00000,0.00000,14.18867,4.18474
93-1,1783318300.978306,2026-07-06T13:11:40.978306,5.07039,1.36991,6.94600,13.97000,2.83215,5.03506,1.36650,6.88039,13.89000,2.73687,0.00000,0.00000,0.00000,0.00000,0.00000,0.00000,0.00000,0.00000,0.00000,0.00000,13.82639,5.56902
93-1,1783318301.078426,2026-07-06T13:11:41.078426,5.08639,1.36991,6.96792,13.97000,3.52977,5.05106,1.36650,6.90225,13.89000,3.42792,0.00000,0.00000,0.00000,0.00000,0.00000,0.00000,0.00000,0.00000,0.00000,0.00000,13.87017,6.95769
93-1,1783318301.178545,2026-07-06T13:11:41.178545,5.07705,1.39457,7.08032,14.22000,4.23865,5.04954,1.39995,7.06908,14.23000,4.13567,0.00000,0.00000,0.00000,0.00000,0.00000,0.00000,0.00000,0.00000,0.00000,0.00000,14.14940,8.37432
93-1,1783318301.278662,2026-07-06T13:11:41.278662,5.07770,1.38261,7.02048,14.10000,4.94152,5.05088,1.37040,6.92174,13.93000,4.82866,0.00000,0.00000,0.00000,0.00000,0.00000,0.00000,0.00000,0.00000,0.00000,0.00000,13.94222,9.77017
93-1,1783318301.378780,2026-07-06T13:11:41.378780,5.08435,1.40727,7.15506,14.35000,5.65787,5.04967,1.39702,7.05447,14.20000,5.53494,0.00000,0.00000,0.00000,0.00000,0.00000,0.00000,0.00000,0.00000,0.00000,0.00000,14.20953,11.19281
93-1,1783318301.478899,2026-07-06T13:11:41.478899,5.08035,1.40727,7.14943,14.35000,6.37366,5.05367,1.39702,7.06006,14.20000,6.24178,0.00000,0.00000,0.00000,0.00000,0.00000,0.00000,0.00000,0.00000,0.00000,0.00000,14.20949,12.61544
93-1,1783318301.579015,2026-07-06T13:11:41.579015,5.08149,1.38652,7.04557,14.14000,7.07904,5.05466,1.37529,6.95160,13.98000,6.93775,0.00000,0.00000,0.00000,0.00000,0.00000,0.00000,0.00000,0.00000,0.00000,0.00000,13.99717,14.01679
93-1,1783318301.679133,2026-07-06T13:11:41.679133,5.08575,1.38163,7.02665,14.09000,7.78253,5.05391,1.39189,7.03447,14.15000,7.64203,0.00000,0.00000,0.00000,0.00000,0.00000,0.00000,0.00000,0.00000,0.00000,0.00000,14.06112,15.42456
93-1,1783318301.779250,2026-07-06T13:11:41.779250,5.08435,1.40727,7.15506,14.35000,8.49887,5.05066,1.37529,6.94610,13.98000,8.33745,0.00000,0.00000,0.00000,0.00000,0.00000,0.00000,0.00000,0.00000,0.00000,0.00000,14.10116,16.83632
93-1,1783318301.879368,2026-07-06T13:11:41.879368,5.08959,1.38456,7.04686,14.12000,9.20439,5.05066,1.37529,6.94610,13.98000,9.03288,0.00000,0.00000,0.00000,0.00000,0.00000,0.00000,0.00000,0.00000,0.00000,0.00000,13.99296,18.23727
93-1,1783318301.979486,2026-07-06T13:11:41.979486,5.08959,1.38456,7.04686,14.12000,9.90990,5.05083,1.37138,6.92661,13.94000,9.72635,0.00000,0.00000,0.00000,0.00000,0.00000,0.00000,0.00000,0.00000,0.00000,0.00000,13.97347,19.63626
93-1,1783318302.079604,2026-07-06T13:11:42.079604,5.08537,1.38871,7.06212,14.16000,10.61695,5.04995,1.39091,7.02403,14.14000,10.42959,0.00000,0.00000,0.00000,0.00000,0.00000,0.00000,0.00000,0.00000,0.00000,0.00000,14.08615,21.04654
93-1,1783318302.179723,2026-07-06T13:11:42.179723,5.08419,1.41020,7.16973,14.38000,11.33478,5.05452,1.37822,6.96623,14.01000,11.12704,0.00000,0.00000,0.00000,0.00000,0.00000,0.00000,0.00000,0.00000,0.00000,0.00000,14.13596,22.46181
93-1,1783318302.279840,2026-07-06T13:11:42.279840,5.08446,1.40532,7.14527,14.33000,12.05014,5.05452,1.37822,6.96623,14.01000,11.82448,0.00000,0.00000,0.00000,0.00000,0.00000,0.00000,0.00000,0.00000,0.00000,0.00000,14.11150,23.87462
93-1,1783318302.379958,2026-07-06T13:11:42.379958,5.08446,1.40532,7.14527,14.33000,12.76552,5.05372,1.39604,7.05519,14.19000,12.53083,0.00000,0.00000,0.00000,0.00000,0.00000,0.00000,0.00000,0.00000,0.00000,0.00000,14.20046,25.29635
93-1,1783318302.480076,2026-07-06T13:11:42.480076,5.08143,1.38749,7.05045,14.15000,13.47139,5.05457,1.37724,6.96135,14.00000,13.22779,0.00000,0.00000,0.00000,0.00000,0.00000,0.00000,0.00000,0.00000,0.00000,0.00000,14.01180,26.69917
93-1,1783318302.580193,2026-07-06T13:11:42.580193,5.08143,1.38749,7.05045,14.15000,14.17726,5.05048,1.37919,6.96558,14.02000,13.92516,0.00000,0.00000,0.00000,0.00000,0.00000,0.00000,0.00000,0.00000,0.00000,0.00000,14.01603,28.10241
93-1,1783318302.680310,2026-07-06T13:11:42.680310,5.08393,1.41508,7.19418,14.43000,14.89752,5.05048,1.37919,6.96558,14.02000,14.62253,0.00000,0.00000,0.00000,0.00000,0.00000,0.00000,0.00000,0.00000,0.00000,0.00000,14.15976,29.52004
93-1,1783318302.780427,2026-07-06T13:11:42.780427,5.08393,1.41508,7.19418,14.43000,15.61778,5.04967,1.39702,7.05447,14.20000,15.32880,0.00000,0.00000,0.00000,0.00000,0.00000,0.00000,0.00000,0.00000,0.00000,0.00000,14.24865,30.94658
93-1,1783318302.880544,2026-07-06T13:11:42.880544,5.08361,1.42094,7.22351,14.49000,16.34097,5.05017,1.38603,6.99968,14.09000,16.02959,0.00000,0.00000,0.00000,0.00000,0.00000,0.00000,0.00000,0.00000,0.00000,0.00000,14.22319,32.37056
93-1,1783318302.980660,2026-07-06T13:11:42.980660,5.08521,1.39164,7.07680,14.19000,17.04948,5.05066,1.37529,6.94610,13.98000,16.72501,0.00000,0.00000,0.00000,0.00000,0.00000,0.00000,0.00000,0.00000,0.00000,0.00000,14.02290,33.77449
93-1,1783318303.080778,2026-07-06T13:11:43.080778,5.08105,1.39457,7.08589,14.22000,17.75890,5.04666,1.37529,6.94060,13.98000,17.41988,0.00000,0.00000,0.00000,0.00000,0.00000,0.00000,0.00000,0.00000,0.00000,0.00000,14.02649,35.17878
93-1,1783318303.180895,2026-07-06T13:11:43.180895,5.08531,1.38969,7.06701,14.17000,18.46643,5.05052,1.37822,6.96071,14.01000,18.11677,0.00000,0.00000,0.00000,0.00000,0.00000,0.00000,0.00000,0.00000,0.00000,0.00000,14.02772,36.58320
93-1,1783318303.281012,2026-07-06T13:11:43.281012,5.08531,1.38969,7.06701,14.17000,19.17396,5.04928,1.40580,7.09829,14.29000,18.82743,0.00000,0.00000,0.00000,0.00000,0.00000,0.00000,0.00000,0.00000,0.00000,0.00000,14.16530,38.00139
93-1,1783318303.381129,2026-07-06T13:11:43.381129,5.08489,1.39750,7.10615,14.25000,19.88540,5.05035,1.38212,6.98020,14.05000,19.52627,0.00000,0.00000,0.00000,0.00000,0.00000,0.00000,0.00000,0.00000,0.00000,0.00000,14.08635,39.41167
93-1,1783318303.481246,2026-07-06T13:11:43.481246,5.08387,1.41606,7.19906,14.44000,20.60615,5.04635,1.38212,6.97467,14.05000,20.22455,0.00000,0.00000,0.00000,0.00000,0.00000,0.00000,0.00000,0.00000,0.00000,0.00000,14.17373,40.83070
93-1,1783318303.581363,2026-07-06T13:11:43.581363,5.08793,1.41508,7.19984,14.43000,21.32698,5.04639,1.38115,6.96980,14.04000,20.92235,0.00000,0.00000,0.00000,0.00000,0.00000,0.00000,0.00000,0.00000,0.00000,0.00000,14.16964,42.24932
93-1,1783318303.681479,2026-07-06T13:11:43.681479,5.08393,1.41508,7.19418,14.43000,22.04723,5.04657,1.37724,6.95033,14.00000,21.61818,0.00000,0.00000,0.00000,0.00000,0.00000,0.00000,0.00000,0.00000,0.00000,0.00000,14.14451,43.66541
94-1,1783318303.781613,2026-07-06T13:11:43.781613,5.08339,1.42485,7.24307,14.53000,0.72528,5.05195,1.34672,6.80357,13.69000,0.68127,0.00000,0.00000,0.00000,0.00000,0.00000,0.00000,0.00000,0.00000,0.00000,0.00000,14.04664,1.40655
94-1,1783318303.881730,2026-07-06T13:11:43.881730,5.08607,1.37577,6.99729,14.03000,1.42582,5.05195,1.34672,6.80357,13.69000,1.36242,0.00000,0.00000,0.00000,0.00000,0.00000,0.00000,0.00000,0.00000,0.00000,0.00000,13.80086,2.78825
94-1,1783318303.981849,2026-07-06T13:11:43.981849,5.07876,1.43657,7.29597,14.65000,2.15630,5.04648,1.37919,6.96007,14.02000,2.05926,0.00000,0.00000,0.00000,0.00000,0.00000,0.00000,0.00000,0.00000,0.00000,0.00000,14.25604,4.21556
94-1,1783318304.081969,2026-07-06T13:11:44.081969,5.09876,1.43657,7.32470,14.65000,2.88964,5.05592,1.17069,5.91892,11.90000,2.65186,0.00000,0.00000,0.00000,0.00000,0.00000,0.00000,0.00000,0.00000,0.00000,0.00000,13.24362,5.54151
94-1,1783318304.182087,2026-07-06T13:11:44.182087,5.09797,1.01102,5.15413,10.31000,3.40567,5.03376,1.39506,7.02241,14.18000,3.35493,0.00000,0.00000,0.00000,0.00000,0.00000,0.00000,0.00000,0.00000,0.00000,0.00000,12.17654,6.76060
94-1,1783318304.282205,2026-07-06T13:11:44.282205,5.07694,1.39653,7.09008,14.24000,4.11551,5.04976,1.39506,7.04473,14.18000,4.06023,0.00000,0.00000,0.00000,0.00000,0.00000,0.00000,0.00000,0.00000,0.00000,0.00000,14.13481,8.17574
94-1,1783318304.382324,2026-07-06T13:11:44.382324,5.08159,1.38456,7.03579,14.12000,4.81992,5.05075,1.37333,6.93636,13.96000,4.75470,0.00000,0.00000,0.00000,0.00000,0.00000,0.00000,0.00000,0.00000,0.00000,0.00000,13.97215,9.57462
94-1,1783318304.482441,2026-07-06T13:11:44.482441,5.08441,1.40629,7.15017,14.34000,5.53578,5.04945,1.40190,7.07882,14.25000,5.46341,0.00000,0.00000,0.00000,0.00000,0.00000,0.00000,0.00000,0.00000,0.00000,0.00000,14.22899,10.99919
94-1,1783318304.582560,2026-07-06T13:11:44.582560,5.08441,1.40629,7.15017,14.34000,6.25165,5.05106,1.36650,6.90225,13.89000,6.15445,0.00000,0.00000,0.00000,0.00000,0.00000,0.00000,0.00000,0.00000,0.00000,0.00000,14.05242,12.40610
94-1,1783318304.682678,2026-07-06T13:11:44.682678,5.07737,1.38871,7.05101,14.16000,6.95758,5.05506,1.36650,6.90772,13.89000,6.84604,0.00000,0.00000,0.00000,0.00000,0.00000,0.00000,0.00000,0.00000,0.00000,0.00000,13.95873,13.80361
94-1,1783318304.782797,2026-07-06T13:11:44.782797,5.07759,1.38456,7.03025,14.12000,7.66144,5.04639,1.38115,6.96980,14.04000,7.54385,0.00000,0.00000,0.00000,0.00000,0.00000,0.00000,0.00000,0.00000,0.00000,0.00000,14.00005,15.20528
94-1,1783318304.882913,2026-07-06T13:11:44.882913,5.07699,1.39555,7.08520,14.23000,8.37078,5.04670,1.37431,6.93573,13.97000,8.23823,0.00000,0.00000,0.00000,0.00000,0.00000,0.00000,0.00000,0.00000,0.00000,0.00000,14.02093,16.60901
94-1,1783318304.983030,2026-07-06T13:11:44.983030,5.08499,1.39555,7.09636,14.23000,9.08125,5.04675,1.37333,6.93086,13.96000,8.93213,0.00000,0.00000,0.00000,0.00000,0.00000,0.00000,0.00000,0.00000,0.00000,0.00000,14.02722,18.01338
94-1,1783318305.083149,2026-07-06T13:11:45.083149,5.07998,1.41411,7.18363,14.42000,9.80047,5.05075,1.37333,6.93636,13.96000,9.62659,0.00000,0.00000,0.00000,0.00000,0.00000,0.00000,0.00000,0.00000,0.00000,0.00000,14.11999,19.42705
94-1,1783318305.183266,2026-07-06T13:11:45.183266,5.08126,1.39067,7.06634,14.18000,10.50793,5.04950,1.40092,7.07395,14.24000,10.33481,0.00000,0.00000,0.00000,0.00000,0.00000,0.00000,0.00000,0.00000,0.00000,0.00000,14.14029,20.84274
94-1,1783318305.283385,2026-07-06T13:11:45.283385,5.08175,1.38163,7.02112,14.09000,11.21087,5.05048,1.37919,6.96558,14.02000,11.03219,0.00000,0.00000,0.00000,0.00000,0.00000,0.00000,0.00000,0.00000,0.00000,0.00000,13.98670,22.24307
94-1,1783318305.383505,2026-07-06T13:11:45.383505,5.08575,1.38163,7.02665,14.09000,11.91438,5.05066,1.37529,6.94610,13.98000,11.72764,0.00000,0.00000,0.00000,0.00000,0.00000,0.00000,0.00000,0.00000,0.00000,0.00000,13.97275,23.64202
94-1,1783318305.483624,2026-07-06T13:11:45.483624,5.08009,1.41215,7.17386,14.40000,12.63262,5.05066,1.37529,6.94610,13.98000,12.42308,0.00000,0.00000,0.00000,0.00000,0.00000,0.00000,0.00000,0.00000,0.00000,0.00000,14.11996,25.05570
94-1,1783318305.583742,2026-07-06T13:11:45.583742,5.07998,1.41411,7.18363,14.42000,13.35183,5.04941,1.40287,7.08369,14.26000,13.13228,0.00000,0.00000,0.00000,0.00000,0.00000,0.00000,0.00000,0.00000,0.00000,0.00000,14.26732,26.48412
94-1,1783318305.683860,2026-07-06T13:11:45.683860,5.08110,1.39360,7.08101,14.21000,14.06077,5.05048,1.37919,6.96558,14.02000,13.82966,0.00000,0.00000,0.00000,0.00000,0.00000,0.00000,0.00000,0.00000,0.00000,0.00000,14.04659,27.89043
94-1,1783318305.783980,2026-07-06T13:11:45.783980,5.08110,1.39360,7.08101,14.21000,14.76972,5.04697,1.36845,6.90652,13.91000,14.52114,0.00000,0.00000,0.00000,0.00000,0.00000,0.00000,0.00000,0.00000,0.00000,0.00000,13.98753,29.29087
94-1,1783318305.884098,2026-07-06T13:11:45.884098,5.08149,1.38652,7.04557,14.14000,15.47510,5.05097,1.36845,6.91200,13.91000,15.21315,0.00000,0.00000,0.00000,0.00000,0.00000,0.00000,0.00000,0.00000,0.00000,0.00000,13.95757,30.68826
94-1,1783318305.984217,2026-07-06T13:11:45.984217,5.08975,1.38163,7.03217,14.09000,16.17916,5.04954,1.39995,7.06908,14.23000,15.92091,0.00000,0.00000,0.00000,0.00000,0.00000,0.00000,0.00000,0.00000,0.00000,0.00000,14.10125,32.10007
94-1,1783318306.084336,2026-07-06T13:11:46.084336,5.08793,1.41508,7.19984,14.43000,16.90000,5.05044,1.38017,6.97046,14.03000,16.61878,0.00000,0.00000,0.00000,0.00000,0.00000,0.00000,0.00000,0.00000,0.00000,0.00000,14.17030,33.51878
94-1,1783318306.184454,2026-07-06T13:11:46.184454,5.08798,1.41411,7.19494,14.42000,17.62035,5.04652,1.37822,6.95520,14.01000,17.31513,0.00000,0.00000,0.00000,0.00000,0.00000,0.00000,0.00000,0.00000,0.00000,0.00000,14.15014,34.93547
94-1,1783318306.284570,2026-07-06T13:11:46.284570,5.08798,1.41411,7.19494,14.42000,18.34068,5.05052,1.37822,6.96071,14.01000,18.01200,0.00000,0.00000,0.00000,0.00000,0.00000,0.00000,0.00000,0.00000,0.00000,0.00000,14.15565,36.35268
94-1,1783318306.384687,2026-07-06T13:11:46.384687,5.07945,1.42387,7.23248,14.52000,19.06477,5.04675,1.37333,6.93086,13.96000,18.70590,0.00000,0.00000,0.00000,0.00000,0.00000,0.00000,0.00000,0.00000,0.00000,0.00000,14.16334,37.77066
94-1,1783318306.484804,2026-07-06T13:11:46.484804,5.08094,1.39653,7.09567,14.24000,19.77516,5.04558,1.39897,7.05861,14.22000,19.41258,0.00000,0.00000,0.00000,0.00000,0.00000,0.00000,0.00000,0.00000,0.00000,0.00000,14.15428,39.18775
94-1,1783318306.584921,2026-07-06T13:11:46.584921,5.08099,1.39555,7.09078,14.23000,20.48507,5.05314,1.40873,7.11854,14.32000,20.12527,0.00000,0.00000,0.00000,0.00000,0.00000,0.00000,0.00000,0.00000,0.00000,0.00000,14.20932,40.61035
94-1,1783318306.685038,2026-07-06T13:11:46.685038,5.08499,1.39555,7.09636,14.23000,21.19554,5.04914,1.40873,7.11290,14.32000,20.83739,0.00000,0.00000,0.00000,0.00000,0.00000,0.00000,0.00000,0.00000,0.00000,0.00000,14.20926,42.03293
94-1,1783318306.785155,2026-07-06T13:11:46.785155,5.08126,1.39067,7.06634,14.18000,21.90300,5.05057,1.37724,6.95584,14.00000,21.53379,0.00000,0.00000,0.00000,0.00000,0.00000,0.00000,0.00000,0.00000,0.00000,0.00000,14.02218,43.43679
94-1,1783318306.885273,2026-07-06T13:11:46.885273,5.08099,1.39555,7.09078,14.23000,22.61291,5.05035,1.38212,6.98020,14.05000,22.23263,0.00000,0.00000,0.00000,0.00000,0.00000,0.00000,0.00000,0.00000,0.00000,0.00000,14.07098,44.84554
94-1,1783318306.985390,2026-07-06T13:11:46.985390,5.08115,1.39262,7.07612,14.20000,23.32135,5.05044,1.38017,6.97046,14.03000,22.93049,0.00000,0.00000,0.00000,0.00000,0.00000,0.00000,0.00000,0.00000,0.00000,0.00000,14.04658,46.25185
94-1,1783318307.085507,2026-07-06T13:11:47.085507,5.08515,1.39262,7.08169,14.20000,24.03035,5.05044,1.38017,6.97046,14.03000,23.62836,0.00000,0.00000,0.00000,0.00000,0.00000,0.00000,0.00000,0.00000,0.00000,0.00000,14.05215,47.65871
94-1,1783318307.185625,2026-07-06T13:11:47.185625,5.08149,1.38652,7.04557,14.14000,24.73574,5.04661,1.37626,6.94547,13.99000,24.32373,0.00000,0.00000,0.00000,0.00000,0.00000,0.00000,0.00000,0.00000,0.00000,0.00000,13.99104,49.05947
94-1,1783318307.285745,2026-07-06T13:11:47.285745,5.08526,1.39067,7.07190,14.18000,25.44378,5.04567,1.39702,7.04888,14.20000,25.02946,0.00000,0.00000,0.00000,0.00000,0.00000,0.00000,0.00000,0.00000,0.00000,0.00000,14.12078,50.47324
94-1,1783318307.385865,2026-07-06T13:11:47.385865,5.08526,1.39067,7.07190,14.18000,26.15182,5.05745,1.40190,7.09003,14.25000,25.73932,0.00000,0.00000,0.00000,0.00000,0.00000,0.00000,0.00000,0.00000,0.00000,0.00000,14.16193,51.89114
94-1,1783318307.485984,2026-07-06T13:11:47.485984,5.08110,1.39360,7.08101,14.21000,26.86076,5.05745,1.40190,7.09003,14.25000,26.44916,0.00000,0.00000,0.00000,0.00000,0.00000,0.00000,0.00000,0.00000,0.00000,0.00000,14.17104,53.30992
94-1,1783318307.586103,2026-07-06T13:11:47.586103,5.08110,1.39360,7.08101,14.21000,27.56970,5.05336,1.40385,7.09417,14.27000,27.15942,0.00000,0.00000,0.00000,0.00000,0.00000,0.00000,0.00000,0.00000,0.00000,0.00000,14.17518,54.72912
94-1,1783318307.686220,2026-07-06T13:11:47.686220,5.08521,1.39164,7.07680,14.19000,28.27821,5.05336,1.40385,7.09417,14.27000,27.86966,0.00000,0.00000,0.00000,0.00000,0.00000,0.00000,0.00000,0.00000,0.00000,0.00000,14.17097,56.14788
94-1,1783318307.786338,2026-07-06T13:11:47.786338,5.08515,1.39262,7.08169,14.20000,28.98722,5.05332,1.40483,7.09904,14.28000,28.58041,0.00000,0.00000,0.00000,0.00000,0.00000,0.00000,0.00000,0.00000,0.00000,0.00000,14.18073,57.56763
94-1,1783318307.886456,2026-07-06T13:11:47.886456,5.08489,1.39750,7.10615,14.25000,29.69867,5.03732,1.40483,7.07657,14.28000,29.28890,0.00000,0.00000,0.00000,0.00000,0.00000,0.00000,0.00000,0.00000,0.00000,0.00000,14.18272,58.98758
94-1,1783318307.986573,2026-07-06T13:11:47.986573,5.08889,1.39750,7.11174,14.25000,30.41068,5.05328,1.40580,7.10392,14.29000,30.00013,0.00000,0.00000,0.00000,0.00000,0.00000,0.00000,0.00000,0.00000,0.00000,0.00000,14.21566,60.41081
94-1,1783318308.086692,2026-07-06T13:11:48.086692,5.07987,1.41606,7.19340,14.44000,31.13087,5.05305,1.41069,7.12828,14.34000,30.71380,0.00000,0.00000,0.00000,0.00000,0.00000,0.00000,0.00000,0.00000,0.00000,0.00000,14.32168,61.84467
94-1,1783318308.186811,2026-07-06T13:11:48.186811,5.07945,1.42387,7.23248,14.52000,31.85498,5.05328,1.40580,7.10392,14.29000,31.42504,0.00000,0.00000,0.00000,0.00000,0.00000,0.00000,0.00000,0.00000,0.00000,0.00000,14.33640,63.28002
94-1,1783318308.286929,2026-07-06T13:11:48.286929,5.08387,1.41606,7.19906,14.44000,32.57574,5.04928,1.40580,7.09829,14.29000,32.13571,0.00000,0.00000,0.00000,0.00000,0.00000,0.00000,0.00000,0.00000,0.00000,0.00000,14.29735,64.71145
94-1,1783318308.387049,2026-07-06T13:11:48.387049,5.08387,1.41606,7.19906,14.44000,33.29651,5.05732,1.40483,7.10466,14.28000,32.84702,0.00000,0.00000,0.00000,0.00000,0.00000,0.00000,0.00000,0.00000,0.00000,0.00000,14.30372,66.14353
94-1,1783318308.487168,2026-07-06T13:11:48.487168,5.08793,1.41508,7.19984,14.43000,34.01735,5.05723,1.40678,7.11442,14.30000,33.55931,0.00000,0.00000,0.00000,0.00000,0.00000,0.00000,0.00000,0.00000,0.00000,0.00000,14.31426,67.57665
94-1,1783318308.587286,2026-07-06T13:11:48.587286,5.08835,1.40727,7.16068,14.35000,34.73426,5.05328,1.40580,7.10392,14.29000,34.27054,0.00000,0.00000,0.00000,0.00000,0.00000,0.00000,0.00000,0.00000,0.00000,0.00000,14.26460,69.00480
94-1,1783318308.687405,2026-07-06T13:11:48.687405,5.08921,1.39164,7.08236,14.19000,35.44334,5.04936,1.40385,7.08856,14.29000,34.98024,0.00000,0.00000,0.00000,0.00000,0.00000,0.00000,0.00000,0.00000,0.00000,0.00000,14.17092,70.42358
94-1,1783318308.787522,2026-07-06T13:11:48.787522,5.08489,1.39750,7.10615,14.25000,36.15479,5.04936,1.40385,7.08856,14.27000,35.68993,0.00000,0.00000,0.00000,0.00000,0.00000,0.00000,0.00000,0.00000,0.00000,0.00000,14.19471,71.84471
94-1,1783318308.887640,2026-07-06T13:11:48.887640,5.08089,1.39750,7.10056,14.25000,36.86568,5.04567,1.39702,7.04888,14.20000,36.39565,0.00000,0.00000,0.00000,0.00000,0.00000,0.00000,0.00000,0.00000,0.00000,0.00000,14.14944,73.26133
94-1,1783318308.987761,2026-07-06T13:11:48.987761,5.08729,1.42680,7.25855,14.55000,37.59241,5.04675,1.37333,6.93086,13.96000,37.08957,0.00000,0.00000,0.00000,0.00000,0.00000,0.00000,0.00000,0.00000,0.00000,0.00000,14.18941,74.68198
94-1,1783318309.087878,2026-07-06T13:11:49.087878,5.08782,1.41704,7.20962,14.45000,38.31422,5.05035,1.38212,6.98020,14.05000,37.78841,0.00000,0.00000,0.00000,0.00000,0.00000,0.00000,0.00000,0.00000,0.00000,0.00000,14.18982,76.10263
94-1,1783318309.187996,2026-07-06T13:11:49.187996,5.08419,1.41020,7.16973,14.38000,39.03204,5.05035,1.38212,6.98020,14.05000,38.48725,0.00000,0.00000,0.00000,0.00000,0.00000,0.00000,0.00000,0.00000,0.00000,0.00000,14.14993,77.51929
94-1,1783318309.288115,2026-07-06T13:11:49.288115,5.08419,1.41020,7.16973,14.38000,39.74987,5.05017,1.38603,6.99968,14.09000,39.18805,0.00000,0.00000,0.00000,0.00000,0.00000,0.00000,0.00000,0.00000,0.00000,0.00000,14.16941,78.93792
94-1,1783318309.388232,2026-07-06T13:11:49.388232,5.08089,1.39750,7.10056,14.25000,40.46075,5.04923,1.40678,7.10316,14.30000,39.89920,0.00000,0.00000,0.00000,0.00000,0.00000,0.00000,0.00000,0.00000,0.00000,0.00000,14.20372,80.35995
94-1,1783318309.488351,2026-07-06T13:11:49.488351,5.07929,1.42680,7.24713,14.55000,41.18633,5.05319,1.40776,7.11366,14.31000,40.61141,0.00000,0.00000,0.00000,0.00000,0.00000,0.00000,0.00000,0.00000,0.00000,0.00000,14.36079,81.79774
94-1,1783318309.588468,2026-07-06T13:11:49.588468,5.08755,1.42192,7.23409,14.50000,41.91058,5.05319,1.40776,7.11366,14.31000,41.32361,0.00000,0.00000,0.00000,0.00000,0.00000,0.00000,0.00000,0.00000,0.00000,0.00000,14.34775,83.23419
94-1,1783318309.688585,2026-07-06T13:11:49.688585,5.08355,1.42192,7.22840,14.50000,42.63427,5.04914,1.40873,7.11290,14.32000,42.03573,0.00000,0.00000,0.00000,0.00000,0.00000,0.00000,0.00000,0.00000,0.00000,0.00000,14.34130,84.67000
94-1,1783318309.788702,2026-07-06T13:11:49.788702,5.08505,1.39457,7.09147,14.22000,43.34425,5.05075,1.37333,6.93636,13.96000,42.73018,0.00000,0.00000,0.00000,0.00000,0.00000,0.00000,0.00000,0.00000,0.00000,0.00000,14.02783,86.07443
94-1,1783318309.888821,2026-07-06T13:11:49.888821,5.08366,1.41997,7.21862,14.48000,44.06697,5.04613,1.38701,6.99900,14.10000,43.43092,0.00000,0.00000,0.00000,0.00000,0.00000,0.00000,0.00000,0.00000,0.00000,0.00000,14.21762,87.49788
94-1,1783318309.988941,2026-07-06T13:11:49.988941,5.07939,1.42485,7.23737,14.53000,44.79157,5.05013,1.38701,7.00455,14.10000,44.13221,0.00000,0.00000,0.00000,0.00000,0.00000,0.00000,0.00000,0.00000,0.00000,0.00000,14.24192,88.92378
94-1,1783318310.089060,2026-07-06T13:11:50.089060,5.08446,1.40532,7.14527,14.33000,45.50695,5.05310,1.40971,7.12341,14.33000,44.84540,0.00000,0.00000,0.00000,0.00000,0.00000,0.00000,0.00000,0.00000,0.00000,0.00000,14.26868,90.35234
94-1,1783318310.189177,2026-07-06T13:11:50.189177,5.08846,1.40532,7.15090,14.33000,46.22287,5.05314,1.40873,7.11854,14.32000,45.55808,0.00000,0.00000,0.00000,0.00000,0.00000,0.00000,0.00000,0.00000,0.00000,0.00000,14.26944,91.78096
94-1,1783318310.289296,2026-07-06T13:11:50.289296,5.08361,1.42094,7.22351,14.49000,46.94608,5.05026,1.38408,6.98994,14.07000,46.25791,0.00000,0.00000,0.00000,0.00000,0.00000,0.00000,0.00000,0.00000,0.00000,0.00000,14.21345,93.20399
94-1,1783318310.389413,2026-07-06T13:11:50.389413,5.08350,1.42289,7.23329,14.51000,47.67026,5.04626,1.38408,6.98440,14.07000,46.95717,0.00000,0.00000,0.00000,0.00000,0.00000,0.00000,0.00000,0.00000,0.00000,0.00000,14.21769,94.62743
94-1,1783318310.489532,2026-07-06T13:11:50.489532,5.07715,1.39262,7.07055,14.20000,48.37816,5.04995,1.39091,7.02403,14.14000,47.66040,0.00000,0.00000,0.00000,0.00000,0.00000,0.00000,0.00000,0.00000,0.00000,0.00000,14.09458,96.03856
94-1,1783318310.589649,2026-07-06T13:11:50.589649,5.08115,1.39262,7.07612,14.20000,49.08660,5.04919,1.40776,7.10803,14.31000,48.37204,0.00000,0.00000,0.00000,0.00000,0.00000,0.00000,0.00000,0.00000,0.00000,0.00000,14.18415,97.45864
94-1,1783318310.689767,2026-07-06T13:11:50.689767,5.08329,1.42680,7.25284,14.55000,49.81274,5.04923,1.40678,7.10316,14.30000,49.08320,0.00000,0.00000,0.00000,0.00000,0.00000,0.00000,0.00000,0.00000,0.00000,0.00000,14.35600,98.89593
95-1,1783318310.789890,2026-07-06T13:11:50.789890,5.08345,1.42387,7.23818,14.52000,0.72471,5.04923,1.40678,7.10316,14.30000,0.71119,0.00000,0.00000,0.00000,0.00000,0.00000,0.00000,0.00000,0.00000,0.00000,0.00000,14.34134,1.43590
95-1,1783318310.890010,2026-07-06T13:11:50.890010,5.08565,1.38359,7.03643,14.11000,1.42920,5.04898,1.32402,6.68492,13.46000,1.38049,0.00000,0.00000,0.00000,0.00000,0.00000,0.00000,0.00000,0.00000,0.00000,0.00000,13.72135,2.80968
95-1,1783318310.990129,2026-07-06T13:11:50.990129,5.08565,1.38359,7.03643,14.11000,2.13368,5.04613,1.38701,6.99900,14.10000,2.08122,0.00000,0.00000,0.00000,0.00000,0.00000,0.00000,0.00000,0.00000,0.00000,0.00000,14.03543,4.21489
95-1,1783318311.090248,2026-07-06T13:11:51.090248,5.06355,1.42192,7.19996,14.50000,2.85453,5.06766,1.17655,5.96235,11.96000,2.67816,0.00000,0.00000,0.00000,0.00000,0.00000,0.00000,0.00000,0.00000,0.00000,0.00000,13.16231,5.53269
95-1,1783318311.190366,2026-07-06T13:11:51.190366,5.06612,1.37480,6.96490,14.02000,3.55184,5.05966,1.17655,5.95294,11.96000,3.27415,0.00000,0.00000,0.00000,0.00000,0.00000,0.00000,0.00000,0.00000,0.00000,0.00000,12.91784,6.82599
95-1,1783318311.290483,2026-07-06T13:11:51.290483,5.08014,1.41118,7.16897,14.39000,4.26958,5.05413,1.38701,7.01010,14.10000,3.97599,0.00000,0.00000,0.00000,0.00000,0.00000,0.00000,0.00000,0.00000,0.00000,0.00000,14.17907,8.24557
95-1,1783318311.390600,2026-07-06T13:11:51.390600,5.08414,1.41118,7.17462,14.39000,4.98788,5.05510,1.36552,6.90284,13.88000,4.66708,0.00000,0.00000,0.00000,0.00000,0.00000,0.00000,0.00000,0.00000,0.00000,0.00000,14.07746,9.65496
95-1,1783318311.490717,2026-07-06T13:11:51.490717,5.08570,1.38261,7.03154,14.10000,5.69185,5.04963,1.39799,7.05934,14.21000,5.37384,0.00000,0.00000,0.00000,0.00000,0.00000,0.00000,0.00000,0.00000,0.00000,0.00000,14.09088,11.06569
95-1,1783318311.590834,2026-07-06T13:11:51.590834,5.08137,1.38871,7.05656,14.16000,6.39833,5.05363,1.39799,7.06493,14.21000,6.08116,0.00000,0.00000,0.00000,0.00000,0.00000,0.00000,0.00000,0.00000,0.00000,0.00000,14.12149,12.47949
95-1,1783318311.690951,2026-07-06T13:11:51.690951,5.08078,1.39946,7.11033,14.27000,7.11020,5.04675,1.37333,6.93086,13.96000,6.77506,0.00000,0.00000,0.00000,0.00000,0.00000,0.00000,0.00000,0.00000,0.00000,0.00000,14.04119,13.88526
95-1,1783318311.791070,2026-07-06T13:11:51.791070,5.07743,1.38749,7.04490,14.15000,7.81553,5.04563,1.39799,7.05375,14.21000,7.48127,0.00000,0.00000,0.00000,0.00000,0.00000,0.00000,0.00000,0.00000,0.00000,0.00000,14.09865,15.29680
95-1,1783318311.891186,2026-07-06T13:11:51.891186,5.08543,1.38749,7.05600,14.15000,8.52195,5.05866,1.37529,6.95710,13.98000,8.17779,0.00000,0.00000,0.00000,0.00000,0.00000,0.00000,0.00000,0.00000,0.00000,0.00000,14.01310,16.69974
95-1,1783318311.991304,2026-07-06T13:11:51.991304,5.08483,1.39848,7.11104,14.26000,9.23389,5.05066,1.37529,6.94610,13.98000,8.87322,0.00000,0.00000,0.00000,0.00000,0.00000,0.00000,0.00000,0.00000,0.00000,0.00000,14.05714,18.10711
95-1,1783318312.091422,2026-07-06T13:11:52.091422,5.08425,1.40922,7.16484,14.37000,9.95122,5.04652,1.37822,6.95520,14.01000,9.56955,0.00000,0.00000,0.00000,0.00000,0.00000,0.00000,0.00000,0.00000,0.00000,0.00000,14.12004,19.52077
95-1,1783318312.191539,2026-07-06T13:11:52.191539,5.08537,1.38871,7.06212,14.16000,10.65826,5.04652,1.37822,6.95520,14.01000,10.26589,0.00000,0.00000,0.00000,0.00000,0.00000,0.00000,0.00000,0.00000,0.00000,0.00000,14.01732,20.92415
95-1,1783318312.291656,2026-07-06T13:11:52.291656,5.08137,1.38871,7.05656,14.16000,11.36474,5.04670,1.37431,6.93573,13.97000,10.96028,0.00000,0.00000,0.00000,0.00000,0.00000,0.00000,0.00000,0.00000,0.00000,0.00000,13.99229,22.32502
95-1,1783318312.391773,2026-07-06T13:11:52.391773,5.08986,1.37968,7.02238,14.07000,12.06780,5.05470,1.37431,6.94672,13.97000,11.65576,0.00000,0.00000,0.00000,0.00000,0.00000,0.00000,0.00000,0.00000,0.00000,0.00000,13.96910,23.72356
95-1,1783318312.491890,2026-07-06T13:11:52.491890,5.08819,1.41020,7.17537,14.38000,12.78618,5.05354,1.39995,7.07468,14.23000,12.36406,0.00000,0.00000,0.00000,0.00000,0.00000,0.00000,0.00000,0.00000,0.00000,0.00000,14.25005,25.15023
95-1,1783318312.592007,2026-07-06T13:11:52.592007,5.08483,1.39848,7.11104,14.26000,13.49811,5.05470,1.37431,6.94672,13.97000,13.05954,0.00000,0.00000,0.00000,0.00000,0.00000,0.00000,0.00000,0.00000,0.00000,0.00000,14.05776,26.55765
95-1,1783318312.692123,2026-07-06T13:11:52.692123,5.07683,1.39848,7.09985,14.26000,14.20892,5.04666,1.37529,6.94060,13.98000,13.75441,0.00000,0.00000,0.00000,0.00000,0.00000,0.00000,0.00000,0.00000,0.00000,0.00000,14.04045,27.96333
95-1,1783318312.792240,2026-07-06T13:11:52.792240,5.07737,1.38871,7.05101,14.16000,14.91484,5.05466,1.37529,6.95160,13.98000,14.45038,0.00000,0.00000,0.00000,0.00000,0.00000,0.00000,0.00000,0.00000,0.00000,0.00000,14.00261,29.36522
95-1,1783318312.892357,2026-07-06T13:11:52.892357,5.08570,1.38261,7.03154,14.10000,15.61882,5.05358,1.39897,7.06981,14.22000,15.15819,0.00000,0.00000,0.00000,0.00000,0.00000,0.00000,0.00000,0.00000,0.00000,0.00000,14.10135,30.77701
95-1,1783318312.992474,2026-07-06T13:11:52.992474,5.08441,1.40629,7.15017,14.34000,16.33468,5.05452,1.37822,6.96623,14.01000,15.85562,0.00000,0.00000,0.00000,0.00000,0.00000,0.00000,0.00000,0.00000,0.00000,0.00000,14.11640,32.19030
95-1,1783318313.092591,2026-07-06T13:11:53.092591,5.08377,1.41801,7.20884,14.46000,17.05640,5.04644,1.38017,6.96493,14.03000,16.55293,0.00000,0.00000,0.00000,0.00000,0.00000,0.00000,0.00000,0.00000,0.00000,0.00000,14.17377,33.60933
95-1,1783318313.192708,2026-07-06T13:11:53.192708,5.08777,1.41801,7.21452,14.46000,17.77870,5.05044,1.38017,6.97046,14.03000,17.25080,0.00000,0.00000,0.00000,0.00000,0.00000,0.00000,0.00000,0.00000,0.00000,0.00000,14.18498,35.02950
95-1,1783318313.292825,2026-07-06T13:11:53.292825,5.08814,1.41118,7.18026,14.39000,18.49756,5.05017,1.38603,6.99968,14.09000,17.95158,0.00000,0.00000,0.00000,0.00000,0.00000,0.00000,0.00000,0.00000,0.00000,0.00000,14.17994,36.44914
95-1,1783318313.392941,2026-07-06T13:11:53.392941,5.08894,1.39653,7.10684,14.24000,19.20908,5.04923,1.40678,7.10316,14.30000,18.66273,0.00000,0.00000,0.00000,0.00000,0.00000,0.00000,0.00000,0.00000,0.00000,0.00000,14.21000,37.87180
95-1,1783318313.493059,2026-07-06T13:11:53.493059,5.08110,1.39360,7.08101,14.21000,19.91801,5.05439,1.38115,6.98085,14.04000,19.36163,0.00000,0.00000,0.00000,0.00000,0.00000,0.00000,0.00000,0.00000,0.00000,0.00000,14.06186,39.27964
95-1,1783318313.593176,2026-07-06T13:11:53.593176,5.08110,1.39360,7.08101,14.21000,20.62694,5.04639,1.38115,6.96980,14.04000,20.05943,0.00000,0.00000,0.00000,0.00000,0.00000,0.00000,0.00000,0.00000,0.00000,0.00000,14.05081,40.68637
96-1,1783318313.693310,2026-07-06T13:11:53.693310,5.08521,1.39164,7.07680,14.19000,0.70863,5.04644,1.38017,6.96493,14.03000,0.69743,0.00000,0.00000,0.00000,0.00000,0.00000,0.00000,0.00000,0.00000,0.00000,0.00000,14.04173,1.40606
96-1,1783318313.793427,2026-07-06T13:11:53.793427,5.09013,1.30131,6.62384,13.27000,1.37179,5.04911,1.32109,6.67031,13.43000,1.36524,0.00000,0.00000,0.00000,0.00000,0.00000,0.00000,0.00000,0.00000,0.00000,0.00000,13.29415,2.73703
96-1,1783318313.893545,2026-07-06T13:11:53.893545,5.07805,1.44951,7.36067,14.78000,2.10873,5.05101,1.45585,7.35354,14.80000,2.10146,0.00000,0.00000,0.00000,0.00000,0.00000,0.00000,0.00000,0.00000,0.00000,0.00000,14.71421,4.21019
96-1,1783318313.993662,2026-07-06T13:11:53.993662,5.09405,1.44951,7.38386,14.78000,2.84797,5.06301,1.45585,7.37101,14.80000,2.83942,0.00000,0.00000,0.00000,0.00000,0.00000,0.00000,0.00000,0.00000,0.00000,0.00000,14.75487,5.68740
96-1,1783318314.093780,2026-07-06T13:11:54.093780,5.09522,1.20804,6.15525,12.32000,3.46423,5.05596,1.25810,6.36088,12.79000,3.47626,0.00000,0.00000,0.00000,0.00000,0.00000,0.00000,0.00000,0.00000,0.00000,0.00000,12.51613,6.94049
96-1,1783318314.193898,2026-07-06T13:11:54.193898,5.08554,1.38554,7.04622,14.13000,4.16968,5.05070,1.37431,6.94123,13.97000,4.17120,0.00000,0.00000,0.00000,0.00000,0.00000,0.00000,0.00000,0.00000,0.00000,0.00000,13.98745,8.34088
96-1,1783318314.294016,2026-07-06T13:11:54.294016,5.08170,1.38261,7.02601,14.10000,4.87311,5.05350,1.40092,7.07955,14.24000,4.87999,0.00000,0.00000,0.00000,0.00000,0.00000,0.00000,0.00000,0.00000,0.00000,0.00000,14.10556,9.75310
96-1,1783318314.394135,2026-07-06T13:11:54.394135,5.08409,1.41215,7.17951,14.40000,5.59191,5.05350,1.40092,7.07955,14.24000,5.58879,0.00000,0.00000,0.00000,0.00000,0.00000,0.00000,0.00000,0.00000,0.00000,0.00000,14.25906,11.18070
96-1,1783318314.494252,2026-07-06T13:11:54.494252,5.08409,1.41215,7.17951,14.40000,6.31070,5.05066,1.37529,6.94610,13.98000,6.28421,0.00000,0.00000,0.00000,0.00000,0.00000,0.00000,0.00000,0.00000,0.00000,0.00000,14.12561,12.59492
96-1,1783318314.594368,2026-07-06T13:11:54.594368,5.08165,1.38359,7.03090,14.11000,7.01461,5.04963,1.39799,7.05934,14.21000,6.99097,0.00000,0.00000,0.00000,0.00000,0.00000,0.00000,0.00000,0.00000,0.00000,0.00000,14.09024,14.00558
96-1,1783318314.694485,2026-07-06T13:11:54.694485,5.08159,1.38456,7.03579,14.12000,7.71901,5.05466,1.37529,6.95160,13.98000,7.68694,0.00000,0.00000,0.00000,0.00000,0.00000,0.00000,0.00000,0.00000,0.00000,0.00000,13.98739,15.40596
96-1,1783318314.794602,2026-07-06T13:11:54.794602,5.08798,1.41411,7.19494,14.42000,8.43935,5.04266,1.37529,6.93510,13.98000,8.38126,0.00000,0.00000,0.00000,0.00000,0.00000,0.00000,0.00000,0.00000,0.00000,0.00000,14.13004,16.82061
96-1,1783318314.894720,2026-07-06T13:11:54.894720,5.08398,1.41411,7.18929,14.42000,9.15912,5.05452,1.37822,6.96623,14.01000,9.07871,0.00000,0.00000,0.00000,0.00000,0.00000,0.00000,0.00000,0.00000,0.00000,0.00000,14.15552,18.23783
96-1,1783318314.994837,2026-07-06T13:11:54.994837,5.08543,1.38749,7.05600,14.15000,9.86555,5.05457,1.37724,6.96135,14.00000,9.77566,0.00000,0.00000,0.00000,0.00000,0.00000,0.00000,0.00000,0.00000,0.00000,0.00000,14.01735,19.64121
96-1,1783318315.094955,2026-07-06T13:11:55.094955,5.08531,1.38969,7.06701,14.17000,10.57308,5.05079,1.37236,6.93148,13.95000,10.46962,0.00000,0.00000,0.00000,0.00000,0.00000,0.00000,0.00000,0.00000,0.00000,0.00000,13.99849,21.04271
96-1,1783318315.195073,2026-07-06T13:11:55.195073,5.08825,1.40922,7.17047,14.37000,11.29098,5.05479,1.37236,6.93697,13.95000,11.16414,0.00000,0.00000,0.00000,0.00000,0.00000,0.00000,0.00000,0.00000,0.00000,0.00000,14.10744,22.45512
96-1,1783318315.295191,2026-07-06T13:11:55.295191,5.08425,1.40922,7.16484,14.37000,12.00831,5.04536,1.40385,7.08294,14.27000,11.87327,0.00000,0.00000,0.00000,0.00000,0.00000,0.00000,0.00000,0.00000,0.00000,0.00000,14.24778,23.88158
96-1,1783318315.395311,2026-07-06T13:11:55.395311,5.08414,1.41118,7.17462,14.39000,12.72663,5.04679,1.37236,6.92599,13.95000,12.56670,0.00000,0.00000,0.00000,0.00000,0.00000,0.00000,0.00000,0.00000,0.00000,0.00000,14.10061,25.29333
96-1,1783318315.495431,2026-07-06T13:11:55.495431,5.08537,1.38871,7.06212,14.16000,13.43369,5.05083,1.37138,6.92661,13.94000,13.26019,0.00000,0.00000,0.00000,0.00000,0.00000,0.00000,0.00000,0.00000,0.00000,0.00000,13.98873,26.69388
96-1,1783318315.595473,2026-07-06T13:11:55.595473,5.07737,1.38871,7.05101,14.16000,14.13909,5.05083,1.37138,6.92661,13.94000,13.95314,0.00000,0.00000,0.00000,0.00000,0.00000,0.00000,0.00000,0.00000,0.00000,0.00000,13.97762,28.09223
96-1,1783318315.695591,2026-07-06T13:11:55.695591,5.08478,1.39946,7.11593,14.27000,14.85152,5.05328,1.40580,7.10392,14.29000,14.66437,0.00000,0.00000,0.00000,0.00000,0.00000,0.00000,0.00000,0.00000,0.00000,0.00000,14.21985,29.51590
96-1,1783318315.795708,2026-07-06T13:11:55.795708,5.08078,1.39946,7.11033,14.27000,15.56339,5.05444,1.38017,6.97598,14.03000,15.36279,0.00000,0.00000,0.00000,0.00000,0.00000,0.00000,0.00000,0.00000,0.00000,0.00000,14.08631,30.92618
96-1,1783318315.895827,2026-07-06T13:11:55.895827,5.08382,1.41704,7.20395,14.45000,16.28464,5.05061,1.37626,6.95097,13.99000,16.05871,0.00000,0.00000,0.00000,0.00000,0.00000,0.00000,0.00000,0.00000,0.00000,0.00000,14.15492,32.34335
96-1,1783318315.995945,2026-07-06T13:11:55.995945,5.08419,1.41020,7.16973,14.38000,17.00246,5.05061,1.37626,6.95097,13.99000,16.75463,0.00000,0.00000,0.00000,0.00000,0.00000,0.00000,0.00000,0.00000,0.00000,0.00000,14.12070,33.75709
96-1,1783318316.096062,2026-07-06T13:11:56.096062,5.08510,1.39360,7.08658,14.21000,17.71194,5.04972,1.39604,7.04960,14.19000,17.46041,0.00000,0.00000,0.00000,0.00000,0.00000,0.00000,0.00000,0.00000,0.00000,0.00000,14.13618,35.17236
96-1,1783318316.196180,2026-07-06T13:11:56.196180,5.08110,1.39360,7.08101,14.21000,18.42088,5.04976,1.39506,7.04473,14.18000,18.16572,0.00000,0.00000,0.00000,0.00000,0.00000,0.00000,0.00000,0.00000,0.00000,0.00000,14.12574,36.58660
96-1,1783318316.296298,2026-07-06T13:11:56.296298,5.08126,1.39067,7.06634,14.18000,19.12835,5.05057,1.37724,6.95584,14.00000,18.86212,0.00000,0.00000,0.00000,0.00000,0.00000,0.00000,0.00000,0.00000,0.00000,0.00000,14.02218,37.99046
96-1,1783318316.396416,2026-07-06T13:11:56.396416,5.08149,1.38652,7.04557,14.14000,19.83374,5.05057,1.37724,6.95584,14.00000,19.55853,0.00000,0.00000,0.00000,0.00000,0.00000,0.00000,0.00000,0.00000,0.00000,0.00000,14.00141,39.39226
97-1,1783318316.496544,2026-07-06T13:11:56.496544,5.08149,1.38652,7.04557,14.14000,0.70546,5.04652,1.37822,6.95520,14.01000,0.69641,0.00000,0.00000,0.00000,0.00000,0.00000,0.00000,0.00000,0.00000,0.00000,0.00000,14.00077,1.40187
97-1,1783318316.596662,2026-07-06T13:11:56.596662,5.08149,1.38652,7.04557,14.14000,1.41084,5.05235,1.33793,6.75970,13.60000,1.37318,0.00000,0.00000,0.00000,0.00000,0.00000,0.00000,0.00000,0.00000,0.00000,0.00000,13.80527,2.78402
97-1,1783318316.696780,2026-07-06T13:11:56.696780,5.08175,1.38163,7.02112,14.09000,2.11379,5.05026,1.38408,6.98994,14.07000,2.07300,0.00000,0.00000,0.00000,0.00000,0.00000,0.00000,0.00000,0.00000,0.00000,0.00000,14.01106,4.18678
97-1,1783318316.796896,2026-07-06T13:11:56.796896,5.08298,1.35917,6.90864,13.86000,2.80545,5.07323,1.05350,5.34464,10.71000,2.60808,0.00000,0.00000,0.00000,0.00000,0.00000,0.00000,0.00000,0.00000,0.00000,0.00000,12.25328,5.41353
97-1,1783318316.897013,2026-07-06T13:11:56.897013,5.05866,1.36503,6.90523,13.92000,3.49679,5.06123,1.05350,5.33200,10.71000,3.14191,0.00000,0.00000,0.00000,0.00000,0.00000,0.00000,0.00000,0.00000,0.00000,0.00000,12.23723,6.63869
97-1,1783318316.997132,2026-07-06T13:11:56.997132,5.09066,1.36503,6.94891,13.92000,4.19250,5.04688,1.37040,6.91626,13.93000,3.83435,0.00000,0.00000,0.00000,0.00000,0.00000,0.00000,0.00000,0.00000,0.00000,0.00000,13.86517,8.02685
97-1,1783318317.097250,2026-07-06T13:11:57.097250,5.08041,1.40629,7.14454,14.34000,4.90780,5.04697,1.36845,6.90652,13.91000,4.52582,0.00000,0.00000,0.00000,0.00000,0.00000,0.00000,0.00000,0.00000,0.00000,0.00000,14.05106,9.43362
97-1,1783318317.197368,2026-07-06T13:11:57.197368,5.08170,1.38261,7.02601,14.10000,5.61123,5.05070,1.37431,6.94123,13.97000,5.22076,0.00000,0.00000,0.00000,0.00000,0.00000,0.00000,0.00000,0.00000,0.00000,0.00000,13.96724,10.83200
97-1,1783318317.297485,2026-07-06T13:11:57.297485,5.08110,1.39360,7.08101,14.21000,6.32016,5.04270,1.37431,6.93023,13.97000,5.91460,0.00000,0.00000,0.00000,0.00000,0.00000,0.00000,0.00000,0.00000,0.00000,0.00000,14.01124,12.23476
97-1,1783318317.397603,2026-07-06T13:11:57.397603,5.08499,1.39555,7.09636,14.23000,7.03063,5.05083,1.37138,6.92661,13.94000,6.60807,0.00000,0.00000,0.00000,0.00000,0.00000,0.00000,0.00000,0.00000,0.00000,0.00000,14.02297,13.63870
97-1,1783318317.497723,2026-07-06T13:11:57.497723,5.08099,1.39555,7.09078,14.23000,7.74056,5.04999,1.38993,7.01916,14.13000,7.31083,0.00000,0.00000,0.00000,0.00000,0.00000,0.00000,0.00000,0.00000,0.00000,0.00000,14.10994,15.05139
97-1,1783318317.597839,2026-07-06T13:11:57.597839,5.08526,1.39067,7.07190,14.18000,8.44857,5.05070,1.37431,6.94123,13.97000,8.00576,0.00000,0.00000,0.00000,0.00000,0.00000,0.00000,0.00000,0.00000,0.00000,0.00000,14.01313,16.45434
97-1,1783318317.697957,2026-07-06T13:11:57.697957,5.08467,1.40141,7.12571,14.29000,9.16199,5.05470,1.37431,6.94672,13.97000,8.70125,0.00000,0.00000,0.00000,0.00000,0.00000,0.00000,0.00000,0.00000,0.00000,0.00000,14.07243,17.86324
97-1,1783318317.798075,2026-07-06T13:11:57.798075,5.08441,1.40629,7.15017,14.34000,9.87784,5.05354,1.39995,7.07468,14.23000,9.40955,0.00000,0.00000,0.00000,0.00000,0.00000,0.00000,0.00000,0.00000,0.00000,0.00000,14.22485,19.28740
97-1,1783318317.898192,2026-07-06T13:11:57.898192,5.07641,1.40629,7.13891,14.34000,10.59257,5.05461,1.37626,6.95648,13.99000,10.10602,0.00000,0.00000,0.00000,0.00000,0.00000,0.00000,0.00000,0.00000,0.00000,0.00000,14.09539,20.69859
97-1,1783318317.998310,2026-07-06T13:11:57.998310,5.08143,1.38749,7.05045,14.15000,11.29845,5.05092,1.36943,6.91687,13.92000,10.79852,0.00000,0.00000,0.00000,0.00000,0.00000,0.00000,0.00000,0.00000,0.00000,0.00000,13.96732,22.09697
97-1,1783318318.098429,2026-07-06T13:11:58.098429,5.08202,1.37675,6.99667,14.04000,11.99894,5.05092,1.36943,6.91687,13.92000,11.49103,0.00000,0.00000,0.00000,0.00000,0.00000,0.00000,0.00000,0.00000,0.00000,0.00000,13.91354,23.48997
97-1,1783318318.198546,2026-07-06T13:11:58.198546,5.08803,1.41313,7.19005,14.41000,12.71879,5.05736,1.40385,7.09979,14.27000,12.20184,0.00000,0.00000,0.00000,0.00000,0.00000,0.00000,0.00000,0.00000,0.00000,0.00000,14.28984,24.92063
97-1,1783318318.298663,2026-07-06T13:11:58.298663,5.08003,1.41313,7.17874,14.41000,13.43751,5.05857,1.37724,6.96686,14.00000,12.89934,0.00000,0.00000,0.00000,0.00000,0.00000,0.00000,0.00000,0.00000,0.00000,0.00000,14.14560,26.33685
97-1,1783318318.398783,2026-07-06T13:11:58.398783,5.07619,1.41020,7.15844,14.38000,14.15421,5.04666,1.37529,6.94060,13.98000,13.59423,0.00000,0.00000,0.00000,0.00000,0.00000,0.00000,0.00000,0.00000,0.00000,0.00000,14.09904,27.74844
97-1,1783318318.498902,2026-07-06T13:11:58.498902,5.07721,1.39164,7.06566,14.19000,14.86162,5.05066,1.37529,6.94610,13.98000,14.28967,0.00000,0.00000,0.00000,0.00000,0.00000,0.00000,0.00000,0.00000,0.00000,0.00000,14.01176,29.15129
97-1,1783318318.599020,2026-07-06T13:11:58.599020,5.07737,1.38871,7.05101,14.16000,15.56755,5.04936,1.40385,7.08856,14.27000,14.99936,0.00000,0.00000,0.00000,0.00000,0.00000,0.00000,0.00000,0.00000,0.00000,0.00000,14.13957,30.56692
97-1,1783318318.699139,2026-07-06T13:11:58.699139,5.08067,1.40141,7.12011,14.29000,16.28041,5.05048,1.37919,6.96558,14.02000,15.69675,0.00000,0.00000,0.00000,0.00000,0.00000,0.00000,0.00000,0.00000,0.00000,0.00000,14.08569,31.97716
97-1,1783318318.799256,2026-07-06T13:11:58.799256,5.08067,1.40141,7.12011,14.29000,16.99325,5.05470,1.37431,6.94672,13.97000,16.39224,0.00000,0.00000,0.00000,0.00000,0.00000,0.00000,0.00000,0.00000,0.00000,0.00000,14.06683,33.38549
97-1,1783318318.899375,2026-07-06T13:11:58.899375,5.07998,1.41411,7.18363,14.42000,17.71247,5.05470,1.37431,6.94672,13.97000,17.08774,0.00000,0.00000,0.00000,0.00000,0.00000,0.00000,0.00000,0.00000,0.00000,0.00000,14.13035,34.80021
97-1,1783318318.999495,2026-07-06T13:11:58.999495,5.07939,1.42485,7.23737,14.53000,18.43708,5.05354,1.39995,7.07468,14.23000,17.79605,0.00000,0.00000,0.00000,0.00000,0.00000,0.00000,0.00000,0.00000,0.00000,0.00000,14.31205,36.23313
97-1,1783318319.099614,2026-07-06T13:11:59.099614,5.08078,1.39946,7.11033,14.27000,19.14896,5.05336,1.40385,7.09417,14.27000,18.50631,0.00000,0.00000,0.00000,0.00000,0.00000,0.00000,0.00000,0.00000,0.00000,0.00000,14.20450,37.65527
97-1,1783318319.199732,2026-07-06T13:11:59.199732,5.08078,1.39946,7.11033,14.27000,19.86083,5.05048,1.37919,6.96558,14.02000,19.20369,0.00000,0.00000,0.00000,0.00000,0.00000,0.00000,0.00000,0.00000,0.00000,0.00000,14.07591,39.06452
97-1,1783318319.299850,2026-07-06T13:11:59.299850,5.08115,1.39262,7.07612,14.20000,20.56927,5.04648,1.37919,6.96007,14.02000,19.90052,0.00000,0.00000,0.00000,0.00000,0.00000,0.00000,0.00000,0.00000,0.00000,0.00000,14.03619,40.46979
97-1,1783318319.399966,2026-07-06T13:11:59.399966,5.08137,1.38871,7.05656,14.16000,21.27575,5.05079,1.37236,6.93148,13.95000,20.59448,0.00000,0.00000,0.00000,0.00000,0.00000,0.00000,0.00000,0.00000,0.00000,0.00000,13.98804,41.87023
97-1,1783318319.500083,2026-07-06T13:11:59.500083,5.08126,1.39067,7.06634,14.18000,21.98321,5.05048,1.37919,6.96558,14.02000,21.29185,0.00000,0.00000,0.00000,0.00000,0.00000,0.00000,0.00000,0.00000,0.00000,0.00000,14.03192,43.27506
97-1,1783318319.600201,2026-07-06T13:11:59.600201,5.08926,1.39067,7.07747,14.18000,22.69179,5.05350,1.40092,7.07955,14.24000,22.00063,0.00000,0.00000,0.00000,0.00000,0.00000,0.00000,0.00000,0.00000,0.00000,0.00000,14.15702,44.69242
97-1,1783318319.700318,2026-07-06T13:11:59.700318,5.08131,1.38969,7.06145,14.17000,23.39876,5.05350,1.40092,7.07955,14.24000,22.70942,0.00000,0.00000,0.00000,0.00000,0.00000,0.00000,0.00000,0.00000,0.00000,0.00000,14.14100,46.10818
97-1,1783318319.800435,2026-07-06T13:11:59.800435,5.08154,1.38554,7.04068,14.13000,24.10365,5.05341,1.40287,7.08930,14.26000,23.41917,0.00000,0.00000,0.00000,0.00000,0.00000,0.00000,0.00000,0.00000,0.00000,0.00000,14.12998,47.52283
97-1,1783318319.900553,2026-07-06T13:11:59.900553,5.07754,1.38554,7.03513,14.13000,24.80800,5.05332,1.40483,7.09904,14.28000,24.12992,0.00000,0.00000,0.00000,0.00000,0.00000,0.00000,0.00000,0.00000,0.00000,0.00000,14.13417,48.93792
97-1,1783318320.000670,2026-07-06T13:12:00.000670,5.08565,1.38359,7.03643,14.11000,25.51246,5.05035,1.38212,6.98020,14.05000,24.82876,0.00000,0.00000,0.00000,0.00000,0.00000,0.00000,0.00000,0.00000,0.00000,0.00000,14.01663,50.34122
97-1,1783318320.100787,2026-07-06T13:12:00.100787,5.08165,1.38359,7.03090,14.11000,26.21638,5.05035,1.38212,6.98020,14.05000,25.52759,0.00000,0.00000,0.00000,0.00000,0.00000,0.00000,0.00000,0.00000,0.00000,0.00000,14.01110,51.74397
97-1,1783318320.200904,2026-07-06T13:12:00.200904,5.08159,1.38456,7.03579,14.12000,26.92078,5.05039,1.38115,6.97533,14.04000,26.22594,0.00000,0.00000,0.00000,0.00000,0.00000,0.00000,0.00000,0.00000,0.00000,0.00000,14.01112,53.14672
97-1,1783318320.301021,2026-07-06T13:12:00.301021,5.08137,1.38871,7.05656,14.16000,27.62726,5.05030,1.38310,6.98507,14.06000,26.92527,0.00000,0.00000,0.00000,0.00000,0.00000,0.00000,0.00000,0.00000,0.00000,0.00000,14.04163,54.55253
97-1,1783318320.401140,2026-07-06T13:12:00.401140,5.08154,1.38554,7.04068,14.13000,28.33217,5.05435,1.38212,6.98573,14.05000,27.62467,0.00000,0.00000,0.00000,0.00000,0.00000,0.00000,0.00000,0.00000,0.00000,0.00000,14.02641,55.95684
97-1,1783318320.501256,2026-07-06T13:12:00.501256,5.08154,1.38554,7.04068,14.13000,29.03705,5.04235,1.38212,6.96914,14.05000,28.32239,0.00000,0.00000,0.00000,0.00000,0.00000,0.00000,0.00000,0.00000,0.00000,0.00000,14.00982,57.35945
97-1,1783318320.601373,2026-07-06T13:12:00.601373,5.09321,1.39164,7.08793,14.19000,29.74667,5.05848,1.37919,6.97662,14.02000,29.02087,0.00000,0.00000,0.00000,0.00000,0.00000,0.00000,0.00000,0.00000,0.00000,0.00000,14.06455,58.76754
97-1,1783318320.701489,2026-07-06T13:12:00.701489,5.09337,1.38871,7.07323,14.16000,30.45482,5.05879,1.37236,6.94246,13.95000,29.71593,0.00000,0.00000,0.00000,0.00000,0.00000,0.00000,0.00000,0.00000,0.00000,0.00000,14.01569,60.17075
97-1,1783318320.801607,2026-07-06T13:12:00.801607,5.08915,1.39262,7.08726,14.20000,31.16438,5.04261,1.37626,6.93996,13.99000,30.41074,0.00000,0.00000,0.00000,0.00000,0.00000,0.00000,0.00000,0.00000,0.00000,0.00000,14.02722,61.57512
97-1,1783318320.901724,2026-07-06T13:12:00.901724,5.06115,1.39262,7.04827,14.20000,31.87003,5.04661,1.37626,6.94547,13.99000,31.10610,0.00000,0.00000,0.00000,0.00000,0.00000,0.00000,0.00000,0.00000,0.00000,0.00000,13.99374,62.97613
97-1,1783318321.001842,2026-07-06T13:12:01.001842,5.08105,1.39457,7.08589,14.22000,32.57945,5.05057,1.37724,6.95584,14.00000,31.80250,0.00000,0.00000,0.00000,0.00000,0.00000,0.00000,0.00000,0.00000,0.00000,0.00000,14.04173,64.38195
97-1,1783318321.101960,2026-07-06T13:12:01.101960,5.07950,1.42289,7.22760,14.51000,33.30307,5.05052,1.37822,6.96071,14.01000,32.49939,0.00000,0.00000,0.00000,0.00000,0.00000,0.00000,0.00000,0.00000,0.00000,0.00000,14.18831,65.80246
97-1,1783318321.202078,2026-07-06T13:12:01.202078,5.09198,1.41411,7.20060,14.42000,34.02398,5.05066,1.37529,6.94610,13.98000,33.19482,0.00000,0.00000,0.00000,0.00000,0.00000,0.00000,0.00000,0.00000,0.00000,0.00000,14.14670,67.21880
97-1,1783318321.302196,2026-07-06T13:12:01.302196,5.08382,1.41704,7.20395,14.45000,34.74522,5.05066,1.37529,6.94610,13.98000,33.89025,0.00000,0.00000,0.00000,0.00000,0.00000,0.00000,0.00000,0.00000,0.00000,0.00000,14.15005,68.63547
97-1,1783318321.402313,2026-07-06T13:12:01.402313,5.08382,1.41704,7.20395,14.45000,35.46646,5.05030,1.38310,6.98507,14.06000,34.58958,0.00000,0.00000,0.00000,0.00000,0.00000,0.00000,0.00000,0.00000,0.00000,0.00000,14.18902,70.05605
97-1,1783318321.502432,2026-07-06T13:12:01.502432,5.07977,1.41801,7.20317,14.46000,36.18763,5.05030,1.38310,6.98507,14.06000,35.28891,0.00000,0.00000,0.00000,0.00000,0.00000,0.00000,0.00000,0.00000,0.00000,0.00000,14.18824,71.47655
97-1,1783318321.602551,2026-07-06T13:12:01.602551,5.08121,1.39164,7.07123,14.19000,36.89560,5.05021,1.38505,6.99481,14.08000,35.98923,0.00000,0.00000,0.00000,0.00000,0.00000,0.00000,0.00000,0.00000,0.00000,0.00000,14.06604,72.88483
97-1,1783318321.702669,2026-07-06T13:12:01.702669,5.08483,1.39848,7.11104,14.26000,37.60754,5.05021,1.38505,6.99481,14.08000,36.68954,0.00000,0.00000,0.00000,0.00000,0.00000,0.00000,0.00000,0.00000,0.00000,0.00000,14.10585,74.29708
97-1,1783318321.802787,2026-07-06T13:12:01.802787,5.08083,1.39848,7.10544,14.26000,38.31893,5.04928,1.40580,7.09829,14.29000,37.40020,0.00000,0.00000,0.00000,0.00000,0.00000,0.00000,0.00000,0.00000,0.00000,0.00000,14.20373,75.71913
97-1,1783318321.902905,2026-07-06T13:12:01.902905,5.08702,1.43168,7.28301,14.60000,39.04809,5.04914,1.40873,7.11290,14.32000,38.11233,0.00000,0.00000,0.00000,0.00000,0.00000,0.00000,0.00000,0.00000,0.00000,0.00000,14.39591,77.16042
97-1,1783318322.003024,2026-07-06T13:12:02.003024,5.08793,1.41508,7.19984,14.43000,39.76893,5.05345,1.40190,7.08443,14.25000,38.82162,0.00000,0.00000,0.00000,0.00000,0.00000,0.00000,0.00000,0.00000,0.00000,0.00000,14.28427,78.59055
97-1,1783318322.103090,2026-07-06T13:12:02.103090,5.08803,1.41313,7.19005,14.41000,40.48841,5.05345,1.40190,7.08443,14.25000,39.53053,0.00000,0.00000,0.00000,0.00000,0.00000,0.00000,0.00000,0.00000,0.00000,0.00000,14.27448,80.01894
97-1,1783318322.203209,2026-07-06T13:12:02.203209,5.08403,1.41313,7.18440,14.41000,41.20770,5.04919,1.40776,7.10803,14.31000,40.24217,0.00000,0.00000,0.00000,0.00000,0.00000,0.00000,0.00000,0.00000,0.00000,0.00000,14.29243,81.44987
97-1,1783318322.303327,2026-07-06T13:12:02.303327,5.08089,1.39750,7.10056,14.25000,41.91859,5.05030,1.38310,6.98507,14.06000,40.94151,0.00000,0.00000,0.00000,0.00000,0.00000,0.00000,0.00000,0.00000,0.00000,0.00000,14.08563,82.86010
97-1,1783318322.403445,2026-07-06T13:12:02.403445,5.07939,1.42485,7.23737,14.53000,42.64319,5.05026,1.38408,6.98994,14.07000,41.64133,0.00000,0.00000,0.00000,0.00000,0.00000,0.00000,0.00000,0.00000,0.00000,0.00000,14.22731,84.28452
97-1,1783318322.503564,2026-07-06T13:12:02.503564,5.08750,1.42289,7.23898,14.51000,43.36794,5.04626,1.38408,6.98440,14.07000,42.34060,0.00000,0.00000,0.00000,0.00000,0.00000,0.00000,0.00000,0.00000,0.00000,0.00000,14.22338,85.70854
97-1,1783318322.603681,2026-07-06T13:12:02.603681,5.08350,1.42289,7.23329,14.51000,44.09212,5.04532,1.40483,7.08781,14.28000,43.05021,0.00000,0.00000,0.00000,0.00000,0.00000,0.00000,0.00000,0.00000,0.00000,0.00000,14.32110,87.14233
97-1,1783318322.703746,2026-07-06T13:12:02.703746,5.08131,1.38969,7.06145,14.17000,44.79872,5.04514,1.40873,7.10727,14.32000,43.76140,0.00000,0.00000,0.00000,0.00000,0.00000,0.00000,0.00000,0.00000,0.00000,0.00000,14.16872,88.56012
97-1,1783318322.803811,2026-07-06T13:12:02.803811,5.08345,1.42387,7.23818,14.52000,45.52301,5.05314,1.40873,7.11854,14.32000,44.47371,0.00000,0.00000,0.00000,0.00000,0.00000,0.00000,0.00000,0.00000,0.00000,0.00000,14.35672,89.99672
97-1,1783318322.903930,2026-07-06T13:12:02.903930,5.08350,1.42289,7.23329,14.51000,46.24720,5.04914,1.40873,7.11290,14.32000,45.18585,0.00000,0.00000,0.00000,0.00000,0.00000,0.00000,0.00000,0.00000,0.00000,0.00000,14.34619,91.43305
97-1,1783318323.004045,2026-07-06T13:12:03.004045,5.08446,1.40532,7.14527,14.33000,46.96255,5.05039,1.38115,6.97533,14.04000,45.88419,0.00000,0.00000,0.00000,0.00000,0.00000,0.00000,0.00000,0.00000,0.00000,0.00000,14.12060,92.84674
97-1,1783318323.104162,2026-07-06T13:12:03.104162,5.08046,1.40532,7.13965,14.33000,47.67735,5.05004,1.38896,7.01429,14.12000,46.58644,0.00000,0.00000,0.00000,0.00000,0.00000,0.00000,0.00000,0.00000,0.00000,0.00000,14.15394,94.26379
97-1,1783318323.204281,2026-07-06T13:12:03.204281,5.08713,1.42973,7.27323,14.58000,48.40554,5.04919,1.40776,7.10803,14.31000,47.29808,0.00000,0.00000,0.00000,0.00000,0.00000,0.00000,0.00000,0.00000,0.00000,0.00000,14.38126,95.70362
97-1,1783318323.304400,2026-07-06T13:12:03.304400,5.08739,1.42485,7.24876,14.53000,49.13128,5.05719,1.40776,7.11929,14.31000,48.01086,0.00000,0.00000,0.00000,0.00000,0.00000,0.00000,0.00000,0.00000,0.00000,0.00000,14.36805,97.14214
97-1,1783318323.404517,2026-07-06T13:12:03.404517,5.07710,1.39360,7.07543,14.21000,49.83965,5.04532,1.40483,7.08781,14.28000,48.72047,0.00000,0.00000,0.00000,0.00000,0.00000,0.00000,0.00000,0.00000,0.00000,0.00000,14.16324,98.56012
98-1,1783318323.504656,2026-07-06T13:12:03.504656,5.08510,1.39360,7.08658,14.21000,0.70964,5.04621,1.38505,6.98927,14.08000,0.69990,0.00000,0.00000,0.00000,0.00000,0.00000,0.00000,0.00000,0.00000,0.00000,0.00000,14.07585,1.40954
98-1,1783318323.604772,2026-07-06T13:12:03.604772,5.08597,1.30424,6.63333,13.30000,1.37374,5.05070,1.37431,6.94123,13.97000,1.39482,0.00000,0.00000,0.00000,0.00000,0.00000,0.00000,0.00000,0.00000,0.00000,0.00000,13.57456,2.76857
98-1,1783318323.704891,2026-07-06T13:12:03.704891,5.07479,1.50932,7.65949,15.39000,2.14060,5.04670,1.37431,6.93573,13.97000,2.08922,0.00000,0.00000,0.00000,0.00000,0.00000,0.00000,0.00000,0.00000,0.00000,0.00000,14.59522,4.22982
98-1,1783318323.805009,2026-07-06T13:12:03.805009,5.08581,1.38066,7.02175,14.08000,2.84361,5.05411,1.03397,5.22579,10.51000,2.61242,0.00000,0.00000,0.00000,0.00000,0.00000,0.00000,0.00000,0.00000,0.00000,0.00000,12.24754,5.45602
98-1,1783318323.905127,2026-07-06T13:12:03.905127,5.07381,1.38066,7.00519,14.08000,3.54495,5.03875,1.37333,6.91988,13.96000,3.30522,0.00000,0.00000,0.00000,0.00000,0.00000,0.00000,0.00000,0.00000,0.00000,0.00000,13.92507,6.85018
98-1,1783318324.005245,2026-07-06T13:12:04.005245,5.08975,1.38163,7.03217,14.09000,4.24900,5.04270,1.37431,6.93023,13.97000,3.99906,0.00000,0.00000,0.00000,0.00000,0.00000,0.00000,0.00000,0.00000,0.00000,0.00000,13.96240,8.24807
98-1,1783318324.105363,2026-07-06T13:12:04.105363,5.08019,1.41020,7.16409,14.38000,4.96626,5.05070,1.37431,6.94123,13.97000,4.69401,0.00000,0.00000,0.00000,0.00000,0.00000,0.00000,0.00000,0.00000,0.00000,0.00000,14.10532,9.66027
98-1,1783318324.205482,2026-07-06T13:12:04.205482,5.08159,1.38456,7.03579,14.12000,5.67067,5.05448,1.37919,6.97110,14.02000,5.39194,0.00000,0.00000,0.00000,0.00000,0.00000,0.00000,0.00000,0.00000,0.00000,0.00000,14.00689,11.06261
98-1,1783318324.305549,2026-07-06T13:12:04.305549,5.07807,1.37577,6.98628,14.03000,6.36977,5.05466,1.37529,6.95160,13.98000,6.08757,0.00000,0.00000,0.00000,0.00000,0.00000,0.00000,0.00000,0.00000,0.00000,0.00000,13.93788,12.45734
98-1,1783318324.405667,2026-07-06T13:12:04.405667,5.08207,1.37577,6.99178,14.03000,7.06977,5.04714,1.36454,6.88705,13.87000,6.77709,0.00000,0.00000,0.00000,0.00000,0.00000,0.00000,0.00000,0.00000,0.00000,0.00000,13.87883,13.84686
98-1,1783318324.505787,2026-07-06T13:12:04.505787,5.07998,1.41411,7.18363,14.42000,7.78899,5.05039,1.38115,6.97533,13.87000,7.47546,0.00000,0.00000,0.00000,0.00000,0.00000,0.00000,0.00000,0.00000,0.00000,0.00000,14.15896,15.26445
98-1,1783318324.605905,2026-07-06T13:12:04.605905,5.08137,1.38871,7.05656,14.16000,8.49548,5.04639,1.38115,6.96980,14.04000,8.17326,0.00000,0.00000,0.00000,0.00000,0.00000,0.00000,0.00000,0.00000,0.00000,0.00000,14.02636,16.66874
98-1,1783318324.706023,2026-07-06T13:12:04.706023,5.08228,1.37187,6.97222,13.99000,9.19353,5.05488,1.37040,6.92722,13.93000,8.86680,0.00000,0.00000,0.00000,0.00000,0.00000,0.00000,0.00000,0.00000,0.00000,0.00000,13.89944,18.06034
98-1,1783318324.806140,2026-07-06T13:12:04.806140,5.09028,1.37187,6.98320,13.99000,9.89267,5.05341,1.40287,7.08930,14.26000,9.57656,0.00000,0.00000,0.00000,0.00000,0.00000,0.00000,0.00000,0.00000,0.00000,0.00000,14.07250,19.46923
98-1,1783318324.906260,2026-07-06T13:12:04.906260,5.08441,1.40629,7.15017,14.34000,10.60854,5.05457,1.37724,6.96135,14.00000,10.27353,0.00000,0.00000,0.00000,0.00000,0.00000,0.00000,0.00000,0.00000,0.00000,0.00000,14.11152,20.88208
98-1,1783318325.006378,2026-07-06T13:12:05.006378,5.08531,1.38969,7.06701,14.17000,11.31608,5.05457,1.37724,6.96135,14.00000,10.97049,0.00000,0.00000,0.00000,0.00000,0.00000,0.00000,0.00000,0.00000,0.00000,0.00000,14.02836,22.28657
98-1,1783318325.106445,2026-07-06T13:12:05.106445,5.07737,1.38871,7.05101,14.16000,12.02165,5.04701,1.36747,6.90165,13.90000,11.66112,0.00000,0.00000,0.00000,0.00000,0.00000,0.00000,0.00000,0.00000,0.00000,0.00000,13.95266,23.68277
98-1,1783318325.206564,2026-07-06T13:12:05.206564,5.08537,1.38871,7.06212,14.16000,12.72870,5.04519,1.40776,7.10240,14.31000,12.37220,0.00000,0.00000,0.00000,0.00000,0.00000,0.00000,0.00000,0.00000,0.00000,0.00000,14.16452,25.10091
98-1,1783318325.306683,2026-07-06T13:12:05.306683,5.08586,1.37968,7.01686,14.07000,13.43122,5.05044,1.38017,6.97046,14.03000,13.07007,0.00000,0.00000,0.00000,0.00000,0.00000,0.00000,0.00000,0.00000,0.00000,0.00000,13.98732,26.50130
98-1,1783318325.406801,2026-07-06T13:12:05.406801,5.08387,1.41606,7.19906,14.44000,14.15198,5.04644,1.38017,6.96493,14.03000,13.76739,0.00000,0.00000,0.00000,0.00000,0.00000,0.00000,0.00000,0.00000,0.00000,0.00000,14.16399,27.91937
98-1,1783318325.506919,2026-07-06T13:12:05.506919,5.08435,1.40727,7.15506,14.35000,14.86833,5.05097,1.36845,6.91200,13.91000,14.45940,0.00000,0.00000,0.00000,0.00000,0.00000,0.00000,0.00000,0.00000,0.00000,0.00000,14.06706,29.32773
98-1,1783318325.607034,2026-07-06T13:12:05.607034,5.08089,1.39750,7.10056,14.25000,15.57920,5.04923,1.40678,7.10316,14.30000,15.17054,0.00000,0.00000,0.00000,0.00000,0.00000,0.00000,0.00000,0.00000,0.00000,0.00000,14.20372,30.74974
98-1,1783318325.707149,2026-07-06T13:12:05.707149,5.08489,1.39750,7.10615,14.25000,16.29063,5.05061,1.37626,6.95097,13.99000,15.86644,0.00000,0.00000,0.00000,0.00000,0.00000,0.00000,0.00000,0.00000,0.00000,0.00000,14.05712,32.15707
98-1,1783318325.807268,2026-07-06T13:12:05.807268,5.08526,1.39067,7.07190,14.18000,16.99866,5.05061,1.37626,6.95097,13.99000,16.56236,0.00000,0.00000,0.00000,0.00000,0.00000,0.00000,0.00000,0.00000,0.00000,0.00000,14.02287,33.56102
98-1,1783318325.907385,2026-07-06T13:12:05.907385,5.08510,1.39360,7.08658,14.21000,17.70815,5.05461,1.37626,6.95648,13.99000,17.25882,0.00000,0.00000,0.00000,0.00000,0.00000,0.00000,0.00000,0.00000,0.00000,0.00000,14.04306,34.96697
98-1,1783318326.007500,2026-07-06T13:12:06.007500,5.07987,1.41606,7.19340,14.44000,18.42832,5.05358,1.39897,7.06981,14.22000,17.96661,0.00000,0.00000,0.00000,0.00000,0.00000,0.00000,0.00000,0.00000,0.00000,0.00000,14.26321,36.39493
98-1,1783318326.107619,2026-07-06T13:12:06.107619,5.07987,1.41606,7.19340,14.44000,19.14851,5.04928,1.40580,7.09829,14.29000,18.67729,0.00000,0.00000,0.00000,0.00000,0.00000,0.00000,0.00000,0.00000,0.00000,0.00000,14.29169,37.82580
98-1,1783318326.207737,2026-07-06T13:12:06.207737,5.07982,1.41704,7.19829,14.45000,19.86919,5.04528,1.40580,7.09267,14.29000,19.38739,0.00000,0.00000,0.00000,0.00000,0.00000,0.00000,0.00000,0.00000,0.00000,0.00000,14.29096,39.25658
98-1,1783318326.307855,2026-07-06T13:12:06.307855,5.07923,1.42778,7.25202,14.56000,20.59525,5.05039,1.38115,6.97533,14.04000,20.08575,0.00000,0.00000,0.00000,0.00000,0.00000,0.00000,0.00000,0.00000,0.00000,0.00000,14.22735,40.68101
98-1,1783318326.407971,2026-07-06T13:12:06.407971,5.08446,1.40532,7.14527,14.33000,21.31061,5.05035,1.38212,6.98020,14.05000,20.78458,0.00000,0.00000,0.00000,0.00000,0.00000,0.00000,0.00000,0.00000,0.00000,0.00000,14.12547,42.09519
98-1,1783318326.508089,2026-07-06T13:12:06.508089,5.08046,1.40532,7.13965,14.33000,22.02542,5.05079,1.37236,6.93148,13.95000,21.47855,0.00000,0.00000,0.00000,0.00000,0.00000,0.00000,0.00000,0.00000,0.00000,0.00000,14.07113,43.50396
98-1,1783318326.608206,2026-07-06T13:12:06.608206,5.07731,1.38969,7.05589,14.17000,22.73183,5.05079,1.37236,6.93148,13.95000,22.17251,0.00000,0.00000,0.00000,0.00000,0.00000,0.00000,0.00000,0.00000,0.00000,0.00000,13.98737,44.90434
98-1,1783318326.708325,2026-07-06T13:12:06.708325,5.07710,1.39360,7.07543,14.21000,23.44021,5.04967,1.39702,7.05447,14.20000,22.87879,0.00000,0.00000,0.00000,0.00000,0.00000,0.00000,0.00000,0.00000,0.00000,0.00000,14.12990,46.31900
98-1,1783318326.808443,2026-07-06T13:12:06.808443,5.08526,1.39067,7.07190,14.18000,24.14824,5.04963,1.39799,7.05934,14.21000,23.58556,0.00000,0.00000,0.00000,0.00000,0.00000,0.00000,0.00000,0.00000,0.00000,0.00000,14.13124,47.73380
98-1,1783318326.908560,2026-07-06T13:12:06.908560,5.08126,1.39067,7.06634,14.18000,24.85570,5.04928,1.40580,7.09829,14.29000,24.29622,0.00000,0.00000,0.00000,0.00000,0.00000,0.00000,0.00000,0.00000,0.00000,0.00000,14.16463,49.15192
98-1,1783318327.008679,2026-07-06T13:12:07.008679,5.08126,1.39067,7.06634,14.18000,25.56317,5.04528,1.40580,7.09267,14.29000,25.00633,0.00000,0.00000,0.00000,0.00000,0.00000,0.00000,0.00000,0.00000,0.00000,0.00000,14.15901,50.56950
98-1,1783318327.108797,2026-07-06T13:12:07.108797,5.08905,1.39457,7.09705,14.22000,26.27371,5.05345,1.40190,7.08443,14.25000,25.71560,0.00000,0.00000,0.00000,0.00000,0.00000,0.00000,0.00000,0.00000,0.00000,0.00000,14.18148,51.98932
98-1,1783318327.208915,2026-07-06T13:12:07.208915,5.08926,1.39067,7.07747,14.18000,26.98230,5.05435,1.38212,6.98573,14.05000,26.41500,0.00000,0.00000,0.00000,0.00000,0.00000,0.00000,0.00000,0.00000,0.00000,0.00000,14.06320,53.39730
98-1,1783318327.309033,2026-07-06T13:12:07.309033,5.08543,1.38749,7.05600,14.15000,27.68873,5.05461,1.37626,6.95648,13.99000,27.11147,0.00000,0.00000,0.00000,0.00000,0.00000,0.00000,0.00000,0.00000,0.00000,0.00000,14.01248,54.80020
98-1,1783318327.409151,2026-07-06T13:12:07.409151,5.07743,1.38749,7.04490,14.15000,28.39405,5.05061,1.37626,6.95097,13.99000,27.80739,0.00000,0.00000,0.00000,0.00000,0.00000,0.00000,0.00000,0.00000,0.00000,0.00000,13.99587,56.20145
98-1,1783318327.509270,2026-07-06T13:12:07.509270,5.08894,1.39653,7.10684,14.24000,29.10558,5.05439,1.38115,6.98085,14.04000,28.50631,0.00000,0.00000,0.00000,0.00000,0.00000,0.00000,0.00000,0.00000,0.00000,0.00000,14.08769,57.61189
98-1,1783318327.609389,2026-07-06T13:12:07.609389,5.08819,1.41020,7.17537,14.38000,29.82397,5.05448,1.37919,6.97110,14.02000,29.20424,0.00000,0.00000,0.00000,0.00000,0.00000,0.00000,0.00000,0.00000,0.00000,0.00000,14.14647,59.02822
98-1,1783318327.709508,2026-07-06T13:12:07.709508,5.08339,1.42485,7.24307,14.53000,30.54914,5.04239,1.38115,6.96428,14.04000,29.90150,0.00000,0.00000,0.00000,0.00000,0.00000,0.00000,0.00000,0.00000,0.00000,0.00000,14.20735,60.45064
98-1,1783318327.809627,2026-07-06T13:12:07.809627,5.07539,1.42485,7.23167,14.53000,31.27317,5.05039,1.38115,6.97533,14.04000,30.59986,0.00000,0.00000,0.00000,0.00000,0.00000,0.00000,0.00000,0.00000,0.00000,0.00000,14.20700,61.87303
98-1,1783318327.909745,2026-07-06T13:12:07.909745,5.09198,1.41411,7.20060,14.42000,31.99408,5.04657,1.37724,6.95033,14.00000,31.29572,0.00000,0.00000,0.00000,0.00000,0.00000,0.00000,0.00000,0.00000,0.00000,0.00000,14.15093,63.28979
98-1,1783318328.009863,2026-07-06T13:12:08.009863,5.09166,1.41997,7.22998,14.48000,32.71793,5.04630,1.38310,6.97954,14.06000,31.99450,0.00000,0.00000,0.00000,0.00000,0.00000,0.00000,0.00000,0.00000,0.00000,0.00000,14.20952,64.71243
98-1,1783318328.109982,2026-07-06T13:12:08.109982,5.08377,1.41801,7.20884,14.46000,33.43967,5.05026,1.38408,6.98994,14.07000,32.69432,0.00000,0.00000,0.00000,0.00000,0.00000,0.00000,0.00000,0.00000,0.00000,0.00000,14.19878,66.13399
98-1,1783318328.210100,2026-07-06T13:12:08.210100,5.08377,1.41801,7.20884,14.46000,34.16141,5.05026,1.38408,6.98994,14.07000,33.39414,0.00000,0.00000,0.00000,0.00000,0.00000,0.00000,0.00000,0.00000,0.00000,0.00000,14.19878,67.55555
98-1,1783318328.310219,2026-07-06T13:12:08.310219,5.07651,1.40434,7.12915,14.32000,34.87517,5.04635,1.38212,6.97467,14.05000,34.09243,0.00000,0.00000,0.00000,0.00000,0.00000,0.00000,0.00000,0.00000,0.00000,0.00000,14.10382,68.96760
98-1,1783318328.410284,2026-07-06T13:12:08.410284,5.08126,1.39067,7.06634,14.18000,35.58227,5.04576,1.39506,7.03915,14.18000,34.79681,0.00000,0.00000,0.00000,0.00000,0.00000,0.00000,0.00000,0.00000,0.00000,0.00000,14.10549,70.37908
98-1,1783318328.510350,2026-07-06T13:12:08.510350,5.08105,1.39457,7.08589,14.22000,36.29132,5.04897,1.41264,7.13237,14.36000,35.51052,0.00000,0.00000,0.00000,0.00000,0.00000,0.00000,0.00000,0.00000,0.00000,0.00000,14.21826,71.80184
98-1,1783318328.610416,2026-07-06T13:12:08.610416,5.07913,1.42973,7.26179,14.58000,37.01798,5.05297,1.41264,7.13803,14.36000,36.22479,0.00000,0.00000,0.00000,0.00000,0.00000,0.00000,0.00000,0.00000,0.00000,0.00000,14.39982,73.24277
98-1,1783318328.710481,2026-07-06T13:12:08.710481,5.08713,1.42973,7.27323,14.58000,37.74578,5.04928,1.40580,7.09829,14.29000,36.93509,0.00000,0.00000,0.00000,0.00000,0.00000,0.00000,0.00000,0.00000,0.00000,0.00000,14.37152,74.68086
98-1,1783318328.810547,2026-07-06T13:12:08.810547,5.08782,1.41704,7.20962,14.45000,38.46721,5.04932,1.40483,7.09343,14.28000,37.64489,0.00000,0.00000,0.00000,0.00000,0.00000,0.00000,0.00000,0.00000,0.00000,0.00000,14.30305,76.11211
98-1,1783318328.910663,2026-07-06T13:12:08.910663,5.08782,1.41704,7.20962,14.45000,39.18901,5.05736,1.40385,7.09979,14.27000,38.35570,0.00000,0.00000,0.00000,0.00000,0.00000,0.00000,0.00000,0.00000,0.00000,0.00000,14.30941,77.54471
98-1,1783318329.010779,2026-07-06T13:12:09.010779,5.08105,1.39457,7.08589,14.22000,39.89842,5.05336,1.40385,7.09417,14.27000,39.06594,0.00000,0.00000,0.00000,0.00000,0.00000,0.00000,0.00000,0.00000,0.00000,0.00000,14.18006,78.96436
98-1,1783318329.110894,2026-07-06T13:12:09.110894,5.08105,1.39457,7.08589,14.22000,40.60782,5.04621,1.38505,6.98927,14.08000,39.76567,0.00000,0.00000,0.00000,0.00000,0.00000,0.00000,0.00000,0.00000,0.00000,0.00000,14.07516,80.37349
98-1,1783318329.211009,2026-07-06T13:12:09.211009,5.07955,1.42192,7.22271,14.50000,41.33092,5.04657,1.37724,6.95033,14.00000,40.46150,0.00000,0.00000,0.00000,0.00000,0.00000,0.00000,0.00000,0.00000,0.00000,0.00000,14.17304,81.79242
98-1,1783318329.311123,2026-07-06T13:12:09.311123,5.07945,1.42387,7.23248,14.52000,42.05500,5.04604,1.38896,7.00874,14.12000,41.16318,0.00000,0.00000,0.00000,0.00000,0.00000,0.00000,0.00000,0.00000,0.00000,0.00000,14.24122,83.21818
98-1,1783318329.411238,2026-07-06T13:12:09.411238,5.08382,1.41704,7.20395,14.45000,42.77623,5.05004,1.38896,7.01429,14.12000,41.86541,0.00000,0.00000,0.00000,0.00000,0.00000,0.00000,0.00000,0.00000,0.00000,0.00000,14.21824,84.64164
98-1,1783318329.511354,2026-07-06T13:12:09.511354,5.07982,1.41704,7.19829,14.45000,43.49689,5.05319,1.40776,7.11366,14.31000,42.57760,0.00000,0.00000,0.00000,0.00000,0.00000,0.00000,0.00000,0.00000,0.00000,0.00000,14.31195,86.07449
98-1,1783318329.611469,2026-07-06T13:12:09.611469,5.08083,1.39848,7.10544,14.26000,44.20825,5.05328,1.40580,7.10392,14.29000,43.28881,0.00000,0.00000,0.00000,0.00000,0.00000,0.00000,0.00000,0.00000,0.00000,0.00000,14.20936,87.49706
98-1,1783318329.711585,2026-07-06T13:12:09.711585,5.08350,1.42289,7.23329,14.51000,44.93241,5.05350,1.40092,7.07955,14.24000,43.99758,0.00000,0.00000,0.00000,0.00000,0.00000,0.00000,0.00000,0.00000,0.00000,0.00000,14.31284,88.92999
98-1,1783318329.811702,2026-07-06T13:12:09.811702,5.08361,1.42094,7.22351,14.49000,45.65561,5.04950,1.40092,7.07395,14.24000,44.70581,0.00000,0.00000,0.00000,0.00000,0.00000,0.00000,0.00000,0.00000,0.00000,0.00000,14.29746,90.36142
98-1,1783318329.911817,2026-07-06T13:12:09.911817,5.08115,1.39262,7.07612,14.20000,46.36404,5.04661,1.37626,6.94547,13.99000,45.40115,0.00000,0.00000,0.00000,0.00000,0.00000,0.00000,0.00000,0.00000,0.00000,0.00000,14.02159,91.76519
98-1,1783318330.011936,2026-07-06T13:12:10.011936,5.08515,1.39262,7.08169,14.20000,47.07305,5.04501,1.41166,7.12186,14.35000,46.11418,0.00000,0.00000,0.00000,0.00000,0.00000,0.00000,0.00000,0.00000,0.00000,0.00000,14.20355,93.18723
98-1,1783318330.112054,2026-07-06T13:12:10.112054,5.08750,1.42289,7.23898,14.51000,47.79780,5.04945,1.40190,7.07882,14.25000,46.82290,0.00000,0.00000,0.00000,0.00000,0.00000,0.00000,0.00000,0.00000,0.00000,0.00000,14.31780,94.62070
98-1,1783318330.212172,2026-07-06T13:12:10.212172,5.08777,1.41801,7.21452,14.46000,48.52011,5.04945,1.40190,7.07882,14.25000,47.53162,0.00000,0.00000,0.00000,0.00000,0.00000,0.00000,0.00000,0.00000,0.00000,0.00000,14.29334,96.05173
98-1,1783318330.312290,2026-07-06T13:12:10.312290,5.08387,1.41606,7.19906,14.44000,49.24086,5.05013,1.38701,7.00455,14.10000,48.23290,0.00000,0.00000,0.00000,0.00000,0.00000,0.00000,0.00000,0.00000,0.00000,0.00000,14.20361,97.47377
99-1,1783318330.412381,2026-07-06T13:12:10.412381,5.07987,1.41606,7.19340,14.44000,0.71999,5.04991,1.39189,7.02890,14.15000,0.70353,0.00000,0.00000,0.00000,0.00000,0.00000,0.00000,0.00000,0.00000,0.00000,0.00000,14.22230,1.42352
99-1,1783318330.512446,2026-07-06T13:12:10.512446,5.09061,1.29252,6.57972,13.18000,1.37840,5.05026,1.38408,6.98994,14.07000,1.40298,0.00000,0.00000,0.00000,0.00000,0.00000,0.00000,0.00000,0.00000,0.00000,0.00000,13.56966,2.78137
99-1,1783318330.612565,2026-07-06T13:12:10.612565,5.08537,1.38871,7.06212,14.16000,2.08545,5.05026,1.38408,6.98994,14.07000,2.10280,0.00000,0.00000,0.00000,0.00000,0.00000,0.00000,0.00000,0.00000,0.00000,0.00000,14.05206,4.18825
99-1,1783318330.712684,2026-07-06T13:12:10.712684,5.10699,0.91897,4.69319,9.37000,2.55533,5.06011,1.51982,7.69047,15.45000,2.87277,0.00000,0.00000,0.00000,0.00000,0.00000,0.00000,0.00000,0.00000,0.00000,0.00000,12.38366,5.42809
99-1,1783318330.812802,2026-07-06T13:12:10.812802,5.08699,0.91897,4.67481,9.37000,3.02336,5.07098,1.27982,6.48996,13.01000,3.52253,0.00000,0.00000,0.00000,0.00000,0.00000,0.00000,0.00000,0.00000,0.00000,0.00000,11.16477,6.54589
99-1,1783318330.912868,2026-07-06T13:12:10.912868,5.08425,1.40922,7.16484,14.37000,3.74032,5.04701,1.36747,6.90165,13.90000,4.21315,0.00000,0.00000,0.00000,0.00000,0.00000,0.00000,0.00000,0.00000,0.00000,0.00000,14.06649,7.95347
99-1,1783318331.012987,2026-07-06T13:12:11.012987,5.08531,1.38969,7.06701,14.17000,4.44785,5.05101,1.36747,6.90712,13.90000,4.90468,0.00000,0.00000,0.00000,0.00000,0.00000,0.00000,0.00000,0.00000,0.00000,0.00000,13.97413,9.35253
99-1,1783318331.113105,2026-07-06T13:12:11.113105,5.08591,1.37870,7.01197,14.06000,5.14988,5.04666,1.37529,6.94060,13.98000,5.59956,0.00000,0.00000,0.00000,0.00000,0.00000,0.00000,0.00000,0.00000,0.00000,0.00000,13.95257,10.74944
99-1,1783318331.213224,2026-07-06T13:12:11.213224,5.08430,1.40825,7.15995,14.36000,5.86672,5.04710,1.36552,6.89192,13.88000,6.28957,0.00000,0.00000,0.00000,0.00000,0.00000,0.00000,0.00000,0.00000,0.00000,0.00000,14.05187,12.15629
99-1,1783318331.313340,2026-07-06T13:12:11.313340,5.08430,1.40825,7.15995,14.36000,6.58355,5.04670,1.37431,6.93573,13.97000,6.98395,0.00000,0.00000,0.00000,0.00000,0.00000,0.00000,0.00000,0.00000,0.00000,0.00000,14.09568,13.56750
99-1,1783318331.413458,2026-07-06T13:12:11.413458,5.08554,1.38554,7.04622,14.13000,7.28900,5.04670,1.37431,6.93573,13.97000,7.67834,0.00000,0.00000,0.00000,0.00000,0.00000,0.00000,0.00000,0.00000,0.00000,0.00000,13.98195,14.96734
99-1,1783318331.513576,2026-07-06T13:12:11.513576,5.08559,1.38456,7.04133,14.12000,7.99397,5.05079,1.37236,6.93148,13.95000,8.37231,0.00000,0.00000,0.00000,0.00000,0.00000,0.00000,0.00000,0.00000,0.00000,0.00000,13.97281,16.36628
99-1,1783318331.613694,2026-07-06T13:12:11.613694,5.08377,1.41801,7.20884,14.46000,8.71570,5.04932,1.40483,7.09343,14.28000,9.08249,0.00000,0.00000,0.00000,0.00000,0.00000,0.00000,0.00000,0.00000,0.00000,0.00000,14.30227,17.79819
99-1,1783318331.713812,2026-07-06T13:12:11.713812,5.08377,1.41801,7.20884,14.46000,9.43744,5.05052,1.37822,6.96071,14.01000,9.77938,0.00000,0.00000,0.00000,0.00000,0.00000,0.00000,0.00000,0.00000,0.00000,0.00000,14.16955,19.21682
99-1,1783318331.813932,2026-07-06T13:12:11.813932,5.08531,1.38969,7.06701,14.17000,10.14498,5.04652,1.37822,6.95520,14.01000,10.47573,0.00000,0.00000,0.00000,0.00000,0.00000,0.00000,0.00000,0.00000,0.00000,0.00000,14.02221,20.62072
99-1,1783318331.914047,2026-07-06T13:12:11.914047,5.08570,1.38261,7.03154,14.10000,10.84895,5.05426,1.38408,6.99548,14.07000,11.17609,0.00000,0.00000,0.00000,0.00000,0.00000,0.00000,0.00000,0.00000,0.00000,0.00000,14.02702,22.02504
99-1,1783318332.014165,2026-07-06T13:12:12.014165,5.08419,1.41020,7.16973,14.38000,11.56677,5.05439,1.38115,6.98085,14.04000,11.87500,0.00000,0.00000,0.00000,0.00000,0.00000,0.00000,0.00000,0.00000,0.00000,0.00000,14.15058,23.44177
99-1,1783318332.114283,2026-07-06T13:12:12.114283,5.08019,1.41020,7.16409,14.38000,12.28402,5.04657,1.37724,6.95033,14.00000,12.57085,0.00000,0.00000,0.00000,0.00000,0.00000,0.00000,0.00000,0.00000,0.00000,0.00000,14.11442,24.85487
99-1,1783318332.214401,2026-07-06T13:12:12.214401,5.08025,1.40922,7.15920,14.37000,13.00079,5.05457,1.37724,6.96135,14.00000,13.26780,0.00000,0.00000,0.00000,0.00000,0.00000,0.00000,0.00000,0.00000,0.00000,0.00000,14.12055,26.26859
99-1,1783318332.314519,2026-07-06T13:12:12.314519,5.08121,1.39164,7.07123,14.19000,13.70874,5.04558,1.39897,7.05861,14.22000,13.97450,0.00000,0.00000,0.00000,0.00000,0.00000,0.00000,0.00000,0.00000,0.00000,0.00000,14.12984,27.68324
99-1,1783318332.414634,2026-07-06T13:12:12.414634,5.07749,1.38652,7.04002,14.14000,14.41356,5.04635,1.38212,6.97467,14.05000,14.67277,0.00000,0.00000,0.00000,0.00000,0.00000,0.00000,0.00000,0.00000,0.00000,0.00000,14.01469,29.08633
99-1,1783318332.514750,2026-07-06T13:12:12.514750,5.08949,1.38652,7.05666,14.14000,15.12004,5.04644,1.38017,6.96493,14.03000,15.37007,0.00000,0.00000,0.00000,0.00000,0.00000,0.00000,0.00000,0.00000,0.00000,0.00000,14.02159,30.49012
99-1,1783318332.614866,2026-07-06T13:12:12.614866,5.08841,1.40629,7.15579,14.34000,15.83645,5.05426,1.38408,6.99548,14.07000,16.07043,0.00000,0.00000,0.00000,0.00000,0.00000,0.00000,0.00000,0.00000,0.00000,0.00000,14.15127,31.90688
99-1,1783318332.714981,2026-07-06T13:12:12.714981,5.08782,1.41704,7.20962,14.45000,16.55824,5.05026,1.38408,6.98994,14.07000,16.77023,0.00000,0.00000,0.00000,0.00000,0.00000,0.00000,0.00000,0.00000,0.00000,0.00000,14.19956,33.32847
99-1,1783318332.815096,2026-07-06T13:12:12.815096,5.08777,1.41801,7.21452,14.46000,17.28053,5.05314,1.40873,7.11854,14.32000,17.48290,0.00000,0.00000,0.00000,0.00000,0.00000,0.00000,0.00000,0.00000,0.00000,0.00000,14.33306,34.76343
99-1,1783318332.915211,2026-07-06T13:12:12.915211,5.08531,1.38969,7.06701,14.17000,17.98804,5.05457,1.37724,6.96135,14.00000,18.17984,0.00000,0.00000,0.00000,0.00000,0.00000,0.00000,0.00000,0.00000,0.00000,0.00000,14.02836,36.16788
99-1,1783318333.015326,2026-07-06T13:12:13.015326,5.07731,1.38969,7.05589,14.17000,18.69444,5.05039,1.38115,6.97533,14.04000,18.87817,0.00000,0.00000,0.00000,0.00000,0.00000,0.00000,0.00000,0.00000,0.00000,0.00000,14.03122,37.57261
99-1,1783318333.115447,2026-07-06T13:12:13.115447,5.07689,1.39750,7.09497,14.25000,19.40479,5.05439,1.38115,6.98085,14.04000,19.57710,0.00000,0.00000,0.00000,0.00000,0.00000,0.00000,0.00000,0.00000,0.00000,0.00000,14.07582,38.98189
99-1,1783318333.215514,2026-07-06T13:12:13.215514,5.07710,1.39360,7.07543,14.21000,20.11281,5.04604,1.38896,7.00874,14.12000,20.27844,0.00000,0.00000,0.00000,0.00000,0.00000,0.00000,0.00000,0.00000,0.00000,0.00000,14.08417,40.39125
99-1,1783318333.315581,2026-07-06T13:12:13.315581,5.08149,1.38652,7.04557,14.14000,20.81784,5.04532,1.40483,7.08781,14.28000,20.98770,0.00000,0.00000,0.00000,0.00000,0.00000,0.00000,0.00000,0.00000,0.00000,0.00000,14.13338,41.80554
99-1,1783318333.415649,2026-07-06T13:12:13.415649,5.08149,1.38652,7.04557,14.14000,21.52287,5.04545,1.40190,7.07321,14.25000,21.69550,0.00000,0.00000,0.00000,0.00000,0.00000,0.00000,0.00000,0.00000,0.00000,0.00000,14.11878,43.21837
99-1,1783318333.515716,2026-07-06T13:12:13.515716,5.08883,1.39848,7.11663,14.26000,22.23501,5.04945,1.40190,7.07882,14.25000,22.40386,0.00000,0.00000,0.00000,0.00000,0.00000,0.00000,0.00000,0.00000,0.00000,0.00000,14.19545,44.63887
99-1,1783318333.615834,2026-07-06T13:12:13.615834,5.08798,1.41411,7.19494,14.42000,22.95536,5.04639,1.38115,6.96980,14.04000,23.10166,0.00000,0.00000,0.00000,0.00000,0.00000,0.00000,0.00000,0.00000,0.00000,0.00000,14.16474,46.05701
99-1,1783318333.715900,2026-07-06T13:12:13.715900,5.08393,1.41508,7.19418,14.43000,23.67525,5.04648,1.37919,6.96007,14.02000,23.79812,0.00000,0.00000,0.00000,0.00000,0.00000,0.00000,0.00000,0.00000,0.00000,0.00000,14.15425,47.47337
99-1,1783318333.815966,2026-07-06T13:12:13.815966,5.07993,1.41508,7.18851,14.43000,24.39458,5.04644,1.38017,6.96493,14.03000,24.49508,0.00000,0.00000,0.00000,0.00000,0.00000,0.00000,0.00000,0.00000,0.00000,0.00000,14.15344,48.88966
99-1,1783318333.916033,2026-07-06T13:12:13.916033,5.08377,1.41801,7.20884,14.46000,25.11594,5.04644,1.38017,6.96493,14.03000,25.19204,0.00000,0.00000,0.00000,0.00000,0.00000,0.00000,0.00000,0.00000,0.00000,0.00000,14.17377,50.30798
99-1,1783318334.016152,2026-07-06T13:12:14.016152,5.07966,1.41997,7.21294,14.48000,25.83810,5.05057,1.37724,6.95584,14.00000,25.88845,0.00000,0.00000,0.00000,0.00000,0.00000,0.00000,0.00000,0.00000,0.00000,0.00000,14.16878,51.72655
99-1,1783318334.116271,2026-07-06T13:12:14.116271,5.07961,1.42094,7.21783,14.49000,26.56074,5.04954,1.39995,7.06908,14.23000,26.59620,0.00000,0.00000,0.00000,0.00000,0.00000,0.00000,0.00000,0.00000,0.00000,0.00000,14.28691,53.15694
