"row_number","attempt","question_number","instruction","input_text","reference_output","server_response","status","eval_tokens","prediction_tokens","total_tokens","eval_tokens_per_sec","eval_ms_per_token","prediction_tokens_per_sec","prediction_ms_per_token","eval_energy_j","prediction_energy_j","accumulated_energy_j","sent_at","eval_done_at","prediction_done_at","received_at"
"0","1","0","How can you use technology to improve your customer service?","","There are several ways technology can be used to improve customer service including the following: 1. Implementing Chatbots: Chatbots can help provide a faster more personalized service to your customers. Equipped with artificial intelligence and natural language processing algorithms chatbots can quickly respond to customer queries saving customers time and providing them with immediate assistance. 2. Using Social Media: Using social media platforms to interact with customers is an excellent way to improve customer service. By maintaining an active presence on social media companies can respond to messages and comments promptly providing customers with an additional convenient way to reach out for support. 3. Creating a customer-centered website: The company's website should be designed to provide customers with all the relevant information they need about products and services. Features like FAQs and tutorial videos can simplify the user experience and provide better customer service. 4. Collect feedback: Collecting and analyzing feedback can be a powerful tool for improving customer service. By using surveys feedback forms and other tools to gather customer feedback companies can identify areas in which their service needs improvement and take action to address customer concerns. 5. Personalization: By leveraging customer data companies can provide a personalized experience to their customers. An AI-powered customer relationship management tool can track customer interactions and provide product/service recommendations based on their past experiences. In summary technology can be used in various ways to improve customer service. By implementing chatbots using social media developing a customer-centered website collecting feedback and personalizing the experience companies can provide better more efficient service to their customers.","Using technology to improve customer service can significantly enhance the efficiency effectiveness and overall customer experience. Here are several ways to leverage technology for better customer service: --- ### 1. **Chatbots and Virtual Assistants** - **24/7 Support**: Provide instant responses to common customer queries. - **Self-Service Options**: Allow customers to look up information track orders or resolve issues on their own. - **Integration with Other Tools**: Connect with CRM systems ticketing systems and FAQs for seamless support. --- ### 2. **Customer Relationship Management (CRM) Systems** - **Centralized Data**: Store customer information interaction history and preferences in one place. - **Personalization**: Use data to tailor interactions and offers to individual customer needs. - **Efficient Follow-ups**: Automate follow-up tasks and track customer satisfaction. --- ### 3. **Ticketing and Help Desk Software** - **Automated Ticket Routing**: Direct customer inquiries to the right department or agent. - **Real-Time Updates**: Keep customers informed about the status of their requests. - **Agent Collaboration Tools**: Enable teams to work together more efficiently. --- ### 4. **Social Media Monitoring Tools** - **Sentiment Analysis**: Track customer","","23","256","279","19.917","50.209","8.183","122.210","8.80865","238.18882","246.99747","2026-07-07T20:03:57.157661","2026-07-07T20:03:58.312471","2026-07-07T20:04:29.598194","2026-07-07T20:04:29.599354"
"1","1","1","Sort the numbers 15 11 9 22.","","The sorted numbers in ascending order are: 9 11 15 22.","To sort the numbers **15 11 9 22** in ascending order: **Sorted list:** **9 11 15 22**.","","30","48","78","20.779","48.125","8.354","119.699","11.38565","43.33813","54.72378","2026-07-07T20:04:29.602274","2026-07-07T20:04:31.046023","2026-07-07T20:04:36.791567","2026-07-07T20:04:36.791865"
"2","1","2","Create a list of 8 questions to ask prospective online tutors.","","1. What is your experience and educational background in the subject(s) you tutor? 2. How do you assess and track the progress of your students? 3. How do you engage and motivate students during online sessions? 4. Can you provide references from past or current students or their parents? 5. What is your tutoring approach or teaching method? 6. How do you accommodate different learning styles and needs? 7. What scheduling options do you offer for online sessions and what is your policy for cancellations or rescheduling? 8. How do you use technology to enhance and facilitate the learning experience during online sessions?","Certainly! Here are 8 thoughtful questions to ask prospective online tutors to help you find the right fit for your learning needs: 1. **What subjects or skills do you specialize in and how do you stay updated on new teaching methods?** *This helps you assess their expertise and commitment to continuous learning.* 2. **Can you describe your teaching style and how you adapt it to different learning needs?** *Understanding their approach can give you insight into how they engage and support students.* 3. **How do you handle students who are struggling or not keeping up with the material?** *This reveals their patience problem-solving skills and support strategies.* 4. **What tools or platforms do you use for online tutoring and how do you ensure a smooth learning experience?** *It shows their technical proficiency and ability to create an effective virtual learning environment.* 5. **How do you assess progress and provide feedback to students?** *This demonstrates their ability to track improvement and offer constructive guidance.* 6. **Can you share an example of a time when you had to adjust your teaching method to better suit a student's needs?** *This provides a real-world example of their adaptability","","25","256","281","21.097","47.401","8.165","122.480","8.85372","239.53763","248.39135","2026-07-07T20:04:36.794359","2026-07-07T20:04:37.979386","2026-07-07T20:05:09.334358","2026-07-07T20:05:09.334775"
"3","1","3","Rewrite the given poem so that it rhymes","This world was far from perfect As the shadows have shown. The wickedness won’t relent As the risks have grown.","This world was far from ideal As the darkness did reveal. Wickedness refused to yield As dangers in the shadows peeled.","This world was far from perfect As the shadows have shown. The wickedness won’t relent As the risks have grown. The light grows dim and frail In a land of strife and pain. Yet hope still dares to rise Through every trial and gain.","","49","66","115","20.847","47.968","8.305","120.404","18.37536","60.29233","78.66768","2026-07-07T20:05:09.337585","2026-07-07T20:05:11.688003","2026-07-07T20:05:19.634683","2026-07-07T20:05:19.634983"
"4","1","4","Provide a realistic context for the following sentence.","She was frustrated and angry.","She was frustrated and angry after spending over an hour on hold with customer service only to be transferred multiple times without getting any resolution to her issue.","**Realistic Context:** She was frustrated and angry because her best friend had just broken up with her. The news had come unexpectedly and she hadn’t been given a chance to prepare. She had been counting on the relationship to last and now after months of planning a future together she felt betrayed and upset. Her friend had been supportive and kind but the sudden end left her feeling confused and hurt. She sat in her room staring at the wall trying to process the pain of the rejection and the loss of a relationship she thought was real.","","27","119","146","20.614","48.511","8.295","120.549","10.22964","112.00229","122.23193","2026-07-07T20:05:19.637475","2026-07-07T20:05:20.947283","2026-07-07T20:05:35.292607","2026-07-07T20:05:35.292969"
"5","1","5","Change the text so that it follows the humorous tone. John and Amy bought a new car.","","Well well well look at John and Amy rolling in dough and cruising through the town in their brand spanking new car! Next thing you know they'll be waving at the peasants from their shiny chariot.","John and Amy bought a new car—specifically a car that looked like it had been through a few near-death experiences but was still determined to make it to the dealership. It was the kind of car that could have been a trophy for a dog race but instead it was a trophy for a bad life decision.","","31","71","102","21.373","46.789","8.332","120.020","11.56190","66.68830","78.25020","2026-07-07T20:05:35.295415","2026-07-07T20:05:36.745871","2026-07-07T20:05:45.267283","2026-07-07T20:05:45.267621"
"6","1","6","List ten scientific names of animals.","","1. Panthera pardus - Leopard 2. Loxodonta africana - African Elephant 3. Gorilla gorilla - Western Gorilla 4. Balaenoptera musculus - Blue Whale 5. Canis lupus - Grey Wolf 6. Felis catus - Domestic cat 7. Dermochelys coriacea - Leatherback Sea Turtle 8. Struthio camelus - Ostrich 9. Ursus maritimus - Polar Bear 10. Oryctolagus cuniculus - European Rabbit.","Sure! Here are ten scientific names of animals: 1. **Panthera leo** – Lion 2. **Canis lupus** – Gray Wolf 3. **Homo sapiens** – Human 4. **Elephas maximus** – Asian Elephant 5. **Bos taurus** – Domestic Cow 6. **Gallus gallus domesticus** – Domestic Chicken 7. **Mus musculus** – House Mouse 8. **Felis catus** – Domestic Cat 9. **Panthera tigris** – Tiger 10. **Cervus elaphus** – Wild Boar (Note: The scientific name for wild boar is *Sus scrofa* but *Cervus elaphus* is for deer. Here *Sus scrofa* is a more accurate example.) Let me know if you'd like more examples or explanations!","","19","194","213","20.596","48.552","8.225","121.584","7.09667","184.61018","191.70685","2026-07-07T20:05:45.269962","2026-07-07T20:05:46.192453","2026-07-07T20:06:09.779726","2026-07-07T20:06:09.780091"
"7","1","7","Given a list of items indicate which items are difficult to recycle.","Cans Plastic bags Glass bottles","Plastic bags are difficult to recycle.","From the list provided: - **Cans**: These are **easy to recycle**. Aluminum and steel cans are commonly recycled and processed into new products. - **Plastic bags**: These are **difficult to recycle**. Most plastic bags are not accepted by standard curbside recycling programs and often end up in landfills or incinerators because they are not efficiently processed by recycling facilities. - **Glass bottles**: These are **easy to recycle**. Glass is 100% recyclable and often recycled into new glass products. **Answer:** The item that is **difficult to recycle** is **Plastic bags**.","","34","135","169","20.044","49.891","8.264","121.003","12.79121","128.92250","141.71371","2026-07-07T20:06:09.782642","2026-07-07T20:06:11.478929","2026-07-07T20:06:27.814346","2026-07-07T20:06:27.814679"
"8","1","8","Identify a stylistic device used by the author in the following sentence.","The cold breeze chills my bones.","The author has used personification in the sentence The cold breeze chills my bones. Personification is a figure of speech in which a non-human subject is given human characteristics. In this case the non-human subject is the cold breeze which is given the human characteristic of being able to chill someone's bones.","The stylistic device used in the sentence ** The cold breeze chills my bones ** is **imagery**. **Explanation:** Imagery is the use of vivid sensory descriptions to create mental pictures or sensory experiences. In this sentence the author uses sensory language ( cold breeze chills my bones ) to evoke a clear image of a cold biting wind that has a physical chilling effect. This helps the reader visualize and feel the scene more intensely.","","35","102","137","20.419","48.974","8.299","120.495","13.85747","95.87142","109.72889","2026-07-07T20:06:27.817070","2026-07-07T20:06:29.531147","2026-07-07T20:06:41.821645","2026-07-07T20:06:41.821943"
"9","1","9","Determine the product of 3x + 5y","x = 2 y = 3","To determine the product of 3x + 5y when x = 2 and y = 3 we need to substitute the values of x and y into the expression 3x + 5y. Plugging in the value of x = 2 and y = 3 we have: 3x + 5y = 3(2) + 5(3) = 6 + 15 = 21 Therefore the product of 3x + 5y when x = 2 and y = 3 is 21.","We are asked to find the **product of** $ 3x + 5y $ given: - $ x = 2 $ - $ y = 3 $ ### Step 1: Substitute the values into the expression $$ 3x + 5y = 3(2) + 5(3) $$ ### Step 2: Perform the multiplication $$ 3(2) = 6 \\ 5(3) = 15 $$ ### Step 3: Add the results $$ 6 + 15 = 21 $$ ### Final Answer: $$ \boxed{21} $$","","34","140","174","20.040","49.899","8.258","121.094","12.74270","133.72911","146.47181","2026-07-07T20:06:41.824372","2026-07-07T20:06:43.520952","2026-07-07T20:07:00.474163","2026-07-07T20:07:00.474489"
"10","1","10","Generate a title for the article given the following text.","Scientists have found a new species of plant living in the high mountains of South America.","- Discovery of new plant species on South America's high mountains announced by scientists","**Title:** Discovery of a New Plant Species in the High Mountains of South America","","40","22","62","20.437","48.931","8.360","119.621","15.35060","20.48479","35.83538","2026-07-07T20:07:00.476978","2026-07-07T20:07:02.434199","2026-07-07T20:07:05.065869","2026-07-07T20:07:05.066119"
"11","1","11","Create a small animation to represent a task.","Ticket Booking","I'm an AI language model so I do not have the ability to create animations. However I can describe an animation that could represent a ticket booking task: 1. The animated scene opens up on a calendar marked with a particular date. 2. An icon of a train moves across the screen and stops at the marked date. 3. The users hand moves about the screen selecting various options such as the place of departure destination and the class of seat. 4. The user taps on the icon of a train. 5. A series of train seats appear on the screen the user again moves about the screen selecting a seat. 6. A ticket stamped with the date seat number departure and destination details appear on the screen and the animation ends.","Sure! Here's a simple **HTML + CSS + JavaScript** animation that represents a **ticket booking process**. It's a small interactive animation that simulates the booking of a ticket from selecting a seat to confirming the booking. You can copy and paste this into an `.html` file and open it in your browser: ```html <!DOCTYPE html> <html lang= en > <head> <meta charset= UTF-8 > <meta name= viewport content= width=device-width initial-scale=1.0 > <title>Ticket Booking Animation</title> <style> body { font-family: Arial sans-serif background: #f0f0f0 text-align: center padding: 50px } h1 { color: #333 } .seat { width: 50px height: 50px background-color: #ccc border: 1px solid #999 margin: 5px display: inline-block position: relative cursor: pointer } .seat.selected { background-color: #0","","23","252","275","19.958","50.104","8.046","124.286","8.71226","246.38754","255.09980","2026-07-07T20:07:05.068384","2026-07-07T20:07:06.220777","2026-07-07T20:07:37.540962","2026-07-07T20:07:37.541323"
"12","1","12","Generate a deeper understanding of the idiom bringing home the bacon .","","The idiom bringing home the bacon is a colloquial expression which has its origins in the early 20th century. This phrase alludes to the idea of providing for one’s family or household by earning a steady income usually in the form of wages or salary in order to put food on the table or to fulfill the financial needs of the family. Often the expression is used to describe someone who is the primary breadwinner of the family the one who brings in the most financial resources thereby bringing home the bacon . The idiom has its origins in the rural setting where pig farming was a prominent source of livelihood. Bacon was and still is considered a staple food in many households and bringing a steady supply of it meant that the family was sufficiently provided for. In contemporary usage however the phrase has lost its direct reference to meat and has come to symbolize the act of providing for one's family through their earnings. In summary “bringing home the bacon” means to earn a living for one’s family while providing them with the necessities and comforts of life.","The idiom ** bringing home the bacon ** is a common expression in American English that refers to **earning a living** **providing for one's family** or **being the source of income** in a household. While the literal meaning is simple—bacon is a food item—the phrase carries a rich cultural and historical context that adds depth to its meaning. --- ### **Literal Meaning:** - ** Bringing home the bacon ** literally means to bring a piece of bacon (a food item) home from the market or a store. In a more figurative sense it means **to bring home the money** or **to be the one who provides for the family**. --- ### **Figurative Meaning:** - **Earning a living:** The person is the primary earner of the household income. - **Providing for family:** The individual is responsible for bringing in the money to support their family. - **Being the breadwinner:** In many contexts bringing home the bacon is synonymous with being the **breadwinner** of the household the person who is primarily responsible for earning money to support the family. --- ### **Historical and Cultural Context:** - The phrase likely originated in","","26","256","282","20.231","49.428","8.170","122.403","9.54126","246.80335","256.34461","2026-07-07T20:07:37.543748","2026-07-07T20:07:38.828874","2026-07-07T20:08:10.164092","2026-07-07T20:08:10.164492"
"13","1","13","Identify and correct the subject verb agreement error in the sentence.","The box of tools are in the garage.","The sentence should be corrected to: The box of tools is in the garage.","The sentence The box of tools are in the garage has a **subject-verb agreement error**. ### Error: - **Subject:** The box of tools (a singular noun phrase) - **Verb:** are (plural verb) ### Correction: The subject The box of tools is **singular** (it refers to one box) so the verb should be ** is **. ### Corrected Sentence: **The box of tools is in the garage.** ### Explanation: - Box is a singular noun so is is the correct verb. - Even though tools is plural the subject of the sentence is the box not the tools.","","34","150","184","20.032","49.919","8.246","121.274","13.18216","143.26796","156.45012","2026-07-07T20:08:10.167099","2026-07-07T20:08:11.864345","2026-07-07T20:08:30.055385","2026-07-07T20:08:30.055757"
"14","1","14","Write a design document to describe a mobile game idea.","Game Idea: A battle royale game with a superhero and villain theme.","__Overview__ The game will be a multiplayer battle royale game where players can choose to play as superheroes or villains. The game will be set in an urban landscape and during the battle the players will need to fight to be the last one standing. __Gameplay__ The game begins with the players selecting their characters. There will be a selection of superheroes and villains to choose from each with its own unique abilities and powers. Once the players have chosen their characters they will be transported to an urban landscape that will serve as the battlefield. The objective of the game is to eliminate all other players and be the last one standing. The players' powers and abilities can be used to attack defend or move around the battlefield. The urban landscape will have plenty of hiding spots vantage points and areas with power-ups that will aid the players in the battle. As the battle progresses the playable area will shrink forcing players to move to a smaller area and increase the likelihood of encountering other players. The game will end when only one player is left standing. __Monetisation__ The game will be a free-to-play title with in-app purchases. These purchases can be used to buy new characters skins or power-ups. The game will also feature advertisements between rounds. __Target Audience__ The target audience for this game is teenagers and young adults who are fans of superhero and/or villain lore. The game will appeal to those who enjoy action-packed games with a competitive edge. __Design__ The game will feature colorful 3D graphics and will have a lively and action-packed soundtrack that will match the fast-paced gameplay. The controls will be intuitive with players able to move attack and activate their abilities through simple gestures. __Conclusion__ In conclusion this battle royale game with a superhero and villain theme promises to be an action-packed adrenaline-pumping experience for players. With a wide selection of characters to choose from and a dynamic urban battlefield the game will keep players engaged and entertained for hours on end.","**Design Document: Super Clash: Battle Royale ** --- **1. Title** **Super Clash: Battle Royale** **2. Genre** Battle Royale / Action / Hero/Villain **3. Platform** Mobile (iOS and Android) **4. Target Audience** - Age: 15–35 years - Interests: Action superhero battle royale competitive gaming - Platform: Mobile (both iOS and Android) - Player base: Casual to competitive players **5. Overview** **Super Clash: Battle Royale** is a 10v10 battle royale game where players control either a superhero or a villain. The game takes place in a dynamic destructible battlefield that evolves as players fight to be the last one standing. The game combines fast-paced combat hero abilities and strategic team play. --- **6. Core Mechanics** - **Battle Royale Format**: 10 players start on a map with the last player (or team) standing winning. - **Hero/Villain Classes**: Players choose from a roster of superheroes and villains each with unique abilities weapons and playstyles. - **Dynamic Map**: The map changes as the","","38","256","294","20.417","48.979","8.137","122.891","14.60169","247.16391","261.76560","2026-07-07T20:08:30.058226","2026-07-07T20:08:31.919427","2026-07-07T20:09:03.379621","2026-07-07T20:09:03.380021"
"15","1","15","Infer the meaning of the phrase “you’re going over the top with that.”","","The phrase “you’re going over the top with that” typically means that someone is behaving in an excessive or exaggerated manner. They may be putting too much effort or emotion into something or taking an approach that is considered extreme. The phrase can also imply that the actions being taken are unnecessary or unwarranted.","The phrase **“you’re going over the top with that”** means that someone is **exaggerating** **overdoing it** or **being overly dramatic** in their behavior expression or actions. It suggests that the person is **going beyond what is necessary or appropriate** often in a way that is **unrealistic** or **excessive**. ### Breakdown: - **Going over the top**: To go beyond the normal or reasonable limit. - **With that**: Referring to a particular action statement or behavior. ### Example: If someone says “I’m so excited I could scream ” and you respond “You’re going over the top with that ” it means you think their excitement is **excessive** or **unrealistic**. ### In Context: - **Used to criticize** someone for being too dramatic overly emotional or overly enthusiastic. - **Can also be used humorously** to indicate that someone is being overly dramatic or exaggerated. ### Summary: The phrase means **someone is being overly dramatic exaggerated or excessive in their behavior or expression**.","","29","231","260","20.438","48.929","8.159","122.567","11.41956","222.64644","234.06600","2026-07-07T20:09:03.382730","2026-07-07T20:09:04.801657","2026-07-07T20:09:33.114581","2026-07-07T20:09:33.115014"
"16","1","16","Name two players from the Chiefs team?","","Two players from the Kansas City Chiefs team are Patrick Mahomes and Tyreek Hill.","Sure! Two players from the Kansas City Chiefs team are **Patrick Mahomes** (quarterback) and **Andrew Luck** (wide receiver).","","20","33","53","19.611","50.992","8.385","119.260","8.13478","30.58174","38.71652","2026-07-07T20:09:33.117290","2026-07-07T20:09:34.137135","2026-07-07T20:09:38.072723","2026-07-07T20:09:38.072988"
"17","1","17","Identify the chemical reaction type for the following equation.","Al + O2 → Al2O3","The chemical reaction type for the given equation Al + O2 → Al2O3 is a synthesis reaction or a direct combination reaction. In this reaction two or more substances Aluminum and Oxygen react to form a single product Aluminum oxide.","The chemical reaction: **Al + O₂ → Al₂O₃** is a **synthesis reaction**. ### Explanation: A **synthesis reaction** is when two or more substances combine to form a single new substance. The general form is: **A + B → AB** In this case: - **Al (aluminum)** reacts with **O₂ (oxygen gas)** to form **Al₂O₃ (aluminum oxide)**. This is a classic example of a synthesis reaction where elements combine to form a compound. ### Additional Note: This reaction is also an example of a **redox reaction** because there is a transfer of electrons (aluminum is oxidized and oxygen is reduced). However the **type of reaction** is **synthesis**.","","32","164","196","20.580","48.591","8.132","122.977","12.18292","158.73004","170.91296","2026-07-07T20:09:38.075163","2026-07-07T20:09:39.630086","2026-07-07T20:09:59.798391","2026-07-07T20:09:59.798745"
"18","1","18","Generate a phrase using these words","love summer","Summer is the season of love and sunshine.","Love in the heart of summer.","","22","11","33","20.877","47.899","8.392","119.160","8.15523","10.26021","18.41543","2026-07-07T20:09:59.801010","2026-07-07T20:10:00.854796","2026-07-07T20:10:02.165561","2026-07-07T20:10:02.165833"
"19","1","19","Split the following sentence into two separate sentences.","He said hello and waved goodbye.","He said hello. He waved goodbye.","He said hello. He waved goodbye.","","28","12","40","21.225","47.113","8.391","119.172","10.58074","10.95513","21.53587","2026-07-07T20:10:02.168103","2026-07-07T20:10:03.487272","2026-07-07T20:10:04.917341","2026-07-07T20:10:04.917578"
"20","1","20","Generate a list of 10 items one would need to prepare a simple sandwich","","Here is a list of 10 items one would need to prepare a simple sandwich: 1. Sliced bread - Both white and whole wheat are fantastic options for a sandwich. 2. Spread - There are many sandwich spreads to choose from including mayonnaise mustard or butter. 3. Protein filling - Choose what you like best or whatever you have on hand like chicken ham turkey or tuna. 4. Lettuce - Fresh leaves of lettuce add a crunch to your sandwich and are a great source of fiber. 5. Tomato - Slice it and layer it in they add flavor and moisture to the sandwich. 6. Cheese - Slices of cheese like swiss cheddar or mozzarella add an extra level of taste and richness. 7. Onion - Thinly sliced red onion adds a sweet and slightly spicy flavor to the mix. 8. Cucumber - Thinly sliced cucumber is crisp refreshing and low in calories. 9. Salt and pepper - A little seasoning brings out the flavor of all the other ingredients. 10. A knife - You will need a knife to spread condiments slice vegetables and cut your sandwich in half if preferred.","Sure! Here's a list of 10 essential items you'd need to prepare a simple sandwich: 1. Bread (white whole wheat or sourdough) 2. Cheese (cheddar swiss or any favorite type) 3. Lettuce 4. Tomato 5. Mayonnaise or mustard (optional) 6. Pickles (optional) 7. Condiments (like ketchup hot sauce or relish) 8. Sliced meat (turkey ham or beef) 9. Cooking utensils (knife cutting board plate) 10. Plate or sandwich tray Let me know if you'd like a version with specific ingredients or dietary preferences!","","28","155","183","21.233","47.096","8.242","121.323","10.48342","147.81608","158.29950","2026-07-07T20:10:04.919722","2026-07-07T20:10:06.238413","2026-07-07T20:10:25.043544","2026-07-07T20:10:25.044045"
"21","1","21","Create a list of website ideas that can help busy people.","","1. Virtual Assistant Services: A website that provides virtual assistance services to busy individuals to assist them with their daily tasks and commitments. 2. Online Grocery Delivery: A website that specializes in delivering groceries right to the doorstep saving busy people the time and effort of going to the grocery store. 3. Appointment Scheduling: A website that provides an easy and efficient way to schedule appointments book reservations and manage a busy calendar. 4. On-Demand Cleaning Services: A website that offers on-demand cleaning services making it easier for busy individuals to keep their homes tidy without sacrificing their time. 5. Personal Concierge: A website that provides personal concierge services for busy people such as booking travel arrangements conducting research or running errands. 6. Virtual Nutritionist: A website that provides personalized nutrition plans and meal recommendations for busy individuals who want to eat healthily but don't have the time to plan their meals. 7.Task Management: A website that helps busy people manage and organize their tasks and responsibilities prioritizing them and ensuring nothing falls through the cracks. 8. Virtual Fitness trainer: A website that provides personalized virtual fitness training for busy people who don't have the time to hit the gym. 9. Virtual Therapy: A website that offers virtual therapy and mental health services providing a convenient and accessible way for busy individuals to prioritize their mental health and well-being. 10. On-demand Child-care Services: A website that provides on-demand childcare services to help busy parents find reliable and trustworthy caregivers for their children when they need an extra hand.","Certainly! Here's a list of **website ideas** that can help **busy people** in various aspects of life from time management to productivity health and personal development. --- ### 🎯 **Website Ideas for Busy People** #### 1. **Productivity & Time Management Tools** - **TaskMaster Pro** – A task management app with AI-powered scheduling and prioritization. - **FocusFlow** – A digital workspace that helps users manage tasks meetings and deadlines in one place. - **MindShift** – A mental health and focus app for busy professionals. #### 2. **Personal Development & Learning** - **SkillSprint** – A platform for quick bite-sized learning modules on skills like public speaking coding and leadership. - **QuickLearn** – A microlearning platform for busy professionals to learn new skills in 15-minute sessions. - **MindGrowth** – A digital coaching platform with weekly challenges and progress tracking. #### 3. **Health & Wellness** - **WellnessWise** – A health tracking app that helps busy people manage diet sleep and exercise routines. - **FitFork** – A meal planning app that suggests healthy quick recipes based on your schedule","","24","255","279","20.331","49.187","8.132","122.964","8.95907","247.11013","256.06920","2026-07-07T20:10:25.046481","2026-07-07T20:10:26.226967","2026-07-07T20:10:57.582839","2026-07-07T20:10:57.583411"
"22","1","22","Write a general overview of quantum computing","","Quantum computing is a relatively new and rapidly evolving field that seeks to harness the principles of quantum mechanics to perform operations on data in ways that classical computers cannot. At its core a quantum computer uses qubits (quantum bits) rather than the traditional bits of classical computing. A qubit is a unit of quantum information that can exist in both a 0 and 1 state simultaneously due to the quantum phenomenon known as superposition. This ability to occupy multiple states at once allows qubits to perform multiple calculations simultaneously potentially allowing quantum computers to solve certain problems much faster than their classical counterparts. For certain tasks such as factoring large numbers quantum computers can offer significant advantages in speed and efficiency. Quantum mechanics also allows for another powerful capability called entanglement which is a kind of correlation between separated particles that allows them to behave as one system even when separated by large distances. This property can be leveraged to create quantum algorithms that are more efficient than classical algorithms for specific types of problems such as optimization or machine learning. The field of quantum computing is still in its early stages and both theoretical and practical challenges remain. However as technology improves quantum computers are expected to have major implications for fields such as cryptography chemistry and artificial intelligence among others.","Quantum computing is a rapidly evolving field that leverages the principles of quantum mechanics to perform computations that are infeasible for classical computers. Unlike traditional computers which use bits to represent information as 0s and 1s quantum computers use quantum bits or qubits which can exist in a superposition of states. This allows quantum computers to process vast amounts of information simultaneously making them particularly powerful for certain types of problems. ### Core Principles of Quantum Computing 1. **Superposition**: A qubit can be in a state of 0 1 or both at the same time. This allows quantum computers to perform many calculations at once exponentially increasing their computational power for specific tasks. 2. **Entanglement**: Quantum bits can be entangled meaning the state of one qubit is directly related to the state of another no matter the distance between them. This enables quantum computers to process information in ways that are not possible with classical systems. 3. **Quantum Interference**: Quantum algorithms use interference to amplify correct answers and cancel out incorrect ones leading to more efficient problem-solving. ### Applications of Quantum Computing Quantum computing has the potential to revolutionize various fields: - **Cryptography**: Quantum computers","","19","256","275","20.550","48.661","8.183","122.203","7.10001","245.55948","252.65949","2026-07-07T20:10:57.585987","2026-07-07T20:10:58.510546","2026-07-07T20:11:29.794549","2026-07-07T20:11:29.795058"
"23","1","23","State the possible outcomes of a six-sided dice roll.","","The possible outcomes of rolling a six-sided dice are: 1 2 3 4 5 and 6. Each number has an equal probability of being rolled which is 1/6.","The possible outcomes of a six-sided dice roll are: **1 2 3 4 5 6** Each outcome is equally likely assuming the dice is fair.","","23","45","68","19.919","50.203","8.365","119.547","8.78887","42.43234","51.22121","2026-07-07T20:11:29.797674","2026-07-07T20:11:30.952339","2026-07-07T20:11:36.331932","2026-07-07T20:11:36.332301"
"24","1","24","Rearrange the following words to make a meaningful sentence: the / project / was / but / on / successful / challenging.","","The project was challenging but successful.","Sure! Let's rearrange the words to form a meaningful sentence. The words given are: **the / project / was / but / on / successful / challenging** One possible meaningful sentence is: ** The project was but on a successful and challenging endeavor. ** However that doesn't sound natural. Let's try a more natural arrangement. A better and more meaningful sentence would be: ** The project was successful but challenging. ** This sentence uses all the words and makes sense. - The project is the subject. - was successful describes the project. - but challenging adds a contrast indicating that while it was successful it also had challenges. So the correct rearranged sentence is: ** The project was successful but challenging. **","","38","168","206","20.400","49.020","8.216","121.715","14.64604","160.66131","175.30735","2026-07-07T20:11:36.334619","2026-07-07T20:11:38.197367","2026-07-07T20:11:58.645413","2026-07-07T20:11:58.645769"
"25","1","25","Create a quiz that asks about the first Thanksgiving.","","H Welcome to the Thanksgiving Quiz! Are you ready to test your knowledge about the first Thanksgiving? Let's begin! 1) In what year was the first Thanksgiving celebration held? a) 1512 b) 1621 c) 1700 d) 1776 2) The pilgrims celebrated the first Thanksgiving with which Native American tribe? a) Cherokee b) Sioux c) Wampanoag d) Navajo 3) Why did the pilgrims celebrate the first Thanksgiving? a) To celebrate their arrival in America b) To give thanks for a successful harvest c) To mark the end of a war d) To celebrate a wedding 4) What was the main dish served at the first Thanksgiving? a) Turkey b) Beef c) Venison d) Ham 5) How long did the first Thanksgiving celebration last? a) 1 day b) 3 days c) 1 week d) 2 weeks 6) True or False: The first Thanksgiving was actually called Thanksgiving by the pilgrims. 7) Which of these foods were NOT served at the first Thanksgiving? a) Pumpkins b) Potatoes c) Corn d) Cranberries 8) True or False: The first Thanksgiving was a religious event. 9) Who organized the first Thanksgiving feast? a) William Bradford b) John Smith c) Christopher Columbus d) George Washington 10) How many people attended the first Thanksgiving? a) 50 b) 90 c) 120 d) 140 Answers: 1) b) 1621 2) c) Wampanoag 3) b) To give thanks for a successful harvest 4) c) Venison 5) b) 3 days 6) False 7)b) Potatoes 8)False 9) a) William Bradford 10) b) 90 Congratulations for finishing the quiz! How many questions did you answer correctly?","**Quiz: The First Thanksgiving** **Instructions:** Answer the following questions about the first Thanksgiving. Choose the correct answer for each question. --- **1. What event in 1621 is commonly known as the first Thanksgiving?** A) The Pilgrims' arrival in America B) The Pilgrims' first harvest celebration C) The signing of the Mayflower Compact D) The Pilgrims' battle with the Wampanoag **Correct Answer:** B) The Pilgrims' first harvest celebration --- **2. Who were the Pilgrims?** A) English settlers who arrived in America in 1620 B) Native American tribes who lived in the area C) French explorers who settled in the New World D) Spanish colonists who established the first colonies **Correct Answer:** A) English settlers who arrived in America in 1620 --- **3. What Native American tribe helped the Pilgrims survive their first winter?** A) Iroquois B) Wampanoag C) Mohawk D) Huron **Correct Answer:** B) Wampanoag ---","","22","256","278","20.829","48.011","8.174","122.345","8.05480","246.17217","254.22697","2026-07-07T20:11:58.648027","2026-07-07T20:11:59.704271","2026-07-07T20:12:31.024692","2026-07-07T20:12:31.025175"
"26","1","26","Given a quotation present an argument as to why it is relevant today.","Everybody is a genius. But if you judge a fish by its ability to climb a tree it will live its whole life believing that it is stupid. – Albert Einstein","The quotation by Albert Einstein is as relevant today as it was when he first spoke these words. The quote reminds us of the importance of recognizing the value of diverse talents skills and abilities. In today's society there is a lot of pressure to conform to certain standards and benchmarks of success which often involves excelling in traditional academic subjects and pursuing certain career paths. However Einstein's words remind us that everyone has their own unique strengths and abilities and judging someone by a narrow set of criteria is unfair and can lead to feelings of inadequacy and low self-esteem. This is especially relevant in the context of education where standardized testing and cookie-cutter curriculums often fail to account for the diverse range of abilities and learning styles among students. The quote also speaks to the importance of celebrating diversity and individuality rather than trying to fit everyone into the same mold. By recognizing and nurturing the unique talents and abilities of each person we can create a more inclusive and equitable society where everyone has the opportunity to reach their full potential.","The quotation by Albert Einstein — Everybody is a genius. But if you judge a fish by its ability to climb a tree it will live its whole life believing that it is stupid — is profoundly relevant today especially in the context of education workplace diversity and societal expectations. First in education the idea that everyone has potential is central to modern pedagogy. The notion that students are geniuses in their own right but are often measured against rigid one-size-fits-all standards is a critical issue. The quote highlights the danger of using a single metric to evaluate all individuals. Just as a fish is not meant to climb a tree students are not all meant to excel in the same areas. The pressure to conform to a narrow definition of intelligence can lead to disengagement low self-esteem and a failure to recognize diverse forms of intelligence. Second in the workplace the quote underscores the importance of recognizing different strengths and roles. Just as a fish is not designed to climb trees people have different natural abilities and career paths. When employers and managers use a single standard (like IQ tests or academic performance) to judge all employees they may overlook the unique contributions of each person. This can","","62","256","318","21.299","46.950","8.082","123.732","23.36719","248.68496","272.05215","2026-07-07T20:12:31.028008","2026-07-07T20:12:33.938898","2026-07-07T20:13:05.614278","2026-07-07T20:13:05.614734"
"27","1","27","You are given an article about a new scientific discovery. Provide three potential implications of the discovery.","In a groundbreaking discovery researchers have successfully generated electricity from a material that mimics the way plants produce energy through photosynthesis. The material a synthetic polymer can absorb sunlight and produce electrical current with remarkable efficiency. This discovery has the potential to revolutionize the renewable energy landscape.","1. Reduction in the use of fossil fuels: If the synthetic material can be commercialized it could contribute to a shift away from fossil fuels reducing greenhouse gas emissions.\n2. Development of new technology: The discovery could pave the way for the development of new solar energy technologies such as flexible and portable solar panels.\n3. Widespread implementation of renewable energy: Given the potential efficiency of the new material more people and businesses may embrace renewable energy sources helping to combat climate change.","1. **Sustainable Energy Production**: The discovery could lead to the development of highly efficient low-cost solar materials that can generate electricity more effectively than traditional solar panels making renewable energy more accessible and affordable for a wide range of applications. 2. **Decentralized Power Generation**: The synthetic polymer could enable the creation of small flexible and lightweight energy-harvesting devices that can be integrated into everyday objects buildings or even clothing potentially leading to a decentralized and widespread energy generation system. 3. **Advancements in Bio-inspired Technology**: This breakthrough could inspire further research into bio-inspired materials and systems opening new avenues in energy technology environmental science and materials engineering and potentially leading to other innovations modeled after natural processes.","","87","154","241","21.249","47.060","8.119","123.171","32.38384","149.46255","181.84638","2026-07-07T20:13:05.617821","2026-07-07T20:13:09.712054","2026-07-07T20:13:28.680410","2026-07-07T20:13:28.680757"
"28","1","28","Answer the given open-ended question.","What is the most common emotion people feel when they lose a loved one?","The most common emotion people feel when they lose a loved one is grief. Grief is a natural response to loss and it involves a range of feelings from sadness and disbelief to anger guilt and loneliness. The grieving process is different for everyone and it can take time for people to come to terms with their loss and begin to heal.","When people lose a loved one the most common emotion they experience is **grief**. Grief is a complex and multifaceted emotional response to loss and it can include a wide range of feelings such as sadness anger guilt confusion and even numbness. Grief is not just a single emotion but a process that can involve multiple emotions. It is often described as a deep sense of sorrow and loss accompanied by a struggle to come to terms with the reality of the loss. The intensity and duration of grief can vary from person to person depending on factors such as the relationship with the deceased the circumstances of the loss and the individual's personal history and coping mechanisms. In many cases people may also experience **sadness** as the most immediate and prevalent emotion. However it is important to recognize that grief is not a linear process and can involve cycles of emotional ups and downs. Additionally some people may feel **anger** or **frustration** at the situation while others may feel **disbelief** or **numbness** in the initial stages. Ultimately the experience of losing a loved one is deeply personal and the emotions involved can be as varied as the individuals who go through such","","34","256","290","19.845","50.390","8.119","123.170","13.58300","246.97234","260.55534","2026-07-07T20:13:28.683256","2026-07-07T20:13:30.396528","2026-07-07T20:14:01.927993","2026-07-07T20:14:01.928387"
"29","1","29","Construct a compound word using the following two words:","Computer science","The compound word constructed from the words computer and science is: Computer science","A compound word formed from computer and science is ** computerscience **. This is often written as one word ** computerscience ** though it is more commonly seen as ** computer science ** as a compound noun.","","25","61","86","20.860","47.939","8.317","120.233","8.64510","57.80999","66.45509","2026-07-07T20:14:01.930758","2026-07-07T20:14:03.129228","2026-07-07T20:14:10.463420","2026-07-07T20:14:10.463722"
"30","1","30","Create a poetic metaphor that compares the provided person to an object or concept.","A runner","A runner is like a flame Fueled by the fire in their heart Racing with passion flickering with grace A force that cannot be easily extinguished Motion in its purest form A light that guides the way.","A runner is a flame in the dark igniting the path with every step blazing through the silence unfazed by the wind’s whisper and the cold’s grip. They are not just motion but a spark— a heartbeat in the night carrying the light of purpose through the longest of shadows.","","29","76","105","20.225","49.445","8.301","120.463","11.52759","71.18077","82.70836","2026-07-07T20:14:10.466043","2026-07-07T20:14:11.899936","2026-07-07T20:14:21.055149","2026-07-07T20:14:21.055490"
"31","1","31","List the advantages of eating a plant-based diet for athletes.","","1. Improved Heart Health: A plant-based diet has been shown to decrease the risk of heart disease and other cardiovascular issues making it an excellent choice for athletes who need to keep their heart in top condition. 2. Enhanced Recovery Time: The anti-inflammatory properties of plant foods can help speed up recovery time post-workout by reducing inflammation and muscle soreness. 3. Increased Energy: Many plant foods contain complex carbohydrates that provide sustained energy making it easier to train harder for longer. 4. Healthy Weight Maintenance: Plant-based diets are usually high in fiber and low in saturated fats which makes it easier to maintain a healthy weight reducing the risk of obesity and related health conditions. 5. Reduced Risk of Chronic Diseases: Plant-based diets have been linked to a lower risk of chronic diseases such as diabetes and certain types of cancer keeping athletes in excellent overall health. 6. Better Digestion: The high fiber content of plant-based diets aids in digestion reducing the risk of gastrointestinal problems that can interfere with athletic performance. 7. Increased Nutrient Intake: Plant foods are rich in essential vitamins and minerals that enhance overall health and improve athletic performance such as iron for oxygen transport and calcium for strong bones. 8. Positive Environmental Impact: Eating a plant-based diet is not just good for athletes' health it also has a positive impact on the environment by reducing the carbon footprint of food production. 9. Cost-Effective: Plant-based diets can be cost-effective making it easier for athletes to eat healthily on a budget. 10. Improved Mental Health: Plant foods have been shown to improve mood and reduce anxiety and depression improving the overall mental wellbeing of athletes.","Eating a plant-based diet can offer numerous advantages for athletes providing both performance and long-term health benefits. Here are the key advantages of a plant-based diet for athletes: 1. **Enhanced Performance**: Plant-based diets are rich in complex carbohydrates which are essential for energy during prolonged athletic activity. They also provide fiber antioxidants and phytonutrients that support recovery and reduce inflammation. 2. **Improved Recovery**: The high content of protein vitamins and minerals in plant-based diets supports muscle repair and growth. Additionally the anti-inflammatory properties of plant foods can speed up recovery after intense training. 3. **Better Weight Management**: Plant-based diets are typically lower in saturated fat and higher in fiber which can help athletes maintain a healthy weight without sacrificing performance. 4. **Heart Health**: Athletes who follow plant-based diets often have lower risks of heart disease due to the high intake of fruits vegetables whole grains and legumes which are rich in fiber antioxidants and healthy fats. 5. **Increased Longevity and Health**: A well-planned plant-based diet can reduce the risk of chronic diseases such as diabetes hypertension and certain cancers which is especially important for athletes who may have longer lifespans.","","24","256","280","20.131","49.675","8.142","122.817","8.75836","246.82577","255.58413","2026-07-07T20:14:21.057769","2026-07-07T20:14:22.249959","2026-07-07T20:14:53.691110","2026-07-07T20:14:53.691543"
"32","1","32","Generate a conversation about sports between two friends.","","Friend 1: Hey did you watch the game last night? Friend 2: Which one? There were so many on! Friend 1: The football game between the Steelers and the Ravens. Friend 2: Oh yes I did catch that one. It was a great game! Friend 1: Yeah the Steelers really pulled through in the end. Friend 2: I know! I was biting my nails the whole time. Friend 1: Did you see that catch by Brown? Friend 2: Oh yeah! That was insane. Friend 1: It's always great to watch these two teams play against each other. Friend 2: Definitely. They have such a strong rivalry. Friend 1: Speaking of rivalries are you planning on watching the basketball game between the Lakers and the Celtics next week? Friend 2: Yeah I'm really looking forward to that one. It's always a classic matchup. Friend 1: I know right? It's going to be epic. Friend 2: I can't wait. It's going to be a great game. Friend 1: For sure. Sports are always so much more exciting when there's a good rivalry involved. Friend 2: Agreed. It just adds an extra layer of excitement to the game.","**Friend 1:** Hey man did you watch the game last night? I was so excited to see the team play. **Friend 2:** Oh yeah I watched it! I had to stay up late to catch the end. The team really pulled it off. They were so close in the final minutes. **Friend 1:** Yeah they were. I was on the edge of my seat. I thought they were going to lose it but then they made that last play. I swear that was one of the best plays I’ve ever seen. **Friend 2:** I agree. The quarterback was on fire. I’ve never seen him throw that many touchdowns in a game. And the defense man they were locked in. That was one of the best defensive performances I’ve seen in a while. **Friend 1:** Definitely. I’ve been a fan of the team for years but this game was special. I felt like I was part of something bigger. It’s been a long time since they’ve been this good. **Friend 2:** Yeah I know. It’s been a while since they’ve had that kind of success. I’m pretty happy for them. I think they","","21","256","277","19.869","50.330","8.140","122.857","7.89014","245.91362","253.80375","2026-07-07T20:14:53.694022","2026-07-07T20:14:54.750957","2026-07-07T20:15:26.202324","2026-07-07T20:15:26.202839"
"33","1","33","Create an algorithm to sort the following numbers from the smallest to the largest","[45 -102 10 3400]","Here is one potential algorithm to sort the provided list of numbers from smallest to largest: 1. Start by defining the input list of numbers: `numbers = [45 -102 10 3400]` 2. Create an empty list to store the sorted numbers: `sorted_numbers = []` 3. Find the smallest number in the input list: `smallest_number = min(numbers)` 4. Add the smallest number to the sorted list: `sorted_numbers.append(smallest_number)` 5. Remove the smallest number from the input list: `numbers.remove(smallest_number)` 6. Repeat steps 3-5 until the input list is empty. 7. The resulting sorted list should be: `sorted_numbers = [-102 10 45 3400]`","Sure! Here's a simple algorithm to sort a list of numbers from smallest to largest: ### **Algorithm: Sort List in Ascending Order** **Input:** A list of numbers e.g. `[45 -102 10 3400]` **Output:** A new list with the numbers sorted from smallest to largest. --- ### **Step-by-Step Algorithm (Using Python-like pseudocode):** 1. **Initialize** an empty list for the sorted result. 2. **Repeat** the following steps until all elements are sorted: a. **Find the smallest element** in the unsorted portion of the list. b. **Add** that smallest element to the end of the sorted list. 3. **Return** the sorted list. --- ### **Python Implementation:** ```python def sort_numbers(numbers): # Make a copy of the list to avoid modifying the original sorted_list = numbers.copy() # Iterate through each element for i in range(len(sorted_list)): # Find the smallest element in the unsorted part min_index = i for j in range(i + 1 len(sorted_list)): if sorted_list[j","","46","256","302","20.509","48.759","8.091","123.589","17.92490","247.87398","265.79888","2026-07-07T20:15:26.205442","2026-07-07T20:15:28.448345","2026-07-07T20:16:00.087249","2026-07-07T20:16:00.087636"
"34","1","34","Write a haiku about being happy.","","Blossom in the sun Laughter and joy become one Happiness has won.","Sunlight on my face laughter fills the air joy flows like wine.","","20","22","42","19.441","51.438","8.369","119.482","8.17700","20.32751","28.50451","2026-07-07T20:16:00.089958","2026-07-07T20:16:01.118709","2026-07-07T20:16:03.747312","2026-07-07T20:16:03.747583"
"35","1","35","Write a javascript function which calculates the square root of a number without any libraries.","","Sure here's an example: ``` function calculateSquareRoot(num) { if (num < 0) return NaN if (num === 0) return 0 let x = num while (true) { const new_x = (x + num / x) / 2 if (Math.abs(new_x - x) < 0.000001) return new_x x = new_x } } ``` This function uses the Babylonian method for computing square roots which is an iterative method that repeatedly improves the estimate of the square root using the formula: `x_(n+1) = (x_n + num / x_n) / 2`. The loop continues until the difference between the current estimate and the previous estimate is less than some small epsilon (in this case `0.000001`).","Certainly! Here's a JavaScript function that calculates the square root of a number **without using any libraries** using the **binary search algorithm** for efficiency: ```javascript function sqrtWithoutLibs(num) { // Handle edge cases if (num < 0) { throw new Error( Cannot compute square root of a negative number. ) } if (num === 0 || num === 1) { return num } let low = 0 let high = num // Binary search to find the square root while (low <= high) { let mid = Math.floor((low + high) / 2) let square = mid * mid if (square === num) { return mid } else if (square < num) { low = mid + 1 } else { high = mid - 1 } } // Return the floor of the square root return high } ``` ### Example Usage: ```javascript console.log(sqrtWithoutLibs(16)) // Output: 4 console.log(sqrtWithoutLibs(25)) // Output: 5 console","","28","254","282","21.059","47.486","8.071","123.904","10.56084","246.27367","256.83450","2026-07-07T20:16:03.749851","2026-07-07T20:16:05.079463","2026-07-07T20:16:36.551015","2026-07-07T20:16:36.551391"
"36","1","36","Output a review of a movie.","Movie title: The Shawshank Redemption","The Shawshank Redemption is a timeless classic that redefines the genre of drama films. The story is set in a prison where the main character Andy is sentenced to life imprisonment. The film follows his journey as he navigates through the harsh environment of the prison while forming a close bond with a fellow inmate named Red. The performances by the lead actors Tim Robbins and Morgan Freeman are nothing short of exceptional. The depth of emotion they bring to each of their characters is truly remarkable and they manage to convey the resilience of the human spirit in the face of adversity. The direction by Frank Darabont is brilliant and the film is filled with moments that are both poignant and powerful. The screenplay is equally impressive and brings to life the characters in a manner that is both realistic and deeply moving. Overall The Shawshank Redemption is a film that leaves a lasting impression on the viewer. It is a tale of hope friendship and redemption that is sure to touch the hearts of all those who watch it. Highly recommended!","**Movie Review: *The Shawshank Redemption*** **Rating: 10/10** *The Shawshank Redemption* is a timeless classic that has captured the hearts of audiences worldwide. Directed by Frank Darabont and based on the novella *The Shawshank Redemption* by Stephen King this film is a powerful tale of hope friendship and resilience in the face of adversity. The story follows Andy Dufresne (Tim Robbins) a man convicted of murder who is sent to Shawshank Prison. There he befriends Red (Morgan Freeman) a seasoned prison inmate. Together they navigate the harsh realities of prison life where hope is a dangerous thing to hold onto. But through their friendship and the support of others Andy slowly reveals the truth about his own situation leading to a profound and uplifting resolution. What makes *The Shawshank Redemption* so remarkable is its ability to resonate with anyone who has ever felt trapped by circumstance. The film’s message of hope is both simple and deeply moving and it’s delivered with sincerity and grace. The performances are stellar particularly Tim Robbins and Morgan Freeman whose chemistry and emotional depth bring the characters to life. The cinematography score","","27","256","283","20.411","48.992","8.133","122.963","10.35203","245.96694","256.31897","2026-07-07T20:16:36.553788","2026-07-07T20:16:37.876580","2026-07-07T20:17:09.355194","2026-07-07T20:17:09.355608"
"37","1","37","Suggest three foods to help with weight loss.","","1. Leafy Greens: Foods such as spinach kale and collard greens are low in calories but high in fiber making them excellent choices for weight loss. These greens can help you feel full and reduce your overall calorie intake. 2. Lean Protein: Foods such as chicken turkey fish and tofu are great sources of lean protein. Protein is an important nutrient for weight loss because it can help you feel full reduce cravings and provide energy for workouts. 3. Whole Grains: Whole grains such as oats brown rice and quinoa can be great for weight loss because they are packed with fiber and nutrients. These foods can help you feel full for longer periods of time and provide sustained energy throughout the day.","Here are three foods that can help support weight loss when included in a balanced diet: 1. **Leafy Greens (e.g. Spinach Kale Swiss Chard)** Leafy greens are low in calories but high in fiber vitamins and minerals. They help you feel full longer reduce appetite and support overall metabolic health. 2. **Berries (e.g. Blueberries Strawberries Blackberries)** Berries are rich in fiber antioxidants and low in calories. They can help control appetite and improve insulin sensitivity making them a great addition to a weight loss diet. 3. **Nuts (in moderation e.g. Almonds Walnuts Pistachios)** Nuts are high in healthy fats protein and fiber which can promote satiety and support heart health. However they are calorie-dense so portion control is key. For effective weight loss these foods should be part of a well-balanced diet and regular physical activity. Always consult a healthcare professional before making significant dietary changes.","","22","224","246","20.673","48.373","8.155","122.626","7.75290","215.32759","223.08050","2026-07-07T20:17:09.358042","2026-07-07T20:17:10.422249","2026-07-07T20:17:37.890421","2026-07-07T20:17:37.890834"
"38","1","38","You are provided with a definition of a word. Generate an example sentence that illustrates the meaning of the word.","Word: Dire Definition: Dire means very serious or desperate often has negative connotations.","The company was in dire financial straits and on the brink of bankruptcy.","The situation was dire with no clear way to resolve the crisis.","","53","18","71","20.882","47.888","8.309","120.356","19.55083","17.18650","36.73733","2026-07-07T20:17:37.893433","2026-07-07T20:17:40.431520","2026-07-07T20:17:42.597921","2026-07-07T20:17:42.598265"
"39","1","39","Design the hierarchy of a database for a grocery store.","","A grocery store database hierarchy could be organized in the following structure: 1. **Store Information**: This would include details about the store such as its name location address and contact information. 2. **Department**: The store could be divided into different departments such as produce dairy meat bakery and others. Each department could have its own information such as its name description and location within the store. 3. **Product**: Each department would have its own set of products. Product information could include its name description brand packaging price and stock quantity. 4. **Employee**: The database would also contain information about the store's employees such as their name contact information role or position hire date and salary. 5. **Customer**: The database could also store information about the store's customers such as their name contact information and shopping history. 6. **Transaction**: The database would need to store information about the store's transactions or sales. This could include the date and time of the transaction the customer who made the purchase the products purchased the total cost and the payment method used. This hierarchical structure would enable the grocery store to keep track of all its departments products employees customers and transactions in an organized and efficient manner.","Designing a database hierarchy for a **grocery store** involves organizing data into logical tables that represent entities relationships and attributes relevant to the business. Below is a structured **database schema** that models the key entities and relationships in a grocery store system. --- ## **Database Schema for a Grocery Store** This schema includes the following entities: - **Customers** - **Employees** - **Products** - **Categories** - **Suppliers** - **Orders** - **Order Details** - **Payments** - **Inventory** - **Locations** (for multiple stores) --- ## **1. Entities and Tables** ### **1.1 Customers** - **CustomerID** (PK) - **Name** - **Email** - **Phone** - **Address** - **DateOfBirth** - **JoinDate** - **Status** (e.g. Active Inactive) ### **1.2 Employees** - **EmployeeID** (PK) - **Name** - **Position** (e.g. Manager Clerk) - **Department** (e.g. Sales Inventory) - **HireDate** - **Salary** - **Phone** - **Email** - **Status** ### **1.3 Products** - **","","23","256","279","19.717","50.717","8.143","122.808","8.75573","246.24504","255.00077","2026-07-07T20:17:42.600501","2026-07-07T20:17:43.766990","2026-07-07T20:18:15.205712","2026-07-07T20:18:15.206178"
"40","1","40","Provide three tips for writing a good cover letter.","","1. Personalize it: Customize your cover letter for the specific job and company to which you're applying. Address it to the hiring manager if possible and mention the company's name and the job title at least once. Show an understanding of the company's mission and explain why you would be a good fit for both the position and the company culture. 2. Highlight your skills and achievements: Mention your relevant skills and give specific examples of how you have used them to achieve successes in the past. This will help the hiring manager see how your skills could be applied in the new position and it will help them understand what you might bring to the company. 3. Keep it brief and direct: A cover letter should be no more than one page with clear and concise paragraphs. Avoid repeating information from your resume and instead focus on the most important details that you want the hiring manager to know. End your letter with a call to action such as requesting an interview or stating that you are looking forward to hearing from them.","Certainly! Here are three tips for writing a good cover letter: 1. **Tailor Your Message to the Job**: Customize your cover letter for each application by referencing specific qualities of the job you're applying for. Show you've done your homework by mentioning the company’s mission values or recent achievements. 2. **Highlight Relevant Experience**: Focus on your most relevant experiences skills and achievements that align with the job requirements. Use specific examples to demonstrate your qualifications and how you can contribute to the company. 3. **Keep It Concise and Professional**: Write a clear concise and professional letter ideally one page in length. Make sure your tone is respectful and your language is polished avoiding overly casual or informal expressions.","","22","152","174","20.657","48.410","8.241","121.340","7.81479","144.03036","151.84514","2026-07-07T20:18:15.208607","2026-07-07T20:18:16.273616","2026-07-07T20:18:34.717282","2026-07-07T20:18:34.717640"
"41","1","41","Order the following list of ingredients from lowest to highest in calories","Almonds black beans cheddar cheese","Here is the list of ingredients ordered from lowest to highest in calories: 1. Black beans 2. Almonds 3. Cheddar cheese","To order the ingredients from **lowest to highest in calories** we need to know the approximate calorie content of each: - **Almonds**: About **164 calories per ounce (28 grams)** - **Black beans**: About **115 calories per half-cup (about 120 grams)** - **Cheddar cheese**: About **110 calories per ounce (28 grams)** ### Ordered by calories (lowest to highest): 1. **Black beans** – 115 calories 2. **Cheddar cheese** – 110 calories 3. **Almonds** – 164 calories **Note**: The calorie counts can vary slightly depending on the specific type and preparation (e.g. fat content in cheese moisture content in beans). However this is a general guideline.","","34","177","211","19.865","50.339","8.190","122.106","13.42303","168.75445","182.17748","2026-07-07T20:18:34.720166","2026-07-07T20:18:36.431689","2026-07-07T20:18:58.044524","2026-07-07T20:18:58.044892"
"42","1","42","Summarize the given film review: The movie has a strong premise but is filled with cliched dialogue and over-the-top acting.","","The film has a good idea but is hindered by unoriginal writing and exaggerated performances.","The film has a solid concept but suffers from repetitive dialogue and exaggerated performances.","","39","19","58","20.756","48.179","8.341","119.890","14.49154","17.93892","32.43047","2026-07-07T20:18:58.047511","2026-07-07T20:18:59.926499","2026-07-07T20:19:02.204412","2026-07-07T20:19:02.204693"
"43","1","43","Which type of pronouns can be used to replace the word 'it'?","","The word it is a pronoun that is used to refer to a singular noun that is not a person such as an object or an animal. It can be replaced by other pronouns like that this he (if the object is personified) and she (if the object is personified). In cases where it is used to refer to an unspecific or unknown thing the pronouns something or anything may be used as replacements.","The word ** it ** is a **demonstrative pronoun** and is used to refer to a **thing person or concept** that is not specified in the sentence. It can be replaced by other **demonstrative pronouns** or **indefinite pronouns** depending on the context. Here are the types of pronouns that can replace ** it **: --- ### 1. **Demonstrative Pronouns**: These are used to point to something specific or known. - **It** (as in It is a book ) - **That** (as in That is a book ) - **This** (as in This is a book ) - **These** (as in These are books ) - **Those** (as in Those are books ) **Example:** - Instead of: *It is a book.* - You can say: *This is a book.* or *That is a book.* --- ### 2. **Indefinite Pronouns**: These refer to an unspecified or general thing. - **One** (as in One is a book ) - **Someone** (as in Someone is a book ) - **","","27","256","283","20.428","48.951","8.138","122.886","10.56506","246.08372","256.64878","2026-07-07T20:19:02.206980","2026-07-07T20:19:03.528666","2026-07-07T20:19:34.987441","2026-07-07T20:19:34.987858"
"44","1","44","Organize these three pieces of information in chronological order","- The acceptance of the Constitution - The signing of the Declaration of Independence - The Battle of Saratoga","1. The signing of the Declaration of Independence 2. The Battle of Saratoga 3. The acceptance of the Constitution","To organize these events in chronological order: 1. **The Declaration of Independence** – This was adopted on **July 4 1776** by the Second Continental Congress. 2. **The Battle of Saratoga** – This significant American victory occurred in **October 1777**. 3. **The Acceptance of the Constitution** – The Constitution was ratified by the states in **1787–1789** with the final ratification happening in **1789**. So the correct chronological order is: 1. **Declaration of Independence (1776)** 2. **Battle of Saratoga (1777)** 3. **Acceptance of the Constitution (1787–1789)**","","46","167","213","20.509","48.760","8.171","122.386","17.64899","159.88088","177.52987","2026-07-07T20:19:34.990418","2026-07-07T20:19:37.233367","2026-07-07T20:19:57.671870","2026-07-07T20:19:57.672213"
"45","1","45","Describe the process of photosynthesis in 5 sentences.","","Photosynthesis is the process by which plants algae and some bacteria convert sunlight into chemical energy in the form of glucose or other sugars. This process takes place in the chloroplasts which contain chlorophyll the pigment that absorbs light energy. During photosynthesis carbon dioxide (CO2) and water (H2O) are used in the presence of light to produce glucose (C6H12O6) and oxygen (O2). The process can be simplified into two stages: the light-dependent reaction where light energy is converted into chemical energy in the form of ATP and NADPH and the light-independent reaction or Calvin cycle where CO2 is fixed into carbohydrates using the energy generated from the first stage. Photosynthesis is the primary source of energy for nearly all life on Earth and is essential for the Earth's ecosystem removing CO2 from the atmosphere and releasing O2.","Photosynthesis is the process by which plants algae and some bacteria convert light energy into chemical energy. This process takes place in the chloroplasts of plant cells where chlorophyll absorbs sunlight. During photosynthesis carbon dioxide from the air and water from the soil are used to produce glucose and oxygen. The overall equation is 6CO₂ + 6H₂O + light energy → C₆H₁₂O₆ + 6O₂. Photosynthesis occurs in two main stages: the light-dependent reactions and the Calvin cycle.","","23","115","138","19.744","50.648","8.130","123.002","8.57104","111.05380","119.62484","2026-07-07T20:19:57.674548","2026-07-07T20:19:58.839449","2026-07-07T20:20:12.984694","2026-07-07T20:20:12.985040"
"46","1","46","Look up the definition of the word 'acolyte'.","","An acolyte is an assistant or follower often in a religious service or ceremony such as an altar server or attendant. The term can also refer to anyone who is a devoted follower or supporter of a leader cause or organization.","The word ** acolyte ** refers to a person who assists a priest or minister in the liturgical duties of a church. In many Christian denominations an acolyte is a junior cleric who helps in the administration of the sacraments the reading of scripture and other liturgical functions. The term is often used in the context of the Roman Catholic Church where an acolyte is typically a young priest or a layperson assisting in the liturgy. In some contexts the term can also refer to a servant or attendant in a religious or ceremonial setting though it is most commonly associated with Christian religious services. The role of an acolyte is often seen as a preparatory or introductory role in the religious vocation especially in the Catholic Church where it is part of the formation of a priest.","","24","173","197","20.137","49.659","8.206","121.865","9.24450","164.94546","174.18996","2026-07-07T20:20:12.987725","2026-07-07T20:20:14.179536","2026-07-07T20:20:35.262239","2026-07-07T20:20:35.262593"
"47","1","47","For the following story rewrite it in the present continuous tense.","He visits the museum every week.","He is visiting the museum every week.","He is visiting the museum every week.","","32","12","44","20.372","49.087","8.336","119.968","11.95829","11.73054","23.68883","2026-07-07T20:20:35.265020","2026-07-07T20:20:36.835811","2026-07-07T20:20:38.275431","2026-07-07T20:20:38.275655"
"48","1","48","Compose a one-sentence summary of the article How AI is Transforming the Future of Healthcare","","The article discusses how AI is being integrated into the healthcare industry to improve patient care and outcomes by enhancing automation diagnostics and personalized treatment plans.","AI is revolutionizing healthcare by enhancing diagnostic accuracy personalizing treatment plans and improving operational efficiency through advanced data analysis and predictive modeling.","","32","31","63","20.376","49.078","8.331","120.035","12.19416","28.92058","41.11474","2026-07-07T20:20:38.277881","2026-07-07T20:20:39.848368","2026-07-07T20:20:43.569462","2026-07-07T20:20:43.569723"
"49","1","49","Assign a score out of 5 to the following book review.","I really enjoyed this book. It was an engaging read and had an interesting plot.","4/5","3/5 The review is positive but brief and lacks depth. It mentions enjoyment engagement and an interesting plot which are good points but it doesn't provide specific details or personal insights into why the book was enjoyable or what made the plot stand out. A 3 out of 5 reflects a generally favorable but somewhat superficial assessment.","","42","74","116","20.833","48.000","8.275","120.851","16.16423","69.72395","85.88818","2026-07-07T20:20:43.572119","2026-07-07T20:20:45.588109","2026-07-07T20:20:54.531105","2026-07-07T20:20:54.531395"
"50","1","50","Create a catchy headline for an article on data privacy","","Is Your Data Really Private? The Inside Scoop on Data Privacy and Protection","Protect Your Data Protect Your Future","","22","13","35","20.651","48.423","8.367","119.511","8.16060","12.54298","20.70357","2026-07-07T20:20:54.533608","2026-07-07T20:20:55.598917","2026-07-07T20:20:57.152566","2026-07-07T20:20:57.152893"
"51","1","51","Sort the following list into two groups: Apples and Oranges","Fuji Honeycrisp Granny Smith Navel Valencia","Apples: - Fuji - Honeycrisp - Granny Smith Oranges: - Navel - Valencia","Sure! Let's sort the list into two groups: **Apples** and **Oranges**. ### Apples: - **Fuji** - **Honeycrisp** - **Granny Smith** ### Oranges: - **Navel** - **Valencia** Let me know if you'd like more details about each fruit!","","40","74","114","20.254","49.373","8.286","120.682","15.56648","69.80280","85.36928","2026-07-07T20:20:57.155291","2026-07-07T20:20:59.130210","2026-07-07T20:21:08.060687","2026-07-07T20:21:08.060984"
"52","1","52","Name three European countries.","","Sure here are the names of three European countries: 1. France 2. Germany 3. Italy","Germany France and Italy.","","17","11","28","18.930","52.825","8.383","119.295","6.16839","10.80781","16.97620","2026-07-07T20:21:08.063196","2026-07-07T20:21:08.961219","2026-07-07T20:21:10.273461","2026-07-07T20:21:10.273720"
"53","1","53","Explain a procedure for given instructions.","How to bake a cake.","Baking a cake is a fun and relatively easy process that requires a few ingredients and some simple steps. Here is a simple procedure to follow to bake a cake: 1. Collect your ingredients: You will need flour sugar eggs butter baking powder milk and vanilla extract for a basic cake recipe. Make sure to measure out the correct quantities according to the recipe you are following. 2. Preheat the oven: Most cakes are baked at 350 degrees Fahrenheit so preheat your oven to this temperature to ensure that your cake will bake evenly. 3. Prepare the pan: Grease and flour a 9-inch cake pan to prevent the cake from sticking. 4. Mix the ingredients: In a mixing bowl cream together the butter and sugar until light and fluffy. This can be done using a stand mixer an electric hand mixer or by hand. Once the butter and sugar are creamed add the eggs one at a time mixing well after each addition. Stir in the vanilla extract. In a separate bowl mix together the flour baking powder and salt. Add the dry ingredients to the wet ingredients in three parts alternating with the milk beginning and ending with the dry ingredients. Mix until everything is well combined. 5. Pour the batter into the pan: Pour the batter into your prepared cake pan and smooth the top with a spatula. 6. Bake the cake: Place the cake on the middle rack of your preheated oven and bake for 30-35 minutes or until a toothpick inserted into the center of the cake comes out clean. 7. Cool the cake: Once the cake is finished baking remove it from the oven and let it cool in the pan for 10 minutes before transferring it to a wire rack to cool completely. 8. Serve and enjoy: Once the cake is completely cool you can decorate it if desired. Serve with your favorite frosting sliced fruit or whipped cream and enjoy.","Sure! Here's a step-by-step procedure for baking a basic cake such as a chocolate or vanilla cake: --- ### **How to Bake a Cake** #### **Ingredients (for a standard 9-inch round cake):** - 2 cups all-purpose flour - 1 cup sugar - 1 cup milk - 1/2 cup oil or melted butter - 2 eggs - 1 teaspoon baking powder - 1 teaspoon baking soda - 1/2 teaspoon salt - 1 teaspoon vanilla extract - Optional: cocoa powder (for chocolate cake) --- ### **Instructions:** 1. **Preheat the oven**: - Preheat your oven to 350°F (175°C). - Grease and flour a 9-inch round cake pan or line it with parchment paper. 2. **Prepare the batter**: - In a large mixing bowl **whisk together** the dry ingredients: flour sugar baking powder baking soda salt and optional cocoa powder. - In a separate bowl **whisk together** the wet ingredients: milk oil or butter eggs and vanilla extract. - Gently **combine the","","26","256","282","20.030","49.926","8.139","122.867","9.46513","246.86505","256.33017","2026-07-07T20:21:10.275850","2026-07-07T20:21:11.573917","2026-07-07T20:21:43.027928","2026-07-07T20:21:43.028324"
"54","1","54","Describe an example of ocean acidification.","","Ocean acidification is the process of increasing acidity in the world's oceans due to the absorption of carbon dioxide from the atmosphere. An example of this is the impact it has on the Great Barrier Reef off the coast of Australia. As the ocean absorbs carbon dioxide it reacts with seawater to produce carbonic acid which in turn reduces the availability of carbonate ions. These ions are necessary for building shells and skeletons of marine organisms such as corals mollusks and some species of plankton. The reduction in carbonate ions makes it difficult for these organisms to form and maintain their hard outer shells or skeletons. In the case of the Great Barrier Reef ocean acidification is resulting in slower growth rates and weaker skeletons making the coral more vulnerable to stress factors and more susceptible to diseases storms and coral bleaching. This not only affects the coral but the entire ecosystem which relies on the coral for shelter and food. Hence ocean acidification is a major concern for the health and survival of coral reefs and marine biodiversity worldwide.","Ocean acidification is the process by which the acidity of ocean water increases due to the absorption of excess carbon dioxide (CO₂) from the atmosphere. This process has significant consequences for marine life especially organisms that rely on calcium carbonate to build their shells and skeletons such as corals shellfish and some plankton species. ### Example of Ocean Acidification: **Scenario: A Coral Reef Ecosystem** Imagine a coral reef in the Pacific Ocean. Over the past few decades the ocean has absorbed a significant amount of the CO₂ emitted by human activities such as burning fossil fuels and deforestation. This CO₂ reacts with seawater forming carbonic acid which then dissociates into hydrogen ions (H⁺) and bicarbonate ions (HCO₃⁻). The increase in hydrogen ions lowers the pH of the water making it more acidic. **Effects on the Coral Reef:** - **Coral Skeletons Dissolve:** Corals rely on calcium carbonate to build their skeletons. However in more acidic water the availability of carbonate ions decreases making it harder for corals to form and maintain their skeletons. This weakens the coral structure leading to the breakdown of the reef. - **Decreased Growth Rates:**","","20","255","275","19.431","51.464","8.124","123.092","7.75853","245.40040","253.15894","2026-07-07T20:21:43.030793","2026-07-07T20:21:44.060065","2026-07-07T20:22:15.448638","2026-07-07T20:22:15.449044"
"55","1","55","Should I invest in stocks?","","I'm sorry but I'm an AI language model and I don’t have the ability to provide personalized financial advice. Investing in stocks carries inherent risks and potential rewards and the decision to invest should be based on your individual financial situation goals and risk tolerance. It's always a good idea to do your research carefully consider your options and/or consult a financial advisor before making any investment decisions.","Whether you should invest in stocks depends on your personal financial goals risk tolerance time horizon and current financial situation. Here's a balanced overview to help you decide: ### **1. What is a stock?** A stock represents ownership in a company. When you invest in stocks you're buying a share of a company which can grow in value over time. ### **2. Pros of Investing in Stocks** - **Potential for High Returns**: Stocks have historically provided higher returns than bonds cash or savings accounts over the long term. - **Dividends**: Some companies pay dividends to shareholders which can provide regular income. - **Diversification**: You can invest in different sectors industries or geographic regions to spread risk. - **Liquidity**: Stocks are generally easy to buy and sell especially through a brokerage account. ### **3. Cons of Investing in Stocks** - **Risk**: Stocks can lose value if the company performs poorly or the market declines. - **Volatility**: Stock prices can fluctuate widely in short periods causing short-term losses. - **Learning Curve**: Understanding stocks market trends and investment strategies can take time. ### **4. Are You Ready to Invest in Stocks?**","","18","256","274","19.506","51.265","8.157","122.596","6.87822","245.14512","252.02334","2026-07-07T20:22:15.451432","2026-07-07T20:22:16.374205","2026-07-07T20:22:47.758888","2026-07-07T20:22:47.759276"
"56","1","56","Generate a new song verse with your own unique lyrics.","","Verse 1: There's a light that shines within us A beacon of hope and love Guiding us through the darkest times A force that will always rise above. Chorus: Let your light shine let it be free For you are beautiful inside and out Let your heart guide you let it lead the way For you have a strength that no one can doubt. Verse 2: In this world there is so much to see So many wonders to discover Take a chance and let your dreams fly For there is so much left to uncover. Chorus: Let your light shine let it be free For you are beautiful inside and out Let your heart guide you let it lead the way For you have a strength that no one can doubt. Bridge: Life it can be hard sometimes But don't give up keep on trying For your light will never fade And your spirit will keep on flying. Outro: So let your light shine let it be free For you are beautiful inside and out Let your heart guide you let it lead the way For you have a strength that no one can doubt.","(Verse) Beneath the neon haze where the shadows play I trace the lines of a dream that won't stay. Whispers in the wind a melody unsung A heartbeat in the dark a ghostly song. The clock’s a thief of time it steals the light But I’ll hold on to the night though it’s not right. Through the static of the stars I find my way A flicker in the void a flame that stays. I’m a whisper in the static a spark in the rain A echo in the silence a song that remains. No map no guide just the rhythm of the soul I’m dancing with the dark where the light goes bold.","","23","167","190","19.759","50.609","8.218","121.688","8.78461","158.73882","167.52342","2026-07-07T20:22:47.761617","2026-07-07T20:22:48.925628","2026-07-07T20:23:09.247549","2026-07-07T20:23:09.247909"
"57","1","57","Sing a children's song","","🎶 Twinkle twinkle little star How I wonder what you are Up above the world so high Like a diamond in the sky. When the blazing sun is gone When he nothing shines upon Then you show your little light Twinkle twinkle all the night. Then the traveler in the dark Thanks you for your tiny spark He could not see which way to go If you did not twinkle so. In the dark blue sky you keep And often through my curtains peep For you never shut your eye Till the sun is in the sky. As your bright and tiny spark Lights the traveler in the dark. Though I know not what you are Twinkle twinkle little star. Twinkle twinkle little star How I wonder what you are Up above the world so high Like a diamond in the sky. 🎶","Sure! Here's a simple and fun children's song you can sing with your kids: --- ** The Bouncing Ball Song ** *(To the tune of Bouncy Ball )* Oh the ball is bouncing Oh the ball is bouncing Bouncing bouncing Bouncing high! It’s going round and round It’s going round and round Round and round Round and round! Who’s going to catch it? Who’s going to catch it? Let’s all jump and try Let’s all jump and try! Bouncing bouncing Bouncing bouncing Bouncing bouncing Bouncing high! --- You can add some动作 (actions) to make it more fun like jumping pretending to bounce a ball or even using a real ball if you have one! Let me know if you'd like a version with a different theme like animals or colors! 🎵","","17","203","220","18.963","52.735","8.151","122.683","6.50771","195.06818","201.57589","2026-07-07T20:23:09.250262","2026-07-07T20:23:10.146765","2026-07-07T20:23:35.051506","2026-07-07T20:23:35.051884"
"58","1","58","Identify the main character traits of a protagonist.","","The main character traits of a protagonist vary depending on the story and its genre. However there are some general traits that many protagonists tend to possess including: 1. Courage: Protagonists are brave enough to face and overcome challenges encountered in their journey. 2. Determination: They are often determined to achieve their goals and will persist even when faced with obstacles. 3. Empathy: Protagonists tend to have an ability to understand and share the feelings of others which makes them relatable and likeable to readers or viewers. 4. Intelligence: Protagonists often have strong problem-solving skills and are quick at thinking on their feet enabling them to navigate complex situations. 5. Resilience: They tend to bounce back from setbacks and continue to pursue their objectives with renewed vigor. 6. Leadership: Protagonists are often natural leaders who can rally others to their cause and inspire them to work towards a common goal. 7. Flawed: Many protagonists also have flaws or weaknesses which can serve to humanize them and make them more relatable. These traits not only make the protagonist a compelling and interesting character but also help drive the story forward as they work towards achieving their goals.","The main character traits of a protagonist in literature film or other forms of storytelling typically include the following: 1. **Motivation**: The protagonist has a clear reason or goal that drives the narrative. This could be personal emotional or external. 2. **Goal**: The protagonist aims to achieve something which often leads to the central conflict of the story. 3. **Conflict**: The protagonist faces challenges obstacles or adversaries that test their abilities beliefs or decisions. 4. **Development**: The protagonist undergoes growth or change throughout the story often revealing deeper layers of their personality or purpose. 5. **Beliefs and Values**: The protagonist holds certain beliefs values or principles that influence their actions and decisions. 6. **Strengths and Flaws**: The protagonist has both strengths that help them succeed and flaws that may hinder them or create tension. 7. • **Relatable**: The protagonist is often relatable to the audience allowing readers or viewers to connect emotionally with the character. 8. **Unique Voice or Perspective**: The protagonist may have a distinctive way of speaking thinking or perceiving the world. 9. **Relationships**: The protagonist interacts with other characters which can influence their development and the overall","","22","256","278","20.643","48.443","8.148","122.725","7.86343","246.03206","253.89550","2026-07-07T20:23:35.054260","2026-07-07T20:23:36.120014","2026-07-07T20:24:07.537497","2026-07-07T20:24:07.537918"
"59","1","59","What are the 4 operations of computer?","","The four basic operations of a computer often abbreviated as the Four Functions of a Computer are: 1. Input: This refers to the process by which a computer receives data from an external source such as a keyboard mouse or scanner. The data is then converted into a format that the computer can process. 2. Processing: This is the operation where the computer performs calculations on the data it receives. The Central Processing Unit (CPU) carries out program instructions to manipulate calculate or organize data. 3. Output: This is the process by which the computer outputs the processed data in a form that can be understood by the user. Examples of output devices include a monitor printer or speakers. 4. Storage: This operation involves saving data for later use. Computers store data either temporarily (in RAM) or permanently (on a hard drive solid-state drive or external storage devices).","The term 4 operations of computer is not a standard or widely recognized concept in computer science. However if you're referring to the **four basic operations** that a computer performs they are typically: 1. **Input** – Receiving data from a user or another device (e.g. keyboard mouse sensors). 2. **Processing** – Performing operations on the data using the computer's CPU (e.g. arithmetic logic control and data movement operations). 3. **Storage** – Saving data for future use (e.g. RAM ROM hard drives SSDs). 4. **Output** – Sending results to a user or another device (e.g. monitor printer speakers). These four operations are part of the **input-output-processing-storage** cycle which is fundamental to how computers operate. If you meant something else by 4 operations of computer please clarify and I can provide a more specific answer.","","21","198","219","19.884","50.290","8.189","122.121","7.84733","189.59492","197.44225","2026-07-07T20:24:07.540318","2026-07-07T20:24:08.596418","2026-07-07T20:24:32.776414","2026-07-07T20:24:32.776829"
"60","1","60","Add a transition between the following two sentences","The class is nearly finished. Some students can begin their summer jobs.","The class is nearly finished and as a result some students can begin their summer jobs.","As the class draws to a close some students can begin their summer jobs.","","35","20","55","20.243","49.400","8.341","119.896","14.12056","18.79336","32.91392","2026-07-07T20:24:32.779313","2026-07-07T20:24:34.508302","2026-07-07T20:24:36.906218","2026-07-07T20:24:36.906458"
"61","1","61","Suggest an appropriate name for a puppy.","","Here are a few suggestions for puppy names - 1. Bella - This charming name meaning 'beautiful' is perfect for a furry friend with a pretty face and a captivating demeanor. 2. Max - A name befitting your furry friend who's always by your side watching over you and ever ready to come to your rescue. 3. Luna - A dreamy mystical name for a pup who strikes an other-worldly pose Luna means 'Moon' and is perfect for your regal starry-eyed companion. 4. Charlie - This name packs in heaps of playfulness and warmth much like your best friend who's always up for any adventure that comes his or her way. 5. Lucy - For the lively spirited friend who's always looking to raise the woof Lucy is perfect and encompasses boundless energy and joy.","Sure! Here's a suggestion for a puppy's name: **Buddy** Buddy is a friendly approachable name that's easy to remember and works well for a puppy. It conveys a sense of companionship and loyalty which is perfect for a playful affectionate pet. If you're looking for something more unique let me know and I can suggest other options!","","21","83","104","19.937","50.158","8.315","120.258","8.02860","78.22727","86.25587","2026-07-07T20:24:36.908571","2026-07-07T20:24:37.961892","2026-07-07T20:24:47.943274","2026-07-07T20:24:47.943621"
"62","1","62","Construct a linear equation in one variable.","","A linear equation in one variable typically takes the form of: `ax + b = c` where `a` `b` and `c` are constants and `x` is the variable. Here is an example of a linear equation in one variable: `3x - 5 = 16` In this equation `a` is 3 `b` is -5 and `c` is 16. Solving for `x` we can determine the value of the variable `x` that makes the equation true. To solve this equation we follow these steps: 1. Move the constant term (-5) to the right-hand side of the equation by adding 5 to both sides: `3x - 5 + 5 = 16 + 5` which simplifies to: `3x = 21` 2. Divide both sides of the equation by the coefficient of the variable (`a` which is 3 in this case) to find the value of `x`: `(3x)/3 = 21/3` which simplifies to: `x = 7` Thus we have found that the value of `x` that satisfies the equation `3x - 5 = 16` is 7.","Sure! Here's a simple linear equation in one variable: **Equation:** $$ 3x + 5 = 14 $$ **Explanation:** This is a linear equation because it involves a variable $ x $ raised to the first power and it has only one variable. The equation is in standard form and can be solved for $ x $. **Solution:** Subtract 5 from both sides: $$ 3x = 14 - 5 $$ $$ 3x = 9 $$ Divide both sides by 3: $$ x = 3 $$ So the solution is $ x = 3 $.","","20","141","161","19.459","51.390","8.250","121.215","7.95802","133.80306","141.76107","2026-07-07T20:24:47.945916","2026-07-07T20:24:48.973719","2026-07-07T20:25:06.065004","2026-07-07T20:25:06.065395"
"63","1","63","Add two new recipes to the following Chinese dish","Beef and broccoli stir fry","**Beef and Broccoli Stir Fry with Ginger Honey Sauce** Ingredients (serves 4): - 1 lb flank steak sliced into thin strips - 4 cups broccoli florets - 1 tbsp vegetable oil - 2 cloves garlic minced - 1-inch piece of ginger peeled and grated - 1/2 cup soy sauce - 1/4 cup honey - 2 tbsp rice vinegar - 1 tsp sesame oil - 1 tbsp cornstarch - Salt and pepper to taste - Cooked rice for serving - Green onions sliced (optional) Instructions: 1. In a small mixing bowl whisk together the soy sauce honey rice vinegar sesame oil and cornstarch. Set aside. 2. Heat the vegetable oil in a large wok or frying pan over high heat. 3. Add the beef strips and cook for 3-4 minutes until browned. 4. Add the garlic and ginger and cook for another minute until fragrant. 5. Add the broccoli florets and stir fry for a few minutes until tender. 6. Pour in the sauce and stir everything together letting the sauce thicken for a couple of minutes. 7. Season with salt and pepper to taste. 8. Serve the beef and broccoli stir fry over rice garnished with sliced green onions if desired. **Spicy Szechuan Beef and Broccoli Stir Fry** Ingredients (serves 4): - 1 lb flank steak sliced into thin strips - 4 cups broccoli florets - 1 tbsp vegetable oil - 3 cloves garlic minced - 1/2 cup soy sauce - 1/4 cup hoisin sauce - 2 tbsp chili sauce (such as Sriracha) - 2 tbsp rice vinegar - 1 tbsp cornstarch - 1 tsp sugar - 1 tbsp sesame seeds - Cooked rice or noodles for serving Instructions: 1. In a small mixing bowl whisk together the soy sauce hoisin sauce chili sauce rice vinegar sugar and cornstarch. Set aside. 2. Heat the vegetable oil in a large wok or frying pan over high heat. 3. Add the beef strips and cook for 3-4 minutes until browned. 4. Add the garlic and stir fry for another minute until frag","Sure! Here are two new recipes that can be added to the **Beef and Broccoli Stir Fry** dish giving it more variety and depth: --- ### 1. **Beef and Broccoli Stir Fry with Tofu** **Ingredients:** - 200g beef (marinated with soy sauce garlic and ginger) - 200g broccoli florets - 150g tofu pressed and cubed - 2 cloves garlic minced - 1 tsp ginger minced - 2 tbsp soy sauce - 1 tbsp cornstarch (for thickening) - 1 tbsp vegetable oil - 1/2 tsp black pepper - 1/2 tsp paprika - 1/4 cup water **Instructions:** 1. Marinate beef with soy sauce garlic ginger and black pepper for 15–30 minutes. 2. Tofu is pressed and cubed. 3. Heat oil in a wok or large pan add beef and stir-fry until browned. 4. Add broccoli and stir-fry for 2–3 minutes. 5. Add tofu and","","28","256","284","21.082","47.433","8.137","122.892","10.24410","245.97389","256.21799","2026-07-07T20:25:06.067858","2026-07-07T20:25:07.395985","2026-07-07T20:25:38.856338","2026-07-07T20:25:38.856720"
"64","1","64","Suggest a short running route for someone who lives in the city.","","If you live in the city and want to engage in some short running activities there are several excellent routes that you can take. For a start you can consider heading down to your city's central park where you can find a scenic loop free of cars which usually ranges between 1.5 and 2 miles allowing you to take in the beauty and peace of the park while getting your exercise. Alternatively you can opt for a brisk run around your neighborhood sticking to sidewalks and quieter streets or even utilize riverfronts or waterfront paths that offer stunning city views while you run. Lastly many cities also have running or jogging-specific trails such as old railroad tracks converted into greenways so you might check to see if there's one near you.","Sure! Here's a short easy-running route for someone living in the city: **Route Name: City Loop Run** **Distance:** 3–4 miles (depending on the specific route) **Ideal For:** Beginners or those looking for a quick accessible run **Route Description:** 1. **Start at Your Home or Office** – Begin at your current location. 2. **Head East** – Run along a quiet residential street or a local park path. 3. **Turn North** – Follow a pedestrian path or a street that loops around the block. 4. **Turn West** – Run along a quiet street or a local trail. 5. **Turn South** – Return to your starting point via a familiar route or a local park. **Tips:** - Use a map app (like Google Maps or Apple Maps) to find the best route for your area. - Look for routes with sidewalks crosswalks and minimal traffic. - Consider running on a trail if available like a local park or nature reserve. Let me know your city and I can help you find a specific route!","","26","232","258","20.000","49.999","8.139","122.863","9.88043","223.33911","233.21953","2026-07-07T20:25:38.859419","2026-07-07T20:25:40.159404","2026-07-07T20:26:08.663647","2026-07-07T20:26:08.664160"
"65","1","65","If a b x and y are real numbers such that ax+by=3 ax^2+by^2=7 ax^3+by^3=16 and ax^4+by^4=42 find ax^5+by^5.","","We start with the system of equations: ax + by = 3 ax^2 + by^2 = 7 ax^3 + by^3 = 16 ax^4 + by^4 = 42 We want to find the value of ax^5 + by^5. We can simplify things by defining the following sequences: s1 = ax + by s2 = ax^2 + by^2 s3 = ax^3 + by^3 s4 = ax^4 + by^4 Then our goal is to find s5 = ax^5 + by^5. Next we notice that we can derive a relationship between the s values as follows: (x+y)(ax^n + by^n) = ax^(n+1) + bxy^n + ax^ny + by^(n+1) In other words (x+y)s_n = s_(n+1) + xys_(n-1) for all n. Using this relationship we can find x+y and xy as follows: s2(x+y) = s3 + s1xy s3(x+y) = s4 + s2xy Solving this system of equations gives us: x + y = -14 xy = -38 Now we can use the relationship we derived earlier with n = 4 to find s5: 42(x + y) = s5 + 16xy Plugging in our values for x+y and xy and solving for s5 we get: s5 = 20 Therefore the value of ax^5 + by^5 is 20.","We are given the following equations involving real numbers $ a b x y $: $$ \begin{align*} (1) \quad ax + by &= 3 \\ (2) \quad ax^2 + by^2 &= 7 \\ (3) \quad ax^3 + by^3 &= 16 \\ (4) \quad ax^4 + by^4 &= 42 \\ \end{align*} $$ We are to find: $$ ax^5 + by^5 $$ --- ### Step 1: Let’s define: Let: $$ S_n = ax^n + by^n $$ Then we are given: $$ \begin{align*} S_1 &= 3 \\ S_2 &= 7 \\ S_3 &= 16 \\ S_4 &= 42 \\ \end{align*} $$ We are to find $ S_5 $. --- ### Step 2: Use the recurrence relation For sequences of the form $ S_n = ax^n + by^n $ it is known that such sequences satisfy a **linear recurrence relation** of order 2: $$ S_n = pS","","74","256","330","21.163","47.253","8.027","124.574","27.39743","249.79827","277.19570","2026-07-07T20:26:08.666841","2026-07-07T20:26:12.163568","2026-07-07T20:26:44.054619","2026-07-07T20:26:44.054999"
"66","1","66","Generate a list of the top 10 causes of global warming.","","1. Greenhouse gas emissions 2. Deforestation 3. Fossil fuel burning 4. Industrial processes 5. Agricultural practices and livestock raising 6. Transportation and travel 7. Waste production and disposal 8. Land-use changes 9. Energy production and usage 10. Water vapor increase in atmosphere.","Global warming is primarily driven by the increase in greenhouse gases in the atmosphere which trap heat and raise Earth's temperature. Here is a list of the **top 10 causes of global warming**: 1. **Burning of Fossil Fuels** Coal oil and natural gas are major sources of carbon dioxide (CO₂) a primary greenhouse gas. 2. **Deforestation** Cutting down forests reduces the number of trees that can absorb CO₂ increasing atmospheric CO₂ levels. 3. **Industrial Emissions** Factories and manufacturing processes release large amounts of CO₂ and other greenhouse gases. 4. **Transportation Emissions** Vehicles especially those powered by fossil fuels emit CO₂ and other pollutants. 5. **Agriculture and Livestock Farming** Methane (CH₄) from livestock and rice paddies along with nitrous oxide (N₂O) from fertilizers contributes significantly. 6. **Waste Management** Landfills produce methane as organic waste decomposes anaerobically. 7. **Energy Production** Power plants especially those using coal and natural gas are major sources of CO₂ emissions. 8","","26","255","281","20.029","49.929","8.108","123.334","9.81327","247.05131","256.86457","2026-07-07T20:26:44.057401","2026-07-07T20:26:45.355548","2026-07-07T20:27:16.805686","2026-07-07T20:27:16.806116"
"67","1","67","Generate a smiley face using only ASCII characters","","Here's a smiley face using ASCII characters: ` :-) `","Sure! Here's a simple smiley face using only ASCII characters: ``` (o o) ( ) ( ) ( ) ( ) ( ) ``` Or a more detailed version: ``` (o o) ( ) ( ) ( ) ( ) ( ) ``` If you'd like a more stylized version here's a more elaborate one: ``` ( o o ) ( ) ( ) ( ) ( ) ( ) ``` Let me know if you'd like a different style or size!","","21","141","162","19.900","50.251","8.252","121.183","7.77313","133.96401","141.73714","2026-07-07T20:27:16.808436","2026-07-07T20:27:17.863700","2026-07-07T20:27:34.950517","2026-07-07T20:27:34.950840"
"68","1","68","Offer advice to someone who is starting a business.","","Starting a business can seem overwhelming but taking small steps can make it manageable. Here are some tips to help you get started on the right path. 1. Develop a Business Plan: Creating a business plan will help you think through what you want your business to achieve who your customers are and how you will reach your goals. It’s also essential if you want to secure funding. 2. Research your Market: It's crucial to understand the needs of your target audience and to investigate your competition. You will want to offer something unique and valuable to your customers. 3. Secure Funding: Starting a business often requires investment. Consider all your options from bank loans to crowdfunding to personal investment and choose the option that's best for your business. 4. Create a Brand: Your business needs a strong identity that your customers can identify with. Be sure to create a clear and authoritative logo and make sure it's consistent across all aspects of your brand from business cards to websites. 5. Stay Organized: Starting a business can be a chaotic process with so many moving parts. It is essential to staying on top of your finances business plans and everyday responsibilities. 6. Be Flexible: Starting a business requires adaptability and you'll need to be prepared to make changes when required. Be open to feedback and listen to your customers when they offer critiques or suggestions. 7. Be Patient: Success doesn't happen overnight so be patient and persevering. Keep your goals in mind and work towards them every day. Remember starting a business is a huge undertaking so be kind to yourself and don't be afraid to seek help when you need it. Whether you turn to a business mentor or join a local networking group there are lots of resources out there to help you build a successful business.","Starting a business can be both exciting and challenging. Here's some practical advice to help you get off the ground and set yourself up for success: --- ### 1. **Do Your Research** - **Understand your market**: Who are your customers? What do they need? - **Competitive analysis**: Who are your competitors? What are their strengths and weaknesses? - **Industry trends**: Stay informed about what’s changing in your field. --- ### 2. **Define Your Business Model** - **What will you sell?** (Products or services) - **How will you make money?** (Pricing subscriptions etc.) - **How will you deliver value?** (Distribution customer service) --- ### 3. **Create a Business Plan** - A solid business plan is your roadmap. - Include: mission statement goals financial projections marketing strategy and operations plan. --- ### 4. **Build a Strong Brand** - **Define your brand identity**: Name logo voice and values. - **Consistency is key**: Make sure all your branding elements are consistent across platforms. --- ### 5. **Secure Funding** - **Bootstrapping**: Use personal savings or revenue from early sales.","","22","256","278","20.657","48.410","8.149","122.709","7.90018","246.16970","254.06988","2026-07-07T20:27:34.953093","2026-07-07T20:27:36.018104","2026-07-07T20:28:07.431647","2026-07-07T20:28:07.432054"
"69","1","69","Find the modifiers in the sentence and list them.","The girl with short curly hair laughed loudly.","1. Short (modifies hair) 2. Curly (modifies hair) 3. Loudly (modifies laughed)","In the sentence ** The girl with short curly hair laughed loudly ** the **modifiers** are: 1. **with short curly hair** – This is a **prepositional phrase** that modifies ** girl ** describing her appearance. 2. **loudly** – This is an **adverb** that modifies the verb ** laughed ** indicating how she laughed. ### List of modifiers: - **with short curly hair** (prepositional phrase modifying girl ) - **loudly** (adverb modifying laughed )","","31","119","150","21.147","47.289","8.256","121.122","11.30439","112.82273","124.12712","2026-07-07T20:28:07.434760","2026-07-07T20:28:08.900721","2026-07-07T20:28:23.314281","2026-07-07T20:28:23.314613"
"70","1","70","Edit the following sentence: The house was green but large.","","The house was large and painted green.","The house was green but it was large.","","26","14","40","20.029","49.928","8.359","119.635","9.34125","12.95065","22.29190","2026-07-07T20:28:23.316879","2026-07-07T20:28:24.615016","2026-07-07T20:28:26.289903","2026-07-07T20:28:26.290102"
"71","1","71","Identify the components of a good formal essay?","","A good formal essay consists of several components that help the writer convey their message effectively to the reader. These components include: 1. Introduction: The introduction should introduce the topic provide context and background information and present the thesis statement. It should effectively capture the reader's attention and provide a clear focus for the rest of the essay. 2. Thesis Statement: The thesis statement is a concise summary of the main point or argument of the essay. It should clearly state the main idea that the essay will support and develop. 3. Body Paragraphs: The body paragraphs should develop and support the thesis statement by presenting evidence examples and analysis. Each paragraph should have a topic sentence which introduces the main idea of the paragraph and should be organized in a logical and coherent manner. 4. Transitions: Transitions are words or phrases that help the reader move smoothly from one idea to the next. They should be used between paragraphs and within paragraphs to provide coherence and clarity to the essay. 5. Conclusion: The conclusion should restate the thesis statement summarize the main points and provide a sense of closure. It should bring the essay to a logical and satisfying end without introducing any new information or ideas. 6. Formal Language and Style: A formal essay should use formal language and a formal style avoiding slang contractions and colloquialisms. The tone should be objective and the writing should be clear and concise. 7. Proper Citations: A formal essay should properly cite any sources used using the appropriate citation style. This provides credit to the original authors and allows the reader to locate and verify the information presented in the essay. 8. Formatting: A formal essay should follow the standard formatting guidelines such as using a readable font double spacing and including page numbers. It should also follow any specific guidelines provided by the instructor or publisher.","A good formal essay typically consists of several key components that work together to present a clear coherent and well-structured argument or discussion. Here are the main components of a formal essay: --- ### 1. **Title** - A clear concise and formal title that reflects the essay's topic. - Often placed at the top of the page centered and in bold or italics. --- ### 2. **Introduction** - **Hook**: An engaging opening sentence or phrase that grabs the reader’s attention. - **Background Information**: Brief context or background on the topic. - **Thesis Statement**: A clear concise statement that presents the main idea or argument of the essay. - **Outline of the Essay**: A brief overview of the structure of the essay if appropriate. --- ### 3. **Body Paragraphs** - **Topic Sentence**: A sentence that introduces the main idea of the paragraph. - **Evidence**: Supporting facts statistics quotes or examples from credible sources. - **Analysis**: Explanation of how the evidence supports the thesis or topic sentence. - **Conclusion Sentence**: A sentence that wraps up the paragraph and links it to the main argument. - **Number of paragraphs**: Typically 3–5","","22","256","278","20.679","48.358","8.152","122.668","7.86077","246.00701","253.86778","2026-07-07T20:28:26.292094","2026-07-07T20:28:27.355973","2026-07-07T20:28:58.758866","2026-07-07T20:28:58.759317"
"72","1","72","Rewrite this sentence to reflect a positive attitude","I can't do this.","I can do this if I put in some effort and seek the right support.","I can try my best.","","28","10","38","21.069","47.462","8.357","119.658","10.04882","9.36234","19.41116","2026-07-07T20:28:58.761851","2026-07-07T20:29:00.090798","2026-07-07T20:29:01.287374","2026-07-07T20:29:01.287568"
"73","1","73","List some pros and cons of using a hot air balloon for transportation.","","Pros of using a hot air balloon for transportation: 1. Scenic and unique experience: Hot air ballooning is a unique way to travel that offers panoramic views of the surroundings. 2. Eco-friendly: Hot air balloons use wind currents to travel producing no harmful emissions and reducing the carbon footprint of travel. 3. Low noise levels: With no engine a hot air balloon ride is very peaceful and the low noise level makes for a tranquil and serene ride. 4. A good conversation starter: Taking a hot air balloon ride is not an everyday activity and the experience can make for an interesting conversation topic. Cons of using a hot air balloon for transportation: 1. Weather dependent: Hot air ballooning is very weather dependent with flights being canceled in high winds or thunderstorms making it an unreliable mode of transport. 2. Slow: Hot air balloons travel at the mercy of the wind currents and cannot be steered in a specific direction which makes for a slower and longer journey. 3. Limited capacity: Hot air balloons are not designed to carry large numbers of passengers limiting their use as a mass transportation option. 4. Expensive: Hot air balloon rides can be quite expensive and the cost can be prohibitive for regular use as a mode of transportation. 5. Low accessibility: Hot air balloons need a large open space to launch and land which makes them less accessible in urban areas.","Using a hot air balloon for transportation has a unique set of advantages and disadvantages depending on the intended use. Here's a balanced list of pros and cons: --- ### **Pros of Using a Hot Air Balloon for Transportation:** 1. **Aerial Views and Scenic Experience** Hot air balloons offer a breathtaking serene view of the landscape making the journey itself a memorable experience. 2. **Low Environmental Impact** Balloons produce no noise pollution or carbon emissions making them an eco-friendly mode of transport. 3. **Cost-Effective for Short Distances** For short trips (e.g. over mountain ranges across water bodies) hot air balloons can be cheaper than traditional aircraft or boats. 4. **Unique and Experiential** Balloon rides are often used for tourism events or advertising providing a one-of-a-kind experience that can attract media attention. 5. **No Air Traffic Control** Hot air balloons are not subject to the same regulations as commercial aircraft allowing for more flexible flight paths. 6. **Versatility in Terrain** Balloons can land in open areas making them useful for reaching remote or difficult-to-reach locations.","","26","256","282","20.064","49.840","8.143","122.809","9.63236","246.81135","256.44371","2026-07-07T20:29:01.289620","2026-07-07T20:29:02.585450","2026-07-07T20:29:34.024603","2026-07-07T20:29:34.025028"
"74","1","74","Summarize what we know about the coronavirus.","","Coronavirus also known as COVID-19 is a respiratory illness caused by the SARS-CoV-2 virus. The virus was first identified in Wuhan China in December 2019 and quickly spread globally becoming a pandemic. Common symptoms of COVID-19 include fever cough and difficulty breathing although some people may have mild or asymptomatic cases. The virus is primarily spread through respiratory droplets from an infected person and transmission can occur even if the person does not show symptoms. The best way to prevent the spread of the virus is through social distancing wearing a mask and practicing good hygiene. Several vaccines have been developed and are being distributed with the goal of achieving herd immunity and slowing the spread of the virus. However variants of the virus such as the Delta variant have emerged and are causing concern. It is important to continue practicing prevention measures and following guidance from health authorities to combat the pandemic.","The coronavirus specifically SARS-CoV-2 is a member of the coronavirus family which includes viruses that can cause respiratory infections. The virus was first identified in Wuhan China in December 2019 and it was linked to the outbreak of the disease later called COVID-19. Key points about the coronavirus (SARS-CoV-2): 1. **Origin**: The virus is believed to have originated from bats and may have been transmitted to humans through an intermediate host possibly pangolins. 2. **Transmission**: It spreads primarily through respiratory droplets when an infected person coughs sneezes or talks. It can also spread through contact with contaminated surfaces and then touching the face. 3. **Symptoms**: Common symptoms include fever dry cough and shortness of breath. More severe cases can lead to pneumonia acute respiratory distress syndrome (ARDS) and even death. Some people may experience mild or no symptoms (asymptomatic). 4. **Pandemic**: The virus caused a global pandemic leading to widespread lockdowns travel restrictions and significant economic and social disruption. 5. **Vaccines and Treatments**: Vaccines have been developed and distributed globally to prevent","","22","256","278","20.682","48.351","8.145","122.774","8.00348","245.57969","253.58317","2026-07-07T20:29:34.027450","2026-07-07T20:29:35.091173","2026-07-07T20:30:06.521229","2026-07-07T20:30:06.521611"
"75","1","75","Name a famous actor who has won an Oscar for Best Actor","","Tom Hanks is a famous actor who has won two Oscars for Best Actor for his roles in Philadelphia (1993) and Forrest Gump (1994).","Leonardo DiCaprio is a famous actor who has won an Oscar for Best Actor. He won the Academy Award for Best Actor in 2009 for his role as Jackrabbit in the film *The Departed*.","","24","50","74","20.152","49.624","8.331","120.037","8.58807","46.60599","55.19406","2026-07-07T20:30:06.524026","2026-07-07T20:30:07.714998","2026-07-07T20:30:13.716825","2026-07-07T20:30:13.717127"
"76","1","76","Suggest a story title for the passage you just wrote.","","Journey into the Unknown: One Family's Discovery of the Past","**Title Suggestion:** *The Weight of Silence* This title reflects the central theme of the passage which likely explores the emotional and psychological impact of silence—whether in the form of unspoken words quiet tension or the absence of communication. It suggests a narrative that delves into the meaning behind quiet moments the burdens they carry and the stories left unsaid.","","24","81","105","19.970","50.076","8.296","120.542","8.70899","76.57290","85.28189","2026-07-07T20:30:13.719307","2026-07-07T20:30:14.921126","2026-07-07T20:30:24.685036","2026-07-07T20:30:24.685358"
"77","1","77","What is the gravitational effect of the Moon on Earth?","","The gravitational effect of the Moon on the Earth is primarily responsible for the phenomenon of tides where the rise and fall of sea levels occur due to the gravitational pull between the two celestial bodies. The Moon's gravity causes a cyclical bulge of water on the Earth's surface that faces the Moon subsequently causing high tides with another bulge occurring on the opposite side because of the inertial force of the Earth's rotation. Additionally The Moon's gravitational force stabilizes the Earth's axial tilt which affects the climate and seasons. Without the Moon Earth's axial tilt could undergo large variations leading to dramatic climate change.","The gravitational effect of the Moon on Earth is significant though relatively small compared to the Sun's influence. Here's a detailed breakdown of the main effects: ### 1. **Tidal Forces** - **Tides**: The Moon's gravity is the primary cause of the tides on Earth. The gravitational pull of the Moon creates two tidal bulges on Earth: one on the side facing the Moon and one on the opposite side. - **Spring and Neap Tides**: The height of the tides varies depending on the relative positions of the Earth Moon and Sun. When the Moon is directly opposite the Sun (full moon) the tides are highest (spring tides). When the Moon is at a right angle to the Sun (quarter moon) the tides are lower (neap tides). ### 2. **Earth's Rotation Slowdown** - **Rotational Slowdown**: The gravitational pull of the Moon on Earth's oceans creates friction which slows down Earth's rotation over time. This is why days are getting longer by about 2.5 milliseconds every year. - **Moon's Retrograde Motion**: The Moon is gradually moving away from Earth due to the angular momentum exchange with Earth's rotation. This results","","23","256","279","19.743","50.651","8.150","122.701","8.69619","246.12296","254.81916","2026-07-07T20:30:24.687632","2026-07-07T20:30:25.852604","2026-07-07T20:30:57.264083","2026-07-07T20:30:57.264468"
"78","1","78","Compose a love poem for someone special.","","My love my heart's pure essence my light In you my soul has found its greatest might Each breath of yours a symphony so grand A masterpiece so true in love's command In you I see the blossom of the dawn A beauty and a grace forever drawn Your smile like sunshine chasing clouds away Bringing warmth and hope to each new day. My love my passion my everything The rhythm to my heartbeat's softest string In you a love so enchanting so real A passion overwhelming all I feel. My heart will forever sing your praise As I am lost in love's sweetest maze You are my reason my north star my guide With you I am truly alive inside. My love in every moment of each day I thank the stars that you came my way For with you my heart has found its home My love in you I’m never alone.","**For You My Heart’s Gentle Flame** In the quiet of dawn when the world is still I find you in the light a whisper of will. Your name a melody that dances through me A song that only I can ever hear. You are the calm in the storm of my soul The warmth in the winter the spring in the snow. Your laughter is music a gentle bright tune That makes every moment feel like a new dawn. I’ve traced the stars in the sky But you are the constellations that shine so true. In every glance a universe is seen A love that time cannot ever unweave. So here’s to the days we’ll share To the laughter the tears the quiet the fire. For you are my forever my forever my love The one who makes my heart feel so right. I’ll walk through life with you hand in hand Through every joy every sorrow every chance. For you are my everything my dearest my light— The love I’ve always known and will always find.","","20","253","273","19.405","51.533","8.124","123.097","7.89336","243.83347","251.72683","2026-07-07T20:30:57.266773","2026-07-07T20:30:58.297438","2026-07-07T20:31:29.441028","2026-07-07T20:31:29.441436"
"79","1","79","Create a mnemonic to remember the capital cities of the three Baltic countries.","","Here's a possible mnemonic: LET's go to the Baltic capitals . Each letter in the word LET represents the first letter of each capital city in the region: L for Tallinn of Estonia E for Riga of Latvia and T for Vilnius of Lithuania.","Sure! Here's a mnemonic to help you remember the capital cities of the three Baltic countries: **Estonia** – **Tallinn** **Latvia** – **Riga** **Lithuania** – **Vilnius** ### Mnemonic: ** Tallinn Riga Vilnius ** Or for a more memorable phrase: ** Tallinn Riga Vilnius – the three cities that stand tall in the Baltic! ** ### Alternative Mnemonic (using the first letters): **T R V** – **Tallinn Riga Vilnius** You can also use the phrase: ** Tall Riga Vilnius – the Baltic trio! ** Let me know if you'd like a rhyme or a song version!","","26","179","205","19.985","50.038","8.199","121.961","9.45721","171.35570","180.81291","2026-07-07T20:31:29.443890","2026-07-07T20:31:30.744883","2026-07-07T20:31:52.575859","2026-07-07T20:31:52.576323"
"80","1","80","Generate an acrostic poem.","Spring","Sunshine and warmth bring us out doors Petals bloom and bees are buzzing Rain showers that make the gardens grow Incredible time for new beginnings Nature awakens from a winter slumber Green grass and leaves on the trees once more","**S**pring is a time of renewal **P**etal whispers dance in the breeze **R**eady to bloom the earth awakes **I**n a world turned bright and new **N**ature’s song fills the air with hope **G**round alive with green and light **S**unlight paints the sky in gold **P**oppy hues a vibrant scene **R**aindrops fall a gentle touch **I**n the heart of the season’s grace. **N**ow the world is alive again.","","20","135","155","19.389","51.575","8.262","121.031","8.12053","127.68541","135.80594","2026-07-07T20:31:52.578638","2026-07-07T20:31:53.610146","2026-07-07T20:32:09.949379","2026-07-07T20:32:09.949842"
"81","1","81","Brainstorm a creative idea for a team-building exercise.","","One creative idea for a team-building exercise could be a Virtual Escape Room challenge. In this activity team members work together to solve puzzles and complete tasks to escape a virtual room within a set time limit. To make it more interactive and engaging the escape room can be designed around a specific theme or storyline such as a heist or a treasure hunt. In the virtual escape room team members will have to communicate effectively delegate tasks and rely on each other's strengths to successfully complete the challenge. This activity not only promotes collaboration and problem solving but it also allows team members to get to know each other better and have some fun in the process.","Sure! Here's a creative and engaging team-building exercise called ** Escape from the Mind Maze **: --- ### **Escape from the Mind Maze** **Objective:** To foster teamwork communication problem-solving and creative thinking through a collaborative puzzle challenge. **Setup:** - Divide the team into small groups of 4–6 people. - Set up a Mind Maze environment using a combination of physical and digital elements. This could be a physical room with puzzle stations or a virtual simulation where teams must solve riddles and puzzles in real-time. **Game Overview:** The team must escape a mind maze by solving a series of interconnected puzzles riddles and logic challenges. Each puzzle is designed to require input from all team members encouraging collaboration and communication. **Key Elements:** 1. **Puzzle Stations:** - Each station presents a different type of challenge (e.g. logic puzzles wordplay math problems or physical tasks). - Teams must work together to solve these puzzles often needing to share information or combine different skills. 2. **Time Pressure:** - The maze has a set time limit (e.g. 45 minutes) to create urgency and keep","","23","256","279","19.728","50.690","8.149","122.717","8.88638","246.24631","255.13269","2026-07-07T20:32:09.952195","2026-07-07T20:32:11.118072","2026-07-07T20:32:42.533662","2026-07-07T20:32:42.534091"
"82","1","82","Create an algorithm that classifies a given text into one of five categories.","This is a breathtaking landscape of mountains and lush vegetation.","Step 1: Define the categories and associated keywords - Nature: mountain vegetation landscape forest beach river lake ocean - Sports: football basketball hockey tennis running cycling fitness - Technology: computer internet software AI smartphone device gadget - Food: pizza pasta burger fruit vegetable cooking recipe cuisine - Art: painting sculpture music theater dance literature poetry Step 2: Tokenize and preprocess the input text - Convert the input text to lower case: this is a breathtaking landscape of mountains and lush vegetation. - Split the text into individual words: ['this' 'is' 'a' 'breathtaking' 'landscape' 'of' 'mountains' 'and' 'lush' 'vegetation'] Step 3: Count the number of keywords in the text for each category - Nature: 3 - Sports: 0 - Technology: 0 - Food: 0 - Art: 0 Step 4: Determine the category with the highest count - The category with the highest count is Nature. Step 5: Return the classification - The input text is classified as Nature.","Sure! Here's a simple algorithm that classifies a given text into one of five categories. For this example let's define the five categories as: 1. **Nature** 2. **Technology** 3. **Finance** 4. **Health** 5. **Sports** ### Example Text: > This is a breathtaking landscape of mountains and lush vegetation. ### Algorithm (Text Classification): ```python def classify_text(text): # Define category keywords nature_keywords = { mountain landscape nature vegetation breathtaking lush forest river tree } tech_keywords = { technology software code algorithm AI machine data network } finance_keywords = { stock market finance currency invest bank trade investment } health_keywords = { health wellness medicines vaccines doctor hospital exercise nutrients } sports_keywords = { sport game play match coach player goal champion","","38","256","294","20.184","49.545","8.115","123.234","14.18496","248.03974","262.22469","2026-07-07T20:32:42.536611","2026-07-07T20:32:44.419313","2026-07-07T20:33:15.967296","2026-07-07T20:33:15.967676"
"83","1","83","Suggest a way to organize a closet efficiently.","","One way to organize a closet efficiently is to follow these steps: 1. First clear out everything from the closet and sort through the items. Donate or get rid of anything that you no longer wear or use. 2. Organize your clothes by type such as separating shirts pants dresses and jackets. Within these groups you can then organize them by color length or season. 3. Utilize shelving hanging rods and storage boxes or bins to maximize space. Place the most frequently used items at eye-level and within easy reach. 4. Use space-saving hangers and slim velvet hangers these save a lot of horizontal space and give a cleaner look. 5. Use shelf dividers to keep stacks of folded clothes neat and tidy. 6. Store off-season clothing or items that you rarely use in vacuum-sealed storage bags or in boxes on a higher shelf to free up space. 7. Consider using drawer organizers or storage boxes to keep smaller items such as socks or undergarments neat and easily accessible. 8. Make use of the closet door by hanging an over-the-door shoe organizer or hooks to store shoes bags or accessories. 9. Finally make sure to maintain the organization by putting things back in their designated spot after use and regularly reassessing and decluttering your closet. By implementing these steps you should be able to efficiently organize your closet and easily find what you're looking for.","Organizing a closet efficiently can help you find what you need quickly reduce clutter and make the space feel more open and functional. Here's a step-by-step approach to organize your closet: --- ### **1. Declutter Your Closet** - **Remove everything**: Take out all items from the closet. - **Donate or discard**: Get rid of items you no longer use have outgrown or don’t need. - **Keep only what you use**: This is the first step in any closet organization process. --- ### **2. Sort by Category** - **Group items by type**: For example: - Apparel (shirts pants skirts dresses) - Footwear (shoes boots socks) - Accessories (hat belts jewelry) - Seasonal clothing - Laundry (socks underwear etc.) --- ### **3. Create Zones or Sections** - **Define areas** for different types of clothing: - Upper closet: for seasonal or less frequently worn items - Lower closet: for daily wear - Dressing area: for formal or special occasions - Use shelves organizers and dividers to separate items. --- ### **4. Use Storage Solutions","","22","256","278","20.676","48.365","8.148","122.726","8.04650","246.08841","254.13491","2026-07-07T20:33:15.970072","2026-07-07T20:33:17.034094","2026-07-07T20:33:48.451904","2026-07-07T20:33:48.452314"
"84","1","84","Train a GPT 3 language model to generate a realistic fake review for a given product.","Product: IKEA side table","The IKEA side table is a fantastic addition to my home. It's simple yet stylish design adds a touch of elegance to any room. It's the perfect size for placing next to a sofa or armchair providing a convenient spot for a cup of coffee or book. The build quality and durability are excellent and it's really easy to put together. It's a great value for the price and I would highly recommend it to anyone in need of a functional well-made side table.","Sure! Here's a **realistic fake review** for an **IKEA side table**. This review is written in the style of a typical customer on a review platform like Amazon Best Buy or a home goods website. --- **Product:** IKEA PAX Side Table **Review Title:** Perfect for My Small Room – A Must-Have! **Review:** I recently purchased the IKEA PAX side table and I'm really impressed with how much it has exceeded my expectations. I needed a compact sturdy side table for my small bedroom and this one fits the bill perfectly. The table is lightweight but very stable—no wobbling or swaying even on a slightly uneven floor. The design is modern and sleek with a wooden finish that looks great in my room. I love how it blends well with the rest of my IKEA furniture which is a plus for someone like me who loves the IKEA aesthetic. The storage compartment is a nice touch. I use it to keep my phone a small lamp and some books close at hand. It’s not too deep so it doesn’t take up too much space but it’s still very functional. The only minor downside is that it","","37","256","293","20.000","49.999","8.117","123.200","14.87135","246.71216","261.58352","2026-07-07T20:33:48.454882","2026-07-07T20:33:50.304852","2026-07-07T20:34:21.844138","2026-07-07T20:34:21.844550"
"85","1","85","Give me a strategy to increase my productivity.","","Here are some effective strategies that can help you increase your productivity: 1. Set Clear Goals: Start by setting clear goals and breaking them down into smaller manageable tasks. Having a clear understanding of what you want to achieve helps keep you focused and motivated. 2. Use a To-Do List: Write down all the tasks you need to complete for the day or week and prioritize them according to their importance and urgency. This helps you stay organized and on track. 3. Avoid Distractions: Identify and minimize distractions that take your attention away from your work. This could include turning off notifications for non-essential apps working in a quiet environment and avoiding multitasking. 4. Take Breaks Regularly: It's essential to take breaks regularly to recharge and refresh your mind. During your breaks you can do a quick exercise meditate or even take a short walk to clear your head. 5. Use Tools and Apps: There are plenty of tools and apps available to help you stay productive. Use apps like Trello or Asana to manage your tasks Pomodoro timers to maintain focus and blocking apps to minimize distraction. 6. Optimizing your daily routine: It is important to have a morning routine aimed at increasing your energy and concentration during the day. Sleeping well eating healthy and having a pleasant time to wake up are factors that have a strong influence on daily productivity. By implementing these strategies you can effectively increase your productivity achieve your goals and reach your fullest potential.","Certainly! Here's a structured strategy to help you increase your productivity based on time management focus and habit-building: --- ## **Productivity Strategy: The 4-Step Approach** ### **1. Plan and Prioritize (Preparation is Key)** - **Set Clear Goals**: Define both short-term and long-term goals. Use the **SMART** method (Specific Measurable Achievable Relevant Time-bound). - **Use a Planning Tool**: Use a digital planner (like Google Calendar Notion or Trello) or a physical planner to schedule your day. - **Daily and Weekly Planning**: Dedicate 15 minutes each day to plan your tasks. For the week use the **Eisenhower Matrix** to prioritize tasks by urgency and importance. - **Break Tasks into Steps**: Divide large tasks into smaller manageable steps. This reduces overwhelm and makes progress feel achievable. ### **2. Focus and Avoid Distractions (Mindfulness and Discipline)** - **Time Blocking**: Allocate specific time blocks for focused work (e.g. 90 minutes of deep work followed by a 15-minute break). - **Use the Pomodoro Technique**: Work in 25-minute intervals","","21","256","277","19.921","50.197","8.154","122.637","8.06856","245.80908","253.87764","2026-07-07T20:34:21.846869","2026-07-07T20:34:22.901009","2026-07-07T20:34:54.296088","2026-07-07T20:34:54.296470"
"86","1","86","Write a story that uses the following four words: sunset starry journey adventure","","Once upon a time there was a young boy who dreamed of embarking on an epic journey. He longed for adventure and the thrill of exploring new lands. One warm summer evening as he gazed out at the beautiful sunset he knew that it was time to set out on his quest. The boy packed a small bag with everything he would need for his journey and set out into the night. The sky was starry and clear and the moon shone brightly lighting his way. As he walked he couldn't help but feel excited about the adventure that lay ahead. Days turned into weeks as the boy journeyed further and further from home. He encountered all sorts of obstacles and challenges but with each one he became stronger and more determined. The sun set and rose each day marking the passage of time as he continued on his quest. Finally after many long weeks of travel the boy reached his destination. He had discovered a new land filled with wonders and beauty beyond anything he could have ever imagined. The sunset over this new world was more breathtaking than any he had ever seen and the starry sky seemed to sparkle more brightly than ever before. The boy knew that his journey had been worth every step and he was grateful for the adventure that had brought him to this magical place. And so as he watched the sun set on another day he knew that this was just the beginning of a lifetime of exploration and discovery.","In the quiet town of Elmsworth where the streets were lined with old oaks and the air always smelled of pine lived a young woman named Lila. She had always felt a pull toward the unknown a whisper in her heart that urged her to leave the familiar behind and seek something more. One evening as the sun dipped below the horizon casting the sky in hues of gold and violet Lila stood at the edge of the forest gazing at the **sunset** that painted the sky in a canvas of fire and light. It was a moment she would never forget—so bright so full of life yet so fleeting. She felt a stirring in her soul a call to adventure. The next morning she packed a small backpack with a map a journal and a compass. With a heart full of hope and a mind brimming with curiosity she set off on her **journey** into the unknown. The path was winding through dense forests and over hills that rose like ancient sentinels. Days turned into weeks and the world outside her small town became a tapestry of wonder. She met a fox with a silver tail a old man who told her stories of the stars","","30","256","286","20.565","48.625","8.131","122.993","11.52300","246.68446","258.20746","2026-07-07T20:34:54.299054","2026-07-07T20:34:55.757812","2026-07-07T20:35:27.244064","2026-07-07T20:35:27.244520"
"87","1","87","Think of a creative way to transport a car from Denver to Texas.","","One idea for transporting a car from Denver to Texas in a creative way is to use helium filled balloons to float it through the sky. The car could be fitted with a harness and a large number of high-strength balloons could be attached to it. Once filled with helium the balloons would lift the car up into the air allowing it to be gently floated towards Texas. A small team of trained pilots could use drones to navigate the car and control its altitude making sure it stays on course and avoiding any obstacles or hazards along the way. This would be a unique and visually stunning way to transport the car and could draw a lot of attention and interest from people along the route.","Sure! Here's a creative and imaginative way to transport a car from Denver to Texas: --- ** The Skyway Express: A Car Transport Adventure with a Twist ** **Step 1: The Car is Transformed into a Skyway Pod ** The car is disassembled and reassembled into a sleek futuristic Skyway Pod designed to float on a network of aerial highways. This pod is equipped with anti-gravity technology allowing it to glide above the Earth's surface. **Step 2: The Skyway Network is Activated** A network of floating highways connects Denver to Texas with checkpoints and landing platforms along the way. The Skyway Pod is guided by AI navigation systems that optimize the route for speed and safety. **Step 3: The Journey Begins** The Skyway Pod takes off from Denver soaring above the clouds and bypassing all the roads traffic and delays of traditional transportation. It glides smoothly with views of the Rocky Mountains below and the vast American plains above. **Step 4: A Mid-Journey Stop at the Cloud Café ** En route the Skyway Pod lands at a floating café where passengers can enjoy a cup of A","","26","256","282","20.014","49.965","8.143","122.804","9.54924","247.11987","256.66912","2026-07-07T20:35:27.247020","2026-07-07T20:35:28.546120","2026-07-07T20:35:59.984030","2026-07-07T20:35:59.984434"
"88","1","88","Name a famous person who embodies the following values: knowledge and creativity.","","One famous person who embodies the values of knowledge and creativity is Albert Einstein. He is widely regarded as one of the most brilliant and influential scientists of all time and his groundbreaking theories and ideas have had a profound impact on our understanding of the universe. Einstein was a creative thinker who was able to develop new and innovative ideas and he also had a deep and expansive knowledge of the scientific principles and theories of his time.","A famous person who embodies the values of **knowledge** and **creativity** is **Steve Jobs**. Steve Jobs was not only a visionary entrepreneur and the co-founder of Apple Inc. but also a deeply curious and innovative thinker. His approach to design technology and user experience was rooted in a combination of deep knowledge in technology design and business alongside a creative mindset that redefined industries. Other notable figures who embody these values include: - **Albert Einstein** (knowledge in physics creativity in thinking) - **Maya Angelou** (knowledge in literature creativity in writing) - **Leonardo da Vinci** (knowledge in art science and engineering with creative genius) But if you're looking for someone who has made a significant impact in the modern world through both intellectual depth and creative innovation **Steve Jobs** is an excellent choice.","","26","181","207","20.048","49.881","8.199","121.959","9.72295","173.11655","182.83950","2026-07-07T20:35:59.986845","2026-07-07T20:36:01.283744","2026-07-07T20:36:23.358383","2026-07-07T20:36:23.358750"
"89","1","89","Design a smartphone app","","The smartphone app I would design would be a personal organization and productivity tool. The app would feature a clean and intuitive user interface and it would be divided into several sections including a calendar to-do list goal tracker and note-taking section. The calendar section would allow users to add events and appointments set reminders and view their schedule in a daily weekly or monthly layout. The to-do list would enable users to organize tasks into categories and prioritize them based on urgency and importance. The goal tracker would help users set and track their personal and professional goals with features such as progress tracking and customizable milestones. Finally the note-taking section would provide a space for users to jot down ideas and reminders with the option to add images and voice recordings. The app would also integrate with other commonly used applications such as email and cloud storage to provide a seamless experience. Users could set up custom notifications and reminders to ensure they stay on track with their tasks and goals. Overall the app would be a comprehensive tool for managing time organizing tasks and achieving personal and professional goals.","Sure! Let's design a **smartphone app**. I'll create a **conceptual app** with a **name** **purpose** **features** **user flow** and a **UI/UX sketch**. --- ## 🧩 App Concept: **EcoTrack** – A Sustainability Tracker App ### 🧩 App Name: **EcoTrack** ### 🧩 Purpose: EcoTrack is a **sustainability tracking app** that helps users reduce their environmental impact through **eco-friendly habits** **carbon footprint tracking** and **community engagement**. --- ## 🧩 Key Features 1. **Carbon Footprint Tracker** - Tracks daily activities (e.g. transportation energy use food waste) - Calculates CO2 emissions based on user input 2. **Sustainable Habits** - Daily checklists for eco-friendly actions (e.g. reusable water bottles energy-saving tips) - Progress badges and rewards 3. **Community Engagement** - Join local or global sustainability groups - Share achievements and compete with friends 4. **Eco-Friendly Product Finder** - Search for eco-friendly products (e.g. reusable bags biodegradable products) -","","16","252","268","20.015","49.964","8.039","124.395","5.40906","245.88042","251.28947","2026-07-07T20:36:23.361026","2026-07-07T20:36:24.160444","2026-07-07T20:36:55.508062","2026-07-07T20:36:55.508454"
"90","1","90","Create an appropriate title for a song.","","Heartbeats and Echoes","Echoes of Us","","20","10","30","19.440","51.440","8.368","119.497","8.06238","9.39990","17.46228","2026-07-07T20:36:55.510796","2026-07-07T20:36:56.539589","2026-07-07T20:36:57.734559","2026-07-07T20:36:57.734809"
"91","1","91","Write a 100-word description of a bustling city street scene.","","The city street is alive with energy and movement as people from all walks of life hurry along the crowded sidewalks. The sounds of car horns and chatter fill the air contributing to the lively atmosphere. Street vendors line the sidewalks selling everything from hot dogs to exotic souvenirs attracting customers with their colorful displays and enticing aromas. Traffic is heavy with cars buses and bikes all vying for space on the busy roads. The bright lights of towering buildings and flashing signs illuminate the scene creating a vibrant and bustling urban environment.","The city street pulses with life. Vendors shout from food stalls their aromas mingling with the scent of oil and exhaust. Taxi horns blare as pedestrians weave through the crowd dodging delivery bikes and hurried commuters. Children laugh as they chase each other beneath the neon glow of towering billboards. Motorcycles zip past their engines roaring while buses rumble along the curb. The air is thick with noise smoke and the clamor of a thousand voices. Street performers sway to the beat of a distant drum and the scent of street food fills the air. In this relentless rhythm the city breathes—alive chaotic and unyielding.","","27","141","168","20.431","48.945","8.247","121.261","10.56267","133.89263","144.45530","2026-07-07T20:36:57.736991","2026-07-07T20:36:59.058515","2026-07-07T20:37:16.156248","2026-07-07T20:37:16.156643"
"92","1","92","Rewrite the sentence using a different way of saying must .","Everyone must remember to bring their supplies to class.","It is imperative for everyone to remember to bring their supplies to class.","Everyone needs to remember to bring their supplies to class.","","35","15","50","20.181","49.550","8.349","119.775","13.65146","14.07065","27.72212","2026-07-07T20:37:16.159199","2026-07-07T20:37:17.893464","2026-07-07T20:37:19.690091","2026-07-07T20:37:19.690349"
"93","1","93","Convert the following graphic into a text description.","","I'm sorry but as an AI language model I cannot see the graphic you provided. Please provide a textual description of the graphic or any other text-based information so I can assist you better.","Sure! Please provide the graphic or describe it in detail so I can convert it into a text description for you.","","21","27","48","19.893","50.269","8.358","119.643","7.81161","24.96002","32.77162","2026-07-07T20:37:19.692412","2026-07-07T20:37:20.748062","2026-07-07T20:37:23.978428","2026-07-07T20:37:23.978708"
"94","1","94","Imagine you are making an egg sandwich write out a step-by-step instruction to make the sandwich.","","Here is a step-by-step instruction to make an egg sandwich: 1. Start by gathering all the ingredients you will need. These include bread eggs butter mayonnaise lettuce salt pepper and any other toppings or condiments you want to add. 2. Heat a non-stick skillet over medium heat and add a small pat of butter to the skillet. 3. Crack the eggs into the skillet and cook until the whites are set but the yolks are still runny. You can also flip the eggs over and cook for a few seconds on the other side if you prefer your yolks more cooked. 4. While the eggs are cooking toast the bread to your desired level of toasty-ness. You can use a toaster or you can toast the bread in the skillet by melting some butter on it and cooking the bread over medium-low heat until it is lightly browned on both sides. 5. Once the bread is toasted spread one side of each slice with mayonnaise. Place the lettuce on top of one slice of bread. 6. When the eggs are cooked use a spatula to carefully transfer them on top of the lettuce. Season with salt and pepper to taste. 7. Add any other toppings or condiments you want to include such as cheese sliced tomato or bacon. 8. Top with the other slice of bread mayonnaise side down. Cut the sandwich in half if desired and serve immediately. Enjoy your delicious egg sandwich!","Sure! Here's a step-by-step guide to making an egg sandwich: --- **Step-by-Step Instructions for Making an Egg Sandwich** **1. Gather Your Ingredients:** - 2 slices of bread (white whole wheat or your preferred type) - 1 egg - 1 slice of cheese (optional such as cheddar Swiss or melted cheese) - 1 tablespoon of butter or margarine (optional for cooking the egg) - Salt and pepper (to taste) - Cooking oil or butter (for pan-frying the egg) - A small bowl for the egg (optional) **2. Prepare the Egg:** - Crack the egg into a small bowl. - Add a pinch of salt and a dash of pepper. - If using cheese you can add a slice of cheese to the bottom of the bread or melt it in the pan with the egg. **3. Cook the Egg:** - Heat a non-stick skillet or pan over medium heat. - Add a small amount of oil or butter to the pan. - Once the pan is hot pour in the egg mixture. - Let the egg cook for about 2-3 minutes on one side then flip it over and cook","","32","256","288","20.370","49.092","8.126","123.065","11.99658","246.92747","258.92405","2026-07-07T20:37:23.980968","2026-07-07T20:37:25.551910","2026-07-07T20:37:57.056509","2026-07-07T20:37:57.056935"
"95","1","95","Predict how technology will change in the next 5 years.","","In the next five years technology is expected to advance significantly driven by trends such as artificial intelligence (AI) virtual and augmented reality the Internet of Things (IoT) 5G connectivity and automation. Here are some ways technology may change in the coming years: 1. Greater adoption of AI and Machine Learning: The use of AI and machine learning will continue to grow with more businesses and organizations incorporating these technologies into their operations. This will lead to more automation of tasks improved accuracy and efficiency in data analysis and the development of smarter and more intuitive software. 2. Widespread implementation of 5G: The rollout of 5G networks will revolutionize the way we connect and communicate bringing faster internet speeds stronger connections and reduced response times. This will enable advancements in fields such as telemedicine remote work and gaming. 3. Advancements in VR and AR: Virtual and augmented reality technologies will continue to develop with more immersive and interactive experiences becoming available. This will not only impact the entertainment industry but will also have implications for education training and simulation. 4. Expansion of IoT: The Internet of Things (IoT) will continue to expand with more devices and appliances being connected and sharing data. This will result in more efficient and personalized interactions with technology from smart homes to connected cars. 5. Continued growth of remote work: Advances in technology and the normalization of remote work during the pandemic will lead to continued growth in remote work. Tools for collaboration communication and productivity will continue to improve making it easier for teams to work together despite geographic distances. Overall technology in the next five years is expected to continue driving innovation and change in virtually every industry allowing for greater connectivity automation and efficiency.","In the next five years technology will continue to evolve at an unprecedented pace driven by advancements in artificial intelligence (AI) quantum computing biotechnology and the continued integration of the Internet of Things (IoT). Here's a prediction of how technology will change in the next five years: --- ### **1. Artificial Intelligence (AI) and Machine Learning** - **General AI**: While true artificial general intelligence (AGI) is still far off we may see more specialized AI systems that can handle complex tasks in areas like healthcare finance and autonomous vehicles. - **AI Integration**: AI will become more embedded in everyday life from personal assistants (like Siri or Alexa) to AI-driven customer service and decision-making systems. - **Ethical AI**: There will be increased focus on ethical AI development transparency and regulation to prevent misuse. --- ### **2. Quantum Computing** - **Quantum Breakthroughs**: Quantum computing will move from theoretical to practical applications especially in fields like cryptography drug discovery and complex simulations. - **Industry Applications**: Industries like finance logistics and energy will begin to leverage quantum computing for optimization and problem-solving. --- ### **3. Internet of Things (IoT) and","","24","256","280","20.140","49.652","8.148","122.725","8.98200","245.89649","254.87850","2026-07-07T20:37:57.059409","2026-07-07T20:37:58.251064","2026-07-07T20:38:29.668653","2026-07-07T20:38:29.669147"
"96","1","96","Find the minimum value of 132 - 5*3","","The minimum value of `132 - 5 * 3` can be found by following the order of operations. First you would solve the multiplication inside the expression which is: 5 * 3 = 15. Then you can substitute this value into the expression making it `132 - 15`. Now we will perform the subtraction: 132 - 15 = 117 So the minimum value of `132 - 5 * 3` is 117.","Let's evaluate the expression step by step: **Expression:** $$ 132 - 5 \times 3 $$ **Step 1:** Perform the multiplication first (according to the order of operations: **PEMDAS/BODMAS**): $$ 5 \times 3 = 15 $$ **Step 2:** Subtract the result from 132: $$ 132 - 15 = 117 $$ **Final Answer:** $$ \boxed{117} $$","","26","120","146","20.039","49.903","8.265","120.999","9.80993","114.24305","124.05297","2026-07-07T20:38:29.671742","2026-07-07T20:38:30.969227","2026-07-07T20:38:45.489059","2026-07-07T20:38:45.489425"
"97","1","97","Provide a step-by-step explanation of how a physical computer is powered up.","","1. **Connect the power cable:** Start by confirming that the computer is correctly plugged into an electrical outlet surge protector or power strip (which should be turned on). Typically a computer uses a 3-pronged power cord with one end connecting to the power supply unit (PSU) at the back of the computer case and the other end is plugged into a wall socket. 2. **Turn on the power supply:** With the power cable connected locate the power supply unit (PSU) switch usually located at the back of the computer case near the power cord - this switches the PSU on or off - and move it to the 1 or ON position. 3. **Press the power button:** Find the power button on the front of the computer case and press it. This will send a signal to the power supply to start sending power throughout the system. 4. **The Boot Process:** Once the power button is pressed the power supply sends an electrical current to the motherboard and other components. The motherboard's BIOS (Basic Input/Output System) is activated and conducts a Power-On-Self-Test (POST) to ensure all hardware is functioning correctly. If the POST is successful it will then start the boot loader program which is responsible for loading the operating system. 5. **Loading the Operating System:** Once the boot loader is activated it will load the operating system (e.g. Windows macOS) from the hard drive or SSD into the computer's memory (RAM). The operating system then initializes the system and loads drivers and services responsible for controlling the computer's hardware and software. 6. **Ready to Use:** After the operating system has loaded the computer will display the login screen and the user can log in to the system. At this point the computer is powered up and the user can begin using it to perform tasks run applications and access the internet. Note: These steps assume that the computer is functioning correctly and has no issues with its hardware or software. If problems are encountered during the power-up process a user may need to troubleshoot the issue or seek the assistance of a professional technician.","Sure! Here's a step-by-step explanation of how a physical computer is powered up: --- ### **1. Physical Power Supply Connection** - The computer is connected to a power outlet using a **power cable**. - The power cable is plugged into a **wall outlet** and the **back of the computer** (usually the power supply unit or PSU). --- ### **2. Power is Applied** - The user plugs in the power cable and turns on the **power switch** on the computer case or tower. - This action sends electricity to the **power supply unit (PSU)** inside the computer. --- ### **3. Power Supply Unit (PSU) Initializes** - The **PSU** begins to power up. - It checks for proper input voltage (usually 230V AC) and starts converting the AC power to **DC power** (typically 24V 12V 5V 3.3V etc.). - The PSU also sends a **Power On Signal (PWR_ON#)** to the **motherboard**. --- ### **4. Motherboard Receives Power** - The **motherboard** receives power from the PSU. - It starts up","","27","256","283","20.363","49.108","8.138","122.884","10.42229","246.14514","256.56743","2026-07-07T20:38:45.491819","2026-07-07T20:38:46.817724","2026-07-07T20:39:18.276075","2026-07-07T20:39:18.276598"
"98","1","98","Come up with some creative ways to recycle cardboard.","","1. Create fun and functional storage containers: Cut and shape cardboard boxes into custom organizers for your drawers cabinets and desk. 2. Design a DIY pet toy or scratching post: Cats and rabbits both love to play and scratch on cardboard. Create a fun and sustainable toy for your furry friend by gluing together pieces of cardboard for them to chew or scratch on. 3. Make picture frames: Cut out and decorate cardboard frames for your favorite photos or artwork. You can even use different colors and patterns to create a gallery wall. 4. Build a fort: Let your imagination run wild and build a fort or playhouse for your kiddos using various sizes and shapes of cardboard boxes. 5. Craft homemade cards or stationery: Cut and fold your cardboard into unique cards or note paper and decorate with markers paint or collages. 6. Compost it: Cardboard can be an effective brown material in compost piles. Simply shred or tear up the cardboard and add it to the mix. 7. Use as mulch: In a similar vein cardboard can be used as a weed barrier and mulch in garden beds. Lay down a layer of cardboard over weedy areas and then cover with dirt mulch or compost. 8. DIY plant pots: Use cardboard to create biodegradable pots for starting seedlings. Once the seedlings are ready to be transplanted simply place the entire pot into the ground.","Certainly! Here are some creative and fun ways to recycle cardboard turning it into something useful artistic or even a DIY project: ### 1. **Cardboard Art Installations** - Create large-scale art pieces using cardboard boxes. You can paint glue and assemble them into sculptures murals or even interactive installations. ### 2. **Cardboard Playhouses or Forts** - Turn old cardboard boxes into playhouses forts or mini castles for kids. Add wheels windows and doors to make them more fun. ### 3. **Cardboard Bookshelves or Storage** - Build a simple bookshelf or storage unit using cardboard boxes. Paint them and use them for organizing small items. ### 4. **Cardboard Mural or Wall Art** - Use cardboard boxes to create a large wall mural. Paint them and assemble them into a colorful eye-catching piece of art. ### 5. **Cardboard Robots or Drones** - Assemble cardboard robots or drones for a fun STEM project. Use them for simple movements or as a creative engineering challenge. ### 6. **Cardboard Puppets or Costumes** - Cut and shape cardboard into puppets","","22","256","278","20.654","48.418","8.151","122.691","7.79724","246.30254","254.09978","2026-07-07T20:39:18.279486","2026-07-07T20:39:19.344680","2026-07-07T20:39:50.753476","2026-07-07T20:39:50.753900"
"99","1","99","Construct a regular expression that matches all 5-digit numbers that start with 4.","","The regular expression that matches all 5-digit numbers that start with 4 would be `4\d{4}`. The `4` at the start of the expression indicates that the number must start with 4. The `\d` represents any digit and the `{4}` indicates that there should be four digits following the leading 4. The entire expression therefore means that the number should start with 4 and be followed by four digits resulting in a 5-digit number that starts with 4.","To construct a regular expression that matches **all 5-digit numbers that start with 4** you can use the following pattern: ``` ^4\d{4}$ ``` ### Explanation: - `^` asserts the start of the string. - `4` matches the first digit which must be `4`. - `\d{4}` matches the next four digits (any digit represented by `\d`). - `$` asserts the end of the string. ### Examples of matches: - `41234` - `40000` - `49999` ### Examples of non-matches: - `31234` (starts with 3) - `4a123` (contains letters) - `45` (too short) This regular expression ensures that the number is exactly 5 digits long and starts with `4`.","","29","191","220","20.255","49.371","8.179","122.257","11.20461","182.70487","193.90948","2026-07-07T20:39:50.756545","2026-07-07T20:39:52.188295","2026-07-07T20:40:15.539419","2026-07-07T20:40:15.539776"
